MaxAbsEStateIndex,MinAbsEStateIndex,MinEStateIndex,qed,SPS,MolWt,FpDensityMorgan1,AvgIpc,BalabanJ,Ipc,Kappa2,PEOE_VSA1,PEOE_VSA10,PEOE_VSA11,PEOE_VSA12,PEOE_VSA13,PEOE_VSA14,PEOE_VSA2,PEOE_VSA3,PEOE_VSA4,PEOE_VSA5,PEOE_VSA6,PEOE_VSA7,PEOE_VSA8,PEOE_VSA9,SMR_VSA1,SMR_VSA10,SMR_VSA2,SMR_VSA3,SMR_VSA4,SMR_VSA5,SMR_VSA6,SMR_VSA7,SMR_VSA9,SlogP_VSA1,SlogP_VSA10,SlogP_VSA11,SlogP_VSA12,SlogP_VSA2,SlogP_VSA3,SlogP_VSA4,SlogP_VSA5,SlogP_VSA7,SlogP_VSA8,TPSA,EState_VSA1,EState_VSA10,EState_VSA11,EState_VSA2,EState_VSA3,EState_VSA4,EState_VSA5,EState_VSA6,EState_VSA7,EState_VSA8,EState_VSA9,VSA_EState1,VSA_EState10,VSA_EState2,VSA_EState3,VSA_EState4,VSA_EState5,VSA_EState7,VSA_EState8,VSA_EState9,FractionCSP3,NHOHCount,NumAliphaticCarbocycles,NumAliphaticHeterocycles,NumAliphaticRings,NumAmideBonds,NumAromaticHeterocycles,NumAtomStereoCenters,NumBridgeheadAtoms,NumHAcceptors,NumHeteroatoms,NumHeterocycles,NumRotatableBonds,NumSaturatedCarbocycles,NumSaturatedHeterocycles,NumSaturatedRings,NumSpiroAtoms,NumUnspecifiedAtomStereoCenters,RingCount,MolLogP,fr_Al_COO,fr_Al_OH,fr_Al_OH_noTert,fr_ArN,fr_Ar_COO,fr_Ar_N,fr_Ar_NH,fr_Ar_OH,fr_COO,fr_C_S,fr_HOCCN,fr_Imine,fr_NH0,fr_NH1,fr_NH2,fr_N_O,fr_Ndealkylation1,fr_Ndealkylation2,fr_SH,fr_aldehyde,fr_alkyl_carbamate,fr_alkyl_halide,fr_allylic_oxid,fr_amidine,fr_aniline,fr_aryl_methyl,fr_azide,fr_azo,fr_bicyclic,fr_ester,fr_ether,fr_furan,fr_guanido,fr_hdrzine,fr_hdrzone,fr_imidazole,fr_imide,fr_isocyan,fr_ketone,fr_ketone_Topliss,fr_lactone,fr_methoxy,fr_morpholine,fr_nitro,fr_nitro_arom_nonortho,fr_oxazole,fr_oxime,fr_para_hydroxylation,fr_phos_acid,fr_piperdine,fr_piperzine,fr_priamide,fr_pyridine,fr_quatN,fr_sulfide,fr_sulfonamd,fr_sulfone,fr_term_acetylene,fr_tetrazole,fr_thiazole,fr_thiophene,fr_unbrch_alkane,fr_urea,graph_diameter,avg_shortest_path,num_cycles,num_chains,clustering_coefficients,wiener_index,max_degree,avg_degree_centrality,avg_betweenness_centrality,betweenness_mean,betweenness_std,avg_load_centrality,closeness_mean,eigenvector_mean,avg_eigen_centrality,katz_centrality_std,ring_1,ring_2,ring_3,ring_4,ring_5,num_aromatic_rings,num_non_aromatic_rings,heteroatom_ratio,average_carbon,average_oxygen,average_nitrogen,average_sulphur,num_single_bonds,num_double_bonds,FP_0,FP_1,FP_2,FP_3,FP_4,FP_5,FP_6,FP_7,FP_8,FP_9,FP_10,FP_11,FP_12,FP_13,FP_14,FP_15,FP_16,FP_17,FP_18,FP_19,FP_20,FP_21,FP_22,FP_23,FP_24,FP_25,FP_26,FP_27,FP_28,FP_29,FP_30,FP_31,FP_32,FP_33,FP_34,FP_35,FP_36,FP_37,FP_38,FP_39,FP_40,FP_41,FP_42,FP_43,FP_44,FP_45,FP_46,FP_47,FP_48,FP_49,FP_50,FP_51,FP_52,FP_53,FP_54,FP_55,FP_56,FP_57,FP_58,FP_59,FP_60,FP_61,FP_62,FP_63,FP_64,FP_65,FP_66,FP_67,FP_68,FP_69,FP_70,FP_71,FP_72,FP_73,FP_74,FP_75,FP_76,FP_77,FP_78,FP_79,FP_80,FP_81,FP_82,FP_83,FP_84,FP_85,FP_86,FP_87,FP_88,FP_89,FP_90,FP_91,FP_92,FP_93,FP_94,FP_95,FP_96,FP_97,FP_98,FP_99,FP_100,FP_101,FP_102,FP_103,FP_104,FP_105,FP_106,FP_107,FP_108,FP_109,FP_110,FP_111,FP_112,FP_113,FP_114,FP_115,FP_116,FP_117,FP_118,FP_119,FP_120,FP_121,FP_122,FP_123,FP_124,FP_125,FP_126,FP_127,FP_128,FP_129,FP_130,FP_131,FP_132,FP_133,FP_134,FP_135,FP_136,FP_137,FP_138,FP_139,FP_140,FP_141,FP_142,FP_143,FP_144,FP_145,FP_146,FP_147,FP_148,FP_149,FP_150,FP_151,FP_152,FP_153,FP_154,FP_155,FP_156,FP_157,FP_158,FP_159,FP_160,FP_161,FP_162,FP_163,FP_164,FP_165,FP_166,FP_167,FP_168,FP_169,FP_170,FP_171,FP_172,FP_173,FP_174,FP_175,FP_176,FP_177,FP_178,FP_179,FP_180,FP_181,FP_182,FP_183,FP_184,FP_185,FP_186,FP_187,FP_188,FP_189,FP_190,FP_191,FP_192,FP_193,FP_194,FP_195,FP_196,FP_197,FP_198,FP_199,FP_200,FP_201,FP_202,FP_203,FP_204,FP_205,FP_206,FP_207,FP_208,FP_209,FP_210,FP_211,FP_212,FP_213,FP_214,FP_215,FP_216,FP_217,FP_218,FP_219,FP_220,FP_221,FP_222,FP_223,FP_224,FP_225,FP_226,FP_227,FP_228,FP_229,FP_230,FP_231,FP_232,FP_233,FP_234,FP_235,FP_236,FP_237,FP_238,FP_239,FP_240,FP_241,FP_242,FP_243,FP_244,FP_245,FP_246,FP_247,FP_248,FP_249,FP_250,FP_251,FP_252,FP_253,FP_254,FP_255,FP_256,FP_257,FP_258,FP_259,FP_260,FP_261,FP_262,FP_263,FP_264,FP_265,FP_266,FP_267,FP_268,FP_269,FP_270,FP_271,FP_272,FP_273,FP_274,FP_275,FP_276,FP_277,FP_278,FP_279,FP_280,FP_281,FP_282,FP_283,FP_284,FP_285,FP_286,FP_287,FP_288,FP_289,FP_290,FP_291,FP_292,FP_293,FP_294
5.624427437641724,0.26611111111111074,0.26611111111111074,0.6542162175383444,13.0,135.20999999999998,1.3,1.8810140578490522,2.5872871851548136,195.6254620163014,3.3737941826863076,5.733667477162185,0.0,0.0,0.0,0.0,0.0,0.0,0.0,0.0,0.0,30.33183534230805,18.90801031431363,6.041840829147961,0.0,0.0,0.0,0.0,0.0,5.733667477162185,19.386399651764595,0.0,35.89528683400505,0.0,5.733667477162185,0.0,0.0,0.0,6.041840829147961,6.4208216229260096,0.0,12.487188691387619,0.0,0.0,26.02,0.0,0.0,0.0,6.041840829147961,0.0,6.4208216229260096,5.563451491696996,0.0,25.122838405075452,12.13273413692322,5.733667477162185,0.0,0.0,0.0,0.0,6.941557067271353,0.0,0.9730555555555556,2.0208333333333335,0.0,0.3333333333333333,2,0,0,0,0,0,1,0,1,1,0,2,0,0,0,0,1,1,1.5763,0,0,0,0,0,0,0,0,0,0,0,0,0,0,1,0,0,0,0,0,0,0,0,0,0,0,0,0,0,0,0,0,0,0,0,0,0,0,0,0,0,0,0,0,0,0,0,0,0,0,0,0,0,0,0,0,0,0,0,0,0,0,0,6,2.8,1,1,0.0,126.0,3,0.22222222222222224,0.225,0.225,0.20429417786885437,0.225,0.36979895104895105,0.2984513147945601,0.2984513147945601,0.018576145179427433,0,0,0,0,0,1,0,0.1,0.9,0.0,0.1,0.0,0.4,0.0,0,1,0,0,0,1,0,0,0,0,0,0,0,0,0,1,0,0,1,1,0,0,0,0,0,0,0,1,0,0,0,0,0,1,0,0,0,0,0,0,0,0,1,0,0,0,0,1,0,0,0,0,0,0,0,1,0,0,0,0,0,0,0,0,1,0,0,0,0,0,0,0,0,0,0,0,0,0,0,1,1,1,0,0,0,0,1,0,0,1,1,0,0,0,0,0,0,0,0,0,1,0,0,0,0,0,1,0,0,0,0,0,0,0,0,0,0,0,0,0,0,0,0,0,0,0,0,0,0,0,0,0,0,0,0,0,0,0,0,0,0,0,0,0,0,0,0,0,0,0,0,0,0,0,0,0,0,0,0,0,0,0,0,0,0,0,0,0,0,0,0,0,0,0,0,0,0,0,0,0,0,0,0,0,0,0,0,0,0,0,0,0,0,0,0,0,0,0,0,0,0,0,0,0,0,0,0,0,0,0,0,0,1,0,0,0,0,0,0,0,0,0,0,0,0,0,0,0,0,0,0,0,1,0,0,0,0,0,0,1,0,0,0,1,0,0,0,0,0,0,0,0,0,0,0,0,0,0,0,0,0,0,0,0,0,0,0,0,0,0,0,0,0,0,0,0,0,0,0,1,0,0,0,1,1,0,1,0,1,1,1,1,0,1,0
10.445114971741956,0.21465505589288036,-0.743499798194964,0.7110607782360152,10.421052631578947,304.217,1.105263157894737,2.38863171723266,2.5541826860485153,16338.240945871396,9.050250670878938,10.006437125691184,0.0,0.0,0.0,0.0,5.969305287951849,4.794537184071822,0.0,0.0,23.20187978046503,12.13273413692322,30.537828874472233,36.9577275993754,0.0,9.901064578912528,34.858571343100444,0.0,0.0,0.0,19.26246486877803,29.749429432616306,29.828919765543436,0.0,4.899909730850478,5.687386274683562,0.0,23.20187978046503,35.92535238455839,11.21535880699783,0.0,18.405094737549014,0.0,0.0,40.54,5.969305287951849,4.794537184071822,0.0,6.4208216229260096,18.180828512866686,30.761172201131718,0.0,0.0,24.26546827384644,4.899909730850478,28.30840717530574,0.0,11.54197397540101,12.585024557489836,8.594839721052537,2.2546125178466454,0.3899364869404556,1.6723402060846442,1.5409453117028875,0.0,0.5,1,0,0,0,0,0,0,0,2,5,0,9,0,0,0,0,0,1,3.377900000000002,1,0,0,0,0,0,0,0,1,0,0,0,1,0,0,0,0,0,0,0,0,2,0,0,1,1,0,0,0,0,0,0,0,0,0,0,0,0,0,0,0,0,0,0,0,0,0,0,0,0,0,0,0,0,0,0,0,0,0,0,0,0,0,12,4.947368421052632,1,1,0.0,846.0,3,0.11111111111111112,0.23219814241486064,0.23219814241486064,0.1682041018889581,0.23219814241486064,0.2128081312410329,0.19001205577897026,0.19001205577897026,0.014883917523142323,0,0,0,0,0,1,0,0.2631578947368421,0.7368421052631579,0.10526315789473684,0.05263157894736842,0.0,0.631578947368421,0.05263157894736842,0,0,0,0,1,1,0,1,0,0,1,0,0,0,0,0,0,0,0,1,0,1,0,1,0,0,0,0,1,0,0,1,0,0,0,0,0,0,0,1,0,0,0,0,0,0,0,0,1,0,0,0,0,1,1,0,0,0,0,0,0,0,0,0,1,0,0,0,0,0,0,0,1,1,0,0,0,1,0,0,1,1,1,0,0,1,1,0,0,0,1,1,0,0,0,0,0,0,0,0,1,0,0,0,0,0,0,0,0,0,0,0,0,1,0,0,0,0,0,1,0,0,0,0,0,1,0,0,0,0,0,0,0,0,0,0,0,0,0,0,0,0,0,0,0,0,0,0,0,0,0,0,0,0,0,0,0,0,0,0,0,0,0,0,0,0,0,0,0,0,0,0,0,0,0,0,0,0,0,0,0,0,0,0,0,0,0,0,0,0,0,0,0,0,0,0,0,0,0,0,0,0,0,0,0,0,0,0,0,0,0,0,0,1,1,0,0,0,1,1,0,0,0,0,0,0,0,0,1,0,0,1,1,0,0,0,0,0,0,1,0,0,0,0,0,0,1,0,0,0,1,1,0,0,0,0,1,1,0,0,1,1,1,1,0,0,1,1,0,0,0,0,0,0,0,1,1,0,0,0,0,1,1,1,1,1,1,1,0,1,1,1,1,1,0
11.91935122197027,0.09117488662131468,-0.1236813327953088,0.7974414739790292,10.4,277.368,1.1,2.4330876819758123,2.4506861321735043,24681.241445962638,8.32258378132446,15.533486938863138,0.0,0.0,5.907179729351506,5.907179729351506,0.0,9.589074368143644,0.0,0.0,0.0,13.847474399381248,37.35498108567159,31.264087777896332,0.0,9.589074368143644,17.501745733386574,0.0,10.216698334856808,0.0,20.771211599071872,31.49581422765663,29.828919765543436,0.0,10.633577208012662,5.687386274683562,0.0,0.0,42.893294813203795,4.794537184071822,0.0,31.129200274840688,0.0,0.0,61.440000000000005,0.0,9.589074368143644,0.0,11.814359458703011,17.795594172293132,19.634269217737724,6.923737199690624,24.26546827384644,0.0,29.380961338244386,0.0,0.0,0.0,25.068526665821732,5.5572732094444754,1.28781489936297,-0.21485621941662347,0.0,9.109336367941895,0.0,0.4666666666666667,2,0,0,0,2,0,0,0,3,5,0,7,0,0,0,0,0,1,1.7165999999999995,0,0,0,0,0,0,0,0,0,0,0,0,1,2,0,0,1,0,0,0,0,0,0,0,1,0,0,0,0,0,0,0,0,0,0,0,0,0,0,0,0,0,0,0,0,0,0,0,0,0,0,0,0,0,0,0,0,0,0,0,0,0,0,13,5.268421052631579,1,1,0.0,1001.0,3,0.10526315789473681,0.2371345029239766,0.2371345029239766,0.18749485589651338,0.2371345029239766,0.19866946220906645,0.183326706660634,0.183326706660634,0.015417845820079986,0,0,0,0,0,1,0,0.25,0.75,0.1,0.15,0.0,0.6,0.1,1,1,0,0,0,0,0,0,1,1,1,0,0,0,0,0,0,0,1,0,0,0,0,0,1,0,0,1,0,0,0,1,0,1,0,0,1,0,1,1,0,0,0,0,0,0,0,0,0,0,0,0,0,1,0,0,0,0,0,0,0,1,0,1,0,0,0,0,0,1,0,0,0,0,1,1,0,0,0,0,1,1,0,0,0,0,1,0,0,0,0,0,0,0,0,0,0,0,0,0,1,0,1,0,0,1,0,0,1,0,0,0,0,1,0,0,0,1,0,0,0,1,0,1,0,1,0,0,0,0,0,0,0,0,0,0,0,0,0,0,0,0,0,0,0,0,0,0,0,0,0,0,0,0,0,0,0,0,0,0,0,0,0,0,0,0,0,0,0,0,0,0,0,0,0,0,0,0,0,0,0,0,0,0,0,0,0,0,0,0,0,0,0,0,0,0,0,0,0,0,0,0,0,0,0,0,0,1,0,0,1,0,0,1,1,0,0,0,0,1,1,0,0,0,0,0,0,0,1,0,0,0,1,0,0,0,1,0,1,1,0,0,1,0,1,1,1,0,0,0,1,0,0,0,0,0,0,1,0,1,0,1,0,1,1,0,1,0,0,1,1,0,0,0,0,1,1,1,0,1,0,1,1,1,1,0,1,1,1,1,1,1,1,1,0
11.805169779765288,0.1704389514389062,-0.8712580309901743,0.8292335988195222,12.307692307692308,367.4460000000001,1.0,2.507710659125271,3.095386878137171,217072.45007520172,8.863462841680537,29.696861368148088,11.49902366656781,0.0,0.0,0.0,12.18648014187683,0.0,9.589074368143644,0.0,0.0,0.0,38.46739722769209,46.34073665746629,6.103966387748303,24.169327670584444,12.18648014187683,0.0,15.116608065707286,0.0,32.41410323920352,34.735444336621335,23.762552697081826,11.49902366656781,14.790514511606428,9.589074368143644,11.49902366656781,0.0,67.36719658742317,0.0,0.0,32.43862947851717,0.0,0.0,91.34,18.290446529625132,14.69560176298435,0.0,23.58270532486373,5.563451491696996,0.0,15.866186530162565,40.32342206763198,20.771211599071872,5.316788604006331,9.473725907600098,10.490653580876796,0.0,26.15749107754519,13.650139676240865,0.29471127531846353,0.3566014739229033,-2.0206238977072317,6.243581295848611,6.2272347044623375,0.5555555555555556,2,0,0,0,2,0,1,0,6,8,0,5,0,0,0,0,1,1,2.2288999999999994,0,1,1,0,0,0,0,0,0,0,1,0,2,1,0,0,0,0,0,0,0,0,0,0,0,0,0,0,0,0,2,0,0,0,0,0,0,0,0,0,0,0,0,0,0,0,0,0,0,0,0,0,0,0,0,0,0,0,0,0,0,0,0,11,5.4338461538461535,1,1,0.0,1766.0,4,0.08,0.18474358974358976,0.18474358974358976,0.16427039694847478,0.18474358974358976,0.19277613554581738,0.16246042832647623,0.16246042832647623,0.016696873442177684,0,0,0,0,0,1,0,0.3076923076923077,0.6923076923076923,0.19230769230769232,0.11538461538461539,0.0,0.6923076923076923,0.07692307692307693,1,1,0,0,0,0,0,1,1,0,1,1,0,1,0,0,0,0,1,0,0,0,0,0,0,0,0,0,0,0,0,0,0,1,0,0,0,0,0,1,0,0,1,0,0,0,1,0,0,0,0,0,1,0,0,1,0,0,0,0,0,0,0,0,0,1,1,0,0,0,0,0,0,0,0,1,0,0,0,0,1,1,1,0,0,1,0,0,0,1,0,1,0,0,1,0,0,0,0,1,1,0,0,0,0,0,0,1,0,0,0,1,0,1,1,1,1,1,0,0,1,0,0,0,0,1,1,0,0,0,0,0,0,0,0,0,0,0,0,0,0,0,0,0,0,0,0,0,0,0,0,1,0,0,0,0,0,0,0,0,0,0,0,0,0,0,0,0,0,0,0,0,0,0,0,0,0,0,0,0,0,0,1,0,0,0,0,0,0,0,0,0,0,0,1,0,0,0,0,0,0,0,1,0,0,0,0,0,0,0,1,0,0,1,1,0,0,1,0,0,0,1,0,1,0,0,0,0,1,0,0,0,1,0,1,0,0,0,1,0,1,1,0,0,1,1,0,0,0,0,1,1,0,0,1,1,0,0,0,1,1,0,0,0,1,0,0,1,1,1,1,1,0,0,1,0,1,1,0,1,1,1,1,1,1,1,1,1,1,1,1,1,1,1,0
5.268946208112875,0.4939351851851852,0.4939351851851852,0.6530251998867979,12.428571428571429,187.286,1.3571428571428572,2.193890895812127,2.492478105443482,1518.1724999019918,5.46596949475999,0.0,0.0,0.0,0.0,0.0,0.0,4.899909730850478,0.0,0.0,6.423349895620259,36.252269661163695,25.95568229699082,6.041840829147961,6.544756405912575,0.0,0.0,0.0,4.899909730850478,0.0,19.386399651764595,13.592428388589765,35.89528683400505,12.343784214475903,0.0,0.0,0.0,0.0,24.534178948588206,6.4208216229260096,12.343784214475903,12.487188691387619,0.0,0.0,3.24,0.0,0.0,0.0,0.0,12.586597235060536,6.4208216229260096,5.563451491696996,0.0,6.06636706846161,49.057221505920374,6.423349895620259,0.0,0.0,2.1875,0.0,1.3646957671957674,2.6600763731418495,6.3235295414462085,2.9150200774754347,2.062962962962963,0.38461538461538464,0,0,0,0,0,0,1,0,1,1,0,4,0,0,0,0,0,1,2.1826,0,0,0,0,0,0,0,0,0,0,0,0,1,0,0,0,1,0,0,0,0,0,0,0,0,0,0,0,0,0,0,0,0,0,0,0,0,0,0,0,0,0,0,0,0,0,0,0,0,0,0,0,0,0,0,0,0,1,0,0,0,0,0,9,3.7032967032967035,1,1,0.0,337.0,3,0.15384615384615383,0.22527472527472522,0.22527472527472522,0.21755589927324717,0.22527472527472522,0.2809692728457055,0.24536470560306164,0.24536470560306164,0.017181551652558108,0,0,0,0,0,1,0,0.07142857142857142,0.9285714285714286,0.0,0.07142857142857142,0.0,0.5,0.0,0,1,0,0,0,1,0,0,0,0,0,1,0,0,0,0,0,0,0,1,0,0,0,0,0,0,0,1,0,0,0,0,0,1,1,0,0,1,1,0,0,0,1,0,0,0,1,1,0,0,0,0,0,0,1,0,0,0,0,0,0,0,0,0,1,0,0,0,0,0,0,1,0,0,0,0,0,1,1,1,1,1,0,0,0,0,1,0,0,1,1,0,0,0,0,0,0,0,0,0,1,0,0,0,0,0,0,0,0,0,0,0,0,1,0,0,0,0,0,0,0,0,0,0,0,0,0,0,0,0,0,0,0,0,0,0,0,0,0,0,0,0,0,0,0,1,0,0,0,0,0,0,0,0,0,0,0,0,0,0,0,0,0,0,0,0,0,0,0,0,0,0,0,0,0,0,0,0,0,0,0,0,0,0,0,0,0,0,0,0,0,0,0,0,0,0,0,0,0,0,0,0,0,0,0,0,0,0,0,0,0,0,0,1,1,0,0,0,0,0,0,1,0,0,0,0,0,0,1,0,0,0,0,0,0,0,0,0,0,1,0,0,0,1,1,0,0,0,0,0,1,0,0,0,0,0,0,1,0,0,0,0,0,0,0,0,0,0,0,0,0,0,0,0,0,0,1,1,0,0,0,1,0,1,1,0,1,0,1,1,1,1,0,1,0
11.371808862433863,0.0,-0.36244520030234306,0.6525653298590507,10.411764705882353,303.19999999999993,1.2352941176470589,2.1628349219173484,2.559998821600562e-06,2433.189287157017,6.023997420387258,26.61822353677681,11.436898107967467,0.0,0.0,0.0,6.093240070938415,4.483030857694624,4.794537184071822,0.0,0.0,6.06636706846161,12.13273413692322,20.16171103381599,21.143015948031568,26.512850989998153,11.780626345621977,0.0,9.382940588545102,0.0,0.0,35.23835991338595,24.26546827384644,5.749511833283905,26.201344663620958,10.481923458755384,5.749511833283905,0.0,46.23150971517484,0.0,0.0,0.0,0.0,0.0,29.540000000000003,0.0,4.794537184071822,0.0,23.074690923064697,10.23254269097853,5.687386274683562,4.899909730850478,20.16171103381599,18.19910120538483,21.143015948031568,4.736862953800049,5.8764630574452,0.0,12.77321664777022,0.0,1.0870890022675739,0.5733796296296299,-0.36244520030234306,0.0,9.50461545729403,0.4166666666666667,0,0,0,0,1,0,0,0,2,5,0,2,0,0,0,0,0,1,-1.052299999999998,0,0,0,0,0,0,0,0,0,0,0,0,2,0,0,0,0,0,0,0,0,0,0,0,0,0,0,0,0,0,1,0,0,0,0,0,0,0,0,0,0,0,0,0,0,0,0,0,0,0,0,0,0,1,0,0,0,0,0,0,0,0,0,0,0.0,1,1,0.0,inf,4,0.11764705882352941,0.16519607843137257,0.16519607843137257,0.18030555252737782,0.16519607843137257,0.0,0.20808571073391527,0.20808571073391527,0.023885875854782215,0,0,0,0,0,1,0,0.29411764705882354,0.7058823529411765,0.11764705882352941,0.11764705882352941,0.0,0.5625,0.0625,0,0,0,0,0,0,0,0,0,0,1,1,1,0,0,1,0,0,1,0,0,0,0,0,1,0,0,0,0,0,1,0,0,1,0,0,0,0,0,1,0,0,0,1,0,0,0,0,0,0,1,0,0,0,0,1,0,0,0,0,0,0,0,0,1,1,1,0,0,0,0,0,0,0,0,0,0,0,0,0,0,1,0,0,0,0,1,0,0,0,1,1,0,0,0,0,0,0,0,0,1,0,0,1,0,0,0,1,0,0,0,1,0,1,0,0,1,1,0,0,0,0,0,0,0,1,1,0,0,0,0,0,0,0,0,0,0,0,0,0,0,0,0,0,0,0,0,0,0,0,0,1,0,0,0,0,0,0,1,0,0,0,0,0,0,0,0,0,0,0,0,0,0,0,1,0,0,1,0,0,0,0,0,0,0,0,0,0,0,0,0,0,0,0,0,0,0,0,0,0,0,0,1,0,0,0,0,0,0,0,0,0,0,1,1,0,0,0,0,0,0,1,0,0,0,1,0,0,0,0,0,0,0,0,1,0,0,0,1,0,1,1,0,0,0,1,0,0,0,0,1,1,0,0,1,1,0,0,0,0,0,1,1,1,0,0,0,0,0,1,1,1,0,0,0,0,1,1,0,0,1,0,1,0,1,1,1,1,1,1,1,1,1,1,1
10.358425925925927,0.1759259259259256,-1.18537037037037,0.4087158551274257,9.454545454545455,153.137,1.4545454545454546,1.9361507976020194,3.232208870305491,267.18881006907867,2.4943628247787246,15.946722266843596,11.3129633249809,0.0,0.0,0.0,5.969305287951849,0.0,4.794537184071822,0.0,0.0,0.0,18.19910120538483,5.687386274683562,0.0,15.007591973753234,11.656691562635412,0.0,0.0,0.0,0.0,5.733667477162185,23.762552697081826,5.749511833283905,5.733667477162185,5.687386274683562,5.749511833283905,0.0,16.182360077633263,0.0,0.0,10.357988675768818,0.0,0.0,83.55,5.969305287951849,4.794537184071822,0.0,11.3129633249809,5.687386274683562,0.0,18.19910120538483,0.0,0.0,0.0,15.946722266843596,0.0,0.0,10.358425925925927,17.443518518518516,5.434537037037038,-1.4569444444444437,0.0,0.0,0.0,0.0,4,0,0,0,0,0,0,0,3,4,0,1,0,0,0,0,0,1,0.6726000000000001,0,0,0,1,1,0,0,1,1,0,0,0,0,0,1,0,0,0,0,0,0,0,0,0,1,0,0,0,0,0,0,0,0,0,0,0,0,0,0,0,0,0,0,0,0,0,0,0,0,0,0,0,0,0,0,0,0,0,0,0,0,0,0,5,2.690909090909091,1,1,0.0,148.0,3,0.2,0.18787878787878787,0.18787878787878787,0.18346059528254666,0.18787878787878787,0.3847250109686215,0.28082956522015284,0.28082956522015284,0.024758641758810797,0,0,0,0,0,1,0,0.36363636363636365,0.6363636363636364,0.2727272727272727,0.09090909090909091,0.0,0.36363636363636365,0.09090909090909091,0,0,0,0,0,1,0,1,0,0,1,1,0,0,0,0,1,0,0,1,0,0,0,1,0,0,0,0,0,0,0,0,0,0,0,0,0,0,0,1,0,0,0,0,0,0,0,0,0,1,0,0,0,0,0,0,0,0,0,1,0,1,0,0,0,0,1,1,0,0,0,1,1,0,0,0,0,0,0,0,0,1,0,0,0,0,1,0,0,0,0,0,0,0,0,0,0,0,0,0,1,0,0,0,0,0,0,1,0,0,0,0,0,0,0,0,0,0,0,0,1,0,0,0,0,1,0,0,0,0,0,0,0,0,0,0,0,0,0,0,0,0,0,0,0,0,0,0,0,0,0,0,0,0,0,0,0,0,0,0,0,0,0,0,0,0,0,0,0,0,0,0,0,0,0,0,0,0,0,0,0,1,0,0,0,0,0,0,0,0,0,0,0,0,0,0,0,0,0,0,0,0,0,0,0,0,0,0,0,0,0,0,1,0,0,0,0,1,0,0,0,0,0,0,0,0,0,0,0,0,0,0,0,0,0,0,0,0,0,0,0,1,0,0,0,0,0,0,0,0,0,1,0,0,0,1,0,0,0,1,0,1,0,1,0,0,0,1,0,0,0,1,1,0,1,0,0,0,1,1,1,0,1,0,1,1,1,1,0,1,1,1,1,1,0
9.602453703703704,0.18800784202569942,-0.5490277777777781,0.6500790582218501,12.76923076923077,181.23499999999999,1.4615384615384615,2.139624150756449,2.5971508214906804,896.5025191669522,4.842714830764377,15.529843393687743,5.749511833283905,0.0,0.0,0.0,0.0,0.0,0.0,0.0,0.0,19.056471336613843,24.24094203453279,6.544756405912575,6.103966387748303,10.213054789681411,0.0,0.0,5.316788604006331,0.0,13.027703587438927,13.08951281182515,29.828919765543436,5.749511833283905,5.316788604006331,0.0,5.749511833283905,0.0,23.30256760150656,0.0,0.0,18.591155079135923,0.0,0.0,52.489999999999995,6.103966387748303,5.106527394840706,0.0,5.749511833283905,6.544756405912575,12.10820789760957,0.0,24.26546827384644,6.923737199690624,5.316788604006331,5.106527394840706,0.0,0.0,0.0,21.792630779163517,0.736990740740741,0.18800784202569942,-0.5490277777777781,3.324419249181154,0.0,0.4,3,0,0,0,0,0,1,0,3,3,0,4,0,0,0,0,1,1,1.0351,0,1,1,0,0,0,0,1,0,0,0,0,0,1,0,0,1,0,0,0,0,0,0,0,0,0,0,0,0,0,0,0,0,0,0,0,0,0,0,0,0,0,0,0,0,0,0,0,0,0,0,0,0,0,0,0,0,0,0,0,0,0,0,8,3.4358974358974357,1,1,0.0,268.0,3,0.16666666666666666,0.22144522144522144,0.22144522144522144,0.19880252354685346,0.22144522144522144,0.30395455947197647,0.247353948235942,0.247353948235942,0.018588256069806647,0,0,0,0,0,1,0,0.23076923076923078,0.7692307692307693,0.15384615384615385,0.07692307692307693,0.0,0.5384615384615384,0.0,1,1,0,0,0,0,0,0,0,0,0,0,0,0,0,1,0,0,0,0,0,0,0,0,0,0,1,1,0,0,0,0,0,1,0,0,0,1,1,1,0,0,0,0,0,1,0,0,0,0,0,0,0,0,0,0,0,0,0,0,0,0,1,0,1,1,1,0,0,0,0,1,0,0,0,0,0,0,0,0,1,1,1,0,0,1,1,0,0,0,0,0,0,0,1,0,0,0,0,1,1,0,0,0,0,1,0,1,1,0,0,0,0,0,0,0,0,0,0,0,1,0,0,0,0,1,0,0,0,0,0,0,0,0,0,0,0,0,0,0,0,0,0,0,0,0,0,0,0,0,0,0,0,0,0,0,0,0,0,0,0,0,0,0,0,0,0,0,0,0,0,0,0,0,0,0,0,0,0,0,0,0,1,0,0,0,0,0,0,0,0,0,0,0,0,0,0,0,0,0,0,0,0,0,0,0,0,0,0,0,1,0,0,0,1,0,0,0,0,1,0,0,0,1,0,0,0,0,1,0,0,0,1,0,0,0,0,0,0,0,0,1,1,0,1,0,0,0,0,0,0,0,0,0,0,1,0,0,0,1,1,0,0,0,0,0,1,1,0,0,0,1,0,0,0,0,0,0,0,1,1,1,0,1,0,1,1,1,1,1,1,1,1,1,0
10.681432271982867,0.06559269232384302,-0.06559269232384302,0.770678866809672,9.384615384615385,179.219,1.3846153846153846,2.077783779457521,2.635972640607562,831.1135117830083,4.499571342364573,10.05365155780638,5.749511833283905,0.0,5.907179729351506,0.0,0.0,4.794537184071822,0.0,0.0,0.0,0.0,31.18920547353706,12.611123474374185,6.606881964512918,9.53140013787187,11.594566004035068,0.0,0.0,0.0,13.847474399381248,11.923670568519249,24.26546827384644,5.749511833283905,10.05365155780638,5.687386274683562,5.749511833283905,0.0,12.514061693864424,4.794537184071822,0.0,13.847474399381248,0.0,0.0,38.33,0.0,4.794537184071822,0.0,5.907179729351506,6.606881964512918,11.436898107967467,6.923737199690624,0.0,31.18920547353706,5.316788604006331,4.736862953800049,5.253109410430839,0.0,10.681432271982867,2.679609552154195,0.7879195011337872,0.7507054936172004,0.0,4.06713117808852,0.0,0.3,1,0,0,0,1,0,0,0,2,3,0,3,0,0,0,0,0,1,2.0437,0,0,0,0,0,0,0,0,0,0,0,0,0,1,0,0,0,0,0,0,0,0,0,0,1,0,0,0,0,0,1,0,0,0,0,0,0,0,0,0,0,0,0,0,0,0,0,0,0,0,0,0,0,0,0,0,0,0,0,0,0,0,0,9,3.58974358974359,1,1,0.0,280.0,3,0.16666666666666666,0.23543123543123545,0.23543123543123545,0.16003056771376398,0.23543123543123545,0.2923006994795959,0.25081324914612746,0.25081324914612746,0.018086217952189256,0,0,0,0,0,1,0,0.23076923076923078,0.7692307692307693,0.15384615384615385,0.07692307692307693,0.0,0.46153846153846156,0.07692307692307693,1,0,0,0,0,0,0,0,0,0,1,0,0,0,0,0,0,0,1,0,0,0,0,0,1,0,0,0,0,0,0,0,0,1,0,0,0,0,1,1,0,0,0,0,1,0,0,0,0,0,0,0,0,1,0,1,0,0,0,0,0,0,0,1,0,0,1,0,0,1,0,0,0,0,0,1,0,0,1,0,1,1,0,0,0,0,1,0,0,0,0,0,0,0,0,0,0,0,0,0,1,0,1,0,0,0,0,0,0,1,0,0,0,0,0,0,0,1,0,0,0,1,0,0,0,1,0,0,0,0,0,0,0,0,0,0,0,0,0,0,0,0,0,0,0,0,0,0,0,0,0,0,0,0,0,0,0,0,0,0,0,0,0,0,0,0,0,0,0,0,0,0,0,0,0,0,0,0,0,0,0,0,0,0,0,0,0,0,0,0,0,0,0,0,0,0,0,0,0,0,0,0,0,0,0,0,0,0,0,0,0,0,0,0,0,0,0,0,0,0,1,0,0,0,0,0,0,0,0,0,0,0,0,0,0,0,0,1,1,0,0,1,1,0,0,1,0,0,0,0,0,0,0,0,1,1,0,0,0,0,0,1,0,1,0,0,0,0,0,0,0,1,0,0,0,0,0,1,0,1,1,1,1,1,1,1,1,1,1,1,1,1,1,1,0
9.772509448223733,0.2994803476946335,-0.49612292139077874,0.6936807740895572,12.444444444444445,249.35399999999996,1.3888888888888888,2.3540436320544735,2.444136253269855,9693.951676800321,7.9012736027296295,15.160178952647087,18.460360185545127,0.0,0.0,0.0,0.0,0.0,0.0,0.0,6.578935683598497,38.122595711599956,18.050640183084614,12.586597235060536,0.0,9.843390348640755,0.0,0.0,5.316788604006331,0.0,32.41410323920352,13.151638370425493,42.483875555975814,5.749511833283905,10.05365155780638,0.0,5.749511833283905,0.0,30.403972982162465,6.4208216229260096,0.0,19.410925891078243,0.0,0.0,41.49,6.103966387748303,5.106527394840706,0.0,0.0,19.193479199573453,17.73378494790691,0.0,0.0,44.18896278006157,11.895724287604828,4.736862953800049,5.645993008314438,0.0,0.0,12.947621567145376,1.093998855715126,0.8203675359032504,2.1243662079029138,8.665780067562174,0.0,0.4666666666666667,2,0,0,0,0,0,1,0,3,3,0,8,0,0,0,0,1,1,2.1528,0,1,1,0,0,0,0,0,0,0,0,0,0,1,0,0,0,0,0,0,0,0,1,0,0,0,0,0,0,0,1,0,0,0,0,0,0,0,0,0,0,0,0,0,0,0,0,1,0,0,0,0,0,0,0,0,0,0,0,0,0,0,0,11,4.647058823529412,1,1,0.0,711.0,3,0.11764705882352937,0.2279411764705882,0.2279411764705882,0.20757503287108992,0.2279411764705882,0.2245244270331159,0.19292992253534888,0.19292992253534888,0.015294670049480137,0,0,0,0,0,1,0,0.16666666666666666,0.8333333333333334,0.1111111111111111,0.05555555555555555,0.0,0.6111111111111112,0.05555555555555555,1,1,1,0,1,0,0,0,0,0,0,0,0,0,1,0,0,0,1,0,0,0,0,0,0,0,0,1,0,0,0,0,0,1,0,0,0,0,1,1,0,1,0,1,1,0,1,1,0,0,1,0,0,0,1,1,0,0,0,0,0,1,0,0,1,0,0,0,0,1,0,0,0,1,0,0,0,0,0,0,1,1,0,0,0,0,1,0,0,0,0,0,0,0,1,0,0,1,0,1,1,0,0,0,1,0,1,0,0,1,1,1,0,0,0,0,0,0,1,0,0,0,0,0,0,0,0,0,0,0,0,0,0,0,0,0,0,0,0,0,0,0,0,0,0,0,0,0,0,0,0,0,0,0,0,0,0,0,0,0,0,0,1,0,0,0,0,0,0,0,0,0,0,0,0,0,0,0,0,0,0,0,1,0,0,0,0,0,0,0,0,0,0,0,0,0,0,0,0,0,1,0,1,0,0,0,0,0,0,0,1,0,0,0,0,0,0,0,1,0,0,0,0,1,0,1,0,1,1,0,0,0,1,0,0,0,0,1,0,0,0,1,0,0,1,0,0,0,0,0,0,0,0,0,1,1,1,0,0,1,1,0,0,0,0,0,1,1,0,0,0,1,1,0,0,0,0,1,1,1,1,1,0,1,1,1,1,1,1,1,1,1,1,1,0
10.524468537414966,0.11510204081632636,-0.11510204081632636,0.5950261967780849,9.181818181818182,151.165,1.3636363636363635,1.9291266251851134,2.7362980721056545,285.51074052739676,3.0531381005525,10.423315998847038,5.749511833283905,0.0,5.907179729351506,0.0,0.0,4.794537184071822,0.0,0.0,0.0,0.0,24.26546827384644,12.611123474374185,0.0,9.901064578912528,11.594566004035068,0.0,0.0,0.0,6.923737199690624,5.316788604006331,24.26546827384644,5.749511833283905,5.316788604006331,5.687386274683562,5.749511833283905,0.0,11.013707124192212,4.794537184071822,0.0,6.923737199690624,0.0,0.0,49.33,0.0,4.794537184071822,0.0,11.65669156263541,5.687386274683562,0.0,19.056471336613843,12.13273413692322,0.0,5.316788604006331,5.106527394840706,0.0,0.0,10.524468537414966,11.460032596371882,0.6900925925925929,0.07851095993953194,0.0,1.437358276643991,0.0,0.125,2,0,0,0,1,0,0,0,2,3,0,1,0,0,0,0,0,1,1.3505999999999998,0,0,0,0,0,0,0,1,0,0,0,0,0,1,0,0,0,0,0,0,0,0,0,0,1,0,0,0,0,0,0,0,0,0,0,0,0,0,0,0,0,0,0,0,0,0,0,0,0,0,0,0,0,0,0,0,0,0,0,0,0,0,0,7,3.018181818181818,1,1,0.0,166.0,3,0.20000000000000007,0.22424242424242424,0.22424242424242424,0.18225536664681272,0.22424242424242424,0.3443241509223914,0.2814697867906691,0.2814697867906691,0.020533873487601127,0,0,0,0,0,1,0,0.2727272727272727,0.7272727272727273,0.18181818181818182,0.09090909090909091,0.0,0.36363636363636365,0.09090909090909091,1,0,0,0,0,0,0,0,0,0,1,0,0,0,0,0,0,0,1,0,0,0,0,0,1,0,0,0,0,0,0,0,0,1,0,0,0,0,0,1,0,0,0,0,0,0,0,0,0,0,0,0,0,1,0,0,0,0,0,0,0,0,0,1,0,0,1,0,0,0,0,0,0,0,0,1,0,0,0,0,0,1,0,0,0,0,1,0,0,0,0,0,0,0,0,0,0,0,0,0,1,0,0,0,0,1,0,0,0,0,0,0,0,0,1,0,0,1,0,0,0,1,0,0,0,1,0,0,0,0,0,0,0,0,0,0,0,0,0,0,0,0,0,0,0,0,0,0,0,0,0,0,0,0,0,0,0,0,0,0,0,0,0,0,0,0,0,0,0,0,0,0,0,0,0,0,0,0,0,0,0,0,0,0,0,0,0,0,0,0,0,0,0,0,0,0,0,0,0,0,0,0,0,0,0,0,0,0,0,0,0,0,0,0,0,0,0,0,0,0,1,0,0,0,0,0,0,0,0,0,0,0,0,0,0,0,0,0,1,0,0,1,0,0,0,1,0,0,0,0,0,0,0,0,0,1,0,0,0,1,0,1,0,1,0,0,0,1,0,0,0,1,0,0,0,0,0,0,0,1,1,0,1,0,1,1,1,1,1,1,1,1,1,1,0
12.887909763164524,0.003801662887376711,-1.3594929505319107,0.13891171870331429,12.096774193548388,777.0880000000001,0.7741935483870968,2.722654134353953,3.662660443416784,3037175.139954522,13.356646201268797,41.48300278622252,6.103966387748303,0.0,0.0,17.721539188054518,0.0,14.383611552215466,0.0,0.0,0.0,0.0,74.69634908089479,3.5701822710653963,62.46586331655593,39.91624852641899,91.18153734394225,0.0,10.633577208012662,0.0,25.111385245734848,31.744316462058006,21.837449796590178,0.0,15.950365812018994,5.687386274683562,0.0,67.77261188120417,87.86935206635395,4.794537184071822,10.710546813196189,27.639714551228256,0.0,0.0,188.45,62.336715092150406,39.91624852641899,0.0,27.52483607127374,0.0,0.0,6.923737199690624,22.590870627068057,45.181741254136114,15.950365812018994,0.0,0.74592319643907,5.408687307886118,37.877571055657235,53.96750285928065,0.1158532123960685,-2.177345443856555,-1.3594929505319107,-0.828547378113575,0.0,0.47058823529411764,8,0,0,0,3,0,1,0,8,14,0,10,0,0,0,0,0,1,-1.0143000000000004,0,5,5,0,0,0,0,0,0,0,0,0,0,3,0,0,0,0,0,0,0,0,0,0,1,0,0,0,0,0,0,0,0,0,0,0,0,0,0,0,0,0,0,0,0,0,0,0,0,0,0,0,0,0,0,0,0,0,0,0,0,0,0,12,5.531182795698925,1,1,0.0,2572.0,3,0.06666666666666668,0.15624768261030772,0.15624768261030772,0.15718694930865942,0.15624768261030772,0.18983894514076358,0.13598881781365083,0.13598881781365083,0.0161550380861743,0,0,0,0,0,1,0,0.45161290322580644,0.5483870967741935,0.25806451612903225,0.0967741935483871,0.0,0.7096774193548387,0.0967741935483871,1,1,0,0,0,0,1,0,0,0,1,0,1,0,0,1,0,0,0,0,0,1,0,0,1,0,0,1,0,0,0,0,0,1,0,0,0,0,0,1,0,0,1,0,0,0,0,0,0,0,0,1,0,0,0,0,0,0,1,0,1,1,0,0,0,0,0,0,0,1,1,0,0,0,1,0,0,1,0,0,1,0,0,1,0,1,0,0,0,0,0,0,0,0,1,0,0,0,1,1,1,0,1,0,0,0,0,0,0,0,0,0,0,0,1,0,0,1,0,0,0,0,0,1,0,1,0,0,0,0,0,0,0,0,0,0,0,0,0,0,0,0,0,0,0,0,0,0,0,0,0,0,0,0,0,1,0,0,0,0,0,0,0,0,0,0,0,0,0,0,0,0,0,0,0,0,0,0,0,0,0,1,1,0,0,0,0,0,0,0,0,0,0,0,0,0,0,0,0,0,1,0,0,0,0,0,0,0,0,0,1,0,0,0,0,1,0,1,1,0,1,0,0,1,0,0,0,0,0,0,0,0,1,0,0,1,0,1,1,1,0,0,0,0,0,1,0,0,0,0,0,0,0,0,0,0,0,0,0,1,0,1,1,1,1,0,1,1,1,0,1,0,1,0,1,0,0,0,1,1,1,1,1,1,1,1,1,1,1,1,1,1,1,1,0
11.322121126228268,0.056970663265305976,-0.9181836314772818,0.7458520950484067,9.428571428571429,193.20200000000003,1.2142857142857142,2.1826534320885638,2.3993417942255073,1458.0124926351607,5.012486407084328,10.423315998847038,0.0,0.0,0.0,5.907179729351506,5.969305287951849,9.589074368143644,0.0,0.0,0.0,18.19910120538483,12.13273413692322,12.10820789760957,6.4208216229260096,14.69560176298435,11.876485017303356,0.0,5.316788604006331,0.0,6.4208216229260096,6.544756405912575,35.89528683400505,0.0,5.316788604006331,0.0,0.0,0.0,23.527768818056636,4.794537184071822,0.0,16.778810298694825,0.0,0.0,66.4,5.969305287951849,9.589074368143644,0.0,18.87275775819009,5.563451491696996,0.0,0.0,24.26546827384644,6.06636706846161,5.316788604006331,5.106527394840706,0.0,0.0,21.488125157470392,10.856144494834972,0.5397118291761154,-1.161841038884689,-0.056970663265305976,0.15581443688586538,0.0,0.2,2,0,0,0,1,0,0,0,2,4,0,4,0,0,0,0,0,1,0.8911,1,0,0,0,0,0,0,0,1,0,0,0,0,1,0,0,0,0,0,0,0,0,0,0,0,0,0,0,0,0,0,0,0,0,0,0,0,0,0,0,0,0,0,0,0,0,0,0,0,0,0,0,0,0,0,0,0,0,0,0,0,0,0,9,3.868131868131868,1,1,0.0,352.0,3,0.15384615384615383,0.239010989010989,0.239010989010989,0.21657654360655976,0.239010989010989,0.2690988717198123,0.2325135062182401,0.2325135062182401,0.016653015581107728,0,0,0,0,0,1,0,0.2857142857142857,0.7142857142857143,0.21428571428571427,0.07142857142857142,0.0,0.42857142857142855,0.14285714285714285,1,1,0,0,0,1,0,1,1,1,1,0,0,0,0,0,0,0,0,0,0,0,0,0,0,0,0,1,1,0,0,0,0,0,0,0,0,0,0,1,0,0,0,0,0,0,0,1,0,0,0,0,0,0,0,0,0,0,0,0,0,0,0,0,1,1,0,0,0,1,0,0,0,1,0,0,0,0,0,0,1,1,0,0,0,0,1,0,0,0,0,0,0,0,0,0,0,0,0,0,1,0,1,0,0,1,0,1,0,0,0,0,0,0,0,0,0,0,0,0,0,0,0,0,0,1,0,0,0,0,0,0,0,0,0,0,0,0,0,0,0,0,0,0,0,0,0,0,0,0,0,0,0,0,0,0,0,0,0,0,0,0,0,0,0,0,0,0,0,0,0,0,0,0,0,0,0,0,0,0,0,1,0,0,0,0,0,0,0,0,0,0,0,0,0,0,0,0,0,0,0,0,0,0,0,0,0,0,0,0,1,0,0,0,0,0,0,0,1,0,1,0,0,0,0,1,0,0,1,0,0,0,1,0,0,0,0,0,1,1,0,0,0,0,0,1,1,0,0,0,0,1,0,0,0,0,0,0,0,1,1,0,0,0,1,0,0,1,0,0,0,0,0,0,1,1,0,0,0,1,0,1,1,1,1,1,1,1,0,1,1,1,1,1,0
9.72949074074074,0.1779918850256148,-0.6815740740740746,0.5632719285067509,13.066666666666666,211.261,1.2,2.182165711599146,2.652574355517288,1870.1160148404683,4.9999590646139,20.63637078852845,0.0,11.49902366656781,0.0,0.0,0.0,0.0,0.0,0.0,0.0,19.913841467842857,17.696185628620217,12.586597235060536,6.103966387748303,15.319582184522117,0.0,0.0,5.316788604006331,0.0,25.993281616277514,6.544756405912575,23.762552697081826,11.49902366656781,5.316788604006331,0.0,11.49902366656781,0.0,27.90617941958265,0.0,0.0,25.514892278826544,0.0,0.0,72.72,6.103966387748303,10.213054789681411,0.0,11.49902366656781,18.150048726757532,0.0,12.13273413692322,6.06636706846161,13.847474399381248,5.316788604006331,5.106527394840706,0.0,0.0,0.0,31.154388804904677,0.5818981481481484,-0.3899391639371792,-0.6815740740740746,4.3927671747711425,0.0,0.45454545454545453,4,0,0,0,0,0,1,0,4,4,0,4,0,0,0,0,1,1,1.1291999999999998,0,1,1,0,0,0,0,2,0,0,0,0,0,1,0,0,0,0,0,0,0,0,0,0,0,0,0,0,0,0,0,0,0,0,0,0,0,0,0,0,0,0,0,0,0,0,0,0,0,0,0,0,0,0,0,0,0,0,0,0,0,0,0,9,3.8095238095238093,1,1,0.0,400.0,3,0.14285714285714282,0.21611721611721613,0.21611721611721613,0.19691157519175487,0.21611721611721613,0.2736338638295734,0.2255378718960762,0.2255378718960762,0.02007429504403289,0,0,0,0,0,1,0,0.26666666666666666,0.7333333333333333,0.2,0.06666666666666667,0.0,0.6,0.0,1,1,0,0,1,0,0,0,0,0,0,0,0,0,1,0,0,0,0,0,0,0,0,0,0,0,1,1,0,0,0,0,0,1,0,0,0,0,1,1,0,0,0,0,0,0,0,0,0,0,0,0,0,1,0,0,0,0,0,1,0,1,0,0,0,0,1,1,0,0,0,1,0,0,0,0,0,1,0,0,1,1,1,0,0,1,1,0,0,0,0,0,0,0,1,0,0,0,0,1,1,0,0,0,0,0,0,1,0,0,1,0,0,0,0,0,0,0,0,0,1,0,0,0,0,0,0,0,0,0,0,0,0,0,0,0,0,0,0,0,0,0,0,0,0,0,0,0,0,0,0,0,0,0,0,0,0,0,0,0,0,0,0,0,0,0,0,0,0,0,0,0,0,0,0,0,0,0,0,0,0,0,1,0,0,0,0,0,0,0,0,0,0,0,0,0,0,0,0,0,1,0,1,0,0,0,0,0,0,0,1,0,0,0,0,0,0,0,0,0,0,0,0,1,0,0,0,0,1,0,0,0,1,0,0,0,0,0,0,0,0,1,0,0,1,0,0,0,0,0,0,0,0,0,0,1,0,0,0,1,1,0,0,0,0,0,0,1,0,0,0,1,1,0,1,0,0,1,1,1,1,1,0,1,1,1,1,1,1,1,1,1,1,1,0
9.92962962962963,0.387685185185185,0.387685185185185,0.7326761559104263,11.23076923076923,178.27499999999995,0.9230769230769231,2.030421715967236,3.184631820665765,682.2216965649914,3.8194244691736134,5.106527394840706,5.749511833283905,0.0,0.0,0.0,0.0,0.0,0.0,0.0,0.0,45.89405000414732,22.96271507571678,0.0,0.0,5.106527394840706,0.0,0.0,0.0,0.0,39.53076089108528,0.0,29.32600418877882,5.749511833283905,0.0,0.0,5.749511833283905,0.0,5.106527394840706,0.0,0.0,50.65766387447927,0.0,0.0,20.23,0.0,5.106527394840706,0.0,0.0,17.58532392560669,11.126902983393991,0.0,0.0,18.19910120538483,27.694948798762496,0.0,0.0,0.0,0.0,9.92962962962963,2.094814814814815,1.254537037037037,0.0,8.385555555555555,0.0,0.5,1,0,0,0,0,0,0,0,1,1,0,2,0,0,0,0,0,1,3.6390000000000025,0,0,0,0,0,0,0,1,0,0,0,0,0,0,0,0,0,0,0,0,0,0,0,0,0,0,0,0,0,0,0,0,0,0,0,0,0,0,0,0,0,0,0,0,0,0,0,1,0,0,0,0,0,0,0,0,0,0,0,0,0,0,0,6,3.0,1,1,0.0,234.0,3,0.16666666666666666,0.1818181818181818,0.1818181818181818,0.1944885872052221,0.1818181818181818,0.34584924539675665,0.25270014057920637,0.25270014057920637,0.024088215493384576,0,0,0,0,0,1,0,0.07692307692307693,0.9230769230769231,0.07692307692307693,0.0,0.0,0.5384615384615384,0.0,0,1,0,0,0,0,0,0,0,0,0,0,0,0,0,1,0,0,0,0,0,0,0,0,0,0,0,1,0,0,0,0,0,1,0,0,0,0,0,1,0,0,0,0,0,0,0,0,0,0,0,0,0,0,0,0,0,0,0,0,1,0,0,0,1,0,1,1,0,1,0,0,0,0,1,0,0,0,0,0,0,1,0,0,0,0,1,0,0,0,0,0,0,0,0,0,0,0,0,0,1,0,0,0,0,0,0,0,0,1,0,0,0,0,0,0,0,0,0,0,0,1,0,0,0,0,0,0,0,0,0,0,0,0,0,0,0,0,0,0,0,0,0,0,0,0,0,0,0,0,0,0,0,0,0,0,0,0,0,0,0,0,0,0,0,0,0,0,0,0,0,0,0,0,0,0,0,0,0,0,0,0,0,0,0,0,0,0,0,0,0,0,0,0,0,0,0,0,0,0,0,0,1,0,0,0,0,0,0,0,0,0,0,0,0,0,0,0,0,0,0,0,0,0,0,0,0,0,0,0,0,0,0,0,0,0,0,0,0,0,0,1,0,0,0,0,0,0,0,0,0,0,0,0,0,1,0,0,0,0,0,0,0,0,0,0,0,1,0,1,0,1,1,0,0,0,0,1,1,0,1,0,0,0,0,1,0,0,1,0,1,1,1,1,0
11.02640851802919,0.31094838085729126,-3.2565820625515784,0.7241218527557277,13.61111111111111,272.37,1.2222222222222223,2.243626827462746,2.6455784946755836,6210.359058416881,6.1727827627007485,10.423315998847038,0.0,0.0,10.023291153407584,0.0,0.0,4.722094864452088,8.417796984328938,0.0,0.0,25.980208536304467,17.696185628620217,18.2739835097441,12.359735571259707,13.524324379169643,15.710677428091145,0.0,5.316788604006331,0.0,25.993281616277514,17.522620453876065,29.828919765543436,0.0,10.038883468458419,5.687386274683562,0.0,0.0,32.36669079774158,10.023291153407584,0.0,25.514892278826544,0.0,0.0,78.43,16.127257541155885,13.524324379169643,0.0,0.0,18.2739835097441,11.819220675208399,0.0,24.26546827384644,13.847474399381248,10.038883468458419,0.0,24.42527399415026,0.0,0.0,13.026777066536491,1.2430275783152773,0.0,0.5020040359271951,4.480367900189103,-3.2565820625515784,0.5,3,0,0,0,0,0,1,0,4,6,0,6,0,0,0,0,1,1,1.0895000000000001,0,1,1,0,0,0,0,0,0,0,0,0,0,2,0,0,0,0,0,0,0,0,0,0,1,0,0,0,0,0,0,0,0,0,0,0,0,0,0,0,0,0,0,0,0,0,0,0,0,0,0,0,0,0,0,1,0,0,0,0,0,0,0,11,4.61437908496732,1,1,0.0,706.0,4,0.11764705882352941,0.2258986928104575,0.2258986928104575,0.18350144259139767,0.2258986928104575,0.226928632887072,0.2076592701012438,0.2076592701012438,0.018885503907030546,0,0,0,0,0,1,0,0.3333333333333333,0.6666666666666666,0.16666666666666666,0.1111111111111111,0.05555555555555555,0.5555555555555556,0.1111111111111111,1,1,0,0,1,0,0,1,0,0,1,0,0,0,1,0,0,0,0,0,0,1,0,0,0,1,0,1,0,0,0,0,0,1,0,0,0,0,1,1,0,0,0,0,0,0,0,0,0,0,0,0,1,1,0,0,0,0,0,0,1,1,0,1,0,0,0,0,1,0,0,0,0,0,0,1,0,0,0,0,1,1,1,0,0,1,1,0,0,0,0,0,0,0,1,0,0,0,0,1,1,0,0,0,0,0,0,0,0,0,1,0,0,0,0,0,0,0,1,0,1,0,0,0,0,0,0,0,0,0,0,0,0,0,0,0,0,0,0,0,0,0,0,0,0,0,0,0,0,0,0,0,0,0,0,0,0,0,0,0,1,1,0,0,0,0,0,0,0,0,0,0,0,0,0,0,0,0,0,1,0,0,1,1,0,0,1,0,1,1,0,0,0,0,0,1,0,1,0,0,0,1,1,0,0,0,0,0,0,0,1,0,0,0,0,0,1,0,0,0,0,1,1,1,0,0,0,0,1,0,1,0,1,0,1,0,0,0,0,0,1,0,0,0,1,1,0,0,0,0,0,0,1,0,0,0,0,0,1,1,1,1,0,1,1,0,0,1,0,1,1,0,0,0,1,0,1,1,0,1,1,1,0,1,1,1,1,1,1,1,1,1,1,1,0
10.74038281053162,0.07953703703703718,-1.385503590325019,0.5430485662212737,14.533333333333333,211.21699999999998,1.4,2.104576932812799,2.905062365401662,1479.5175837673976,3.7808641975308643,21.0532496616843,5.538925252383345,11.49902366656781,0.0,0.0,5.969305287951849,4.794537184071822,0.0,0.0,0.0,6.06636706846161,24.619922828310838,6.4208216229260096,0.0,20.11411936859394,5.969305287951849,0.0,0.0,5.733667477162185,18.883484074999977,0.0,23.762552697081826,11.49902366656781,5.733667477162185,0.0,11.49902366656781,0.0,26.82781272485731,11.21535880699783,0.0,12.487188691387619,0.0,0.0,103.78000000000002,11.508230540335195,9.901064578912528,0.0,17.919845289493818,5.563451491696996,0.0,25.122838405075452,0.0,0.0,0.0,15.946722266843596,0.0,0.0,10.74038281053162,27.04052232930209,4.7039380196523055,-1.642080498866212,0.07953703703703718,1.3881330309901738,0.0,0.3,5,0,0,0,0,0,1,0,4,5,0,3,0,0,0,0,0,1,0.4423000000000001,1,0,0,0,0,0,0,2,1,0,0,0,0,0,1,0,0,0,0,0,0,0,0,0,0,0,0,0,0,0,0,0,0,0,0,0,0,0,0,0,0,0,0,0,0,0,0,0,0,0,0,0,0,0,0,0,0,0,0,0,0,0,0,8,3.5619047619047617,1,1,0.0,374.0,4,0.14285714285714285,0.1970695970695971,0.1970695970695971,0.20663886440366894,0.1970695970695971,0.29063439578980516,0.24013069725634664,0.24013069725634664,0.02336789355536015,0,0,0,0,0,1,0,0.3333333333333333,0.6666666666666666,0.26666666666666666,0.06666666666666667,0.0,0.5333333333333333,0.06666666666666667,0,0,0,0,0,1,0,0,1,0,1,0,0,0,0,0,0,0,0,1,0,0,1,0,0,0,1,0,0,0,0,0,0,1,0,1,0,0,0,1,0,0,0,0,0,0,0,0,0,0,0,0,0,0,1,0,0,1,0,1,0,0,0,0,0,1,1,1,0,0,0,1,0,0,0,0,0,1,0,0,1,1,0,0,0,0,1,0,0,0,1,0,0,0,0,0,0,0,1,0,1,0,0,0,0,0,0,1,0,0,0,0,0,0,1,0,0,0,0,0,1,0,0,0,0,1,0,0,0,0,0,0,0,0,0,0,0,0,0,0,0,0,0,0,0,0,0,0,0,0,0,0,0,0,0,0,0,0,0,0,0,0,0,0,0,0,0,0,0,0,0,0,0,0,0,0,0,0,0,0,0,0,1,0,0,0,0,0,0,0,0,0,0,0,1,0,0,0,0,0,1,0,0,0,0,0,0,0,0,0,0,0,1,0,0,0,0,0,1,1,0,0,0,1,0,0,0,0,0,0,0,0,1,0,0,0,0,0,0,1,1,1,0,1,0,0,0,0,0,0,0,1,0,0,0,1,0,0,0,1,0,0,0,0,0,0,0,1,1,0,0,1,1,0,1,0,0,0,1,1,1,0,1,1,1,1,1,1,1,1,1,1,1,1,0
11.214754756773923,0.5087555546272187,-3.2681231716944237,0.4725190328976435,13.115384615384615,384.58600000000007,1.0,2.5873498495750535,2.3224081975645565,365747.77473592956,12.308317670661763,10.006437125691184,0.0,0.0,10.023291153407584,0.0,0.0,4.722094864452088,8.417796984328938,0.0,0.0,51.6634950280085,56.59291971513598,5.687386274683562,12.359735571259707,13.524324379169643,15.710677428091145,0.0,4.899909730850478,0.0,64.89719214761162,30.612133265701218,29.828919765543436,0.0,4.722094864452088,5.687386274683562,0.0,0.0,44.31427251126925,10.023291153407584,0.0,70.46064363930861,0.0,0.0,69.64,16.127257541155885,13.524324379169643,0.0,0.0,12.10820789760957,37.87431151587214,32.10410811463005,24.26546827384644,0.0,23.469478994683815,0.0,24.858579449587815,0.0,2.456142846384549,10.34557688905742,1.3429131804988421,0.0,8.780938481458776,7.627321097701152,-3.2681231716944237,0.7,2,0,0,0,0,0,1,0,4,6,0,14,0,0,0,0,1,1,4.164000000000003,0,1,1,0,0,0,0,0,0,0,0,0,1,1,0,0,0,0,0,0,0,0,0,0,1,0,0,0,0,0,0,0,0,0,0,0,0,0,0,0,0,0,0,0,0,0,0,0,0,0,0,0,0,0,0,1,0,0,0,0,0,4,0,18,6.809230769230769,1,1,0.0,2213.0,4,0.08,0.24205128205128207,0.24205128205128207,0.18897966453951456,0.24205128205128207,0.15379705155962137,0.1481893483242821,0.1481893483242821,0.013530925128279973,0,0,0,0,0,1,0,0.23076923076923078,0.7692307692307693,0.11538461538461539,0.07692307692307693,0.038461538461538464,0.6923076923076923,0.07692307692307693,1,1,0,0,0,1,0,1,0,0,1,0,0,0,0,0,0,1,0,0,0,1,0,0,0,1,1,0,0,0,0,1,0,1,0,0,1,0,1,1,0,0,0,0,0,1,0,0,0,0,0,0,1,0,0,0,0,0,0,0,1,1,0,1,0,0,0,0,1,0,0,0,0,0,0,1,0,0,0,1,1,1,1,0,0,1,1,0,0,0,0,0,0,0,1,0,0,0,0,1,1,0,0,0,1,0,0,0,0,0,0,0,1,1,0,0,0,0,1,1,0,0,0,1,0,0,0,0,0,0,0,0,0,0,0,0,0,0,0,0,0,0,0,0,0,0,0,0,0,0,0,0,0,0,0,0,0,0,0,0,1,1,0,0,0,0,0,0,0,0,0,0,0,0,0,0,0,0,0,1,0,0,0,1,0,0,1,0,1,1,0,0,0,0,0,1,0,1,0,0,0,1,0,0,0,0,0,0,0,0,0,0,0,1,1,0,1,0,1,1,0,1,1,0,0,0,0,0,1,0,1,0,1,0,1,0,1,0,0,1,1,0,1,1,1,1,1,0,0,0,1,0,1,0,0,0,1,1,1,1,1,1,0,1,1,0,1,1,0,1,1,0,0,0,1,1,1,1,0,1,1,1,0,1,1,1,1,1,1,1,1,1,1,1,0
9.800238367540441,0.23714915597068775,-0.5126230275423098,0.5778484804828311,12.826086956521738,325.449,1.0434782608695652,2.510954702159203,2.197160040297925,97254.29752403026,11.404093667892145,24.633904860247185,18.460360185545124,0.0,0.0,0.0,0.0,0.0,0.0,0.0,0.0,25.980208536304467,31.543660028001465,12.586597235060536,25.924612281287054,19.31711625624085,0.0,0.0,5.316788604006331,0.0,52.55160436791998,26.36540229945133,29.828919765543436,5.749511833283905,10.05365155780638,0.0,5.749511833283905,0.0,49.721703298936596,16.080607872113017,0.0,33.25840029045949,0.0,0.0,59.95,6.103966387748303,5.106527394840706,0.0,12.71084835226122,32.40724312859929,11.3129633249809,0.0,0.0,51.960417072608934,5.316788604006331,14.210588861400147,16.535998505445466,0.0,0.0,12.974451687971623,1.086962827052564,0.7504518986071116,-0.27547387157162206,10.675832177156988,0.0,0.6666666666666666,2,0,0,0,0,0,1,0,5,5,0,12,0,0,0,0,1,1,2.3659,0,1,1,0,0,0,0,0,0,0,0,0,0,1,0,0,0,0,0,0,0,0,0,0,0,0,0,0,0,0,3,0,0,0,0,0,0,0,0,0,0,0,0,0,0,0,0,0,0,0,0,0,0,0,0,0,0,0,0,0,0,0,0,17,6.521739130434782,1,1,0.0,1650.0,3,0.09090909090909088,0.2629399585921326,0.2629399585921326,0.17095679555469573,0.2629399585921326,0.16127774320511812,0.16136154322547275,0.16136154322547275,0.012671050241767448,0,0,0,0,0,1,0,0.21739130434782608,0.782608695652174,0.17391304347826086,0.043478260869565216,0.0,0.7391304347826086,0.0,1,1,0,0,1,0,0,0,1,0,0,0,0,1,1,0,0,0,1,0,0,0,0,0,0,0,0,1,0,0,0,0,0,1,0,0,0,1,1,1,0,1,0,0,1,0,1,0,0,0,0,0,0,0,1,1,0,0,1,0,1,0,0,0,0,0,1,0,0,0,0,0,1,1,0,1,0,0,1,0,1,1,0,0,0,0,1,0,0,0,1,0,0,0,1,0,0,0,0,1,1,0,1,0,1,1,0,0,0,0,1,0,0,1,0,0,0,0,1,0,1,0,1,0,0,0,0,0,0,0,0,0,0,0,0,0,0,0,0,0,0,0,0,0,0,0,0,0,0,0,0,0,0,0,0,0,0,0,0,0,0,0,0,0,0,0,0,0,0,0,0,0,0,0,0,0,0,0,0,0,0,0,1,0,0,0,0,0,0,0,0,0,0,0,0,0,0,0,0,0,1,0,1,0,0,0,0,0,0,0,1,0,0,0,1,0,0,0,1,0,0,0,0,1,0,1,0,0,1,0,0,0,1,0,0,0,1,1,0,0,0,1,0,0,1,0,1,0,0,0,0,0,0,0,1,1,0,1,0,1,1,0,0,0,0,0,1,1,1,1,0,1,0,0,1,1,0,1,0,1,1,1,0,1,1,1,1,1,1,1,1,1,1,1,0
11.814636794532628,0.08216807865121378,-3.7754522156084644,0.8008194430489943,11.0,270.354,1.2222222222222223,2.288983030440514,2.6444911926355648,7718.450778645413,6.393460366483331,5.316788604006331,0.0,0.0,0.0,10.023291153407584,6.031114512338072,0.0,17.934429032852847,0.0,0.0,31.040744451236847,25.477292959539852,6.544756405912575,4.895483475517775,13.212334168400758,16.054405665745655,0.0,10.038883468458419,0.0,31.584601120751042,6.544756405912575,29.828919765543436,0.0,10.038883468458419,4.794537184071822,0.0,0.0,20.993667902579585,10.023291153407584,6.923737199690624,25.328831937239638,0.0,0.0,75.27000000000001,16.054405665745655,13.212334168400758,0.0,4.895483475517775,6.544756405912575,18.405094737549014,12.13273413692322,12.13273413692322,18.569569263833337,5.316788604006331,0.0,25.602366937515747,0.0,11.454532811581423,2.4916157249937014,0.9595808569703774,0.0,1.7529676981367999,4.315144201779528,-3.7754522156084644,0.4166666666666667,2,0,0,0,2,0,0,0,3,6,0,5,0,0,0,0,0,1,1.78302,0,0,0,0,0,0,0,0,0,0,0,0,0,2,0,0,0,0,0,0,0,0,0,0,0,1,0,0,0,0,0,0,0,0,0,0,0,0,0,0,0,0,0,0,0,0,0,0,0,0,0,0,0,0,0,1,0,0,0,0,0,1,1,12,4.477124183006536,1,1,0.0,685.0,4,0.11764705882352941,0.2173202614379085,0.2173202614379085,0.20491313387514654,0.2173202614379085,0.23436369891179798,0.1951129214655087,0.1951129214655087,0.018413026852375225,0,0,0,0,0,1,0,0.3333333333333333,0.6666666666666666,0.16666666666666666,0.1111111111111111,0.05555555555555555,0.5,0.16666666666666666,1,0,0,0,0,0,0,0,0,0,1,0,0,0,0,0,0,0,0,0,0,0,0,0,0,0,1,1,0,0,0,1,0,1,0,0,0,0,1,1,0,1,0,0,0,0,0,0,0,0,0,1,0,0,0,0,0,0,1,0,0,0,0,1,0,0,0,0,1,1,1,0,0,0,0,1,0,0,0,1,1,1,0,0,1,0,1,0,0,0,0,0,0,0,1,0,0,0,0,0,1,0,0,0,0,0,0,1,0,0,0,0,0,0,0,1,0,0,1,1,0,0,0,0,0,1,0,1,0,0,0,0,0,0,0,0,0,0,0,0,0,0,0,0,0,0,0,0,0,0,0,0,0,0,0,0,0,0,0,0,1,1,0,0,0,1,0,0,0,0,0,1,0,0,0,0,0,0,0,1,0,0,0,1,0,0,1,1,1,1,0,0,1,0,0,1,0,1,0,0,0,1,0,0,0,1,0,0,0,1,1,0,0,0,0,0,1,1,1,1,0,0,1,0,0,1,0,0,1,0,1,0,1,0,1,0,0,0,1,1,1,0,1,1,1,1,1,0,0,0,0,0,1,0,0,0,0,0,1,1,0,0,0,0,1,0,0,0,0,0,1,0,0,0,1,1,1,1,0,1,0,1,1,1,1,0,1,1,1,1,1,1,1,1,0
12.371875944822374,0.08007689804316831,-3.5274281934996217,0.8330157421148819,11.736842105263158,285.36499999999995,1.105263157894737,2.3824191568228392,3.0653305378819273,13065.18665601645,6.675550267697799,5.106527394840706,0.0,0.0,10.023291153407584,0.0,5.969305287951849,0.0,13.212334168400758,4.305215991296234,0.0,13.847474399381248,37.10711151969846,13.08951281182515,10.45893496721477,18.318861563241462,15.992596441359433,0.0,4.305215991296234,0.0,31.584601120751042,13.08951281182515,29.828919765543436,0.0,0.0,0.0,0.0,0.0,36.88835847024288,10.023291153407584,0.0,37.04710632100208,0.0,0.0,74.68,15.992596441359433,13.212334168400758,0.0,10.45893496721477,13.08951281182515,12.841643245852019,28.570684265142674,0.0,13.847474399381248,0.0,5.106527394840706,26.177059240362816,0.0,10.879240275617441,8.796292384263163,0.08007689804316831,-1.0667403103216595,1.4849990026874946,4.782860302242518,-3.5274281934996217,0.46153846153846156,1,0,0,0,0,0,0,0,3,6,0,7,0,0,0,0,0,1,2.1955,0,0,0,0,1,0,0,0,1,0,0,0,1,0,0,0,0,0,0,0,0,0,0,0,0,0,0,0,0,0,0,0,0,0,0,0,0,0,0,0,0,0,0,0,0,0,0,0,0,0,0,0,0,0,0,1,0,0,0,0,0,0,0,10,4.257309941520468,1,1,0.0,728.0,4,0.11111111111111112,0.19160646714826282,0.19160646714826282,0.18815014308289243,0.19160646714826282,0.24630138321263742,0.19477267730305362,0.19477267730305362,0.019717307233897648,0,0,0,0,0,1,0,0.3157894736842105,0.6842105263157895,0.21052631578947367,0.05263157894736842,0.05263157894736842,0.5263157894736842,0.15789473684210525,0,0,0,0,0,1,0,0,0,0,1,0,0,0,0,0,0,0,0,0,0,0,0,0,0,0,1,0,1,0,0,1,0,1,0,0,0,0,1,1,0,0,0,0,0,0,0,1,1,0,0,0,0,0,0,0,0,0,0,0,0,0,0,1,0,1,0,0,1,0,0,0,1,0,0,1,0,0,0,0,1,1,0,0,0,0,1,0,0,0,0,0,0,0,1,0,0,1,0,0,1,0,0,0,0,1,1,0,0,0,0,0,0,1,1,0,0,0,0,0,0,0,0,0,0,1,0,0,0,0,0,0,0,0,0,0,0,0,0,0,0,0,0,0,0,0,0,0,0,0,0,0,0,0,0,0,0,0,0,0,1,1,0,0,0,0,0,0,0,0,0,0,0,0,0,0,0,0,0,1,0,0,0,1,0,0,1,1,1,1,0,0,1,0,0,1,0,0,0,0,0,1,0,0,0,0,0,0,0,1,0,0,0,0,1,0,1,0,0,0,0,0,1,0,0,0,0,0,1,0,1,0,0,0,1,0,1,0,0,1,1,0,1,1,0,1,1,0,0,0,1,1,1,0,0,0,1,1,1,0,0,0,0,0,1,0,1,1,1,0,0,0,0,0,1,1,1,1,0,0,0,1,1,1,1,1,1,1,1,1,1,1,1,1,0
13.014816227528149,0.01328770576131677,-1.2882094930615848,0.11425581094764041,13.705882352941176,821.1410000000001,0.7647058823529411,2.7906831811323873,3.7255157310356872,11636813.98334032,14.975328673633785,46.17265130790737,0.0,0.0,5.907179729351506,11.814359458703011,0.0,14.383611552215466,0.0,0.0,0.0,0.0,67.77261188120417,23.58343228258117,68.63195526290457,45.022775921259694,91.18153734394225,0.0,10.633577208012662,0.0,25.23563636293553,44.35482484212696,21.837449796590178,0.0,15.533486938863138,5.687386274683562,0.0,67.77261188120417,106.12751783162017,4.794537184071822,10.710546813196189,27.639714551228256,0.0,0.0,199.89,55.85408424483817,34.809721131578286,0.0,47.15910528901147,0.0,4.899909730850478,6.923737199690624,22.590870627068057,45.181741254136114,10.633577208012662,10.213054789681411,0.7617381319811882,5.465987687550278,39.62484179307678,61.33649143020927,0.18150996892584237,-1.8908655769888807,-3.7071929677152236,-1.4125104670392494,0.0,0.5263157894736842,8,0,0,0,3,0,3,0,9,15,0,12,0,0,0,0,3,1,-1.6274999999999986,0,6,6,0,0,0,0,0,0,0,0,0,1,2,0,0,0,0,0,0,0,0,0,0,1,0,0,0,0,0,0,0,0,0,0,0,0,0,0,0,0,0,0,0,0,0,0,0,0,0,0,0,0,0,0,0,0,0,0,0,0,0,0,14,5.903743315508021,1,1,0.0,3312.0,3,0.06060606060606061,0.15324197860962566,0.15324197860962566,0.15212345001076047,0.15324197860962566,0.17852350867394728,0.12626233960929883,0.12626233960929883,0.015270904667661862,0,0,0,0,0,1,0,0.4411764705882353,0.5588235294117647,0.2647058823529412,0.08823529411764706,0.0,0.7352941176470589,0.08823529411764706,1,1,0,0,0,0,0,0,0,0,1,0,0,0,0,1,0,0,0,0,0,1,1,1,0,0,0,0,0,0,0,0,0,1,1,0,0,0,0,1,0,0,0,0,0,0,0,0,0,0,0,1,1,0,0,0,0,1,1,0,0,0,0,0,0,0,0,0,1,1,0,1,0,0,1,0,0,1,1,0,1,0,1,0,0,1,0,0,0,0,1,1,0,0,1,0,0,0,1,1,1,0,1,0,0,0,0,0,0,0,0,0,0,1,0,0,0,0,1,0,0,1,0,0,0,1,0,0,0,0,0,0,0,0,0,0,0,0,0,0,0,0,0,0,0,0,0,0,0,0,0,0,0,0,0,1,0,0,0,0,0,0,0,0,0,0,0,0,0,0,0,0,0,0,0,0,0,0,0,0,0,1,1,0,0,0,0,0,0,0,0,0,0,0,0,0,0,0,0,0,1,0,0,0,0,0,0,0,0,0,1,0,0,1,0,1,0,0,1,0,1,0,0,1,0,1,0,0,1,0,0,0,1,0,0,1,0,1,1,0,0,0,0,0,1,1,0,0,0,0,1,0,0,0,0,0,0,0,0,1,1,1,1,1,1,0,1,1,1,0,1,0,1,0,1,0,1,0,1,1,1,1,1,1,1,1,1,1,1,1,1,1,1,1,0
12.100958679768205,0.0685704837490555,-0.8703843852355755,0.28041853664893823,10.863636363636363,305.29,1.4090909090909092,2.482858970209222,3.3309910511207934,51842.09529796855,7.079272203811196,15.11296452053189,11.642325842861542,5.749511833283905,5.749511833283905,5.907179729351506,5.687386274683562,14.908855452837393,0.0,5.261891554738487,0.0,0.0,31.553313066373732,19.15587988028676,4.923311048817671,19.930903022570906,17.67058611086895,5.261891554738487,4.899909730850478,0.0,13.847474399381248,13.08951281182515,33.38360842745506,17.568244979360085,0.0,5.687386274683562,11.49902366656781,0.0,39.03296811052622,4.794537184071822,21.44543113629633,19.410925891078243,0.0,6.076020106833881,127.70000000000002,28.016900719420548,25.12191024251881,0.0,11.136556021766264,13.08951281182515,18.208754243757102,4.899909730850478,19.91669571217352,0.0,0.0,5.261891554738487,0.0,0.0,23.440802933087838,38.77669510634067,-0.8602112727807161,-2.0773399050978414,1.1317592592592591,4.339183665660938,0.0,0.2857142857142857,2,0,0,0,1,0,0,0,6,8,0,5,0,0,0,0,0,1,1.7813800000000002,0,0,0,0,0,0,0,2,0,0,0,0,3,0,0,0,1,0,0,0,0,0,0,0,0,0,0,0,0,0,0,0,0,0,0,0,0,0,0,0,0,0,0,1,0,0,0,0,0,0,0,0,0,0,0,0,0,0,0,0,0,0,0,10,4.666666666666667,1,1,0.0,1078.0,3,0.09523809523809525,0.18333333333333332,0.18333333333333332,0.19404529518168695,0.18333333333333332,0.2222617584734191,0.18046838003610985,0.18046838003610985,0.01834999935405943,0,0,0,0,0,1,0,0.36363636363636365,0.6363636363636364,0.22727272727272727,0.13636363636363635,0.0,0.5454545454545454,0.13636363636363635,0,0,1,0,0,0,0,0,0,0,1,0,0,0,0,0,0,0,0,0,0,1,1,0,1,0,0,0,0,0,0,0,0,1,1,1,1,0,1,1,0,0,0,1,1,0,0,0,1,0,0,1,0,0,1,1,0,0,0,0,0,0,0,1,0,0,1,0,0,0,1,1,0,0,1,1,1,0,0,0,1,1,1,0,0,0,0,0,0,0,1,0,0,0,0,0,1,0,1,0,1,0,0,0,1,0,0,1,0,0,0,0,1,1,0,0,0,0,0,0,0,0,0,1,0,1,0,0,0,0,0,0,0,0,0,0,0,0,0,0,0,0,0,0,0,0,0,0,0,0,0,0,1,0,0,0,0,0,0,0,0,0,0,0,0,0,0,0,0,1,0,0,0,0,0,0,0,1,1,0,0,0,1,0,1,0,0,0,0,0,0,1,0,0,0,0,0,0,1,1,1,0,0,0,1,0,0,0,1,0,0,0,0,1,1,0,0,1,0,0,1,0,1,1,0,1,0,1,1,0,1,0,0,0,0,0,0,0,1,0,0,1,1,0,1,1,0,1,0,0,1,0,1,0,0,1,0,0,1,1,0,1,0,1,1,0,1,1,1,0,1,1,1,0,1,0,1,1,1,0,1,1,1,1,1,1,1,1,1,1,1,1,1,1,0
10.762425070336777,0.4184259259259264,-0.7716577958343829,0.8215995486924976,12.8,206.28499999999997,1.2,2.165506939440076,2.7590371332701524,1862.3359679184655,4.964460295417243,5.106527394840706,0.0,0.0,0.0,0.0,5.969305287951849,4.794537184071822,0.0,0.0,0.0,38.112942673227685,30.38936785217202,0.0,5.917906046161393,9.901064578912528,5.969305287951849,0.0,0.0,5.917906046161393,33.10993926815928,0.0,35.392371257240434,0.0,0.0,0.0,0.0,0.0,11.075832682792555,11.21535880699783,5.917906046161393,37.81602062862726,0.0,0.0,37.3,11.887211334113243,4.794537184071822,0.0,0.0,5.917906046161393,11.984273114623004,5.563451491696996,6.923737199690624,24.26546827384644,13.847474399381248,5.106527394840706,0.0,0.0,10.762425070336777,8.850157339170236,2.1401341647770225,-0.5579103678508444,1.0433852985638699,6.056901087595532,0.0,0.46153846153846156,1,0,0,0,0,0,1,0,1,2,0,4,0,0,0,0,1,1,3.073200000000001,1,0,0,0,0,0,0,0,1,0,0,0,0,0,0,0,0,0,0,0,0,0,0,0,0,0,0,0,0,0,0,0,0,0,0,0,0,0,0,0,0,0,0,0,0,0,0,0,0,0,0,0,0,0,0,0,0,0,0,0,0,0,0,9,3.8476190476190477,1,1,0.0,404.0,3,0.14285714285714282,0.21904761904761907,0.21904761904761907,0.17868400696636724,0.21904761904761907,0.2717883728919206,0.23258884782337355,0.23258884782337355,0.02011199435980235,0,0,0,0,0,1,0,0.13333333333333333,0.8666666666666667,0.13333333333333333,0.0,0.0,0.5333333333333333,0.06666666666666667,0,1,0,0,1,1,0,0,0,0,1,0,0,0,0,0,0,0,0,0,0,0,0,0,0,1,0,1,0,0,0,0,0,1,0,0,0,0,0,1,0,0,0,0,0,0,0,0,0,0,0,0,1,0,1,1,0,0,0,1,0,1,0,0,0,0,0,0,0,0,0,0,0,0,0,0,0,0,0,1,1,1,0,0,0,1,1,0,0,1,1,0,0,0,0,0,0,0,0,0,1,0,0,0,0,1,0,0,0,0,0,0,0,0,0,0,0,0,0,0,0,0,1,0,0,1,0,0,0,0,0,0,0,0,0,0,0,0,0,0,0,0,0,0,0,0,0,0,0,0,0,0,0,0,0,0,0,0,0,0,0,0,0,0,0,0,0,0,0,0,0,0,0,0,0,0,0,0,0,0,0,0,0,0,0,0,0,0,0,0,0,0,0,0,0,0,0,0,0,0,0,0,1,0,0,0,0,0,0,0,0,0,0,0,0,0,0,0,0,0,0,0,0,0,0,0,0,0,0,0,0,0,0,0,0,0,0,0,0,0,0,0,0,1,0,0,0,0,0,0,0,1,0,0,0,0,0,0,0,0,0,0,0,0,0,0,0,1,0,1,0,0,0,0,0,0,0,1,0,0,0,0,1,1,0,1,0,1,1,0,1,1,1,1,0
11.89231859410431,0.06120370370370365,0.06120370370370365,0.8489671904749567,10.647058823529411,234.343,1.1764705882352942,2.307845583406121,2.680267656047493,5511.135253173818,6.4012209135305955,5.316788604006331,0.0,0.0,5.907179729351506,0.0,0.0,9.694446914922299,0.0,0.0,0.0,32.046575604766076,38.06389019460039,5.687386274683562,6.544756405912575,4.794537184071822,11.594566004035068,0.0,4.899909730850478,0.0,27.694948798762496,24.951057821744055,29.32600418877882,0.0,5.316788604006331,5.687386274683562,0.0,0.0,30.44135867793971,4.794537184071822,13.847474399381248,24.974377382775238,0.0,0.0,32.34,0.0,4.794537184071822,0.0,5.907179729351506,6.544756405912575,29.903802069902703,0.0,0.0,32.046575604766076,24.064172734238056,0.0,0.0,0.0,13.9924574829932,2.9969907407407406,3.167083333333334,0.06120370370370365,0.0,10.416431720836485,0.0,0.5,1,0,0,0,1,0,0,0,2,3,0,5,0,0,0,0,0,1,2.5837400000000006,0,0,0,0,0,0,0,0,0,0,0,0,1,1,0,0,1,0,0,0,0,0,0,0,1,2,0,0,0,0,0,0,0,0,0,0,0,0,0,0,0,0,0,0,0,0,0,1,0,0,0,0,0,0,0,0,0,0,0,0,0,0,0,9,4.088235294117647,1,1,0.0,556.0,3,0.125,0.20588235294117646,0.20588235294117646,0.21654907642157892,0.20588235294117646,0.2538726374112904,0.2062177657271184,0.2062177657271184,0.018486092226778255,0,0,0,0,0,1,0,0.17647058823529413,0.8235294117647058,0.058823529411764705,0.11764705882352941,0.0,0.5882352941176471,0.058823529411764705,1,0,0,0,0,0,0,0,0,0,1,0,1,0,0,1,0,0,0,0,0,0,0,1,1,0,0,0,0,0,0,0,0,1,0,0,1,0,1,1,0,1,0,0,0,0,0,0,0,0,0,0,1,0,0,0,0,0,1,0,0,1,0,0,1,0,0,1,0,0,0,0,0,0,0,0,0,1,0,1,1,1,0,0,0,0,1,0,0,0,1,0,0,0,0,0,0,0,0,0,1,0,0,0,0,0,0,0,0,0,0,1,0,1,0,0,0,0,0,0,0,0,0,1,0,1,0,0,0,0,0,0,0,0,0,0,0,0,0,0,0,0,0,0,0,0,0,0,0,0,0,0,0,0,0,0,0,0,0,0,0,0,0,0,0,0,0,0,0,0,0,0,0,0,0,0,0,0,0,0,0,0,0,0,0,0,0,0,0,0,0,0,0,0,0,0,0,0,0,0,0,0,0,0,0,0,0,1,0,0,0,0,0,1,1,0,0,0,0,1,1,0,0,1,0,0,0,0,1,0,0,0,1,0,0,0,0,0,1,1,0,0,1,0,1,1,0,0,0,0,1,0,0,0,0,0,0,0,0,0,1,1,0,1,0,0,1,0,0,1,1,0,1,0,0,0,1,1,1,1,0,1,1,1,1,0,1,0,1,1,1,1,1,1,0
11.948595495296882,0.011731229528848974,-1.1326825945152061,0.6438970754146427,10.052631578947368,303.14099999999996,1.3157894736842106,2.3821721708286616,3.0691765104126856,12437.320903896441,6.589861591695502,9.843390348640755,10.772145147025231,12.390126910877857,0.0,0.0,5.969305287951849,4.794537184071822,4.794537184071822,0.0,0.0,36.70455266375416,24.126660289918497,5.563451491696996,5.022633313741326,19.432464716784395,34.95443001478182,0.0,0.0,0.0,13.344558822616634,6.606881964512918,39.89349246977063,5.749511833283905,4.736862953800049,0.0,5.749511833283905,23.20187978046503,23.465959593670412,4.794537184071822,0.0,23.70254749838545,10.045266627482652,0.0,63.60000000000001,12.576187252464766,9.589074368143644,0.0,27.141474898828495,11.993926152995277,0.0,12.13273413692322,6.923737199690624,0.0,6.578935683598497,33.04527012910579,4.950928524187453,11.930302028218692,22.353996486935248,8.55907520282881,0.6373728426555814,-1.3068381857640508,0.5040147949292971,4.910932886507832,0.0,0.23076923076923078,1,0,0,0,0,0,0,0,3,6,0,6,0,0,0,0,0,1,3.6057000000000023,1,0,0,0,0,0,0,0,1,0,0,0,0,0,0,0,0,0,0,0,0,0,1,0,0,0,0,0,0,0,1,0,0,0,0,0,0,0,1,1,0,0,0,0,0,0,0,0,0,0,0,0,0,0,0,0,0,0,0,0,0,0,0,11,4.350877192982456,1,1,0.0,744.0,3,0.11111111111111109,0.19711042311661509,0.19711042311661509,0.17614876128953197,0.19711042311661509,0.24140433060192706,0.1932699803198039,0.1932699803198039,0.019599730834677018,0,0,0,0,0,1,0,0.3157894736842105,0.6842105263157895,0.21052631578947367,0.0,0.0,0.5263157894736842,0.15789473684210525,0,0,1,0,0,1,0,1,0,0,1,1,0,0,0,0,0,0,0,1,0,0,0,1,0,0,0,1,0,0,0,0,1,1,0,1,0,0,1,1,0,0,0,0,1,0,0,0,0,1,1,0,0,0,0,1,0,0,0,0,1,0,0,0,0,0,0,1,0,0,0,1,1,1,0,0,0,0,0,0,1,1,0,0,1,0,1,0,1,0,0,0,0,0,1,0,0,1,0,0,1,0,0,0,0,1,0,0,0,0,0,0,0,0,0,1,0,0,0,0,0,0,0,0,0,1,1,0,0,0,0,0,0,0,0,0,0,0,0,0,0,0,0,0,0,0,0,0,0,0,0,0,0,0,0,0,0,0,0,0,0,0,1,0,0,0,0,0,0,0,0,0,0,0,0,0,0,0,1,0,0,0,0,0,0,0,0,0,0,0,0,0,0,0,0,0,0,0,0,0,1,0,0,0,1,0,0,0,0,0,0,0,0,0,0,1,0,0,0,0,0,0,0,0,0,0,0,1,0,0,0,1,1,0,0,1,0,1,0,0,0,1,1,0,0,0,0,0,0,0,0,1,0,0,1,1,0,0,0,0,1,0,1,0,1,0,0,1,1,0,0,1,1,0,1,0,0,0,1,0,1,1,1,1,0,1,0,1,1,0,1,1,1,1,0
11.771292674477198,0.13708616780045313,-0.13708616780045313,0.6912616585748506,10.578947368421053,263.385,1.1578947368421053,2.330333129897087,2.3150394683629583,13261.925842244322,7.790945729435866,15.950365812018994,0.0,0.0,0.0,0.0,6.031114512338072,0.0,4.794537184071822,0.0,0.0,32.046575604766076,37.93995541161382,18.2739835097441,0.0,4.794537184071822,11.718500787021634,0.0,10.633577208012662,0.0,40.15761125083647,18.406301415831482,29.32600418877882,0.0,15.950365812018994,10.481923458755384,0.0,0.0,25.162468153311185,0.0,13.847474399381248,31.39519900570125,0.0,0.0,53.160000000000004,0.0,4.794537184071822,0.0,6.031114512338072,12.586597235060536,29.77986728691614,0.0,0.0,32.046575604766076,29.797840211400242,0.0,0.0,0.0,11.771292674477198,9.092403626382703,3.0634762073511173,0.0,0.9289225875535398,9.809869491529394,0.0,0.5333333333333333,3,0,0,0,2,0,0,0,2,4,0,6,0,0,0,0,0,1,2.813040000000001,0,0,0,0,0,0,0,0,0,0,0,0,0,3,0,0,0,0,0,0,0,0,0,0,1,2,0,0,0,0,0,0,0,0,0,0,0,0,0,0,0,0,0,0,0,0,0,1,0,0,0,0,0,0,0,0,0,0,0,0,0,0,1,12,5.052631578947368,1,1,0.0,864.0,3,0.11111111111111109,0.238390092879257,0.238390092879257,0.21355830127324124,0.238390092879257,0.20625524967541176,0.17740292242339017,0.17740292242339017,0.01597808079169126,0,0,0,0,0,1,0,0.21052631578947367,0.7894736842105263,0.05263157894736842,0.15789473684210525,0.0,0.631578947368421,0.05263157894736842,1,1,0,0,1,0,0,0,0,0,1,0,0,0,1,1,0,0,0,1,0,0,0,0,1,0,0,1,0,0,0,0,0,1,0,0,0,0,0,1,0,1,0,0,0,0,0,0,0,0,0,1,1,0,0,0,1,0,1,0,0,0,0,0,1,0,0,0,0,1,0,0,0,0,0,0,0,1,0,1,1,1,0,0,1,0,1,0,0,0,0,0,0,0,0,0,0,0,0,0,1,0,0,0,0,0,0,0,0,0,1,1,0,0,0,0,0,0,0,1,0,0,0,0,1,1,0,0,0,0,0,0,0,0,0,0,0,0,0,0,0,0,0,0,0,0,0,0,0,0,0,0,0,0,0,0,0,0,0,0,0,0,0,0,0,1,0,0,0,0,0,1,0,0,0,0,0,0,0,0,0,1,0,0,0,0,0,0,0,0,0,0,0,0,0,0,0,0,0,0,0,0,1,0,0,1,0,0,1,0,1,0,0,0,0,0,0,0,1,1,0,0,0,0,0,0,0,0,1,0,0,0,1,0,1,0,1,0,1,1,0,0,0,0,1,1,1,0,0,0,0,0,0,0,0,0,0,0,0,1,0,1,0,1,0,0,1,0,0,1,1,0,1,0,0,1,0,1,1,1,0,1,1,1,1,0,1,0,1,1,1,1,1,1,0
10.418623551272361,0.11425925925925906,-1.099477040816326,0.5125069246930146,12.357142857142858,197.18999999999997,1.3571428571428572,2.10922326203371,2.7772680269131413,1115.7791056158326,3.972117202268431,21.0532496616843,6.041840829147961,11.49902366656781,0.0,0.0,5.969305287951849,4.794537184071822,0.0,0.0,0.0,6.06636706846161,24.117007251546223,0.0,0.0,20.11411936859394,5.969305287951849,0.0,0.0,5.733667477162185,12.462662452073971,0.0,23.762552697081826,11.49902366656781,5.733667477162185,0.0,11.49902366656781,0.0,27.330728301621924,11.21535880699783,0.0,5.563451491696996,0.0,0.0,103.78000000000002,12.011146117099809,4.794537184071822,0.0,17.919845289493818,5.563451491696996,0.0,18.19910120538483,0.0,0.0,0.0,21.0532496616843,0.0,0.0,10.418623551272361,26.633114921894684,5.857960128495844,-1.6154629629629613,0.11425925925925906,0.0,0.0,0.2222222222222222,5,0,0,0,0,0,1,0,4,5,0,3,0,0,0,0,0,1,0.052200000000000135,1,0,0,0,0,0,0,2,1,0,0,0,0,0,1,0,0,0,0,0,0,0,0,0,0,0,0,0,0,0,0,0,0,0,0,0,0,0,0,0,0,0,0,0,0,0,0,0,0,0,0,0,0,0,0,0,0,0,0,0,0,0,0,8,3.5274725274725274,1,1,0.0,321.0,3,0.15384615384615388,0.21062271062271057,0.21062271062271057,0.1982722335517328,0.21062271062271057,0.2940841538342516,0.2432562169650522,0.2432562169650522,0.021410941451304132,0,0,0,0,0,1,0,0.35714285714285715,0.6428571428571429,0.2857142857142857,0.07142857142857142,0.0,0.5,0.07142857142857142,0,1,0,0,0,1,0,0,0,0,1,0,0,0,0,0,0,0,1,1,0,0,0,0,0,0,0,0,0,0,0,0,0,0,0,0,0,0,0,1,0,0,0,0,0,0,0,0,0,0,0,0,1,0,1,0,0,1,0,1,0,0,0,0,0,1,1,1,0,1,1,1,0,0,0,0,0,1,0,1,1,1,0,0,0,0,1,0,0,0,1,0,0,0,0,0,0,0,0,0,1,0,0,0,0,0,0,1,0,0,0,0,0,0,0,0,0,0,0,0,0,1,0,0,0,1,0,0,0,0,0,0,0,0,0,0,0,0,0,0,0,0,0,0,0,0,0,0,0,0,0,0,0,0,0,0,0,0,0,0,0,0,0,0,0,0,0,0,0,0,0,0,0,0,0,0,0,0,0,0,0,0,1,0,0,0,0,0,0,0,0,0,0,0,0,0,0,0,0,0,1,0,0,0,0,0,0,0,0,0,0,0,1,0,0,0,0,0,1,1,0,0,0,1,0,0,0,0,0,0,0,0,1,0,0,0,0,0,0,1,0,1,0,0,0,0,0,0,0,0,0,1,0,0,0,1,0,0,0,1,0,0,0,0,0,0,0,1,1,0,0,1,1,0,1,0,0,0,1,1,1,0,1,1,1,1,1,1,0,1,1,1,1,1,0
10.686611093932521,0.32006515775034305,-0.9907564066591841,0.720239222897486,12.157894736842104,305.205,1.2105263157894737,2.3903630572783787,2.706794917935503,15174.024687603149,8.250757383985736,15.74010460285337,6.041840829147961,0.0,0.0,0.0,5.969305287951849,4.794537184071822,0.0,0.0,23.20187978046503,12.13273413692322,24.117007251546223,30.53690597644939,0.0,9.901064578912528,34.858571343100444,0.0,0.0,5.733667477162185,12.462662452073971,29.749429432616306,29.828919765543436,0.0,10.633577208012664,5.687386274683562,0.0,23.20187978046503,41.967193213706345,11.21535880699783,0.0,5.563451491696996,0.0,0.0,66.56,12.011146117099809,4.794537184071822,0.0,0.0,18.180828512866686,24.340350578205708,0.0,0.0,24.26546827384644,4.899909730850478,34.04207465246792,0.0,11.500622141962928,12.770841536109392,8.763517384991951,7.417551050340553,0.06981622510753183,0.32006515775034305,1.448932613168724,0.0,0.46153846153846156,3,0,0,0,0,0,1,0,3,6,0,8,0,0,0,0,0,1,1.925,1,0,0,0,0,0,0,0,1,0,0,0,1,0,1,0,0,0,0,0,0,2,0,0,1,0,0,0,0,0,0,0,0,0,0,0,0,0,0,0,0,0,0,0,0,0,0,0,0,0,0,0,0,0,0,0,0,0,0,0,0,0,0,11,4.701754385964913,1,1,0.0,804.0,3,0.11111111111111109,0.21775025799793604,0.21775025799793604,0.17611416096058805,0.21775025799793604,0.22296474131192331,0.19906232976471272,0.19906232976471272,0.016587635542767522,0,0,0,0,0,1,0,0.3157894736842105,0.6842105263157895,0.10526315789473684,0.10526315789473684,0.0,0.631578947368421,0.05263157894736842,0,1,0,0,1,1,0,0,0,0,1,0,0,0,0,0,0,0,1,1,0,0,0,1,0,0,0,0,0,0,0,1,0,0,0,0,0,0,0,1,0,0,0,0,0,0,0,0,1,0,0,0,1,1,1,0,0,1,0,0,0,0,0,0,1,0,0,0,0,1,0,0,1,0,0,0,0,0,0,1,1,1,0,0,0,1,1,0,0,1,1,0,0,0,0,0,0,0,0,0,1,0,0,0,0,0,0,0,0,0,0,0,0,1,0,0,0,0,0,0,0,1,0,0,0,1,0,0,0,0,0,0,0,0,0,0,0,0,0,0,0,0,0,0,0,0,0,0,0,0,0,0,0,0,0,0,0,0,0,0,0,0,0,0,0,0,0,0,0,0,0,0,0,0,0,0,0,0,0,0,0,0,1,0,0,0,0,0,0,0,0,0,0,0,0,0,0,0,0,0,0,0,0,0,0,0,0,0,0,0,0,0,1,1,1,0,0,0,1,0,0,0,0,1,0,0,0,0,1,0,0,1,1,0,0,0,0,0,0,1,0,0,0,0,0,0,1,0,0,0,1,1,0,0,0,0,1,1,0,1,0,1,1,1,0,0,1,1,0,0,1,0,0,0,0,1,1,0,0,1,0,1,1,1,1,1,1,1,0,1,1,1,1,1,0
11.630812389770721,0.07265370370370383,-1.106477702191987,0.5047465616448636,10.19047619047619,627.9420000000001,1.0476190476190477,2.3305444702984275,3.793341394167538,21855.846042458652,7.390564635839509,15.323225729697516,0.0,0.0,11.814359458703011,0.0,5.969305287951849,9.589074368143644,4.794537184071822,0.0,0.0,0.0,67.77261188120417,20.89514638205844,27.648770854260306,19.49013894705617,96.93104917722616,0.0,0.0,0.0,13.847474399381248,17.264370317534,16.273998304893183,0.0,10.216698334856808,11.374772549367124,0.0,67.77261188120417,29.93786412417276,9.589074368143644,10.710546813196189,24.205463075150064,0.0,0.0,86.71000000000001,5.969305287951849,19.49013894705617,0.0,17.377810950400008,22.08531936256331,0.0,18.747384130231726,7.04767198267719,67.77261188120417,5.316788604006331,0.0,1.5183371126228276,5.8020305744520035,35.862679069035025,12.052056273620558,0.9568037037037038,-1.6370694255479954,0.0,2.7376703829680022,1.5674923091458806,0.25,2,0,0,0,2,0,0,0,3,9,0,3,0,0,0,0,0,1,3.1397000000000013,0,0,0,0,1,0,0,0,1,0,0,0,1,1,0,0,0,0,0,0,0,0,0,0,2,0,0,0,0,0,0,0,0,0,0,0,0,0,0,0,0,0,0,0,0,0,0,0,0,0,0,0,0,0,0,0,0,0,0,0,0,0,0,8,3.961904761904762,1,1,0.0,832.0,3,0.09999999999999998,0.15588972431077694,0.15588972431077694,0.1610829020521245,0.15588972431077694,0.26325407528492295,0.18449620268718936,0.18449620268718936,0.02140414007995447,0,0,0,0,0,1,0,0.42857142857142855,0.5714285714285714,0.19047619047619047,0.09523809523809523,0.0,0.5714285714285714,0.14285714285714285,1,0,0,0,0,1,0,0,0,0,1,1,0,0,0,0,0,0,0,0,1,1,0,1,1,0,0,0,0,0,1,0,0,1,0,0,0,0,0,1,0,0,0,0,0,0,0,0,0,0,0,1,1,0,1,0,0,0,0,1,1,0,0,0,0,0,0,0,0,0,0,1,1,0,1,0,0,0,0,0,1,1,0,0,0,1,0,0,0,0,0,0,0,0,0,0,0,0,0,0,1,0,0,0,0,0,0,0,0,0,0,0,0,1,0,1,0,1,0,0,0,1,0,0,0,1,0,1,0,0,0,0,0,0,0,0,0,0,0,0,0,0,0,0,0,0,0,0,0,0,0,0,0,0,0,1,0,0,0,0,0,0,0,0,0,0,0,0,0,0,0,0,0,0,0,0,0,0,0,0,0,0,0,0,0,0,0,0,0,0,0,0,0,0,0,0,0,0,0,0,0,0,0,0,0,0,0,0,1,0,0,0,0,1,0,1,0,0,0,0,1,1,0,0,0,0,0,0,0,0,0,0,0,0,0,1,0,0,1,0,0,0,0,0,0,1,0,0,0,0,1,1,0,0,0,0,0,0,0,1,0,1,1,1,1,0,0,1,1,1,1,0,1,0,1,0,1,1,1,1,0,0,1,0,1,1,1,1,1,1,1,1,1,1,0
5.615394935752079,0.08241307634164752,0.08241307634164752,0.7701737793320904,12.615384615384615,179.26299999999998,1.3076923076923077,2.025578936847613,2.750523804369238,723.1316804545979,4.28262327283322,10.470530430962235,12.356393797796823,0.0,0.0,0.0,0.0,0.0,0.0,0.0,0.0,18.19910120538483,31.898114582465862,6.041840829147961,0.0,4.736862953800049,0.0,0.0,0.0,5.733667477162185,26.813052428219834,6.606881964512918,29.32600418877882,5.749511833283905,10.470530430962235,0.0,5.749511833283905,0.0,12.648722793660879,0.0,13.847474399381248,18.050640183084617,0.0,0.0,35.25,0.0,0.0,0.0,6.041840829147961,6.606881964512918,5.749511833283905,11.126902983393991,0.0,38.9703128044567,0.0,10.470530430962235,5.6039814814814815,0.0,0.0,0.0,7.949931972789116,0.9720370370370373,0.0,6.603506235827664,0.0,0.45454545454545453,2,0,0,0,0,0,1,0,2,2,0,3,0,0,0,0,1,1,2.0294399999999997,0,0,0,0,0,0,0,0,0,0,0,0,0,0,1,0,0,0,0,0,0,0,0,0,0,2,0,0,0,0,1,0,0,0,0,0,0,0,0,0,0,0,0,0,0,0,0,1,0,0,0,0,0,0,0,0,0,0,0,0,0,0,0,7,3.282051282051282,1,1,0.0,256.0,3,0.16666666666666669,0.20745920745920748,0.20745920745920748,0.20590154077458137,0.20745920745920748,0.31708442189928676,0.24525348634157362,0.24525348634157362,0.021012162492594896,0,0,0,0,0,1,0,0.15384615384615385,0.8461538461538461,0.07692307692307693,0.07692307692307693,0.0,0.5384615384615384,0.0,0,1,1,0,0,0,0,1,0,0,0,0,0,0,0,1,0,0,1,1,0,0,0,0,0,0,0,1,0,1,0,0,1,1,0,0,0,0,0,0,0,0,0,0,1,0,0,0,0,0,0,0,0,0,0,1,0,0,1,0,0,0,0,0,1,0,0,0,0,0,0,0,0,0,0,0,0,1,0,1,1,1,0,0,0,0,1,0,0,0,0,0,0,0,0,0,0,1,0,0,1,0,0,0,0,0,0,0,0,0,0,1,0,0,0,0,0,0,1,0,0,0,0,0,0,0,0,0,0,0,0,0,0,0,0,0,0,0,0,0,0,0,0,0,0,0,0,0,0,0,0,0,0,0,0,0,0,0,0,0,0,0,0,0,0,0,0,0,0,0,0,0,0,0,0,0,0,0,0,0,0,0,0,0,0,0,0,0,0,0,0,0,0,0,0,0,0,0,0,0,0,0,0,0,0,0,0,0,0,0,0,0,1,0,0,0,0,0,0,0,0,0,0,1,0,0,0,0,0,0,0,0,1,0,0,0,1,1,0,1,0,1,0,1,0,0,0,0,0,0,0,0,0,0,1,1,0,0,0,0,0,0,0,0,0,0,0,0,0,1,0,1,1,0,0,0,0,1,1,1,1,1,0,1,1,1,1,0,1,1,1,1,1,1,0
11.651792013101538,0.28477479108927484,-0.3267072940287221,0.8234224757170807,12.333333333333334,250.34199999999998,1.3333333333333333,2.364333715616335,2.7956793791697105,8435.942697319082,6.400759172821562,14.536682415501005,5.749511833283905,0.0,0.0,0.0,6.093240070938415,0.0,4.794537184071822,0.0,0.0,12.13273413692322,45.639003993355836,19.634269217737724,0.0,9.53140013787187,6.093240070938415,0.0,9.799819461700956,0.0,19.88931522852921,27.687772353944144,29.828919765543436,5.749511833283905,4.736862953800049,4.794537184071822,5.749511833283905,0.0,43.58083188658351,0.0,0.0,25.452766720226204,0.0,0.0,32.78,0.0,4.794537184071822,0.0,12.135080900086376,12.29426823919648,5.563451491696996,4.899909730850478,13.1140390511388,39.21818237042983,11.823646930541102,4.736862953800049,5.306085600907029,0.0,15.29182208994709,0.0,1.1291217876039306,0.5893518518518521,-0.3267072940287221,4.650324336524733,5.760964033761653,0.5,0,0,0,0,1,0,1,0,3,4,0,4,0,0,0,0,0,1,2.7597000000000014,0,0,0,0,0,0,0,0,0,0,0,0,2,0,0,0,0,0,0,0,0,0,0,0,0,0,0,0,0,0,1,0,0,0,0,0,0,0,0,0,0,0,0,0,0,0,0,0,0,0,0,0,0,0,0,0,0,0,0,0,0,0,0,10,4.2745098039215685,1,1,0.0,654.0,3,0.11764705882352938,0.20465686274509803,0.20465686274509803,0.20404687774144523,0.20465686274509803,0.24329067862634382,0.20836383404141723,0.20836383404141723,0.018769036459973763,0,0,0,0,0,1,0,0.2222222222222222,0.7777777777777778,0.1111111111111111,0.1111111111111111,0.0,0.6111111111111112,0.05555555555555555,0,1,0,0,0,0,0,0,1,0,1,1,0,0,0,1,0,0,1,0,0,0,0,0,0,0,0,1,0,0,0,1,0,1,0,0,1,0,1,1,0,0,0,1,0,1,0,0,0,0,1,0,1,0,0,1,0,0,0,0,0,0,0,0,1,1,1,0,1,0,0,0,0,0,0,0,0,0,1,0,1,1,0,0,0,1,1,0,0,0,0,0,0,0,0,0,0,0,0,0,1,0,0,0,0,0,0,1,0,0,0,1,0,1,0,0,1,0,0,0,1,0,0,0,0,1,0,0,0,0,0,0,0,0,0,0,0,0,0,0,0,0,0,0,0,0,0,0,0,0,0,1,0,0,0,0,0,0,0,0,0,0,0,0,0,0,0,0,0,0,0,0,0,0,0,0,0,0,0,0,0,0,0,0,0,0,0,0,0,0,0,0,0,0,0,0,0,0,0,0,0,0,1,0,0,0,0,0,0,0,0,0,0,1,1,0,0,0,0,0,0,1,0,0,0,0,0,0,1,0,0,0,0,0,1,0,0,0,1,0,0,1,1,1,0,1,0,0,0,0,1,1,0,0,1,1,0,0,0,0,0,0,0,0,0,0,0,0,0,1,1,1,0,0,0,0,1,1,0,0,1,1,1,1,1,1,1,1,1,1,1,1,1,1,0
11.05827335979101,0.21194319656978533,-0.5357398299718827,0.6762987306145708,12.238095238095237,295.379,1.2857142857142858,2.4895445077540503,2.3174642298261956,39404.51046873111,9.365172299785801,19.897041906447136,18.460360185545127,0.0,0.0,0.0,5.969305287951849,4.794537184071822,0.0,0.0,0.0,25.980208536304467,24.117007251546223,19.007418857986547,7.109797541277533,19.374790486512623,5.969305287951849,0.0,5.316788604006331,0.0,38.834924862129526,20.26143591170303,29.828919765543436,5.749511833283905,10.05365155780638,0.0,5.749511833283905,0.0,43.483075811391835,15.95222176079788,0.0,25.831747514004253,0.0,0.0,67.79,6.103966387748303,9.901064578912528,0.0,12.576187252464766,31.17775231419646,5.563451491696996,7.109797541277533,0.0,38.11294267322769,10.05365155780638,4.736862953800049,10.123150939792005,0.0,11.05827335979101,12.897223210240055,1.0507156615196842,0.49677439077379426,0.4822921519687253,4.816824766788519,1.3876252670515352,0.5625,2,0,0,0,0,0,1,0,5,5,0,9,0,0,0,0,1,1,1.5298999999999996,0,1,1,0,0,0,0,0,0,0,0,0,0,1,0,0,0,0,0,0,0,0,0,0,0,1,0,0,0,1,2,0,0,0,0,0,0,0,0,0,0,1,0,0,0,0,0,0,0,0,0,0,0,0,0,0,0,0,0,0,0,0,0,15,5.771428571428571,1,1,0.0,1212.0,3,0.10000000000000002,0.25112781954887226,0.25112781954887226,0.17761291358086617,0.25112781954887226,0.1817498992432627,0.1786202741644757,0.1786202741644757,0.014110786199498161,0,0,0,0,0,1,0,0.23809523809523808,0.7619047619047619,0.19047619047619047,0.047619047619047616,0.0,0.6666666666666666,0.047619047619047616,1,1,0,0,1,0,0,0,0,0,1,0,0,0,1,0,0,0,1,0,0,1,0,0,0,0,0,1,1,0,0,0,0,1,0,0,0,1,1,1,0,1,0,0,1,0,1,0,0,0,0,0,0,0,1,1,0,0,0,0,0,0,0,0,0,0,1,1,0,0,0,0,0,1,0,0,0,0,1,0,1,1,0,0,0,0,1,0,0,0,1,1,0,0,1,0,0,0,0,1,1,0,1,0,0,0,1,0,0,0,1,0,0,0,0,0,0,0,1,0,0,0,0,0,0,1,1,0,0,0,0,0,0,0,0,0,0,0,0,0,0,0,0,0,0,0,0,0,0,0,0,0,0,0,0,0,0,0,0,0,0,0,0,0,0,0,0,0,0,0,0,0,0,0,0,0,0,0,0,0,0,0,1,0,0,0,0,0,0,0,0,0,0,0,0,0,0,0,0,0,1,0,1,0,0,0,0,0,0,0,1,0,0,0,0,0,0,0,1,0,0,1,0,1,0,1,0,0,1,0,0,0,1,0,0,0,1,1,0,0,0,1,0,0,1,0,1,0,0,0,0,1,0,0,1,1,0,0,0,1,1,0,0,0,0,0,1,1,1,1,0,1,0,0,1,1,0,1,0,1,1,1,1,1,1,1,1,1,1,1,1,1,1,1,0
11.95042409297052,0.00830185185185206,-1.1463378684807257,0.45703933617160314,10.05,613.9150000000002,1.0,2.3307882752903866,3.7751662098830825,15415.833652770616,7.195269506439019,15.740104602853368,0.0,0.0,5.907179729351506,5.907179729351506,5.969305287951849,9.589074368143644,4.794537184071822,0.0,0.0,0.0,67.77261188120417,17.54159145343321,23.954653800208344,19.490138947056174,91.2436629025426,0.0,5.316788604006331,0.0,6.923737199690624,12.36446058668352,21.837449796590178,0.0,10.633577208012662,5.687386274683562,0.0,67.77261188120417,29.937864124172755,4.794537184071822,10.710546813196189,27.63971455122826,0.0,0.0,95.50000000000001,11.876485017303356,19.490138947056174,0.0,17.034082712745498,16.39793308787975,0.0,13.971409182367815,0.0,67.77261188120417,10.633577208012662,0.0,1.250051020408164,5.6146033257747545,34.61575567208365,14.373478099017385,0.5966185185185187,-1.8773215608465605,0.0,1.3235447373393803,1.4632701877047114,0.18181818181818182,3,0,0,0,2,0,0,0,3,9,0,3,0,0,0,0,0,1,2.5166000000000004,0,0,0,0,1,0,0,0,1,0,0,0,0,2,0,0,0,0,0,0,0,0,0,0,1,0,0,0,0,0,0,0,0,0,0,0,0,0,0,0,0,0,0,0,0,0,0,0,0,0,0,0,0,0,0,0,0,0,0,0,0,0,0,8,3.8473684210526318,1,1,0.0,731.0,3,0.10526315789473684,0.15818713450292393,0.15818713450292393,0.15839724023878324,0.15818713450292393,0.2712959251904937,0.1895862304762655,0.1895862304762655,0.021558544652234054,0,0,0,0,0,1,0,0.45,0.55,0.2,0.1,0.0,0.55,0.15,1,0,0,0,1,1,0,0,0,0,1,0,0,0,0,0,0,0,0,0,0,1,1,0,1,0,0,0,0,0,1,0,0,1,1,0,0,0,0,1,0,0,0,0,0,0,0,0,0,0,0,1,0,0,0,0,0,0,1,1,1,0,0,0,0,0,0,0,0,0,0,0,1,0,1,0,0,1,0,0,1,1,0,0,0,1,0,0,0,1,0,0,0,0,0,0,0,0,0,0,1,0,1,0,0,0,0,0,0,0,0,0,0,0,0,0,0,1,0,0,0,1,0,0,0,1,0,0,0,0,0,0,0,0,0,0,0,0,0,0,0,0,0,0,0,0,0,0,0,0,0,0,0,0,0,1,0,0,0,0,0,0,0,0,0,0,0,0,0,0,0,0,0,0,0,0,0,0,0,0,0,0,0,0,0,0,0,0,0,0,0,0,0,0,0,0,0,0,0,0,0,0,0,0,0,0,0,0,0,0,0,0,0,0,0,1,0,0,0,0,1,1,0,0,0,0,0,0,0,0,0,0,0,0,0,1,0,0,1,0,0,0,0,0,0,1,0,0,0,0,0,1,0,0,0,0,0,0,0,1,0,1,1,1,1,0,0,1,1,0,1,0,1,0,1,0,0,1,1,1,0,0,1,0,1,1,1,1,1,1,1,1,1,1,0
3.213398526077097,0.567037037037037,0.567037037037037,0.6911085509284692,12.909090909090908,149.237,1.2727272727272727,2.0607532263263386,2.508120077819107,370.93558073874095,4.140518333373778,5.316788604006331,0.0,0.0,0.0,0.0,0.0,0.0,0.0,0.0,0.0,30.33183534230805,25.95568229699082,6.041840829147961,0.0,0.0,0.0,0.0,5.316788604006331,0.0,19.386399651764595,7.04767198267719,35.89528683400505,0.0,5.316788604006331,0.0,0.0,0.0,13.08951281182515,6.4208216229260096,0.0,12.487188691387619,0.0,0.0,12.03,0.0,0.0,0.0,0.0,6.041840829147961,6.4208216229260096,5.563451491696996,0.0,13.1140390511388,36.50599407754339,0.0,0.0,0.0,0.0,3.213398526077097,1.3975462962962966,0.0,1.1084722222222223,2.1875,1.9936574074074074,0.4,1,0,0,0,0,0,1,0,1,1,0,3,0,0,0,0,0,1,1.837,0,0,0,0,0,0,0,0,0,0,0,0,0,1,0,0,1,0,0,0,0,0,0,0,0,0,0,0,0,0,0,0,0,0,0,0,0,0,0,0,0,0,0,0,0,0,0,0,0,0,0,0,0,0,0,0,0,0,0,0,0,0,0,7,3.0545454545454547,1,1,0.0,168.0,3,0.2,0.2282828282828283,0.2282828282828283,0.20966349161538703,0.2282828282828283,0.33970857142793903,0.28151752579625133,0.28151752579625133,0.017634276917966797,0,0,0,0,0,1,0,0.09090909090909091,0.9090909090909091,0.0,0.09090909090909091,0.0,0.45454545454545453,0.0,1,1,0,0,0,1,0,0,0,0,0,0,0,0,0,0,0,0,0,0,0,0,1,0,0,0,0,1,0,0,0,0,0,1,0,0,0,0,0,0,0,0,1,0,0,0,0,1,0,1,0,0,0,0,0,0,0,0,0,0,0,0,0,0,1,0,0,0,0,0,0,0,0,0,0,0,0,0,0,1,1,1,0,0,0,0,1,0,0,1,1,0,0,0,0,0,0,0,1,0,1,0,0,0,0,0,0,0,0,0,0,1,0,0,0,1,0,0,0,0,0,0,0,0,0,0,0,0,0,0,0,0,0,0,0,0,0,0,0,0,0,0,0,0,0,0,0,0,0,0,0,0,0,0,0,0,0,0,0,0,0,0,0,0,0,0,0,0,0,0,0,0,0,0,0,0,0,0,0,0,0,0,0,0,0,0,0,0,0,0,0,0,0,0,0,0,0,0,0,0,0,0,0,0,0,0,0,0,0,0,0,0,0,0,0,0,0,0,0,0,0,1,0,0,0,0,0,0,0,0,0,0,1,0,0,0,0,0,0,1,0,0,0,1,1,0,0,0,0,0,0,0,0,0,0,0,0,0,0,0,0,0,0,0,0,0,0,0,0,0,0,0,0,0,0,0,0,1,0,1,0,0,0,1,1,0,1,0,1,1,1,1,0,1,0
11.38055933484505,0.15055555555555533,-0.4777721088435376,0.7472361299391438,12.285714285714286,192.262,1.3571428571428572,2.107230054922333,2.9126516466884773,1131.5825394932926,4.241658708440002,11.050456081168516,0.0,0.0,5.907179729351506,0.0,0.0,4.794537184071822,0.0,0.0,0.0,18.19910120538483,31.898114582465862,5.687386274683562,6.041840829147961,4.794537184071822,11.594566004035068,0.0,0.0,5.733667477162185,26.813052428219834,5.316788604006331,29.32600418877882,0.0,11.050456081168516,5.687386274683562,0.0,0.0,11.949020558499466,4.794537184071822,13.847474399381248,18.050640183084617,0.0,0.0,55.120000000000005,6.041840829147961,4.794537184071822,0.0,5.907179729351506,0.0,16.814289258077554,0.0,6.923737199690624,32.046575604766076,5.316788604006331,5.733667477162185,0.0,0.0,11.38055933484505,2.8139814814814814,8.451320861678004,-0.15055555555555533,0.0,5.593784013605442,0.0,0.36363636363636365,3,0,0,0,1,0,1,0,2,3,0,2,0,0,0,0,1,1,1.58914,0,0,0,0,0,0,0,0,0,0,0,0,0,1,1,0,0,0,0,0,0,0,0,0,1,2,0,0,0,0,0,0,0,0,0,0,0,0,0,0,0,0,0,0,0,0,0,1,0,0,0,0,0,0,0,0,0,0,0,0,0,0,0,7,3.340659340659341,1,1,0.0,304.0,3,0.15384615384615388,0.19505494505494506,0.19505494505494506,0.21429158440348955,0.19505494505494506,0.310433286951144,0.24057441840406138,0.24057441840406138,0.021890701175351274,0,0,0,0,0,1,0,0.21428571428571427,0.7857142857142857,0.07142857142857142,0.14285714285714285,0.0,0.5,0.07142857142857142,1,1,0,0,1,0,0,0,0,0,1,0,0,0,0,1,0,0,1,1,0,0,0,0,1,0,0,1,0,0,0,0,0,1,0,1,0,0,0,1,0,0,0,0,0,0,0,0,0,0,0,0,1,0,0,0,0,0,1,0,0,1,0,0,1,0,0,0,0,0,0,0,0,0,0,0,1,1,0,1,0,1,0,0,0,0,1,0,0,0,0,0,0,0,0,0,0,0,0,0,1,0,0,0,0,0,0,0,0,0,0,1,0,0,1,0,0,0,0,0,0,0,0,0,0,1,0,0,0,0,0,0,0,0,0,0,0,0,0,0,0,0,0,0,0,0,0,0,0,0,0,0,0,0,0,0,0,0,0,0,0,0,0,0,0,0,0,0,0,0,0,0,0,0,0,0,0,0,0,0,0,0,1,0,0,0,0,0,0,0,0,0,0,0,0,0,0,0,0,0,0,0,0,0,0,0,0,1,0,0,0,0,1,0,0,0,0,0,0,0,1,0,0,1,0,0,0,0,0,0,0,0,0,0,0,0,0,0,1,0,0,0,0,0,0,1,0,0,0,0,0,0,0,0,0,0,0,0,0,1,0,1,0,1,0,0,0,0,0,1,1,0,1,0,0,0,0,1,1,1,0,0,1,0,1,0,1,0,1,1,1,1,1,1,0
10.516046233308138,0.24426209372637975,-0.9434274481397498,0.5889273835481439,10.428571428571429,193.206,1.2857142857142858,2.1506746099149447,2.7843380621672695,1264.5966706299876,4.361157693227305,5.106527394840706,0.0,0.0,0.0,0.0,5.969305287951849,5.008912523954532,4.794537184071822,0.0,5.114250125629398,5.2232529187334515,24.26546827384644,14.09534396535438,11.250837766380558,9.901064578912528,11.656691562635412,0.0,5.008912523954532,10.33750304436285,0.0,14.09534396535438,29.828919765543436,0.0,0.0,5.687386274683562,0.0,0.0,30.180089172101468,0.0,0.0,10.357988675768818,0.0,0.0,65.26,5.969305287951849,4.794537184071822,0.0,5.563451491696996,5.687386274683562,0.0,12.13273413692322,31.23699062623213,0.0,10.33750304436285,5.106527394840706,0.0,0.0,10.516046233308138,17.8366016313933,0.8726880196523059,-0.9434274481397498,0.0,0.0,3.518091563786008,0.2222222222222222,1,0,0,0,0,0,0,0,3,5,0,3,0,0,0,0,0,1,1.9451,0,0,0,0,1,0,0,0,1,0,0,0,3,0,0,0,0,0,0,0,0,0,0,0,0,0,0,0,0,0,0,0,0,0,0,0,0,0,0,0,0,0,0,0,0,0,0,0,0,0,0,0,0,0,0,0,0,0,0,0,0,0,0,9,3.8131868131868134,1,1,0.0,347.0,3,0.15384615384615383,0.23443223443223443,0.23443223443223443,0.17437301787258633,0.23443223443223443,0.2742987548305886,0.23770096361139212,0.23770096361139212,0.019003542605885992,0,0,0,0,0,1,0,0.35714285714285715,0.6428571428571429,0.14285714285714285,0.21428571428571427,0.0,0.42857142857142855,0.14285714285714285,0,0,0,0,0,1,0,0,0,0,1,1,0,0,0,0,0,0,0,0,0,0,0,0,0,0,0,0,0,0,0,0,0,1,0,1,0,0,0,1,0,0,0,0,0,0,0,1,0,0,0,1,0,0,0,0,0,0,0,0,0,0,1,0,0,0,0,0,0,0,0,0,1,0,1,1,0,0,0,0,0,1,0,0,0,1,1,0,0,0,0,0,0,0,0,0,0,1,0,0,1,0,1,0,0,1,1,0,1,0,0,0,0,1,1,0,0,0,0,0,0,0,0,0,0,1,0,0,0,0,0,0,0,0,0,0,0,0,0,0,0,0,0,0,0,0,0,0,0,0,0,0,0,0,0,0,0,0,0,0,0,0,0,0,0,0,0,0,0,0,0,0,0,0,0,0,0,0,0,0,1,0,0,0,0,0,0,0,0,0,0,0,0,0,0,0,0,0,1,0,0,0,1,0,0,1,0,0,0,0,0,0,0,0,1,0,0,0,0,0,0,1,1,0,0,0,0,0,0,0,0,0,0,0,0,0,0,0,0,0,0,0,0,0,0,0,0,1,0,0,1,1,1,0,0,0,0,0,1,0,0,1,0,1,0,0,0,1,0,0,1,0,0,0,0,0,1,1,0,0,0,0,1,0,1,1,1,1,1,1,1,1,1,1,0
12.437748094608214,0.18841080876795124,-4.252546650604686,0.8383597745599246,13.8125,231.26099999999997,1.3125,2.1670716272693427,2.750582347098714,2704.5053908321397,5.344160556818799,5.316788604006331,0.0,0.0,0.0,0.0,6.176298517443475,0.0,0.0,13.171245143024459,0.0,25.122838405075452,31.519133788687814,6.041840829147961,5.563451491696996,13.171245143024459,0.0,0.0,5.316788604006331,0.0,32.4864353688987,6.544756405912575,35.392371257240434,0.0,5.316788604006331,13.171245143024459,0.0,0.0,12.586597235060536,12.597120140369483,0.0,24.974377382775238,0.0,0.0,12.03,11.73975000914047,13.171245143024459,0.0,6.041840829147961,11.984273114623004,12.611123474374185,12.13273413692322,6.06636706846161,13.847474399381248,5.316788604006331,0.0,37.313244283824645,0.0,0.0,3.170911044973545,0.13608654572940293,0.0,-3.6436577617157972,4.756474985827664,0.0,0.5,1,0,0,0,0,0,1,0,1,4,0,4,0,0,0,0,0,1,3.2459000000000024,0,0,0,0,0,0,0,0,0,0,0,0,0,1,0,0,1,0,0,0,0,3,0,0,0,0,0,0,0,0,0,0,0,0,0,0,0,0,0,0,0,0,0,0,0,0,0,0,0,0,0,0,0,0,0,0,0,0,0,0,0,0,0,9,3.9166666666666665,1,1,0.0,470.0,4,0.13333333333333333,0.20833333333333337,0.20833333333333337,0.20098608947702154,0.20833333333333337,0.2659182376009061,0.21611112413829356,0.21611112413829356,0.020332008183103295,0,0,0,0,0,1,0,0.25,0.75,0.0,0.0625,0.0,0.625,0.0,1,1,0,0,0,0,0,0,1,1,0,0,0,0,1,1,0,0,0,0,0,0,0,0,0,0,0,1,1,0,0,0,0,1,0,1,0,0,1,0,0,1,1,0,1,1,0,0,0,0,0,0,0,0,0,0,0,0,0,0,0,0,1,0,1,0,0,0,0,0,1,0,0,0,0,0,0,0,0,1,1,1,0,0,0,0,1,0,1,0,1,0,0,0,0,0,0,1,1,0,1,0,0,0,0,0,0,1,1,0,0,0,0,0,1,0,0,0,0,0,0,0,0,0,0,0,0,0,0,0,0,0,0,0,0,0,0,0,0,0,0,0,0,0,0,0,0,0,0,0,0,0,0,0,0,0,0,0,0,0,0,0,0,0,0,0,0,0,0,0,1,0,0,0,0,0,0,0,0,0,0,0,0,0,0,0,0,0,0,0,0,0,0,0,0,0,0,0,0,0,0,0,0,0,0,0,0,0,0,0,1,0,0,0,0,0,0,0,0,0,0,0,0,0,0,0,0,0,1,0,0,0,1,0,1,1,1,0,0,1,1,0,1,1,1,0,0,0,0,0,0,0,0,0,0,0,0,1,0,0,0,0,1,0,0,0,0,0,0,0,0,0,0,0,0,0,0,1,0,1,0,1,0,1,1,0,1,0,1,1,1,1,0,1,0
11.702011999244142,0.005973639455781887,-3.8273711892164264,0.8794576573550539,10.941176470588236,276.745,1.2941176470588236,2.2605170869189917,2.750346436287121,4729.001745834531,5.8806369536687235,5.316788604006331,0.0,0.0,0.0,10.023291153407584,6.031114512338072,0.0,17.934429032852847,0.0,0.0,18.524677089923138,30.686289896772447,11.567389719653901,4.895483475517775,13.212334168400758,27.655345555978172,0.0,10.038883468458419,0.0,18.24004229813441,6.544756405912575,29.288101587587764,0.0,10.038883468458419,4.794537184071822,0.0,11.600939890232516,20.993667902579585,10.023291153407584,0.0,13.344558822616634,5.022633313741326,0.0,75.27000000000001,16.054405665745655,13.212334168400758,0.0,4.895483475517775,11.567389719653901,6.4208216229260096,24.26546827384644,0.0,11.645832064142713,5.316788604006331,11.600939890232516,25.309940476190476,5.641495691413319,11.224398288121835,2.8442882874589834,0.0,0.0,0.7305679931139887,2.287644801620271,-3.8273711892164264,0.3,2,0,0,0,2,0,0,0,3,7,0,4,0,0,0,0,0,1,1.7379,0,0,0,0,0,0,0,0,0,0,0,0,0,2,0,0,0,0,0,0,0,0,0,0,0,0,0,0,0,0,0,0,0,0,0,0,0,0,0,0,0,0,0,0,0,0,0,0,0,0,0,0,0,0,0,1,0,0,0,0,0,0,1,11,4.161764705882353,1,1,0.0,566.0,4,0.125,0.21078431372549022,0.21078431372549022,0.2054061954114771,0.21078431372549022,0.2517823329853392,0.20566113995899601,0.20566113995899601,0.019477038962844792,0,0,0,0,0,1,0,0.4117647058823529,0.5882352941176471,0.17647058823529413,0.11764705882352941,0.058823529411764705,0.47058823529411764,0.17647058823529413,1,0,0,0,0,0,0,0,0,0,1,0,0,0,0,0,0,0,0,1,0,0,0,0,0,0,1,1,0,0,0,0,0,1,0,0,0,0,1,1,0,1,0,0,0,0,1,0,1,1,0,1,0,0,0,0,0,0,0,0,0,0,0,1,0,0,0,0,1,1,1,0,0,0,0,1,0,0,0,0,1,1,0,0,0,0,1,0,1,0,0,0,0,0,1,0,0,0,0,0,1,0,0,0,0,0,0,0,0,1,0,0,0,0,0,1,0,0,1,0,0,0,0,0,0,1,0,0,0,0,0,0,0,0,0,0,0,0,0,0,0,0,0,0,0,0,0,0,0,0,0,0,0,0,0,0,0,0,0,0,1,1,0,0,0,1,0,0,0,0,0,1,0,0,0,0,0,0,0,1,0,0,0,1,0,0,1,1,1,1,0,0,1,0,0,1,0,1,0,0,0,1,0,0,0,1,0,0,0,1,1,0,0,0,0,1,1,1,1,1,0,0,1,0,0,1,0,0,1,0,1,1,1,0,1,1,0,0,1,1,1,0,1,1,0,1,1,0,0,0,0,0,1,0,0,0,0,0,1,1,0,0,1,0,1,0,0,0,0,0,1,0,0,0,1,1,1,0,0,1,0,1,1,1,1,0,1,1,1,1,1,1,1,1,0
10.74650781595826,0.2234260215794306,-0.5484295214999584,0.637673978167625,12.421052631578947,266.34099999999995,1.368421052631579,2.345334627091968,2.346203475304779,13068.204542156445,7.759435821524982,20.893846429809273,18.460360185545124,0.0,5.907179729351506,0.0,0.0,4.794537184071822,0.0,0.0,0.0,25.980208536304467,17.696185628620217,12.586597235060536,6.4208216229260096,14.637927532712578,5.907179729351506,0.0,5.316788604006331,5.733667477162185,32.41410323920353,13.151638370425493,29.828919765543436,5.749511833283905,15.787319034968565,0.0,5.749511833283905,0.0,36.31115271151397,11.21535880699783,0.0,19.410925891078243,0.0,0.0,84.57999999999998,6.103966387748303,9.901064578912528,0.0,18.934883316790433,18.33610906834444,5.563451491696996,0.0,24.26546827384644,13.847474399381248,5.316788604006331,10.470530430962235,5.453870937263795,0.0,10.74650781595826,12.815085272605115,5.9573771903383275,0.30617384866611386,-0.3250034999205278,4.766257426351291,0.0,0.5,4,0,0,0,1,0,1,0,4,5,0,8,0,0,0,0,1,1,0.45210000000000006,0,1,1,0,0,0,0,0,0,0,0,0,0,1,1,0,0,0,0,0,0,0,0,0,0,0,0,0,0,0,1,0,0,0,0,0,0,0,0,0,0,0,0,0,0,0,0,0,0,0,0,1,0,0,0,0,0,0,0,0,0,0,0,13,5.204678362573099,1,1,0.0,890.0,3,0.11111111111111112,0.2473340213278294,0.2473340213278294,0.18393497789332314,0.2473340213278294,0.2010221903821502,0.19122250946193142,0.19122250946193142,0.015348945129140435,0,0,0,0,0,1,0,0.2631578947368421,0.7368421052631579,0.15789473684210525,0.10526315789473684,0.0,0.631578947368421,0.05263157894736842,1,1,0,0,1,0,0,0,0,0,1,0,1,0,1,0,0,1,1,1,0,0,0,1,0,0,0,1,0,0,0,0,0,1,0,0,0,1,1,1,0,1,0,0,1,0,1,0,0,0,0,0,0,0,1,1,0,0,0,0,0,0,0,0,0,0,1,0,0,1,0,0,0,0,0,0,0,0,1,0,1,1,0,0,0,0,1,0,0,0,1,0,0,0,1,0,0,0,0,1,1,0,1,0,0,0,1,1,0,0,1,0,0,0,0,0,0,0,1,0,0,0,0,0,0,1,0,0,0,0,0,0,0,0,0,0,0,0,0,0,0,0,0,0,0,0,0,0,0,0,0,0,0,0,0,0,0,0,0,0,0,0,0,0,0,0,0,0,0,0,0,0,0,0,0,0,0,0,0,0,0,0,1,0,0,0,0,0,0,0,0,0,0,0,0,0,0,0,0,0,1,0,1,0,0,0,0,0,0,0,1,0,1,0,0,0,0,0,1,0,1,0,0,1,0,1,0,0,1,0,0,0,1,0,0,0,0,1,1,1,0,1,0,0,1,1,0,0,0,0,0,0,0,0,1,1,0,0,0,1,1,0,0,0,0,0,1,1,0,0,1,1,0,0,1,0,0,1,0,1,1,1,1,1,1,1,1,1,1,1,1,1,1,1,0
13.178971792531929,0.10086045708406788,-1.160924106047699,0.1647921655486171,12.78125,791.115,1.0,2.7427535752647967,3.5741756190081495,4759313.771913883,14.1190011060047,40.69645947202601,6.606881964512918,0.0,5.907179729351506,11.814359458703011,0.0,14.383611552215466,0.0,0.0,0.0,0.0,67.77261188120417,30.81716460684527,49.37635050473079,39.54658408537833,91.18153734394225,0.0,10.216698334856808,0.0,12.207932775496605,52.38441683332495,21.837449796590178,0.0,10.633577208012662,5.687386274683562,0.0,67.77261188120417,102.32311950308305,9.53140013787187,10.710546813196189,20.715977351537635,0.0,0.0,168.66,43.14323589257695,24.596666341896878,0.0,36.51068403441562,10.710546813196189,0.0,19.057379254805202,0.0,67.77261188120417,10.633577208012662,14.94991774348146,5.874050999923946,5.630630963564387,39.45199295649236,42.44413207675402,0.46272028638615903,-1.6384469891833875,-2.307465496046014,-1.6796790913065567,2.7887309600817467,0.5,6,0,0,0,3,0,2,0,8,14,0,11,0,0,0,0,2,1,-0.4065000000000002,0,4,4,0,0,0,0,0,0,0,0,0,1,2,0,0,1,0,0,0,0,0,0,0,1,0,0,0,0,0,1,0,0,0,0,0,0,0,0,0,0,1,0,0,0,0,0,0,0,0,0,0,0,0,0,0,0,0,0,0,0,0,0,14,5.814516129032258,1,1,0.0,2884.0,3,0.06451612903225806,0.16048387096774192,0.16048387096774192,0.1554737481646541,0.16048387096774192,0.18133672874199344,0.13116119897906042,0.13116119897906042,0.015572067594106512,0,0,0,0,0,1,0,0.4375,0.5625,0.25,0.09375,0.0,0.71875,0.09375,1,1,0,0,0,0,0,0,0,0,1,1,0,0,0,0,0,0,0,0,0,1,1,0,1,0,0,0,0,0,1,1,0,1,1,0,0,0,0,1,1,1,0,1,0,0,0,0,0,0,0,1,0,0,0,1,0,1,1,0,1,0,0,1,0,0,0,1,1,1,0,0,0,1,1,0,0,1,1,0,1,0,1,0,1,1,0,0,0,0,0,0,0,0,1,0,0,0,1,1,1,0,1,0,0,0,0,0,0,1,0,0,0,1,0,0,0,0,1,0,0,0,0,0,0,1,0,0,0,0,0,0,0,0,0,0,0,0,0,0,0,0,0,0,0,0,0,0,0,0,0,0,0,0,0,1,0,0,0,0,0,0,0,0,0,0,0,0,0,0,0,0,0,0,0,0,0,0,0,0,0,1,1,0,0,0,0,0,0,0,0,0,0,0,0,0,0,0,0,0,1,0,0,0,0,0,0,0,0,0,1,0,0,1,1,1,0,0,1,0,1,1,0,1,0,1,0,0,1,0,0,0,1,0,0,1,1,1,1,1,0,0,0,1,0,1,0,0,0,0,1,0,0,0,1,0,0,0,0,1,1,1,1,1,1,0,1,1,1,0,1,0,1,0,1,0,1,1,1,1,1,1,1,1,1,1,1,1,1,1,1,1,1,1,0
9.72607924092502,0.3027160493827161,-0.4902148835378455,0.7135696186852986,12.68421052631579,267.36899999999997,1.2105263157894737,2.41338216918104,2.285695819256649,16005.550546008659,8.908256708575717,19.897041906447136,18.460360185545127,0.0,0.0,0.0,0.0,0.0,0.0,0.0,0.0,25.980208536304467,24.117007251546223,19.69639477633807,6.606881964512918,14.580253302440804,0.0,0.0,5.316788604006331,0.0,32.41410323920352,26.868317876215947,29.828919765543436,5.749511833283905,10.05365155780638,0.0,5.749511833283905,0.0,44.12065248795291,11.157684576726059,0.0,19.410925891078243,0.0,0.0,50.72,6.103966387748303,5.106527394840706,0.0,0.0,19.193479199573453,18.777215420722833,5.563451491696996,7.109797541277533,38.11294267322769,5.316788604006331,9.473725907600098,10.568141544202149,0.0,0.0,12.895984623836634,1.2187249207789435,0.782188681027967,0.4102944713749186,5.665825091731929,1.6984755706839871,0.6,2,0,0,0,0,0,1,0,4,4,0,9,0,0,0,0,1,1,1.6132,0,1,1,0,0,0,0,0,0,0,0,0,0,1,0,0,0,0,0,0,0,0,0,0,0,0,0,0,0,0,2,0,0,0,0,0,0,0,0,0,0,1,0,0,0,0,0,0,0,0,0,0,0,0,0,0,0,0,0,0,0,0,0,14,5.298245614035087,1,1,0.0,906.0,3,0.11111111111111112,0.2528379772961817,0.2528379772961817,0.17771545063239833,0.2528379772961817,0.19803295806758875,0.18913485921131282,0.18913485921131282,0.014103709227074464,0,0,0,0,0,1,0,0.21052631578947367,0.7894736842105263,0.15789473684210525,0.05263157894736842,0.0,0.6842105263157895,0.0,1,1,0,0,1,0,0,0,0,0,0,0,0,1,1,0,0,0,1,0,0,1,0,0,0,0,0,1,0,0,0,0,0,1,0,0,0,1,1,1,0,1,0,0,1,0,1,0,0,0,0,0,0,0,1,1,0,0,0,0,0,0,0,0,0,0,1,0,0,0,0,0,0,1,0,0,0,0,1,0,1,1,0,0,0,0,1,0,0,0,1,1,0,0,1,0,0,0,0,1,1,0,1,1,0,0,0,0,0,1,1,0,0,0,0,0,0,0,1,0,0,0,0,0,0,0,0,0,0,0,0,0,0,0,0,0,0,0,0,0,0,0,0,0,0,0,0,0,0,0,0,0,0,0,0,0,0,0,0,0,0,0,0,0,0,0,0,0,0,0,0,0,0,0,0,0,0,0,0,0,0,0,1,0,0,0,0,0,0,0,0,0,0,0,0,0,0,0,0,0,1,0,1,0,0,0,0,0,0,0,1,0,0,0,1,0,0,0,1,0,0,1,0,1,0,1,0,0,1,0,0,0,1,0,0,0,0,1,0,0,0,1,0,1,1,0,1,0,0,0,0,0,0,0,1,1,0,0,0,1,1,0,0,0,0,0,1,1,0,1,0,1,0,0,1,1,0,1,0,1,1,1,0,1,1,1,1,1,1,1,1,1,1,1,0
11.304786365163348,0.13230142983119153,-1.3258233558702537,0.4090709280478973,13.85,323.13199999999995,1.35,2.4316702479283396,2.821158149823159,20854.00404623344,7.392954608862727,15.529843393687743,6.103966387748303,4.836269690250055,0.0,11.594566004035068,0.0,14.908855452837393,0.0,0.0,0.0,23.20187978046503,17.696185628620217,12.13273413692322,17.57203384247855,19.930903022570906,34.7964457845001,0.0,5.316788604006331,0.0,16.98207690714632,6.606881964512918,39.94323803430901,0.0,5.316788604006331,5.687386274683562,0.0,23.20187978046503,38.52853805176152,4.794537184071822,10.114318268765572,11.6674178794453,0.0,0.0,112.70000000000002,34.41944964982841,20.0153828476781,0.0,5.687386274683562,5.563451491696996,0.0,24.26546827384644,0.0,0.0,5.316788604006331,28.30840717530574,0.0,10.701515153828765,19.911924964098485,31.946182154335563,0.16922162383471995,-0.7561620265390101,-1.2529283194759382,-0.5511984284454523,0.0,0.36363636363636365,3,0,0,0,1,0,2,0,5,9,0,6,0,0,0,0,0,1,0.9089999999999998,0,2,2,0,0,0,0,0,0,0,0,0,1,1,0,0,0,0,0,0,0,2,0,0,0,0,0,0,0,0,0,0,0,0,0,0,0,0,0,0,0,0,0,1,1,0,0,0,0,0,0,0,0,0,0,0,0,0,0,0,0,0,0,11,4.631578947368421,1,1,0.0,880.0,3,0.10526315789473686,0.20175438596491224,0.20175438596491224,0.19626832246458978,0.20175438596491224,0.2253776707521576,0.19653611325425907,0.19653611325425907,0.018314442602149185,0,0,0,0,0,1,0,0.45,0.55,0.25,0.1,0.0,0.6,0.1,1,1,0,0,0,0,0,0,0,0,1,0,0,0,0,0,0,1,1,1,0,0,1,0,0,0,0,1,0,0,0,0,0,0,0,0,0,1,0,1,0,0,0,1,0,0,0,0,0,0,0,0,0,0,0,0,1,0,0,0,0,1,1,0,0,1,0,0,0,0,1,0,0,0,0,1,0,0,0,0,1,1,0,0,0,1,1,0,0,0,0,0,1,0,1,0,0,0,1,1,1,0,0,0,0,0,0,0,0,0,0,0,0,1,0,0,0,1,1,1,0,0,1,0,0,1,0,0,0,0,0,0,0,0,0,0,0,0,0,0,0,0,0,0,0,0,0,0,0,0,0,0,1,0,0,0,0,0,0,0,0,0,0,0,0,0,0,0,0,0,0,0,0,0,0,0,0,1,0,0,0,1,1,0,1,0,0,0,0,0,0,1,0,0,0,0,0,0,1,1,0,0,0,0,0,0,0,0,0,0,1,0,0,0,0,0,0,1,1,0,1,0,1,1,0,0,0,0,0,0,1,1,1,0,0,1,0,1,1,1,0,0,0,0,0,1,0,1,0,0,1,0,1,0,0,0,0,0,1,1,0,1,1,1,1,0,0,1,1,0,1,0,0,0,1,0,1,0,0,1,1,1,1,1,1,1,1,1,0,1,1,1,1,1,0
10.611948223733938,0.01601851851851821,-1.1140277777777776,0.5501217966938848,9.307692307692308,180.15899999999996,1.3076923076923077,2.0325369160995868,3.0435273546341013,729.6807528797516,3.7092512583454584,9.843390348640755,11.3129633249809,0.0,0.0,0.0,11.938610575903699,4.794537184071822,4.794537184071822,0.0,0.0,12.13273413692322,12.13273413692322,6.923737199690624,0.0,19.432464716784395,11.938610575903699,0.0,0.0,0.0,6.923737199690624,0.0,29.828919765543436,5.749511833283905,4.736862953800049,0.0,5.749511833283905,0.0,17.045137970744406,4.794537184071822,0.0,17.28172587545944,0.0,0.0,63.60000000000001,11.938610575903699,9.589074368143644,0.0,11.3129633249809,0.0,0.0,19.056471336613843,12.13273413692322,0.0,4.736862953800049,5.106527394840706,4.686898148148147,0.0,21.184767573696142,8.687243008314436,-0.01601851851851821,-1.575879629629629,0.0,1.2208635676492818,0.0,0.1111111111111111,1,0,0,0,0,0,0,0,3,4,0,2,0,0,0,0,0,1,1.3101,0,0,0,0,1,0,0,0,1,0,0,0,0,0,0,0,0,0,0,0,0,0,0,0,0,0,0,0,0,1,1,0,0,0,0,0,0,0,0,0,0,0,0,0,0,0,0,1,0,0,0,0,0,0,0,0,0,0,0,0,0,0,0,6,3.1538461538461537,1,1,0.0,246.0,3,0.16666666666666669,0.19580419580419584,0.19580419580419584,0.20318867448626066,0.19580419580419584,0.330323080689858,0.2503034158337348,0.2503034158337348,0.02116016269469727,0,0,0,0,0,1,0,0.3076923076923077,0.6923076923076923,0.3076923076923077,0.0,0.0,0.38461538461538464,0.15384615384615385,0,0,1,0,0,1,0,0,0,0,1,1,0,1,0,0,0,0,0,0,0,0,0,1,0,0,0,0,0,0,0,0,0,1,0,0,0,0,0,1,0,0,0,0,0,0,0,1,0,0,1,0,0,0,0,1,0,0,0,0,1,0,0,0,1,1,0,0,0,0,0,1,1,0,0,0,0,0,0,0,1,1,0,0,0,0,1,0,0,0,0,0,0,0,0,0,0,0,0,0,1,0,0,0,0,0,0,0,0,0,0,1,0,0,0,0,0,0,0,0,0,1,0,0,0,1,0,0,0,0,0,0,0,0,0,0,0,0,0,0,0,0,0,0,0,0,0,0,0,0,0,0,0,0,0,0,0,0,0,0,0,0,0,0,0,0,0,0,0,0,0,0,0,0,0,0,0,0,0,0,0,0,0,0,0,0,0,0,0,0,0,0,0,0,0,0,0,0,0,0,0,0,0,0,0,0,0,0,0,0,0,0,0,0,0,0,0,1,0,0,0,0,0,0,0,0,0,0,0,0,0,0,0,0,0,0,0,0,0,0,0,1,0,0,0,0,0,0,0,0,0,1,0,0,1,1,0,0,0,0,0,0,0,0,1,0,0,1,1,0,0,1,1,0,1,0,0,0,1,0,1,0,1,0,0,1,0,1,1,0,1,1,1,1,0
11.392447430083145,0.05473703703703725,-1.1172184429327283,0.4569915391683752,10.05,613.9150000000002,0.85,2.2901201081861373,3.6760023940844433,14015.535062099161,7.195269506439019,15.740104602853368,0.0,0.0,11.814359458703011,0.0,5.969305287951849,9.589074368143644,4.794537184071822,0.0,0.0,0.0,67.77261188120417,13.847474399381248,27.648770854260306,19.490138947056174,96.93104917722616,0.0,0.0,0.0,13.847474399381248,10.633577208012662,16.273998304893183,0.0,10.633577208012662,11.374772549367124,0.0,67.77261188120417,22.890192141495568,9.589074368143644,10.710546813196189,24.205463075150064,0.0,0.0,95.50000000000001,5.969305287951849,19.490138947056174,0.0,17.377810950400008,22.08531936256331,0.0,13.847474399381248,0.0,67.77261188120417,10.633577208012662,0.0,1.4381519274376422,5.713592705971278,33.91796109851348,14.528235411942553,0.8330074074074076,-1.742859297052153,0.0,2.6719107457797935,0.0,0.18181818181818182,3,0,0,0,2,0,0,0,3,9,0,3,0,0,0,0,0,1,3.1154,0,0,0,0,1,0,0,0,1,0,0,0,0,2,0,0,0,0,0,0,0,0,0,0,2,0,0,0,0,0,0,0,0,0,0,0,0,0,0,0,0,0,0,0,0,0,0,0,0,0,0,0,0,0,0,0,0,0,0,0,0,0,0,8,3.9263157894736844,1,1,0.0,746.0,3,0.10526315789473684,0.16257309941520465,0.16257309941520465,0.1577603933564434,0.16257309941520465,0.2661859417955477,0.1882487426266331,0.1882487426266331,0.021157925581887504,0,0,0,0,0,1,0,0.45,0.55,0.2,0.1,0.0,0.55,0.15,1,0,0,0,0,1,0,0,0,0,1,0,0,0,0,0,0,0,0,0,0,1,0,0,1,0,0,0,0,0,1,0,0,1,0,0,0,0,0,1,0,0,0,0,0,0,0,0,0,0,0,1,0,0,0,0,0,0,0,1,1,0,0,0,0,0,0,0,0,0,0,0,1,0,1,0,0,0,0,0,1,1,0,0,0,1,0,0,0,1,0,0,0,0,0,0,0,0,0,0,1,0,0,0,0,0,0,0,0,0,0,0,0,0,0,0,0,1,0,0,0,1,0,0,0,1,0,0,0,0,0,0,0,0,0,0,0,0,0,0,0,0,0,0,0,0,0,0,0,0,0,0,0,0,0,1,0,0,0,0,0,0,0,0,0,0,0,0,0,0,0,0,0,0,0,0,0,0,0,0,0,1,0,0,0,0,0,0,0,0,0,0,0,0,0,0,0,0,0,0,0,0,0,0,0,0,0,0,1,0,0,0,0,0,0,1,0,0,0,0,1,0,0,0,0,0,0,0,0,0,0,0,0,0,0,1,0,0,1,0,0,0,0,0,0,1,0,0,0,0,0,1,0,0,0,0,0,0,0,1,0,1,1,1,1,0,0,1,1,0,1,0,1,0,1,0,0,1,1,1,0,0,1,0,1,1,1,1,1,1,1,1,1,1,0
9.968935185185185,0.048361638636936766,-0.6526620370370377,0.6389509580864461,13.705882352941176,239.315,1.2941176470588236,2.2528393175016586,2.7202058661391737,4163.247058743065,5.489653133998208,20.63637078852845,5.749511833283905,0.0,0.0,0.0,0.0,0.0,0.0,0.0,0.0,6.06636706846161,38.46739722769209,17.647133149992914,12.71084835226122,15.319582184522117,0.0,0.0,5.316788604006331,0.0,39.020985203716435,6.544756405912575,29.32600418877882,5.749511833283905,5.316788604006331,0.0,5.749511833283905,0.0,27.403263842818035,6.606881964512918,0.0,38.002080970214166,0.0,0.0,72.72,6.103966387748303,10.213054789681411,0.0,17.89531905018017,17.671659389306566,0.0,6.06636706846161,12.13273413692322,20.771211599071872,5.316788604006331,5.106527394840706,0.0,0.0,0.0,31.6113353489544,1.0541228898966999,0.048361638636936766,-0.6526620370370377,6.2632119630259515,0.0,0.5384615384615384,4,0,0,0,0,0,1,0,4,4,0,4,0,0,0,0,1,1,1.3059999999999998,0,2,2,0,0,0,0,1,0,0,1,0,0,1,0,0,0,0,0,0,0,0,0,0,0,0,0,0,0,0,0,0,0,0,0,0,0,0,0,0,0,0,0,0,0,0,0,0,0,0,0,0,0,0,0,0,0,0,0,0,0,0,0,9,4.117647058823529,1,1,0.0,560.0,4,0.125,0.20784313725490194,0.20784313725490194,0.2006722889462866,0.20784313725490194,0.25251520392977556,0.21307185018712752,0.21307185018712752,0.02049325105082563,0,0,0,0,0,1,0,0.23529411764705882,0.7647058823529411,0.17647058823529413,0.058823529411764705,0.0,0.6470588235294118,0.0,1,1,0,0,0,0,0,0,1,0,0,0,0,1,0,0,0,0,0,0,0,0,0,0,0,0,1,0,0,0,0,0,0,1,0,0,1,1,0,1,0,0,1,0,0,0,0,0,0,0,0,0,0,0,0,0,0,0,0,0,0,1,0,0,0,1,1,1,0,1,0,1,0,0,0,1,0,0,0,0,1,1,1,0,0,1,1,0,0,1,0,1,0,0,1,0,0,0,0,1,1,0,0,0,0,0,0,1,0,0,0,0,0,0,1,0,0,0,0,0,1,0,0,0,0,0,0,0,0,0,0,0,0,0,0,0,0,0,0,0,0,0,0,0,0,0,0,0,0,0,0,0,0,0,0,0,0,0,0,0,0,0,0,0,0,0,0,0,0,0,0,0,0,0,0,0,0,0,0,0,0,1,1,0,0,0,0,0,0,0,0,0,0,0,1,0,0,0,0,0,0,0,1,0,0,0,0,0,0,0,1,0,0,0,0,0,0,1,1,0,0,0,0,1,0,0,0,0,1,0,0,0,1,0,0,0,0,1,0,0,1,1,0,0,1,0,0,0,0,0,0,0,0,0,0,1,0,0,0,1,1,0,0,0,0,0,1,1,0,1,0,1,1,0,1,0,0,1,1,1,1,1,0,1,1,1,1,1,1,1,1,1,1,1,0
11.27809019904258,0.0018981481481483709,-0.4189814814814816,0.5462961576523643,9.733333333333333,246.097,1.4,2.1014449858071167,2.8039049148872115,1714.7791084186072,4.999959064613898,5.733667477162185,0.0,5.959554568743835,5.907179729351506,0.0,0.0,15.520609393869673,0.0,0.0,0.0,29.268246848926644,17.696185628620217,10.045266627482652,6.4208216229260096,4.794537184071822,35.06861407856037,5.409283605791522,5.316788604006331,5.733667477162185,6.4208216229260096,0.0,33.80781932456448,0.0,11.050456081168516,0.0,0.0,23.20187978046503,11.866734298095341,11.21535880699783,5.409283605791522,5.563451491696996,10.045266627482652,0.0,78.97,11.866734298095341,4.794537184071822,0.0,6.4208216229260096,15.608718119179649,0.0,0.0,18.19910120538483,0.0,5.316788604006331,34.34483086341874,0.0,11.721547933988408,11.27809019904258,9.86388573948098,5.535886243386243,-0.8188184996220707,-0.0018981481481483709,0.0,0.0,0.1111111111111111,4,0,0,0,1,0,0,0,2,6,0,2,0,0,0,0,0,1,1.5455700000000003,0,0,0,0,0,0,0,0,0,0,0,0,0,2,1,0,0,0,0,0,0,0,0,0,0,0,0,0,0,0,0,0,1,0,0,0,0,0,0,0,0,0,0,0,0,0,0,0,0,0,0,0,0,0,0,0,0,0,0,0,0,0,0,8,3.657142857142857,1,1,0.0,384.0,3,0.14285714285714285,0.20439560439560442,0.20439560439560442,0.21447066311811666,0.20439560439560442,0.2841333411527156,0.22527747490389113,0.22527747490389113,0.020216267275938647,0,0,0,0,0,1,0,0.4,0.6,0.06666666666666667,0.2,0.0,0.4666666666666667,0.13333333333333333,1,0,0,0,0,0,0,0,0,0,1,0,1,0,0,1,0,0,0,1,0,0,0,0,0,0,0,0,0,0,0,0,0,0,0,0,0,0,0,1,0,1,0,1,1,0,0,0,0,1,1,0,0,0,0,0,0,0,0,0,0,0,0,0,1,0,0,0,0,1,0,0,0,0,0,0,0,0,1,0,1,1,0,0,0,0,1,0,0,0,0,0,0,0,0,1,0,0,0,0,1,0,0,0,0,0,0,0,0,0,1,1,0,0,1,0,0,0,1,0,0,0,0,0,0,1,0,0,0,0,0,0,0,0,0,0,0,0,0,0,0,0,0,0,0,0,0,0,0,0,0,0,0,1,0,0,0,0,0,0,0,0,0,0,0,0,0,0,0,0,0,1,0,0,0,0,0,0,0,0,0,0,0,0,0,0,0,0,0,0,0,0,0,0,0,0,0,0,0,0,0,0,0,0,0,1,1,0,0,0,0,0,1,0,0,1,0,0,0,1,1,0,0,0,0,1,0,0,0,0,0,1,1,0,1,1,0,0,1,1,0,0,0,0,0,1,0,1,0,0,0,0,0,0,0,0,0,0,0,1,1,0,1,0,0,0,0,0,0,0,1,0,1,0,0,0,0,0,1,1,0,0,1,1,1,0,1,0,0,1,1,1,1,1,0
13.162473107555778,0.004182431202933712,-1.0337941450684955,0.4084054154434649,11.733333333333333,461.3860000000001,1.1333333333333333,2.7095419723539393,2.9618475194193117,2512113.906080342,14.22329003846228,20.060088683497565,6.041840829147961,0.0,5.907179729351506,5.907179729351506,5.969305287951849,14.383611552215466,0.0,0.0,0.0,42.967260226007674,37.46156607416286,38.790465432238605,10.045266627482652,24.227001900856216,40.98554452711989,0.0,10.216698334856808,0.0,51.49050776639464,26.8061923176156,33.807819324564484,0.0,5.316788604006331,0.0,0.0,23.20187978046503,60.638135019109605,14.325937321943691,0.0,55.8066556130155,10.045266627482652,0.0,95.94,17.918325846451314,14.383611552215466,0.0,29.334907780641846,31.139849713005404,19.26246486877803,18.19910120538483,12.009707272128011,0.0,12.240525803696954,33.04527012910579,5.071586203493949,11.863964977556673,38.56907748477583,12.264054172218161,0.24485274999705053,-1.8397462285767956,3.233304857640441,3.599610031587081,1.5936294013603163,0.5714285714285714,2,0,0,0,2,0,1,0,4,9,0,14,0,0,0,0,1,1,4.0119000000000025,1,0,0,0,0,0,0,0,1,0,0,0,1,1,0,0,0,0,0,0,0,0,0,0,0,0,0,0,0,0,1,0,0,0,0,0,0,0,0,0,0,1,0,0,0,0,0,0,0,0,0,0,0,0,0,0,0,0,0,0,0,2,0,14,6.075862068965518,1,1,0.0,2643.0,3,0.06896551724137931,0.1812807881773399,0.1812807881773399,0.18283992986335773,0.1812807881773399,0.17258933331278287,0.1483531574370615,0.1483531574370615,0.013247984604647682,0,0,0,0,0,1,0,0.3,0.7,0.16666666666666666,0.06666666666666667,0.0,0.7,0.1,1,1,0,0,0,1,0,1,0,0,1,0,0,1,1,0,0,0,1,1,1,0,0,0,0,0,1,1,1,0,0,1,0,1,0,0,1,0,1,1,0,0,0,0,0,0,0,1,0,1,0,0,0,0,0,1,0,0,0,1,0,0,0,0,0,0,0,0,0,0,0,0,0,1,0,0,1,0,1,1,1,1,1,0,0,0,1,0,0,0,0,1,0,0,0,0,1,0,0,1,1,0,1,0,0,1,0,1,0,1,1,0,0,1,0,0,0,1,0,1,1,0,1,0,0,1,0,1,0,0,0,0,0,0,0,0,0,0,0,0,0,0,0,0,0,0,0,0,0,0,0,0,0,0,0,0,0,0,0,0,0,0,0,0,0,0,0,0,0,0,0,0,0,0,0,0,0,0,0,0,0,0,0,0,0,0,0,0,0,0,0,0,0,0,0,0,0,0,0,0,0,0,0,0,0,0,0,1,0,0,0,0,0,1,1,1,0,0,1,1,1,1,0,1,0,1,0,0,1,0,0,1,1,0,0,1,1,1,1,1,0,0,1,1,1,1,1,0,0,0,1,1,0,0,1,0,1,1,0,1,1,0,1,0,1,0,1,1,1,0,1,0,1,0,1,1,1,1,1,1,0,1,1,1,1,1,1,1,1,1,1,1,1,1,0
9.84800925925926,0.051103080120936895,-0.7525694444444448,0.6290731330689312,13.75,225.288,1.125,2.109761559104854,2.6907793139141805,2177.2739289962096,4.718527703418083,20.63637078852845,11.49902366656781,0.0,0.0,0.0,0.0,0.0,0.0,0.0,0.0,0.0,38.46739722769209,18.15004872675753,6.103966387748303,15.319582184522117,0.0,0.0,5.316788604006331,0.0,32.41410323920352,6.544756405912575,23.762552697081826,11.49902366656781,5.316788604006331,0.0,11.49902366656781,0.0,27.403263842818035,0.0,0.0,32.43862947851717,0.0,0.0,72.72,6.103966387748303,15.319582184522117,0.0,17.037948918951155,12.10820789760957,0.0,18.19910120538483,0.0,20.771211599071872,5.316788604006331,0.0,0.0,0.0,0.0,31.552484174225246,0.41119342876039333,-0.10220616024187379,-0.7525694444444448,6.366435185185185,0.0,0.5,4,0,0,0,0,0,1,0,4,4,0,3,0,0,0,0,1,1,1.5192999999999997,0,1,1,0,0,0,0,2,0,0,1,0,0,1,0,0,0,0,0,0,0,0,0,0,0,0,0,0,0,0,0,0,0,0,0,0,0,0,0,0,0,0,0,0,0,0,0,0,0,0,0,0,0,0,0,0,0,0,0,0,0,0,0,8,3.9,1,1,0.0,468.0,4,0.13333333333333336,0.20714285714285713,0.20714285714285713,0.20884630723417516,0.20714285714285713,0.2658412609074973,0.22361696332954756,0.22361696332954756,0.02119714443900744,0,0,0,0,0,1,0,0.25,0.75,0.1875,0.0625,0.0,0.625,0.0,1,1,0,0,0,0,0,0,1,0,0,0,0,1,0,0,0,0,0,0,0,0,0,0,0,0,0,1,0,0,0,0,0,1,0,0,0,0,0,1,0,0,1,0,0,0,1,0,0,0,0,0,0,0,0,0,0,0,0,0,0,0,0,1,0,0,1,0,0,0,0,0,0,0,0,1,0,0,0,0,1,1,1,0,0,1,0,0,0,1,0,1,0,0,1,0,0,0,0,1,1,0,0,0,0,1,0,1,0,0,0,0,0,0,1,0,0,0,0,0,1,0,0,0,0,0,0,0,0,0,0,0,0,0,0,0,0,0,0,0,0,0,0,0,0,0,0,0,0,0,0,0,0,0,0,0,0,0,0,0,0,0,0,0,0,0,0,0,0,0,0,0,0,0,0,0,0,0,0,0,0,1,1,0,0,0,0,0,0,0,0,0,0,0,1,0,0,0,0,0,0,0,1,0,0,0,0,0,0,0,1,0,0,0,0,0,0,1,0,0,0,0,0,1,0,0,0,0,1,0,0,0,1,0,0,0,0,0,0,0,1,1,0,0,1,0,0,0,0,0,0,0,0,0,0,1,0,0,0,1,1,0,0,0,0,0,0,1,0,1,0,1,0,0,1,0,0,1,0,1,1,1,0,1,1,1,1,1,1,1,1,1,1,1,0
12.174788359788359,0.15767951625094456,-0.15767951625094456,0.7437763293597593,10.65,344.2530000000001,1.4,2.4530697788926803,2.6993698551050787,23853.65052995242,8.114324746894443,20.687228765819043,5.749511833283905,0.0,0.0,5.907179729351506,0.0,4.794537184071822,0.0,0.0,0.0,13.847474399381248,35.08582377823611,29.315985670802736,12.673249032974528,9.53140013787187,27.524509901984416,0.0,10.216698334856808,0.0,13.847474399381248,39.02249064209002,22.16890514445263,5.749511833283905,15.787319034968565,5.687386274683562,5.749511833283905,15.929943897949348,44.09591262512983,0.0,0.0,24.205463075150064,0.0,0.0,67.59,0.0,4.794537184071822,0.0,5.907179729351506,28.01782552140945,19.634269217737724,7.109797541277533,12.13273413692322,0.0,39.994116632187406,10.470530430962235,5.887194796128328,3.32272112259734,14.421227140547575,2.897211829176115,6.798727554178493,0.3201345322079454,0.0,7.589235768298494,1.5231734221466364,0.5,3,0,0,0,1,0,0,0,4,6,0,7,0,0,0,0,0,1,2.1115,0,0,0,1,0,0,0,0,0,0,0,0,1,1,1,0,1,0,0,0,0,0,0,0,1,0,0,0,0,0,1,0,0,0,0,0,0,0,0,0,0,1,0,0,0,0,0,0,0,0,0,0,0,0,0,0,0,0,0,0,0,0,0,11,4.747368421052632,1,1,0.0,902.0,3,0.10526315789473684,0.20818713450292395,0.20818713450292395,0.1987865448690736,0.20818713450292395,0.21962576913387247,0.17758046168927047,0.17758046168927047,0.017512757254703006,0,0,0,0,0,1,0,0.3,0.7,0.1,0.15,0.0,0.65,0.05,1,0,0,0,0,0,0,0,1,0,1,0,0,0,1,0,0,0,0,1,0,0,1,0,0,0,0,1,0,0,0,1,0,1,0,0,1,1,1,1,0,0,0,0,0,0,0,0,0,1,1,0,0,0,0,1,0,0,0,0,0,1,0,0,0,1,0,0,0,1,0,1,0,1,1,1,1,0,0,0,1,1,0,0,0,0,0,0,1,0,0,0,0,0,0,1,0,0,1,0,1,0,1,0,0,0,0,1,1,0,0,0,0,1,0,0,0,0,0,0,0,1,0,1,0,1,0,0,0,0,0,0,0,0,0,0,0,0,0,0,0,0,0,0,0,0,0,0,0,0,0,0,0,0,0,0,0,0,0,0,0,0,0,0,0,0,0,0,0,0,0,0,0,0,1,0,0,0,0,0,0,0,0,0,0,0,0,0,0,0,0,0,0,0,0,0,0,0,0,0,0,0,0,0,0,0,0,1,0,0,1,0,1,1,1,1,0,1,0,1,1,1,0,0,0,1,0,0,1,0,0,0,1,0,0,1,1,0,1,1,0,1,1,0,1,1,1,0,0,0,1,0,0,0,1,1,0,1,0,1,0,1,1,1,0,0,1,0,0,1,1,1,1,0,0,1,1,1,1,1,1,1,1,1,1,1,1,1,1,1,1,1,1,1,0
12.136979717813052,0.21212396069538908,-0.21212396069538908,0.7558132464087878,10.65,299.8020000000001,1.4,2.4530697788926803,2.6993698551050787,23853.65052995242,7.968039579443504,20.687228765819043,5.749511833283905,0.0,0.0,5.907179729351506,0.0,4.794537184071822,0.0,0.0,0.0,25.448414289613766,19.15587988028676,19.15587988028676,23.383268621399417,9.53140013787187,23.195505894267583,0.0,10.216698334856808,0.0,13.847474399381248,39.02249064209002,22.71881894236154,5.749511833283905,15.787319034968565,5.687386274683562,5.749511833283905,11.600939890232516,44.09591262512983,0.0,0.0,24.205463075150064,5.022633313741326,0.0,67.59,0.0,4.794537184071822,0.0,5.907179729351506,28.567739319318363,19.634269217737724,13.176164609739143,6.06636706846161,0.0,24.064172734238056,22.07147032119475,5.162170493197279,5.947448979519535,14.366614657694354,3.2063410703787696,6.477354097388369,0.2112456433190566,0.0,7.490470702871497,1.4953956443688585,0.5,3,0,0,0,1,0,0,0,4,6,0,7,0,0,0,0,0,1,2.0023999999999997,0,0,0,1,0,0,0,0,0,0,0,0,1,1,1,0,1,0,0,0,0,0,0,0,1,0,0,0,0,0,1,0,0,0,0,0,0,0,0,0,0,1,0,0,0,0,0,0,0,0,0,0,0,0,0,0,0,0,0,0,0,0,0,11,4.747368421052632,1,1,0.0,902.0,3,0.10526315789473684,0.20818713450292395,0.20818713450292395,0.1987865448690736,0.20818713450292395,0.21962576913387247,0.17758046168927047,0.17758046168927047,0.017512757254703006,0,0,0,0,0,1,0,0.3,0.7,0.1,0.15,0.0,0.65,0.05,1,0,0,0,0,0,0,0,1,0,1,0,0,0,1,0,0,0,0,1,0,0,0,0,1,0,0,1,0,0,0,1,0,1,0,0,1,1,1,1,0,0,0,0,0,0,0,0,0,1,1,0,0,0,0,1,0,0,0,0,0,1,0,0,0,0,0,0,0,1,0,1,0,1,1,0,0,0,0,0,1,1,0,0,0,0,0,0,0,0,0,0,0,0,0,0,0,0,1,0,1,0,1,0,0,0,0,1,1,0,1,0,0,1,0,0,0,0,0,0,0,1,0,1,0,1,0,0,0,0,0,0,0,0,0,0,0,0,0,0,0,0,0,0,0,0,0,0,0,0,0,0,0,0,0,0,0,0,0,0,0,0,0,0,0,0,0,0,0,0,0,0,0,0,0,0,0,0,0,0,0,0,0,0,0,0,0,0,0,0,0,0,0,0,0,0,0,0,0,0,0,0,0,0,0,0,0,1,0,0,1,0,1,1,1,1,0,1,0,1,1,1,0,0,0,1,0,0,1,0,0,1,1,0,0,1,1,0,1,1,0,1,1,0,1,1,1,0,0,0,1,0,0,0,1,1,0,1,0,1,0,1,1,1,0,0,1,0,0,1,1,1,1,0,0,1,1,1,1,1,1,1,1,1,1,1,1,1,1,1,1,1,1,1,0
11.743677248677248,0.0442998866213149,-0.0442998866213149,0.7315396930195435,10.529411764705882,235.33100000000002,1.2352941176470589,2.3504301300761905,2.3694575785961214,6430.776835888457,6.909922945262059,15.950365812018994,0.0,0.0,0.0,5.907179729351506,0.0,4.794537184071822,0.0,0.0,0.0,13.847474399381248,37.35498108567159,24.340350578205708,0.0,4.794537184071822,11.594566004035068,0.0,10.216698334856808,0.0,13.847474399381248,31.912693100812486,29.828919765543436,0.0,11.050456081168516,5.687386274683562,0.0,0.0,36.98611508385229,0.0,0.0,24.205463075150064,0.0,0.0,58.36,0.0,4.794537184071822,0.0,5.907179729351506,17.795594172293132,19.634269217737724,0.0,24.26546827384644,0.0,24.064172734238056,5.733667477162185,0.0,0.0,14.010801734273954,2.8961007180650036,6.8869682949192335,-0.0442998866213149,0.0,7.803246284739792,0.0,0.46153846153846156,3,0,0,0,1,0,0,0,3,4,0,6,0,0,0,0,0,1,1.3403999999999996,0,0,0,1,0,0,0,0,0,0,0,0,1,1,1,0,1,0,0,0,0,0,0,0,1,0,0,0,0,0,0,0,0,0,0,0,0,0,0,0,0,0,0,0,0,0,0,0,0,0,0,0,0,0,0,0,0,0,0,0,0,0,0,11,4.544117647058823,1,1,0.0,618.0,3,0.125,0.23627450980392156,0.23627450980392156,0.20841059697613568,0.23627450980392156,0.22886818502658385,0.203092817109563,0.203092817109563,0.01637054505267482,0,0,0,0,0,1,0,0.23529411764705882,0.7647058823529411,0.058823529411764705,0.17647058823529413,0.0,0.5882352941176471,0.058823529411764705,1,1,0,0,0,0,0,0,1,1,1,0,1,0,0,0,1,0,0,1,0,0,0,0,0,0,0,1,0,0,0,1,0,1,0,0,1,0,1,1,0,0,0,0,0,0,0,0,0,1,0,0,0,0,0,0,0,0,0,0,0,1,0,0,0,0,0,0,0,1,0,0,0,0,1,0,0,0,0,0,1,1,0,0,0,0,1,0,0,0,0,0,0,0,0,0,0,0,0,0,1,0,1,0,0,1,0,0,1,0,0,0,0,1,0,0,0,0,0,0,1,0,0,1,0,1,0,0,0,0,0,0,0,0,0,0,0,0,0,0,0,0,0,0,0,0,0,0,0,0,0,0,0,0,0,0,0,0,0,0,0,0,0,0,0,0,0,0,0,0,0,0,0,0,0,0,0,0,0,0,0,0,0,0,0,0,0,0,0,0,0,0,0,0,0,0,0,0,0,0,0,0,0,0,0,0,0,1,0,0,1,0,1,1,1,0,0,0,0,1,1,0,0,0,0,0,0,0,1,0,0,0,1,0,0,0,1,0,1,1,0,0,1,0,1,1,1,0,0,0,1,0,0,0,0,0,0,1,0,1,0,1,0,1,0,0,1,0,0,0,1,0,0,0,0,1,1,1,0,1,0,1,1,1,1,0,1,0,1,1,1,1,1,1,0
11.822072695622477,0.08486161150257487,-0.6702391882041054,0.5710137425129463,12.083333333333334,336.4320000000001,1.2916666666666667,2.511420988553401,2.7300914999194297,131163.9839691785,10.050998753143157,20.476967556653417,18.460360185545127,5.783244946364939,5.907179729351506,0.0,0.0,9.589074368143644,0.0,0.0,0.0,20.771211599071872,31.54366002800146,24.69480513267011,5.563451491696996,19.4324647167844,17.377810950400008,0.0,5.316788604006331,0.0,52.68239926151078,18.468426974431825,23.762552697081826,5.749511833283905,15.37044016181271,5.687386274683562,5.749511833283905,0.0,42.09439765787891,4.794537184071822,0.0,50.894580720383324,0.0,0.0,87.66,6.103966387748303,14.69560176298435,0.0,24.339147469377323,29.965927628503046,6.4208216229260096,6.923737199690624,18.19910120538483,20.771211599071872,10.633577208012662,4.736862953800049,5.5764673878810775,0.0,23.47522497492163,15.766018602858498,0.9456853222234725,0.15446815558641358,0.5218187289576663,7.854471266924925,0.0,0.5555555555555556,3,0,0,0,1,0,1,0,5,6,0,10,0,0,0,0,1,1,2.3655,0,1,1,0,0,0,0,0,0,0,0,0,0,2,0,0,0,0,0,0,0,0,0,0,1,0,0,0,0,0,1,0,0,0,0,0,0,0,1,1,0,0,0,0,0,0,0,0,0,0,0,0,0,0,0,0,0,0,0,0,0,0,0,15,5.681159420289855,1,1,0.0,1568.0,3,0.08695652173913043,0.21277997364953885,0.21277997364953885,0.17409323619089956,0.21277997364953885,0.1853241385248704,0.15822824068063995,0.15822824068063995,0.015055535071305559,0,0,0,0,0,1,0,0.25,0.75,0.16666666666666666,0.08333333333333333,0.0,0.6666666666666666,0.08333333333333333,1,1,0,1,1,1,0,0,0,0,1,0,0,0,1,0,0,0,1,0,0,0,0,0,1,0,1,1,1,0,0,0,0,1,0,0,0,0,1,1,0,1,0,0,1,0,1,0,0,0,1,0,0,0,0,1,1,0,1,0,1,0,0,1,0,0,0,0,0,0,0,1,0,1,0,1,0,1,1,0,1,1,0,0,0,0,1,0,0,0,0,0,0,0,1,0,0,0,0,1,1,0,1,0,0,0,0,1,0,0,1,0,0,0,0,0,1,0,1,0,0,1,0,0,0,1,0,0,0,0,0,0,0,0,0,0,0,0,0,0,0,0,0,0,0,0,0,0,0,0,0,0,0,0,0,0,0,0,0,0,0,0,0,0,0,0,0,0,0,0,0,0,0,0,0,0,0,0,0,0,0,0,1,0,0,0,0,0,0,0,0,0,0,0,0,0,0,0,0,0,1,0,1,0,0,0,0,0,0,0,1,0,0,0,0,0,0,1,1,0,1,0,0,1,0,1,0,0,1,0,0,0,1,0,0,0,0,1,1,1,0,1,1,1,1,1,1,0,0,0,0,0,0,0,1,1,0,0,0,1,1,1,0,1,1,0,1,1,1,1,1,1,1,0,1,1,0,1,1,1,1,1,1,1,1,1,1,1,1,1,1,1,1,1,0
9.261910430839002,0.0,0.0,0.662461626439383,10.692307692307692,246.14799999999997,1.3076923076923077,2.0450305908629405,1.4399996468000895e-06,445.81666880812105,4.627946448476296,22.08797824696699,11.436898107967467,0.0,0.0,0.0,0.0,4.483030857694624,0.0,0.0,0.0,6.06636706846161,19.056471336613843,6.06636706846161,20.640100371266954,22.08797824696699,5.687386274683562,0.0,4.483030857694624,0.0,6.923737199690624,20.640100371266954,24.26546827384644,5.749511833283905,21.46448170982091,5.687386274683562,5.749511833283905,0.0,25.746627766107657,0.0,0.0,6.923737199690624,0.0,0.0,20.23,0.0,5.106527394840706,0.0,16.981450852126283,5.749511833283905,16.71517353829076,0.0,6.06636706846161,18.19910120538483,21.019081165045005,0.0,0.7999999999999999,0.0,0.0,9.261910430839002,1.1365740740740744,0.3399537037037039,0.0,3.146330309901739,4.239629629629629,0.4,1,0,0,0,0,0,0,0,1,3,0,2,0,0,0,0,0,1,-1.0169999999999997,0,0,0,0,0,0,0,1,0,0,0,0,1,0,0,0,0,0,0,0,0,0,0,0,0,0,0,0,0,0,0,0,0,0,0,0,0,0,0,0,0,0,0,0,0,0,0,0,0,0,0,0,0,1,0,0,0,0,0,0,0,0,0,0,0.0,1,1,0.0,inf,4,0.15384615384615385,0.14452214452214454,0.14452214452214454,0.1710191771931987,0.14452214452214454,0.0,0.24496846478965664,0.24496846478965664,0.028201676963114444,0,0,0,0,0,1,0,0.23076923076923078,0.7692307692307693,0.07692307692307693,0.07692307692307693,0.0,0.5,0.0,0,0,0,0,0,0,0,0,0,0,0,0,1,0,0,1,0,0,0,0,0,0,0,0,0,0,0,1,0,0,1,0,0,1,0,0,0,0,1,1,0,0,0,1,0,0,0,0,0,0,0,0,0,0,0,0,0,0,0,0,0,0,0,0,1,1,1,0,0,0,0,0,0,0,0,0,0,0,0,0,1,1,0,0,0,0,1,0,0,0,0,1,1,0,0,0,0,0,0,0,1,0,0,0,0,1,0,1,0,0,0,0,0,0,0,0,1,0,0,0,0,0,0,0,1,1,0,0,0,0,0,0,0,0,0,0,0,0,0,0,0,0,0,0,0,0,0,0,0,0,0,0,0,0,0,0,0,0,1,0,0,0,0,0,0,0,0,0,0,0,0,0,0,0,1,0,0,1,0,0,0,0,0,0,0,0,0,0,0,0,0,0,0,0,0,0,0,0,0,0,0,0,1,0,0,0,0,0,0,0,0,0,0,1,1,0,0,0,0,0,0,1,0,0,0,1,0,0,1,0,0,0,0,0,0,0,0,0,0,0,1,1,1,1,0,0,0,0,0,0,1,0,0,0,0,1,0,0,0,0,0,1,1,1,0,0,0,1,0,1,0,1,0,0,0,0,1,1,0,0,1,1,0,1,1,1,1,0,1,1,1,1,1,1,1
11.796905706727136,0.016435185185185164,-0.1531887755102046,0.7992484445643814,12.1875,220.316,1.375,2.284992235135676,2.5405220393504515,3735.9623044468303,6.279947746336136,10.633577208012662,0.0,0.0,5.907179729351506,0.0,0.0,4.794537184071822,0.0,0.0,0.0,25.122838405075452,38.44287098837844,5.687386274683562,6.041840829147961,4.794537184071822,11.594566004035068,0.0,5.316788604006331,0.0,33.23387405114585,11.861545009918906,29.828919765543436,0.0,10.633577208012662,5.687386274683562,0.0,0.0,18.493776964412042,4.794537184071822,6.923737199690624,25.831747514004253,0.0,0.0,41.13,0.0,4.794537184071822,0.0,11.949020558499466,0.0,24.21641579521914,0.0,0.0,38.112942673227685,17.557314407703284,0.0,0.0,0.0,11.796905706727136,6.077147345049131,1.9686944391954317,0.016435185185185164,1.0297467876039303,6.809866360124296,0.0,0.46153846153846156,2,0,0,0,1,0,1,0,2,3,0,5,0,0,0,0,1,1,2.3216200000000002,0,0,0,0,0,0,0,0,0,0,0,0,0,2,0,0,0,0,0,0,0,0,0,0,1,1,0,0,0,0,0,0,0,0,0,0,0,0,0,0,0,0,0,0,0,0,0,1,0,0,0,0,0,0,0,0,0,0,0,0,0,0,0,10,4.066666666666666,1,1,0.0,488.0,3,0.13333333333333336,0.21904761904761905,0.21904761904761905,0.21488012794987607,0.21904761904761905,0.25637599615431006,0.21967188188667341,0.21967188188667341,0.017465639817227607,0,0,0,0,0,1,0,0.1875,0.8125,0.0625,0.125,0.0,0.5625,0.0625,1,1,0,0,0,0,0,0,0,0,1,0,0,0,1,0,0,1,1,0,0,0,0,0,1,0,1,1,0,0,0,0,1,1,0,0,0,0,1,1,0,0,0,0,0,0,1,1,0,0,0,0,0,0,0,0,0,0,1,0,0,1,0,0,1,0,0,0,0,1,0,1,1,0,0,0,0,0,0,1,1,1,0,0,0,0,1,0,0,0,0,0,0,1,0,0,1,0,0,0,1,0,0,0,0,0,0,0,0,0,0,1,0,0,0,0,0,0,0,0,0,0,0,0,0,1,0,0,0,0,0,0,0,0,0,0,0,0,0,0,0,0,0,0,0,0,0,0,0,0,0,0,0,0,0,0,0,0,0,0,0,0,0,0,0,0,0,0,0,0,0,0,0,0,0,0,0,0,0,0,0,0,1,0,0,0,0,0,0,0,0,0,0,0,0,0,0,0,0,0,0,0,0,0,0,0,0,1,0,0,1,0,0,0,0,0,0,0,0,1,1,0,0,1,0,0,0,0,1,0,0,0,1,0,0,0,1,0,1,1,0,0,1,1,1,1,1,0,0,0,0,0,0,0,0,0,0,0,0,1,0,1,0,1,0,0,0,0,0,1,1,0,1,0,0,1,0,1,1,1,0,1,1,1,1,0,1,0,1,1,1,1,1,1,0
11.591414631828142,0.013241895523641967,-0.3594253181225928,0.3832200999836573,9.947368421052632,264.32500000000005,0.8947368421052632,2.43021074012854,2.0326612681537655,18362.67235241125,9.103589516578463,5.316788604006331,0.0,0.0,11.814359458703011,0.0,0.0,14.796327392920933,5.480096598121202,0.0,0.0,31.040744451236847,24.974377382775238,18.52902952053558,0.0,14.796327392920933,17.501745733386574,0.0,5.480096598121202,0.0,38.524929737556064,5.316788604006331,30.33183534230805,0.0,10.796885202127534,5.687386274683562,0.0,0.0,17.0216124834803,9.589074368143644,0.0,38.524929737556064,0.0,0.0,78.43,0.0,9.589074368143644,0.0,11.814359458703011,12.841643245852019,31.3706727663876,0.0,5.480096598121202,30.33183534230805,5.316788604006331,5.20725302477729,0.0,0.0,22.322116254554164,11.122017013037414,2.4104883776367503,-0.34618342259895085,4.131811833331945,0.0,0.0,0.42857142857142855,3,0,0,0,2,0,0,0,3,5,0,8,0,0,0,0,0,1,2.4711,0,0,0,0,0,0,0,0,0,0,0,0,0,2,0,1,0,0,0,0,0,0,0,0,1,0,0,0,0,0,0,0,0,0,0,0,0,0,0,0,0,0,0,0,0,0,0,1,0,0,0,0,0,0,0,0,0,0,0,0,0,3,0,14,5.578947368421052,1,1,0.0,954.0,3,0.11111111111111109,0.2693498452012384,0.2693498452012384,0.21194892914933045,0.2693498452012384,0.18628484838689824,0.17989503261312234,0.17989503261312234,0.012286692980098306,0,0,0,0,0,1,0,0.2631578947368421,0.7368421052631579,0.15789473684210525,0.10526315789473684,0.0,0.5789473684210527,0.10526315789473684,1,0,0,0,0,1,0,0,0,0,1,0,0,0,0,0,0,0,0,0,0,0,0,0,1,0,0,0,1,0,0,0,0,0,0,0,0,0,0,1,0,1,0,0,0,0,0,1,0,0,0,0,0,1,1,0,0,0,0,1,0,0,0,1,1,0,0,0,0,0,0,0,0,0,0,0,0,0,0,0,1,1,0,0,0,0,1,0,0,0,0,0,0,0,0,1,0,0,0,0,1,0,1,0,0,0,0,0,0,0,1,0,0,0,0,1,0,0,0,1,0,0,0,0,0,1,0,0,0,0,0,0,0,0,0,0,0,0,0,0,0,0,0,0,0,0,0,0,0,0,0,0,1,0,0,0,0,0,0,0,0,0,0,0,0,0,0,0,0,0,0,0,0,0,0,0,0,0,0,0,0,0,0,0,0,0,0,0,0,0,0,0,0,0,0,0,1,1,0,1,1,0,0,0,0,0,0,0,0,0,0,0,0,0,0,0,0,0,1,1,1,0,1,0,0,0,0,0,0,0,1,0,1,0,0,0,0,0,1,1,0,0,0,0,0,1,1,0,0,0,0,0,1,0,0,0,1,1,0,1,1,1,0,1,1,0,0,1,0,0,1,0,0,0,1,1,0,0,0,1,0,0,1,1,1,0,1,1,0,1,1,1,1,1,0
13.162473107555778,0.004182431202933712,-1.0337941450684955,0.4084054154434649,11.733333333333333,461.3860000000001,1.1333333333333333,2.7095419723539393,2.9618475194193117,2512113.906080342,14.22329003846228,20.060088683497565,6.041840829147961,0.0,5.907179729351506,5.907179729351506,5.969305287951849,14.383611552215466,0.0,0.0,0.0,42.967260226007674,37.46156607416286,38.790465432238605,10.045266627482652,24.227001900856216,40.98554452711989,0.0,10.216698334856808,0.0,51.49050776639464,26.8061923176156,33.807819324564484,0.0,5.316788604006331,0.0,0.0,23.20187978046503,60.638135019109605,14.325937321943691,0.0,55.8066556130155,10.045266627482652,0.0,95.94,17.918325846451314,14.383611552215466,0.0,29.334907780641846,31.139849713005404,19.26246486877803,18.19910120538483,12.009707272128011,0.0,12.240525803696954,33.04527012910579,5.071586203493949,11.863964977556673,38.56907748477583,12.264054172218161,0.24485274999705053,-1.8397462285767956,3.233304857640441,3.599610031587081,1.5936294013603163,0.5714285714285714,2,0,0,0,2,0,1,0,4,9,0,14,0,0,0,0,0,1,4.0119000000000025,1,0,0,0,0,0,0,0,1,0,0,0,1,1,0,0,0,0,0,0,0,0,0,0,0,0,0,0,0,0,1,0,0,0,0,0,0,0,0,0,0,1,0,0,0,0,0,0,0,0,0,0,0,0,0,0,0,0,0,0,0,2,0,14,6.075862068965518,1,1,0.0,2643.0,3,0.06896551724137931,0.1812807881773399,0.1812807881773399,0.18283992986335773,0.1812807881773399,0.17258933331278287,0.1483531574370615,0.1483531574370615,0.013247984604647682,0,0,0,0,0,1,0,0.3,0.7,0.16666666666666666,0.06666666666666667,0.0,0.7,0.1,1,1,0,0,0,1,0,1,0,0,1,0,0,1,1,0,0,0,1,1,1,0,0,0,0,0,1,1,1,0,0,1,0,1,0,0,1,0,1,1,0,0,0,0,0,0,0,1,0,1,0,0,0,0,0,1,0,0,0,1,0,0,0,0,0,0,0,0,0,0,0,0,0,1,0,0,1,0,1,1,1,1,1,0,0,0,1,0,0,0,0,1,0,0,0,0,1,0,0,1,1,0,1,0,0,1,0,1,0,1,1,0,0,1,0,0,0,1,0,1,1,0,1,0,0,1,0,1,0,0,0,0,0,0,0,0,0,0,0,0,0,0,0,0,0,0,0,0,0,0,0,0,0,0,0,0,0,0,0,0,0,0,0,0,0,0,0,0,0,0,0,0,0,0,0,0,0,0,0,0,0,0,0,0,0,0,0,0,0,0,0,0,0,0,0,0,0,0,0,0,0,0,0,0,0,0,0,1,0,0,0,0,0,1,1,1,0,0,1,1,1,1,0,1,0,1,0,0,1,0,0,1,1,0,0,1,1,1,1,1,0,0,1,1,1,1,1,0,0,0,1,1,0,0,1,0,1,1,0,1,1,0,1,0,1,0,1,1,1,0,1,0,1,0,1,1,1,1,1,1,0,1,1,1,1,1,1,1,1,1,1,1,1,1,0
11.93106997197027,0.15920209750566827,-3.295924967922623,0.7539518102295442,11.428571428571429,313.42300000000006,1.1428571428571428,2.422339736442033,2.5157279914841038,31199.735805373388,7.992975206611569,10.216698334856808,0.0,0.0,10.023291153407584,5.907179729351506,0.0,9.51663204852391,8.417796984328938,0.0,0.0,13.847474399381248,37.35498108567159,24.340350578205708,6.255769183511404,13.212334168400758,21.61785715744265,0.0,10.216698334856808,0.0,13.847474399381248,37.1568896716138,29.828919765543436,0.0,10.038883468458419,5.687386274683562,0.0,0.0,51.65968125169263,10.023291153407584,0.0,24.205463075150064,0.0,0.0,78.51,10.023291153407584,13.212334168400758,0.0,5.907179729351506,17.795594172293132,25.89003840124913,0.0,24.26546827384644,0.0,28.786267598690145,0.0,24.52745884827824,0.0,14.152703181166611,2.8465142746913576,0.9498046952813375,-0.15920209750566827,1.0841592110221399,7.4766095559208345,-3.295924967922623,0.5,2,0,0,0,1,0,0,0,4,7,0,8,0,0,0,0,0,1,1.1297,0,0,0,0,0,0,0,0,0,0,0,0,1,2,0,0,1,0,0,0,0,0,0,0,1,0,0,0,0,0,0,0,0,0,0,0,0,0,0,0,0,0,0,0,0,0,0,0,0,0,0,0,0,0,0,1,0,0,0,0,0,0,0,13,5.419047619047619,1,1,0.0,1138.0,4,0.1,0.23258145363408517,0.23258145363408517,0.18932825836266323,0.23258145363408517,0.1929108455877529,0.1812821816620759,0.1812821816620759,0.01666049170513534,0,0,0,0,0,1,0,0.3333333333333333,0.6666666666666666,0.14285714285714285,0.14285714285714285,0.047619047619047616,0.5714285714285714,0.14285714285714285,1,1,0,0,0,0,0,0,1,1,1,0,0,0,0,0,0,0,0,0,0,1,0,0,0,1,0,1,0,0,0,1,0,1,0,0,1,0,1,1,0,0,0,0,0,0,0,0,0,0,0,0,1,0,0,0,0,0,0,0,1,1,0,1,0,0,0,0,1,1,0,0,0,0,1,1,0,0,0,0,1,1,0,0,0,0,1,0,0,0,0,0,0,0,1,0,0,0,0,0,1,0,1,0,0,1,0,0,1,0,0,0,0,1,0,0,0,0,1,0,0,0,0,1,0,1,0,0,0,0,0,0,0,0,0,0,0,0,0,0,0,0,0,0,0,0,0,0,0,0,0,0,0,0,0,0,0,0,0,0,1,1,0,0,0,0,0,0,0,0,0,0,0,0,0,0,0,0,0,1,0,0,0,1,0,0,1,0,1,1,0,0,0,0,0,1,0,1,0,0,0,1,0,0,0,0,0,1,0,0,1,0,0,1,1,0,1,0,0,1,1,1,1,0,0,0,0,0,1,0,1,0,1,0,1,0,1,0,1,1,1,0,1,0,1,1,1,0,0,0,1,0,1,0,0,0,0,1,1,1,0,1,0,1,1,0,1,0,0,1,1,0,0,0,1,1,1,1,0,1,0,1,1,1,1,0,1,1,1,1,1,1,1,1,0
14.322661188624696,0.021562922337108326,-1.6805059756304692,0.05434101914517895,23.649122807017545,831.9790000000002,0.9122807017543859,3.8191023520935294,1.6093593285792651,1950729657304.1702,21.700084629056875,58.358482225000756,30.209204145739804,5.959554568743835,41.35025810546054,0.0,5.969305287951849,43.76558107836609,0.0,0.0,0.0,39.786897158158276,43.733926674788655,54.53663177486488,12.965578028838586,43.46282486741528,85.76983884701075,5.409283605791522,41.78461987583567,11.46733495432437,81.57577712914788,31.139976431231304,36.02576333715651,0.0,43.36806657836236,0.0,0.0,21.587795952773448,129.61871418576575,44.77711909550058,5.409283605791522,50.50920285217907,0.0,10.902924932081056,323.88999999999993,90.49434556799079,43.46282486741528,0.0,49.69330467985402,31.3706727663876,10.902924932081056,26.487705683623926,12.263210640074686,18.19910120538483,36.88471014498519,16.876618560115894,0.0,0.0,109.62887263286603,33.03164386807193,12.340826456188235,-6.491579021630182,2.4906647168282494,-0.17337177172284046,2.444025940597173,0.5142857142857142,13,0,2,2,7,1,5,0,11,22,3,10,0,2,2,0,0,4,-1.8447299999999895,1,0,0,0,0,1,1,0,1,0,0,0,1,8,2,0,0,0,0,0,0,0,0,0,0,0,0,0,2,0,0,0,1,0,0,0,0,0,0,0,0,0,0,0,0,0,0,1,0,0,0,1,0,0,0,0,0,0,0,0,0,1,0,22,8.709899749373433,4,4,0.0,13901.0,3,0.037593984962406006,0.14017999544315335,0.14017999544315335,0.1269093795923337,0.14017999544315335,0.1182245714801237,0.09011974049315899,0.09011974049315899,0.009276185452774168,0,0,0,0,2,2,2,0.38596491228070173,0.6140350877192983,0.15789473684210525,0.19298245614035087,0.03508771929824561,0.6833333333333333,0.15,1,0,0,1,1,1,0,0,0,0,1,0,1,0,0,0,0,1,1,1,0,1,0,0,0,1,0,1,1,0,1,0,1,0,0,1,1,1,1,1,0,0,1,1,1,1,0,1,0,0,0,1,0,1,0,0,1,0,1,0,1,0,1,0,1,0,0,0,0,1,0,1,1,1,1,0,0,1,1,0,1,1,1,0,1,0,1,1,1,0,1,0,0,0,1,0,0,0,0,1,1,1,1,1,0,0,1,0,1,0,1,1,0,0,0,1,0,0,1,1,0,0,1,1,0,1,1,1,0,0,0,0,0,0,0,0,0,0,0,0,0,0,1,0,0,0,0,0,0,0,0,0,0,1,0,0,0,0,0,0,0,0,0,0,1,0,0,0,0,0,0,1,0,0,0,0,0,0,0,0,0,1,1,0,0,0,0,0,0,0,0,0,0,1,0,1,0,0,0,0,0,0,0,0,0,1,1,1,0,0,1,1,1,1,0,0,1,0,1,1,1,0,0,1,1,1,0,0,1,1,0,0,1,1,1,0,0,0,1,1,0,0,0,0,0,1,1,1,1,1,1,1,1,1,0,1,1,1,0,1,1,0,0,0,1,1,1,1,1,0,1,1,0,0,1,1,1,0,1,1,0,1,1,1,1,1,1,1,0,1,1,1,1,1,0
13.265053067523304,0.014502665110529778,-2.765435799319728,0.3342986617953946,32.0625,464.8580000000002,1.21875,2.6933088489213888,2.022176210703223,8230700.669435634,7.040784592626308,31.266304451365713,22.840946106665523,11.384295757348628,5.783244946364939,5.907179729351506,0.0,19.28352128306594,0.0,0.0,0.0,11.600939890232516,32.648899725203606,27.995001427830374,17.70925870859326,39.91624852641899,29.0746095123139,0.0,4.899909730850478,17.56947956948497,24.16767965080596,14.09534396535438,50.94680923750942,5.749511833283905,5.733667477162185,0.0,5.749511833283905,11.600939890232516,73.64445193262142,9.589074368143644,11.835812092322787,28.446228178140128,5.022633313741326,0.0,181.61999999999998,75.47039037901891,39.91624852641899,0.0,22.570357920061326,0.0,6.06636706846161,25.06162076466647,0.0,0.0,0.0,17.3346073673947,0.0,6.173626192082706,39.71288641051598,54.45843757772299,0.7387727813679312,-8.179430641564178,-1.704249863525657,0.0,3.025106477750778,0.38095238095238093,7,3,0,3,1,0,5,0,9,11,0,2,0,0,0,0,0,4,0.2649000000000006,0,4,3,0,0,0,0,1,0,0,0,0,1,0,1,0,1,0,0,0,0,0,0,0,0,0,0,0,3,0,0,0,0,0,0,0,0,0,2,2,0,0,0,0,0,0,0,0,0,0,0,1,0,0,0,0,0,0,0,0,0,0,0,11,4.814516129032258,4,4,0.0,2388.0,4,0.07056451612903225,0.12715053763440862,0.12715053763440862,0.122845867626337,0.1271505376344086,0.21500978240309568,0.1510637840308009,0.1510637840308009,0.01767002588485253,0,0,0,0,0,1,2,0.34375,0.65625,0.25,0.0625,0.0,0.6857142857142857,0.14285714285714285,0,0,1,0,0,0,0,1,0,0,1,1,1,1,0,0,1,0,1,1,0,0,0,0,0,0,1,0,0,0,1,0,0,1,0,0,1,1,0,1,0,0,0,0,0,0,1,0,1,1,0,1,0,1,0,0,1,0,1,0,0,1,0,1,0,0,1,1,1,0,0,1,0,0,0,0,1,0,0,0,0,1,0,1,0,0,1,0,0,0,0,0,0,0,1,0,1,0,0,0,1,0,0,0,0,1,1,0,1,1,1,1,1,1,0,1,0,0,0,0,0,0,0,1,1,1,0,0,0,0,0,0,0,0,0,0,0,0,0,0,0,0,0,0,0,0,0,0,0,0,0,0,0,0,1,0,0,0,0,0,0,0,0,0,0,0,0,0,0,0,0,0,0,0,0,0,0,0,1,0,0,1,1,0,0,0,0,0,0,0,0,0,0,0,1,0,0,0,0,0,1,0,1,0,1,0,0,0,0,0,0,0,1,1,1,1,0,1,1,1,1,1,0,1,0,1,0,1,0,1,0,1,0,1,0,1,1,0,1,0,1,1,0,0,0,1,0,0,0,0,1,0,0,0,0,1,0,0,0,1,0,1,1,0,1,0,0,1,1,0,1,1,1,1,1,0,1,1,1,1,1,0,1,0,1,1,1,1,1,1,1,1,1,1,0
14.06346909949318,0.017507528397610495,-2.7272071787625847,0.18087523730691585,25.69047619047619,585.6580000000004,1.119047619047619,2.851439540738728,1.8740796565822566,586754689.2029972,10.403344263574803,41.69326399538814,17.09143427338162,17.133807590632532,11.690424675716445,5.907179729351506,0.0,24.07805846713776,0.0,0.0,0.0,0.0,65.25592341659826,36.81266606865194,23.837435001441094,39.60425831565011,34.755621900800016,0.0,10.216698334856808,17.569479569484972,50.79467173743888,44.95214267147814,39.85780885530649,5.749511833283905,21.267154416025324,11.374772549367124,5.749511833283905,0.0,100.62412989078256,20.804433175141472,11.835812092322787,43.11347338946369,0.0,0.0,205.75999999999996,69.70049919055285,39.60425831565011,0.0,41.749267200597764,11.250837766380558,0.0,4.899909730850478,39.156964730020846,20.771211599071872,10.633577208012662,5.733667477162185,0.0,0.0,55.58990153352558,51.08094116849257,1.9611832788856183,-7.7929611444143765,0.11683566778811816,5.602841083742167,6.620540342240005,0.5172413793103449,8,3,0,3,2,0,4,0,11,13,0,6,0,0,0,0,0,4,0.5132000000000028,0,3,2,0,0,0,0,1,0,0,0,0,2,2,1,0,1,0,0,0,0,0,1,0,2,0,0,0,3,0,0,0,0,0,0,0,0,0,2,2,0,0,0,0,0,0,0,0,0,0,0,1,0,0,0,0,0,0,0,0,0,0,0,16,6.551684088269454,4,4,0.0,5641.0,4,0.05226480836236934,0.13879210220673635,0.13879210220673635,0.12909076940784062,0.13879210220673635,0.1597331362162103,0.11854364165810455,0.11854364165810455,0.015123112824407118,0,0,0,0,0,1,2,0.30952380952380953,0.6904761904761905,0.19047619047619047,0.11904761904761904,0.0,0.7333333333333333,0.13333333333333333,1,0,1,0,0,0,0,1,1,0,1,1,1,1,1,0,1,0,1,1,0,0,0,0,1,0,0,0,1,1,1,0,1,1,1,0,1,1,0,1,0,1,1,1,0,0,1,1,1,0,0,0,0,1,0,0,1,0,1,0,0,1,0,0,0,0,1,0,1,0,0,0,1,0,1,0,0,0,0,0,1,1,0,1,0,0,0,0,0,1,0,1,1,0,1,0,1,0,1,0,1,0,0,1,0,1,1,1,0,1,0,1,0,1,1,1,0,0,0,0,0,0,0,1,1,1,0,0,0,0,0,0,0,0,0,0,0,0,0,0,0,0,0,0,0,0,0,0,0,0,0,0,0,0,1,0,0,0,0,0,0,0,0,0,0,0,0,0,0,0,0,0,0,0,0,0,0,0,1,0,0,1,1,0,0,0,0,0,0,0,0,0,0,0,1,0,0,0,0,0,1,0,1,0,1,0,0,1,1,0,1,0,1,1,1,0,0,1,1,1,1,1,0,1,0,1,0,1,1,1,0,0,1,1,0,0,1,0,1,1,1,1,0,0,1,1,0,0,0,0,1,0,0,0,0,1,0,0,0,1,1,1,0,1,1,0,0,1,1,1,1,1,1,1,1,0,1,1,1,1,1,1,1,1,1,1,1,1,1,1,1,1,1,1,0
13.31702837616528,0.10372034307550182,-2.894779029667421,0.3322174879037973,34.375,444.44000000000017,1.15625,2.6996376544886194,2.060772795273567,8427682.935942445,6.893358820274297,31.266304451365713,22.840946106665523,11.384295757348628,5.783244946364939,5.907179729351506,0.0,19.283521283065944,0.0,0.0,0.0,19.056471336613843,31.64306857167438,11.49101057623066,23.627164754754652,39.91624852641899,17.473669622081385,0.0,4.899909730850478,17.56947956948497,30.58850127373197,14.09534396535438,51.990542992229706,5.749511833283905,5.733667477162185,0.0,5.749511833283905,0.0,79.74841832036971,9.589074368143644,11.835812092322787,28.76308341331783,0.0,0.0,181.62,75.6387845918964,39.91624852641899,0.0,11.3129633249809,5.563451491696996,0.0,25.06162076466647,19.056471336613843,0.0,0.0,5.733667477162185,0.0,0.0,39.81791594612031,55.033717988394216,1.3628127161422192,-8.859922348441467,-1.5895597127739987,1.6766898673049466,2.975209358409214,0.4090909090909091,7,3,0,3,1,0,6,0,9,10,0,2,0,0,0,0,0,4,-0.3475999999999985,0,4,3,0,0,0,0,1,0,0,0,0,1,0,1,0,1,0,0,0,0,0,0,0,0,0,0,0,3,0,0,0,0,0,0,0,0,0,2,2,0,0,0,0,0,0,0,0,0,0,0,1,0,0,0,0,0,0,0,0,0,0,0,11,4.709677419354839,4,4,0.0,2336.0,4,0.07056451612903225,0.12365591397849462,0.12365591397849462,0.12308995985720686,0.12365591397849462,0.21993011599683512,0.14957957908381553,0.14957957908381553,0.017807368633401988,0,0,0,0,0,1,2,0.3125,0.6875,0.25,0.0625,0.0,0.6857142857142857,0.14285714285714285,0,0,1,1,0,0,0,0,0,0,1,1,1,1,0,1,1,0,1,1,0,0,0,0,0,0,0,0,0,1,0,0,0,1,0,0,1,0,0,1,0,1,0,0,0,0,1,1,0,1,0,0,0,1,1,0,1,0,1,0,0,1,1,1,1,1,1,0,1,0,0,1,0,0,1,0,0,0,0,1,1,1,0,1,0,0,1,0,0,0,0,0,0,0,1,0,1,0,0,0,1,0,0,0,0,1,0,0,0,1,0,1,0,1,0,1,0,0,1,0,0,0,0,1,1,1,0,0,0,0,0,0,0,0,0,0,0,0,0,0,0,0,0,0,0,0,0,0,0,0,0,0,0,0,1,0,0,0,0,0,0,0,0,0,0,0,0,0,0,0,0,0,0,0,0,0,0,0,1,0,0,1,1,0,0,0,0,0,0,0,0,0,0,0,1,0,0,0,0,0,1,0,1,0,1,0,0,0,0,0,0,0,1,1,1,0,0,1,0,0,1,1,0,1,0,1,0,1,0,1,0,0,0,1,0,0,0,0,1,0,1,1,0,0,0,1,0,0,0,0,1,0,0,0,0,1,0,0,0,1,0,1,0,0,1,0,0,1,1,1,1,1,1,1,1,0,1,1,1,1,1,0,1,0,1,1,1,1,1,1,1,1,1,1,0
13.493332231040565,0.001835212480054249,-2.625690428949357,0.3983715598370968,29.09090909090909,457.48300000000023,1.121212121212121,2.696370198604367,1.9774201929495312,12957846.497735659,7.323534247616357,31.059686787375483,22.840946106665523,11.384295757348628,5.783244946364939,5.907179729351506,0.0,19.28352128306594,0.0,0.0,0.0,0.0,50.551078885988005,31.2737408162686,11.605292320844956,34.809721131578286,23.161055896764946,0.0,4.899909730850478,17.569479569484972,24.48453488598367,33.09059766155924,45.9241759237681,5.749511833283905,10.633577208012664,5.687386274683562,5.749511833283905,0.0,82.6332685031351,16.00989599106965,11.835812092322787,22.342261790391824,0.0,0.0,164.63,58.04380762791743,34.809721131578286,0.0,29.72771110090219,5.563451491696996,5.687386274683562,10.966276799312087,39.156964730020846,0.0,0.0,5.733667477162185,0.0,0.0,41.99603909946118,43.92288835409687,3.0228792870278838,-6.533286028662561,0.3241453294280674,0.0,6.788010156373598,0.43478260869565216,6,3,0,3,1,0,4,0,9,10,0,3,0,0,0,0,0,4,0.1866000000000017,0,3,2,0,0,0,0,1,0,0,0,0,2,0,1,0,1,0,0,0,0,0,1,0,1,0,0,0,3,0,0,0,0,0,0,0,0,0,2,2,0,0,0,0,0,0,0,0,0,0,0,1,0,0,0,0,0,0,0,0,0,0,0,12,5.0606060606060606,4,4,0.0,2672.0,4,0.06818181818181818,0.13098729227761485,0.13098729227761485,0.12250461297602364,0.13098729227761485,0.2049150485643889,0.14588257501514373,0.14588257501514373,0.01708213988464565,0,0,0,0,0,1,2,0.30303030303030304,0.696969696969697,0.21212121212121213,0.09090909090909091,0.0,0.6944444444444444,0.1388888888888889,0,0,1,0,0,0,0,1,0,0,1,1,1,1,1,0,1,0,1,1,0,0,0,0,0,0,0,0,0,0,1,0,1,1,1,0,1,1,0,1,0,0,0,0,1,0,1,0,1,0,0,0,0,1,0,0,1,0,1,0,0,1,1,1,0,0,1,1,1,0,0,1,0,0,0,0,0,0,0,0,1,1,0,1,0,0,1,0,0,0,0,0,1,0,1,0,1,0,1,0,1,0,0,1,0,1,1,0,0,1,0,1,0,1,0,1,0,0,0,0,0,0,0,1,1,1,0,0,0,0,0,0,0,0,0,0,0,0,0,0,0,0,0,0,0,0,0,0,0,0,0,0,0,0,1,0,0,0,0,0,0,0,0,0,0,0,0,0,0,0,0,0,0,0,0,0,0,0,1,0,0,1,1,0,0,0,0,0,0,0,0,0,0,0,1,0,0,0,0,0,1,0,1,0,1,0,0,0,0,0,0,0,1,1,1,0,0,1,1,1,1,1,0,1,0,1,0,1,0,1,0,0,0,1,0,0,1,0,1,0,1,1,0,0,0,1,0,0,0,0,1,0,0,0,0,1,0,0,0,1,0,1,0,1,1,0,0,1,1,1,1,1,1,1,1,0,1,1,1,1,1,0,1,0,1,1,1,1,1,1,1,1,1,1,0
13.313695042831949,0.13483134920634998,-2.7450336592970523,0.3361104616305243,34.375,444.44000000000017,1.15625,2.679151582051959,2.0479220271303857,7541988.5274806805,6.644026762190543,31.266304451365713,22.840946106665523,11.384295757348628,5.783244946364939,5.907179729351506,0.0,19.28352128306594,0.0,0.0,0.0,12.13273413692322,39.06972134812962,17.408916622392056,17.206343131828646,39.91624852641899,17.473669622081385,0.0,4.899909730850478,17.56947956948497,30.58850127373197,14.09534396535438,51.990542992229706,5.749511833283905,5.733667477162185,0.0,5.749511833283905,0.0,73.64445193262142,15.190125179127332,11.835812092322787,29.265998990082448,0.0,0.0,181.61999999999998,74.96747480225429,39.91624852641899,0.0,17.547724606320003,0.0,0.0,44.11809210128031,0.0,0.0,0.0,5.733667477162185,0.0,0.0,39.85973178974171,55.036209694953385,-0.6537508730280199,-7.891260886171374,-0.1999820483749053,1.4026620895271686,3.062499607842321,0.4090909090909091,7,3,0,3,1,0,5,0,9,10,0,2,0,0,0,0,0,4,-0.21439999999999837,0,4,2,0,0,0,0,1,0,0,0,0,1,0,1,0,1,0,0,0,0,0,0,0,0,0,0,0,3,0,0,0,0,0,0,0,0,0,2,2,0,0,0,0,0,0,0,0,0,0,0,1,0,0,0,0,0,0,0,0,0,0,0,11,4.737903225806452,4,4,0.0,2350.0,4,0.07056451612903225,0.12459677419354838,0.12459677419354838,0.12382646120403884,0.12459677419354839,0.21840853892071316,0.1517757734009686,0.1517757734009686,0.018096458952342465,0,0,0,0,0,1,2,0.3125,0.6875,0.25,0.0625,0.0,0.6857142857142857,0.14285714285714285,0,0,1,0,0,0,0,1,0,0,1,1,1,1,0,1,1,0,1,1,0,0,0,0,0,0,0,0,0,0,1,1,0,1,0,0,1,0,0,1,0,0,0,0,0,0,1,0,1,0,0,0,1,1,0,0,1,0,1,0,1,1,0,1,1,0,1,0,1,0,0,1,0,0,0,0,0,0,0,0,1,1,0,1,0,0,1,0,0,0,0,0,0,0,1,0,1,0,0,1,1,0,0,0,0,0,1,1,0,1,0,1,0,1,0,1,1,0,0,0,0,0,1,1,1,1,0,0,0,0,0,0,0,0,0,0,0,0,0,0,0,0,0,0,0,0,0,0,0,0,0,0,0,0,1,0,0,0,0,0,0,0,0,0,0,0,0,0,0,0,0,0,0,0,0,0,0,0,1,0,0,1,1,0,0,0,0,0,0,0,0,0,0,0,1,0,0,0,0,0,1,0,1,0,1,0,0,0,0,0,0,0,1,1,1,0,0,1,1,1,1,1,0,1,0,1,0,1,0,1,0,0,0,1,0,0,1,0,1,0,1,1,0,0,1,1,0,0,0,0,1,0,0,0,0,1,0,0,0,1,0,1,0,0,1,0,0,1,1,1,1,1,1,1,1,0,1,1,1,1,1,0,1,0,1,1,1,1,1,1,1,1,1,1,0
13.348139487276391,0.02808531746031684,-3.0233901407785337,0.26155458511612795,35.96969696969697,460.43900000000014,1.121212121212121,2.700849752442377,2.1025415292648266,11236188.57580038,6.874357158105145,36.37283184620642,22.840946106665523,11.384295757348628,5.783244946364939,5.907179729351506,0.0,19.28352128306594,0.0,0.0,0.0,12.13273413692322,32.648899725203606,0.0,40.719226141968996,45.022775921259694,17.473669622081385,0.0,4.899909730850478,17.56947956948497,30.271646038554266,14.09534396535438,51.990542992229706,5.749511833283905,5.733667477162185,0.0,5.749511833283905,0.0,84.85494571521043,15.190125179127332,11.835812092322787,22.845177367156438,0.0,0.0,201.84999999999997,81.07144119000259,45.022775921259694,0.0,11.126902983393991,0.0,0.0,44.11809210128031,0.0,0.0,0.0,5.733667477162185,0.0,0.0,39.79806370584148,66.4755450124137,-1.880951364335653,-9.664242745581804,-1.8719671201814065,1.2530787561938355,2.8536107189534317,0.4090909090909091,8,3,0,3,1,0,6,0,10,11,0,2,0,0,0,0,0,4,-1.2435999999999974,0,5,3,0,0,0,0,1,0,0,0,0,1,0,1,0,1,0,0,0,0,0,0,0,0,0,0,0,3,0,0,0,0,0,0,0,0,0,2,2,0,0,0,0,0,0,0,0,0,0,0,1,0,0,0,0,0,0,0,0,0,0,0,11,4.723484848484849,4,4,0.0,2494.0,4,0.06818181818181818,0.12011241446725317,0.12011241446725317,0.12363585429445376,0.12011241446725318,0.21911848591527386,0.14802098244336861,0.14802098244336861,0.018203695290052033,0,0,0,0,0,1,2,0.3333333333333333,0.6666666666666666,0.2727272727272727,0.06060606060606061,0.0,0.6944444444444444,0.1388888888888889,0,0,1,0,0,0,0,0,0,0,1,1,1,1,0,1,1,0,1,1,0,0,0,0,0,0,0,0,0,1,0,1,0,1,0,0,1,0,0,1,0,1,0,0,0,0,1,0,0,0,0,0,1,1,0,0,1,1,1,0,1,1,1,1,1,1,1,0,1,1,0,1,0,0,0,0,0,0,0,1,0,1,0,1,0,0,1,0,0,0,0,0,0,0,1,0,1,0,0,0,1,0,0,0,0,1,0,1,0,1,0,1,0,1,0,0,1,0,0,0,0,0,1,1,1,1,0,0,0,0,0,0,0,0,0,0,0,0,0,0,0,0,0,0,0,0,0,0,0,0,0,0,0,0,1,0,0,0,0,0,0,0,0,0,0,0,0,0,0,0,0,0,0,0,0,0,0,0,1,0,0,1,1,0,0,0,0,0,0,0,0,0,0,0,1,0,0,0,0,0,1,0,1,0,1,0,0,0,0,0,0,0,1,1,1,0,0,1,0,0,1,1,0,1,0,1,0,1,0,1,0,0,0,1,0,0,0,0,1,0,1,1,0,0,0,1,0,0,0,0,1,0,0,0,0,1,0,0,0,1,0,1,0,0,1,0,0,1,1,1,1,1,1,1,1,0,1,1,1,1,1,0,1,0,1,1,1,1,1,1,1,1,1,1,0
13.407275289745527,0.0029285910364558188,-2.782935799319728,0.3283008516696476,33.72727272727273,478.8850000000002,1.1818181818181819,2.694600796332424,2.0661759602853698,10976432.092452962,7.0375368223897015,31.266304451365713,22.840946106665523,11.384295757348628,5.783244946364939,5.907179729351506,0.0,19.28352128306594,0.0,0.0,0.0,11.600939890232516,39.57263692489424,27.995001427830374,17.206343131828646,39.91624852641899,29.0746095123139,0.0,4.899909730850478,17.56947956948497,30.58850127373197,14.09534396535438,50.94680923750942,5.749511833283905,5.733667477162185,0.0,5.749511833283905,11.600939890232516,73.64445193262142,15.190125179127332,11.835812092322787,29.265998990082448,5.022633313741326,0.0,181.61999999999998,74.96747480225429,39.91624852641899,0.0,22.570357920061326,0.0,6.06636706846161,31.985357964357092,0.0,0.0,0.0,17.3346073673947,0.0,6.263278969860483,39.98827793440948,55.28917831846374,-1.21036166948031,-8.290293671189609,-0.25917957923910273,1.3390509784160578,3.0285078382949955,0.4090909090909091,7,3,0,3,1,0,5,0,9,11,0,2,0,0,0,0,0,4,0.4390000000000007,0,4,2,0,0,0,0,1,0,0,0,0,1,0,1,0,1,0,0,0,0,0,0,0,0,0,0,0,3,0,0,0,0,0,0,0,0,0,2,2,0,0,0,0,0,0,0,0,0,0,0,1,0,0,0,0,0,0,0,0,0,0,0,11,4.821969696969697,4,4,0.0,2546.0,4,0.06818181818181818,0.12328934506353861,0.12328934506353861,0.12352967445071401,0.12328934506353861,0.21453680631622152,0.1493810749081045,0.1493810749081045,0.018077844924367155,0,0,0,0,0,1,2,0.3333333333333333,0.6666666666666666,0.24242424242424243,0.06060606060606061,0.0,0.6944444444444444,0.1388888888888889,0,1,1,0,0,0,0,1,1,0,1,1,1,1,0,1,1,0,1,1,0,0,0,0,0,1,1,0,0,0,1,1,0,1,0,0,1,0,0,1,0,0,0,0,0,0,1,0,1,1,0,0,0,1,0,0,1,0,1,0,0,1,0,1,0,0,1,1,1,0,0,1,0,0,0,0,0,0,0,0,1,1,0,1,0,0,1,0,0,0,0,0,0,0,1,0,1,0,0,1,1,0,0,0,0,0,1,0,0,1,1,1,0,1,0,1,0,0,0,0,0,0,1,1,1,1,0,0,0,0,0,0,0,0,0,0,0,0,0,0,0,0,0,0,0,0,0,0,0,0,0,0,0,0,1,0,0,0,0,0,0,0,0,0,0,0,0,0,0,0,0,0,0,0,0,0,0,0,1,0,0,1,1,0,0,0,0,0,0,0,0,0,0,0,1,0,0,0,0,0,1,0,1,0,1,0,0,0,0,0,0,0,1,1,1,1,0,1,1,1,1,1,0,1,0,1,0,1,0,1,0,1,0,1,0,1,1,0,1,0,1,1,0,0,1,1,0,0,0,0,1,0,0,0,0,1,0,0,0,1,0,1,1,0,1,0,0,1,1,1,1,1,1,1,1,0,1,1,1,1,1,0,1,0,1,1,1,1,1,1,1,1,1,1,0
12.508626202024018,0.04014531893004092,-3.897318882800034,0.8613672076779288,16.17391304347826,351.4090000000001,1.3478260869565217,2.907486673145146,2.086827219746808,168046.91473444315,5.355825178237105,5.106527394840706,0.0,16.58776266455134,0.0,15.930470882759089,0.0,14.416541779374388,13.401775505276145,0.0,11.336785877934737,12.13273413692322,19.056471336613843,23.685114239688563,4.895483475517775,18.318861563241466,38.157980112189335,0.0,9.289194512243443,0.0,11.819220675208399,12.36446058668352,46.59994984391364,0.0,5.316788604006331,5.131558479839333,0.0,11.336785877934737,35.76837060344178,14.817828337479405,6.923737199690624,10.440598685398296,0.0,5.759164871656176,99.59999999999998,15.930470882759089,18.318861563241466,0.0,21.91513915192678,5.131558479839333,9.182363184997534,30.517191997535146,18.329577708536295,6.923737199690624,10.30076712495354,0.0,25.795490310321657,1.2527758356428988,17.279040643391067,13.21041889749727,-0.23368297010161987,-1.1239526643990931,1.5884391665616864,1.8308550117577895,-2.671617352187789,0.14285714285714285,2,0,1,1,1,1,0,0,6,9,2,2,0,0,0,0,0,3,1.95092,0,1,1,0,0,1,0,0,0,0,0,0,2,1,0,0,1,0,0,0,0,0,0,0,1,1,0,0,1,0,0,0,0,0,0,0,0,0,0,0,0,0,0,0,0,0,0,0,0,0,0,0,0,0,0,1,0,0,0,1,0,0,0,11,4.407114624505929,3,3,0.0,1115.0,4,0.09881422924901184,0.16224355354790138,0.16224355354790138,0.17290423087173343,0.16224355354790138,0.2357913609931046,0.17138495120038677,0.17138495120038677,0.017791250099913516,0,0,0,0,1,2,0,0.391304347826087,0.6086956521739131,0.17391304347826086,0.13043478260869565,0.08695652173913043,0.4,0.16,1,1,0,0,0,0,0,0,0,0,1,0,0,0,0,0,0,0,0,0,1,0,0,0,1,0,1,0,1,0,0,0,0,1,1,1,0,0,0,1,0,0,0,0,1,0,0,1,0,0,0,0,0,0,0,0,0,0,1,0,0,0,0,0,1,0,1,0,0,0,0,0,1,0,0,0,1,0,1,1,0,1,0,0,0,1,1,0,1,0,0,1,0,0,1,0,1,0,0,0,1,0,1,0,0,0,0,0,1,1,0,0,1,0,0,1,0,0,1,0,0,1,1,0,0,1,0,1,0,0,0,0,0,0,0,0,0,0,0,0,0,0,0,0,0,0,0,0,0,0,0,0,0,0,0,0,0,0,0,0,1,1,0,0,1,0,0,0,0,0,0,0,0,1,0,1,0,0,0,1,0,1,0,1,0,0,1,1,1,1,0,0,0,1,0,1,0,0,0,0,0,1,0,1,1,1,0,1,0,1,0,1,0,0,0,0,1,1,0,0,1,1,1,1,1,1,1,1,0,1,1,0,0,1,1,0,0,0,1,0,1,0,0,0,0,1,0,0,1,1,1,0,1,1,0,1,0,0,1,1,0,1,0,1,1,1,0,1,1,0,1,1,1,1,1,0,1,1,1,1,1,0,1,0,1,1,1,1,1,1,1,1,1,1,0
16.017214138834966,0.09753108044362557,-2.3451975587641307,0.07434800355531383,29.435643564356436,1449.2710000000004,0.7128712871287128,0.7753981748657499,1.2394283064781384,1.2011332476804883e+25,30.16501983221306,128.17130685357606,89.47659525090083,29.934857612799288,53.389796668079654,0.0,5.969305287951849,33.561760288502754,4.794537184071822,0.0,0.0,55.24845538523111,110.08498363408832,34.71646841886195,41.32274381956614,117.84274914378194,70.52144317387742,0.0,37.217520228044314,17.385241000485763,156.20100928461642,13.654553947190108,116.72529597596859,57.12299764966523,62.89544404376884,0.0,45.99609466627124,23.20187978046503,190.94953164314495,52.56688633397472,5.917906046161393,105.10812638896597,10.045266627482652,11.126902983393991,530.4900000000002,237.11388471144392,75.03795986876617,14.383611552215466,46.22204891412963,0.0,66.73003775307771,33.02788051898166,0.0,13.847474399381248,37.217520228044314,63.090392457589694,38.297719817048595,14.104060618953639,116.81039621680978,130.50687133113217,8.003711425926706,-15.9867848461044,-18.55014789207184,5.659418699136037,1.4723086925515987,0.42424242424242425,21,0,7,7,7,0,18,11,25,35,7,13,0,2,2,0,0,12,0.10620000000000512,1,6,6,0,0,0,0,3,1,0,0,0,0,7,2,0,1,0,0,0,0,0,0,0,0,0,0,0,15,0,6,0,0,0,0,0,0,0,0,0,0,0,0,0,0,0,0,0,0,0,0,1,0,0,0,0,0,0,0,0,0,0,0,24,10.457425742574257,10,10,0.0,52810.0,4,0.021782178217821774,0.09552955295529553,0.09552955295529553,0.10101722852229064,0.09552955295529551,0.09916955502961795,0.08044988318765901,0.08044988318765901,0.008122389656118317,0,0,0,0,0,5,2,0.3465346534653465,0.6534653465346535,0.2376237623762376,0.0891089108910891,0.0,0.6545454545454545,0.07272727272727272,1,1,0,1,0,1,0,0,0,0,1,1,1,0,1,0,1,1,1,1,1,0,1,1,0,1,0,1,0,1,1,0,0,1,0,0,1,0,1,1,1,0,0,1,1,1,0,1,0,1,0,1,1,1,0,1,1,1,1,0,1,1,1,1,1,0,1,1,0,0,0,1,0,1,1,0,1,1,1,1,1,1,1,1,0,1,1,0,0,1,1,0,0,0,1,0,1,1,1,1,1,1,0,1,0,1,1,1,1,0,1,0,0,1,1,1,0,0,0,1,0,0,1,1,1,1,0,1,0,0,0,0,0,0,0,0,0,0,0,0,0,0,0,0,0,0,0,0,0,0,0,0,0,0,0,0,0,0,0,0,0,0,0,0,0,0,0,0,0,0,0,0,0,0,0,0,0,0,0,0,0,1,1,0,0,1,0,0,0,0,0,0,0,0,1,0,0,0,0,0,1,0,1,0,0,0,0,1,1,0,1,0,1,0,0,1,0,1,1,1,1,1,0,1,0,1,1,0,0,1,0,1,1,1,0,1,1,1,1,1,1,1,0,1,1,1,0,0,1,1,0,1,0,1,1,1,0,0,0,1,1,1,1,0,1,1,0,1,1,1,1,1,1,1,1,0,0,1,1,1,1,1,1,1,1,1,1,1,1,1,1,1,1,1,0
16.334985228630256,0.12257990402228525,-4.8461535848371025,0.023203451841293275,26.702479338842974,1755.6580000000004,0.6942148760330579,1.3560157544483153,1.1702260648392522,3.369778318875211e+33,41.367076289189654,148.17482839393782,89.47659525090083,29.934857612799284,53.389796668079654,0.0,13.565067614739736,38.12680857343408,4.794537184071822,0.0,0.0,107.11794394540381,123.05056166292692,48.284370568138065,53.172040121717615,132.1946206342182,78.11720550066529,0.0,53.167886040063316,11.651573523323577,221.0360758736277,39.57466797538232,116.22238039920397,57.12299764966523,73.11214237862566,0.0,45.99609466627124,30.79764210725292,226.6564688768421,63.676691024818616,5.917906046161393,168.96188806376176,10.045266627482652,11.126902983393991,598.0900000000001,268.6671512379929,79.8007569910588,23.97268592035911,40.658597422432635,13.08951281182515,86.47089195930673,51.28451423423046,13.847474399381248,13.847474399381248,60.09162323975394,57.356724980427515,51.416715007475744,14.318648123931139,138.30598470657125,143.94901525626835,0.5453562741202802,-17.07296644500458,-10.564060010603404,8.979187147687789,-3.380226757597585,0.525,24,0,7,7,7,0,18,11,28,41,7,30,0,2,2,0,0,12,2.692200000000017,1,6,6,0,0,0,0,3,1,0,0,0,0,10,1,0,1,0,0,0,0,0,0,0,0,0,0,0,15,0,6,0,0,0,0,0,0,0,0,0,0,0,0,0,0,0,0,0,0,0,0,1,0,0,0,0,0,0,0,0,0,7,0,39,12.993939393939394,10,10,0.0,94336.0,4,0.01790633608815427,0.1007894066717596,0.1007894066717596,0.10777617207124265,0.10078940667175959,0.08124894579866625,0.05767812388664452,0.05767812388664452,0.007231399549245023,0,0,0,0,0,4,2,0.33884297520661155,0.6611570247933884,0.2231404958677686,0.09090909090909091,0.0,0.7,0.06923076923076923,1,1,0,1,1,1,0,0,0,1,1,1,1,0,1,1,1,1,1,1,1,0,1,1,0,1,1,1,0,1,1,1,0,1,1,0,1,0,1,1,1,0,1,1,1,1,1,1,0,1,0,1,1,1,0,1,1,1,1,1,1,1,1,1,1,0,1,1,0,1,0,1,1,1,1,0,1,1,1,1,1,1,1,1,0,1,1,1,0,1,1,0,0,1,1,0,1,1,1,1,1,1,1,1,1,1,1,1,1,0,1,0,0,1,1,1,0,0,0,1,0,0,1,1,1,1,0,1,0,0,0,0,0,0,0,0,0,0,0,0,0,0,0,0,0,0,0,0,0,0,0,0,0,0,0,0,1,1,0,0,0,0,0,0,0,0,0,0,0,0,0,1,0,0,0,0,1,0,0,0,0,1,1,0,0,1,0,0,0,0,0,0,0,0,1,0,0,1,0,0,1,0,1,0,0,0,0,1,1,0,1,0,1,0,1,1,0,1,1,1,1,1,0,1,0,1,1,0,1,1,1,1,1,1,1,1,1,1,1,1,1,1,1,1,1,1,1,0,1,1,0,1,1,1,1,1,1,1,1,1,1,1,1,0,1,1,1,1,1,1,1,1,1,1,1,1,1,1,1,1,1,1,1,1,1,1,1,1,1,1,1,1,1,1,0
13.499650022045856,0.016947249196076486,-4.139544726841353,0.29391506545829377,11.615384615384615,551.6250000000002,0.8974358974358975,2.92893419824875,1.8511796077083778,397766181.6461093,11.621268193001807,19.31711625624085,6.606881964512918,23.14129094240277,11.573916331283833,15.903279489842955,0.0,4.722094864452088,23.36973254717056,4.9839785209472085,0.0,45.036679872918306,41.310277303401826,12.393687143226153,18.612162981308227,27.73491324056979,15.841153931242612,0.0,19.935914083788834,0.0,31.081685543986428,25.04565633475546,72.55444225107765,34.777332832286945,18.932683725852236,5.817862777835028,23.128523836287087,0.0,53.78379993326184,15.438281622804364,0.0,26.334663090768867,0.0,11.648808995999854,145.65,10.023291153407584,13.524324379169643,0.0,58.36992165077845,5.749511833283905,5.563451491696996,31.636218821426905,42.46456947923127,20.771211599071872,24.65800894824092,14.210588861400147,46.60035749158642,0.0,17.10271684940353,9.395256492261813,0.8274611654028595,0.27088967388357243,2.999626385186832,5.652701663790072,-2.664768296587345,0.25925925925925924,2,0,0,0,0,2,0,0,10,12,2,10,0,0,0,0,0,4,4.203900000000004,0,1,1,0,0,4,0,0,0,0,0,0,4,1,0,0,0,0,0,0,0,0,0,0,1,0,0,0,0,0,3,0,0,0,0,0,0,0,0,0,0,1,0,0,0,0,0,2,0,0,0,0,0,0,0,1,0,0,0,0,0,0,0,14,6.550607287449393,4,4,0.0,4854.0,4,0.056680161943319846,0.15001641317430792,0.15001641317430792,0.15545927281415492,0.15001641317430792,0.15974449117424788,0.13301155454834585,0.13301155454834585,0.011910314006183764,0,0,0,0,0,4,0,0.3076923076923077,0.6923076923076923,0.15384615384615385,0.1282051282051282,0.02564102564102564,0.38095238095238093,0.047619047619047616,1,1,1,0,1,0,0,0,1,1,1,0,1,1,0,0,0,1,0,0,1,0,0,0,0,0,0,0,0,0,0,0,0,1,0,0,0,0,0,1,0,0,0,0,1,0,1,1,0,0,1,0,0,0,0,1,0,0,0,1,0,0,0,1,1,0,1,0,1,0,0,0,0,1,1,1,0,1,0,0,1,1,0,0,0,0,1,1,0,1,1,0,0,0,1,0,0,0,0,0,1,0,0,0,0,1,0,0,0,0,0,0,0,0,1,1,0,1,1,1,0,1,1,0,1,0,0,0,0,0,0,0,0,0,0,0,0,0,0,0,0,0,0,0,0,0,0,0,0,0,0,0,0,0,0,0,0,0,0,0,1,1,0,0,0,0,1,0,0,0,0,0,0,0,0,0,0,0,0,1,0,0,0,1,0,0,1,1,1,1,1,0,1,1,1,1,0,1,0,0,1,1,1,0,0,1,0,1,1,1,1,0,0,0,0,0,1,0,0,0,1,1,1,1,0,1,1,0,0,0,1,0,1,0,1,0,0,1,1,0,1,1,0,0,0,1,1,0,1,1,0,0,1,1,1,1,0,0,1,1,1,1,0,1,1,1,1,1,1,1,1,1,1,1,1,1,1,1,1,1,1,1,0,1,1,1,1,1,1,1,1,1,1,1,0
11.231896867996255,0.1978881120349376,-0.6487483133749359,0.7683688060325686,18.24,375.5590000000001,1.24,3.2055223615535455,1.7280746485418799,664633.0064445122,8.299732951035029,10.006437125691184,0.0,0.0,0.0,0.0,5.969305287951849,4.794537184071822,0.0,0.0,22.673571755869474,6.076020106833881,73.67445833532089,28.41691172929702,5.917906046161393,9.901064578912528,34.21598157389059,0.0,4.899909730850478,5.917906046161393,33.10993926815928,19.634269217737724,49.850077155485515,0.0,0.0,0.0,0.0,22.673571755869474,35.61001163138076,4.794537184071822,19.76538044554264,40.14366223957462,0.0,5.573104530069267,40.540000000000006,5.969305287951849,9.901064578912528,0.0,5.917906046161393,6.544756405912575,32.351977680603184,26.454301900865858,22.673571755869474,0.0,47.71626391492066,0.0,0.0,3.603947882591461,16.244956255331438,13.557481948600277,3.9932606403570516,-0.8466364254098735,5.106850156333832,6.981265916222625,0.0,0.45,1,0,1,1,0,2,1,0,4,5,3,6,0,1,1,0,0,3,5.044840000000004,1,0,0,0,0,0,0,0,1,0,0,0,1,0,0,0,0,1,0,0,0,0,0,0,0,2,0,0,0,0,0,0,0,0,0,0,0,0,0,0,0,0,0,0,0,0,0,0,0,1,0,0,0,0,0,0,0,0,0,0,2,0,0,11,5.32,3,3,0.0,1596.0,3,0.08999999999999998,0.18782608695652175,0.18782608695652175,0.20299474945174803,0.18782608695652175,0.19449842985555668,0.15814843573826518,0.15814843573826518,0.01334333355757028,0,0,0,0,2,2,1,0.2,0.8,0.08,0.04,0.08,0.5555555555555556,0.07407407407407407,0,0,0,0,1,1,1,0,0,0,1,0,0,1,1,0,0,1,1,0,0,0,0,1,0,0,0,0,0,0,1,1,0,1,0,1,0,0,0,1,0,1,1,0,0,1,0,0,0,0,0,0,0,1,1,0,0,0,1,0,0,0,1,0,0,0,0,0,0,0,0,0,1,0,0,0,0,0,1,0,1,1,0,0,0,0,1,0,0,0,0,0,0,1,0,1,0,1,1,1,1,1,0,0,0,0,0,0,0,0,0,1,0,1,0,0,0,0,0,0,0,1,0,1,0,1,0,1,0,0,0,0,0,0,0,0,0,0,0,0,0,0,0,0,0,0,0,0,0,0,0,0,0,0,0,0,0,0,0,0,0,0,0,0,1,0,0,0,0,0,0,0,0,0,0,0,0,0,1,0,0,0,0,0,0,0,0,0,0,0,0,0,0,0,0,0,0,0,0,0,0,0,0,1,1,0,0,0,0,1,0,1,0,1,1,0,1,0,1,1,0,0,0,0,1,1,1,1,1,0,0,0,0,0,0,0,0,0,0,1,0,0,0,0,0,0,1,0,1,1,1,1,0,1,0,0,1,1,0,0,0,0,0,0,0,1,1,1,0,0,0,0,1,0,0,1,1,1,1,0,0,1,1,1,0,1,1,1,1,1,1,1,1,1,0
6.015480284706475,0.320138888888889,0.320138888888889,0.750440465982924,14.3125,241.68200000000002,1.4375,2.7397563300005077,2.306892058151882,6331.576878631173,4.524707061706391,15.37044016181271,11.51179077268349,11.112664385636627,5.879988336435371,0.0,0.0,4.992404732635669,4.9839785209472085,4.9839785209472085,0.0,11.600939890232516,6.923737199690624,6.544756405912575,13.65455394719011,4.736862953800049,23.247880733659912,0.0,15.284745645900749,4.992404732635669,6.923737199690624,25.516098957109016,10.97751431489272,5.879988336435371,15.37044016181271,5.687386274683562,5.879988336435371,11.600939890232516,36.12682196374094,0.0,6.923737199690624,5.824404497999927,5.153109816892792,0.0,71.43,0.0,0.0,0.0,0.0,28.504443494755485,13.08951281182515,7.109797541277533,6.923737199690624,0.0,25.59393898254275,16.337802844032566,5.136447467876039,6.015480284706475,12.379335002519525,6.400316594230285,0.5304783950617287,1.6345119992441428,0.0,3.312985402494331,1.5348892983119171,0.4444444444444444,2,0,1,1,0,1,0,0,6,7,2,2,0,0,0,0,0,2,0.8181199999999997,0,0,0,0,0,2,0,0,0,0,0,1,3,2,0,0,0,0,0,0,0,0,0,0,1,1,0,0,0,0,1,0,1,0,0,0,0,0,0,0,0,1,0,0,0,0,0,0,0,0,0,0,0,0,0,0,0,0,0,0,0,0,0,8,3.6,2,2,0.0,432.0,3,0.14166666666666666,0.18571428571428572,0.18571428571428572,0.18511809064214443,0.18571428571428572,0.28859618054668257,0.22676274252561995,0.22676274252561995,0.017215311288964568,0,0,0,0,1,1,1,0.4375,0.5625,0.0625,0.3125,0.0,0.5882352941176471,0.058823529411764705,1,0,0,0,0,0,0,0,0,0,0,0,0,0,0,0,1,1,0,1,0,0,0,0,0,0,0,0,0,1,1,0,1,1,0,0,0,0,0,0,0,1,0,0,0,0,0,1,0,1,1,0,0,0,0,1,0,1,1,1,1,0,0,1,0,0,0,0,1,0,0,0,0,1,1,0,0,1,0,1,0,0,0,1,0,0,0,0,0,1,1,0,0,0,0,0,0,0,0,0,1,0,1,0,0,0,0,1,0,0,0,0,0,1,0,0,0,1,0,0,0,0,1,0,0,1,0,0,0,0,0,0,0,0,0,0,0,0,0,0,0,0,0,0,0,0,0,0,0,0,0,0,0,1,0,0,0,0,0,0,0,0,0,0,0,0,1,0,0,0,0,1,0,0,0,0,0,0,0,0,0,0,0,0,0,0,0,0,0,0,0,0,0,1,0,0,0,0,0,0,0,0,0,0,0,1,1,1,1,0,1,1,0,0,0,1,0,0,1,1,1,1,0,1,1,1,1,0,1,0,0,1,1,0,1,1,0,0,1,1,0,1,0,0,0,1,1,1,1,1,0,0,0,0,1,1,0,0,0,1,0,1,1,1,0,1,1,0,0,0,1,1,1,0,0,1,0,1,1,1,0,1,0,0,1,1,1,0,1,1,1,1,1,1,0
14.30244457042076,0.2929596560846559,-0.2929596560846559,0.654885085071007,13.08695652173913,325.77400000000006,1.1304347826086956,2.821626551789749,2.0274961737508224,280153.6570741006,5.317520490200393,0.0,11.641625339045822,0.0,0.0,0.0,0.0,9.559504380427024,9.374393568622029,0.0,0.0,23.733674027155736,37.255572541998674,16.149536297135317,29.834599249828376,4.39041504767482,17.312624893003218,0.0,9.551078168738563,4.992404732635669,13.4684936056032,0.0,82.14650268187395,5.687386274683562,0.0,4.39041504767482,0.0,11.600939890232516,15.262763171509265,6.544756405912575,12.740958040736519,22.645235476242377,5.022633313741326,5.687386274683562,30.18,0.0,4.39041504767482,0.0,5.817220841045895,22.842526214121598,22.769170259228943,6.06636706846161,12.13273413692322,41.9531486929415,9.976383253582878,11.600939890232516,16.347094356261024,6.18967972271213,9.011775163769212,0.5916737528344673,3.786895156210633,0.5760737381372304,1.8070545162509448,2.3817337490551775,0.0,0.1111111111111111,0,0,1,1,0,1,0,0,3,5,2,1,0,0,0,0,0,4,4.324220000000002,0,0,0,0,0,2,0,0,0,0,0,1,3,0,0,0,0,0,0,0,0,0,0,0,0,1,0,0,3,0,0,0,0,0,0,1,0,0,0,0,0,0,0,0,0,0,0,0,0,0,0,0,0,0,0,0,0,0,0,0,0,0,0,9,4.090909090909091,4,4,0.0,1035.0,3,0.10276679841897232,0.14718614718614723,0.14718614718614723,0.14801969439199236,0.14718614718614723,0.25333183575106516,0.18616697240570693,0.18616697240570693,0.014219972556693638,0,0,0,0,1,3,0,0.21739130434782608,0.782608695652174,0.0,0.13043478260869565,0.0,0.3076923076923077,0.038461538461538464,0,0,0,0,0,0,0,1,1,0,0,0,0,0,0,1,0,0,0,1,0,1,0,0,0,0,0,1,0,0,1,0,0,1,0,0,0,1,0,1,0,0,0,0,1,0,1,1,1,1,0,0,0,0,0,0,0,0,1,1,0,0,0,1,1,0,1,1,0,0,1,0,0,1,0,1,0,0,0,0,0,1,0,0,1,0,1,0,1,0,0,0,0,0,0,0,1,0,0,0,1,0,0,0,0,0,0,1,0,1,0,1,1,1,0,0,0,0,0,0,0,0,1,1,1,0,0,1,0,0,0,0,0,0,0,0,0,0,0,0,0,0,0,0,0,0,0,1,0,0,0,0,0,0,0,0,0,0,0,0,0,0,0,0,0,0,1,0,0,0,1,0,0,0,0,0,0,0,0,0,0,0,0,0,0,0,0,0,0,0,1,0,0,1,0,0,0,0,0,0,0,0,0,0,0,1,1,1,1,0,0,1,0,1,0,1,0,0,0,0,0,0,0,0,1,0,0,0,1,1,0,1,0,1,0,1,1,0,0,1,0,0,0,0,0,0,0,1,1,1,1,0,0,1,0,0,0,0,0,0,0,0,1,1,0,1,0,0,0,0,1,0,1,1,0,0,1,0,1,0,0,1,0,0,1,0,1,0,1,1,1,1,0,1,0
12.487978307867376,0.09845293209876504,-3.1884452291719154,0.8803470485806123,16.652173913043477,335.4730000000002,1.2173913043478262,3.1445011927737903,1.823931625071577,219835.22288800846,6.628798902868981,9.883888251797686,0.0,0.0,10.023291153407584,0.0,0.0,0.0,12.72301297562517,0.0,0.0,6.06636706846161,56.617445954449614,36.73403772143186,5.752853606746789,8.417796984328938,20.92621608548864,0.0,14.189104243093919,0.0,25.01531847552482,33.729613183092106,35.5228477603919,0.0,0.0,0.0,0.0,0.0,56.336514410514965,22.196966383080383,0.0,23.968546229246012,0.0,10.902924932081056,56.410000000000004,10.023291153407584,8.417796984328938,0.0,5.752853606746789,13.08951281182515,42.273597698468656,5.563451491696996,4.305215991296234,24.395944776997904,23.979232217152067,0.0,26.60221637889928,0.0,5.431965227066237,1.1397888321995469,3.1854630679432274,0.09845293209876504,4.942225870907571,2.314376512561713,0.9284113105987939,0.5294117647058824,1,0,1,1,0,1,0,0,3,6,2,6,0,1,1,0,0,3,2.1975999999999996,0,0,0,0,0,1,1,0,0,0,0,0,2,1,0,0,1,0,0,0,0,0,0,0,0,0,0,0,1,0,0,0,0,0,0,0,0,0,0,0,0,0,0,0,0,0,0,0,0,0,0,0,0,0,0,1,0,0,0,0,0,0,0,12,4.968379446640316,3,3,0.0,1257.0,4,0.09881422924901183,0.18897044984001504,0.18897044984001504,0.1901984041848336,0.18897044984001504,0.2096719874152582,0.1816688943807175,0.1816688943807175,0.015042473161138542,0,0,0,0,2,2,1,0.2608695652173913,0.7391304347826086,0.08695652173913043,0.13043478260869565,0.043478260869565216,0.52,0.08,0,0,0,1,1,1,0,0,0,0,1,1,1,0,0,0,1,1,0,1,0,0,0,0,0,0,1,1,0,0,1,1,0,1,0,0,0,0,1,1,0,0,0,0,0,0,0,0,0,0,0,1,0,1,1,0,0,0,0,0,0,0,0,0,0,0,0,0,1,1,0,0,1,1,1,0,0,1,1,0,1,1,0,0,0,0,1,1,1,0,1,1,1,0,1,0,0,0,0,0,1,0,0,0,0,0,0,1,1,0,0,0,0,1,0,0,0,0,0,1,1,0,0,0,0,0,0,0,0,0,0,0,0,0,0,0,0,0,0,0,0,0,0,0,0,0,0,0,0,0,0,0,0,0,0,0,0,0,0,0,1,1,0,0,0,0,0,0,0,0,0,0,0,0,0,0,0,0,0,1,0,0,0,1,0,0,1,0,1,1,0,0,1,1,0,1,0,0,0,0,0,1,1,1,0,0,0,0,0,1,0,1,0,1,1,0,1,0,1,1,0,1,1,0,1,0,0,0,1,1,1,0,0,1,1,0,0,0,0,1,1,0,0,1,1,1,1,0,1,1,1,0,1,1,0,0,1,1,1,0,1,0,0,0,1,1,1,0,0,0,1,0,0,0,0,1,1,1,0,1,0,1,0,1,1,0,1,1,1,1,1,1,1,1,0
12.492102206975353,0.0020893271858277718,-3.9669749258931923,0.51917970894521,14.363636363636363,494.0130000000003,1.0606060606060606,2.792496189658309,1.5132730990273082,19051838.76389809,11.379760303013173,15.37044016181271,5.749511833283905,0.0,0.0,15.930470882759089,6.031114512338072,4.794537184071822,17.934429032852847,0.0,0.0,42.99613889593376,55.15775170278308,17.60923054880186,17.568732508492303,22.74373430627263,33.56252528532968,0.0,15.355672072464749,0.0,49.4622540422218,13.65455394719011,58.614105776366586,5.749511833283905,20.092535026264798,4.794537184071822,5.749511833283905,11.600939890232516,40.05248600235658,16.444112776333593,0.0,48.02554828209587,5.022633313741326,0.0,113.6,16.054405665745655,18.00687135247258,0.0,16.84450403401724,29.30117466756081,37.667559606327046,25.30889874666236,24.26546827384644,0.0,15.355672072464749,16.337802844032566,32.247890438446774,5.964797870782417,24.517860572036895,5.960432930946736,1.1694307992493345,0.10482349454083417,5.428139305761584,0.3359543400055667,-2.490677775898988,0.391304347826087,3,1,0,1,3,0,0,0,5,10,0,8,1,0,1,0,0,3,3.641700000000003,0,0,0,0,0,0,0,0,0,0,0,0,0,3,0,0,0,0,0,0,0,0,0,0,0,0,0,0,0,0,1,0,0,0,0,0,0,0,0,0,0,1,0,0,0,0,0,0,0,0,0,0,0,0,0,1,0,0,0,0,0,0,1,19,7.571969696969697,3,3,0.0,3998.0,4,0.06628787878787878,0.21199902248289346,0.21199902248289346,0.19161463553130934,0.21199902248289346,0.1372451065480852,0.13903740149010282,0.13903740149010282,0.012123554414626862,0,0,0,0,0,2,1,0.30303030303030304,0.696969696969697,0.15151515151515152,0.09090909090909091,0.030303030303030304,0.5428571428571428,0.11428571428571428,1,0,1,1,1,0,0,0,1,0,1,0,0,0,0,0,0,0,0,1,0,1,0,0,0,0,0,1,0,0,1,0,0,1,0,0,0,1,0,1,0,0,0,0,1,1,0,0,1,1,1,1,0,0,1,1,0,0,0,0,1,0,0,1,0,0,0,0,1,1,1,1,0,1,0,1,0,0,0,0,1,1,0,0,0,0,1,0,1,0,1,1,0,0,1,0,1,0,1,1,1,0,1,0,0,0,0,1,0,0,0,0,0,0,0,1,0,0,1,1,0,1,1,1,0,1,0,0,0,0,0,0,0,0,0,0,0,0,0,0,0,0,0,0,0,0,0,0,0,0,0,0,0,0,0,0,0,0,0,0,1,1,0,0,0,1,0,0,0,0,0,1,0,0,0,0,0,0,0,1,0,0,0,1,0,0,1,1,1,1,0,0,1,0,0,1,0,1,0,0,0,1,0,0,0,1,0,0,0,1,1,0,0,0,0,1,1,1,1,1,1,1,1,0,0,1,0,0,1,0,1,1,1,0,1,1,0,0,1,1,1,1,0,0,0,1,1,0,0,0,0,0,1,1,1,1,1,1,1,1,0,1,1,0,1,0,0,0,1,0,1,1,1,1,1,1,1,0,1,1,1,1,1,1,1,1,1,1,1,1,1,1,1,1,0
11.739131750534618,0.1720034564751829,-1.073379104728311,0.5926554556303282,48.04347826086956,310.43700000000007,1.3043478260869565,2.8809595799769827,1.6855284689811272,264546.9943909664,5.081884561369642,5.106527394840706,5.601050810983688,5.783244946364939,0.0,0.0,0.0,4.794537184071822,0.0,0.0,6.423349895620259,24.493296155449418,74.3485941358694,11.83581209232279,0.0,9.901064578912528,5.783244946364939,0.0,0.0,29.086614654042354,57.47053937115638,0.0,23.80116485057091,12.343784214475903,0.0,0.0,0.0,0.0,16.490823152189332,4.794537184071822,41.430398868518246,51.8694885601727,0.0,0.0,37.3,5.601050810983688,9.901064578912528,0.0,5.41499046939678,35.87569075393652,38.524929737556064,5.573104530069267,0.0,12.152040213667762,18.92019162538015,6.423349895620259,0.0,0.0,11.739131750534618,11.024176879467735,0.15803095080624852,5.277361244180103,18.79130810722667,2.176657734451295,0.0,0.6666666666666666,1,4,0,4,0,0,6,0,2,2,0,1,2,0,2,0,0,4,3.6586000000000025,0,1,0,0,0,0,0,0,0,0,0,0,0,0,0,0,0,0,0,0,0,0,3,0,0,0,0,0,5,0,0,0,0,0,0,0,0,0,1,0,0,0,0,0,0,0,0,0,0,0,0,0,0,0,0,0,0,1,0,0,0,0,0,11,4.16205533596838,4,4,0.0,1053.0,4,0.1027667984189723,0.1505740636175419,0.1505740636175419,0.13306856683295448,0.1505740636175419,0.24997557727147648,0.17829865549840032,0.17829865549840032,0.018035221379600407,0,0,0,0,1,0,4,0.08695652173913043,0.9130434782608695,0.08695652173913043,0.0,0.0,0.8461538461538461,0.11538461538461539,0,0,1,0,0,0,1,0,0,0,1,0,0,1,0,0,0,0,0,1,0,0,1,0,1,0,0,0,0,0,1,0,1,1,1,0,1,0,1,1,0,0,1,0,0,1,0,1,0,0,0,0,1,0,1,1,1,1,1,1,0,0,0,0,0,0,0,0,0,0,0,1,0,1,1,0,0,1,1,0,1,1,0,0,1,0,0,0,0,0,0,0,0,0,0,0,0,0,1,0,1,0,0,0,0,0,0,0,0,0,1,0,0,0,1,0,0,0,0,0,0,0,0,1,0,1,0,1,0,0,0,0,0,0,0,0,0,0,0,0,0,0,0,0,0,1,0,0,0,0,0,0,0,0,1,0,0,0,0,0,0,0,0,0,0,0,0,0,0,0,0,0,0,0,0,0,0,0,1,0,0,0,0,0,0,0,0,0,0,0,0,0,0,0,1,0,0,0,0,0,0,0,0,0,1,0,0,0,0,0,0,0,0,0,0,0,0,0,1,1,0,0,0,0,1,0,0,1,0,1,0,0,0,1,0,0,1,0,0,0,1,0,1,0,1,0,1,0,0,0,0,0,0,0,0,1,1,1,0,0,1,0,0,0,0,0,0,1,0,0,0,1,0,1,0,1,0,0,1,0,1,0,1,1,0,1,0,1,1,0,0,1,1,1,0
13.904613252708488,0.021130479969765803,-0.661312673217435,0.12334985710311229,12.789473684210526,504.4500000000004,0.34210526315789475,2.821905528497153,2.040509864661203,467735085.49431795,6.001744560630746,30.63916436904423,34.49707099970343,0.0,10.857580783801081,0.0,0.0,9.589074368143644,0.0,0.0,0.0,0.0,47.87955994862805,55.22252785264159,21.544896857859182,30.63916436904423,75.40713900250712,0.0,0.0,0.0,13.847474399381248,0.0,55.83902640918515,34.49707099970343,10.857580783801081,0.0,34.49707099970343,0.0,30.63916436904423,0.0,13.847474399381248,11.126902983393991,0.0,75.40713900250712,155.52,33.8556281169367,40.22823873718787,0.0,54.58881738228618,43.44424827018277,12.13273413692322,12.13273413692322,13.847474399381248,0.0,0.0,0.0,0.0,0.0,27.809226505416973,68.43823832619468,-0.11195168808263922,-2.507311770387166,0.0,3.509773767531704,0.0,0.06666666666666667,6,0,0,0,0,0,0,0,8,8,0,0,0,0,0,0,0,8,5.081040000000003,0,0,0,0,0,0,0,6,0,0,0,0,0,0,0,0,0,0,0,0,0,0,0,0,0,2,0,0,2,0,0,0,0,0,0,0,0,0,0,0,0,0,0,0,0,0,0,0,0,0,0,0,0,0,0,0,0,0,0,0,0,0,0,9,4.687055476529161,8,8,0.0,3295.0,3,0.0640113798008535,0.10241820768136557,0.10241820768136557,0.08580224888765547,0.10241820768136556,0.2194830225776393,0.14206421035564273,0.14206421035564273,0.01446256187791342,0,0,0,0,0,8,0,0.21052631578947367,0.7894736842105263,0.21052631578947367,0.0,0.0,0.17777777777777778,0.044444444444444446,0,0,0,0,0,0,0,0,0,0,1,0,0,1,0,0,0,0,0,0,0,0,0,0,1,0,0,0,0,0,0,0,0,1,1,0,0,0,0,1,0,0,1,0,1,0,0,0,0,0,0,0,0,0,1,0,0,0,1,0,0,0,0,0,1,0,1,0,0,0,0,1,0,0,0,0,0,0,0,0,0,1,0,0,0,0,0,0,0,0,0,0,0,0,1,1,0,0,0,0,1,0,0,0,0,0,0,1,0,0,0,1,0,0,0,0,0,0,1,0,0,0,0,0,0,0,0,0,0,0,0,0,0,0,0,0,0,0,0,0,0,0,0,0,0,0,0,0,0,0,0,0,0,0,0,0,0,0,0,0,0,0,0,0,0,0,0,0,0,0,0,0,0,0,0,0,0,0,0,0,0,1,0,0,0,0,0,0,0,0,0,0,0,0,0,0,0,0,0,0,0,0,0,0,0,0,0,0,0,0,0,0,0,0,0,0,0,1,0,0,0,0,0,0,0,0,0,0,0,1,0,0,0,1,0,0,0,0,0,0,0,1,0,0,0,0,0,0,0,0,0,0,0,1,0,1,0,0,0,1,0,0,0,0,1,0,0,1,1,0,0,1,0,1,1,0,0,1,0,0,1,0,1,0,0,1,0,1,1,0,1,1,1,1,0
13.93044233434114,0.024554962417065118,-0.7358591584782059,0.12309380910158212,12.76923076923077,520.4490000000004,0.4358974358974359,2.862073420968755,2.02746520495081,804850169.341436,6.400281717741642,35.745691763884935,34.49707099970343,0.0,10.857580783801081,0.0,0.0,9.589074368143644,0.0,0.0,0.0,0.0,40.95582274893742,55.22252785264159,28.1517788223721,35.745691763884935,75.40713900250712,0.0,0.0,0.0,13.530619164203543,0.0,55.83902640918515,34.49707099970343,10.857580783801081,0.0,34.49707099970343,0.0,35.745691763884935,6.606881964512918,6.923737199690624,11.126902983393991,0.0,75.40713900250712,175.75,46.21202191473352,45.33476613202858,0.0,75.94765389855844,16.335899920626588,12.13273413692322,12.13273413692322,6.923737199690624,0.0,0.0,0.0,0.0,0.0,27.855213766061972,77.53040822811879,-0.7008542768959425,-2.8725912278491643,0.0,1.1498718715881404,0.0,0.06666666666666667,7,0,0,0,0,0,0,0,9,9,0,1,0,0,0,0,0,8,4.2649200000000045,0,1,1,0,0,0,0,6,0,0,0,0,0,0,0,0,0,0,0,0,0,0,0,0,0,1,0,0,2,0,0,0,0,0,0,0,0,0,0,0,0,0,0,0,0,0,0,0,0,0,0,0,0,0,0,0,0,0,0,0,0,0,0,10,4.780026990553306,8,8,0.0,3542.0,3,0.06207827260458839,0.10216289163657583,0.10216289163657583,0.08585532377230155,0.10216289163657584,0.21550403784575997,0.13911958369207988,0.13911958369207988,0.014266290654323112,0,0,0,0,0,8,0,0.23076923076923078,0.7692307692307693,0.23076923076923078,0.0,0.0,0.1956521739130435,0.043478260869565216,0,0,0,0,0,0,0,0,0,0,1,0,0,1,0,0,0,0,0,0,0,0,0,0,1,0,0,0,0,0,0,0,0,1,1,0,0,1,0,1,0,0,1,0,1,0,0,0,0,0,0,0,0,0,1,0,0,0,1,0,0,0,0,1,1,0,1,0,0,1,0,1,0,0,0,0,0,0,0,0,1,1,0,0,0,0,0,0,0,0,0,0,1,0,1,1,0,0,0,0,1,0,0,0,1,0,0,1,0,0,0,1,0,0,0,0,0,0,1,0,0,0,0,0,0,0,0,0,0,0,0,0,0,0,0,0,0,0,0,0,0,0,0,0,0,0,0,0,0,0,0,0,0,0,0,0,0,0,0,0,0,0,0,0,0,0,0,0,0,0,0,0,0,0,0,0,0,0,0,0,0,1,0,0,0,0,0,0,0,0,0,0,0,0,0,0,0,0,0,0,0,0,0,0,0,0,0,0,0,0,1,0,0,0,0,0,0,1,0,1,0,0,0,0,0,0,0,0,0,1,0,0,0,1,0,0,0,1,0,0,0,1,0,0,0,0,0,0,0,0,0,0,0,1,0,1,0,0,0,1,0,0,0,0,1,0,0,1,1,0,0,1,0,1,1,0,0,0,0,0,1,1,1,1,0,1,0,1,1,0,1,1,1,1,0
11.740121761489005,0.004276653447829126,-0.004276653447829126,0.7452640844090571,10.478260869565217,305.341,1.391304347826087,2.9828258473098774,2.1492016913455965,250265.05424099334,5.890384082908113,4.899909730850478,11.63267280448927,5.647177220767728,5.907179729351506,0.0,0.0,4.794537184071822,9.499376414562832,10.360573363039524,0.0,12.13273413692322,25.122838405075452,30.916174943596832,11.890771566461538,4.794537184071822,17.241743224802796,5.261891554738487,14.598058222863868,0.0,13.847474399381248,11.444666136763054,48.2889739772312,17.32660079933773,4.899909730850478,5.687386274683562,0.0,0.0,27.049994358127947,4.794537184071822,11.33111286753076,19.410925891078243,0.0,16.904556707313183,74.28999999999999,0.0,4.794537184071822,0.0,5.907179729351506,17.755385118377298,16.944765761229018,6.196843571613076,22.535888395769803,37.255572541998674,16.15188164204052,5.261891554738487,1.6405947656840514,0.0,17.653728988330357,13.355097242307291,3.5060313261106923,-0.004276653447829126,3.158753595574032,4.087113875432328,0.0,0.17647058823529413,0,0,0,0,1,2,0,0,5,6,2,3,0,0,0,0,0,3,2.6407800000000003,0,0,0,0,0,3,0,0,0,0,0,0,5,0,0,0,0,0,0,0,0,0,0,0,1,0,0,0,1,0,0,0,0,0,0,0,0,0,0,0,0,0,0,0,0,0,0,0,0,0,0,0,0,0,0,0,0,0,0,0,0,0,0,11,4.620553359683795,3,3,0.0,1169.0,3,0.09881422924901183,0.17240730284208544,0.17240730284208544,0.18295136004402507,0.17240730284208544,0.2245309584927156,0.17720448205825964,0.17720448205825964,0.015163136406585074,0,0,0,0,1,3,0,0.2608695652173913,0.7391304347826086,0.043478260869565216,0.21739130434782608,0.0,0.28,0.04,0,0,0,1,0,0,0,0,1,0,1,0,0,0,0,1,0,0,0,1,0,0,1,1,0,0,0,0,1,0,0,0,1,1,1,0,1,0,1,1,0,0,0,1,1,0,0,0,0,1,0,0,1,1,0,0,0,0,0,0,0,0,0,0,1,0,0,0,1,0,1,0,1,0,1,0,1,0,0,0,1,1,1,0,0,0,1,0,0,0,0,0,0,0,0,0,1,0,0,0,1,0,0,0,1,1,0,1,0,0,0,0,1,1,0,0,0,0,0,1,0,1,1,1,0,1,0,1,0,0,0,0,0,0,0,0,0,0,0,0,0,0,0,0,0,0,0,0,0,0,0,0,0,0,0,0,0,0,0,0,0,0,0,0,0,0,1,0,0,1,0,0,0,0,0,0,0,0,0,0,1,0,0,0,0,0,0,0,0,0,1,0,0,1,0,0,0,0,0,0,0,0,0,0,0,1,0,1,1,0,0,1,0,1,0,0,0,0,0,0,1,0,1,0,1,0,1,0,1,1,0,0,0,1,0,0,0,0,1,0,0,0,1,0,1,1,0,0,1,1,1,0,1,1,0,0,0,0,0,0,0,1,0,1,0,1,0,0,0,0,1,0,0,1,0,0,1,1,0,0,0,1,1,1,1,0,1,0,1,1,1,1,1,1,0
12.16553265456652,0.04902292233213057,-0.04902292233213057,0.7672110598231308,55.65217391304348,318.5010000000001,0.9130434782608695,2.8512912772504935,1.6149041040620895,209150.76906015543,5.31180536946017,5.106527394840706,5.783244946364939,0.0,0.0,0.0,0.0,4.794537184071822,0.0,0.0,0.0,13.847474399381248,99.21273692946387,5.917906046161393,6.103966387748303,9.901064578912528,5.783244946364939,0.0,0.0,40.419511169600526,84.66257259315427,0.0,0.0,0.0,0.0,0.0,0.0,0.0,16.99373872895395,4.794537184071822,40.419511169600526,78.55860620540597,0.0,0.0,37.3,0.0,9.901064578912528,0.0,11.518956857145081,17.116141461923114,42.9340890534236,38.524929737556064,0.0,6.923737199690624,13.847474399381248,0.0,0.0,0.0,12.16553265456652,10.10813827371322,0.7382581805870497,3.967646558738279,10.883952297076622,6.803138701984977,0.0,0.9523809523809523,1,4,0,4,0,0,8,0,2,2,0,1,4,0,4,0,0,4,4.595200000000005,0,1,1,0,0,0,0,0,0,0,0,0,0,0,0,0,0,0,0,0,0,0,0,0,0,0,0,0,5,0,0,0,0,0,0,0,0,0,1,1,0,0,0,0,0,0,0,0,0,0,0,0,0,0,0,0,0,0,0,0,0,0,0,11,4.158102766798419,4,4,0.0,1052.0,4,0.10276679841897232,0.15038584603801997,0.15038584603801997,0.13580664385146243,0.15038584603802,0.2501411975101234,0.1865099090418623,0.1865099090418623,0.018427056084254,0,0,0,0,1,0,4,0.08695652173913043,0.9130434782608695,0.08695652173913043,0.0,0.0,0.9615384615384616,0.038461538461538464,0,0,0,0,0,0,0,1,0,0,1,0,1,0,0,0,1,1,0,0,0,0,0,1,0,0,1,0,0,1,1,1,0,1,0,0,1,0,0,1,0,0,0,0,0,1,0,0,0,0,1,0,0,0,0,0,0,0,0,0,1,0,0,0,0,0,0,0,1,1,0,1,0,0,0,1,0,0,1,0,0,0,0,0,0,0,0,0,0,0,0,0,0,0,0,0,0,0,0,0,0,0,0,0,0,1,1,0,0,0,1,0,0,0,0,0,1,0,0,0,1,1,1,1,0,1,0,0,0,0,0,0,0,0,0,0,0,0,0,0,0,0,0,0,0,0,0,0,0,0,0,0,0,0,0,0,0,0,0,0,0,0,0,0,0,0,0,0,0,0,0,0,0,0,0,0,0,0,0,0,0,0,0,0,0,0,0,0,0,0,0,0,0,0,1,0,0,0,0,0,0,0,0,0,0,0,0,0,0,0,0,0,0,0,0,0,0,0,1,1,0,0,0,0,1,0,0,0,0,1,0,0,1,1,0,0,1,0,0,0,1,0,0,1,1,0,1,0,0,0,0,0,0,0,0,1,1,1,0,0,1,0,0,0,0,0,0,1,0,1,0,1,0,1,0,1,0,1,1,0,1,0,1,0,0,1,0,1,1,0,0,1,1,1,0
11.776898180340675,0.015205574053014592,-4.453734114039159,0.11107883495305801,39.23255813953488,627.9770000000005,0.9069767441860465,3.2911811548496583,1.315526800690931,1925553388.4187841,15.077757946576488,21.473772080015554,0.0,0.0,0.0,0.0,10.399000581649606,4.552749873690364,4.183085432649707,8.417796984328938,0.0,34.61868599845312,161.90502998361174,6.041840829147961,12.207932775496605,22.260159685509713,10.399000581649606,0.0,10.633577208012662,57.98899073908549,136.33914070113585,26.1790256236503,0.0,0.0,16.367244685174846,0.0,0.0,0.0,62.50587348115487,14.582086014299314,52.2553232619233,118.08936709649127,0.0,0.0,133.91,16.50296696939791,18.077074252860008,0.0,17.436862903306476,53.3850891984391,58.28313373828035,44.94575136048208,0.0,13.847474399381248,31.404788807084532,9.916752909811892,37.10477884577584,0.0,0.0,19.17664183455974,6.13170743841477,3.2128698546442416,13.74582183519247,15.258675849008153,-4.453734114039159,1.0,6,4,0,4,0,0,11,0,7,9,0,16,4,0,4,0,0,4,5.553200000000005,0,1,1,0,0,0,0,0,0,0,0,0,0,2,1,0,0,0,0,0,0,0,0,0,0,0,0,0,5,0,0,0,0,0,0,0,0,0,0,0,0,0,0,0,0,0,0,0,0,0,0,0,0,0,0,0,0,0,0,0,0,1,0,25,8.53156146179402,4,4,0.0,7704.0,4,0.05094130675526023,0.18369662101936632,0.18369662101936632,0.14895040175052413,0.18369662101936635,0.12495431855385991,0.10504321514057226,0.10504321514057226,0.01284280805040538,0,0,0,0,1,0,4,0.20930232558139536,0.7906976744186046,0.11627906976744186,0.06976744186046512,0.023255813953488372,0.9565217391304348,0.043478260869565216,1,1,0,1,0,0,0,1,1,0,1,0,1,0,0,0,1,1,1,1,1,0,0,1,0,0,0,1,1,1,1,1,0,1,0,0,1,0,0,1,0,0,1,0,0,1,0,0,1,0,1,0,0,0,0,1,0,1,1,0,0,0,0,0,0,0,0,0,1,1,0,0,0,0,0,0,0,0,0,0,1,1,0,0,0,1,1,0,0,0,0,0,0,0,1,0,1,0,1,1,0,0,0,0,0,1,0,0,1,1,0,1,0,1,0,1,0,1,0,1,0,0,1,1,1,0,0,0,0,0,0,0,0,0,0,0,0,0,0,0,0,0,0,0,0,0,0,0,0,0,0,0,0,0,0,0,0,0,0,0,0,0,0,0,0,0,0,1,1,0,0,0,0,0,0,0,1,0,0,0,0,1,0,1,0,0,1,0,1,1,0,0,0,0,1,1,0,1,0,0,0,1,1,0,0,0,0,0,1,0,1,0,1,0,1,0,1,0,1,1,0,0,0,0,1,0,0,0,1,1,1,0,1,1,1,0,1,0,0,1,1,0,0,1,1,0,1,0,0,0,0,0,1,0,1,1,1,1,1,1,1,1,0,0,1,0,1,1,1,1,1,1,0,1,1,1,1,1,1,1,1,1,0,1,1,1,1,1,1,1,0,1,1,1,0
13.581172940208692,0.09513302905940568,-1.863973747550237,0.35595556922918214,22.209302325581394,586.6890000000004,1.069767441860465,3.4060137903253116,1.1632844241317224,8813764337.667715,10.749003948713428,28.947172411933117,12.356393797796823,5.601050810983688,0.0,5.559266895052007,12.062545358890265,4.794537184071822,14.573052889090853,0.0,0.0,20.268296022307258,81.44336231492466,35.6444808388319,29.012764604922754,24.169327670584444,22.965470290971325,0.0,19.35089763043952,0.0,83.58775577042047,26.1790256236503,56.87307831975825,17.137367822980828,10.296129848852056,4.794537184071822,5.749511833283905,0.0,68.74083683696874,34.704910942207064,0.0,74.62621010372528,0.0,22.29078092177798,114.2,11.570356098935537,19.490138947056174,0.0,24.68021055342935,60.361202476186506,34.871471161327065,32.35197768060318,23.623570984405198,17.032643867773697,11.823646930541102,14.457704428547306,12.716270371126281,0.0,48.53387816811252,12.035383886416401,2.3848356394347143,-0.26559960489814327,6.261551748089342,7.649150927867793,0.0,0.5151515151515151,1,0,4,4,1,2,1,0,9,10,6,4,0,2,2,0,0,7,4.0911000000000035,0,1,0,0,0,2,0,0,0,0,0,0,4,0,0,0,0,2,0,0,0,0,0,0,0,1,0,0,5,1,2,0,0,0,0,0,0,0,0,0,1,0,0,0,0,0,0,0,0,2,0,0,2,0,0,0,0,0,0,0,0,0,0,21,7.8062015503875966,7,7,0.0,7049.0,4,0.05426356589147286,0.16600491586311214,0.16600491586311214,0.14157952229291157,0.1660049158631121,0.13396114479108065,0.11259621485933159,0.11259621485933159,0.011205309215637492,0,0,0,0,1,3,2,0.23255813953488372,0.7674418604651163,0.13953488372093023,0.09302325581395349,0.0,0.5918367346938775,0.061224489795918366,0,0,1,1,1,1,0,1,1,0,1,0,1,0,0,0,1,1,0,0,0,0,0,0,0,0,1,0,1,1,1,0,0,1,0,0,1,0,1,1,0,1,0,1,0,1,1,1,0,0,0,0,0,0,0,1,1,1,1,0,1,1,1,1,1,1,1,1,0,0,0,1,1,1,0,0,0,1,1,1,1,1,0,0,0,0,1,0,1,1,0,0,0,0,0,0,0,1,0,0,1,0,0,0,0,1,0,1,0,0,0,1,0,1,1,1,1,0,1,1,1,0,1,1,0,1,0,1,0,0,0,0,0,0,0,0,0,0,0,0,0,0,0,0,0,0,0,0,0,0,0,1,0,0,0,0,0,0,0,0,0,0,0,0,0,0,0,0,0,0,0,0,0,0,0,0,0,0,0,0,0,0,0,0,0,1,0,0,0,0,1,0,0,1,1,0,0,0,0,0,1,0,0,1,0,0,0,1,1,0,0,1,0,1,1,0,0,1,0,1,1,0,0,0,1,1,1,0,1,1,0,0,1,1,1,0,1,1,1,1,1,1,1,0,0,1,1,0,1,1,1,1,0,1,1,1,1,1,0,0,1,1,0,0,1,1,1,1,1,0,1,1,1,1,1,1,1,1,1,0,1,1,1,1,1,1,1,1,1,1,1,1,1,1,0
10.241024075685985,0.15239669182896143,-0.6737564272830394,0.5141969070179693,38.666666666666664,416.6460000000003,1.0333333333333334,2.997941127695592,1.7253537521568005,3393216.667441128,9.302573014005528,15.319582184522117,0.0,0.0,0.0,0.0,0.0,0.0,0.0,0.0,0.0,56.22150108654593,88.3827559906703,5.917906046161393,17.808983586480295,15.319582184522117,0.0,0.0,0.0,29.086614654042354,103.7942425683415,0.0,35.45028948747406,0.0,0.0,0.0,0.0,0.0,33.12856577100241,0.0,29.086614654042354,85.98525898186122,0.0,0.0,60.69,17.808983586480295,15.319582184522117,0.0,5.917906046161393,42.43117347665899,0.0,37.67721264469931,5.573104530069267,13.847474399381248,45.075292026407396,0.0,0.0,0.0,0.0,30.181228419887375,2.434984829131985,2.002091324088303,16.485155278807106,10.729873481418569,0.0,0.7777777777777778,3,3,0,3,0,0,7,0,3,3,0,5,3,0,3,0,0,3,5.560600000000008,0,3,2,0,0,0,0,0,0,0,0,0,0,0,0,0,0,0,0,0,0,0,4,0,0,0,0,0,1,0,0,0,0,0,0,0,0,0,0,0,0,0,0,0,0,0,0,0,0,0,0,0,0,0,0,0,0,0,0,0,0,0,0,15,6.179310344827586,3,3,0.0,2688.0,4,0.07356321839080458,0.18497536945812812,0.18497536945812812,0.19100118395379892,0.18497536945812812,0.1692939497867206,0.12809783805886427,0.12809783805886427,0.015378042425358937,0,0,0,0,1,0,3,0.1,0.9,0.1,0.0,0.0,0.90625,0.09375,0,1,0,0,1,1,0,0,1,1,1,1,1,0,0,0,0,1,0,0,1,0,0,0,0,1,0,1,0,0,1,0,0,1,0,0,1,0,1,1,0,0,1,0,0,1,0,1,0,0,0,0,0,0,1,0,0,0,0,0,1,1,0,0,0,0,0,0,0,1,0,0,0,0,1,0,0,0,1,0,1,0,1,0,0,0,1,0,1,0,0,0,0,0,1,0,0,0,1,0,1,0,0,1,0,1,0,0,0,0,1,0,0,0,1,1,1,0,0,0,1,0,1,1,0,0,0,0,0,0,0,0,0,0,0,0,0,0,0,0,0,0,0,0,0,0,0,0,0,0,0,0,0,0,0,0,0,0,0,0,0,0,0,0,0,0,0,0,0,0,0,0,0,0,0,0,0,0,1,0,0,1,0,0,0,0,0,0,0,0,0,0,0,0,1,0,0,0,0,0,0,0,1,0,1,0,0,0,0,0,0,0,0,0,0,0,0,1,0,1,0,0,0,0,1,0,0,1,0,1,0,0,1,1,0,0,1,0,0,0,1,0,0,1,1,0,1,0,0,0,0,0,0,0,0,1,1,1,0,1,1,0,0,0,0,0,0,1,0,1,0,1,0,1,1,1,0,1,1,0,1,0,0,0,0,1,0,1,1,0,0,1,1,1,0
11.657272022234821,0.10933201058201036,-0.11620039682539662,0.8791762540409916,14.157894736842104,316.15799999999996,1.2105263157894737,2.581373465895306,2.1951789491913214,32752.466535279644,4.9322599810202385,5.316788604006331,6.544756405912575,0.0,5.907179729351506,0.0,0.0,14.770920437654699,0.0,0.0,0.0,21.99631096641096,30.33183534230805,16.233014579142484,17.092999272302723,4.794537184071822,33.236194904755116,0.0,4.9839785209472085,4.992404732635669,0.0,11.861545009918906,58.325144984760605,0.0,5.316788604006331,5.687386274683562,0.0,15.929943897949348,23.147599658981992,4.794537184071822,0.0,11.257379486545457,0.0,0.0,54.35,0.0,4.794537184071822,0.0,12.45193613526408,0.0,27.12917027983213,0.0,6.196843571613076,36.39820241076966,31.223115755538554,0.0,0.9361389833711266,3.4429562311035524,20.347955128810785,2.8472021447467877,3.1274333900226767,-0.11620039682539662,1.7179094623960696,0.10933201058201036,0.0,0.07142857142857142,1,0,1,1,1,1,0,0,3,5,2,1,0,0,0,0,0,3,2.6336000000000004,0,0,0,0,0,1,0,0,0,0,0,1,2,1,0,0,0,0,0,0,0,0,0,0,1,0,0,0,1,0,0,0,0,0,0,0,0,0,0,0,0,0,0,0,0,0,0,0,0,0,0,0,1,0,0,0,0,0,0,0,0,0,0,8,3.760233918128655,3,3,0.0,643.0,3,0.12280701754385963,0.1623667010663915,0.1623667010663915,0.15055490624377746,0.1623667010663915,0.275727878192739,0.2077994034007942,0.2077994034007942,0.01393506299302521,0,0,0,0,0,2,0,0.2631578947368421,0.7368421052631579,0.05263157894736842,0.15789473684210525,0.0,0.3333333333333333,0.09523809523809523,0,0,0,1,0,1,0,1,0,0,1,0,0,1,1,0,0,0,0,0,0,0,0,0,0,0,0,0,0,0,1,0,0,1,0,0,1,0,0,1,0,0,0,0,1,1,0,1,0,0,0,0,0,0,0,0,0,0,1,1,0,0,1,0,1,1,0,0,0,0,0,0,0,0,1,0,0,0,0,0,0,1,0,0,1,0,1,0,1,0,1,0,0,0,0,1,1,1,1,0,1,0,0,0,0,0,0,1,0,0,1,0,1,1,0,0,0,1,0,0,0,0,1,0,0,0,1,0,0,0,0,0,0,0,0,0,0,0,0,0,0,0,0,0,0,0,0,1,0,0,0,0,0,0,0,0,0,0,0,0,0,0,0,0,0,0,0,0,0,0,0,0,0,0,1,0,0,0,0,0,0,0,0,0,0,0,0,0,0,0,1,0,0,1,0,0,0,0,0,0,0,0,0,0,0,0,1,1,1,0,0,0,0,0,0,1,0,0,0,0,1,0,0,1,0,0,1,0,1,1,0,0,1,1,0,1,0,0,1,1,0,0,0,0,0,1,0,1,1,1,0,0,0,1,0,1,0,0,0,0,1,0,1,1,0,1,0,0,0,0,1,1,1,1,0,0,0,0,0,1,0,1,1,0,1,0,1,0,0,1,1,1,1,1,0
2.41962962962963,1.0882955404383976,1.0882955404383976,0.8136783893547587,13.571428571428571,277.411,0.8571428571428571,2.6503485522006267,2.0659497027232017,89136.52250761147,6.275955030244733,4.899909730850478,0.0,0.0,0.0,0.0,0.0,0.0,0.0,0.0,0.0,54.60695665452676,61.18471933098965,6.544756405912575,0.0,0.0,5.573104530069267,0.0,4.899909730850478,0.0,19.26246486877803,20.640100371266954,76.86076262131475,0.0,0.0,0.0,0.0,0.0,25.540010102117435,12.841643245852019,0.0,28.67462758971399,0.0,5.573104530069267,3.24,0.0,0.0,0.0,0.0,0.0,25.807221274690605,27.82691049685725,0.0,0.0,73.60221035073162,0.0,0.0,0.0,2.2416378495842784,0.0,7.206081821617537,0.0,5.782145849080372,1.091104969765684,4.264865205341396,0.3,0,1,0,1,0,0,0,0,1,1,0,3,0,0,0,0,0,3,4.168600000000003,0,0,0,0,0,0,0,0,0,0,0,0,1,0,0,0,0,0,0,0,0,0,0,0,0,2,0,0,2,0,0,0,0,0,0,0,0,0,0,0,0,0,0,0,0,0,0,0,0,0,0,0,0,0,0,0,0,0,0,0,0,0,0,9,4.2,3,3,0.0,882.0,3,0.10952380952380954,0.16842105263157892,0.16842105263157892,0.15723336842462818,0.16842105263157892,0.2487849925275128,0.1877144005098956,0.1877144005098956,0.013146703002226853,0,0,0,0,0,2,0,0.047619047619047616,0.9523809523809523,0.0,0.047619047619047616,0.0,0.43478260869565216,0.043478260869565216,0,1,1,0,0,0,0,0,0,0,0,1,1,0,1,0,0,1,0,0,0,0,0,0,1,0,0,0,0,0,1,1,0,1,0,0,0,0,0,0,0,0,0,0,1,0,0,1,0,0,0,0,0,1,1,0,0,0,0,0,0,0,0,0,1,0,0,0,0,0,0,0,0,0,1,0,0,0,0,0,1,1,0,0,1,0,1,0,1,0,0,0,0,0,1,1,1,0,0,0,1,0,0,0,0,0,0,0,0,1,0,0,0,1,0,0,0,0,1,0,0,0,0,0,0,0,0,0,0,0,0,0,0,0,0,0,0,0,0,0,0,0,0,0,0,0,0,1,0,0,0,0,0,0,0,0,0,0,0,0,0,0,0,0,0,0,0,0,0,0,0,0,0,0,0,0,0,0,1,0,0,0,0,0,0,0,0,0,0,0,0,0,0,0,0,0,0,0,0,0,0,0,1,0,1,0,0,0,0,0,0,0,0,1,1,0,0,0,0,0,0,1,0,0,0,0,0,1,1,1,0,0,0,1,0,0,0,0,0,1,0,0,0,1,1,0,1,0,0,0,1,0,0,1,0,0,0,0,0,0,0,0,0,0,0,0,0,0,0,0,0,0,1,1,0,1,1,1,0,0,0,1,0,1,0,0,1,0,1,1,1,1,0,1,0
3.2262581884605694,1.0216605253212394,1.0216605253212394,0.8299677542138636,13.35,263.38399999999996,0.9,2.6554311444917134,2.1133271211644953,64665.059230662206,6.06175238086963,5.316788604006331,0.0,0.0,0.0,0.0,0.0,0.0,0.0,0.0,0.0,54.60695665452676,60.681803754225044,0.0,0.0,0.0,5.573104530069267,0.0,5.316788604006331,0.0,19.26246486877803,13.592428388589765,76.86076262131475,0.0,5.316788604006331,0.0,0.0,0.0,13.592428388589765,12.841643245852019,0.0,28.67462758971399,0.0,5.573104530069267,12.03,0.0,0.0,0.0,0.0,0.0,25.807221274690605,27.82691049685725,0.0,7.04767198267719,59.92374525853309,0.0,0.0,0.0,0.0,3.2262581884605694,7.17117724867725,0.0,5.7233109725371625,1.0216605253212394,2.007432602670698,0.2631578947368421,1,1,0,1,0,0,0,0,1,1,0,3,0,0,0,0,0,3,3.826400000000003,0,0,0,0,0,0,0,0,0,0,0,0,0,1,0,0,0,0,0,0,0,0,0,0,0,2,0,0,2,0,0,0,0,0,0,0,0,0,0,0,0,0,0,0,0,0,0,0,0,0,0,0,0,0,0,0,0,0,0,0,0,0,0,9,3.9947368421052634,3,3,0.0,759.0,3,0.11578947368421051,0.16637426900584798,0.16637426900584798,0.14754323382640497,0.16637426900584798,0.2617555100190218,0.19555338086006718,0.19555338086006718,0.012639831175441433,0,0,0,0,0,2,0,0.05,0.95,0.0,0.05,0.0,0.4090909090909091,0.045454545454545456,1,1,1,0,0,0,0,0,0,0,0,0,0,0,1,0,0,1,0,0,0,0,1,0,0,0,1,1,0,0,1,0,0,1,0,0,1,0,0,0,0,0,0,0,1,0,0,1,0,0,0,0,0,0,1,0,0,0,0,0,0,0,0,0,1,0,0,0,0,0,0,0,0,0,1,1,0,0,1,0,1,1,0,0,1,0,1,0,1,0,0,0,0,0,1,0,1,0,0,0,1,0,0,0,0,0,0,0,0,1,0,0,0,0,0,0,0,0,1,0,0,0,0,0,0,0,0,0,0,0,0,0,0,0,0,0,0,0,0,0,0,0,0,0,0,0,0,1,0,0,0,0,0,0,0,0,0,0,0,0,0,0,0,0,0,0,0,0,0,0,0,0,0,0,0,0,0,0,1,0,0,0,0,0,0,0,0,0,0,0,0,0,0,0,0,0,0,0,0,0,0,0,0,0,1,0,0,0,0,0,1,0,0,0,1,0,0,0,0,0,0,1,0,0,0,0,0,1,1,1,0,0,1,1,0,0,0,0,0,1,0,0,0,1,1,0,1,0,0,0,0,0,0,1,0,0,0,0,0,0,0,0,0,0,0,0,0,0,0,0,0,0,1,1,0,1,0,0,0,1,0,1,0,1,0,0,1,0,1,1,1,1,0,1,0
10.880002972416392,0.16680555555555565,-1.3126417797503656,0.6399634717122534,10.727272727272727,302.242,0.7272727272727273,2.4673206658615148,2.3285940623473325,70202.67490575768,5.91648100111604,20.426109579362823,22.6259266499618,0.0,0.0,0.0,11.938610575903699,0.0,9.589074368143644,10.228500251258795,0.0,0.0,36.39820241076966,0.0,11.374772549367124,30.015183947506465,23.313383125270825,0.0,0.0,10.228500251258795,0.0,0.0,47.52510539416365,11.49902366656781,0.0,11.374772549367124,11.49902366656781,0.0,32.36472015526652,0.0,0.0,20.715977351537635,0.0,0.0,139.78,23.43763424247151,19.802129157825057,0.0,22.501675532761116,0.0,24.26546827384644,12.13273413692322,0.0,0.0,10.228500251258795,10.213054789681411,0.0,0.0,21.760005944832784,44.03450150338678,-0.31753495842781354,-3.4229745264088693,0.0,0.0,0.0,0.0,4,0,0,0,0,0,0,0,6,8,0,4,0,0,0,0,0,2,2.9096000000000006,0,0,0,0,2,0,0,2,2,0,0,0,2,0,0,0,0,0,0,0,0,0,0,0,0,0,0,1,0,0,0,0,0,0,0,0,0,0,0,0,0,0,0,0,0,0,0,0,0,0,0,0,0,0,0,0,0,0,0,0,0,0,0,11,5.043290043290043,2,2,0.0,1165.0,3,0.09956709956709955,0.2021645021645022,0.2021645021645022,0.1885165825654026,0.2021645021645022,0.20487207151672873,0.2004358382279368,0.2004358382279368,0.01626180830037548,0,0,0,0,0,2,0,0.36363636363636365,0.6363636363636364,0.2727272727272727,0.09090909090909091,0.0,0.34782608695652173,0.13043478260869565,0,0,0,0,0,1,0,0,0,0,1,0,0,0,0,0,1,0,0,0,0,0,0,1,0,0,0,0,0,0,0,0,0,0,1,1,0,0,0,1,0,0,0,0,0,0,0,0,0,0,0,0,0,0,0,0,0,1,0,1,0,1,1,0,0,0,1,1,0,0,0,1,1,0,1,0,0,0,0,0,0,1,0,0,0,1,1,0,0,0,0,0,0,0,0,0,0,0,0,0,1,0,0,0,0,0,0,1,0,0,0,0,0,0,0,0,0,0,0,0,0,0,0,0,0,1,0,0,0,0,0,0,0,0,0,0,0,0,0,0,0,0,0,0,0,0,0,0,0,0,0,0,0,0,0,0,0,0,0,0,0,0,0,0,0,0,0,0,0,0,0,0,0,0,0,0,0,0,0,0,1,1,0,0,0,0,0,0,0,0,0,0,0,0,0,0,0,0,0,0,0,0,0,0,0,0,0,0,0,0,0,0,0,0,0,0,0,1,0,0,0,0,1,0,0,0,0,0,0,0,0,0,0,0,0,0,0,0,0,0,0,1,0,0,0,0,0,1,0,0,0,1,1,1,0,1,0,0,0,1,0,1,0,1,1,0,0,1,1,0,1,1,1,1,1,0,0,0,1,0,1,0,1,0,1,1,1,1,0,1,1,1,1,1,0
13.507168228709743,0.060088997018560075,-3.6514625746067053,0.4698020340853984,13.93939393939394,481.5460000000002,1.1818181818181819,2.6985197553972506,2.6114124073994325,7851796.579647208,10.81866448044315,15.319582184522117,5.817220841045895,0.0,15.97163043439408,0.0,5.969305287951849,4.794537184071822,27.081385065194404,0.0,0.0,25.99951461304901,30.183374320007832,24.59539658899719,36.272379571630935,32.92233140059769,28.016955829179807,0.0,9.967957041894417,0.0,44.81495646689126,17.608657157484828,47.41608870827167,11.257379486545457,4.305215991296234,10.338754328661313,0.0,0.0,65.18601544038252,14.817828337479405,5.817220841045895,43.86440317794012,0.0,17.333399593379337,140.92,40.43857168082794,27.815804005756988,0.0,18.287066950073896,22.514758973090913,10.560985174807637,43.46518047019139,0.0,13.847474399381248,9.967957041894417,5.106527394840706,38.58442574952018,0.0,19.559133995793655,28.780397567810432,1.8018797926527013,-1.8684631415949744,0.859632341609722,3.705124941696911,-2.3257476789246936,0.4090909090909091,3,0,0,0,0,1,2,0,7,11,1,10,0,0,0,0,0,2,2.4017,1,2,2,0,0,2,0,0,1,0,0,0,3,0,0,0,0,0,0,0,0,0,0,0,1,0,0,0,0,0,0,0,0,0,0,0,0,0,0,0,0,0,0,0,0,0,0,0,0,0,0,0,0,0,0,1,0,0,0,0,0,0,0,14,6.113636363636363,2,2,0.0,3228.0,4,0.06439393939393939,0.16495601173020527,0.16495601173020527,0.1641171171721871,0.16495601173020527,0.17171722575255932,0.13450078122520642,0.13450078122520642,0.014697981840656566,0,0,0,0,0,2,0,0.3333333333333333,0.6666666666666666,0.18181818181818182,0.09090909090909091,0.030303030303030304,0.5294117647058824,0.11764705882352941,1,1,1,1,0,1,1,0,1,0,1,1,0,0,0,0,0,0,1,0,0,0,0,0,0,1,0,1,1,1,0,0,0,1,0,0,0,1,0,1,1,1,1,0,0,0,0,0,0,1,0,0,1,0,1,0,1,0,0,1,0,0,0,1,0,0,0,1,1,1,1,0,0,1,0,0,0,0,0,0,1,1,0,0,0,0,1,1,1,0,1,0,0,0,1,0,0,0,0,1,1,0,0,0,1,0,0,0,0,1,0,0,1,1,0,0,0,1,1,0,0,0,1,0,0,1,0,1,0,0,0,0,0,0,0,0,0,0,0,0,0,0,0,0,0,0,0,0,0,0,0,0,0,1,0,0,0,0,0,0,1,1,0,0,0,0,0,0,0,0,1,0,0,0,0,0,0,0,0,1,0,1,0,1,0,0,1,0,1,1,1,0,0,1,0,1,0,0,0,0,0,1,1,0,0,1,0,0,1,1,0,0,0,0,0,1,1,1,0,1,0,1,1,0,0,1,1,1,0,0,1,0,1,0,1,1,0,0,0,0,1,0,0,0,0,1,0,0,1,1,1,1,1,1,0,0,0,0,1,1,1,1,1,1,1,1,0,1,1,1,1,0,1,1,1,0,1,1,1,0,1,0,1,1,1,1,1,1,1,1,1,1,1,1,0
9.257136034727123,0.16224537037037035,0.16224537037037035,0.7272302824304794,24.80952380952381,286.33900000000006,1.3333333333333333,3.007394698504424,1.7339568373952159,128289.44304880172,4.696423830473371,20.724083123800575,0.0,16.98174071621902,5.948339280986494,0.0,0.0,0.0,4.9839785209472085,9.967957041894417,0.0,12.152040213667762,19.26246486877803,18.566628839822272,12.369160903912501,5.106527394840706,22.930079997205514,0.0,19.51903521063298,5.917906046161393,31.34614652707395,17.657338045681435,18.479360288432304,0.0,11.050456081168516,11.766202058821523,0.0,0.0,37.27428539913457,0.0,5.917906046161393,25.30430569792599,0.0,11.16387793838399,101.88,0.0,5.106527394840706,0.0,24.514968120808767,6.041840829147961,36.24420558499705,0.0,6.3273200747645415,10.643119754625236,26.344744273681837,5.733667477162185,2.0115192743764174,0.0,13.083932350718065,12.615718958637428,7.3497308830939785,1.183530617493911,9.104055755018056,0.17186334719072827,0.0,0.5,4,2,0,2,0,2,2,0,7,7,2,4,1,0,1,0,0,4,1.0922999999999998,0,1,1,1,0,4,0,0,0,0,0,0,4,1,1,0,0,0,0,0,0,0,1,0,2,0,0,0,1,0,0,0,0,0,0,1,0,0,0,0,0,0,0,0,0,0,0,0,0,0,0,0,0,0,0,0,0,0,0,0,0,0,0,11,4.333333333333333,4,4,0.11111111111111109,910.0,3,0.11428571428571428,0.17543859649122806,0.17543859649122806,0.16481760200107531,0.17543859649122806,0.24115093397928586,0.19458718437989966,0.19458718437989966,0.013617967563909612,0,0,1,0,2,2,2,0.3333333333333333,0.6666666666666666,0.047619047619047616,0.2857142857142857,0.0,0.5416666666666666,0.041666666666666664,1,0,0,1,0,1,0,0,1,1,0,0,1,0,0,1,0,0,0,1,1,0,1,0,0,1,1,0,1,0,1,0,1,1,0,0,1,0,0,1,0,0,0,0,1,1,0,0,0,1,0,1,0,1,0,0,0,0,0,1,1,0,0,1,0,1,1,0,1,0,0,1,0,1,0,0,0,0,0,0,1,1,0,0,0,0,0,0,1,0,0,0,0,0,1,0,0,0,1,0,1,0,0,0,0,0,0,0,1,0,1,0,0,0,0,0,0,1,0,1,0,0,1,1,0,0,0,0,0,0,0,0,0,0,0,0,0,0,0,0,0,0,0,0,0,0,0,0,0,0,1,0,0,1,0,0,0,0,0,0,0,0,0,0,0,0,1,0,0,0,0,0,0,0,0,0,0,0,0,0,0,1,0,0,0,0,0,0,0,0,1,0,0,1,0,0,0,0,0,0,0,0,0,1,0,1,0,1,1,0,1,1,1,1,0,0,0,0,1,0,0,0,0,0,1,0,1,1,0,1,0,0,1,1,1,0,0,1,0,1,0,0,0,0,0,0,0,0,1,1,1,0,0,1,0,0,0,0,0,1,0,1,0,1,0,1,0,1,0,0,1,0,0,0,0,1,1,0,0,1,0,1,0,1,1,1,1,0,0,1,1,1,1,1,0
11.879212962962963,0.08775462962962965,-3.5684722222222223,0.5988163606060163,35.86666666666667,233.24499999999998,1.5333333333333334,2.1869373169177084,2.5715224627809734,1401.826820144251,2.520200086547386,10.006437125691184,11.4157136421167,9.837253136417502,5.907179729351506,0.0,5.969305287951849,4.794537184071822,13.212334168400758,0.0,0.0,0.0,13.847474399381248,0.0,11.167844076143568,23.113398747313287,21.713738153720858,0.0,4.899909730850478,0.0,36.43103211764152,0.0,0.0,0.0,0.0,0.0,0.0,0.0,46.46345522265773,19.426327504561144,0.0,20.268296022307258,0.0,0.0,91.75,37.876474249055114,18.00687135247258,0.0,6.4208216229260096,0.0,4.899909730850478,13.847474399381248,0.0,0.0,0.0,5.106527394840706,22.351342592592594,0.0,23.15252314814815,8.033078703703703,0.0,-1.6660416666666658,-0.08775462962962965,2.707777777777778,-3.5684722222222223,0.75,1,0,2,2,1,0,2,0,4,7,2,1,0,2,2,0,0,2,-0.794999999999999,1,0,0,0,0,0,0,0,1,0,0,0,1,0,0,0,0,0,0,0,0,0,0,0,0,0,0,0,1,0,0,0,0,0,0,0,0,0,0,0,0,0,0,0,0,0,0,0,0,0,0,0,0,0,0,0,1,0,0,0,0,0,0,5,2.8857142857142857,2,2,0.0,303.0,4,0.15238095238095237,0.14505494505494507,0.14505494505494507,0.16407394439078846,0.14505494505494507,0.360072704329915,0.22883301815990545,0.22883301815990545,0.029334601352241425,0,0,0,1,1,0,2,0.4666666666666667,0.5333333333333333,0.3333333333333333,0.06666666666666667,0.06666666666666667,0.75,0.25,0,0,0,0,1,1,0,0,0,0,1,0,0,0,0,0,0,0,0,0,0,0,0,1,1,0,0,0,0,0,1,0,0,1,0,0,1,0,0,1,0,1,0,0,0,0,0,0,0,0,0,0,0,0,0,0,0,1,1,0,0,0,0,0,0,0,0,0,0,0,0,0,0,0,1,0,0,0,0,1,0,0,0,1,0,1,0,0,0,0,0,0,0,0,1,0,0,0,0,0,1,0,0,1,0,0,0,0,0,0,0,0,0,1,0,0,0,0,0,0,0,0,1,1,0,1,1,1,0,0,0,0,0,0,0,0,1,0,0,1,0,0,0,0,0,0,0,1,0,0,0,0,0,0,0,0,0,0,0,0,0,0,0,0,1,0,0,0,0,0,0,0,0,0,0,1,0,0,0,1,0,0,0,1,0,0,1,0,1,1,0,0,0,0,1,1,0,0,0,0,0,1,1,0,0,0,0,0,0,1,0,1,0,1,0,0,1,0,0,0,1,0,0,1,1,1,0,0,0,0,1,0,0,1,0,0,1,0,1,1,1,0,0,0,0,1,0,0,1,1,1,1,1,0,0,1,0,0,1,0,1,0,0,0,1,1,0,1,1,0,0,1,0,0,1,0,1,1,1,0,0,0,1,0,1,1,1,1,1,1,0,0,1,1,0
12.375394463340891,0.05751039304610672,-0.8235554715713442,0.855918702387755,17.157894736842106,255.27299999999997,1.105263157894737,2.9917453860635552,1.9881168620497733,39227.76550206533,4.387759596716938,9.67362704263206,0.0,0.0,5.783244946364939,0.0,5.969305287951849,9.589074368143644,0.0,0.0,0.0,30.33183534230805,18.553555759849232,17.802135892458033,11.611834041009853,14.69560176298435,11.75255023431679,0.0,4.567099647791355,0.0,18.883484074999977,0.0,59.415876960625184,0.0,0.0,0.0,0.0,0.0,21.42617727694885,11.339293589984397,0.0,34.084572334553144,0.0,0.0,59.3,11.887211334113243,9.589074368143644,0.0,5.783244946364939,24.222957515384042,5.693927994848461,0.0,24.26546827384644,22.766200853176187,0.0,5.106527394840706,1.8275,0.0,23.49054488270668,9.126647546376983,1.9295427059712782,-1.369655349794238,0.5561273305618544,0.5904830404383976,0.0,0.2,1,0,1,1,0,1,1,0,3,4,2,3,0,0,0,0,1,3,2.291,1,0,0,0,0,1,0,0,1,0,0,0,1,0,0,0,0,0,0,0,0,0,0,0,0,0,0,0,1,0,0,0,0,0,0,0,0,0,1,0,0,0,0,0,0,0,0,0,0,0,0,0,0,0,0,0,0,0,0,0,0,0,0,10,4.052631578947368,3,3,0.0,693.0,3,0.12280701754385961,0.17956656346749225,0.17956656346749225,0.18712043265463565,0.17956656346749225,0.256759759766771,0.19595503381351487,0.19595503381351487,0.016225282989916594,0,0,0,0,2,2,0,0.21052631578947367,0.7894736842105263,0.15789473684210525,0.05263157894736842,0.0,0.38095238095238093,0.09523809523809523,0,0,0,0,0,1,0,0,0,1,1,0,0,0,1,0,0,0,1,1,0,1,0,1,0,0,0,0,0,0,1,0,1,0,0,0,0,0,0,1,0,0,0,0,0,1,0,1,0,0,0,0,0,0,0,0,1,0,0,0,0,0,0,0,1,1,0,0,0,0,0,0,1,0,0,0,0,0,0,0,0,1,0,0,0,0,1,0,1,0,0,0,0,0,0,0,0,0,0,0,1,0,0,0,1,1,0,0,1,0,0,1,0,1,0,0,0,0,0,0,0,0,0,1,1,1,1,0,0,0,0,0,0,0,0,0,0,0,0,0,0,0,0,0,0,0,0,0,0,0,0,0,0,0,0,0,0,0,0,0,0,0,0,0,0,0,0,0,0,0,0,0,0,0,0,0,0,0,0,0,0,0,0,0,0,0,0,0,0,0,0,0,0,1,0,0,0,0,0,0,0,0,0,0,0,0,0,0,0,0,0,1,0,1,0,0,0,0,1,1,0,0,0,1,1,1,0,0,1,1,0,0,0,1,0,0,0,0,0,1,0,0,0,0,0,0,1,0,0,1,1,1,0,1,0,0,0,0,0,0,0,0,0,0,1,1,0,1,0,0,0,0,1,0,1,1,1,0,0,0,1,1,1,0,1,1,1,1,0,1,1,1,1,1,0
11.95027858719594,0.03995740220770383,-1.1355436409463284,0.3245927294750397,20.291666666666668,358.46000000000004,1.3333333333333333,3.1263606915852358,2.253837295328185,157624.85334834442,9.076607169054721,21.263510870849927,11.738880142203794,0.0,5.907179729351506,0.0,11.938610575903699,9.589074368143644,4.794537184071822,11.761884949391115,0.0,19.92349450621513,36.851130567847605,11.670759652908181,0.0,24.596666341896878,29.607675254646317,0.0,5.316788604006331,17.066563992720358,45.57260172023325,11.505707213493578,11.773059419889714,0.0,11.050456081168516,0.0,0.0,11.761884949391115,45.60639313757815,14.383611552215466,11.332896515558172,39.53076089108529,0.0,0.0,129.72,17.98045140505166,14.383611552215466,0.0,22.93711555796551,12.1736752296728,25.01531847552482,17.837905056224997,0.0,13.847474399381248,5.316788604006331,15.946722266843596,0.0,1.4648107086549547,33.686679604594744,20.298120456203762,5.283535154043206,-1.36554183493952,4.437605361922208,3.962942409295327,0.0,0.6875,5,1,0,1,1,0,2,0,5,8,0,11,1,0,1,0,0,1,1.4326000000000003,2,0,0,0,0,0,0,0,2,0,0,0,0,1,1,0,0,0,0,0,0,0,1,0,0,0,0,0,0,0,0,0,0,0,0,0,0,0,0,0,0,0,0,0,0,0,0,0,0,0,0,0,0,0,1,0,0,0,0,0,0,2,0,15,6.329710144927536,1,1,0.0625,1747.0,4,0.08695652173913043,0.24225955204216074,0.24225955204216074,0.21555844654884623,0.24225955204216074,0.1643124445797023,0.12117631503683034,0.12117631503683034,0.017033756042200348,0,0,1,0,0,0,1,0.3333333333333333,0.6666666666666666,0.20833333333333334,0.08333333333333333,0.041666666666666664,0.8333333333333334,0.16666666666666666,1,1,0,0,1,1,0,0,0,1,1,0,0,0,0,0,0,1,1,1,0,0,0,0,0,0,1,0,0,0,1,0,1,1,0,0,1,0,0,1,0,0,1,0,0,0,0,0,0,1,0,0,1,0,1,0,1,1,0,0,1,0,1,0,0,0,0,0,0,1,1,0,0,0,0,0,0,0,0,0,1,0,1,0,0,0,0,1,0,1,0,0,0,0,1,1,0,0,0,0,0,0,0,0,0,0,0,0,0,0,0,0,0,0,0,1,1,0,0,1,1,0,1,1,0,1,0,0,0,0,0,0,0,0,0,0,0,0,0,0,0,0,0,0,0,0,0,0,0,0,1,0,0,0,0,0,0,0,0,0,0,0,0,0,0,0,0,0,0,0,0,0,0,1,0,0,0,0,0,0,0,0,1,0,0,0,0,0,0,0,0,0,0,0,1,0,0,0,0,0,0,0,1,0,1,0,0,0,0,0,0,0,1,0,1,0,1,0,1,1,1,0,0,1,0,0,0,1,0,0,0,0,1,0,0,0,0,0,1,1,1,0,0,1,1,1,1,0,0,0,0,1,0,0,0,0,1,1,0,1,0,0,0,0,1,0,1,1,1,0,1,0,0,0,1,1,0,1,1,1,0,1,1,1,1,1,1,1,1,1,0,0,1,1,0
12.310561854371379,0.015376687839711023,-1.1278578929020855,0.6816125812503079,24.083333333333332,347.3960000000001,1.375,2.5850858589969508,1.7144846348891032,232419.89941069784,6.291454081119668,16.156983476009223,23.154593784320497,0.0,5.907179729351506,5.907179729351506,5.969305287951849,14.48898409899412,4.794537184071822,0.0,11.761884949391115,30.33183534230805,18.060293221456888,5.752853606746789,0.0,19.49013894705617,29.545549696045974,0.0,10.216698334856808,5.733667477162185,24.381291670955285,5.752853606746789,47.165430677130146,0.0,11.050456081168516,0.0,0.0,11.761884949391115,44.95866912120954,14.383611552215466,0.0,18.52902952053558,0.0,0.0,112.73,35.24121921791952,19.49013894705617,0.0,5.697039313055833,16.889409628513054,0.0,16.66179468024159,31.18920547353706,6.06636706846161,5.316788604006331,5.733667477162185,0.0,1.431943447131939,37.20740721367983,11.528112478342873,7.236305905460849,-1.4952518611005252,0.0,1.6916451982027378,0.0,0.3125,4,0,2,2,2,0,3,0,5,8,2,4,0,1,1,0,0,3,0.4449000000000012,1,0,0,0,0,0,0,0,1,0,0,0,1,1,1,0,0,0,0,0,0,0,0,0,0,0,0,0,1,0,0,0,0,0,0,0,0,0,0,0,0,0,0,0,0,0,0,0,0,0,0,0,0,0,1,0,0,0,0,0,0,0,0,12,5.010869565217392,3,3,0.0,1383.0,3,0.09420289855072463,0.18231225296442688,0.18231225296442688,0.18700757865105364,0.18231225296442685,0.20712064812234407,0.15498549429689176,0.15498549429689176,0.01653178919941263,0,0,0,1,0,1,2,0.3333333333333333,0.6666666666666666,0.16666666666666666,0.125,0.041666666666666664,0.6153846153846154,0.15384615384615385,1,1,1,1,0,1,0,0,0,0,1,0,0,0,0,0,0,0,1,1,0,0,0,0,0,0,0,0,0,0,1,0,0,1,0,1,0,0,0,1,1,0,0,0,0,1,0,1,0,0,1,0,0,0,0,0,0,0,1,0,0,1,0,0,1,0,0,0,0,1,0,0,1,1,0,0,0,0,0,0,0,1,0,0,0,1,1,0,0,0,1,1,0,0,0,1,0,0,0,0,1,0,1,0,0,1,0,0,0,0,0,0,0,1,0,0,0,0,0,0,0,0,0,1,0,1,0,1,0,0,0,0,0,0,0,0,1,0,0,1,0,0,0,0,0,0,0,0,0,0,0,0,0,0,0,0,0,0,0,0,0,0,0,0,1,0,0,0,0,0,0,0,0,1,0,1,0,0,1,0,0,0,1,0,0,0,0,0,0,0,0,0,0,0,0,0,0,0,0,0,0,0,0,0,1,0,0,1,0,1,0,0,1,1,0,0,1,0,0,1,1,0,0,1,0,1,1,1,0,1,0,0,0,1,0,0,0,0,1,0,0,0,0,1,0,1,0,0,1,1,1,1,0,0,0,1,0,0,0,1,0,1,0,0,1,1,0,1,1,0,1,1,0,1,1,0,1,0,1,1,0,1,1,0,1,1,1,1,1,1,1,1,1,1,0
12.324445861678004,0.011961083816242501,-1.1511841037282962,0.5597037383059922,23.6,363.3950000000001,1.36,2.584810714478698,1.7068590078804566,328694.86969596916,6.413498790959588,21.263510870849927,28.9041056176044,0.0,5.907179729351506,5.907179729351506,5.969305287951849,14.48898409899412,4.794537184071822,0.0,11.761884949391115,12.13273413692322,30.193027358380107,5.752853606746789,0.0,24.596666341896878,29.545549696045974,0.0,10.216698334856808,5.733667477162185,24.381291670955285,5.752853606746789,41.09906360866854,5.749511833283905,11.050456081168516,0.0,5.749511833283905,11.761884949391115,50.06519651605024,14.383611552215466,0.0,18.52902952053558,0.0,0.0,132.96,35.24121921791952,24.596666341896878,0.0,11.446551146339738,16.889409628513054,0.0,40.92726295408803,6.923737199690624,0.0,5.316788604006331,5.733667477162185,0.0,1.4008415187572834,37.21878264040927,20.71792061674096,7.001584855707332,-1.6070106627286935,0.0,1.673209421525203,0.0,0.3125,5,0,2,2,2,0,3,0,6,9,2,4,0,1,1,0,0,3,0.15050000000000108,1,0,0,0,0,0,0,1,1,0,0,0,1,1,1,0,0,0,0,0,0,0,0,0,0,0,0,0,1,0,0,0,0,0,0,0,0,0,0,0,0,0,0,0,0,0,0,0,0,0,0,0,0,0,1,0,0,0,0,0,0,0,0,13,5.233333333333333,3,3,0.0,1570.0,3,0.09,0.18405797101449278,0.18405797101449278,0.18537463179540378,0.18405797101449273,0.19842673537880612,0.1495107275161305,0.1495107275161305,0.016642320777508976,0,0,0,1,0,1,2,0.36,0.64,0.2,0.12,0.04,0.6296296296296297,0.14814814814814814,1,1,1,1,0,1,0,0,0,0,1,0,0,0,0,0,0,0,1,1,0,0,0,0,0,0,0,0,0,0,1,0,0,1,0,1,0,0,0,1,1,0,0,0,0,0,0,0,0,0,1,0,0,0,0,0,0,0,1,0,0,1,0,0,0,0,1,0,0,1,0,0,1,1,0,0,0,0,0,0,0,1,0,0,0,1,1,0,0,0,1,1,0,0,0,1,0,0,0,0,1,0,1,0,0,1,0,0,0,0,0,0,0,1,1,0,0,0,0,0,0,0,0,1,0,1,0,1,0,0,0,0,0,0,0,0,1,0,0,1,0,0,0,0,0,0,0,0,0,0,0,0,0,0,0,0,0,0,0,0,0,0,0,0,1,0,0,0,0,0,0,0,0,1,0,1,0,0,1,0,0,0,1,0,0,0,0,0,0,0,0,0,0,0,0,0,0,0,0,0,0,0,0,0,1,0,0,1,0,1,0,0,1,1,0,0,1,0,0,1,1,0,0,1,0,1,1,1,0,1,0,0,0,1,0,0,0,0,1,0,0,1,0,1,0,1,0,0,1,1,1,1,0,0,0,1,0,0,0,1,0,1,0,0,1,1,0,1,1,0,1,1,0,1,1,0,1,0,1,1,1,1,1,0,1,1,1,1,1,1,1,1,1,1,0
12.50232546684116,0.04612775048290918,-1.1737766963208884,0.5450750848987173,23.037037037037038,389.4330000000001,1.3703703703703705,2.6508867430431655,1.7379852245863512,907674.2243649521,7.453069069184643,21.263510870849927,28.9041056176044,0.0,5.907179729351506,5.907179729351506,5.969305287951849,14.48898409899412,4.794537184071822,0.0,11.761884949391115,24.284774350590983,30.193027358380107,5.752853606746789,0.0,24.596666341896878,29.545549696045974,0.0,10.216698334856808,5.733667477162185,24.381291670955285,5.752853606746789,53.2511038223363,5.749511833283905,11.050456081168516,0.0,5.749511833283905,11.761884949391115,50.06519651605024,14.383611552215466,0.0,18.52902952053558,0.0,0.0,132.96,35.24121921791952,24.596666341896878,0.0,11.446551146339738,16.889409628513054,0.0,40.92726295408803,19.075777413358384,0.0,5.316788604006331,5.733667477162185,0.0,1.389545222460987,37.731200476000815,20.925928537501857,6.934895997427564,-1.707545957093353,3.3947903863389417,1.7727121451580325,0.0,0.2777777777777778,5,0,2,2,2,0,3,0,6,9,2,5,0,1,1,0,0,3,0.7067000000000008,1,0,0,0,0,0,0,1,1,0,0,0,1,1,1,0,0,0,0,0,0,0,2,0,0,0,0,0,1,0,0,0,0,0,0,0,0,0,0,0,0,0,0,0,0,0,0,0,0,0,0,0,0,0,1,0,0,0,0,0,0,0,0,15,5.566951566951567,3,3,0.0,1954.0,3,0.08262108262108264,0.18267806267806266,0.18267806267806266,0.17625975455411902,0.18267806267806266,0.18730682051123806,0.14139516631266283,0.14139516631266283,0.01571037409069801,0,0,0,1,0,1,2,0.3333333333333333,0.6666666666666666,0.18518518518518517,0.1111111111111111,0.037037037037037035,0.6206896551724138,0.1724137931034483,1,1,1,1,0,1,0,0,0,0,1,0,0,0,0,0,0,0,1,1,0,1,0,0,0,0,0,0,1,0,1,0,0,1,0,1,0,0,0,1,1,0,0,0,1,0,0,0,0,0,0,0,0,0,1,0,0,0,1,0,0,1,0,0,0,0,1,1,0,1,0,0,1,1,0,0,1,0,0,0,1,1,0,0,0,1,1,0,0,0,0,1,0,0,0,1,0,0,0,0,1,0,1,0,0,1,0,0,0,0,0,0,0,1,1,0,0,0,0,0,1,0,0,1,0,1,0,1,0,0,0,0,0,0,0,0,1,0,0,1,0,0,0,0,0,0,0,0,0,0,0,0,0,0,0,0,0,0,0,0,0,0,0,0,1,0,0,0,0,0,0,0,0,1,0,1,0,0,1,0,0,0,1,0,0,0,0,0,0,0,0,0,0,0,0,0,0,0,0,0,0,0,0,0,1,0,0,1,0,1,0,0,1,1,0,0,1,0,0,1,1,0,0,1,0,1,1,1,0,1,0,0,0,1,0,0,1,0,1,0,0,1,0,0,0,1,0,0,1,1,1,1,0,0,0,1,0,0,0,1,0,1,0,0,1,1,0,1,1,0,1,1,0,1,1,0,1,0,1,1,1,1,1,0,1,1,1,1,1,1,1,1,1,1,0
13.31758902998757,0.0007234713647916724,-1.1556673581839634,0.11626338863132478,32.270270270270274,537.6430000000004,1.2972972972972974,3.4784510101284436,1.3639478993901188,115958804.67627917,10.496926633696383,36.38011893655721,5.697039313055833,5.959554568743835,17.721539188054518,0.0,5.969305287951849,24.692804888857466,4.794537184071822,0.0,11.761884949391115,6.923737199690624,26.813052428219834,41.7490906369193,30.650310498118195,29.3912035259687,41.41228399414131,5.409283605791522,25.333306400564094,17.56947956948497,56.16854455040762,33.22669760632749,10.60217582694588,0.0,16.367244685174846,0.0,0.0,11.761884949391115,117.26930753848491,19.178148736287287,17.24509569811431,26.689117645233267,0.0,0.0,192.39000000000001,17.991177721861547,29.3912035259687,0.0,65.2162560393542,37.38104897747979,0.0,16.66179468024159,11.823646930541102,18.871318913218293,10.633577208012662,11.142951082953708,0.0,1.426198261451931,55.65466988741968,32.32739113853008,5.199593782104602,-2.935357176035261,0.3203282531277438,4.862845025253905,1.8716689146671317,0.6956521739130435,7,0,4,4,3,0,7,0,8,14,4,8,0,3,3,0,0,4,-1.8538299999999928,1,1,1,0,0,0,0,0,1,0,0,0,3,3,1,0,1,2,0,0,0,0,0,0,0,0,0,0,1,0,0,0,1,0,0,0,0,0,0,0,0,0,0,0,0,0,0,0,0,0,0,0,0,0,1,0,0,0,0,0,0,0,0,19,7.306306306306307,4,4,0.0,4866.0,3,0.06006006006006005,0.18018018018018017,0.18018018018018017,0.18276863325366632,0.18018018018018017,0.14302896295986806,0.104658844330639,0.104658844330639,0.014021976946550423,0,0,0,1,3,0,4,0.3783783783783784,0.6216216216216216,0.16216216216216217,0.1891891891891892,0.02702702702702703,0.85,0.15,1,1,1,1,0,1,0,1,0,0,1,0,1,0,0,0,1,0,0,1,0,0,0,0,1,0,0,1,0,1,1,0,1,1,0,0,1,0,1,1,1,1,0,1,0,1,1,1,0,1,0,1,0,0,1,0,0,0,1,0,0,0,0,1,1,1,0,0,0,1,0,0,1,0,0,0,0,0,0,0,1,0,0,0,0,0,1,0,0,1,0,0,0,1,0,0,0,0,1,1,1,0,1,1,0,1,0,0,0,0,0,1,0,0,0,0,1,0,0,0,0,1,0,1,0,1,1,1,0,0,0,0,0,0,0,0,1,0,0,1,0,0,0,0,0,0,0,1,0,0,0,0,0,1,0,0,0,0,0,0,0,0,0,0,0,0,0,0,0,0,0,1,0,1,0,0,0,0,0,0,0,0,1,0,0,0,0,0,0,0,0,0,1,0,0,0,0,0,0,0,0,0,0,1,1,1,1,1,1,1,1,1,1,1,1,0,1,1,1,1,1,1,0,1,1,1,0,1,1,0,0,0,1,1,1,0,1,0,1,1,0,0,0,1,1,1,1,1,1,1,1,1,0,0,0,1,1,1,0,1,1,1,0,0,1,1,1,1,1,1,1,1,0,0,1,1,1,1,1,1,1,1,1,1,1,1,1,1,1,1,0,0,1,1,0
13.285741213151928,0.02055021425083603,-1.6225814384395734,0.7848332802556961,47.07692307692308,358.43400000000014,1.2692307692307692,2.8620358714783705,1.7605370426078075,715692.1381653672,5.458357665377325,10.213054789681411,17.991177721861547,11.566489892729878,0.0,0.0,0.0,14.383611552215466,0.0,0.0,0.0,25.496599036284397,49.671138797694596,23.168708607880962,0.0,24.596666341896878,17.34973483909482,0.0,0.0,28.583699077277743,51.55263332499499,6.606881964512918,23.801164850570913,0.0,0.0,0.0,0.0,0.0,39.77072240427283,14.383611552215466,28.583699077277743,45.95158251401131,0.0,0.0,91.67,28.821158660655104,24.596666341896878,0.0,35.74102965414007,12.841643245852019,18.414747775921285,0.0,12.152040213667762,19.92349450621513,0.0,0.0,0.0,0.0,37.392634627008604,20.462542781720167,-1.8621867257705544,-0.5901749787827069,7.823372282529478,3.190478679961679,0.0,0.6666666666666666,2,4,0,4,0,0,6,0,5,5,0,2,3,0,3,0,0,4,1.7658,0,2,1,0,0,0,0,0,0,0,0,0,0,0,0,0,0,0,0,0,0,0,4,0,0,0,0,0,5,0,0,0,0,0,0,0,0,0,3,2,0,0,0,0,0,0,0,0,0,0,0,0,0,0,0,0,0,0,0,0,0,0,0,12,4.384615384615385,4,4,0.0,1425.0,4,0.08923076923076924,0.14102564102564102,0.14102564102564102,0.14072207394923475,0.14102564102564102,0.23743771440456002,0.16993418701505522,0.16993418701505522,0.019128555701631442,0,0,0,0,1,0,4,0.19230769230769232,0.8076923076923077,0.19230769230769232,0.0,0.0,0.8275862068965517,0.1724137931034483,1,0,1,0,0,0,0,1,0,0,1,0,0,0,0,0,0,1,0,1,1,0,0,0,1,0,0,1,1,1,1,1,0,1,0,1,1,0,0,1,0,0,0,0,1,1,0,0,0,0,0,0,1,0,1,0,0,0,1,0,0,0,0,0,0,0,0,0,1,0,0,1,0,0,1,1,1,1,0,0,1,1,1,0,1,0,0,1,0,0,0,0,0,0,1,0,0,0,1,1,1,1,0,0,0,0,0,0,0,0,1,0,1,0,1,0,0,1,0,0,1,0,1,1,0,1,0,0,0,0,0,0,0,0,0,0,0,0,0,0,0,0,0,0,0,0,0,0,0,0,0,0,0,0,1,0,0,0,0,0,0,0,0,0,0,0,0,0,0,0,0,0,0,0,0,0,0,0,1,0,0,1,0,0,0,0,0,0,0,0,0,0,0,0,1,0,0,0,0,0,1,0,0,0,1,0,0,0,0,0,1,0,0,0,0,0,0,1,1,1,0,0,0,0,1,0,0,1,0,1,0,0,1,1,0,0,1,1,0,0,1,0,0,1,1,0,1,0,0,0,0,0,0,0,0,1,1,1,0,1,1,0,0,0,1,0,0,1,1,0,0,1,0,1,1,1,0,1,1,0,1,1,1,1,0,1,0,1,1,0,0,1,1,1,0
4.6790948601662885,0.4315740740740739,0.4315740740740739,0.7292796247091089,21.65,265.36,1.05,2.6141296973388872,1.9017661245550799,76322.13064350616,4.5990470900709735,9.799819461700956,5.817862777835028,0.0,0.0,0.0,0.0,0.0,4.9839785209472085,0.0,0.0,30.33183534230805,29.804393526229784,32.25193441227681,6.041840829147961,0.0,5.817862777835028,0.0,9.883888251797686,0.0,12.462662452073971,31.581850931265393,59.28540045747372,0.0,4.899909730850478,5.817862777835028,0.0,0.0,36.565829452212604,6.4208216229260096,0.0,22.73219530423895,0.0,0.0,19.37,0.0,0.0,0.0,0.0,6.041840829147961,26.055090840663734,22.508217252926013,0.0,6.196843571613076,58.22967237609501,0.0,0.0,0.0,9.602752267573695,0.0,4.271854686318973,1.1822222222222223,2.9169255479969767,3.237324499244142,2.212478269085412,0.35294117647058826,0,0,2,2,0,1,1,0,3,3,3,0,0,1,1,0,1,4,2.4789000000000003,0,0,0,0,0,1,0,0,0,0,0,0,3,0,0,0,1,0,0,0,0,0,0,0,1,0,0,0,5,0,0,0,0,0,0,0,0,0,0,0,0,0,0,0,0,0,0,0,0,0,1,0,1,0,0,0,0,0,0,0,0,0,0,8,3.6157894736842104,4,4,0.0,687.0,3,0.12105263157894737,0.14532163742690057,0.14532163742690057,0.11309063083867263,0.14532163742690057,0.2855137089834823,0.2055569905898488,0.2055569905898488,0.012870539923566036,0,0,0,0,0,2,1,0.15,0.85,0.0,0.15,0.0,0.4782608695652174,0.0,0,0,1,1,0,0,0,0,0,0,0,0,0,0,1,0,0,0,0,1,0,0,0,0,0,0,0,0,1,1,1,0,1,1,0,1,0,0,0,1,0,0,1,0,1,0,0,1,1,0,0,0,0,0,0,0,0,0,0,0,0,0,0,0,1,0,0,0,1,0,0,0,1,0,1,0,0,0,0,1,0,1,0,0,1,0,1,0,1,0,0,1,0,0,0,1,0,0,0,1,1,0,0,0,0,0,0,0,0,0,0,0,0,0,0,1,0,0,0,1,0,1,1,1,0,0,1,1,0,0,0,0,0,0,0,0,0,0,0,0,0,0,0,0,0,0,0,1,0,0,0,0,0,0,0,0,0,0,0,0,0,0,0,0,0,0,1,0,0,0,0,0,0,0,0,0,0,0,0,0,0,0,0,0,0,0,0,0,0,0,0,0,0,1,0,0,0,0,0,0,0,0,0,1,0,1,0,1,0,0,0,0,0,1,1,0,0,0,0,0,0,1,0,0,0,0,1,0,1,1,0,0,0,1,0,0,0,0,0,1,0,0,0,1,1,0,1,0,1,1,1,0,0,1,0,0,1,1,0,0,0,0,0,1,0,1,1,0,0,0,1,0,1,1,0,1,1,0,0,0,0,1,0,0,1,0,1,0,1,1,1,1,0,1,0
11.254750015747039,0.3677537372973878,-0.3677537372973878,0.7446286892388262,18.833333333333332,243.30999999999997,1.5,2.7468353667711787,2.137174799158409,21117.670299736823,4.137177457043261,16.034434602115724,0.0,0.0,5.907179729351506,0.0,0.0,4.794537184071822,0.0,0.0,0.0,0.0,50.07268954853704,28.202145247774475,0.0,4.794537184071822,16.810104661432565,0.0,10.30076712495354,5.733667477162185,25.30430569792599,7.04767198267719,35.01993218362728,0.0,11.050456081168516,0.0,0.0,0.0,23.980671062123864,12.841643245852019,0.0,28.036189785240282,0.0,10.902924932081056,70.91,0.0,4.794537184071822,0.0,5.907179729351506,11.605292320844956,30.165389800859085,11.257379486545457,6.06636706846161,19.18040611960041,10.30076712495354,5.733667477162185,0.0,0.0,14.701671784454522,4.471192365835224,9.65589561287478,-0.3677537372973878,3.21673792202066,0.0,1.99934812505249,0.35714285714285715,4,1,0,1,1,1,1,0,2,4,1,2,0,0,0,0,0,3,1.3435,0,0,0,0,0,1,1,0,0,0,0,0,0,2,1,0,1,0,0,0,0,0,0,0,0,1,0,0,3,0,0,0,0,0,0,0,0,0,0,0,0,0,0,0,0,0,0,0,0,0,0,1,0,0,0,0,0,0,0,0,0,0,0,9,3.7712418300653594,3,3,0.0,577.0,3,0.130718954248366,0.17320261437908496,0.17320261437908496,0.1420770191221589,0.17320261437908496,0.2759669263904024,0.20825482523465733,0.20825482523465733,0.016723020551611605,0,0,0,0,1,2,0,0.2222222222222222,0.7777777777777778,0.05555555555555555,0.16666666666666666,0.0,0.45,0.05,1,1,0,0,0,1,0,0,0,0,1,1,1,0,0,0,0,0,0,1,0,0,1,0,0,0,0,0,0,0,1,0,0,1,0,0,1,0,0,1,0,0,0,0,0,1,0,0,0,0,0,0,0,1,0,0,0,0,1,0,0,0,0,1,0,1,0,0,1,0,0,0,0,0,1,0,0,1,0,0,0,1,0,0,0,0,1,0,0,0,1,0,0,0,0,0,0,0,1,1,1,0,0,1,0,1,1,1,0,0,0,0,0,0,0,0,0,0,0,1,0,0,1,1,0,1,0,0,0,0,0,0,0,0,0,0,0,0,0,0,0,0,0,0,0,0,0,0,0,0,0,0,0,0,0,0,0,0,0,0,0,0,0,0,0,0,0,0,0,0,0,0,0,0,0,0,0,0,0,0,0,0,0,0,0,0,0,0,0,0,0,0,0,1,0,0,0,0,0,0,0,0,0,0,0,0,0,0,0,0,0,1,1,0,0,0,0,0,1,1,1,1,0,0,1,0,0,0,0,1,0,0,1,1,0,0,1,0,1,1,0,0,0,0,1,1,1,0,0,1,0,0,0,1,0,0,1,1,0,1,0,1,0,0,0,1,0,0,0,0,1,0,1,1,0,1,0,0,0,1,0,0,1,0,1,0,1,0,1,1,1,1,1,1,0
11.937666761148904,0.01720804988662117,-1.3272836881666252,0.38322659240159473,10.833333333333334,331.244,1.375,3.042304786897741,2.441172868728054,304486.0322918735,5.4599318717791965,14.65760556357927,12.232142680596137,0.0,0.0,5.687386274683562,17.087839078055865,29.06502946877239,4.9839785209472085,0.0,0.0,0.0,6.06636706846161,18.460054211687762,22.284032558814737,14.824375627730198,22.690092997867936,0.0,19.102156337477126,0.0,6.544756405912575,0.0,61.67566778192714,5.687386274683562,11.118533790104014,5.687386274683562,0.0,0.0,35.10130006908735,11.339293589984397,10.114318268765572,0.0,0.0,16.720787709916088,153.12,28.555906532786107,24.49792982098104,0.0,22.40817398459965,0.0,10.633466716252965,29.354473934243657,0.0,0.0,9.967957041894417,5.106527394840706,2.0961489040060464,0.0,51.23911666981608,20.234765342865543,-2.343759238263204,-1.3272836881666252,4.184626427731587,-0.7495705782312925,0.0,0.07692307692307693,2,0,0,0,0,2,0,0,8,11,2,4,0,0,0,0,0,3,-0.13170000000000015,1,0,0,0,0,4,1,0,1,0,0,0,4,1,0,0,0,0,0,0,0,0,0,0,0,0,0,0,1,0,0,0,0,0,0,1,0,0,0,0,0,0,0,1,0,0,0,0,0,0,0,0,0,0,0,0,0,0,0,0,0,0,0,9,4.416666666666667,3,3,0.0,1219.0,3,0.09420289855072463,0.1553030303030303,0.1553030303030303,0.14478264231612545,0.15530303030303028,0.23566886748019433,0.1776418839654914,0.1776418839654914,0.016185218243866387,0,0,0,0,1,3,0,0.4583333333333333,0.5416666666666666,0.25,0.20833333333333334,0.0,0.23076923076923078,0.15384615384615385,0,0,0,0,0,1,1,0,0,0,1,0,1,0,0,1,0,1,0,0,0,0,0,0,0,0,0,0,0,0,0,0,1,0,1,0,1,0,0,1,0,0,0,1,0,1,0,0,0,0,0,1,0,1,0,0,0,0,1,0,0,1,1,0,0,0,0,1,0,0,1,0,0,1,1,1,1,1,1,0,1,1,0,1,0,0,1,1,0,0,1,1,0,0,0,0,0,0,1,0,1,0,0,0,0,0,0,1,0,0,1,0,0,1,0,0,0,0,1,1,1,0,1,0,0,1,0,0,0,0,0,0,0,0,0,0,0,0,0,0,0,0,0,0,0,0,0,0,0,0,0,0,1,0,0,0,0,0,0,0,0,0,0,0,0,0,0,0,0,0,0,0,0,0,0,0,0,1,0,0,0,0,0,0,1,0,0,0,0,0,1,1,0,1,0,0,0,0,1,1,1,0,0,1,0,1,0,1,1,0,0,1,0,1,0,0,0,0,0,1,1,0,1,1,1,1,1,0,1,1,1,0,1,1,0,0,0,0,1,0,0,1,0,0,0,1,0,1,1,1,1,1,1,1,0,1,0,0,1,1,1,1,0,1,1,1,0,1,1,0,1,1,1,1,1,0,1,0,1,1,0,1,1,1,1,1,1,1,0,1,1,1,1,1,0
12.184328883911522,0.2177084447795683,0.2177084447795683,0.8572261348664234,14.925925925925926,373.45700000000016,1.1111111111111112,2.9310508594919344,1.869651327105665,1419249.9987763085,8.2821303749608,25.00721284646324,5.817862777835028,11.49902366656781,11.855519010338,0.0,0.0,4.794537184071822,4.9839785209472085,4.9839785209472085,0.0,6.923737199690624,18.90801031431363,44.052438529502716,19.736295800171327,14.268263091671919,28.576306720254088,0.0,14.867866772744893,0.0,26.186202068468653,51.032197914218024,12.13273413692322,11.49902366656781,20.107303115612762,11.766202058821523,11.49902366656781,0.0,61.17366720830176,4.794537184071822,0.0,26.186202068468653,0.0,10.902924932081056,93.81000000000002,0.0,4.794537184071822,0.0,5.907179729351506,48.292260877756746,31.317380272141968,0.0,20.285962151016676,17.89001399900271,14.867866772744893,15.207393384762284,10.70141929700444,0.0,25.389704114824724,0.7277518908160143,6.9010474243135675,2.3892645513742137,2.3456372029468726,4.938798570114441,3.1704021667304216,0.5263157894736842,2,0,1,1,1,1,0,0,7,8,2,5,0,1,1,0,0,3,2.068,0,0,0,1,0,2,0,0,0,0,0,0,4,0,1,0,0,0,0,0,0,0,0,0,2,0,0,0,1,0,2,0,0,0,0,0,0,0,0,0,0,2,0,0,0,0,0,0,0,0,0,0,0,0,0,0,0,0,0,0,0,0,0,15,5.518518518518518,3,3,0.0,1937.0,3,0.08262108262108264,0.1807407407407407,0.1807407407407407,0.14921600677143418,0.18074074074074073,0.18920712071408474,0.15613967515576627,0.15613967515576627,0.013846617558797732,0,0,0,0,0,2,1,0.2962962962962963,0.7037037037037037,0.1111111111111111,0.18518518518518517,0.0,0.5862068965517241,0.034482758620689655,1,0,0,0,1,0,0,0,0,0,1,0,1,0,0,0,0,0,0,1,0,0,0,1,0,0,1,0,1,0,1,0,0,1,0,0,0,0,1,1,1,0,0,0,0,0,0,0,0,1,1,1,0,1,0,1,0,0,0,1,0,0,0,1,0,0,0,0,0,0,0,0,1,1,0,1,0,1,0,1,1,1,1,0,1,1,0,0,0,1,0,0,0,1,0,0,0,0,0,0,1,0,0,0,1,0,0,1,0,1,0,0,1,1,0,0,0,0,0,0,1,1,1,1,0,1,0,0,0,0,0,0,0,0,0,0,0,0,0,0,0,0,0,0,0,0,0,1,0,0,0,0,0,1,0,0,0,0,0,0,0,0,0,0,0,0,1,0,0,0,0,0,0,0,0,0,0,0,0,0,0,0,0,0,0,0,0,0,0,0,1,0,0,1,0,0,0,0,0,0,1,0,0,1,0,1,0,1,1,0,0,0,1,1,1,0,0,0,0,0,1,1,0,0,0,1,1,0,1,1,0,0,0,1,1,0,0,0,1,1,0,1,1,1,0,1,1,0,1,1,1,0,0,1,1,1,1,1,0,0,1,1,0,1,0,1,1,0,0,1,1,1,1,1,1,1,1,1,1,1,1,1,1,1,1,1,1,1,1,1,1,1,1,1,0
11.436426209372637,0.11249666687662674,-0.8060619803476949,0.5273624425093522,29.5,228.20799999999997,1.6875,2.5907605405992813,2.2326555210648866,5282.560742281935,4.160618689082901,20.683585220643643,18.65918763324771,0.0,5.948339280986494,0.0,5.689743398203474,4.567099647791355,9.77851570501903,4.9839785209472085,0.0,0.0,0.0,6.4208216229260096,12.71084835226122,14.94991774348146,5.948339280986494,0.0,14.53505668968577,0.0,24.856655569157482,12.340549441675103,16.811600657039836,0.0,11.423410875365658,5.948339280986494,0.0,0.0,43.562926219376706,4.736862953800049,0.0,12.64872279366088,0.0,0.0,123.49,24.12557734443495,9.901064578912528,0.0,18.976042868425424,0.0,4.567099647791355,6.3273200747645415,0.0,0.0,9.967957041894417,15.577057825802939,6.405907029478458,0.0,18.54635912698413,18.39117777357857,4.647017510707987,-0.11249666687662674,-0.7413047996976581,-0.3033266408415216,0.0,0.625,4,0,1,1,0,1,3,0,8,8,2,2,0,1,1,0,0,2,-2.1388,0,2,2,1,0,3,0,0,0,0,0,0,3,0,1,0,0,0,0,0,0,0,0,0,1,0,0,0,0,0,1,0,0,0,0,0,0,0,0,0,0,0,0,0,0,0,0,0,0,0,0,0,0,0,0,0,0,0,0,0,0,0,0,9,3.6166666666666667,2,2,0.0,434.0,3,0.14166666666666666,0.18690476190476193,0.18690476190476193,0.16779803079393396,0.18690476190476193,0.2875755737170436,0.22817366025776575,0.22817366025776575,0.019204247889284768,0,0,0,0,1,1,1,0.5,0.5,0.25,0.25,0.0,0.5882352941176471,0.058823529411764705,1,1,0,0,1,0,0,0,0,0,1,0,1,0,0,0,1,0,0,1,0,0,0,0,0,1,0,1,0,0,1,0,0,0,0,0,1,0,0,1,0,0,0,0,1,0,0,0,0,1,0,0,0,0,0,1,0,0,1,0,0,0,0,1,0,1,1,0,0,0,0,0,0,0,0,0,0,0,0,0,1,1,0,0,0,0,0,0,0,1,0,0,0,0,1,1,0,0,1,0,1,0,1,0,0,1,0,0,1,0,0,0,1,0,0,0,0,0,0,0,0,0,1,1,0,0,0,0,0,0,0,0,0,0,0,0,0,0,0,0,0,0,0,0,0,0,0,0,0,0,0,0,0,1,0,0,0,0,0,0,0,0,0,0,0,1,0,0,0,0,0,0,0,0,0,0,0,0,0,0,0,1,0,0,0,1,0,0,0,0,1,0,0,1,0,0,0,0,0,0,1,0,0,1,0,1,0,0,1,0,1,1,1,1,0,0,0,1,1,1,1,0,0,0,1,1,1,0,0,0,0,0,1,0,1,0,0,1,1,1,0,1,0,0,0,1,0,0,1,1,1,0,0,0,0,1,1,1,0,1,1,1,0,1,0,1,0,1,1,0,1,1,1,0,1,0,1,0,1,1,1,1,1,1,1,1,1,1,0,1,1,1,1,1,0
11.470870653817082,0.19630241139665672,-1.3499310279667431,0.4262474653048269,32.88235294117647,244.207,1.4705882352941178,2.5654067136030916,2.3196952658217853,7816.79425634862,4.372750406697864,25.790112615484354,24.639219238009446,6.22790117073487,5.948339280986494,0.0,5.689743398203474,4.567099647791355,9.77851570501903,4.9839785209472085,0.0,0.0,0.0,0.0,6.606881964512918,20.056445138322168,5.948339280986494,0.0,14.53505668968577,0.0,24.539800333979777,12.340549441675103,16.811600657039836,0.0,11.423410875365658,5.948339280986494,0.0,0.0,54.77342000196571,4.736862953800049,0.0,6.22790117073487,0.0,0.0,143.72000000000003,36.83642569669617,15.007591973753232,0.0,5.948339280986494,0.0,10.894419722555895,0.0,0.0,0.0,9.967957041894417,15.57705782580294,6.036694066515495,0.0,18.42747023809524,28.089890925506005,4.456252204585538,-0.19630241139665672,-3.6744283824640984,-0.4729099741748548,0.0,0.625,5,0,1,1,0,1,4,0,9,9,2,2,0,1,1,0,0,2,-3.1679999999999997,0,3,3,1,0,3,0,0,0,0,0,0,3,0,1,0,0,0,0,0,0,0,0,0,1,0,0,0,0,0,1,0,0,0,0,0,0,0,0,0,0,0,0,0,0,0,0,0,0,0,0,0,0,0,0,0,0,0,0,0,0,0,0,9,3.6470588235294117,2,2,0.0,496.0,3,0.1323529411764706,0.17647058823529416,0.17647058823529416,0.16822155321186835,0.17647058823529416,0.2852208960814755,0.21651546315473538,0.21651546315473538,0.02017141402392536,0,0,0,0,1,1,1,0.5294117647058824,0.47058823529411764,0.29411764705882354,0.23529411764705882,0.0,0.6111111111111112,0.05555555555555555,0,1,0,0,0,0,0,0,0,0,1,0,0,0,0,0,1,0,0,1,0,0,0,0,1,1,0,0,0,0,0,0,0,0,0,0,1,0,0,1,0,0,0,0,1,0,0,0,0,1,0,0,1,0,0,0,0,0,1,0,0,0,0,1,0,1,1,0,0,0,1,0,0,0,0,1,0,0,0,1,1,1,1,0,0,0,0,0,0,0,0,0,0,0,1,1,0,0,1,0,1,0,1,0,0,1,0,0,1,0,0,0,1,0,0,0,0,0,0,0,1,0,1,1,0,0,0,0,0,0,0,0,0,0,0,0,0,0,0,0,0,0,0,0,0,0,0,0,0,0,0,0,0,1,0,0,0,0,0,0,0,0,0,0,0,1,0,0,0,0,0,0,0,0,0,0,0,0,0,0,0,1,1,0,0,1,0,0,0,0,1,0,0,1,0,0,0,0,0,0,1,0,0,1,0,1,0,0,1,0,1,1,1,1,0,0,0,1,1,1,1,0,0,1,1,1,1,0,0,0,0,0,0,0,1,0,0,1,1,0,0,1,0,0,0,1,0,0,1,1,1,0,0,0,0,1,0,0,0,1,1,1,0,1,0,1,0,1,1,0,1,1,1,0,1,0,1,0,1,1,1,1,1,1,1,1,1,1,0,1,1,1,1,1,0
12.494632858257877,0.0,-0.11057914227827692,0.3508920282242626,45.78048780487805,637.7440000000003,0.8048780487804879,3.2149269216916436,3.3749921242691313e-06,1012586911.6684866,12.027376274834575,30.938207617421007,12.145807216896262,6.103966387748303,0.0,0.0,11.938610575903699,14.488984098994122,0.0,0.0,0.0,20.268296022307258,112.80516531805364,31.725127320852,20.13718479450234,40.52728198556464,11.938610575903699,0.0,4.899909730850478,34.501605123439134,135.45724433059314,33.22669760632749,0.0,0.0,16.981450852126283,0.0,0.0,0.0,78.83986320456881,19.06280027574374,34.501605123439134,111.16562989680064,0.0,0.0,55.84,0.0,9.589074368143644,0.0,46.54298467292337,35.25239026617688,29.91127133860718,90.13937228693729,13.847474399381248,0.0,25.795056112908917,9.473725907600098,13.548265162257803,0.0,27.372713748359168,0.0,0.3772267335538443,2.5032598420926226,16.308085198175473,13.125927097386809,2.46847696547724,0.9411764705882353,0,4,2,6,0,0,10,0,5,7,2,4,4,2,6,0,0,6,2.9699000000000044,0,0,0,0,0,0,0,0,0,0,0,0,2,0,0,0,1,2,0,0,0,0,0,0,0,0,0,0,5,2,2,0,0,0,0,0,0,0,0,0,0,0,0,0,0,0,0,0,0,2,0,0,0,1,0,0,0,0,0,0,0,0,0,0,0.0,6,6,0.0,inf,4,0.054878048780487805,0.12848655409631018,0.12848655409631018,0.12611088699153997,0.12848655409631018,0.0,0.12177716012724131,0.12177716012724131,0.013961908385716143,0,0,0,0,1,0,6,0.17073170731707318,0.8292682926829268,0.0975609756097561,0.04878048780487805,0.0,0.9555555555555556,0.044444444444444446,0,0,1,0,1,1,0,1,0,1,1,1,1,0,0,1,1,1,0,0,0,0,0,0,0,1,0,0,0,0,1,1,0,1,0,0,1,0,0,1,0,0,1,0,0,1,0,0,0,0,0,0,1,0,0,1,0,0,0,1,1,0,1,1,0,1,0,0,1,1,0,1,1,1,0,0,0,0,1,0,0,1,0,0,1,0,0,0,0,0,0,0,0,0,1,0,0,0,0,0,0,0,1,1,0,1,0,0,1,0,1,0,0,0,0,0,1,0,1,0,1,1,1,1,0,1,0,1,0,0,0,0,0,0,0,0,0,0,0,0,0,0,0,0,0,0,0,0,0,0,0,0,0,0,0,0,0,0,1,0,0,0,0,0,0,0,0,0,0,0,0,0,0,0,1,0,0,1,0,0,0,0,0,0,0,0,0,0,0,0,1,0,0,0,1,0,0,0,0,0,0,0,0,1,0,0,0,0,0,0,0,0,0,1,1,0,0,0,0,0,0,1,0,1,1,0,1,0,1,1,0,0,0,1,0,0,1,0,0,1,1,0,0,1,1,0,1,0,1,1,1,1,0,0,1,1,1,1,0,0,1,1,1,0,1,1,1,0,1,1,1,1,0,1,1,1,1,1,1,0,1,1,1,0,1,1,1,1,1,1,0,1,1,1,1
11.83092411383818,0.23594274893104572,-0.9619304743225265,0.458535897261046,11.566666666666666,424.52200000000016,1.1666666666666667,3.366245431301799,1.9383720699125508,7066166.574735957,10.02437207292287,14.780154437472765,5.824404497999927,0.0,0.0,0.0,11.938610575903699,0.0,14.573052889090853,0.0,11.336785877934737,31.54366002800146,41.63945719730763,29.83665137553516,17.454223058158533,19.802129157825057,29.351416560672313,0.0,9.551078168738563,0.0,39.15178009730723,0.0,81.07059595286161,0.0,0.0,0.0,0.0,11.336785877934737,31.702743534323673,24.180936835836416,0.0,52.08230029955814,0.0,6.076020106833881,92.42,11.938610575903699,14.69560176298435,0.0,5.563451491696996,18.53868255890785,41.22139604702471,11.336785877934737,36.5383319522934,22.07989655518049,11.907715720637832,5.106527394840706,2.016662414965986,1.531440967796279,28.45438168934995,20.72568968319624,2.2079494364775067,-1.0143908442729752,6.5773303766205995,2.6100794405366567,0.0,0.2608695652173913,2,0,0,0,0,2,0,0,5,7,2,10,0,0,0,0,0,3,4.744400000000003,1,0,0,0,1,2,0,0,2,0,0,0,2,0,0,0,0,0,0,0,0,0,0,0,0,1,0,0,0,0,0,0,0,0,0,1,0,0,0,0,0,0,0,0,0,0,0,0,0,0,0,0,0,0,0,0,0,0,0,0,1,1,0,14,6.011494252873563,3,3,0.0,2615.0,3,0.0735632183908046,0.17898193760262726,0.17898193760262726,0.17908717022114318,0.17898193760262726,0.17424178685214592,0.14657579043520144,0.14657579043520144,0.012065776900421694,0,0,0,0,2,3,0,0.23333333333333334,0.7666666666666667,0.13333333333333333,0.06666666666666667,0.03333333333333333,0.40625,0.09375,0,0,0,0,0,1,0,0,0,0,1,0,0,0,1,1,1,0,0,1,0,0,0,0,0,1,1,0,0,0,0,1,0,1,1,1,0,0,1,1,0,0,0,0,1,0,0,0,0,0,0,0,0,1,1,0,1,0,0,0,0,0,1,0,1,0,0,0,1,1,0,0,1,1,0,0,0,0,0,1,1,1,1,0,0,0,1,0,0,0,1,1,0,0,0,0,0,0,0,1,1,1,0,0,1,1,1,0,0,0,0,0,0,1,1,0,1,0,0,1,0,0,1,0,1,1,1,1,0,0,0,0,0,0,0,0,0,0,0,0,0,0,0,0,0,0,0,0,0,0,0,0,0,0,0,0,0,0,0,0,0,0,0,0,1,0,1,0,0,0,0,0,0,0,0,0,0,0,1,0,0,0,0,0,0,0,0,0,0,0,0,0,0,1,0,0,0,0,0,0,0,0,0,1,1,1,0,1,0,1,0,1,0,1,0,0,1,0,1,0,0,0,0,0,1,0,0,1,1,0,0,0,0,0,0,0,0,0,0,1,0,0,1,1,1,0,1,0,1,1,1,1,0,1,0,0,1,1,0,1,0,0,0,0,1,1,0,1,1,0,1,0,1,0,1,1,1,0,1,0,0,1,1,1,1,1,1,1,1,1,1,1,1,1,0
13.233344159523778,0.01696416761148889,-1.1653439698946102,0.521911808548141,37.457142857142856,506.7090000000003,1.2571428571428571,3.2229563369811096,1.8543203562410289,31391201.521522895,10.788360786352277,20.26670634748779,5.783244946364939,0.0,5.907179729351506,0.0,0.0,9.589074368143644,4.9839785209472085,0.0,11.336785877934737,34.11577042168851,51.17988552798843,17.718790439553317,52.49215458740056,24.538992111625106,29.10323066048506,0.0,10.30076712495354,17.250802561719567,110.52505931584096,0.0,21.654718992236408,0.0,5.316788604006331,0.0,0.0,11.336785877934737,56.84224878972161,14.325937321943691,24.17453976141019,84.34808300447501,0.0,6.076020106833881,112.05000000000001,23.540829291054777,19.802129157825057,0.0,41.77601037268379,6.4208216229260096,35.537121090548524,0.0,32.107997477006606,32.22729447637167,17.224504324644162,4.736862953800049,6.096276428781389,1.5784232002637206,30.78254540364897,27.78961371247202,0.4102576532430888,-1.2370951567650523,2.9917878560545614,13.023449993592145,0.0,0.7407407407407407,3,0,2,2,1,1,7,0,7,8,3,2,0,2,2,0,0,3,4.050520000000002,0,2,2,0,0,1,0,0,0,0,0,0,1,1,0,0,0,0,0,0,0,0,0,0,0,1,0,0,1,0,1,0,0,0,0,0,0,0,1,1,0,0,0,0,0,0,0,0,0,0,0,0,0,0,0,0,0,0,0,1,0,0,0,15,6.047058823529412,3,3,0.04285714285714286,3598.0,4,0.062184873949579826,0.15294117647058825,0.15294117647058825,0.1421169158210586,0.15294117647058825,0.1695265383421345,0.10517991815276753,0.10517991815276753,0.014860522024126625,0,0,1,0,1,1,2,0.22857142857142856,0.7714285714285715,0.14285714285714285,0.05714285714285714,0.02857142857142857,0.7837837837837838,0.08108108108108109,0,0,1,0,1,0,0,0,0,0,1,0,1,0,1,0,1,0,0,0,0,1,1,0,0,1,0,0,0,1,1,1,0,1,0,1,1,0,0,1,1,0,1,0,0,1,1,0,1,0,0,0,0,0,1,0,1,1,1,0,1,0,0,1,1,0,1,1,1,0,0,0,0,0,1,1,0,1,0,1,0,1,1,0,0,0,0,0,0,0,1,0,0,0,0,0,0,0,0,0,1,0,0,1,0,1,1,0,0,0,0,1,1,0,0,1,0,0,0,0,1,1,1,1,0,0,0,1,0,0,0,0,0,0,0,0,0,0,0,0,0,0,0,0,1,0,0,0,0,0,1,0,0,0,0,0,0,0,0,0,0,0,0,0,1,0,0,0,0,0,0,0,0,0,0,1,0,0,1,0,0,1,0,0,0,1,0,0,0,0,0,0,0,1,1,0,0,0,0,0,0,0,1,0,1,0,0,0,0,1,0,1,0,0,0,0,1,1,1,1,1,0,0,0,1,1,0,1,0,0,0,0,1,1,0,0,1,0,1,1,1,0,0,1,1,1,1,0,1,1,0,0,0,0,0,1,1,1,0,1,1,0,0,0,1,1,0,1,1,1,1,1,0,0,1,1,0,1,1,1,1,0,1,0,1,1,1,1,1,1,1,0,1,1,0
12.573779289493576,0.17363756613756598,0.17363756613756598,0.6499855803367838,14.285714285714286,299.761,1.1904761904761905,2.6316774629947295,2.271838969980807,81645.16161194848,5.5779248204806295,10.524041628783621,0.0,5.835619785757269,12.256441408683276,0.0,0.0,0.0,4.992404732635669,4.738833853594686,0.0,29.800041095617345,30.33183534230805,17.633756788115512,11.250837766380558,4.738833853594686,28.835630953444046,0.0,5.316788604006331,4.992404732635669,0.0,13.592428388589765,69.88772586960549,0.0,5.316788604006331,5.687386274683562,0.0,11.600939890232516,29.87856703071242,0.0,5.20725302477729,11.126902983393991,5.022633313741326,0.0,50.459999999999994,0.0,5.20725302477729,0.0,6.544756405912575,16.569938102269298,21.553123111672242,0.0,19.18040611960041,36.39820241076966,10.309193336642,11.600939890232516,0.9512191358024691,6.102700731012569,4.5092808327034515,16.11975253527337,2.917197026958932,0.6245403439153441,0.0,0.17363756613756598,1.7596979542845945,0.125,1,0,1,1,0,0,0,0,3,5,1,1,0,0,0,0,0,3,2.950700000000001,0,0,0,0,0,0,0,0,0,0,0,1,2,1,0,1,1,0,0,0,0,0,0,1,0,0,0,0,1,0,0,0,0,0,0,0,0,0,0,0,0,0,0,0,0,0,0,0,0,0,0,0,0,0,0,0,0,0,0,0,0,0,0,9,3.942857142857143,3,3,0.0,828.0,3,0.10952380952380951,0.15488721804511277,0.15488721804511277,0.14327994418230486,0.15488721804511277,0.2637125637091248,0.194019739696011,0.194019739696011,0.014689519382453246,0,0,0,0,0,2,0,0.23809523809523808,0.7619047619047619,0.047619047619047616,0.14285714285714285,0.0,0.391304347826087,0.08695652173913043,1,0,0,0,0,1,1,0,1,0,0,0,0,0,0,1,0,0,0,1,0,0,1,0,0,1,0,0,0,0,1,1,0,1,1,1,0,1,0,0,0,0,0,0,0,0,0,1,1,1,0,0,0,0,0,0,1,0,0,0,0,1,0,1,1,0,0,0,0,0,0,0,0,0,0,1,0,0,0,1,1,1,1,0,0,0,1,0,1,0,1,0,0,0,0,0,1,0,0,0,1,0,0,0,0,0,0,1,0,0,0,1,0,0,0,0,0,0,0,0,0,0,1,0,0,1,0,1,0,0,0,0,0,0,0,0,0,0,0,0,0,1,0,0,0,0,0,1,0,0,0,0,1,0,0,0,0,0,0,0,0,0,0,0,0,0,1,0,0,0,0,0,0,0,0,0,0,1,0,0,0,0,0,0,0,0,0,0,0,0,1,0,0,0,0,0,0,0,0,1,0,0,0,1,0,1,1,1,1,0,0,0,0,0,0,1,0,0,0,0,0,1,1,0,0,1,0,0,1,1,1,1,1,1,0,1,0,0,0,1,0,0,0,0,1,0,0,1,1,1,1,0,1,1,0,1,0,0,0,0,1,1,1,1,0,1,0,0,0,0,1,1,1,1,0,0,1,0,1,1,0,1,0,0,1,0,1,0,1,1,1,1,1,1,0
5.921780439027462,0.8157709750566897,0.8157709750566897,0.736534949218909,17.46153846153846,196.68099999999998,1.2307692307692308,2.1923688379348953,2.138622688761612,1420.6550069818122,3.985475356652022,10.216698334856808,0.0,0.0,0.0,0.0,0.0,0.0,0.0,0.0,0.0,17.667306958694127,18.19910120538483,36.88904521207519,0.0,0.0,17.28832616491608,0.0,5.316788604006331,0.0,0.0,31.078935354500782,29.288101587587764,0.0,10.216698334856808,5.687386274683562,0.0,11.600939890232516,26.1790256236503,0.0,0.0,0.0,5.022633313741326,0.0,15.27,0.0,0.0,0.0,0.0,0.0,31.201658937391628,5.687386274683562,0.0,18.19910120538483,16.283065403318417,11.600939890232516,0.0,5.921780439027462,2.3495833333333334,4.140204081632653,1.2305555555555558,0.0,0.0,4.26360229276896,0.0,0.4,1,0,1,1,0,0,0,0,2,3,1,1,0,1,1,0,0,2,1.7495999999999998,0,0,0,0,0,0,0,0,0,0,0,0,1,1,0,0,0,0,0,0,0,0,0,0,1,0,0,0,0,0,0,0,0,0,0,0,0,0,0,0,0,0,0,0,0,0,0,0,0,0,1,0,0,0,0,0,0,0,0,0,0,0,0,7,3.1538461538461537,2,2,0.0,246.0,3,0.17948717948717946,0.1958041958041958,0.1958041958041958,0.1792220971102282,0.1958041958041958,0.32751859773514586,0.26150461955765864,0.26150461955765864,0.01445321740799322,0,0,0,0,0,1,1,0.23076923076923078,0.7692307692307693,0.0,0.15384615384615385,0.0,0.5714285714285714,0.0,0,0,0,0,0,0,0,0,0,0,1,0,0,0,0,1,0,0,0,1,0,0,0,1,0,1,0,0,1,0,1,0,0,1,0,0,1,1,0,1,0,0,0,0,0,0,0,1,0,1,0,0,0,0,0,0,0,0,0,0,0,0,0,0,1,0,0,0,0,0,0,0,1,0,0,0,0,0,0,0,1,1,0,0,0,0,1,0,1,0,1,0,0,0,0,0,0,0,0,0,1,0,0,0,0,0,0,1,1,0,0,0,1,0,0,0,0,0,0,0,0,0,0,0,0,0,0,0,0,0,0,0,0,0,0,0,0,0,0,0,0,0,0,0,0,0,0,0,0,0,0,0,0,0,0,0,0,0,0,0,0,0,0,0,0,0,0,0,0,0,0,0,0,0,0,0,0,0,0,0,0,0,0,0,0,0,0,0,0,0,1,0,0,0,0,0,0,0,0,0,0,0,0,1,0,0,0,1,0,0,1,0,0,1,1,1,0,0,0,1,0,0,0,0,0,0,1,0,1,0,0,1,1,0,0,1,0,0,0,1,0,0,0,0,0,0,1,0,1,1,1,0,0,0,0,0,1,1,0,0,0,1,1,1,0,1,1,0,0,0,1,0,0,1,0,1,1,0,0,1,0,1,0,0,1,0,1,0,0,1,1,1,0,1,0
11.345419973544974,0.047014833711261916,-0.8266353143325986,0.6531650412505149,34.61538461538461,355.45800000000014,1.4230769230769231,2.6579080112102758,1.739078805863999,902024.8733964761,6.047025580011899,19.432948601176086,30.04112626707643,0.0,0.0,0.0,0.0,4.9839785209472085,0.0,0.0,6.578935683598497,6.076020106833881,29.828919765543436,30.342617078091283,26.21892664748356,19.432948601176086,10.902924932081056,0.0,4.9839785209472085,5.917906046161393,30.58850127373197,27.246982335779872,48.68071912758889,5.749511833283905,4.736862953800049,0.0,5.749511833283905,0.0,58.56993814423477,0.0,5.917906046161393,24.509061125297315,0.0,10.902924932081056,62.58,11.70501719873199,10.213054789681411,0.0,11.959746875309353,11.027787263607198,41.602287908826554,0.0,19.38266121972449,24.26546827384644,18.610586187222896,4.736862953800049,6.016760758698439,0.0,4.421408887629125,23.172851031444107,0.9062455409416104,0.9102652022700723,4.586044127521174,5.422909764554439,3.7812266903540213,0.47619047619047616,2,0,3,3,0,1,5,2,4,5,4,4,0,3,3,0,1,5,2.4327000000000005,0,2,1,0,0,1,0,0,0,0,0,0,2,0,0,0,1,0,0,0,0,0,0,0,0,0,0,0,4,0,1,0,0,0,0,0,0,0,0,0,0,1,0,0,0,0,0,0,0,3,0,0,1,1,0,0,0,0,0,0,0,0,0,12,4.75076923076923,4,4,0.0,1544.0,4,0.08923076923076924,0.15628205128205128,0.15628205128205128,0.174560142455441,0.15628205128205128,0.21820861713373862,0.16097076688981118,0.16097076688981118,0.016380994598659847,0,0,0,0,0,2,2,0.19230769230769232,0.8076923076923077,0.11538461538461539,0.07692307692307693,0.0,0.5862068965517241,0.034482758620689655,1,1,1,0,0,0,1,1,0,0,1,0,1,1,0,0,1,0,0,1,0,0,0,0,0,0,0,0,0,0,1,0,0,1,0,0,1,0,0,1,0,0,1,0,1,1,0,0,0,0,0,1,1,0,1,1,0,0,0,0,1,1,0,1,0,1,1,0,0,1,0,0,1,1,1,0,0,1,1,0,0,1,0,0,0,0,1,0,1,0,0,0,1,0,0,0,0,0,0,1,1,1,0,0,0,0,0,1,0,1,0,0,0,0,0,0,0,1,0,0,0,1,1,1,0,0,1,0,0,0,0,0,0,0,0,0,0,0,0,0,0,0,0,0,0,0,0,0,0,0,0,0,0,0,0,0,0,0,1,0,0,0,1,0,0,0,0,0,0,0,0,0,0,0,0,0,0,1,0,0,0,0,0,0,0,0,0,0,0,0,0,0,0,1,1,0,0,0,0,0,0,0,0,1,0,0,0,0,0,0,0,0,0,1,1,0,0,0,1,1,0,1,0,1,0,0,1,1,1,1,0,0,1,1,0,0,0,0,0,1,1,1,0,1,1,0,1,0,1,1,1,0,0,1,1,1,1,1,0,1,1,0,0,0,0,1,1,1,0,0,1,1,0,1,1,1,1,1,1,0,1,1,0,0,1,1,1,1,1,1,1,1,1,1,0
12.271840431274644,0.04429867475228377,0.04429867475228377,0.7406983864015039,16.0,347.46200000000016,1.0384615384615385,3.112226616692413,1.254480146159017,1803398.3864021187,7.748788965519113,15.200676855804016,0.0,0.0,0.0,5.907179729351506,0.0,4.794537184071822,0.0,0.0,0.0,36.39820241076966,43.025017565859855,48.33933004227681,0.0,4.794537184071822,16.810104661432565,0.0,15.200676855804016,0.0,25.30430569792599,19.634269217737724,71.92105017116157,0.0,5.316788604006331,0.0,0.0,0.0,41.46717802803488,6.4208216229260096,0.0,28.76308341331783,0.0,10.902924932081056,48.13,0.0,4.794537184071822,0.0,11.949020558499466,0.0,44.460185578212744,16.466376423778055,0.0,30.33183534230805,45.66298870126353,0.0,0.0,0.0,18.13283005952132,4.509969579717437,3.34648323514062,0.04429867475228377,5.237570102740107,3.1581178630772784,0.0,0.3181818181818182,2,0,1,1,1,1,0,0,2,4,2,5,0,1,1,0,0,4,3.604800000000002,0,0,0,0,0,1,1,0,0,0,0,0,1,2,0,0,0,1,0,0,0,0,0,0,0,0,0,0,1,0,0,0,0,0,0,0,0,0,0,0,0,0,0,0,0,0,0,1,0,1,0,0,0,0,0,0,0,0,0,0,0,0,0,16,6.203076923076923,4,4,0.0,2016.0,3,0.08923076923076924,0.2167948717948718,0.2167948717948718,0.18412992618607998,0.2167948717948718,0.1672267183442755,0.14388281990443888,0.14388281990443888,0.009759057139188222,0,0,0,0,1,3,1,0.15384615384615385,0.8461538461538461,0.038461538461538464,0.11538461538461539,0.0,0.41379310344827586,0.034482758620689655,1,1,0,1,0,1,0,0,0,0,1,0,0,0,0,0,1,1,0,0,0,0,0,0,0,0,0,1,0,0,1,0,0,0,0,0,0,1,1,1,0,0,0,1,0,1,0,1,0,0,0,0,0,0,0,0,0,0,0,0,0,0,0,0,1,1,0,0,0,1,0,1,1,0,1,0,0,1,0,0,1,1,0,0,0,0,1,1,0,0,1,1,1,0,0,0,0,1,1,0,1,0,1,0,0,1,0,0,1,1,0,0,0,0,0,0,0,0,0,1,0,1,0,1,0,1,0,1,0,0,0,0,0,0,0,0,0,0,0,0,0,0,0,0,0,0,0,0,0,0,0,0,0,0,0,0,0,0,0,0,0,0,0,0,0,0,0,0,0,0,0,0,0,0,0,0,0,0,0,0,0,0,0,0,0,0,0,0,0,0,0,0,0,1,0,0,0,0,0,0,0,0,0,1,0,0,0,0,1,0,0,1,0,1,1,0,0,0,1,1,1,0,0,0,1,0,1,0,1,1,0,0,1,1,0,0,0,0,1,1,0,0,0,0,0,1,1,0,1,1,1,0,0,1,0,0,1,1,0,1,0,1,0,0,0,1,1,0,0,0,1,0,0,1,0,1,1,0,0,1,0,1,1,1,1,0,1,0,0,1,1,1,1,1,0
17.218648510330056,0.014058988800601746,-2.3019391298185936,0.5755860893833779,47.35294117647059,500.57900000000024,1.2647058823529411,2.989725158813741,1.8728693199616577,23288338.556122962,8.219134081662757,9.843390348640755,12.17829835160598,17.053055576094305,5.11527693018572,0.0,5.969305287951849,14.383611552215466,13.171245143024459,0.0,0.0,26.847231705905752,61.59113780775819,29.086614654042357,6.103966387748303,37.39824704388068,28.629712113893625,0.0,0.0,28.583699077277743,76.92368770345448,6.006622956095687,23.80116485057091,0.0,0.0,13.171245143024459,0.0,11.761884949391115,51.52642992842686,19.120474506015512,28.583699077277743,53.378235290466534,0.0,0.0,80.67,75.0036016108639,23.880553994730988,8.78083009534964,31.256391021773307,11.761884949391115,6.076020106833881,19.075777413358388,20.771211599071872,0.0,0.0,4.736862953800049,51.82773437290639,0.39576924667811175,37.78350402283688,10.706630746931973,-6.840489687923174,-3.2972197165313775,0.15957075009867583,6.450651617743554,0.0,0.72,1,4,0,4,0,0,9,0,6,9,0,4,3,0,3,0,0,4,4.430000000000004,0,1,1,0,0,0,0,0,0,0,0,0,0,0,0,0,0,0,0,0,0,3,4,0,0,0,0,0,5,1,1,0,0,0,0,0,0,0,1,0,0,0,0,0,0,0,0,0,0,0,0,0,0,0,1,0,0,0,0,0,0,0,0,13,5.053475935828877,4,4,0.0,2835.0,4,0.0659536541889483,0.1266711229946524,0.1266711229946524,0.13881763792771007,0.1266711229946524,0.20667794192799038,0.1401930329092137,0.1401930329092137,0.017953910715294903,0,0,0,0,1,0,4,0.2647058823529412,0.7352941176470589,0.14705882352941177,0.0,0.029411764705882353,0.8648648648648649,0.13513513513513514,0,1,1,0,0,0,0,1,1,0,1,0,1,1,0,1,1,0,0,1,1,0,1,0,0,0,0,0,1,1,1,0,1,1,0,1,1,0,1,1,1,0,1,0,1,0,0,1,0,0,0,0,0,1,0,1,0,1,1,0,0,0,0,0,1,0,0,1,1,0,0,1,0,0,0,0,0,0,0,0,1,1,0,0,1,0,0,1,0,0,0,0,0,0,0,0,0,0,0,1,1,1,0,0,0,1,1,0,1,0,1,0,0,1,0,0,1,0,0,0,1,0,1,1,0,1,0,1,0,0,0,0,0,0,0,0,0,0,0,0,0,0,0,0,0,0,0,0,0,0,0,0,0,0,1,0,1,0,0,0,0,0,0,0,0,0,0,0,0,0,1,0,0,0,0,0,0,0,1,0,0,0,0,0,0,0,0,0,0,0,0,0,0,0,1,0,0,0,0,0,1,0,0,0,1,0,0,0,0,1,0,0,0,0,0,1,1,0,0,1,0,0,0,0,1,0,0,1,0,1,0,0,1,1,0,1,1,0,0,0,1,0,1,1,1,0,0,0,0,0,0,1,0,0,1,1,1,1,0,0,1,0,1,0,1,0,0,1,1,1,0,1,0,1,1,0,0,1,1,0,1,1,1,1,0,1,0,1,1,0,0,1,1,1,0
16.85906328735198,0.06755645313681047,-1.980464025888133,0.667213496992105,52.535714285714285,392.4670000000002,1.3214285714285714,2.842931476530693,1.83769187946728,1500075.6365228966,5.832747547893353,15.319582184522117,12.207932775496605,17.235249711475557,0.0,0.0,0.0,9.589074368143644,4.39041504767482,0.0,0.0,25.496599036284397,56.594875997385216,16.747886984954953,6.103966387748303,29.299071600340582,11.566489892729878,0.0,0.0,28.583699077277743,63.82827510825357,6.606881964512918,23.80116485057091,0.0,0.0,4.39041504767482,0.0,0.0,50.866731059242575,9.589074368143644,28.583699077277743,46.454498090775914,0.0,0.0,94.83,52.42969695947186,24.90865655266576,4.39041504767482,18.121972615452343,24.835569398847298,0.0,12.152040213667762,26.847231705905752,0.0,0.0,0.0,16.85906328735198,0.0,24.380376536674213,31.96344205578165,-5.1691156987486355,-2.1191335745667015,4.439214381714833,4.479486345126001,0.0,0.7272727272727273,3,4,0,4,0,0,8,0,5,6,0,2,3,0,3,0,0,4,1.8957000000000002,0,3,2,0,0,0,0,0,0,0,0,0,0,0,0,0,0,0,0,0,0,1,4,0,0,0,0,0,5,0,0,0,0,0,0,0,0,0,2,1,0,0,0,0,0,0,0,0,0,0,0,0,0,0,0,0,0,0,0,0,0,0,0,12,4.417989417989418,4,4,0.0,1670.0,4,0.08201058201058202,0.13146113146113145,0.13146113146113145,0.13761051679906533,0.13146113146113145,0.23554444256921342,0.16255767873006774,0.16255767873006774,0.02006867492481204,0,0,0,0,1,0,4,0.21428571428571427,0.7857142857142857,0.17857142857142858,0.0,0.0,0.8709677419354839,0.12903225806451613,1,0,1,0,0,0,0,1,1,0,1,0,1,1,0,0,0,0,1,1,1,0,0,0,0,0,0,0,1,1,1,0,0,1,0,1,1,0,0,1,1,0,1,0,0,1,0,0,0,0,0,0,0,0,1,1,0,0,1,0,0,1,0,0,0,0,0,0,0,0,0,1,0,1,1,0,1,1,0,0,1,1,0,0,1,0,0,0,1,0,0,0,0,0,1,0,0,0,0,0,1,1,0,0,0,1,1,0,1,0,1,0,0,0,0,0,0,1,0,0,1,0,1,1,1,1,0,1,0,0,0,0,0,0,0,0,0,0,0,0,0,0,0,0,0,0,0,0,0,0,0,0,0,0,1,0,0,0,0,0,0,0,0,0,0,0,0,0,0,0,1,0,0,0,0,0,0,0,1,0,0,1,0,0,0,0,0,0,0,0,0,0,0,0,1,0,0,0,0,0,1,0,0,0,1,0,0,0,0,0,1,0,0,0,0,1,0,1,1,1,0,0,0,0,1,0,0,1,0,1,0,0,1,1,0,1,1,1,0,0,1,0,0,1,1,0,1,0,0,0,0,0,0,0,0,1,1,1,0,1,1,0,1,0,1,0,0,1,1,1,0,1,0,1,1,1,0,1,1,0,1,1,1,1,0,1,0,1,1,0,0,1,1,1,0
13.856458021754513,0.0800593439309063,-1.5482424991601582,0.4149432383701715,43.083333333333336,521.0500000000003,1.1388888888888888,3.050582763009733,1.801524168042904,63315769.5728442,9.086880622937908,14.580253302440804,0.0,17.991177721861543,5.783244946364939,0.0,11.938610575903699,19.178148736287287,0.0,0.0,11.600939890232516,46.26781063535627,49.67113879769458,29.58953023080697,10.978138679189412,33.758402038728086,35.106040358866096,0.0,0.0,28.583699077277743,89.72280522618229,6.606881964512918,23.80116485057091,0.0,0.0,0.0,0.0,11.600939890232516,51.79769931816029,28.651874643887382,28.583699077277743,73.14361573600918,0.0,0.0,106.97000000000001,51.7379079157482,24.284676131127995,0.0,42.799427953627145,19.26246486877803,5.573104530069267,6.076020106833881,19.92349450621513,26.847231705905752,0.0,21.074665797832616,11.275346695769011,7.477961438797026,49.45720352795421,11.778578815798333,-2.2668145486528313,-2.236838515495207,6.181602331774028,8.610738031833204,0.0,0.7142857142857143,1,4,0,4,0,0,8,0,7,8,0,6,3,0,3,0,0,4,4.086800000000004,0,1,1,0,0,0,0,0,0,0,0,0,0,0,0,0,0,0,0,0,0,1,4,0,0,0,0,0,5,2,2,0,0,0,0,0,0,0,2,1,0,0,0,0,0,0,0,0,0,0,0,0,0,0,0,0,0,0,0,0,0,0,0,15,5.514285714285714,4,4,0.0,3474.0,4,0.06190476190476189,0.1327731092436975,0.1327731092436975,0.1451549799529695,0.13277310924369748,0.19050919509829034,0.13115804145494517,0.13115804145494517,0.01692071976465394,0,0,0,0,1,0,4,0.2222222222222222,0.7777777777777778,0.19444444444444445,0.0,0.0,0.8461538461538461,0.15384615384615385,0,1,1,0,0,0,0,1,1,0,1,0,1,0,0,0,0,0,0,1,1,0,1,0,0,0,0,0,1,1,1,0,0,1,0,1,1,1,1,1,1,0,1,0,0,1,1,1,0,0,0,0,0,1,1,1,0,0,1,0,0,1,0,0,0,0,1,0,0,0,0,1,0,0,1,0,0,1,0,0,1,1,0,0,1,0,0,0,1,0,0,0,0,0,0,0,0,0,1,1,1,1,0,0,0,1,1,0,0,0,0,0,0,1,0,0,0,0,0,1,1,0,1,1,0,1,0,1,0,0,0,0,0,0,0,0,0,0,0,0,0,0,0,0,0,0,0,0,0,0,0,0,0,0,1,0,0,0,0,0,0,0,0,0,0,0,0,0,0,0,0,0,0,0,0,0,0,0,1,0,0,0,0,0,0,0,0,0,0,0,0,0,0,0,1,0,0,0,0,0,1,0,0,0,1,0,0,0,0,0,0,0,0,0,0,1,0,1,0,1,0,0,0,0,1,0,0,1,0,1,0,1,1,1,0,1,1,1,0,0,1,0,1,1,1,0,1,0,0,0,0,1,0,0,1,1,1,1,0,0,1,0,1,0,1,0,0,1,1,1,0,1,0,1,1,1,0,1,1,0,1,1,1,1,0,1,0,1,1,0,0,1,1,1,0
16.85906328735198,0.06755645313681047,-1.980464025888133,0.667213496992105,52.535714285714285,392.4670000000002,1.3214285714285714,2.842931476530693,1.83769187946728,1500075.6365228966,5.832747547893353,15.319582184522117,12.207932775496605,17.235249711475557,0.0,0.0,0.0,9.589074368143644,4.39041504767482,0.0,0.0,25.496599036284397,56.594875997385216,16.747886984954953,6.103966387748303,29.299071600340582,11.566489892729878,0.0,0.0,28.583699077277743,63.82827510825357,6.606881964512918,23.80116485057091,0.0,0.0,4.39041504767482,0.0,0.0,50.866731059242575,9.589074368143644,28.583699077277743,46.454498090775914,0.0,0.0,94.83,52.42969695947186,24.90865655266576,4.39041504767482,18.121972615452343,24.835569398847298,0.0,12.152040213667762,26.847231705905752,0.0,0.0,0.0,16.85906328735198,0.0,24.380376536674213,31.96344205578165,-5.1691156987486355,-2.1191335745667015,4.439214381714833,4.479486345126001,0.0,0.7272727272727273,3,4,0,4,0,0,8,0,5,6,0,2,3,0,3,0,0,4,1.8957000000000002,0,3,2,0,0,0,0,0,0,0,0,0,0,0,0,0,0,0,0,0,0,1,4,0,0,0,0,0,5,0,0,0,0,0,0,0,0,0,2,1,0,0,0,0,0,0,0,0,0,0,0,0,0,0,0,0,0,0,0,0,0,0,0,12,4.417989417989418,4,4,0.0,1670.0,4,0.08201058201058202,0.13146113146113145,0.13146113146113145,0.13761051679906533,0.13146113146113145,0.23554444256921342,0.16255767873006774,0.16255767873006774,0.02006867492481204,0,0,0,0,1,0,4,0.21428571428571427,0.7857142857142857,0.17857142857142858,0.0,0.0,0.8709677419354839,0.12903225806451613,1,0,1,0,0,0,0,1,1,0,1,0,1,1,0,0,0,0,1,1,1,0,0,0,0,0,0,0,1,1,1,0,0,1,0,1,1,0,0,1,1,0,1,0,0,1,0,0,0,0,0,0,0,0,1,1,0,0,1,0,0,1,0,0,0,0,0,0,0,0,0,1,0,1,1,0,1,1,0,0,1,1,0,0,1,0,0,0,1,0,0,0,0,0,1,0,0,0,0,0,1,1,0,0,0,1,1,0,1,0,1,0,0,0,0,0,0,1,0,0,1,0,1,1,1,1,0,1,0,0,0,0,0,0,0,0,0,0,0,0,0,0,0,0,0,0,0,0,0,0,0,0,0,0,1,0,0,0,0,0,0,0,0,0,0,0,0,0,0,0,1,0,0,0,0,0,0,0,1,0,0,1,0,0,0,0,0,0,0,0,0,0,0,0,1,0,0,0,0,0,1,0,0,0,1,0,0,0,0,0,1,0,0,0,0,1,0,1,1,1,0,0,0,0,1,0,0,1,0,1,0,0,1,1,0,1,1,1,0,0,1,0,0,1,1,0,1,0,0,0,0,0,0,0,0,1,1,1,0,1,1,0,1,0,1,0,0,1,1,1,0,1,0,1,1,1,0,1,1,0,1,1,1,1,0,1,0,1,1,0,0,1,1,1,0
12.41473049277996,0.006200541607062515,-1.5724245979255898,0.685142538776804,51.25925925925926,374.4770000000001,1.3333333333333333,2.87345723201,1.781065864389522,1040099.5673561957,5.849728674489499,15.319582184522117,12.207932775496605,11.566489892729878,0.0,0.0,0.0,9.589074368143644,0.0,0.0,0.0,32.42033623597502,55.58904484385599,16.747886984954953,6.103966387748303,24.90865655266576,11.566489892729878,0.0,0.0,34.501605123439134,58.15951528950791,6.606881964512918,23.801164850570913,0.0,0.0,0.0,0.0,0.0,45.1979712404969,9.589074368143644,34.501605123439134,46.454498090775914,0.0,0.0,94.83000000000001,29.51013457900663,24.90865655266576,0.0,34.869859600407295,12.841643245852019,18.414747775921285,0.0,12.152040213667762,12.999757306524504,13.847474399381248,0.0,0.0,0.0,24.368876674753626,31.862736260346185,-1.5900159963676823,-0.07678450994085062,6.868509990390402,5.483344247484985,0.0,0.7272727272727273,3,4,0,4,0,0,8,0,5,5,0,2,3,0,3,0,0,4,1.8036,0,3,2,0,0,0,0,0,0,0,0,0,0,0,0,0,0,0,0,0,0,0,4,0,0,0,0,0,5,0,0,0,0,0,0,0,0,0,2,1,0,0,0,0,0,0,0,0,0,0,0,0,0,0,0,0,0,0,0,0,0,0,0,12,4.4245014245014245,4,4,0.0,1553.0,4,0.08547008547008546,0.13698005698005697,0.13698005698005697,0.13710813018086673,0.13698005698005697,0.2350247682402071,0.16696223105063912,0.16696223105063912,0.019174574176268656,0,0,0,0,1,0,4,0.18518518518518517,0.8148148148148148,0.18518518518518517,0.0,0.0,0.8666666666666667,0.13333333333333333,1,0,1,0,0,0,0,1,0,0,1,0,1,1,0,1,0,1,1,1,0,0,0,0,1,0,0,1,1,1,1,0,0,1,0,1,1,0,0,1,0,0,1,0,0,1,0,0,0,0,0,0,0,0,0,0,0,0,1,1,0,0,0,0,0,0,1,0,1,0,0,1,0,0,0,1,1,1,0,0,1,1,0,0,1,0,0,0,0,0,0,0,0,0,1,0,0,0,1,0,1,1,0,0,0,1,0,0,0,0,1,0,1,1,0,0,0,0,0,0,0,0,1,1,0,1,0,0,0,0,0,0,0,0,0,0,0,0,0,0,0,0,0,0,0,0,0,0,0,0,0,0,0,0,1,0,0,0,0,0,0,0,0,0,0,0,0,0,0,0,0,0,0,0,0,0,0,0,1,0,0,1,0,0,0,0,0,0,0,0,0,0,0,0,1,0,0,0,0,0,1,0,0,0,1,0,0,0,0,0,1,0,0,0,0,0,0,1,1,1,0,0,0,0,1,0,0,1,0,1,0,0,1,1,0,0,1,1,0,0,1,0,0,1,1,0,1,0,0,0,0,0,0,0,0,1,1,1,0,1,1,0,0,0,1,0,0,1,1,1,0,1,0,1,1,1,0,1,1,0,1,1,1,1,0,1,0,1,1,0,0,1,1,1,0
12.350397931051566,0.009117208273729194,-1.5617481051062398,0.6946116752943168,49.88461538461539,360.4500000000002,1.3076923076923077,2.8620358714783705,1.7472814479871785,715692.1381653672,5.599719839148237,15.319582184522117,12.207932775496605,11.566489892729878,0.0,0.0,0.0,9.589074368143644,0.0,0.0,0.0,25.496599036284397,56.09196042062061,16.747886984954953,6.103966387748303,24.90865655266576,11.566489892729878,0.0,0.0,28.583699077277743,57.656599712743294,6.606881964512918,23.801164850570913,0.0,0.0,0.0,0.0,0.0,45.1979712404969,9.589074368143644,28.583699077277743,45.95158251401131,0.0,0.0,94.83,29.51013457900663,24.90865655266576,0.0,28.951953554245897,12.841643245852019,24.835569398847294,0.0,12.152040213667762,12.999757306524504,6.923737199690624,0.0,0.0,0.0,24.158988557469677,31.668515003942392,-1.5414459850298141,-0.22653882987870144,7.682001817676871,3.3418127691529116,0.0,0.7142857142857143,3,4,0,4,0,0,7,0,5,5,0,2,3,0,3,0,0,4,1.5575999999999999,0,3,2,0,0,0,0,0,0,0,0,0,0,0,0,0,0,0,0,0,0,0,4,0,0,0,0,0,5,0,0,0,0,0,0,0,0,0,2,1,0,0,0,0,0,0,0,0,0,0,0,0,0,0,0,0,0,0,0,0,0,0,0,12,4.384615384615385,4,4,0.0,1425.0,4,0.08923076923076924,0.14102564102564102,0.14102564102564102,0.14072207394923475,0.14102564102564102,0.23743771440456002,0.16993418701505522,0.16993418701505522,0.019128555701631442,0,0,0,0,1,0,4,0.19230769230769232,0.8076923076923077,0.19230769230769232,0.0,0.0,0.8620689655172413,0.13793103448275862,1,0,1,0,0,0,0,1,0,0,1,0,0,0,0,0,0,1,1,1,1,0,0,0,1,0,0,1,1,0,1,0,0,1,0,1,1,0,0,1,0,0,0,0,0,1,0,0,0,0,0,1,0,0,1,0,0,0,1,1,0,0,0,0,0,0,0,0,1,0,0,1,0,0,1,1,1,1,1,0,1,1,0,0,1,0,0,0,0,0,0,0,0,0,1,0,0,0,1,0,1,1,0,0,0,1,0,0,0,0,1,0,1,1,0,0,0,1,0,0,1,0,1,1,0,1,0,0,0,0,0,0,0,0,0,0,0,0,0,0,0,0,0,0,0,0,0,0,0,0,0,0,0,0,1,0,0,0,0,0,0,0,0,0,0,0,0,0,0,0,0,0,0,0,0,0,0,0,1,0,0,1,0,0,0,0,0,0,0,0,0,0,0,0,1,0,0,0,0,0,1,0,0,0,1,0,0,0,0,0,1,0,0,0,0,0,0,1,1,1,0,0,0,0,1,0,0,1,0,1,0,0,1,1,0,0,1,1,0,0,1,0,0,1,1,0,1,0,0,0,0,0,0,0,0,1,1,1,0,1,1,0,0,0,1,0,0,1,1,0,0,1,0,1,1,1,0,1,1,0,1,1,1,1,0,1,0,1,1,0,0,1,1,1,0
13.498317422929825,0.0728288281183298,-1.1299299595105887,0.5047877346321323,13.933333333333334,411.473,1.1,3.003749926865156,2.076455594727194,4553841.0841237735,9.238133081538038,19.88668183231347,5.817220841045895,0.0,0.0,0.0,5.969305287951849,4.794537184071822,4.39041504767482,0.0,0.0,36.407855449141934,43.68604720329695,34.62296687070048,18.628754398422615,24.50453441626876,22.94825032686679,0.0,4.567099647791355,0.0,44.93889124987784,0.0,66.11810549042112,11.126902983393991,0.0,4.39041504767482,0.0,0.0,38.06391989576192,4.794537184071822,5.817220841045895,38.42488646922969,0.0,28.105848022308933,82.69,24.598059686374462,19.39800702142805,0.0,18.279883293119866,0.0,27.72375591032351,12.13273413692322,24.284774350590983,24.26546827384644,18.414574047172604,5.106527394840706,15.642088497717765,0.0,10.725386893344423,29.871908880417735,3.6503198282297316,-1.4273244322216179,0.7269275140577443,4.1215554027702295,0.0,0.2916666666666667,3,0,0,0,0,1,2,0,4,6,1,8,0,0,0,0,2,3,4.628100000000003,1,2,2,0,0,1,0,0,1,0,0,0,1,0,0,0,0,0,0,0,0,0,0,0,0,0,0,0,1,0,0,0,0,0,0,0,0,0,0,0,0,0,0,0,0,0,0,1,0,0,0,0,0,0,0,0,0,0,0,0,0,0,0,14,5.691954022988506,3,3,0.0,2476.0,3,0.0735632183908046,0.1675697865353038,0.1675697865353038,0.1714658238280292,0.1675697865353038,0.1842603025142264,0.13440255631770331,0.13440255631770331,0.013916535788716126,0,0,0,0,1,3,0,0.2,0.8,0.13333333333333333,0.03333333333333333,0.0,0.4375,0.0625,1,1,1,0,0,1,1,0,1,0,1,0,0,0,0,0,0,0,0,0,0,0,0,0,0,1,0,1,1,1,0,0,0,1,0,0,0,1,0,1,1,1,0,0,0,1,0,1,0,0,0,0,0,0,1,0,0,0,0,1,0,0,0,0,1,0,0,1,0,1,0,0,0,1,0,0,0,1,0,0,1,1,0,1,0,0,1,0,1,0,1,0,0,0,1,0,0,0,0,1,1,0,1,0,0,0,0,0,0,0,0,1,1,0,0,0,0,1,1,0,0,0,0,0,0,1,0,0,0,0,0,0,0,0,0,0,0,0,0,0,0,0,0,0,0,0,0,0,0,0,0,0,0,0,0,0,0,0,0,0,0,0,0,0,0,0,0,0,0,0,1,0,0,0,0,0,0,0,0,0,0,1,0,0,0,0,0,0,0,0,1,0,0,1,0,0,0,0,0,0,0,0,1,1,0,0,0,0,0,0,0,1,0,1,0,1,0,1,0,1,0,0,0,0,1,0,0,1,0,1,0,0,1,1,0,1,0,0,0,0,0,0,0,0,0,0,0,0,0,1,1,1,0,1,0,0,0,0,0,1,1,0,1,0,0,1,0,1,1,0,0,0,1,1,1,0,1,1,1,0,1,0,1,1,1,1,1,1,1,1,1,1,1,1,0
10.242105340554598,0.16451030641364595,-0.5796218690994228,0.41990487617646394,12.848484848484848,454.6110000000002,0.8484848484848485,2.840656625635782,2.023333418849267,15777873.299051952,12.362155765232773,23.847361546050674,0.0,22.99804733313562,0.0,0.0,0.0,0.0,0.0,5.261891554738487,0.0,25.98020853630447,74.16517056076962,6.544756405912575,39.92340194729918,18.947451815200196,0.0,5.261891554738487,4.899909730850478,5.917906046161393,38.52492973755606,48.576374959612465,47.52510539416365,29.067268645927893,18.947451815200196,0.0,22.99804733313562,0.0,53.47628469046295,11.83581209232279,17.249018913692154,37.81602062862726,0.0,0.0,63.95,5.41499046939678,5.261891554738487,0.0,5.917906046161393,11.49902366656781,49.41445283886799,5.563451491696996,28.439190165110134,30.33183534230805,37.9306444941628,18.947451815200196,21.583324082126502,0.0,2.3132679568741077,10.242105340554598,1.604647476298846,2.987343778726826,2.611084525448425,6.060729342286188,8.669128563148337,0.5185185185185185,0,0,0,0,0,0,1,0,6,6,0,13,0,0,0,0,1,2,5.093080000000005,0,0,0,0,0,0,0,0,0,0,0,0,2,0,0,0,1,0,0,0,0,0,0,0,0,0,0,0,0,0,4,0,0,0,0,0,0,0,0,0,0,4,0,0,0,0,0,0,0,0,0,0,0,0,0,0,0,0,0,0,0,0,0,18,7.003787878787879,2,2,0.0,3698.0,4,0.06439393939393939,0.19367057673509286,0.19367057673509286,0.1968755118719001,0.19367057673509286,0.14814428943613872,0.1191686364563267,0.1191686364563267,0.013883675252570052,0,0,0,0,0,2,0,0.18181818181818182,0.8181818181818182,0.12121212121212122,0.06060606060606061,0.0,0.6176470588235294,0.0,1,1,0,1,1,0,0,0,0,1,1,1,1,0,0,0,0,0,0,0,0,0,1,0,0,0,0,1,1,0,0,1,0,1,1,0,0,1,0,0,0,0,0,0,1,0,0,0,0,0,1,1,0,0,1,1,0,1,0,0,0,0,0,0,0,0,0,0,0,0,0,0,0,1,0,0,1,0,0,0,1,1,0,0,1,0,1,0,0,0,1,1,0,1,1,0,0,0,0,0,1,0,0,1,1,0,0,1,0,0,0,0,0,1,1,0,0,0,0,1,0,1,1,0,0,0,0,0,0,0,0,0,0,0,0,0,0,0,0,0,0,0,0,0,0,0,0,0,0,0,0,0,0,0,0,0,0,0,0,0,0,0,0,0,0,0,0,0,0,1,0,0,0,0,0,0,0,0,0,0,0,0,0,0,0,0,0,0,0,0,0,0,0,0,1,0,0,0,0,0,1,0,1,0,0,0,0,0,0,0,0,0,0,1,1,0,0,0,0,0,0,1,0,0,0,0,0,0,1,0,0,0,0,0,0,0,1,0,0,1,1,1,0,1,1,0,1,0,0,0,1,0,0,1,1,1,1,1,0,0,0,0,0,0,0,0,1,0,1,1,1,1,1,1,1,1,1,1,1,0,1,1,0,1,0,1,1,1,1,1,1,1,1,1,0
13.415911743395961,0.14744517405727753,-3.708997994616681,0.5164114874787473,15.764705882352942,488.6140000000004,1.088235294117647,3.148223437593766,1.8159231890244247,44976779.31883958,9.847325219794989,9.636772684650527,11.573916331283833,11.341105215616189,10.023291153407584,5.559266895052007,0.0,9.893218992372859,17.91717339889177,9.289194512243443,0.0,13.847474399381248,45.01215363360467,32.59984724657631,22.75974492657615,13.154659938128987,15.539991871023846,0.0,28.787162465957792,0.0,45.43207552013229,39.33066399407579,40.07123777735704,17.137367822980828,10.296129848852056,0.0,5.749511833283905,0.0,76.53562344436251,16.444112776333593,6.923737199690624,38.710365714846276,0.0,16.904556707313183,112.9,15.58255804845959,13.212334168400758,0.0,10.719887973517702,61.73032124853484,18.78998252683851,4.305215991296234,29.638236298691076,13.847474399381248,26.890285780736555,4.736862953800049,35.765463852475484,0.0,24.032456151456856,3.1765886628603077,0.9948914712767012,1.419877318544364,1.5479493638903064,11.298794143794362,-3.708997994616681,0.5217391304347826,1,0,1,1,0,2,0,0,8,11,3,8,0,1,1,0,0,4,2.07042,0,0,0,0,0,4,1,0,0,0,0,0,5,1,0,0,1,0,0,0,0,0,0,0,0,2,0,0,1,0,1,0,0,0,0,1,0,0,0,0,0,0,0,0,0,0,0,0,0,0,1,0,0,0,0,1,0,0,0,0,0,0,0,16,6.057040998217468,4,4,0.0,3398.0,4,0.0659536541889483,0.1580325311942959,0.1580325311942959,0.1613799879420872,0.1580325311942959,0.17236714787516047,0.14156538111347297,0.14156538111347297,0.013599762849763664,0,0,0,0,1,3,1,0.3235294117647059,0.6764705882352942,0.11764705882352941,0.17647058823529413,0.029411764705882353,0.4864864864864865,0.08108108108108109,0,0,0,0,0,1,1,0,0,0,1,0,1,0,0,0,0,0,1,0,0,0,0,0,0,0,1,0,0,0,1,0,1,1,1,0,0,0,1,1,0,1,0,0,1,0,0,0,0,0,1,0,1,1,1,1,0,0,1,0,0,0,1,1,0,1,0,0,1,0,0,0,1,1,1,1,0,0,0,0,1,1,0,0,0,0,1,0,0,0,1,1,1,0,1,0,1,1,0,0,1,1,0,0,0,0,0,1,0,1,1,0,0,0,0,0,0,1,0,0,0,0,1,1,0,0,0,1,0,0,0,0,0,0,0,0,0,0,0,0,0,0,0,0,0,0,0,0,0,0,0,0,0,0,0,0,0,0,0,0,1,1,0,0,0,0,1,0,0,0,0,0,0,0,0,0,0,0,0,1,1,0,0,1,0,0,1,1,1,1,1,0,1,1,0,1,0,1,0,0,0,1,0,1,0,1,0,1,1,1,0,1,0,1,1,0,1,0,1,1,1,0,1,1,1,1,1,0,1,1,1,0,0,1,1,0,1,1,1,1,1,1,1,1,1,1,1,0,1,1,1,0,1,1,1,1,1,1,1,0,0,0,0,0,1,1,1,0,1,1,1,1,1,1,1,1,1,1,1,1,1,1,1,1,1,1,1,1,1,1,1,1,1,1,0
11.97579081632653,0.29361111111111104,-1.310347222222222,0.7368838068366227,18.529411764705884,232.23899999999995,1.0,2.3025942842976477,2.535973053206109,7460.405481124379,4.008920169778624,0.0,0.0,5.41499046939678,11.814359458703011,0.0,6.031114512338072,20.222651576156306,4.794537184071822,0.0,0.0,37.255572541998674,11.984273114623004,0.0,0.0,14.383611552215466,17.845473971041084,0.0,10.633577208012662,0.0,18.759549292013414,0.0,35.89528683400505,0.0,10.633577208012662,4.794537184071822,0.0,0.0,17.845473971041084,15.004064837540422,0.0,18.90801031431363,0.0,0.0,75.27000000000001,23.26046444043786,14.383611552215466,0.0,0.0,11.984273114623004,0.0,0.0,37.255572541998674,0.0,10.633577208012662,0.0,0.0,0.0,35.0066084026203,4.280408163265307,-0.7223842592592591,-1.1389814814814807,0.29361111111111104,1.7380517762660619,0.0,0.25,2,0,1,1,4,0,0,0,3,5,1,2,0,1,1,0,0,2,0.7004,0,0,0,0,0,0,0,0,0,0,0,0,0,2,0,0,0,0,0,0,0,0,0,0,0,0,0,0,0,0,0,0,0,0,0,0,2,0,0,0,0,0,0,0,0,0,0,0,0,0,0,0,0,0,0,0,0,0,0,0,0,0,1,8,3.3676470588235294,2,2,0.0,458.0,4,0.1323529411764706,0.15784313725490196,0.15784313725490196,0.179959386037065,0.15784313725490196,0.3090001142066231,0.21231253033856012,0.21231253033856012,0.02092299055085979,0,0,0,0,0,1,1,0.29411764705882354,0.7058823529411765,0.17647058823529413,0.11764705882352941,0.0,0.5,0.16666666666666666,0,0,0,0,1,1,0,0,1,0,1,0,0,0,0,0,0,0,0,0,0,0,0,1,0,0,0,0,0,0,0,0,0,1,0,0,1,0,1,0,0,0,0,0,1,0,0,1,0,0,0,0,0,0,1,0,1,0,1,0,0,0,0,0,1,0,0,0,0,0,0,1,0,1,1,0,0,0,0,0,1,1,0,0,0,0,1,0,0,0,1,0,0,0,0,0,0,0,0,0,1,0,0,0,0,0,0,0,0,0,0,0,0,0,0,1,0,0,0,0,0,0,0,0,0,0,0,0,0,0,0,0,0,0,0,0,0,0,0,0,0,0,0,0,0,0,0,0,0,0,0,0,0,0,0,0,0,0,0,0,0,0,0,0,0,1,0,0,0,0,0,1,0,0,0,0,0,0,0,0,0,1,0,0,0,0,0,0,0,0,1,0,0,0,1,0,0,0,0,0,0,0,0,0,0,1,0,0,1,0,0,0,0,0,0,0,0,1,1,0,1,0,0,0,0,1,1,0,0,0,0,0,0,0,1,0,0,0,1,0,1,0,1,0,0,1,0,0,1,1,0,0,0,0,0,1,0,0,0,1,0,0,0,0,1,1,0,0,0,0,1,1,0,1,1,0,0,0,1,1,0,0,1,1,1,0,1,1,1,1,1,1,1,1,0
11.50527730536659,0.13483528596623828,-0.5692592592592598,0.6498890462135971,23.875,224.21599999999998,1.5,2.7144989063186875,2.3618874941980867,5760.166679208255,4.070238064132969,9.843390348640755,6.103966387748303,6.22790117073487,0.0,5.559266895052008,5.689743398203474,14.345615352810384,4.794537184071822,0.0,0.0,6.076020106833881,12.999757306524504,11.760295063310071,6.606881964512918,9.843390348640755,0.0,0.0,9.551078168738563,0.0,19.255604758173796,6.606881964512918,44.75041993837695,0.0,11.24901029325548,0.0,0.0,0.0,27.368453915840487,4.736862953800049,6.923737199690624,11.791352662431866,0.0,0.0,84.32,23.580877851738652,9.589074368143644,0.0,6.606881964512918,5.563451491696996,0.0,10.763943219404432,19.075777413358384,0.0,4.9839785209472085,9.843390348640755,6.632784391534392,0.0,24.85722970206601,8.87726581527673,-0.4909046411774578,0.0,3.817026643990929,1.4732647549760645,0.0,0.4,2,0,1,1,0,1,2,0,5,6,2,2,0,0,0,0,0,2,-0.7090799999999999,0,1,1,0,0,2,1,0,0,0,0,0,1,1,0,0,0,0,0,0,0,0,0,0,0,1,0,0,0,0,1,0,0,0,0,0,0,0,0,0,0,0,0,0,0,0,0,0,0,0,0,0,0,0,0,0,0,0,0,0,0,0,0,9,3.6083333333333334,2,2,0.0,433.0,3,0.14166666666666666,0.1863095238095238,0.1863095238095238,0.17236742744889905,0.1863095238095238,0.28827328773618294,0.22958168835848292,0.22958168835848292,0.019162101514517398,0,0,0,0,1,1,1,0.375,0.625,0.25,0.125,0.0,0.47058823529411764,0.17647058823529413,1,1,0,0,0,0,0,0,0,0,1,0,0,0,0,0,1,0,0,0,0,0,0,0,1,0,0,0,0,0,0,0,0,1,0,1,0,0,0,1,0,0,0,0,0,0,0,0,0,0,0,0,0,0,0,0,0,0,1,1,0,1,0,0,0,1,0,1,0,0,0,0,0,0,1,0,0,0,0,0,1,1,0,0,0,0,0,0,0,0,1,0,0,0,1,0,0,0,0,0,1,0,0,1,1,0,0,0,1,0,1,1,0,0,0,0,0,0,1,1,1,1,0,1,0,0,0,0,0,0,0,0,0,0,0,0,0,0,0,0,0,0,0,0,0,0,0,0,0,0,0,0,0,0,0,0,0,0,0,0,0,0,0,0,0,1,0,0,0,0,0,0,0,0,0,0,0,0,0,0,0,0,0,0,0,1,0,0,0,0,1,0,0,1,0,0,0,0,0,0,1,0,0,1,0,1,0,0,1,0,1,1,0,1,0,0,0,1,0,0,1,0,0,0,1,1,1,1,0,0,0,0,0,0,1,0,0,1,1,0,0,1,0,0,0,1,0,0,1,1,1,0,0,0,0,1,0,0,0,1,1,1,0,0,1,1,0,1,1,0,1,1,1,0,1,0,1,0,1,1,1,1,1,1,1,1,1,1,1,1,1,1,1,1,0
11.314159176810762,0.007587919892767303,-0.5894458408683072,0.3989019993697669,14.521739130434783,314.257,1.2173913043478262,3.114637591615952,1.7380748917398536,235566.27032909766,5.715864232750762,4.417150937053347,18.06525124366146,0.0,5.907179729351506,5.687386274683562,6.031114512338072,20.225644056843723,9.803449708026353,5.101407525739723,0.0,0.0,24.26546827384644,17.696185628620217,11.137911628352988,18.92953635401466,23.840281095908455,0.0,10.325701127960862,5.101407525739723,0.0,6.544756405912575,52.27276809840967,11.323698910571437,5.316788604006331,10.481923458755384,0.0,0.0,34.62987479990967,4.794537184071822,10.114318268765572,5.760247418874442,0.0,11.323698910571437,118.05000000000001,16.86160529050725,19.703392636909214,0.0,12.232142680596137,17.08394632944588,5.008912523954532,18.347334716458537,24.26546827384644,0.0,10.418196129746054,4.417150937053347,5.5294720804988655,0.0,32.47229304813075,17.558383669512647,0.6631003569611844,0.4647808998584273,1.3125694444444445,-0.13367886312805988,0.0,0.07142857142857142,1,0,1,1,3,1,0,0,6,9,2,4,0,1,1,0,0,3,1.7404999999999997,0,0,0,0,0,0,0,0,0,0,0,0,3,1,0,0,0,0,0,0,0,0,0,0,0,0,0,0,0,0,0,1,0,0,1,0,1,0,0,0,0,0,0,1,1,0,0,0,0,0,0,0,0,0,0,0,0,0,0,0,0,0,1,14,5.517786561264822,3,3,0.0,1396.0,3,0.09881422924901183,0.21513269339356297,0.21513269339356297,0.1854254598786264,0.21513269339356297,0.18860941032907014,0.19134013002210767,0.19134013002210767,0.013857205301920455,0,0,0,0,2,2,1,0.391304347826087,0.6086956521739131,0.21739130434782608,0.17391304347826086,0.0,0.4,0.16,1,1,1,0,0,0,0,0,1,0,1,0,0,0,1,0,1,1,0,1,0,0,1,0,0,0,1,0,1,0,1,1,0,0,1,0,1,0,0,1,0,0,0,1,1,0,0,0,0,0,0,0,0,0,1,0,0,0,1,0,0,0,0,0,0,0,0,0,1,0,1,1,1,0,0,1,0,0,0,0,0,1,0,0,0,1,1,0,0,0,1,0,0,0,0,0,1,1,1,0,1,0,0,0,0,0,0,0,1,0,0,0,0,1,0,0,0,0,0,0,0,1,1,0,0,0,0,1,0,0,0,0,0,0,0,0,0,0,0,0,0,0,0,0,0,0,0,0,0,0,0,0,1,0,0,0,0,0,0,0,0,0,0,0,0,1,0,0,0,0,0,0,0,0,0,0,0,1,0,0,1,0,0,0,1,1,0,0,0,0,1,1,0,0,0,0,0,0,1,1,0,0,0,1,0,1,1,1,1,0,0,1,0,0,0,0,0,1,1,0,1,0,1,1,1,1,0,0,1,0,1,0,1,0,1,0,0,0,1,1,0,0,0,0,0,1,0,1,1,1,1,0,1,1,0,1,0,0,1,0,1,1,0,1,1,1,0,0,1,0,1,1,0,0,1,0,1,0,1,1,1,1,1,0,1,0,1,1,0,1,1,1,1,1,0
13.170417006584485,0.19366267224284184,-0.19366267224284184,0.9339413767145557,22.375,329.3710000000001,1.0833333333333333,3.0862603247678124,1.4430472633559428,664545.9181703044,6.690274020416143,19.527377465406477,11.5667326743298,11.49902366656781,6.792942306099827,0.0,0.0,0.0,4.39041504767482,0.0,0.0,12.13273413692322,48.712403840543416,18.529029520535577,6.606881964512918,18.60100390907497,0.0,0.0,5.316788604006331,5.917906046161393,12.338727669087403,26.489337082437896,53.845241811974155,17.248535499851716,19.527377465406477,4.39041504767482,17.248535499851716,0.0,26.489337082437896,0.0,11.735126887207288,17.9021791607844,0.0,0.0,39.72,0.0,4.39041504767482,0.0,12.610163147145723,18.442694056835705,36.75886993460288,17.696185628620217,0.0,30.33183534230805,5.316788604006331,14.210588861400147,29.86350895460806,0.0,0.0,3.42512831212732,1.1779506277819773,2.786337192064174,1.028569433946418,2.7379180593698367,0.0,0.3684210526315789,1,0,2,2,0,0,2,0,4,5,2,4,0,1,1,0,0,4,3.326500000000002,0,0,0,0,0,0,0,0,0,0,0,0,0,1,0,0,0,0,0,0,0,0,0,0,0,0,0,0,1,0,3,0,0,0,0,0,0,0,0,0,0,0,0,0,0,0,0,0,0,1,0,0,0,0,0,0,0,0,0,0,0,0,0,13,5.2355072463768115,4,4,0.0,1445.0,3,0.09782608695652173,0.19252305665349143,0.19252305665349143,0.1879895083809894,0.19252305665349143,0.19788069693493635,0.19232929256558587,0.19232929256558587,0.010417139272748429,0,0,0,0,1,2,1,0.20833333333333334,0.7916666666666666,0.125,0.041666666666666664,0.0,0.5555555555555556,0.0,0,0,1,0,0,0,1,0,1,1,0,1,0,0,0,0,1,0,0,0,0,0,0,0,0,0,0,1,1,0,1,0,0,0,0,0,1,0,0,0,0,0,0,0,1,1,0,0,0,1,0,0,0,0,0,1,0,1,0,1,0,0,0,0,0,0,1,0,0,1,0,1,0,0,0,0,0,0,1,0,1,1,0,0,0,0,1,0,0,0,1,0,0,1,0,0,0,0,1,0,1,0,0,0,0,0,0,1,0,1,1,1,1,1,1,1,0,0,0,0,0,0,0,1,0,0,0,1,0,0,0,0,0,0,0,0,0,0,0,0,0,0,0,0,0,0,0,0,0,0,0,0,0,0,0,0,1,0,0,0,0,0,0,0,0,0,0,0,0,0,1,0,0,0,0,0,0,0,0,0,0,0,0,0,0,1,0,0,0,0,1,0,0,0,0,0,0,0,0,0,1,0,0,0,0,0,0,0,0,0,1,1,0,0,1,1,0,1,1,1,0,0,0,0,1,1,1,0,1,1,0,0,1,1,0,1,0,1,0,1,0,1,0,0,0,0,1,0,1,1,0,1,0,1,1,1,1,1,0,0,0,0,1,0,0,1,1,0,0,0,0,1,1,1,1,1,0,0,1,1,1,1,0,1,0,1,1,1,0,1,1,1,1,1,0
13.140206526978712,0.027786281179138506,0.027786281179138506,0.678552511607709,18.51851851851852,381.9070000000002,1.037037037037037,2.9017608369522687,1.7878180711241383,2003166.7550515858,7.829161513005722,4.899909730850478,0.0,0.0,0.0,5.559266895052007,0.0,4.794537184071822,4.681802935145185,5.098681808301038,0.0,41.932775232540564,63.162202360362194,16.829679151132133,17.121993038461216,0.0,22.373388319162107,0.0,14.680394474296701,0.0,31.725127320852,20.13718479450234,75.16475342710349,0.0,5.559266895052007,0.0,0.0,11.600939890232516,34.817579268799044,6.4208216229260096,0.0,36.56168518447144,5.022633313741326,10.772448428929591,38.13,0.0,4.794537184071822,0.0,11.601107724199966,6.4208216229260096,59.404438909819554,0.0,4.681802935145185,48.53093654769288,11.947581713527669,16.699621698533555,1.7566915294924552,6.019456199923787,15.474239504851358,7.2895337553505195,2.1185045561434457,0.0,3.733452201358045,2.0779710104774276,2.1437868129756104,0.36363636363636365,0,0,1,1,0,1,1,0,4,5,2,3,0,1,1,0,1,4,4.297500000000004,0,0,0,0,0,2,0,0,0,0,0,0,3,0,0,0,0,1,0,0,0,0,0,0,0,0,0,0,1,0,0,0,0,0,0,0,0,0,0,0,0,0,0,0,0,0,0,0,0,0,0,0,0,0,0,0,0,0,0,0,0,0,0,13,5.113960113960114,4,4,0.0,1795.0,3,0.0854700854700855,0.1645584045584045,0.1645584045584045,0.15115862999184396,0.1645584045584045,0.2039958111662117,0.1576087235284849,0.1576087235284849,0.011961248887872561,0,0,0,0,0,3,1,0.18518518518518517,0.8148148148148148,0.037037037037037035,0.1111111111111111,0.0,0.4,0.03333333333333333,1,0,0,0,1,0,0,0,0,0,1,0,0,0,1,0,0,0,0,1,0,0,1,0,0,0,1,0,0,0,1,0,0,1,0,0,1,1,0,1,0,0,0,0,0,1,1,1,1,1,0,0,0,0,1,0,0,0,1,0,0,0,1,0,1,0,1,0,0,0,0,0,1,1,0,0,0,1,0,1,1,1,0,0,1,0,1,1,1,0,1,0,1,0,0,0,0,1,0,1,1,0,0,0,0,1,0,0,0,0,0,0,0,0,0,0,0,1,1,1,1,1,1,1,0,0,0,0,0,0,0,0,0,0,0,0,0,0,0,0,0,0,0,0,0,0,0,1,0,0,0,0,0,0,0,0,0,0,0,0,0,0,0,0,0,0,0,0,0,0,0,0,0,0,0,0,0,0,0,0,1,0,0,0,0,0,0,0,0,0,1,0,0,1,0,0,0,0,0,0,0,0,0,1,0,0,0,0,1,0,0,0,0,1,1,1,0,0,0,0,1,1,1,1,0,0,1,0,1,1,0,1,0,1,0,1,1,0,1,1,0,1,0,1,1,1,1,0,1,1,1,0,1,1,0,1,1,1,0,0,0,1,1,0,0,1,1,0,0,0,1,1,1,1,0,1,1,0,1,0,0,1,1,1,1,0,1,0,1,1,1,1,1,1,0
8.91760169334033,0.150013227513228,-0.150013227513228,0.7407442417149674,10.136363636363637,285.31,0.8181818181818182,3.10385470544475,2.0705579702617833,206195.27579210562,5.903761033825297,0.0,18.696480978677045,0.0,0.0,0.0,0.0,0.0,9.665781456092393,15.62246491777801,0.0,24.26546827384644,35.392371257240434,0.0,23.26534560897854,0.0,0.0,10.523783109476973,14.76446326439343,0.0,6.041840829147961,0.0,83.43938266400995,12.138442625584547,0.0,0.0,0.0,0.0,14.76446326439343,0.0,22.66222573506152,28.29564679593594,0.0,0.0,78.29,0.0,0.0,0.0,6.041840829147961,11.126902983393991,11.126902983393991,6.3273200747645415,35.274591283756166,24.26546827384644,22.221102954832794,10.523783109476973,1.752739984882842,0.0,4.0087005542957925,22.065250155388142,3.213197029041186,0.0,3.140248960695389,0.0,0.0,0.058823529411764705,0,0,0,0,0,1,0,0,5,5,1,3,0,0,0,0,0,3,2.65916,0,0,0,0,0,3,0,0,0,0,0,0,5,0,0,0,0,0,0,0,0,0,0,0,0,0,0,0,0,0,0,0,0,0,0,0,0,0,0,0,0,0,0,0,0,0,0,0,0,0,0,0,0,0,0,0,0,0,0,0,0,0,0,12,4.58008658008658,3,3,0.0,1058.0,3,0.10389610389610392,0.17900432900432903,0.17900432900432903,0.1684790700770521,0.17900432900432903,0.22905928988110016,0.18785581523518413,0.18785581523518413,0.01278989076797984,0,0,0,0,1,3,0,0.22727272727272727,0.7727272727272727,0.0,0.22727272727272727,0.0,0.20833333333333334,0.0,0,1,0,0,0,0,0,0,0,0,0,1,0,0,0,0,0,0,0,0,0,0,1,0,0,0,0,0,0,0,0,0,1,0,1,0,1,0,0,1,0,1,0,1,0,0,0,0,0,1,0,0,0,0,0,0,1,0,0,0,0,1,0,0,0,0,0,1,0,0,0,1,0,0,0,0,0,1,0,0,0,1,0,0,0,1,1,0,0,0,0,0,0,0,0,0,0,0,0,0,1,0,1,0,1,1,0,0,0,0,0,0,1,0,0,0,0,0,0,0,0,0,1,0,0,0,0,0,0,0,0,0,0,0,0,0,0,0,0,0,0,0,0,0,0,0,0,0,0,0,0,0,0,0,0,0,0,0,0,0,0,0,0,0,0,0,0,0,0,1,0,0,0,0,0,0,0,0,0,0,1,0,0,0,0,0,0,0,0,0,0,0,0,1,0,0,0,0,0,0,0,0,0,1,0,1,0,1,1,0,0,1,0,0,0,0,0,0,0,0,0,0,1,0,1,0,0,0,0,0,0,0,0,0,0,0,0,0,0,0,0,0,0,0,0,0,0,0,1,1,1,0,1,1,0,0,0,0,0,0,0,0,0,0,0,1,0,0,0,0,1,0,0,1,0,0,1,0,0,0,0,0,0,0,1,0,1,0,0,1,1,1,0,1,0
11.284111709498614,0.021160241874527363,-0.9862296863189719,0.6695904372983081,26.25,284.356,1.5,2.379884939849065,2.9578148119925975,19067.63813807071,7.40029296875,20.89384642980927,0.0,0.0,5.907179729351506,0.0,5.969305287951849,4.794537184071822,4.794537184071822,0.0,0.0,13.847474399381248,25.33848497561191,18.53868255890785,18.249773604644567,19.4324647167844,11.876485017303356,0.0,5.316788604006331,5.733667477162185,64.32529090164242,0.0,11.64912463690315,0.0,11.050456081168516,0.0,0.0,0.0,41.27462684593659,14.325937321943691,0.0,40.0336764678499,0.0,0.0,101.65,24.156953333996075,9.589074368143644,0.0,24.005072270095084,0.0,12.841643245852019,6.923737199690624,6.076020106833881,13.847474399381248,5.316788604006331,15.577057825802939,5.91962962962963,0.0,22.416571554547744,11.891880511463846,6.251029856386999,-1.1845890022675734,2.968546390778533,5.426225277147896,0.0,0.7142857142857143,4,1,0,1,1,0,3,0,4,6,0,6,0,0,0,0,0,1,0.8069000000000008,1,0,0,0,0,0,0,0,1,0,0,0,0,1,1,0,0,0,0,0,0,0,0,0,0,0,0,0,0,0,1,0,0,0,0,0,0,0,0,0,0,0,0,0,0,0,0,0,0,0,0,0,0,0,0,0,0,0,0,0,0,0,0,8,4.21578947368421,1,1,0.0,801.0,3,0.10526315789473686,0.1786549707602339,0.1786549707602339,0.17053553067939578,0.1786549707602339,0.24836657702248086,0.1884786630492114,0.1884786630492114,0.01855233047663886,0,0,0,0,0,0,1,0.3,0.7,0.2,0.1,0.0,0.85,0.15,1,1,0,1,1,1,0,0,1,0,1,0,0,1,1,0,0,0,1,1,0,0,1,0,0,0,0,0,0,0,1,0,0,1,1,0,0,0,1,1,1,0,0,0,0,0,0,0,0,0,0,0,0,0,0,1,0,0,0,0,0,0,0,0,0,0,0,1,0,0,0,0,1,0,0,0,0,0,1,0,1,1,0,1,0,0,0,0,0,0,0,0,0,0,0,0,0,1,1,0,1,0,0,1,0,0,0,1,0,0,1,1,0,0,0,0,1,1,0,0,0,1,0,1,0,1,0,0,0,0,0,0,0,0,0,0,0,0,0,0,0,0,0,0,0,0,0,0,0,0,0,0,0,0,0,0,0,0,0,0,0,0,0,0,0,0,0,0,0,0,0,0,0,0,0,0,0,0,1,0,0,0,1,0,0,0,0,0,0,0,0,0,0,0,0,0,0,0,0,0,0,0,0,0,1,0,0,1,0,0,0,0,1,0,0,0,0,0,1,0,1,0,0,1,0,1,0,1,0,0,0,0,1,0,0,0,0,0,1,1,0,0,1,0,1,1,0,0,0,0,0,1,0,0,1,1,0,0,0,1,1,1,0,0,1,0,0,1,1,1,1,1,0,0,1,0,0,1,1,1,1,0,1,1,1,1,1,1,1,1,0,1,1,1,0
15.321994065804109,0.09862269637678267,-2.301098412712735,0.179801053533736,36.96610169491525,810.9889999999998,0.9491525423728814,3.8952434504158724,1.3637618830141263,16547476727054.902,13.801606719760814,39.0443948566793,11.164502302680685,6.103966387748303,5.601050810983688,0.0,17.90791586385555,19.388893829844598,4.794537184071822,0.0,0.0,44.19861581843384,74.24722930994723,90.93631433573132,32.97228426396425,43.544118157097074,34.49822707062016,0.0,14.783797982648164,11.332896515558172,99.51587194343308,66.00075636692314,70.93452509437687,5.749511833283905,9.636772684650527,5.687386274683562,5.749511833283905,0.0,133.39536494026942,45.84500297533518,11.332896515558172,75.25960218364138,0.0,10.902924932081056,154.10000000000002,57.50079611090952,19.802129157825053,4.794537184071822,11.959746875309353,82.56167509209985,33.41114218500707,21.14333228224569,7.109797541277533,50.06052438675535,39.068572333239146,18.947451815200196,23.936517771858266,0.0,53.16144392035004,26.330912398105045,-1.6246730221447003,-1.5628213619726945,5.944736805409448,8.6246074393296,6.153158472202293,0.5869565217391305,3,1,5,6,0,1,10,2,12,13,6,7,1,2,3,1,1,9,3.9909000000000034,0,2,0,0,0,1,1,0,0,0,0,0,3,1,0,0,1,0,0,0,0,0,0,0,1,0,0,0,6,3,4,0,0,0,0,0,0,0,0,0,0,3,0,0,0,0,0,1,0,1,0,0,0,0,0,0,0,0,0,0,0,0,0,16,6.813559322033898,9,9,0.0,11658.0,4,0.03915838690824079,0.10199226880761224,0.10199226880761224,0.1366557729311729,0.10199226880761227,0.15177616004646066,0.08735773269310641,0.08735773269310641,0.011965598256804892,0,0,0,0,3,3,3,0.22033898305084745,0.7796610169491526,0.15254237288135594,0.06779661016949153,0.0,0.7014925373134329,0.05970149253731343,1,0,1,0,0,0,0,0,1,1,1,1,0,0,1,1,0,0,0,1,1,0,0,1,0,0,0,0,1,1,1,0,1,1,1,1,1,1,1,1,0,0,1,0,0,0,1,1,0,0,1,1,0,1,1,1,0,0,1,0,1,0,1,0,1,1,0,1,1,1,1,1,1,1,1,0,1,1,0,0,1,1,1,1,0,0,1,1,0,0,1,0,0,0,0,1,1,0,1,1,1,0,1,0,1,1,1,1,1,0,1,0,0,0,0,0,0,0,0,1,1,1,0,1,0,1,1,0,0,0,0,0,0,0,0,0,0,0,0,0,0,0,0,0,0,0,0,0,0,0,0,0,0,0,0,0,0,0,0,0,0,0,0,0,0,0,0,0,0,0,0,0,0,0,0,0,0,0,0,0,0,0,0,0,0,0,0,0,0,0,1,0,0,1,1,0,0,0,0,0,1,0,0,1,0,0,0,0,1,0,0,1,0,1,1,0,0,1,1,1,0,1,0,1,1,1,1,1,1,1,0,0,1,1,0,0,1,0,0,1,1,1,1,0,1,0,1,0,1,1,1,1,0,1,1,1,1,1,0,1,1,0,0,1,1,1,1,1,1,1,1,1,1,1,1,1,1,1,1,1,1,1,1,1,1,1,1,1,1,1,1,1,1,1,0
15.195855619298529,0.07899629519443763,-2.3015150793794024,0.18692292906506017,38.981818181818184,753.9409999999998,1.0363636363636364,3.8447664595200237,1.3636070289926407,2643675543460.937,12.278612274173923,40.41086382108209,17.26846869042899,5.601050810983688,0.0,5.907179729351506,5.969305287951849,19.388893829844598,0.0,0.0,0.0,44.19861581843384,74.24722930994723,84.01257713604069,25.862486722686715,34.38238246026586,28.46679622406797,0.0,14.783797982648164,17.066563992720358,92.59213474374246,58.8909588256456,70.93452509437687,5.749511833283905,15.370440161812713,5.687386274683562,5.749511833283905,0.0,125.3606639472804,31.57673988366326,11.332896515558172,68.33586498395074,0.0,10.902924932081056,164.82,51.46936526435733,20.11411936859394,4.794537184071822,11.959746875309353,69.47216228027469,46.500654996832225,7.109797541277533,7.109797541277533,62.21256460042311,26.916532119571382,15.207393384762284,12.220891714506436,0.0,39.26277888129879,37.964747551796236,4.724717347723908,-1.0011182910130303,5.77915663800267,7.392050179509526,4.891221434848554,0.5813953488372093,6,1,5,6,1,1,10,2,10,12,6,6,1,2,3,1,1,9,2.732400000000003,0,3,1,0,0,1,1,0,0,0,0,0,3,1,1,0,1,0,0,0,0,0,0,0,1,0,0,0,6,1,2,0,0,0,0,0,0,0,0,0,0,2,0,0,0,0,0,1,0,1,0,1,0,0,0,0,0,0,0,0,0,0,0,14,6.486868686868687,9,9,0.0,9633.0,4,0.04242424242424243,0.10352582428054123,0.10352582428054123,0.13921877745314104,0.10352582428054123,0.1591170465184831,0.09204366941830484,0.09204366941830484,0.012421520446910266,0,0,0,0,3,3,3,0.21818181818181817,0.7818181818181819,0.12727272727272726,0.09090909090909091,0.0,0.6984126984126984,0.047619047619047616,1,0,1,0,0,1,0,0,0,0,1,0,1,0,1,1,0,0,0,1,1,0,0,0,0,0,0,0,1,1,1,0,1,1,1,1,1,1,1,1,0,0,1,0,0,0,1,1,0,0,1,1,0,1,1,1,0,0,1,0,1,1,1,0,1,1,0,1,1,1,1,1,1,1,1,0,1,1,0,0,1,1,1,1,0,0,1,1,0,0,1,0,0,0,0,1,1,0,0,1,1,0,1,0,1,1,0,1,0,0,1,0,0,0,0,0,0,0,0,1,1,1,0,1,0,1,1,0,0,0,0,0,0,0,0,0,0,0,0,0,0,0,0,0,0,0,0,0,0,0,0,0,0,0,0,0,0,0,0,0,0,0,0,0,0,0,0,0,0,0,0,0,0,0,0,0,0,0,0,0,0,1,1,0,0,0,0,0,0,0,1,0,0,1,1,0,0,0,0,0,1,0,0,1,0,0,0,0,1,0,0,1,1,1,1,0,0,1,1,1,1,1,0,1,1,1,1,1,1,1,0,0,1,1,0,0,1,0,1,1,1,1,1,0,1,1,1,0,1,1,1,1,0,1,1,1,1,1,0,1,1,0,0,1,1,1,1,1,1,1,1,1,1,1,1,1,1,1,1,1,1,1,1,1,1,1,1,1,1,1,1,1,1,1,0
15.321994065804109,0.1552893630434493,-2.531098412712735,0.1310247762677446,36.46666666666667,824.9719999999999,0.9666666666666667,3.9248799441539326,1.3790970017416169,27977548254752.824,14.149039827212606,39.0443948566793,11.164502302680685,6.103966387748303,12.011146117099809,0.0,17.90791586385555,24.18343101391642,4.794537184071822,0.0,0.0,44.19861581843384,74.24722930994723,78.20125607837056,38.659670538647816,48.338655341168895,40.90832237673628,0.0,14.783797982648164,11.332896515558172,99.51587194343308,58.95308438424595,70.93452509437687,5.749511833283905,9.636772684650527,5.687386274683562,5.749511833283905,0.0,132.75778826370833,50.639540159407,11.332896515558172,75.25960218364138,0.0,10.902924932081056,171.17,63.54263694005748,24.596666341896878,4.794537184071822,12.338727669087403,99.49571453651899,16.466376423778055,33.153039554373706,6.06636706846161,50.264982886895446,20.850165051109773,18.947451815200196,23.687232057572555,0.0,66.13385202726373,26.253140325577732,-3.150558560276134,-2.064961279668168,5.832904069265398,8.161264678568111,4.0900881098746265,0.5652173913043478,3,1,5,6,1,1,10,2,12,14,6,8,1,2,3,1,1,9,3.5175000000000027,0,2,0,0,0,1,1,0,0,0,0,0,3,1,0,0,0,0,0,0,0,0,0,0,1,0,0,0,6,3,4,0,0,0,0,0,0,0,0,0,0,3,0,0,0,0,0,1,0,1,0,0,0,0,0,0,0,0,0,0,0,0,0,16,6.838418079096045,9,9,0.0,12104.0,4,0.0384180790960452,0.10066238067406973,0.10066238067406973,0.13419491150589094,0.10066238067406973,0.15123212138453163,0.08639642874224868,0.08639642874224868,0.011849433968435148,0,0,0,0,3,3,3,0.23333333333333334,0.7666666666666667,0.16666666666666666,0.06666666666666667,0.0,0.6911764705882353,0.07352941176470588,1,0,1,0,0,0,0,0,1,1,1,1,0,0,0,1,0,0,0,1,1,0,0,1,0,0,0,1,1,1,1,0,1,1,1,1,1,1,1,1,0,0,1,0,0,0,1,1,0,0,1,1,0,1,1,1,0,0,1,0,1,0,1,0,1,1,0,1,1,1,1,1,1,1,1,0,1,1,0,0,1,1,1,1,0,0,1,1,0,0,1,0,0,0,0,0,1,0,1,1,1,0,1,0,1,1,1,1,1,0,0,0,0,0,1,0,0,0,0,1,1,1,0,1,0,1,1,0,0,0,0,0,0,0,0,0,0,0,0,0,0,0,0,0,0,0,0,0,0,0,0,0,0,0,0,0,0,0,0,0,0,0,0,0,0,0,0,0,0,0,0,0,0,0,0,0,0,0,0,0,0,0,0,0,0,0,0,0,0,0,1,0,0,1,1,0,0,0,0,0,1,0,0,1,0,0,0,0,1,0,0,1,0,1,1,0,0,1,1,1,0,1,0,1,1,1,1,1,1,1,0,0,1,1,0,0,1,0,1,1,1,1,1,0,1,1,1,0,1,1,1,1,0,1,1,1,1,1,0,1,1,0,0,1,1,1,1,1,1,1,1,1,1,1,1,1,1,1,1,1,1,1,1,1,1,1,1,1,1,1,1,1,1,1,0
10.288871250686277,0.2073268910155639,-0.628033772150836,0.3499607634429391,12.2,406.482,0.8666666666666667,3.1671514070042086,1.2575379884643594,11337344.208505128,9.518994463287138,29.617883381194392,25.067242150058043,11.49902366656781,0.0,0.0,0.0,0.0,0.0,0.0,0.0,36.39820241076966,30.33183534230805,29.378661958371005,12.626498258893795,19.31711625624085,21.805849864162116,0.0,10.30076712495354,0.0,6.103966387748303,33.41307428212852,66.73003775307771,17.248535499851716,19.527377465406477,0.0,17.248535499851716,0.0,49.607546585664736,0.0,0.0,0.0,0.0,21.805849864162116,75.74000000000001,6.103966387748303,5.106527394840706,0.0,6.606881964512918,31.19541844290588,27.555361697446024,0.0,7.109797541277533,60.6636706846161,16.36713419341515,14.210588861400147,16.923660609313117,0.0,3.398281053806934,15.633087683505185,2.0931623701130935,2.1790765398261898,-0.628033772150836,1.7022495404545304,1.6186330487195506,0.25,3,0,0,0,0,1,1,0,5,6,1,10,0,0,0,0,1,4,3.738000000000002,0,1,1,0,0,1,1,0,0,0,0,0,0,2,0,0,0,0,0,0,0,0,0,0,0,0,0,0,3,0,3,0,0,0,0,0,0,0,0,0,0,1,0,0,0,0,0,3,0,0,0,0,0,0,0,0,0,0,0,0,0,0,0,17,7.039080459770115,4,4,0.0,3062.0,3,0.07586206896551723,0.2156814449917898,0.2156814449917898,0.20761387820575616,0.2156814449917898,0.14676232634618983,0.12243999129322065,0.12243999129322065,0.010376048692906563,0,0,0,0,1,4,0,0.2,0.8,0.13333333333333333,0.06666666666666667,0.0,0.36363636363636365,0.0,1,1,1,0,1,0,0,0,0,0,0,0,1,1,0,1,0,0,1,1,0,0,0,0,0,0,0,1,1,0,0,0,0,1,0,1,0,1,0,1,0,0,0,0,1,0,1,1,0,0,1,0,0,0,0,1,0,0,0,0,0,0,0,0,1,0,1,0,0,0,0,0,0,1,0,0,0,1,0,0,1,1,0,0,0,0,1,0,0,0,1,0,0,0,1,0,0,0,0,1,1,0,0,0,0,1,1,0,1,0,1,0,0,1,0,0,0,0,1,1,0,1,0,0,0,0,0,0,0,0,0,0,0,0,0,0,0,0,0,0,0,0,0,0,0,0,0,0,0,0,0,0,0,0,0,0,0,0,0,0,0,0,0,0,0,0,0,0,0,0,0,0,0,0,0,0,0,0,0,0,0,0,1,0,0,0,0,0,0,0,0,0,0,1,0,0,0,0,0,0,1,0,0,0,0,0,0,0,0,0,1,1,0,0,1,0,0,0,1,1,0,1,0,1,1,1,0,0,1,1,0,0,1,1,0,0,0,1,0,1,0,1,0,0,0,0,1,0,0,1,0,0,0,1,1,1,1,1,0,1,1,0,0,0,0,1,1,1,1,0,1,1,1,1,1,1,0,0,1,1,1,1,0,1,1,1,1,1,1,1,1,1,1,1,0
12.07979686318972,0.1565211640211639,-0.779722222222222,0.813193738638947,41.4,339.4350000000001,1.28,3.3230461229939956,1.5787879801585996,1400624.0642884932,4.413058033526125,14.94991774348146,6.103966387748303,11.49902366656781,0.0,0.0,0.0,4.899909730850478,0.0,0.0,0.0,12.645302752060108,68.19051527985789,18.150048726757532,11.016041280380467,14.94991774348146,0.0,0.0,4.899909730850478,5.917906046161393,61.686778234832786,13.08951281182515,35.411677333984976,11.49902366656781,4.736862953800049,0.0,11.49902366656781,0.0,45.94933536023699,11.83581209232279,5.917906046161393,43.23101109802404,0.0,0.0,52.93000000000001,11.016041280380467,10.213054789681411,0.0,17.89531905018017,5.749511833283905,55.827261371456835,18.405094737549014,6.06636706846161,6.06636706846161,11.478845414448976,4.736862953800049,6.2874559870244395,0.0,2.5573899281934995,22.489529447224253,2.2065660955740336,1.6372309880742426,5.787642279491125,6.403002671747711,0.0,0.6190476190476191,2,3,2,5,0,0,4,2,4,4,2,2,2,1,3,1,0,6,2.512500000000001,0,1,0,0,0,0,0,1,0,0,0,0,1,0,0,0,0,1,0,0,0,0,0,0,0,0,0,0,0,0,1,0,0,0,0,0,0,0,0,0,0,0,0,0,0,0,0,0,0,1,0,0,0,0,0,0,0,0,0,0,0,0,0,10,3.9633333333333334,6,6,0.09333333333333332,1189.0,4,0.1,0.12884057971014493,0.12884057971014493,0.10744148701143459,0.12884057971014493,0.26301807453970477,0.17159679180608706,0.17159679180608706,0.01632745335218458,0,0,1,0,1,0,3,0.16,0.84,0.12,0.04,0.0,0.7666666666666667,0.03333333333333333,0,0,1,0,0,1,0,1,1,1,1,1,1,0,1,1,1,0,0,0,0,0,1,0,0,0,0,0,0,1,1,0,0,0,0,1,1,0,0,1,0,0,1,0,1,1,0,0,0,0,0,0,0,0,0,1,0,0,0,0,1,0,1,0,0,0,1,1,0,1,0,1,1,0,1,0,0,0,0,0,1,1,0,0,1,0,1,0,0,0,1,0,0,0,0,0,1,1,0,0,1,0,1,1,0,0,0,0,0,0,1,0,0,0,0,0,0,0,0,0,1,1,0,1,0,0,0,0,0,0,0,0,0,0,0,0,0,0,0,0,0,0,0,0,0,0,0,0,0,0,1,0,0,0,0,0,0,0,0,0,0,0,1,0,0,0,0,0,0,0,0,0,0,0,0,0,0,0,1,0,0,0,0,0,0,1,0,0,0,0,0,0,0,0,1,0,0,0,0,0,1,0,0,1,1,0,0,0,0,0,0,1,0,1,1,0,0,1,1,1,0,0,0,1,1,0,1,1,1,1,0,0,1,1,0,0,0,0,0,1,1,1,0,0,0,0,1,0,1,1,1,0,0,0,0,1,1,1,0,1,1,0,0,0,0,1,1,1,0,0,0,1,1,1,1,1,1,0,0,0,1,1,0,1,1,1,1,1,0,1,1,1,1,1,0
12.395403517888637,0.029794501133786788,-0.23039981733434067,0.7999667332110504,29.318181818181817,322.836,1.1818181818181819,2.4809244767069782,1.710540135791537,105925.55145748114,6.567270258035309,14.536682415501005,6.103966387748303,0.0,0.0,0.0,5.969305287951849,0.0,4.794537184071822,0.0,0.0,18.524677089923138,37.857896662436204,43.03747102971441,5.563451491696996,9.53140013787187,17.570245178184365,0.0,9.799819461700956,11.835812092322787,13.027703587438927,39.77145401224006,34.85155307928476,0.0,0.0,0.0,0.0,11.600939890232516,61.64454514964117,4.736862953800049,11.835812092322787,17.28172587545944,5.022633313741326,0.0,32.78,0.0,4.794537184071822,0.0,12.073271675700152,22.42189689776111,32.72378202956288,0.0,24.26546827384644,0.0,23.77122864406877,16.337802844032566,5.890085034013606,5.871054383131171,17.21873663258539,0.6308316892209394,0.5775455351893848,0.5634894564821813,0.029794501133786788,7.260902895656614,2.151628907608345,0.5882352941176471,0,0,2,2,0,0,2,2,4,5,2,3,0,2,2,0,0,3,2.3787000000000003,0,0,0,0,0,0,0,0,0,0,0,0,2,0,0,0,0,2,0,0,0,0,0,0,0,0,0,0,2,1,1,0,0,0,0,0,0,0,0,0,0,0,0,0,0,0,0,0,0,2,0,0,0,0,0,0,0,0,0,0,0,0,0,12,4.653679653679654,3,3,0.0,1075.0,3,0.10389610389610389,0.18268398268398273,0.18268398268398273,0.17089993118639266,0.18268398268398273,0.2240538704435526,0.17925624931073608,0.17925624931073608,0.014822929598538924,0,0,0,0,0,1,2,0.22727272727272727,0.7727272727272727,0.09090909090909091,0.09090909090909091,0.0,0.7083333333333334,0.041666666666666664,0,0,0,0,0,0,0,0,0,0,1,0,0,0,1,0,0,1,0,1,0,0,0,0,0,0,0,0,0,0,1,0,0,1,1,0,0,0,1,1,0,0,0,0,0,0,1,0,1,1,0,0,0,0,0,1,0,0,1,0,0,0,0,0,0,0,0,0,0,0,0,0,0,1,0,0,0,0,0,1,1,1,0,0,0,0,1,0,1,0,0,0,0,0,1,0,1,1,0,1,1,0,1,0,0,1,1,0,0,1,0,1,0,0,0,0,0,0,1,0,0,1,0,1,0,1,0,1,0,0,0,0,0,0,0,0,0,0,0,0,0,0,0,0,0,0,0,0,0,0,0,0,0,0,0,0,0,0,0,0,0,0,0,0,0,0,0,0,0,0,0,0,0,0,0,0,0,0,0,0,0,0,0,0,0,0,0,0,0,0,0,0,0,0,0,0,0,0,0,0,0,0,0,1,0,0,0,0,1,0,0,0,0,1,1,1,0,0,0,0,0,1,0,0,0,1,1,0,1,1,0,1,0,1,0,1,1,0,0,0,0,0,1,1,1,0,0,0,1,1,1,1,0,0,1,1,1,0,0,0,0,0,1,0,0,1,1,0,0,0,1,1,0,1,0,0,1,1,0,0,1,1,1,1,0,1,1,1,1,1,1,1,1,1,0
9.51162037037037,0.11901266061980365,-1.2341732804232806,0.3326203956682485,40.07142857142857,207.226,1.0714285714285714,2.155133141042913,2.659759423062189,1243.5118223817608,5.01417687680998,25.532636974203527,12.207932775496605,0.0,0.0,0.0,0.0,4.899909730850478,0.0,0.0,0.0,0.0,0.0,13.08951281182515,25.3595711459221,25.532636974203527,0.0,0.0,4.899909730850478,0.0,24.35373999239287,26.303276740850986,0.0,0.0,0.0,0.0,0.0,0.0,81.08956343829786,0.0,0.0,0.0,0.0,0.0,104.39000000000001,24.35373999239287,15.319582184522117,0.0,26.303276740850986,0.0,0.0,0.0,4.899909730850478,0.0,0.0,10.213054789681411,0.0,0.0,1.5575925925925926,45.89624149659864,0.0,0.0,-3.4613492063492073,-0.03466080876795119,0.0,1.0,5,0,1,1,0,0,4,0,6,6,1,3,0,1,1,0,0,1,-3.262099999999999,0,5,5,0,0,0,0,0,0,0,2,0,1,0,0,0,0,1,0,0,0,0,0,0,0,0,0,0,0,0,0,0,0,0,0,0,0,0,0,0,0,0,0,0,0,0,0,0,0,1,0,0,0,0,0,0,0,0,0,0,0,0,0,7,3.1648351648351647,1,1,0.0,288.0,3,0.15384615384615388,0.1804029304029304,0.1804029304029304,0.16089355289991372,0.1804029304029304,0.32994416466746196,0.23711963727464783,0.23711963727464783,0.0232538854053471,0,0,0,0,0,0,1,0.42857142857142855,0.5714285714285714,0.35714285714285715,0.07142857142857142,0.0,1.0,0.0,0,0,0,1,0,0,0,0,0,0,0,0,0,0,0,0,1,0,0,0,0,0,0,0,1,0,0,0,0,0,1,0,0,0,0,0,0,0,0,1,0,0,0,0,0,0,0,0,0,0,0,0,0,0,0,1,0,0,0,0,0,1,0,0,0,0,0,0,0,0,0,0,0,0,0,0,0,1,0,1,1,1,0,0,0,0,0,0,0,1,0,0,0,0,1,0,0,1,0,1,0,1,1,0,0,1,0,0,1,0,0,0,0,0,0,0,1,0,0,0,0,1,0,1,0,0,0,0,0,0,0,0,0,0,0,0,0,0,0,0,0,0,0,0,0,0,0,0,0,0,0,0,0,0,0,0,0,0,0,0,0,0,0,0,0,0,0,0,0,0,0,0,0,0,0,0,0,0,0,0,0,1,1,0,0,0,0,0,0,0,0,0,0,0,0,0,0,0,0,0,1,0,0,1,0,0,0,0,0,0,1,0,0,1,1,0,0,1,1,1,0,0,0,1,0,1,1,0,1,0,0,0,1,0,0,0,0,1,0,1,0,0,0,0,0,0,1,0,0,1,1,0,0,0,0,1,1,1,0,1,1,0,0,0,0,1,1,1,1,0,0,1,0,0,1,1,1,0,1,0,1,1,0,1,1,1,1,1,0,1,0,1,1,1,0
12.194759175275049,0.029393424036281646,-0.9086152053413961,0.686738022566705,43.88235294117647,467.6500000000003,1.1470588235294117,3.5272156401572246,1.4741729986745256,83988563.28399241,6.330274445991157,19.68678069728151,11.70501719873199,11.49902366656781,0.0,0.0,0.0,4.899909730850478,0.0,0.0,0.0,26.83757866753348,81.37696004180205,42.007733252990015,5.601050810983688,19.68678069728151,0.0,0.0,4.899909730850478,22.665793031116344,101.40359946750499,20.199310353102685,23.259637120317212,11.49902366656781,4.736862953800049,0.0,11.49902366656781,0.0,58.6601837124982,16.57267504612284,22.665793031116344,77.34678151971255,0.0,0.0,62.16,11.202101621967376,10.213054789681411,0.0,34.01635567538394,11.791352662431866,44.566770566704015,30.513302635158585,0.0,20.099901809429767,31.73748839838396,9.473725907600098,13.455822494121104,0.0,2.821183390022676,23.157680023041,0.7827245002939447,1.8023116522843705,7.63507901651886,10.805137723694724,1.829711064598781,0.7931034482758621,2,5,2,7,0,0,7,4,5,5,2,4,4,1,5,2,0,8,4.413800000000004,0,1,0,0,0,0,0,1,0,0,0,0,1,0,0,0,0,1,0,0,0,0,0,0,0,0,0,0,2,0,2,0,0,0,0,0,0,0,0,0,0,1,0,0,0,0,0,0,0,1,0,0,0,0,0,0,0,0,0,0,0,0,0,10,4.677361853832442,7,7,0.06862745098039215,2624.0,4,0.071301247771836,0.11491755793226383,0.11491755793226383,0.11278332467439112,0.11491755793226381,0.22307564894531592,0.139765664644181,0.139765664644181,0.01658715168916201,0,0,1,0,1,0,4,0.14705882352941177,0.8529411764705882,0.11764705882352941,0.029411764705882353,0.0,0.85,0.0,0,0,0,0,0,1,0,1,1,1,1,1,1,0,1,1,1,0,1,0,1,1,1,0,0,0,0,0,0,1,1,0,0,1,0,0,1,0,1,1,1,1,0,0,1,1,0,0,0,0,0,0,0,0,0,1,0,0,0,0,1,0,0,0,1,0,1,1,0,0,0,1,1,1,0,0,0,0,0,0,1,1,1,0,1,0,1,0,0,0,0,0,0,0,0,0,1,1,0,0,1,0,1,1,0,0,0,0,0,0,1,0,0,0,1,1,1,1,0,0,1,1,0,1,0,1,1,0,0,0,0,0,0,0,0,0,0,0,0,0,0,0,0,0,0,0,0,0,0,0,1,0,0,0,0,0,0,0,0,0,0,0,0,0,0,0,0,0,0,0,0,0,0,0,0,0,0,0,0,0,0,0,0,0,0,1,0,0,0,0,0,0,0,0,1,0,0,0,0,0,1,0,1,1,0,0,0,0,0,0,0,1,0,1,1,0,0,1,1,1,0,1,0,0,1,0,1,0,1,1,0,0,0,1,0,0,1,0,0,1,1,1,0,0,1,0,1,0,1,1,1,0,0,0,1,1,1,1,0,1,1,0,0,0,0,1,1,1,1,1,0,1,1,1,1,1,1,1,1,0,1,1,0,1,1,1,1,1,1,1,1,1,1,1,0
11.30144640900269,0.0022283314572624224,-0.8086173318424403,0.5624302206623817,14.74074074074074,372.4210000000001,1.2222222222222223,3.1193359214492946,1.4906983089508954,1468717.4832629503,8.2821303749608,30.737236778450026,5.749511833283905,11.49902366656781,6.792942306099827,5.907179729351506,0.0,4.794537184071822,0.0,0.0,0.0,12.13273413692322,55.157751702783074,12.586597235060536,11.6674178794453,24.48131788135333,5.907179729351506,0.0,5.316788604006331,5.733667477162185,31.911187662438905,13.337698712012402,53.08855688586065,17.248535499851716,20.524181988768614,0.0,17.248535499851716,0.0,35.499774060193275,6.4208216229260096,0.0,40.93341686952774,0.0,0.0,114.03999999999999,12.011146117099809,15.007591973753232,0.0,24.14774646022869,12.10820789760957,29.904118404116822,12.13273413692322,6.06636706846161,25.122838405075452,5.316788604006331,15.207393384762284,10.696664898887443,0.0,11.30144640900269,23.24005824410106,6.913758367128903,0.6328703880330737,0.9417917671353813,2.6388905661182083,0.0,0.35,5,0,1,1,1,0,2,0,6,7,1,8,0,0,0,0,2,3,1.8640999999999996,0,1,1,0,0,0,0,1,0,0,0,0,0,1,1,0,0,0,0,0,0,0,0,0,0,1,0,0,1,0,2,0,0,0,0,0,0,0,0,0,0,0,0,0,0,0,0,0,0,0,0,1,0,0,0,0,0,0,0,0,0,0,0,15,6.367521367521367,3,3,0.0,2235.0,3,0.08262108262108263,0.2147008547008547,0.2147008547008547,0.20341219554016424,0.2147008547008547,0.1621306314182722,0.0,0.0,0.013009555484335352,0,0,0,0,1,2,0,0.25925925925925924,0.7407407407407407,0.18518518518518517,0.07407407407407407,0.0,0.5517241379310345,0.034482758620689655,1,1,0,0,1,0,0,0,1,0,1,1,1,0,1,0,1,0,0,1,0,0,0,0,0,0,1,1,0,0,1,0,0,1,0,0,0,0,0,1,0,0,0,0,0,0,0,1,0,0,0,0,0,1,1,0,0,1,0,1,0,1,0,0,0,0,1,1,0,1,0,1,0,0,0,0,0,0,0,0,1,1,1,0,0,1,1,0,1,0,1,1,1,0,1,0,0,0,1,1,1,0,0,0,1,0,1,1,1,0,1,1,0,1,0,0,0,0,0,0,1,0,0,0,0,1,0,0,0,0,0,0,0,0,0,0,0,0,0,0,0,0,0,0,0,0,0,0,0,0,0,0,0,0,0,0,1,0,0,0,0,0,0,0,0,0,0,0,0,0,0,0,0,0,0,0,0,0,0,0,0,1,1,0,0,1,0,0,0,0,0,0,0,0,0,0,0,0,0,0,1,0,0,0,0,0,0,0,0,0,1,1,1,0,0,0,0,1,1,0,1,0,0,1,1,1,0,0,1,1,0,0,1,1,0,0,0,1,1,1,0,1,0,1,1,1,1,0,1,0,0,1,0,1,0,1,1,1,0,1,1,0,0,0,0,1,1,1,1,0,1,1,1,1,1,1,0,0,1,1,1,1,1,1,1,1,1,1,1,1,1,1,1,1,0
12.340839457326652,0.0075690757121138486,-1.1193362097925588,0.5588251961475821,34.57692307692308,383.4700000000002,1.3846153846153846,3.09300155082224,1.7804410752197168,527310.3693919296,6.861797828465618,25.329662855388698,5.697039313055833,0.0,11.814359458703011,0.0,5.969305287951849,9.589074368143644,4.794537184071822,0.0,11.761884949391115,6.923737199690624,13.344558822616634,36.71308096130057,24.10555409220562,24.596666341896878,29.545549696045974,0.0,15.116608065707286,11.835812092322787,43.70588209833365,20.640100371266954,10.60217582694588,0.0,5.316788604006331,0.0,0.0,11.761884949391115,81.87422544533057,14.383611552215466,11.835812092322787,20.268296022307258,0.0,0.0,110.17999999999999,17.991177721861547,24.596666341896878,0.0,40.76292450619833,17.87071454272863,0.0,16.66179468024159,25.918990895895483,6.923737199690624,5.316788604006331,0.0,0.0,1.4455489417989413,39.794536411710375,22.78349412655908,0.038690843621399074,-2.1355823198833654,-0.1904531603223889,4.078991593423412,3.419379099751644,0.7058823529411765,3,0,3,3,2,0,6,0,6,9,3,5,0,2,2,0,0,3,-0.3079999999999994,1,1,1,0,0,0,0,0,1,0,0,0,2,1,0,0,1,0,0,0,0,0,0,0,0,0,0,0,1,0,0,0,0,0,0,0,0,0,0,0,0,0,0,0,0,0,0,0,0,0,0,0,0,0,1,0,0,0,0,0,0,0,0,12,5.0830769230769235,3,3,0.0,1652.0,3,0.08615384615384616,0.17012820512820515,0.17012820512820515,0.17141063997042028,0.17012820512820515,0.20514489139773495,0.14495368369817094,0.14495368369817094,0.017961613465963772,0,0,0,1,2,0,3,0.34615384615384615,0.6538461538461539,0.19230769230769232,0.11538461538461539,0.038461538461538464,0.8571428571428571,0.14285714285714285,1,1,1,0,0,1,0,1,0,0,1,1,1,0,0,0,0,0,0,0,0,0,1,0,0,1,0,1,0,1,1,0,0,1,0,0,0,0,1,1,1,1,0,0,0,0,1,1,0,0,0,0,0,0,1,0,0,0,1,0,0,0,0,1,1,1,0,0,1,0,1,0,1,0,0,1,0,0,0,0,1,0,0,0,1,0,1,0,0,0,1,0,0,0,0,0,0,0,0,1,1,0,1,1,0,0,1,0,1,0,0,0,0,1,0,0,1,1,0,0,0,0,0,1,0,1,0,0,0,0,0,0,0,0,0,0,1,0,0,1,0,0,0,0,0,0,0,1,0,0,0,0,0,0,0,0,0,0,0,0,0,0,0,0,0,0,0,0,0,0,0,0,0,1,0,0,0,0,0,0,0,0,0,0,0,0,0,0,0,0,0,0,1,0,0,0,0,0,0,0,0,0,1,0,1,0,0,1,0,1,1,1,0,1,1,0,1,1,1,1,1,1,0,1,1,1,0,1,1,0,0,0,1,1,0,0,1,0,1,1,0,0,0,0,0,1,0,0,1,1,1,1,0,0,0,1,0,1,0,1,0,0,0,0,1,1,0,1,1,1,1,1,0,0,1,0,1,1,1,1,1,1,1,0,1,1,1,1,1,1,0,0,1,1,0
12.146483609283933,0.08974537037037056,-1.0782587973460986,0.3955316351777659,31.26086956521739,339.4170000000001,1.4782608695652173,3.016319781557501,1.7539252098359972,144454.5706585703,5.828515726249193,20.012874251382367,5.697039313055833,0.0,5.907179729351506,0.0,5.969305287951849,10.203820789863343,4.794537184071822,0.0,11.761884949391115,0.0,20.268296022307258,29.665408978623383,23.899333048814928,19.802129157825057,29.473989752451736,5.409283605791522,9.799819461700956,5.917906046161393,44.0848628921117,13.08951281182515,10.60217582694588,0.0,0.0,0.0,0.0,11.761884949391115,68.21023711314658,9.589074368143644,11.327189651952915,26.689117645233267,0.0,0.0,104.92999999999999,17.991177721861547,19.802129157825057,0.0,22.895997901537473,12.25644140868328,24.415470948641207,16.66179468024159,13.847474399381248,4.899909730850478,0.0,5.409283605791522,0.0,1.520638699924414,27.797027748235813,27.133409895613177,0.08974537037037056,-1.334872975182318,0.6475303718314175,4.870521004685417,0.0,0.6666666666666666,3,0,3,3,1,0,4,0,5,8,3,4,0,2,2,0,0,3,0.6987700000000001,1,1,1,0,0,0,0,0,1,0,0,0,2,1,0,0,0,1,0,0,0,0,0,1,0,0,0,0,1,0,0,0,0,0,0,0,0,0,0,0,0,0,0,0,0,0,0,0,0,0,0,0,0,0,1,0,0,0,0,0,0,0,0,11,4.707509881422925,3,3,0.0,1191.0,3,0.09881422924901183,0.17654808959156784,0.17654808959156784,0.16447718178220727,0.17654808959156784,0.22170876512149001,0.16002276696555506,0.16002276696555506,0.018107775944540397,0,0,0,1,2,0,3,0.34782608695652173,0.6521739130434783,0.17391304347826086,0.13043478260869565,0.043478260869565216,0.84,0.16,0,1,1,0,0,1,0,0,0,0,1,0,1,1,0,0,0,0,0,0,0,0,0,0,0,1,0,1,0,0,1,0,1,1,0,0,0,0,1,1,1,0,1,0,0,1,1,1,0,0,0,0,0,0,0,0,0,0,1,0,0,0,0,1,0,0,0,0,0,0,0,0,1,1,0,0,0,0,0,0,1,0,0,0,0,0,1,0,0,1,0,0,0,0,0,0,0,1,0,1,1,0,0,1,0,0,1,1,0,0,0,1,0,0,0,0,1,1,0,0,1,1,1,1,0,1,1,0,0,0,0,0,0,0,0,0,1,0,0,1,0,0,0,0,0,0,0,1,0,0,0,0,0,0,0,0,0,0,0,0,0,0,0,0,0,0,1,0,0,0,0,0,0,1,0,0,0,0,0,0,0,0,0,0,0,0,0,0,0,0,0,0,1,0,0,0,0,0,0,0,0,0,0,1,1,1,1,0,0,1,0,1,0,1,1,0,1,1,1,1,1,0,0,1,1,1,0,1,1,0,0,0,0,1,0,0,1,0,1,1,0,0,0,0,1,1,1,1,1,1,1,1,0,0,0,1,1,1,0,1,0,0,0,0,1,1,1,1,1,0,1,1,0,0,1,1,1,1,1,1,1,1,1,0,1,1,1,1,1,1,0,0,1,1,0
11.963106361629013,0.06253831779625374,-4.058960157365413,0.7560395435859316,20.59090909090909,338.77200000000005,1.1818181818181819,2.7134940998593464,2.2295565964620527,86096.45429443721,4.786022252575603,10.423315998847038,4.895483475517775,5.724985593970254,10.023291153407584,5.907179729351506,0.0,4.794537184071822,13.556770721936878,0.0,0.0,35.866408164078955,18.19910120538483,16.690354475090988,5.022633313741326,18.318861563241466,27.531410772991606,0.0,5.316788604006331,5.138973737607942,10.620469069488028,0.0,64.17755726806358,0.0,10.455762341614273,0.0,0.0,11.600939890232516,19.43150410852115,15.748276747377837,0.0,21.48489165916281,5.022633313741326,0.0,109.49000000000001,21.65545647672934,18.318861563241466,0.0,15.481568280956097,11.126902983393991,6.06636706846161,12.13273413692322,24.26546827384644,0.0,5.316788604006331,16.73991362784046,23.11885896951373,5.833687851683882,11.642478369691498,18.35008702863862,-1.030959152179389,-0.4535133219954648,0.0,0.0,-4.058960157365413,0.07142857142857142,4,0,1,1,1,0,1,0,4,8,1,2,0,0,0,0,1,3,0.9242000000000001,0,1,0,0,0,0,0,0,0,0,0,0,0,1,1,0,0,0,0,0,0,0,0,0,0,0,0,0,1,0,0,0,0,0,0,0,0,0,0,0,0,0,0,0,0,0,0,0,0,0,0,0,0,0,0,1,0,0,0,0,0,0,0,9,4.121212121212121,3,3,0.0,952.0,4,0.10389610389610389,0.1560606060606061,0.1560606060606061,0.17529861919576994,0.1560606060606061,0.25112314981179273,0.18365433321175545,0.18365433321175545,0.019236093670666476,0,0,0,0,1,2,0,0.36363636363636365,0.6363636363636364,0.18181818181818182,0.09090909090909091,0.045454545454545456,0.375,0.125,0,1,1,0,0,0,0,0,1,0,1,0,0,0,0,0,0,0,0,1,1,0,0,0,0,0,1,0,0,0,0,0,1,0,0,0,1,0,0,1,0,0,0,0,1,0,0,1,1,1,0,1,1,0,0,0,0,1,1,0,1,0,0,0,1,1,0,0,1,0,0,1,0,0,0,0,0,0,0,0,0,1,0,0,0,0,1,0,1,0,1,1,0,1,1,0,1,0,0,0,1,0,0,0,0,0,0,1,0,0,1,0,0,1,0,0,1,0,0,0,0,1,0,0,0,0,0,0,0,0,0,0,0,0,0,0,0,0,0,0,0,0,0,0,0,0,0,0,0,0,0,0,0,0,0,0,0,0,0,0,1,1,0,0,0,0,0,0,0,0,0,1,0,0,0,0,0,0,0,1,0,0,0,1,0,0,1,1,1,1,1,0,1,0,0,1,0,1,0,0,0,1,0,0,0,0,0,0,0,1,0,1,1,0,0,1,1,1,0,0,1,0,1,0,1,0,0,0,0,1,1,1,0,1,1,1,0,0,1,0,1,0,0,0,0,1,0,0,0,1,0,0,1,1,0,1,0,0,1,1,0,0,1,0,1,1,0,1,1,0,1,1,1,1,1,0,1,0,1,1,1,0,1,0,1,1,1,1,0,1,1,1,1,1,0
11.364205089443185,0.12260393046107332,-0.34925359032501846,0.7786697771862998,9.75,211.22400000000002,1.375,2.3027407720285256,2.6779762114178998,5314.725701841837,3.98914579166648,4.9839785209472085,11.63267280448927,0.0,0.0,5.559266895052008,0.0,9.77851570501903,0.0,5.261891554738487,0.0,0.0,30.686289896772447,23.65106662977161,0.0,0.0,0.0,5.261891554738487,9.967957041894417,0.0,6.923737199690624,0.0,52.20397191428027,17.196124296186266,5.559266895052008,0.0,0.0,0.0,9.967957041894417,0.0,18.254850067221383,11.257379486545457,0.0,11.126902983393991,69.53999999999999,0.0,4.794537184071822,0.0,11.122718386749003,0.0,16.82083097824245,0.0,25.383791411378386,18.201955449715495,9.967957041894417,5.261891554738487,0.0,0.0,17.94627243953137,8.7983238851096,2.295572562358278,0.0,3.3450954270597126,1.8038851095993953,0.0,0.08333333333333333,1,0,0,0,0,2,0,0,3,4,2,1,0,0,0,0,0,2,1.617,0,0,0,0,0,2,1,0,0,0,0,0,2,1,0,0,0,0,0,0,0,0,0,0,0,1,0,0,0,0,0,0,0,0,0,0,0,0,0,0,0,0,0,0,0,0,0,0,0,0,0,0,2,0,0,0,0,0,0,0,0,0,0,8,3.5416666666666665,2,2,0.0,425.0,3,0.14166666666666666,0.18154761904761907,0.18154761904761907,0.16761528506329035,0.18154761904761907,0.29326304079124776,0.22660168044663984,0.22660168044663984,0.017555999327534738,0,0,0,0,0,2,0,0.25,0.75,0.0625,0.1875,0.0,0.17647058823529413,0.058823529411764705,0,0,0,0,0,0,0,0,1,0,1,0,0,0,0,0,0,0,0,0,0,0,1,0,0,0,0,0,0,0,0,0,0,1,1,0,0,0,0,0,1,0,0,0,0,0,0,0,0,0,0,0,1,0,0,0,1,0,1,0,0,0,0,0,0,0,0,1,0,0,1,0,0,0,1,0,0,0,1,0,0,1,1,0,0,1,1,0,0,0,1,0,0,0,1,0,1,0,0,0,1,0,0,0,1,1,0,1,0,1,1,0,1,0,0,0,0,0,0,1,0,0,1,0,0,0,0,1,0,0,0,0,0,0,0,0,0,0,0,0,0,0,0,0,0,0,0,0,0,0,0,0,0,0,0,0,0,0,0,0,0,0,0,0,0,0,0,0,0,1,0,0,0,0,0,0,0,0,0,0,0,0,0,0,0,0,0,0,0,0,1,0,0,1,0,0,0,0,0,0,0,0,0,0,0,0,0,0,1,0,0,0,0,0,0,0,0,0,0,0,1,0,0,0,0,1,1,0,0,0,0,0,0,0,0,0,0,0,1,0,0,1,0,0,0,1,0,0,1,1,0,0,0,1,0,1,0,0,0,0,0,0,0,0,0,1,0,0,0,0,1,1,1,1,0,0,0,0,1,1,0,0,1,0,1,0,0,0,1,1,1,1,1,1,0
11.009621756109851,0.2215854119425551,-0.26129062736205566,0.6996440987416698,10.0,187.202,1.2142857142857142,2.2341263981232404,2.536829595258057,2135.824836605818,3.3341936893355397,10.717645998109393,0.0,0.0,0.0,5.559266895052008,0.0,9.77851570501903,0.0,0.0,0.0,0.0,23.762552697081826,24.153982206536224,5.687386274683562,0.0,5.687386274683562,0.0,9.967957041894417,0.0,0.0,5.733667477162185,47.143435999347886,11.126902983393991,11.292934372214193,5.687386274683562,0.0,0.0,9.967957041894417,0.0,0.0,0.0,0.0,11.126902983393991,71.77,0.0,4.794537184071822,0.0,11.24665316973557,0.0,11.126902983393991,0.0,24.65689778330084,12.13273413692322,9.967957041894417,5.733667477162185,0.0,0.0,17.482982331821617,0.0,7.313015400604687,0.0,5.01516723356009,0.0,0.0,0.0,3,0,0,0,0,2,0,0,3,4,2,1,0,0,0,0,0,2,1.0191,0,0,0,1,0,2,1,0,0,0,0,0,1,1,1,0,0,0,0,0,0,0,0,0,1,0,0,0,0,0,0,0,0,0,0,0,0,0,0,0,0,0,0,0,0,0,0,0,0,0,0,0,2,0,0,0,0,0,0,0,0,0,0,8,3.32967032967033,2,2,0.0,303.0,3,0.16483516483516483,0.19413919413919412,0.19413919413919412,0.17127724920180687,0.19413919413919412,0.31079788902898603,0.2500351899670031,0.2500351899670031,0.016610298905589467,0,0,0,0,0,2,0,0.2857142857142857,0.7142857142857143,0.07142857142857142,0.21428571428571427,0.0,0.13333333333333333,0.06666666666666667,0,0,0,0,0,0,0,0,1,0,1,0,0,0,1,0,0,0,0,1,0,0,0,0,0,0,1,0,0,1,0,1,0,0,0,0,0,1,1,0,1,0,0,0,1,0,0,0,0,1,0,0,0,0,0,0,1,0,1,0,1,0,1,0,0,0,0,1,0,0,0,0,0,0,1,0,0,0,0,0,0,1,0,0,0,0,1,1,0,0,1,0,0,0,0,0,0,0,0,0,1,0,0,0,0,0,0,1,0,0,1,0,0,0,0,0,0,0,0,0,0,0,1,0,0,0,0,1,0,0,0,0,0,0,0,0,0,0,0,0,0,0,0,0,0,0,0,0,0,0,0,0,0,0,0,0,0,0,0,0,0,0,0,0,0,0,0,0,0,0,0,0,0,0,0,0,0,0,0,0,0,0,1,0,0,0,0,0,0,0,1,0,0,1,0,0,0,0,0,0,0,0,0,0,0,0,0,1,0,0,0,0,1,0,0,0,0,0,0,0,1,0,0,1,0,0,1,0,0,0,0,0,0,0,0,0,0,0,1,0,0,1,0,0,0,1,0,0,1,1,0,0,0,1,0,1,0,0,0,1,0,1,0,1,0,1,0,0,0,0,1,1,1,1,0,0,0,0,1,1,0,0,1,0,1,0,1,0,0,1,1,1,1,1,0
10.97178555681532,0.05423451724924555,-1.440677402069899,0.17400656822855506,52.6875,467.5200000000002,0.71875,2.7472419311249543,1.6991706468763768,8788058.807249958,10.793525832364557,73.14842617521465,36.62379832648981,12.580053458670426,0.0,0.0,0.0,0.0,0.0,0.0,0.0,0.0,12.841643245852019,18.628438064208495,30.898496398305447,44.480088789403716,0.0,0.0,0.0,28.668337385810926,98.4207911231007,13.151638370425493,0.0,0.0,28.668337385810926,0.0,0.0,0.0,124.2634232218777,18.947451815200196,0.0,12.841643245852019,0.0,0.0,268.1700000000001,92.18602984176158,25.532636974203527,0.0,19.386399651764595,0.0,0.0,0.0,0.0,0.0,0.0,47.615789201011125,22.716317116442028,0.0,0.0,50.70976490930665,29.769953315137094,0.0,-10.76380159742742,-0.4989413918679795,0.0,1.0,15,1,2,3,0,0,14,0,14,14,2,6,1,2,3,0,0,3,-6.295800000000006,0,5,5,0,0,0,0,0,0,0,0,0,0,0,5,0,0,0,0,0,0,0,0,0,0,0,0,0,0,0,4,0,0,0,0,0,0,0,0,0,0,0,0,0,0,0,0,0,0,0,0,0,0,0,0,0,0,0,0,0,0,0,0,14,5.911290322580645,3,3,0.0,2932.0,3,0.06854838709677419,0.16370967741935483,0.16370967741935483,0.17789708409250565,0.16370967741935483,0.17549142331815648,0.15528153297668434,0.15528153297668434,0.015058601713846452,0,0,0,0,0,0,3,0.4375,0.5625,0.28125,0.15625,0.0,1.0,0.0,0,1,0,0,0,0,0,0,0,0,0,1,1,0,0,0,1,0,0,1,0,1,0,0,0,0,0,0,0,0,1,0,0,0,1,1,1,0,0,1,1,0,0,1,0,0,0,0,0,0,0,0,0,1,0,1,0,1,0,0,0,0,0,1,0,0,0,0,0,0,0,0,0,0,0,0,0,0,0,1,1,1,1,0,1,1,0,0,0,0,0,0,0,0,1,0,0,0,1,0,1,1,0,1,1,1,0,0,1,0,0,0,1,0,0,0,1,0,0,0,0,0,0,1,0,0,0,1,0,0,0,0,0,0,0,0,0,0,0,0,0,0,0,0,0,0,0,0,0,0,0,0,0,0,0,0,0,0,0,0,0,0,0,0,0,0,0,0,0,0,0,0,0,0,0,0,0,0,0,0,0,1,1,0,0,1,0,0,0,0,0,0,0,0,0,0,0,0,0,0,1,0,0,0,0,0,0,0,1,0,1,0,1,0,0,0,0,1,1,1,0,0,0,1,0,1,1,0,1,0,0,0,1,0,0,0,0,1,0,1,0,0,0,0,0,0,0,0,1,0,0,1,0,0,1,1,0,1,0,1,1,1,0,0,0,1,1,1,1,0,1,1,0,1,1,0,0,0,1,1,1,1,0,1,1,1,1,1,0,1,0,1,1,1,0
12.428253291146925,0.08360823727639222,-1.7214683821569643,0.12264295888602894,47.94871794871795,569.6090000000002,1.0256410256410255,2.8870943147828174,1.8393425248375312,192017100.41148093,13.234799753064436,82.52772321858437,60.5367483007184,12.580053458670426,5.907179729351506,0.0,0.0,4.794537184071822,0.0,0.0,0.0,0.0,20.392230805293824,19.13135364097311,18.69056362280884,59.48768076315695,5.907179729351506,0.0,10.633577208012662,17.201002431486554,104.58688306944934,26.744066759015258,0.0,0.0,27.834579639499218,0.0,0.0,0.0,159.63926249908442,23.741988999272017,0.0,13.344558822616634,0.0,0.0,297.72,97.14950397618422,40.540228947956756,0.0,26.11721639926408,0.0,0.0,13.971409182367815,0.0,0.0,10.633577208012662,36.148454246686754,22.723027554239223,0.0,12.428253291146925,78.54824010028233,15.752573543392657,-0.8565299253182552,-16.25353991917318,0.6336708533249147,1.5235751764859464,0.9545454545454546,15,1,2,3,1,0,15,0,16,17,2,9,1,2,3,0,0,3,-7.5244000000000115,0,7,6,0,0,0,0,0,0,0,0,0,0,2,3,0,1,0,0,0,0,0,0,0,0,0,0,0,0,0,4,0,0,0,0,0,0,0,0,0,0,0,0,0,0,0,0,0,0,0,0,0,0,0,0,0,0,0,0,0,0,0,0,14,6.550607287449393,3,3,0.0,4854.0,4,0.05533063427800269,0.15001641317430794,0.15001641317430794,0.16044321674541398,0.15001641317430794,0.15912996540118182,0.1373817846250484,0.1373817846250484,0.01429061518669423,0,0,0,0,0,0,3,0.4358974358974359,0.5641025641025641,0.3076923076923077,0.1282051282051282,0.0,0.975609756097561,0.024390243902439025,1,1,1,1,0,1,0,0,0,1,1,0,1,1,0,0,1,0,0,1,0,0,1,1,0,0,0,0,0,1,1,0,0,1,1,1,1,0,0,1,1,1,0,1,0,0,0,1,0,0,0,0,1,1,0,1,0,1,0,0,0,1,0,0,0,1,0,0,0,0,0,0,1,0,0,0,0,0,0,1,1,0,1,0,1,1,0,1,1,0,0,0,0,0,0,0,1,0,1,1,0,1,0,1,1,1,0,0,0,0,0,0,1,0,0,0,0,1,0,0,0,0,1,1,0,1,1,1,0,0,0,0,0,0,0,0,0,0,0,0,0,0,0,0,0,0,0,0,0,0,0,0,0,0,0,0,0,0,0,0,0,0,0,0,0,0,0,0,0,0,0,0,0,0,0,0,0,0,0,0,0,1,1,0,0,1,0,0,0,0,0,0,0,0,1,0,0,0,0,0,1,0,0,0,0,0,0,0,1,0,1,0,1,0,0,0,0,1,1,1,1,1,0,1,0,1,1,0,1,0,0,0,1,0,0,0,1,1,1,1,1,0,0,1,0,1,0,0,1,0,0,1,0,0,1,1,0,0,0,1,1,1,0,0,0,1,1,1,1,0,1,1,0,1,1,0,0,1,1,1,1,1,1,1,1,1,1,1,1,1,0,1,1,1,0
12.578430739026395,0.010081053986384259,-1.7558306551468605,0.11306379404457513,47.05,585.6080000000002,0.85,2.9237616016376937,1.847903728536342,351840389.6434164,14.335134540622352,88.05112948658092,67.14363026523132,12.580053458670426,5.907179729351506,0.0,0.0,4.794537184071822,0.0,0.0,0.0,0.0,19.386399651764595,12.586597235060536,18.69056362280884,64.59420815799766,5.907179729351506,0.0,5.316788604006331,22.93466990864874,110.69084945719763,19.696394776338067,0.0,0.0,28.251458512655073,0.0,0.0,0.0,164.3049998757608,23.741988999272017,0.0,12.841643245852019,0.0,0.0,331.93999999999994,110.36326790521005,45.64675634279746,0.0,25.93115605767717,0.0,0.0,0.0,0.0,0.0,5.316788604006331,41.88212172384894,22.508987749652608,0.0,12.578430739026395,84.8515698880727,23.07815814323158,-0.8451654705857445,-19.819150484244457,-0.8984471332932249,0.0,0.9545454545454546,17,1,2,3,1,0,16,0,17,18,2,10,1,2,3,0,0,3,-8.424200000000015,0,8,8,0,0,0,0,0,0,0,0,0,0,1,4,0,0,0,0,0,0,0,0,0,0,0,0,0,0,0,4,0,0,0,0,0,0,0,0,0,0,0,0,0,0,0,0,0,0,0,0,0,0,0,0,0,0,0,0,0,0,0,0,15,6.675641025641026,3,3,0.0,5207.0,3,0.05384615384615384,0.14935897435897436,0.14935897435897436,0.15832004022974902,0.14935897435897436,0.15637638685081368,0.133153233857833,0.133153233857833,0.013661312146962288,0,0,0,0,0,0,3,0.45,0.55,0.325,0.125,0.0,0.9761904761904762,0.023809523809523808,1,1,0,1,0,0,0,0,0,0,1,0,1,1,0,0,1,0,0,1,0,1,0,0,0,0,0,0,0,0,1,0,0,1,1,1,0,0,0,1,1,0,0,1,0,0,0,1,1,0,0,0,1,1,0,1,0,1,0,0,0,1,0,0,0,0,0,0,0,0,0,0,0,0,0,0,0,0,0,1,1,1,1,0,1,1,0,1,0,0,0,0,0,0,1,0,1,0,1,1,1,1,0,1,1,1,0,0,1,0,0,0,0,0,0,1,1,1,0,0,0,0,0,1,0,1,0,1,0,0,0,0,0,0,0,0,0,0,0,0,0,0,0,0,0,0,0,0,0,0,0,0,0,0,0,0,0,0,0,0,0,0,0,0,0,0,0,0,0,0,0,0,0,0,0,0,0,0,0,0,0,1,1,0,0,1,0,0,0,0,0,0,0,0,0,0,0,0,0,0,1,0,0,0,0,0,0,0,1,0,1,0,1,0,0,0,0,1,1,1,1,0,0,1,0,1,1,0,1,0,0,0,1,0,0,0,0,1,1,1,0,0,0,0,0,1,1,0,1,0,0,1,0,0,1,1,0,0,0,1,1,1,0,0,0,1,1,1,1,0,1,1,0,1,1,1,0,0,1,1,1,1,1,1,1,1,1,1,0,1,0,1,1,1,0
10.934370590828925,0.08494740488788066,-1.6616048584519005,0.16685365193348575,53.72727272727273,484.50300000000016,0.6666666666666666,2.785013664526957,1.722064446047075,13654838.446765736,10.983748429196504,77.62781348773389,61.039663877483015,12.580053458670426,0.0,0.0,0.0,0.0,0.0,0.0,0.0,0.0,6.4208216229260096,18.628438064208495,12.648722793660879,54.693143579085124,0.0,0.0,0.0,22.93466990864874,98.16606144652333,13.151638370425493,0.0,0.0,22.93466990864874,0.0,0.0,0.0,140.64256995790774,18.947451815200196,0.0,6.4208216229260096,0.0,0.0,282.61000000000007,98.35212178811022,35.745691763884935,0.0,12.965578028838586,0.0,0.0,0.0,0.0,0.0,0.0,41.88212172384894,22.188645928553036,0.0,0.0,70.89126281071222,23.505097560217962,0.0,-16.459712694205745,-0.7634389811732607,0.0,1.0,15,1,2,3,0,0,15,0,15,15,2,6,1,2,3,0,0,3,-7.2914000000000065,0,7,7,0,0,0,0,0,0,0,0,0,0,0,4,0,0,0,0,0,0,0,0,0,0,0,0,0,0,0,4,0,0,0,0,0,0,0,0,0,0,0,0,0,0,0,0,0,0,0,0,0,0,0,0,0,0,0,0,0,0,0,0,14,5.984848484848484,3,3,0.0,3160.0,3,0.06628787878787878,0.16080156402737047,0.16080156402737047,0.17783613618432087,0.16080156402737047,0.1731057055154417,0.15585341574553233,0.15585341574553233,0.015291129757864909,0,0,0,0,0,0,3,0.45454545454545453,0.5454545454545454,0.3333333333333333,0.12121212121212122,0.0,1.0,0.0,0,1,0,0,0,0,0,0,0,0,0,0,1,1,0,0,1,0,0,1,0,1,0,0,0,0,0,0,0,0,1,0,0,1,1,1,0,0,0,1,1,0,0,1,0,0,0,0,0,0,0,0,1,1,0,1,0,1,0,0,0,0,0,1,0,0,0,0,0,0,0,0,0,0,0,0,0,0,0,1,1,1,1,0,1,1,0,0,0,0,0,0,0,0,1,0,0,0,1,0,1,1,0,1,1,1,0,0,1,0,0,0,0,0,0,0,1,0,0,0,0,0,0,1,0,0,0,1,0,0,0,0,0,0,0,0,0,0,0,0,0,0,0,0,0,0,0,0,0,0,0,0,0,0,0,0,0,0,0,0,0,0,0,0,0,0,0,0,0,0,0,0,0,0,0,0,0,0,0,0,0,1,1,0,0,1,0,0,0,0,0,0,0,0,0,0,0,0,0,0,1,0,0,0,0,0,0,0,1,0,1,0,1,0,0,0,0,1,1,1,0,0,0,1,0,1,1,0,1,0,0,0,1,0,0,0,0,1,0,1,0,0,0,0,0,0,0,0,1,0,0,1,0,0,1,1,0,0,0,1,1,1,0,0,0,1,1,1,1,0,1,1,0,1,1,0,0,0,1,1,1,1,0,1,1,1,1,1,0,1,0,1,1,1,0
10.969181390148652,0.2035389268340002,-1.4096474051308105,0.1831929990220661,51.58064516129032,451.5210000000002,0.7741935483870968,2.7459066547994273,1.6928149899810838,6101887.866535572,10.606840264051232,68.04189878037394,36.62379832648981,12.580053458670426,0.0,0.0,0.0,0.0,0.0,0.0,0.0,0.0,19.26246486877803,18.628438064208495,24.794530010557143,39.37356139456301,0.0,0.0,0.0,28.668337385810926,98.7376463582784,13.151638370425493,0.0,0.0,28.668337385810926,0.0,0.0,0.0,113.0529294392887,18.947451815200196,0.0,19.26246486877803,0.0,0.0,247.94000000000003,79.97809706626498,20.426109579362823,0.0,12.524788010674312,19.386399651764595,0.0,0.0,0.0,0.0,0.0,47.615789201011125,22.955752463175354,0.0,0.0,40.70617696363034,29.955287320453717,0.0,-7.71674932158539,-0.21423692000691386,0.0,1.0,14,1,2,3,0,0,13,0,13,13,2,6,1,2,3,0,0,3,-5.266599999999998,0,4,4,0,0,0,0,0,0,0,0,0,0,0,5,0,0,0,0,0,0,0,0,0,0,0,0,0,0,0,4,0,0,0,0,0,0,0,0,0,0,0,0,0,0,0,0,0,0,0,0,0,0,0,0,0,0,0,0,0,0,0,0,14,5.776344086021505,3,3,0.0,2686.0,3,0.07096774193548389,0.1647015202076381,0.1647015202076381,0.17866940809459483,0.1647015202076381,0.17969330683183699,0.15615596489480654,0.15615596489480654,0.014877135030210983,0,0,0,0,0,0,3,0.41935483870967744,0.5806451612903226,0.25806451612903225,0.16129032258064516,0.0,1.0,0.0,0,1,0,0,0,0,0,0,0,0,0,0,1,0,0,0,1,0,0,1,0,1,0,0,0,1,0,0,0,0,1,0,0,0,1,1,1,0,0,1,1,0,0,1,0,1,0,0,0,0,1,0,0,1,0,1,0,1,0,0,0,0,0,1,0,0,0,0,0,0,0,0,0,0,0,0,0,0,0,1,1,1,1,0,1,1,0,0,0,0,0,0,0,0,1,0,0,0,1,0,1,1,0,1,0,1,0,0,1,0,0,1,0,0,0,0,1,0,0,0,0,0,0,1,0,0,0,1,0,0,0,0,0,0,0,0,0,0,0,0,0,0,0,0,0,0,0,0,0,0,0,0,0,0,0,0,0,0,0,0,0,0,0,0,0,0,0,0,0,0,0,0,0,0,0,0,0,0,0,0,0,1,1,0,0,1,0,0,0,0,0,0,0,0,0,0,0,0,0,0,1,0,0,0,0,0,0,0,1,0,1,0,1,0,0,0,0,1,1,1,0,0,0,1,0,1,1,0,1,0,0,0,1,0,0,0,0,1,0,1,0,0,0,0,0,0,1,0,1,0,0,1,0,0,1,1,0,1,0,1,1,1,0,0,0,1,1,1,1,0,1,1,0,1,1,1,0,0,1,1,1,1,0,1,1,1,1,1,0,1,0,1,1,1,0
11.47522053728899,0.011053162005543182,-0.2588378422356592,0.7521450742487875,24.529411764705884,236.23099999999997,1.5294117647058822,2.942920493316597,2.016013441752289,16439.15387566651,3.935096028973356,14.827368869587964,6.22790117073487,11.16387793838399,0.0,5.559266895052008,0.0,9.361636831863176,9.967957041894417,0.0,0.0,0.0,12.841643245852019,0.0,25.365488501790306,9.843390348640755,11.16387793838399,0.0,19.519035210632982,0.0,25.173510804335194,6.606881964512918,23.008444228652912,0.0,5.559266895052008,0.0,0.0,0.0,37.336410957734905,4.736862953800049,0.0,19.06954441658689,0.0,11.16387793838399,93.03,0.0,4.794537184071822,0.0,24.4980164180481,11.16387793838399,12.841643245852019,6.3273200747645415,10.894419722555895,0.0,14.951935562841626,9.843390348640755,7.359998110355253,0.0,22.077737465356513,9.018203315276729,0.561429070084825,0.0,4.1382455435878045,0.011053162005543182,0.0,0.5,2,0,1,1,0,2,2,0,6,7,3,2,0,1,1,0,0,3,-0.21050000000000008,0,1,1,0,0,4,1,0,0,0,0,0,3,1,0,0,0,0,0,0,0,0,0,0,0,0,0,0,1,0,1,0,0,0,0,1,0,0,0,0,0,0,0,0,0,0,0,0,0,0,0,0,0,0,0,0,0,0,0,0,0,0,0,9,3.6911764705882355,3,3,0.0,502.0,3,0.13970588235294118,0.17941176470588235,0.17941176470588235,0.17369065843882323,0.17941176470588235,0.28157133964921477,0.21922713548171538,0.21922713548171538,0.016005031039460497,0,0,0,0,2,2,1,0.4117647058823529,0.5882352941176471,0.17647058823529413,0.23529411764705882,0.0,0.42105263157894735,0.05263157894736842,0,1,0,0,1,0,1,0,0,0,1,0,1,0,0,0,1,0,0,0,0,0,0,0,0,0,0,0,0,0,1,0,1,0,0,0,1,0,1,1,0,0,0,0,1,1,0,0,1,1,0,0,0,0,0,0,1,0,1,0,1,0,0,0,0,1,1,0,0,0,0,1,0,1,0,0,0,0,0,0,1,1,0,0,0,0,0,0,0,0,1,0,0,0,1,0,0,0,0,0,1,1,1,0,0,0,0,0,1,0,1,1,0,0,0,0,1,1,0,0,0,0,1,1,0,0,0,1,0,0,0,0,0,0,0,0,0,0,0,0,0,0,0,0,0,0,0,0,0,0,0,0,0,0,0,0,0,0,0,0,0,0,0,0,0,0,1,0,0,0,0,0,0,0,0,0,0,0,0,0,0,0,0,0,0,1,0,0,0,0,1,0,0,1,0,0,0,0,0,0,1,0,0,1,0,1,0,1,1,0,1,1,0,1,0,0,0,0,1,1,1,0,0,1,1,1,1,0,0,1,0,0,0,1,0,0,0,1,1,1,0,1,0,0,0,1,1,0,1,1,1,0,0,1,0,1,1,1,0,1,1,1,0,0,0,1,0,1,0,0,1,1,0,0,1,1,1,0,0,1,1,1,1,1,1,1,1,1,0,1,1,1,1,1,0
6.176539767362579,0.7064663118333755,0.7064663118333755,0.8001222420891723,17.652173913043477,326.83100000000013,1.0,2.71956702625972,1.8304332090303408,295595.17921822146,5.870760385193409,15.116608065707286,5.835619785757269,0.0,0.0,0.0,0.0,0.0,4.992404732635669,0.0,0.0,23.733674027155736,37.37950732498524,42.45249670377218,11.374772549367124,0.0,34.49871850004047,0.0,9.799819461700956,4.992404732635669,0.0,38.54348621033382,53.05065428466959,0.0,5.316788604006331,17.062158824050687,0.0,11.600939890232516,48.862136853785714,0.0,0.0,5.563451491696996,5.022633313741326,0.0,30.869999999999997,0.0,0.0,0.0,0.0,5.022633313741326,54.64025572515524,0.0,0.0,24.26546827384644,40.363381253769305,16.593344622868184,0.0,6.176539767362579,9.68859817229361,4.204200076635593,4.115029237003444,1.0298302469135803,0.0,4.076557819629909,2.163510115759394,0.2777777777777778,1,0,2,2,0,0,0,0,4,5,2,0,0,1,1,0,0,4,3.7227000000000023,0,0,0,0,0,0,0,0,0,0,0,1,3,1,0,0,1,0,0,0,0,0,0,1,2,0,0,0,2,0,0,0,0,0,0,0,0,0,0,0,0,0,0,0,0,0,0,1,0,0,1,0,0,0,0,0,0,0,0,0,0,0,0,10,4.276679841897233,4,4,0.0,1082.0,3,0.10276679841897232,0.15603237342367776,0.15603237342367776,0.13509158610113658,0.15603237342367776,0.2430294251902981,0.188026843109891,0.188026843109891,0.012380735491572379,0,0,0,0,0,2,1,0.21739130434782608,0.782608695652174,0.0,0.17391304347826086,0.0,0.5,0.038461538461538464,0,1,0,0,0,0,0,0,0,0,0,0,0,0,1,0,0,0,0,1,0,0,0,1,0,0,0,0,0,0,1,1,0,1,0,0,1,1,0,1,0,0,0,0,0,0,0,1,1,1,0,0,0,0,0,0,1,0,0,1,0,0,1,0,1,0,0,0,1,0,0,0,1,0,1,0,1,0,0,1,0,1,0,0,1,0,1,0,1,0,1,1,0,0,0,1,1,0,0,0,1,0,1,0,0,0,0,1,0,0,0,0,1,0,0,1,0,0,0,0,0,1,1,0,0,0,0,0,0,0,0,0,0,0,0,0,0,0,0,0,0,0,0,0,0,0,0,1,0,0,0,0,0,0,0,0,0,0,0,0,0,0,0,0,0,0,1,0,0,0,0,0,0,0,0,0,0,0,0,0,0,0,0,0,0,0,0,0,0,0,1,0,0,0,0,0,0,0,0,0,0,0,0,1,0,1,1,1,1,0,0,0,0,1,1,1,0,0,0,0,0,1,0,0,0,0,1,0,1,1,0,1,0,1,0,1,0,0,0,1,0,0,0,1,1,0,1,1,1,1,1,0,0,1,0,0,1,1,0,0,0,1,1,1,0,1,1,0,0,0,1,0,1,1,0,1,1,0,0,1,0,1,0,0,1,0,1,0,1,1,1,1,0,1,0
13.391455125428823,0.16054179316354622,-0.30288331320204875,0.6577452185749303,18.066666666666666,410.4930000000003,1.2,3.1679844987412777,1.2328492308842516,12434275.79786954,7.945993904374621,9.423004667823825,11.641625339045822,5.583020141642242,0.0,5.559266895052008,0.0,9.361636831863176,9.374393568622029,0.0,0.0,5.156663257125445,64.25009226306904,48.138211250384416,5.693927994848461,8.913509984648169,10.969244356107037,0.0,19.607651156714486,0.0,57.911329389320656,19.634269217737724,57.145838104948396,0.0,5.559266895052008,4.39041504767482,0.0,0.0,39.241920374452214,19.386399651764595,12.740958040736519,54.37690451725928,0.0,10.969244356107037,64.16,0.0,9.184952231746642,0.0,11.376487736097904,11.500926187803636,92.86589155506502,12.13273413692322,6.06636706846161,11.49083684748198,10.056572987975922,9.507073457920557,20.61639405905525,0.0,20.05844080987514,5.145664014026554,3.380492052384917,0.9737534052999743,5.810256603119455,5.554423463734266,0.0,0.5217391304347826,0,0,2,2,0,2,0,0,6,7,4,4,0,1,1,0,0,5,3.5904200000000026,0,0,0,0,0,3,0,0,0,0,0,0,4,0,0,0,0,1,0,0,0,0,0,0,0,2,0,0,2,0,0,0,0,0,0,0,0,0,0,0,0,0,0,0,0,0,0,0,0,1,0,0,0,0,0,0,0,0,0,0,0,0,0,17,6.4206896551724135,5,5,0.0,2793.0,3,0.0781609195402299,0.19359605911330047,0.19359605911330047,0.1751007044648367,0.19359605911330047,0.16109073511062702,0.1599915619880114,0.1599915619880114,0.011357521817492553,0,0,0,0,1,3,1,0.23333333333333334,0.7666666666666667,0.06666666666666667,0.13333333333333333,0.0,0.5,0.029411764705882353,0,0,1,0,1,0,1,0,1,1,1,0,0,0,0,0,1,0,0,0,0,0,0,0,0,0,0,0,0,0,1,0,0,1,1,0,0,1,0,1,0,1,0,0,1,1,0,0,0,0,0,1,0,0,1,1,0,0,1,1,0,0,0,1,0,0,0,0,0,1,0,0,1,0,1,0,0,1,1,1,1,1,0,0,0,0,1,0,1,0,1,1,1,0,0,0,0,0,0,0,1,0,0,0,0,1,0,1,0,1,1,0,1,0,1,0,1,1,1,0,1,1,1,1,0,0,0,1,0,0,0,0,0,0,0,0,0,0,0,0,0,0,0,0,0,0,0,0,0,0,0,0,0,0,0,0,0,0,0,0,0,0,0,0,0,0,1,0,0,0,1,0,0,0,0,0,0,0,0,0,0,0,0,0,0,1,0,0,0,0,1,0,0,1,0,0,0,0,0,1,0,0,0,1,0,1,0,0,1,0,0,1,0,1,1,1,0,0,0,0,1,0,1,0,1,1,1,0,1,1,1,0,0,1,0,1,1,0,1,1,0,1,0,0,1,1,1,0,1,1,1,0,1,1,0,1,1,1,0,0,0,0,1,0,0,1,1,0,0,0,1,1,1,1,0,1,1,0,1,0,1,1,1,1,1,0,1,1,1,1,1,1,1,1,0
6.124212962962963,0.06120370370370343,0.06120370370370343,0.7733298315151295,20.36842105263158,253.345,1.0,2.433755114854391,2.0314470752587894,33761.05095326011,5.554883036559278,4.736862953800049,6.103966387748303,0.0,0.0,0.0,0.0,4.899909730850478,0.0,0.0,0.0,54.59730361615449,23.738026457768175,13.08951281182515,6.606881964512918,4.736862953800049,0.0,0.0,4.899909730850478,0.0,12.648722793660877,20.199310353102682,71.28765809124548,0.0,0.0,0.0,0.0,0.0,25.099220083953163,11.281619359712625,0.0,22.79432086283929,0.0,0.0,12.47,0.0,0.0,0.0,6.103966387748303,0.0,19.696394776338067,16.690354475090988,0.0,6.06636706846161,60.47851826122054,4.736862953800049,6.124212962962963,0.0,2.305601851851852,0.0,3.887320483749056,0.0,0.06120370370370343,2.7271130952380953,2.1418490173847315,0.29411764705882354,0,0,1,1,0,0,1,0,2,2,1,1,0,0,0,0,1,3,3.238000000000002,0,0,0,0,0,0,0,0,0,0,0,0,1,0,0,0,1,0,0,0,0,0,0,0,0,0,0,0,1,0,1,0,0,0,0,0,0,0,0,0,0,0,0,0,0,0,0,0,0,0,0,0,0,0,0,0,0,0,0,0,0,0,0,9,3.801169590643275,3,3,0.0,650.0,3,0.12280701754385963,0.1647746818025456,0.1647746818025456,0.15349281585939614,0.1647746818025456,0.2722251166944561,0.20818484025651648,0.20818484025651648,0.012326170349727775,0,0,0,0,0,2,0,0.10526315789473684,0.8947368421052632,0.05263157894736842,0.05263157894736842,0.0,0.42857142857142855,0.0,0,0,0,1,0,1,0,0,0,0,0,0,0,0,0,0,1,0,0,0,0,0,0,0,0,0,1,0,0,0,1,0,0,1,1,0,0,1,0,1,0,1,0,0,1,0,0,1,0,0,0,0,0,0,1,0,0,0,0,0,0,0,1,0,1,0,0,0,0,0,0,0,1,1,0,0,0,0,0,1,1,1,0,0,1,0,1,0,0,0,0,0,0,0,0,0,0,0,0,0,1,0,0,0,0,0,0,1,0,0,0,0,0,0,1,1,1,0,0,0,0,1,0,1,0,0,0,1,0,0,0,0,0,0,0,0,0,0,0,0,0,0,0,0,0,0,0,0,0,0,0,0,0,0,0,0,0,0,0,0,0,0,0,0,0,0,0,0,0,0,0,0,0,0,0,0,0,0,0,0,0,0,0,0,0,1,0,0,0,0,1,0,0,0,0,0,0,0,0,0,0,0,0,1,0,0,0,0,0,0,0,0,0,1,1,0,0,0,0,0,0,1,0,1,0,0,0,0,1,1,0,0,0,1,0,0,0,1,0,1,0,0,0,1,1,0,1,0,1,1,1,0,0,1,0,0,0,1,0,0,1,0,0,0,0,1,1,0,0,0,0,0,1,1,0,1,1,0,0,0,1,1,0,0,0,1,1,0,1,1,1,1,1,1,0
11.613393349257414,0.27758316302237707,-3.2286778278400594,0.7044044148957774,11.458333333333334,358.8500000000001,0.9166666666666666,2.5500822211120084,2.1335650269611937,244236.6748092237,6.338787742293893,0.0,0.0,9.837253136417502,0.0,0.0,0.0,9.967957041894417,8.417796984328938,0.0,0.0,23.733674027155736,42.81902403369567,35.470287304980005,15.612044784107562,8.417796984328938,21.43819302665002,0.0,9.967957041894417,0.0,11.819220675208399,6.255769183511404,65.5748179310472,22.384282469939446,0.0,0.0,0.0,11.600939890232516,24.641523209734757,9.837253136417502,6.923737199690624,5.693927994848461,5.022633313741326,22.384282469939446,59.92,9.837253136417502,8.417796984328938,0.0,4.895483475517775,5.022633313741326,28.078210464787908,6.255769183511404,36.65915541707259,25.122838405075452,9.967957041894417,11.600939890232516,23.22678669851483,6.109258611880965,9.019915861897509,0.5148244861216094,4.214268333075077,0.0,4.539096070909744,1.920528192649266,-3.2286778278400594,0.1111111111111111,0,0,0,0,0,2,0,0,4,6,2,3,0,0,0,0,0,3,4.175920000000004,0,0,0,0,0,2,0,0,0,0,0,0,2,0,0,0,0,0,0,0,0,0,0,0,0,1,0,0,0,0,0,0,0,0,0,0,0,0,0,0,0,0,0,0,0,0,0,0,0,0,0,0,2,0,0,0,1,0,0,0,0,0,0,12,4.894927536231884,3,3,0.0,1351.0,4,0.09420289855072465,0.1770421607378129,0.1770421607378129,0.16784067017470733,0.1770421607378129,0.2132686854530408,0.18317148614705572,0.18317148614705572,0.01530168151983689,0,0,0,0,0,3,0,0.25,0.75,0.08333333333333333,0.08333333333333333,0.041666666666666664,0.23076923076923078,0.07692307692307693,1,0,0,1,0,0,0,0,1,0,1,0,0,1,0,0,0,0,0,1,0,0,0,0,0,0,0,0,0,0,0,0,0,1,0,0,1,0,0,0,0,0,0,0,1,0,0,0,0,1,0,0,1,0,0,0,0,0,1,0,1,0,0,1,0,0,0,1,1,0,0,0,0,0,0,1,0,0,0,1,0,1,0,0,0,0,1,0,1,0,0,0,0,0,1,0,1,0,0,0,1,0,0,0,0,0,0,1,0,0,0,0,0,0,0,0,0,0,0,1,0,0,1,0,1,0,1,1,0,0,0,0,0,0,0,0,0,0,0,0,0,0,0,0,0,0,0,0,0,0,0,0,0,0,0,0,0,0,0,0,0,0,0,0,0,0,0,0,0,0,0,0,0,0,0,0,0,0,0,1,0,0,0,1,0,0,1,1,1,1,1,0,1,1,0,1,0,0,0,0,0,1,0,0,0,0,0,0,1,1,0,0,0,0,0,1,1,0,0,0,0,1,0,0,0,0,1,0,0,0,1,1,0,0,0,1,0,0,0,0,1,0,0,0,0,0,0,0,1,1,0,0,1,1,0,0,0,0,1,0,0,0,1,0,1,1,0,0,0,0,1,0,1,1,0,0,1,1,1,0,0,0,0,0,1,0,0,1,1,1,1,1,1,1,0
11.129477946271102,0.06197055846985755,-1.2912170542410788,0.05709488007919611,51.03125,1390.728000000001,0.3958333333333333,0.7979058655515403,2.032984719190638e-07,7.2999845951127605e+22,35.36044264077942,187.13859866397632,90.05074908593069,37.740160376011275,0.0,0.0,0.0,0.0,0.0,0.0,0.0,0.0,120.59676853549597,54.87948303909625,74.38359003167142,102.80110199916696,0.0,0.0,21.267154416025324,63.07034224878404,323.0946608380455,54.55609023016008,0.0,0.0,84.33749666480936,0.0,0.0,0.0,331.2034170169848,56.84235544560059,0.0,92.40608060478722,0.0,0.0,627.1700000000001,182.1674769242736,45.95874655356634,0.0,68.34174920252346,45.06968614346863,19.26246486877803,0.0,41.91422754710344,20.89514638205844,21.267154416025324,119.91269769438466,70.42808508642828,0.0,0.0,108.33058325541688,63.846451390937126,0.0,-13.28504911823833,8.697258765973176,6.737334778873934,1.0,35,3,6,9,0,0,38,0,36,36,6,19,3,6,9,0,2,9,-10.892399999999943,0,9,6,0,0,0,0,0,0,0,0,0,0,4,11,0,4,0,0,0,0,0,0,0,0,0,0,0,0,0,12,0,0,0,0,0,0,0,0,0,0,0,0,0,0,0,0,0,0,0,0,0,0,0,0,0,0,0,0,0,0,0,0,0,0.0,9,9,0.0,inf,4,0.022368421052631583,0.01725457260171706,0.01725457260171706,0.01887104151654363,0.01725457260171706,0.0,0.0,0.0,0.008800326307962042,0,0,0,0,0,0,9,0.375,0.625,0.21875,0.15625,0.0,1.0,0.0,1,1,1,0,0,0,0,0,0,1,1,0,1,0,0,0,1,0,1,1,0,0,1,1,0,1,0,1,0,1,1,0,1,1,1,0,1,0,0,1,1,1,0,1,1,1,0,0,0,0,1,0,0,1,0,1,0,0,0,0,0,0,0,1,0,1,0,0,0,0,1,0,1,0,0,0,0,0,0,1,1,0,0,0,1,1,0,0,1,0,0,0,0,0,1,0,0,0,1,0,0,1,0,1,0,1,0,0,0,0,0,1,1,0,0,1,0,0,0,1,0,0,1,1,0,0,0,1,0,0,0,0,0,0,0,0,0,0,0,0,0,0,0,0,0,0,0,0,0,0,0,0,0,0,0,0,0,0,0,0,0,0,0,0,0,0,0,0,0,0,0,0,0,0,0,0,0,0,0,0,0,1,1,0,0,1,0,0,0,0,0,0,0,0,1,0,0,0,0,0,1,0,0,0,0,0,0,0,1,0,1,0,1,0,0,0,0,1,1,1,0,1,0,1,0,1,1,0,1,0,0,0,1,0,0,0,1,1,0,1,1,0,0,1,1,0,1,0,1,0,0,1,0,0,1,1,0,1,0,1,1,1,0,0,0,1,1,1,1,1,1,1,0,1,1,1,0,1,1,1,1,1,0,1,1,1,1,1,1,1,0,1,1,1,1
13.280251990574335,0.2567191531111983,-0.7533532871749877,0.68846240126238,22.620689655172413,405.44100000000014,0.8275862068965517,2.7228674916016375,1.2365254939318966,4365042.490124043,8.649757990750814,25.00356930128784,47.54933089965281,0.0,0.0,0.0,0.0,0.0,8.78083009534964,0.0,0.0,0.0,73.2083918858677,13.08951281182515,0.0,28.46761079263115,0.0,0.0,5.316788604006331,0.0,50.099152042697256,13.08951281182515,59.159547076255436,11.49902366656781,14.790514511606428,8.78083009534964,11.49902366656781,0.0,47.71843315249977,12.841643245852019,11.63444168209179,23.96854622924601,0.0,0.0,70.95,12.207932775496605,18.99388488503105,0.0,36.931887269413544,37.18231015827185,11.126902983393991,24.26546827384644,12.13273413692322,0.0,5.316788604006331,9.473725907600098,38.15405748631015,0.0,0.0,23.912763971078853,1.6230391991579072,0.6243236801267675,0.2140271876109625,0.5134383062223971,0.0,0.45454545454545453,3,0,2,2,0,0,4,0,5,7,2,6,0,0,0,0,4,4,2.363600000000001,0,2,2,0,0,0,0,0,0,0,0,0,0,1,0,0,0,0,0,0,0,0,0,0,0,2,0,0,2,0,2,0,0,0,0,0,0,0,0,0,0,0,0,0,0,0,0,0,0,0,0,0,0,0,0,0,0,0,0,0,0,0,0,18,6.630541871921182,4,4,0.0,2692.0,3,0.0788177339901478,0.20853858784893267,0.20853858784893267,0.1871151090972507,0.20853858784893267,0.15596028822080785,0.1751358625302511,0.1751358625302511,0.011737138901981877,0,0,0,0,0,2,0,0.2413793103448276,0.7586206896551724,0.13793103448275862,0.034482758620689655,0.0,0.625,0.0,1,1,1,0,0,0,1,0,1,0,1,1,0,0,0,0,1,0,1,0,0,0,0,1,0,0,0,0,0,0,1,0,0,0,0,0,0,0,0,1,1,0,0,1,1,1,0,0,0,0,0,0,0,0,0,0,0,0,0,1,0,0,0,0,0,0,0,0,0,0,0,0,0,1,1,1,0,0,1,1,1,1,0,0,1,0,1,0,1,0,0,0,0,0,1,0,0,0,0,1,1,0,0,0,1,0,0,1,1,0,1,0,0,1,0,0,0,0,0,0,0,0,0,1,0,0,0,0,0,0,0,0,0,0,0,0,0,0,0,0,0,0,0,0,0,0,0,0,0,0,0,0,0,0,0,0,0,0,0,0,0,0,0,0,0,0,0,0,0,0,1,0,0,0,0,0,0,0,0,0,0,0,1,0,0,1,0,0,0,0,0,0,0,0,0,0,0,0,0,0,1,0,0,0,0,0,0,0,0,0,1,0,0,0,1,1,0,0,1,1,0,0,0,1,0,1,1,0,1,1,0,0,1,1,0,1,0,0,0,0,0,1,0,0,0,0,1,0,1,0,0,0,0,1,0,0,1,1,0,1,1,0,1,0,0,1,1,1,1,0,0,0,1,1,1,1,0,0,0,1,1,1,0,1,0,1,1,1,0,1,1,1,1,1,0
6.333703703703704,0.027006802721088574,-0.1753647014361306,0.8888730494256725,19.08695652173913,313.39700000000005,1.0869565217391304,2.625428407261429,1.8648144587804325,287746.9534358526,7.993805643840208,19.527377465406477,6.103966387748303,17.602990054316113,0.0,0.0,0.0,0.0,0.0,0.0,0.0,42.46456947923127,24.619922828310838,13.08951281182515,13.213763929025836,14.210588861400147,0.0,0.0,5.316788604006331,0.0,19.13166997518723,26.303276740850986,60.160755107851486,11.49902366656781,14.790514511606428,0.0,11.49902366656781,0.0,32.40724312859929,4.736862953800049,0.0,18.591155079135923,0.0,0.0,39.72,0.0,0.0,0.0,12.207932775496605,13.213763929025836,30.15198797008996,0.0,0.0,49.38830667892189,17.449522740929552,14.210588861400147,17.95158974237843,0.0,0.0,3.3743667328042326,1.1041680839002268,1.5111817365835227,-0.20237150415721916,4.936367630385488,0.0,0.3684210526315789,1,0,1,1,0,0,2,0,4,4,1,6,0,1,1,0,2,3,3.1938000000000004,0,0,0,0,0,0,0,0,0,0,0,0,0,1,0,0,0,0,0,0,0,0,0,0,0,0,0,0,0,0,3,0,0,0,0,0,0,0,0,0,0,0,1,0,0,0,0,2,0,0,0,0,0,0,0,0,0,0,0,0,0,0,0,10,4.608695652173913,3,3,0.0,1166.0,3,0.09881422924901183,0.1718426501035197,0.1718426501035197,0.1888131927333054,0.1718426501035197,0.22585505390827393,0.18585355900413486,0.18585355900413486,0.010803019349985492,0,0,0,0,0,2,1,0.17391304347826086,0.8260869565217391,0.13043478260869565,0.043478260869565216,0.0,0.52,0.0,0,1,1,0,0,1,0,0,0,1,0,0,0,0,0,0,1,0,0,1,0,0,0,1,1,1,0,1,1,0,1,1,0,1,1,0,0,0,1,0,0,1,0,0,1,1,1,1,0,1,1,0,0,1,1,1,0,0,0,0,0,0,0,0,1,0,0,0,0,0,0,0,0,0,0,0,0,0,0,0,1,1,0,0,0,1,1,0,0,0,1,0,0,0,0,0,0,0,0,0,1,0,0,0,0,0,0,0,0,1,0,0,0,0,0,1,0,0,0,0,0,0,0,1,0,0,1,0,0,0,0,0,0,0,0,0,0,0,0,0,0,0,0,0,0,0,0,0,0,0,0,0,0,0,0,0,0,0,0,0,0,0,0,0,0,0,0,0,0,0,0,0,0,0,0,0,0,0,0,0,0,0,0,0,0,1,0,0,0,0,0,0,0,0,0,0,0,0,0,0,1,0,0,0,0,0,0,0,0,0,1,0,0,0,1,0,0,0,0,1,0,0,0,1,0,1,1,0,1,0,0,0,1,0,0,0,0,1,0,1,0,1,1,0,0,0,1,0,1,1,0,0,0,1,1,1,1,1,0,0,1,0,0,0,0,1,1,0,0,0,0,1,1,1,1,1,0,0,1,1,1,1,0,1,0,1,1,1,1,1,1,1,1,1,0
13.530831954746699,0.015329325702106766,-2.2846295717246625,0.1734832483457959,35.67391304347826,643.6420000000002,0.9565217391304348,3.0104984890193425,1.3149899678220702,12060604279.720778,12.048424605751102,55.320283661406606,29.810922829812718,29.929788297765242,0.0,0.0,0.0,14.383611552215466,0.0,0.0,0.0,24.26546827384644,13.847474399381248,53.978933287639975,41.6467349221355,63.97022773645988,17.34973483909482,0.0,0.0,5.733667477162185,100.37750431637717,6.606881964512918,57.64617722402841,11.49902366656781,5.733667477162185,0.0,11.49902366656781,0.0,109.33855821019557,30.162810622198027,0.0,82.1836889742332,0.0,0.0,235.52999999999997,120.27093012471344,45.022775921259694,0.0,35.095449212640005,0.0,0.0,12.13273413692322,25.980208536304467,0.0,0.0,24.681119292362382,23.80755564889986,0.0,39.73781432331859,65.09999456072966,2.509723392248463,-3.799489714828816,-8.834918936612876,2.225199939274646,0.0,0.53125,8,2,2,4,0,0,10,0,14,14,2,6,0,2,2,0,0,6,-0.1262999999999988,0,4,3,0,0,0,0,2,0,0,0,0,0,0,1,0,0,0,0,0,0,0,0,0,0,0,0,0,3,0,4,0,0,0,0,0,0,0,3,1,0,0,0,0,0,0,0,0,0,0,0,0,0,0,0,0,0,0,0,0,0,0,0,19,7.319806763285024,6,6,0.0,7576.0,4,0.049275362318840575,0.1436319718928414,0.1436319718928414,0.1453477341092304,0.1436319718928414,0.14245476464415788,0.10726471935012398,0.10726471935012398,0.012539635275773583,0,0,0,0,0,2,2,0.30434782608695654,0.6956521739130435,0.2826086956521739,0.021739130434782608,0.0,0.7058823529411765,0.058823529411764705,1,1,1,0,0,0,0,0,0,0,1,1,1,0,0,0,1,0,0,1,0,0,0,1,0,0,0,0,0,1,1,0,0,1,1,0,1,0,1,1,1,0,0,0,1,0,1,1,1,0,0,0,1,0,0,1,0,1,1,0,0,1,0,1,1,0,1,0,1,0,1,0,0,0,1,0,1,1,0,1,1,1,1,1,0,0,1,0,1,0,0,0,1,0,1,0,1,0,1,1,1,1,0,0,0,1,0,0,0,0,0,0,1,0,0,0,1,0,0,0,0,1,0,1,0,1,0,0,0,0,0,0,0,0,0,0,0,0,0,0,0,0,0,0,0,0,0,0,0,0,0,0,0,0,0,0,0,0,0,0,0,0,0,0,0,0,0,0,0,0,0,0,0,0,0,0,0,0,0,0,0,1,1,0,0,1,0,0,0,0,0,0,0,0,1,0,0,0,0,0,1,0,0,0,0,0,0,0,0,0,1,0,1,0,0,0,0,1,1,1,0,0,0,1,0,1,1,0,0,1,0,0,1,1,0,0,1,1,0,1,1,1,0,0,0,0,0,0,1,0,0,1,0,1,1,1,1,1,0,1,1,1,0,0,1,1,0,1,1,0,0,1,1,1,1,0,0,1,1,1,1,1,1,1,1,1,1,1,1,1,1,1,1,1,0
11.395483749055177,0.05999999999999961,-0.740691609977324,0.5601191738811692,10.642857142857142,194.154,1.5714285714285714,2.5508633822312086,2.906324847582418,2040.690705784967,2.6198926454093896,5.733667477162185,6.3273200747645415,11.341105215616189,0.0,5.907179729351506,5.689743398203474,4.794537184071822,14.179210311280823,4.681802935145185,5.098681808301038,5.213385095654868,0.0,7.04767198267719,0.0,4.794537184071822,11.554356950119233,0.0,24.378542966310093,12.781339459839375,0.0,0.0,22.505528651888298,0.0,11.423410875365658,0.0,0.0,0.0,30.285722695661597,7.04767198267719,0.0,10.488465178920283,0.0,5.647177220767728,108.17000000000002,11.59692312755498,9.589074368143644,0.0,11.341105215616189,0.0,9.082497541406978,13.37499205744173,0.0,0.0,15.296045424903113,5.733667477162185,2.131494708994709,0.0,25.90685326908541,7.143055555555556,4.595841836734695,-0.740691609977324,1.1869444444444444,0.0,1.443168461829176,0.16666666666666666,2,0,0,0,1,2,0,0,7,8,2,1,0,0,0,0,0,2,-2.078099999999999,0,0,0,0,0,5,0,0,0,0,0,0,5,0,1,0,0,0,0,0,0,0,0,0,0,1,0,0,1,0,0,0,0,0,0,1,0,0,0,0,0,0,0,0,0,0,0,0,0,0,0,1,0,0,0,0,0,0,0,0,0,0,0,7,3.043956043956044,2,2,0.0,277.0,3,0.16483516483516486,0.17032967032967036,0.17032967032967036,0.15749850888273764,0.17032967032967036,0.3407175142468079,0.24442039074891822,0.24442039074891822,0.022150738327120494,0,0,0,0,1,2,0,0.5714285714285714,0.42857142857142855,0.14285714285714285,0.42857142857142855,0.0,0.2,0.13333333333333333,1,0,0,1,0,0,0,0,0,0,1,0,1,0,0,0,0,0,0,1,0,0,0,0,1,0,0,0,1,0,1,1,1,1,0,0,1,0,0,1,0,0,0,0,1,0,0,0,0,1,0,0,0,1,0,0,0,0,1,0,0,0,1,0,0,0,0,0,0,0,0,0,1,0,0,0,0,0,0,0,0,1,0,0,0,0,0,0,0,1,0,0,0,1,0,0,0,0,0,0,1,0,0,0,0,0,1,0,0,0,0,0,0,0,0,0,0,1,0,1,0,1,1,0,0,1,0,0,0,0,0,0,0,0,0,0,0,0,0,0,0,0,0,0,0,0,0,0,0,0,0,0,0,0,0,0,0,0,0,0,0,0,0,0,0,1,1,0,0,0,0,0,0,0,0,0,0,0,0,0,1,0,0,0,0,0,0,0,0,0,0,0,0,1,0,0,0,0,1,0,0,0,0,1,0,1,0,1,1,0,0,1,1,1,0,0,0,0,0,0,1,1,1,1,1,1,1,0,0,1,0,0,0,1,1,0,0,0,1,0,0,1,0,0,0,1,0,0,1,1,1,0,1,1,0,1,0,0,1,0,0,0,0,0,1,1,0,0,0,0,1,1,1,0,0,0,1,0,1,1,0,0,1,0,1,0,1,1,1,1,1,1,1,1,0
14.543653694781717,0.006967626219283041,-2.4686504005185954,0.11617337224046025,37.43835616438356,1030.3029999999999,0.863013698630137,3.3716123541676786,1.6939904463421955,1787337139017851.2,28.265156851324967,53.74719703301359,41.65594179590289,5.783244946364939,5.7871111525705965,11.690424675716445,11.938610575903699,23.97268592035911,4.794537184071822,0.0,0.0,71.0748066394564,113.8793550269547,58.46951041408137,31.525663092270747,77.61451040659406,35.19552514435002,0.0,4.899909730850478,40.92242674636514,186.99647376859383,41.087912958771014,47.60232970114182,0.0,0.0,0.0,0.0,0.0,156.166174109291,57.18840082723122,40.92242674636514,132.43975707263712,0.0,0.0,241.95999999999992,120.48613053064501,49.19333268379375,0.0,42.78870163681726,69.78132075932938,10.473014260919745,21.14333228224569,40.880766446873906,51.15131213324128,0.0,28.421177722800294,35.43608992172098,0.0,85.3945626934464,43.07318470389589,-0.27735049998101147,-9.364805444515937,9.763015085760456,12.747098653609228,4.429110045884722,0.75,4,1,3,4,1,0,15,2,16,17,3,10,1,2,3,0,0,4,5.722400000000009,0,4,3,0,0,0,0,0,0,0,0,0,1,0,0,0,0,0,0,0,0,0,6,0,0,0,0,0,3,2,6,0,0,0,0,0,0,0,3,3,1,3,0,0,0,0,0,0,0,1,0,0,0,0,0,0,0,0,0,0,0,0,0,25,10.358828006088281,4,4,0.0,27223.0,4,0.028919330289193305,0.13181447895898984,0.13181447895898984,0.13391299583193111,0.13181447895898984,0.09927803244542471,0.06586435488201424,0.06586435488201424,0.009740599412945269,0,0,0,0,0,0,4,0.2328767123287671,0.7671232876712328,0.2191780821917808,0.0136986301369863,0.0,0.868421052631579,0.13157894736842105,0,1,1,0,1,1,1,1,1,0,1,1,1,0,1,1,1,0,1,0,0,0,1,0,0,1,1,1,0,1,1,1,1,1,0,0,1,0,1,1,0,1,1,1,1,1,1,0,0,0,0,1,1,1,1,1,0,1,1,1,0,0,0,1,0,0,0,1,0,1,1,0,1,1,1,1,0,0,1,0,1,1,0,0,0,0,0,0,0,0,1,0,1,0,1,0,0,1,0,1,1,0,1,1,1,1,1,0,0,0,1,1,1,0,1,1,0,1,0,0,0,0,1,1,0,1,1,0,0,0,0,0,0,0,0,0,0,0,0,0,0,0,0,0,0,0,0,0,0,0,0,0,0,0,0,0,0,0,0,0,0,0,0,0,0,0,0,0,0,0,0,0,0,0,0,0,0,0,1,0,0,1,0,0,0,1,0,0,0,0,0,0,0,0,1,0,0,0,0,0,1,0,0,0,1,0,0,0,0,0,1,0,0,1,0,0,0,1,1,1,1,1,0,1,0,1,1,1,1,0,0,0,0,1,0,0,1,1,1,1,1,0,0,1,1,1,1,0,1,1,1,1,0,0,1,1,1,1,0,1,1,0,0,0,1,1,1,1,1,1,0,1,0,1,1,1,1,1,1,0,1,1,1,1,1,1,1,1,1,1,0,1,1,1,0
11.261375263903307,0.0,-4.2612917298639585,0.05556123580137446,17.444444444444443,774.981,0.6481481481481481,3.451730171486395,5.606644407083157e-06,338498308238.3748,16.793957563768135,14.005409478231204,6.544756405912575,5.711685002770702,5.687386274683562,0.0,29.557286032607934,0.0,16.835593968657875,4.575525859479815,0.0,98.82487854970516,78.42704186147255,58.97653996646082,25.651244187463888,60.07390560812635,58.86760812806411,0.0,0.0,0.0,64.2082162292601,29.49512975616921,132.15248786582637,0.0,34.457195763458415,11.374772549367124,0.0,0.0,60.823524603607844,31.066234656860665,0.0,64.50513827386052,0.0,21.544896857859182,120.65,20.236253718067108,25.9410937160386,0.0,51.89297418489507,38.7727993035292,33.55594529412325,21.899351412323583,0.0,42.51283467109263,109.98609528737667,0.0,69.82659806460313,0.0,2.258346481183288,4.70058312847495,6.218545369997237,-0.7329471889405625,15.996774136626454,10.046432713149247,-8.522583459727915,0.32558139534883723,0,0,2,2,0,0,0,0,7,11,2,14,0,0,0,0,0,6,5.374300000000005,0,0,0,0,0,0,0,0,0,0,0,0,2,0,0,0,0,0,0,0,0,0,8,0,1,0,0,0,6,0,0,0,0,0,0,0,0,0,0,0,0,0,0,0,0,0,0,0,0,0,0,0,0,0,0,0,0,0,0,0,0,2,0,0,0.0,6,6,0.0,inf,4,0.04053109713487073,0.15803902596355426,0.15803902596355426,0.1719618686606433,0.15803902596355426,0.0,0.10371799545908503,0.10371799545908503,0.011651659880739514,0,0,0,0,2,4,0,0.2037037037037037,0.7962962962962963,0.1111111111111111,0.037037037037037035,0.037037037037037035,0.46551724137931033,0.15517241379310345,0,0,1,1,0,1,0,0,0,0,1,1,0,0,0,1,1,0,0,0,1,0,0,1,1,0,0,0,1,1,0,0,1,1,0,1,1,1,0,1,0,0,0,0,1,0,0,1,1,0,0,0,0,0,1,0,0,0,0,0,0,1,1,1,1,0,0,1,1,0,0,0,0,1,0,1,1,1,0,1,1,1,0,0,0,1,1,1,1,1,0,0,1,0,1,0,0,1,0,0,1,0,0,0,0,0,0,0,0,0,0,0,0,0,0,0,1,0,1,1,0,1,1,1,0,1,0,1,0,0,0,0,0,0,0,0,0,0,0,0,0,0,0,0,0,0,0,0,0,0,0,0,0,0,0,0,0,0,0,0,0,0,0,1,0,0,0,1,1,0,0,0,1,1,0,0,1,1,0,1,0,0,0,1,0,0,1,0,1,1,0,0,0,0,1,1,0,0,0,0,0,1,1,1,1,0,1,0,0,0,0,1,0,1,0,0,1,0,0,0,0,0,0,0,1,0,0,1,1,1,1,0,0,1,1,0,1,0,0,1,1,0,0,0,0,0,1,1,1,1,1,0,1,1,0,0,0,1,1,0,1,0,0,1,1,1,1,0,1,1,1,0,1,1,1,1,1,1,1,0,0,1,0,1,1,0,1,1,1,1,1,1,1,1,1
12.752596371882088,0.025648148148147865,-0.6016666666666663,0.6238535306733746,25.7,273.376,1.35,2.477361202512614,2.537204168692801,35862.2807675726,6.226921985129271,9.636772684650527,5.41499046939678,0.0,0.0,0.0,5.969305287951849,4.794537184071822,0.0,0.0,0.0,42.483875555975814,39.424175902594015,6.041840829147961,6.606881964512918,9.53140013787187,5.969305287951849,0.0,4.899909730850478,0.0,31.222211744087385,20.702225929867296,48.04732704767281,0.0,0.0,0.0,0.0,0.0,37.61328177781758,14.94639060726865,0.0,25.328831937239638,0.0,0.0,29.54,5.41499046939678,4.794537184071822,0.0,12.011146117099809,6.606881964512918,18.405094737549014,0.0,0.0,51.35091650735305,17.051949944518242,4.736862953800049,5.420056689342404,0.0,14.849401927437643,0.0,0.4413888888888895,-0.11643518518518503,5.977920918367347,2.2750054327286477,4.0223063114134545,0.47058823529411764,0,1,0,1,0,0,2,0,3,3,0,4,0,0,0,0,2,2,2.7677000000000014,0,0,0,0,0,0,0,0,0,0,0,0,1,0,0,0,1,0,0,0,0,0,1,0,0,0,0,0,0,1,1,0,0,0,0,0,0,0,0,0,0,0,0,0,0,0,0,0,0,0,0,0,0,0,0,0,0,0,0,0,0,0,0,8,3.7473684210526317,2,2,0.0,712.0,4,0.1105263157894737,0.1526315789473684,0.1526315789473684,0.1848952280088554,0.1526315789473684,0.2790101881642223,0.18867008947609767,0.18867008947609767,0.01836838298877542,0,0,0,0,0,1,1,0.15,0.85,0.1,0.05,0.0,0.6190476190476191,0.09523809523809523,1,0,0,0,1,1,0,0,1,0,1,1,0,0,0,1,0,0,0,1,0,0,0,0,0,0,1,0,0,1,1,0,0,1,0,0,1,0,1,1,0,0,0,0,1,1,0,1,0,0,0,0,0,0,0,1,0,0,1,1,0,1,0,0,1,1,0,0,0,0,0,0,0,0,1,0,0,0,0,0,1,1,0,0,0,0,1,0,0,0,0,0,0,0,0,0,0,0,0,0,1,0,0,0,1,0,1,0,0,0,0,1,0,1,0,1,0,0,0,0,0,0,0,1,0,1,0,0,0,0,0,0,0,0,0,0,0,0,0,0,0,0,0,0,0,0,0,0,0,0,0,0,0,0,0,0,0,0,0,0,0,0,0,0,0,0,0,0,0,0,0,0,0,0,0,0,0,0,0,0,0,0,0,0,0,0,0,0,0,0,1,0,0,0,1,0,0,0,0,0,0,0,1,0,0,0,0,0,0,0,0,0,0,1,1,0,0,0,0,0,0,1,0,0,0,1,0,1,0,0,0,0,0,0,0,0,1,1,0,0,1,0,1,0,0,0,1,0,0,0,1,1,0,0,1,0,1,0,0,0,0,1,0,0,0,0,0,0,0,1,0,0,0,1,0,1,1,1,1,0,0,1,1,1,1,1,1,1,1,1,1,1,1,1,0
12.593707482993198,0.025277777777777954,-0.6103472222222219,0.6664151779245063,26.105263157894736,259.349,1.4210526315789473,2.477475138555665,2.4918835852906627,25478.354324906457,6.021861898844354,10.05365155780638,5.41499046939678,0.0,0.0,0.0,5.969305287951849,4.794537184071822,0.0,0.0,0.0,42.483875555975814,32.37650391991683,6.041840829147961,6.606881964512918,9.53140013787187,5.969305287951849,0.0,5.316788604006331,0.0,31.222211744087385,13.654553947190108,48.04732704767281,0.0,5.316788604006331,0.0,0.0,0.0,25.66570006428992,14.94639060726865,0.0,25.328831937239638,0.0,0.0,38.33,5.41499046939678,4.794537184071822,0.0,12.011146117099809,6.606881964512918,18.405094737549014,0.0,0.0,44.30324452467586,17.468828817674094,4.736862953800049,5.358390022675738,0.0,12.593707482993198,3.2449914965986393,0.41479166666666734,-0.1343518518518516,5.87375425170068,2.2611165438397585,1.886153155706727,0.4375,1,1,0,1,0,0,2,0,3,3,0,4,0,0,0,0,0,2,2.4255000000000004,0,0,0,0,0,0,0,0,0,0,0,0,0,1,0,0,1,0,0,0,0,0,1,0,0,0,0,0,0,1,1,0,0,0,0,0,0,0,0,0,0,0,0,0,0,0,0,0,0,0,0,0,0,0,0,0,0,0,0,0,0,0,0,8,3.672514619883041,2,2,0.0,628.0,4,0.11695906432748536,0.15720674234606125,0.15720674234606125,0.1854894916489174,0.15720674234606125,0.28490352593507506,0.19435255586734232,0.19435255586734232,0.018073185956121927,0,0,0,0,0,1,1,0.15789473684210525,0.8421052631578947,0.10526315789473684,0.05263157894736842,0.0,0.6,0.1,1,0,0,0,1,1,0,0,0,0,1,0,0,0,0,1,0,0,0,1,0,0,1,0,0,0,0,0,0,0,1,0,0,1,0,0,1,0,1,1,0,1,0,0,1,1,0,1,0,0,0,0,0,0,0,1,0,0,1,1,0,0,0,0,1,1,0,0,0,0,0,0,0,0,1,0,0,0,0,0,1,1,0,0,0,0,1,1,0,0,0,0,0,0,0,0,0,0,0,0,1,0,1,0,1,0,0,0,0,0,0,0,0,0,0,1,0,0,0,0,0,0,0,1,0,1,0,0,0,0,0,0,0,0,0,0,0,0,0,0,0,0,0,0,0,0,0,0,0,0,0,0,0,0,0,0,0,0,0,0,0,0,0,0,0,0,0,0,0,0,0,0,0,0,0,0,0,0,0,0,0,0,0,0,0,0,0,0,0,0,1,0,0,0,1,0,0,0,0,0,0,0,0,0,0,0,0,0,0,0,0,0,0,0,0,0,0,0,1,1,0,1,0,0,0,1,0,1,0,0,0,0,0,0,0,0,1,1,0,0,1,0,1,0,0,0,1,0,0,0,0,1,0,0,1,0,1,0,0,0,0,1,0,0,0,0,0,0,0,0,0,0,0,1,0,1,0,1,1,1,0,1,1,1,1,1,1,1,1,1,1,1,1,1,0
12.534695822436312,0.16759927608299696,-0.6868925045913681,0.7270325196238638,19.84375,430.5960000000001,0.90625,2.8667629508642527,1.4920875282444412,24897262.875665862,9.851844255326768,10.633577208012664,10.953915721780124,0.0,5.907179729351506,0.0,0.0,9.694446914922299,0.0,5.261891554738487,0.0,67.0844923075421,56.320523909849186,19.634269217737724,6.069221312792274,4.794537184071822,5.907179729351506,5.261891554738487,9.799819461700956,5.733667477162185,49.478845459336185,32.72378202956288,71.7905736680101,6.069221312792274,5.733667477162185,0.0,0.0,0.0,53.96970647299867,10.209527653468601,11.33111286753076,49.651832720950054,0.0,0.0,73.36,10.953915721780124,10.056428738810308,0.0,5.907179729351506,6.4208216229260096,69.5339715046609,6.4208216229260096,0.0,36.39820241076966,40.134509048339666,5.733667477162185,0.0,0.0,17.29143396754003,10.402560931186265,6.833976927153976,-0.16759927608299696,5.809310903700369,4.436748072107712,0.0,0.48148148148148145,2,0,2,2,1,0,0,0,4,5,2,7,0,2,2,0,0,4,3.6921800000000013,0,0,0,0,0,0,0,0,0,0,0,0,3,0,1,0,0,2,0,0,0,0,0,0,0,0,0,0,0,0,0,0,0,0,0,0,0,0,0,0,0,0,0,0,0,0,0,0,0,2,0,1,0,0,0,0,0,0,0,0,0,0,0,14,6.002016129032258,4,4,0.0,2977.0,4,0.07056451612903225,0.16673387096774195,0.16673387096774195,0.18177250349447927,0.16673387096774195,0.17255383946032893,0.15676922466587903,0.15676922466587903,0.012576147846572074,0,0,0,0,0,2,2,0.15625,0.84375,0.03125,0.125,0.0,0.6,0.02857142857142857,1,0,1,1,1,1,0,0,0,1,1,0,1,0,0,1,0,0,0,1,0,0,1,0,0,0,0,0,1,0,1,0,0,0,1,0,1,0,0,1,0,1,0,0,0,0,0,1,0,0,0,0,0,0,0,0,1,0,0,1,0,0,0,0,1,0,0,0,0,0,0,0,1,0,1,0,0,0,1,0,1,1,0,1,0,0,1,1,0,0,0,0,0,0,0,0,0,1,0,0,1,0,0,0,1,1,0,0,0,0,0,0,0,0,1,0,0,0,0,0,0,1,0,0,0,1,0,1,0,0,0,0,0,0,0,0,0,0,0,0,0,0,0,0,0,0,0,0,0,0,0,0,0,0,0,0,0,0,0,0,0,0,0,0,0,0,0,0,0,1,0,0,0,0,0,0,0,0,0,0,0,0,0,0,0,0,0,0,0,0,1,0,0,0,1,0,0,0,0,0,0,0,0,1,0,0,0,1,1,0,0,0,1,1,1,0,0,0,1,1,1,0,0,1,0,0,1,0,1,0,0,0,0,0,0,0,0,0,1,1,1,0,0,0,0,1,1,0,1,1,1,0,0,1,0,0,1,1,0,0,0,1,0,0,0,1,1,0,0,0,1,0,0,1,0,1,1,0,0,1,0,1,1,1,1,0,1,0,0,1,1,1,1,1,0
12.916804915913412,0.10197096661919991,-1.306214252484996,0.13068027340154376,19.555555555555557,554.592,1.3888888888888888,3.266455921663451,1.5071337288752609,86964842.00764643,10.15191438763377,26.10109945458656,29.91647849129853,15.999679964430742,0.0,17.694347795138384,11.528572183003856,19.283521283065944,14.460318640164214,4.9839785209472085,28.197352635626892,16.917597676141654,5.573104530069267,23.933441966636682,0.0,29.43425492563351,63.48746400598187,0.0,29.965140120197447,12.20338470942773,16.572150123937405,24.3491722319333,32.69793868756331,5.879988336435371,16.609722976220525,5.131558479839333,5.879988336435371,34.860555776716964,88.3879744521859,26.26887211862929,0.0,5.693927994848461,0.0,0.0,215.22000000000003,40.63863362025894,29.3912035259687,0.0,38.89635448582862,5.573104530069267,27.99858055817633,35.98122017895694,0.0,0.0,25.539140180952323,10.571256060898818,1.1911059923735094,3.4097930208811835,62.94229829902621,30.32908056195552,4.9368402497316435,-3.0399098626612933,0.0,0.0,2.7234967968158625,0.3333333333333333,5,0,2,2,2,2,2,0,15,18,4,8,0,1,1,0,0,4,-1.198999999999999,1,0,0,1,0,4,0,1,1,0,0,0,6,1,1,0,0,0,0,0,0,0,0,0,1,1,0,0,1,0,0,0,0,0,0,0,0,0,0,0,0,0,0,0,0,0,1,0,0,0,0,0,0,0,2,0,0,0,0,1,0,0,0,18,6.961904761904762,4,4,0.0,4386.0,3,0.06190476190476189,0.1753501400560224,0.1753501400560224,0.17198263659261395,0.17535014005602242,0.14996287879891484,0.11271591669967346,0.11271591669967346,0.013341138724349354,0,0,0,1,1,2,2,0.5,0.5,0.19444444444444445,0.2222222222222222,0.08333333333333333,0.5641025641025641,0.15384615384615385,1,0,1,1,0,1,1,0,0,0,1,1,0,1,1,0,0,0,0,1,0,0,1,0,1,0,0,0,0,0,1,1,0,1,0,1,1,0,0,1,1,0,0,0,0,0,0,1,0,1,0,0,1,0,0,1,1,0,1,0,0,0,0,1,0,0,1,1,0,0,0,1,1,1,0,0,0,0,0,0,1,1,0,0,0,1,1,1,0,1,0,1,0,0,0,0,0,0,0,0,1,1,1,0,1,1,1,1,0,0,0,0,1,1,1,0,1,0,0,0,0,1,1,1,0,1,0,1,0,0,0,0,0,0,0,0,1,0,0,1,0,0,0,0,0,0,0,0,0,0,0,0,1,0,0,0,0,0,0,0,0,0,0,0,1,0,0,0,0,0,0,0,0,1,0,1,0,0,1,0,1,0,0,0,0,0,0,1,0,0,0,0,1,1,0,0,0,0,0,1,1,0,0,1,1,1,1,1,1,1,0,1,1,1,0,0,1,1,0,1,1,1,1,1,1,1,1,1,0,1,1,0,0,1,1,0,1,0,1,0,0,1,0,0,0,1,0,1,1,1,1,1,1,1,1,1,0,0,1,1,0,1,0,1,1,1,1,1,1,0,1,1,1,1,1,0,1,1,1,1,0,1,1,1,1,1,1,1,1,1,1,1,1,1,0
12.643934424078275,0.02086670838113802,-2.924449606694515,0.6309371659531015,12.384615384615385,383.3760000000001,1.2307692307692308,3.0398262457155956,1.8490193409572648,891957.9763228529,7.748788965519116,18.76333873509051,11.443439828132366,17.251877273314598,0.0,0.0,11.767941568266808,9.967957041894417,0.0,13.764808616296849,0.0,0.0,12.13273413692322,29.505432181921584,25.25299651778759,27.54416883044015,22.209255908617813,0.0,14.951935562841626,0.0,17.520795175013596,14.219595082555067,36.156239840307975,17.248535499851716,14.210588861400147,8.78083009534964,17.248535499851716,0.0,40.33578560553316,16.928708080132076,0.0,5.693927994848461,0.0,11.033401435232523,92.32000000000001,17.787359559831387,13.333579969040004,0.0,16.6588019218514,28.226353096648793,0.0,38.61553985955297,6.06636706846161,0.0,19.688798516641675,9.473725907600098,52.056899078314075,-1.560212357576776,11.283683375490284,0.19524990551776322,1.3795938053315406,0.8963598971585442,1.52825366224592,-2.924449606694515,2.966848351611748,0.25,1,0,0,0,0,2,1,0,6,10,2,7,0,0,0,0,1,3,2.8843000000000005,0,0,0,0,0,3,1,0,0,0,0,0,2,1,0,0,0,0,0,0,0,2,0,0,0,0,0,0,1,0,3,0,0,0,0,1,0,0,0,0,0,2,0,0,0,0,0,0,0,0,0,0,1,0,0,0,0,0,0,0,0,0,0,14,5.556923076923077,3,3,0.0,1806.0,3,0.08615384615384616,0.1898717948717949,0.1898717948717949,0.17937684337593157,0.1898717948717949,0.1872682615131242,0.16469894320727227,0.16469894320727227,0.013999637841793379,0,0,0,0,1,3,0,0.38461538461538464,0.6153846153846154,0.15384615384615385,0.11538461538461539,0.038461538461538464,0.42857142857142855,0.0,1,1,1,0,1,0,0,1,1,0,0,0,0,1,0,0,0,0,0,1,0,0,0,1,1,1,1,0,0,0,0,0,0,1,0,0,0,0,0,0,0,0,0,1,1,1,0,0,1,0,1,0,0,0,0,1,1,0,0,0,0,0,0,1,1,0,1,0,0,0,0,0,0,1,1,1,0,1,1,0,1,1,0,1,0,0,1,0,0,0,1,0,0,0,0,0,0,0,0,0,1,1,0,1,0,1,1,1,0,0,0,0,0,0,0,0,1,0,0,1,0,1,1,0,0,1,0,0,0,0,0,0,0,0,0,0,0,0,0,0,0,0,0,0,0,0,0,0,0,0,0,0,0,0,0,0,0,0,0,0,0,0,0,0,0,0,0,0,1,0,1,0,0,0,0,1,0,1,0,1,0,0,0,0,0,0,0,1,0,1,0,0,1,1,0,1,0,0,0,0,1,0,0,0,0,1,0,1,0,1,0,1,0,0,0,0,1,0,1,0,0,1,0,1,1,1,1,0,0,1,1,0,0,1,1,1,1,0,0,1,0,1,0,0,0,0,0,0,1,1,0,0,1,1,1,1,0,0,0,0,1,0,1,0,0,1,0,0,1,0,1,1,1,1,1,0,1,1,1,1,1,1,0,1,1,1,0,1,1,1,1,1,1,1,0
12.680257542831948,0.2772124590576974,-1.3282853048626857,0.7189882148938236,12.375,345.4240000000001,1.2083333333333333,3.0065977799893377,1.884482859483478,353332.36450656696,6.7025904456291086,14.026475781290461,11.49902366656781,5.752853606746789,0.0,0.0,5.156436481820707,9.967957041894417,0.0,4.9839785209472085,0.0,0.0,25.98020853630447,34.565968096853965,30.946924512636052,14.026475781290461,22.209255908617813,0.0,14.951935562841626,0.0,24.756764487948743,14.219595082555067,41.216775755240356,11.49902366656781,9.473725907600098,0.0,11.49902366656781,0.0,33.72428051908705,16.928708080132076,13.847474399381248,16.82083097824245,0.0,11.033401435232523,83.09,11.175854473385288,4.552749873690364,0.0,5.752853606746789,10.905948315104613,33.60374424675888,0.0,20.416438654168143,32.04657560476608,14.951935562841626,9.473725907600098,23.267698295475412,-1.3282853048626857,11.911460062037264,0.4296249055177628,4.159259620358974,1.7757835154263732,1.737963283109387,3.8621827815596546,3.230974587420017,0.29411764705882354,1,0,0,0,0,2,1,0,5,7,2,5,0,0,0,0,1,3,2.8997400000000013,0,0,0,0,0,3,1,0,0,0,0,0,2,1,0,0,0,0,0,0,0,0,0,0,0,1,0,0,1,0,2,0,0,0,0,1,0,0,0,0,0,2,0,0,0,0,0,0,0,0,0,0,1,0,0,0,0,0,0,0,0,0,0,13,5.141304347826087,3,3,0.0,1419.0,3,0.09420289855072465,0.18824110671936758,0.18824110671936758,0.17843858998615283,0.18824110671936758,0.20172267416661352,0.1798978598310005,0.1798978598310005,0.015157624543685745,0,0,0,0,1,3,0,0.2916666666666667,0.7083333333333334,0.125,0.125,0.041666666666666664,0.38461538461538464,0.0,1,1,0,0,1,0,0,0,0,0,0,0,0,1,0,0,0,0,0,1,0,0,0,1,0,1,1,0,0,0,0,0,0,1,1,0,0,0,0,0,0,0,0,1,1,0,0,0,1,0,1,0,1,0,0,1,1,0,1,0,0,0,0,1,1,0,1,0,0,0,0,0,0,1,1,1,0,1,1,0,1,1,1,0,0,0,1,0,0,0,1,0,0,0,0,0,0,0,0,0,1,1,0,0,0,1,1,1,0,0,0,1,1,0,0,0,1,0,0,1,0,0,1,0,1,0,0,1,0,0,0,0,0,0,0,0,0,0,0,0,0,0,0,0,0,0,0,0,0,0,0,0,0,0,0,0,0,0,0,0,0,0,0,0,0,0,0,0,1,0,0,0,0,0,0,1,0,1,0,1,0,0,0,0,0,0,0,1,0,1,0,0,1,1,0,1,0,0,0,0,0,0,0,0,0,1,0,1,0,1,0,1,0,0,0,0,1,0,1,0,0,1,0,1,1,1,1,0,0,1,1,0,0,1,1,0,0,0,0,1,0,1,0,0,1,0,0,0,1,1,0,0,1,1,1,1,0,0,0,0,1,0,0,0,0,1,0,0,0,1,1,1,1,1,1,0,1,1,1,1,1,1,0,1,1,1,0,1,1,1,1,1,1,1,0
12.520911359914336,0.022691562736205872,-4.423642518722942,0.6986390031308142,13.16,369.3680000000001,1.24,2.988021819464695,1.7731962752944586,462333.6281039528,6.927854211900839,9.289612827490412,5.749511833283905,12.359735571259707,0.0,0.0,11.332734999264183,9.967957041894417,0.0,18.155223663971668,0.0,12.13273413692322,25.122838405075452,22.93614953669536,16.727329430080985,22.46085797051487,22.209255908617813,0.0,14.951935562841626,0.0,24.009325805701593,6.606881964512918,47.78605840046659,5.749511833283905,4.736862953800049,13.171245143024459,5.749511833283905,0.0,32.28786591848838,16.928708080132076,6.923737199690624,11.257379486545457,0.0,11.033401435232523,73.86,23.95903495534168,17.723995016714824,0.0,11.502365440030694,21.930516685982425,5.516700717616262,12.263210640074686,12.990104268152233,18.19910120538483,14.951935562841626,4.736862953800049,54.224850193478126,-1.5135515216889226,11.348480677471477,0.2953823643654996,2.282647949292972,0.09577583039388671,-3.0864628135075227,0.20221534948537112,0.0,0.25,1,0,0,0,0,2,1,0,4,9,2,5,0,0,0,0,1,3,3.515220000000001,0,0,0,0,0,3,1,0,0,0,0,0,2,1,0,0,0,0,0,0,0,3,0,0,0,0,0,0,1,0,1,0,0,0,0,1,0,0,0,0,0,0,0,0,0,0,0,2,0,0,0,0,1,0,0,0,0,0,0,0,0,0,0,13,5.4366666666666665,3,3,0.0,1631.0,4,0.09,0.19289855072463769,0.19289855072463769,0.19230163853913237,0.19289855072463769,0.191081325177774,0.16863170311905548,0.16863170311905548,0.014553211804330347,0,0,0,0,1,3,0,0.36,0.64,0.08,0.12,0.04,0.4074074074074074,0.0,0,1,0,0,0,0,0,1,1,0,0,0,0,1,0,0,0,0,0,1,0,0,0,1,0,1,1,0,0,0,0,0,0,1,1,0,0,1,0,0,0,1,0,1,1,1,0,1,0,0,1,0,0,0,0,1,0,0,1,0,0,0,0,1,1,0,0,0,0,0,0,0,0,1,1,1,0,0,0,0,1,1,0,0,1,1,1,1,1,0,1,0,0,0,0,0,0,1,0,0,1,1,0,1,0,1,1,0,0,0,0,0,0,0,1,0,1,0,0,1,0,0,1,0,1,0,0,0,0,0,0,0,0,0,0,0,0,0,0,0,0,0,0,0,0,0,0,0,0,0,0,0,0,0,0,0,0,0,0,0,0,0,0,0,0,0,0,0,1,0,1,0,0,0,0,1,0,1,0,1,0,0,0,0,0,0,0,1,0,1,0,0,1,1,0,1,0,0,0,0,0,0,0,0,0,1,0,1,0,1,0,1,0,0,0,0,1,0,1,0,0,0,0,1,1,1,1,0,0,1,1,0,0,1,1,1,1,1,0,1,1,1,0,0,1,0,0,0,1,1,0,0,1,1,1,1,0,0,0,0,1,0,1,0,0,1,1,0,0,0,1,1,1,1,0,0,1,0,1,1,1,1,0,1,1,1,0,1,1,1,1,1,1,1,0
12.666472782218182,0.29258566389518803,-1.2990640136823697,0.49371304213492695,12.44,359.451,1.2,3.057036135715646,1.7071479712237678,698309.5933731179,8.330956439152647,14.026475781290461,5.749511833283905,5.752853606746789,0.0,0.0,5.156436481820707,9.967957041894417,0.0,4.9839785209472085,0.0,12.13273413692322,25.122838405075456,43.07365066541182,23.3342113945939,14.026475781290461,22.209255908617813,0.0,14.951935562841626,0.0,24.253848911184132,20.32356147030337,47.78605840046658,5.749511833283905,4.736862953800049,0.0,5.749511833283905,0.0,39.82824690683536,21.665571033932125,6.923737199690624,17.678201109471466,0.0,11.033401435232523,83.09,11.175854473385288,4.552749873690364,0.0,0.0,24.123054017593333,34.46111437798789,0.0,13.30664111289061,37.255572541998674,14.951935562841626,9.473725907600098,23.45622152368763,-1.2990640136823697,11.879469105664473,0.4664962813127498,3.3508568751395034,1.058982951205174,2.502316355992749,3.168330843760784,1.6698112986587708,0.3333333333333333,1,0,0,0,0,2,1,0,5,7,2,8,0,0,0,0,1,3,2.989420000000001,0,0,0,0,0,3,1,0,0,0,0,0,2,1,0,0,0,0,0,0,0,0,0,0,0,0,0,0,1,0,2,0,0,0,0,1,0,0,0,0,0,1,0,0,0,0,0,2,0,0,0,0,1,0,0,0,0,0,0,0,0,0,0,15,5.65,3,3,0.0,1695.0,3,0.08999999999999998,0.2021739130434783,0.2021739130434783,0.18549026190363632,0.2021739130434783,0.18511778581004684,0.16480588630746154,0.16480588630746154,0.012438876178735469,0,0,0,0,1,3,0,0.28,0.72,0.12,0.12,0.04,0.4074074074074074,0.0,0,1,0,0,0,0,0,1,0,0,0,0,0,1,0,0,0,0,0,1,1,0,0,1,0,1,1,0,0,0,0,0,0,1,1,0,0,1,0,0,0,0,0,1,1,1,0,1,0,0,1,0,0,0,0,1,0,0,1,0,0,0,0,1,1,0,0,0,0,0,0,0,0,1,1,1,0,0,0,0,1,1,0,0,0,0,1,1,1,1,1,0,0,0,0,0,0,0,0,0,1,1,1,0,0,1,1,0,0,1,1,0,0,0,0,0,1,0,0,1,0,0,1,0,1,0,0,0,0,0,0,0,0,0,0,0,0,0,0,0,0,0,0,0,0,0,0,0,0,0,0,0,0,0,0,0,0,0,0,0,0,0,0,0,0,0,0,0,1,0,0,0,0,0,0,1,0,1,0,1,0,0,0,0,0,0,0,1,0,1,0,0,1,1,0,1,0,0,0,0,0,0,0,0,0,1,0,1,0,1,0,1,0,0,1,0,1,1,1,0,0,1,0,1,1,1,1,0,0,1,1,0,0,1,1,0,1,1,0,1,0,1,0,1,1,0,1,0,1,1,0,0,1,1,1,1,0,0,0,0,1,0,0,0,0,1,1,0,0,0,1,1,1,1,1,1,1,1,1,1,1,1,0,1,1,1,0,1,1,1,1,1,1,1,0
12.347538895187707,0.060620503744949206,-1.0565544740986657,0.5530315284690744,28.04,365.4110000000001,1.32,2.803609090216051,1.7043464837064854,291485.62989158236,5.921357991514545,26.16342060170041,29.248907133696527,0.0,11.814359458703011,0.0,5.969305287951849,9.589074368143644,4.794537184071822,0.0,11.761884949391115,12.13273413692322,31.54366002800146,4.747022453217559,0.0,24.596666341896878,29.545549696045974,0.0,10.216698334856808,5.733667477162185,42.09389215301143,0.0,29.828919765543436,5.749511833283905,11.050456081168516,0.0,5.749511833283905,11.761884949391115,55.101206191668965,14.383611552215466,0.0,25.452766720226204,0.0,0.0,132.96,46.03008250028504,24.596666341896878,0.0,5.749511833283905,5.563451491696996,0.0,40.927262954088036,13.847474399381248,0.0,5.316788604006331,5.733667477162185,-0.6481045711443436,1.3530174446832093,37.47009326651157,20.864004624308485,6.4092400741160676,-1.9379691177460066,0.0,3.533958493288469,0.0,0.4375,5,0,2,2,2,0,4,0,6,9,2,4,0,2,2,0,0,3,0.023700000000000443,1,0,0,0,0,0,0,1,1,0,0,0,1,1,1,0,0,0,0,0,0,0,0,0,0,0,0,0,1,0,0,0,0,0,0,0,0,0,0,0,0,0,0,0,0,0,0,0,0,0,0,0,0,0,1,0,0,0,0,0,0,0,0,13,5.17,3,3,0.0,1551.0,4,0.08999999999999998,0.18130434782608695,0.18130434782608695,0.18260216804528148,0.18130434782608695,0.2008261467040874,0.14602854369789642,0.14602854369789642,0.018144758926105363,0,0,0,1,1,1,2,0.36,0.64,0.2,0.12,0.04,0.6666666666666666,0.1111111111111111,1,1,1,1,0,1,0,0,0,0,1,0,0,0,0,0,0,1,1,1,0,0,0,1,0,0,0,0,0,0,0,0,0,1,0,1,1,0,0,1,0,0,0,0,0,0,0,0,0,0,0,0,0,1,0,0,0,1,1,0,0,1,0,0,0,0,1,0,0,1,0,0,0,1,0,0,0,0,0,0,0,1,0,0,0,1,1,0,0,0,0,0,0,0,0,1,0,0,0,1,1,0,0,0,0,1,1,0,0,0,0,0,0,1,1,0,0,0,0,0,0,0,1,1,0,1,1,1,0,0,0,0,0,0,0,0,1,0,0,1,0,0,0,0,0,0,0,1,0,0,0,0,0,0,0,0,0,0,0,0,0,0,0,0,1,0,0,0,0,0,0,0,0,0,0,1,0,0,0,0,0,0,1,0,0,0,0,0,0,0,0,0,0,0,1,0,0,0,0,0,0,0,1,0,0,0,0,1,0,1,0,1,1,1,0,0,1,0,0,0,1,0,0,1,1,1,0,0,0,0,0,0,0,1,0,0,0,0,1,0,1,1,0,0,0,1,0,0,1,1,1,1,0,0,0,1,0,0,0,1,0,1,0,0,1,1,0,1,1,0,1,1,0,0,1,0,1,1,1,1,1,0,1,0,1,1,1,1,1,1,1,1,1,1,0
12.334172965482487,0.3745154111027129,-1.033228263272455,0.674878289478739,28.708333333333332,349.4120000000001,1.3333333333333333,2.8039531202147363,1.711293315571299,206112.98596074485,5.784053910830547,21.056893206859698,23.499395300412623,0.0,11.814359458703011,0.0,5.969305287951849,9.589074368143644,4.794537184071822,0.0,11.761884949391115,30.33183534230805,19.410925891078243,4.747022453217559,0.0,19.490138947056174,29.545549696045974,0.0,10.216698334856808,5.733667477162185,42.09389215301143,0.0,35.89528683400505,0.0,11.050456081168516,0.0,0.0,11.761884949391115,49.994678796828254,14.383611552215466,0.0,25.452766720226204,0.0,0.0,112.73,34.749029957964794,19.490138947056174,0.0,11.281052542320246,5.563451491696996,0.0,16.66179468024159,38.112942673227685,6.06636706846161,5.316788604006331,5.733667477162185,-0.6178732809698717,1.384119373057865,37.458717839782125,11.668857470784294,6.59329714138742,-1.8568691887784594,0.0,3.5766661417653483,0.0,0.4375,4,0,2,2,2,0,4,0,5,8,2,4,0,2,2,0,0,3,0.3181000000000002,1,0,0,0,0,0,0,0,1,0,0,0,1,1,1,0,0,0,0,0,0,0,0,0,0,0,0,0,1,0,0,0,0,0,0,0,0,0,0,0,0,0,0,0,0,0,0,0,0,0,0,0,0,0,1,0,0,0,0,0,0,0,0,12,4.945652173913044,3,3,0.0,1365.0,4,0.09420289855072463,0.1793478260869565,0.1793478260869565,0.18388232454606876,0.1793478260869565,0.20983946460366468,0.1517005262289084,0.1517005262289084,0.01816651677511901,0,0,0,1,1,1,2,0.3333333333333333,0.6666666666666666,0.16666666666666666,0.125,0.041666666666666664,0.6538461538461539,0.11538461538461539,1,1,1,1,0,1,0,0,0,0,1,0,0,0,0,0,0,1,1,1,0,0,0,1,0,0,0,0,0,0,0,0,0,1,0,1,1,0,0,1,0,0,0,0,0,1,0,1,0,0,0,0,0,1,0,0,0,1,1,0,0,1,0,0,1,0,0,0,0,1,0,0,0,1,0,0,0,0,0,0,0,1,0,0,0,1,1,0,0,0,0,0,0,0,0,1,0,0,0,1,1,0,0,0,0,1,1,0,0,0,0,0,0,1,0,0,0,0,0,0,0,0,1,1,0,1,1,1,0,0,0,0,0,0,0,0,1,0,0,1,0,0,0,0,0,0,0,1,0,0,0,0,0,0,0,0,0,0,0,0,0,0,0,0,1,0,0,0,0,0,0,0,0,0,0,1,0,0,0,0,0,0,1,0,0,0,0,0,0,0,0,0,0,0,1,0,0,0,0,0,0,0,1,0,0,0,0,1,0,1,0,1,1,1,0,0,1,0,0,0,1,0,0,1,1,1,0,0,0,0,0,0,0,1,0,0,0,0,1,0,1,0,0,0,0,1,0,0,1,1,1,1,0,0,0,1,0,0,0,1,0,1,0,0,1,1,0,1,1,0,1,1,0,0,1,0,1,1,1,1,0,0,1,0,1,1,1,1,1,1,1,1,1,1,0
12.510944507432605,0.3092091967960031,-1.4372833732258334,0.5029511300621745,27.23076923076923,378.4060000000001,1.1923076923076923,2.8153839213041096,1.778325531827919,472094.83745995833,6.312972339915136,20.429753124538223,17.45755447126466,5.917906046161393,11.814359458703011,0.0,11.938610575903699,14.383611552215466,4.794537184071822,0.0,11.761884949391115,30.33183534230805,19.410925891078243,4.747022453217559,0.0,29.3912035259687,35.51485498399782,0.0,10.216698334856808,0.0,41.969957370024865,0.0,35.89528683400505,0.0,5.316788604006331,0.0,0.0,11.761884949391115,61.070511479620805,19.178148736287287,0.0,25.328831937239634,0.0,0.0,124.01,51.875453005250314,29.3912035259687,0.0,0.0,5.563451491696996,0.0,28.794528817164814,32.046575604766076,0.0,5.316788604006331,0.0,-0.711044577266168,1.2859050873435793,49.19024206753515,20.776558698645605,0.3092091967960031,-5.1586934701885525,0.0,3.454279310489628,0.0,0.4117647058823529,3,0,2,2,2,0,4,0,5,9,2,5,0,2,2,0,1,3,0.4864999999999999,2,0,0,0,0,0,0,0,2,0,0,0,1,1,0,0,0,0,0,0,0,0,0,0,0,0,0,0,1,0,0,0,0,0,0,0,0,0,0,0,0,0,0,0,0,0,0,0,0,0,0,0,0,0,1,0,0,0,0,0,0,0,0,12,5.08,3,3,0.0,1651.0,4,0.08615384615384616,0.17000000000000004,0.17000000000000004,0.18526949647685215,0.17000000000000004,0.20385510104739746,0.14264416825399756,0.14264416825399756,0.017722205588514194,0,0,0,1,1,1,2,0.34615384615384615,0.6538461538461539,0.23076923076923078,0.07692307692307693,0.038461538461538464,0.6428571428571429,0.14285714285714285,1,1,1,1,0,1,0,0,0,0,1,0,0,0,0,0,0,1,1,0,0,1,0,1,0,0,0,0,0,0,0,0,0,1,0,1,1,0,0,1,0,0,0,0,0,1,0,1,0,0,0,0,1,1,0,0,0,1,1,0,0,1,0,0,1,0,0,1,0,0,0,0,1,1,0,0,0,0,0,0,0,1,0,0,0,1,1,0,0,0,0,0,0,0,0,0,0,0,0,1,1,0,0,0,0,1,1,0,0,0,0,0,0,1,0,0,0,0,0,0,0,0,1,1,0,1,1,1,0,0,0,0,0,0,0,0,1,0,0,1,0,0,0,0,0,0,0,1,0,0,0,0,0,0,0,0,0,0,0,0,0,0,0,0,1,0,0,0,0,0,0,0,0,0,0,1,0,0,0,0,0,1,0,0,0,0,0,0,0,0,0,0,0,0,1,0,0,0,0,0,0,0,1,0,0,0,0,1,0,1,0,1,0,1,0,0,1,1,0,0,1,0,0,1,1,1,0,0,0,0,0,0,0,1,0,0,0,0,1,0,1,0,0,0,0,1,0,0,1,1,1,1,0,0,0,1,0,0,0,1,0,1,0,0,1,1,0,1,1,0,1,1,0,0,1,0,1,1,1,1,0,0,1,0,1,1,1,1,1,1,1,1,1,1,0
12.557819507432605,0.059209196796002894,-4.771442966847232,0.4598043153310999,27.444444444444443,414.4610000000002,1.2592592592592593,2.805750523992368,1.826598658014966,602596.6515388888,6.4979531146264975,15.323225729697514,17.45755447126466,5.249938029982174,11.814359458703011,10.118126859033554,5.969305287951849,14.141824241834009,4.794537184071822,8.417796984328938,11.761884949391115,30.33183534230805,19.410925891078243,4.747022453217559,0.0,32.46068580507547,39.663676555079526,0.0,10.216698334856808,0.0,41.30198935384564,0.0,35.89528683400505,0.0,5.316788604006331,0.0,0.0,11.761884949391115,62.96522565484756,24.50173841124902,0.0,24.660863921060418,0.0,0.0,141.07999999999998,55.3563065601528,32.46068580507547,0.0,5.563451491696996,0.0,0.0,40.927262954088036,19.913841467842857,0.0,5.316788604006331,0.0,32.18165397630968,1.2204820431258923,37.653249309394766,9.255574744878912,0.059209196796002894,-2.7841850533959116,0.0,3.3727978290081464,-4.771442966847232,0.4375,3,0,2,2,2,0,4,0,6,11,2,5,0,2,2,0,1,3,0.2472000000000002,1,0,0,0,0,0,0,0,1,0,0,0,1,1,0,0,0,0,0,0,0,0,0,0,0,0,0,0,1,0,0,0,0,0,0,0,0,0,0,0,0,0,0,0,0,0,0,0,0,0,0,0,0,0,1,0,0,0,0,0,0,0,0,12,5.119658119658119,3,3,0.0,1797.0,4,0.0826210826210826,0.16478632478632477,0.16478632478632477,0.18642528458842142,0.16478632478632477,0.20206865184240452,0.1402260564174657,0.1402260564174657,0.018196724420368852,0,0,0,1,1,1,2,0.4074074074074074,0.5925925925925926,0.25925925925925924,0.07407407407407407,0.07407407407407407,0.6206896551724138,0.1724137931034483,1,1,1,1,1,1,0,0,0,0,1,0,0,0,0,0,1,1,1,0,0,0,0,1,0,0,0,0,0,0,0,0,0,1,0,1,1,0,0,1,0,0,0,0,0,1,0,1,0,0,0,0,0,1,0,0,0,1,1,0,0,1,0,0,1,0,0,0,1,0,0,0,0,1,0,0,0,0,0,0,1,1,0,0,0,1,1,0,0,0,0,0,0,0,1,0,0,0,0,1,1,0,0,0,0,1,1,0,1,0,0,0,0,1,0,0,0,0,0,0,0,0,1,1,0,1,1,1,0,0,0,0,0,0,0,0,1,0,0,1,0,0,0,0,0,0,0,1,0,0,0,0,0,0,0,0,0,0,0,0,0,0,0,0,1,0,0,1,1,0,0,0,0,0,0,1,1,0,0,1,0,1,0,1,0,0,1,0,1,1,0,0,0,0,1,1,0,1,0,0,0,1,1,0,0,0,0,1,0,1,0,1,0,1,0,0,1,1,0,0,1,0,0,1,1,1,0,0,0,0,1,0,0,1,1,0,0,0,1,0,1,0,0,0,0,1,0,0,1,1,1,1,1,0,0,1,0,0,1,1,0,1,0,0,1,1,0,1,1,0,1,1,0,0,1,0,1,1,1,1,0,0,1,0,1,1,1,1,1,1,1,1,1,1,0
12.26831884605694,0.2021415186444946,-1.0070258455769816,0.7977632704521287,28.0,334.39700000000005,1.3043478260869565,2.741987834077,1.66490359617118,129114.72313101777,5.559882097428595,15.323225729697514,17.45755447126466,0.0,11.814359458703011,0.0,5.969305287951849,9.589074368143644,4.794537184071822,0.0,11.761884949391115,30.33183534230805,19.410925891078243,4.747022453217559,6.4208216229260096,19.490138947056174,29.545549696045974,0.0,10.216698334856808,0.0,42.47287294678948,0.0,35.89528683400505,0.0,5.316788604006331,0.0,0.0,11.761884949391115,49.994678796828254,20.804433175141472,0.0,19.410925891078243,0.0,0.0,86.71000000000001,22.80000939946533,19.490138947056174,0.0,23.60905389459776,0.0,5.563451491696996,16.66179468024159,0.0,44.179309741689295,5.316788604006331,0.0,-0.5783058915140893,1.4237074305030653,37.19097428557031,11.789438746504457,0.8717091967960027,-1.5549260303422452,0.2021415186444946,3.6208405244813973,0.0,0.4375,2,0,2,2,2,0,3,0,4,7,2,4,0,2,2,0,0,3,0.8607999999999998,1,0,0,0,0,0,0,0,1,0,0,0,1,1,0,0,0,0,0,0,0,0,0,0,0,0,0,0,1,0,0,0,0,0,0,0,0,0,0,0,0,0,0,0,0,0,0,0,0,0,0,0,0,0,1,0,0,0,0,0,0,0,0,12,4.928853754940712,3,3,0.0,1247.0,4,0.09881422924901183,0.18708827404479578,0.18708827404479578,0.1797503998202084,0.18708827404479578,0.2110630537794959,0.15539219263270293,0.15539219263270293,0.01783789778986847,0,0,0,1,1,1,2,0.30434782608695654,0.6956521739130435,0.17391304347826086,0.08695652173913043,0.043478260869565216,0.64,0.12,1,0,1,1,0,1,0,0,0,0,1,0,0,0,0,0,0,1,1,0,0,0,0,1,0,0,0,0,0,0,1,0,0,1,0,1,1,0,0,1,0,1,1,0,0,0,0,1,0,0,0,0,0,1,0,0,0,1,1,0,0,1,0,0,1,0,0,0,0,1,0,0,0,0,0,0,0,0,0,0,1,1,0,0,0,0,1,0,0,0,1,0,0,0,0,0,0,0,0,1,1,0,0,0,0,1,1,0,0,0,0,0,0,1,0,0,0,0,0,0,0,0,1,1,0,1,1,1,0,0,0,0,0,0,0,0,1,0,0,1,0,0,0,0,0,0,0,1,0,0,0,0,0,0,0,0,0,0,0,0,0,0,0,0,1,0,0,0,0,0,0,0,0,0,0,1,0,0,0,0,0,0,0,0,0,0,0,0,0,0,0,0,0,0,1,0,0,0,0,0,0,0,1,0,0,0,0,1,0,1,0,1,0,1,0,0,1,0,0,0,1,0,0,1,1,1,0,0,0,0,0,0,1,1,0,0,0,0,1,1,1,0,0,0,0,1,0,0,1,1,1,1,0,0,0,1,0,0,0,1,1,1,0,0,1,1,0,1,1,0,1,1,0,0,1,0,1,1,1,1,0,0,1,1,1,1,1,1,1,1,1,1,1,1,0
12.335907029478458,0.026549527345884005,-1.118725661497127,0.4985490439835023,27.166666666666668,349.4120000000001,1.4583333333333333,2.5850858589969508,1.6784524742148716,232419.89941069784,6.445711150935106,16.156983476009223,23.154593784320497,0.0,5.907179729351506,5.907179729351506,5.969305287951849,14.48898409899412,4.794537184071822,0.0,11.761884949391115,18.228060320501644,30.911589505681178,5.752853606746789,0.0,19.49013894705617,29.545549696045974,0.0,10.216698334856808,5.733667477162185,37.222934916807304,5.752853606746789,35.07130869369601,0.0,11.050456081168516,0.0,0.0,11.761884949391115,51.0005099503575,14.383611552215466,0.0,19.765380445542643,0.0,0.0,112.73,29.867346404950784,19.49013894705617,0.0,11.070912126024574,17.746779759742065,11.993926152995277,16.66179468024159,6.923737199690624,18.228060320501644,5.316788604006331,5.733667477162185,0.0,1.4459287866381119,37.27687123520824,11.587622402491597,7.488416531927536,-1.4056802085567413,7.257271620617546,1.6992496518299187,0.0,0.4375,4,1,2,3,2,0,3,0,5,8,2,4,0,1,1,0,0,3,0.34860000000000113,1,0,0,0,0,0,0,0,1,0,0,0,1,1,1,0,0,0,0,0,0,0,3,0,0,0,0,0,1,0,0,0,0,0,0,0,0,0,0,0,0,0,0,0,0,0,0,0,0,0,0,0,0,0,1,0,0,0,0,0,0,0,0,12,5.010869565217392,3,3,0.0,1383.0,3,0.09420289855072463,0.18231225296442688,0.18231225296442688,0.18700757865105364,0.18231225296442685,0.20712064812234407,0.15498549429689176,0.15498549429689176,0.01653178919941263,0,0,0,1,0,0,3,0.3333333333333333,0.6666666666666666,0.16666666666666666,0.125,0.041666666666666664,0.7692307692307693,0.23076923076923078,1,1,1,1,0,1,0,0,0,0,1,1,0,0,0,0,0,0,1,1,0,0,0,0,0,1,0,0,0,0,1,0,0,1,0,1,0,0,0,1,1,0,0,1,0,0,0,0,0,1,1,0,0,0,0,0,0,0,1,0,0,1,0,0,0,0,0,0,0,1,0,0,1,1,1,0,0,0,0,0,0,1,0,0,0,0,1,0,0,0,1,1,0,0,0,0,0,0,1,0,1,0,1,0,1,1,0,0,0,1,0,0,0,1,0,0,0,1,0,0,0,0,0,1,0,1,0,1,0,0,0,0,0,0,0,0,1,0,0,1,0,0,0,0,0,0,0,0,0,0,0,0,0,0,0,0,0,0,0,0,0,0,0,0,1,0,0,0,0,0,0,0,0,1,0,1,0,0,1,0,0,0,1,0,0,0,0,0,0,0,0,0,0,0,0,0,0,0,0,0,0,0,0,0,1,0,0,1,0,1,0,0,1,1,0,0,1,0,1,1,1,0,0,1,0,1,1,1,0,1,0,0,0,1,0,0,0,0,1,0,0,0,0,1,0,1,0,0,1,1,1,1,0,0,0,1,0,1,0,1,0,1,0,0,1,1,0,1,1,0,1,1,0,1,1,0,1,0,1,1,0,1,1,0,1,1,1,1,1,1,0,1,1,1,0
12.635961593219065,0.06403434966986055,-1.580953640663832,0.07577635260270411,23.5,588.7060000000002,1.0476190476190477,3.4796611052911555,1.4602158822860756,1988868864.4919174,17.66258120700831,40.780528262122736,36.259886343374006,23.476186115702564,5.907179729351506,0.0,0.0,9.589074368143644,14.951935562841626,0.0,0.0,63.676727257748325,18.9176633526859,12.841643245852019,18.97604286842542,34.752046901306514,28.672165391935465,0.0,25.252702687795164,0.0,107.81756097982677,11.923670568519249,36.95872057686461,0.0,10.633577208012662,5.817862777835028,0.0,0.0,95.34493785425705,14.325937321943693,0.0,71.13195342895074,0.0,11.16387793838399,202.80999999999997,49.19966924474046,30.015183947506465,0.0,24.442750970051986,11.16387793838399,12.841643245852019,57.25558999391903,6.076020106833881,12.152040213667762,37.49322849149212,4.736862953800049,5.786416179449558,0.0,39.83856199267544,46.93355911153172,0.7909154424468916,-0.5901226038844065,11.847056910195839,1.4857474386772673,0.0,0.6206896551724138,7,0,1,1,1,2,6,0,11,13,3,18,0,1,1,0,2,3,1.6518999999999993,0,4,4,0,0,4,1,0,0,0,0,0,3,3,0,0,0,0,0,0,0,0,4,0,1,0,0,0,1,0,1,0,0,0,0,1,0,0,1,0,0,0,0,0,0,0,0,0,0,0,0,0,0,0,0,0,0,0,0,0,0,7,0,26,9.387921022067363,3,3,0.0,8083.0,3,0.05110336817653891,0.20969802555168407,0.20969802555168407,0.1803078984515835,0.20969802555168407,0.11255419121233827,0.11000348725061429,0.11000348725061429,0.010226193219378295,0,0,0,0,1,2,1,0.30952380952380953,0.6904761904761905,0.16666666666666666,0.14285714285714285,0.0,0.6818181818181818,0.09090909090909091,1,1,1,1,0,0,0,1,0,0,1,0,1,0,0,1,1,1,1,0,0,0,0,0,1,0,1,0,1,0,0,1,1,1,0,0,1,0,1,1,1,1,0,0,1,1,0,0,1,0,0,1,0,1,1,1,0,0,0,0,0,0,0,0,0,0,1,0,1,0,1,1,1,1,0,1,1,0,1,1,1,1,0,0,0,1,0,1,1,0,1,0,1,0,1,0,0,0,1,1,1,0,0,0,0,1,0,0,0,0,0,0,0,1,0,0,0,0,0,1,0,0,1,1,1,1,0,1,0,0,0,0,0,0,0,0,0,0,0,0,0,0,0,0,0,0,0,0,0,0,0,0,0,0,0,0,0,0,0,0,0,0,0,0,0,0,1,0,0,0,0,0,0,0,0,0,0,0,0,0,0,1,1,0,0,1,0,0,0,0,0,0,0,1,0,0,0,0,0,0,1,0,0,0,0,1,0,1,1,0,1,1,0,0,0,0,0,1,1,1,1,0,0,1,1,1,1,1,0,1,0,0,1,1,0,0,1,1,1,1,0,0,1,1,1,1,1,0,1,1,0,0,0,1,0,1,1,1,0,1,1,1,0,1,1,1,0,1,1,0,1,1,0,1,1,1,0,0,1,1,1,1,1,1,1,1,1,1,1,1,1,1,1,1,0
12.170578231292517,0.4311111111111108,-1.205277777777778,0.5492380246867914,30.11764705882353,236.27099999999993,1.2941176470588236,2.3485777017048592,2.4001206158943686,6970.578618660023,3.979774867826756,0.0,5.41499046939678,0.0,11.814359458703011,0.0,6.031114512338072,19.80577270300045,4.794537184071822,0.0,0.0,6.076020106833881,38.18012822146393,7.04767198267719,0.0,14.383611552215466,17.845473971041084,0.0,10.216698334856808,5.41499046939678,32.60702369139466,7.04767198267719,11.64912463690315,0.0,5.316788604006331,4.794537184071822,0.0,0.0,29.79305568456875,9.589074368143644,5.41499046939678,32.60702369139466,0.0,0.0,66.48,23.26046444043786,14.383611552215466,0.0,0.0,0.0,36.15630075262378,7.04767198267719,6.923737199690624,6.076020106833881,5.316788604006331,0.0,0.0,0.0,36.45412619677501,2.2337414965986393,-0.36675925925925923,-0.932268518518518,5.6758473481985385,1.6019444444444444,1.3945864040060467,0.5833333333333334,1,1,1,2,4,0,1,0,3,5,1,1,0,1,1,0,1,2,1.2012999999999998,0,0,0,0,0,0,0,0,0,0,0,0,1,1,0,0,0,0,0,0,0,0,1,0,0,0,0,0,0,0,0,0,0,0,0,0,2,0,0,0,0,0,0,0,0,0,0,0,0,0,0,0,0,0,0,0,0,0,0,0,0,0,1,8,3.3676470588235294,2,2,0.0,458.0,4,0.1323529411764706,0.15784313725490198,0.15784313725490198,0.17863797024621345,0.15784313725490198,0.3081556802219785,0.2137678201418829,0.2137678201418829,0.02200750190059519,0,0,0,0,0,0,2,0.29411764705882354,0.7058823529411765,0.17647058823529413,0.11764705882352941,0.0,0.7777777777777778,0.2222222222222222,0,0,0,0,1,0,0,0,0,0,1,0,0,0,0,0,0,0,0,0,0,0,0,0,0,0,0,0,0,0,1,0,0,1,0,0,1,0,1,1,0,0,0,0,0,0,0,0,1,0,0,0,0,0,1,0,0,1,1,0,0,0,0,0,0,0,0,0,0,0,0,0,1,1,1,0,1,0,0,0,0,1,0,0,0,1,0,0,0,0,1,1,0,0,0,0,0,0,0,0,1,0,0,0,0,0,0,0,0,0,0,0,0,0,0,0,1,1,0,0,1,1,1,1,0,0,0,1,0,0,0,0,0,0,0,0,0,0,0,0,0,0,0,0,0,0,0,0,0,0,0,0,0,0,0,0,0,0,0,0,0,0,0,0,0,1,0,0,0,0,0,0,0,0,0,0,0,0,1,0,0,0,0,0,0,0,0,0,0,0,1,0,0,0,1,0,0,0,0,0,0,0,0,1,1,1,0,0,1,0,0,0,0,1,0,0,0,1,0,1,1,1,0,0,0,1,1,1,0,0,0,0,0,0,1,0,1,0,1,0,1,0,0,0,1,1,1,0,1,1,1,0,0,0,0,1,1,1,0,0,0,0,0,0,1,1,0,0,0,0,1,1,0,1,1,1,1,1,1,1,0,0,1,0,1,0,1,1,1,1,0,1,1,1,0
15.923541334853132,0.058413971740219894,-2.1045729191232985,0.08019144997866923,31.359375,900.0559999999999,0.890625,3.2624388706112994,1.3906835940620637,57338188034180.68,18.533013312513884,43.951021116488036,17.808983586480295,23.592228532845233,0.0,5.907179729351506,17.90791586385555,19.178148736287287,4.794537184071822,0.0,11.761884949391115,92.71024628938218,54.5090897633484,43.58546565248843,42.81744195140088,62.60691843284081,41.3602254889631,0.0,5.316788604006331,16.747886984954953,114.8586891861138,18.801565096358022,118.83206956215372,0.0,5.316788604006331,0.0,0.0,11.761884949391115,106.43886037406864,54.2062084236005,16.747886984954953,81.91079893230652,0.0,0.0,193.21999999999997,100.21396830213212,29.3912035259687,4.794537184071822,37.56742565328082,16.70000751346326,5.563451491696996,25.60935934877236,88.35861948337859,36.58760452581945,5.316788604006331,28.421177722800294,38.18127888578927,1.393128730894079,70.21208715363045,28.579924475283587,-4.8378081000146995,-4.734601544550331,-6.378633524063678,8.998020868754688,0.0,0.4897959183673469,3,3,1,4,1,0,11,2,14,15,1,14,2,1,3,0,2,7,5.440300000000005,0,2,1,0,0,0,0,0,0,0,0,0,0,1,0,0,0,0,0,0,0,0,0,0,0,0,0,0,5,3,6,0,0,0,0,0,0,0,1,1,0,0,0,0,0,0,0,0,0,0,0,0,0,0,1,0,0,0,0,0,0,0,0,20,7.996031746031746,7,7,0.0,16120.0,4,0.03472222222222222,0.11283922171018947,0.11283922171018947,0.13675351446757872,0.11283922171018945,0.13088503937448298,0.08168148192085867,0.08168148192085867,0.010819585607621777,0,0,0,1,0,3,4,0.234375,0.765625,0.203125,0.015625,0.015625,0.6571428571428571,0.08571428571428572,1,1,1,1,0,1,0,0,0,1,1,1,1,0,0,0,1,0,1,1,1,0,1,0,0,0,1,0,1,1,1,0,1,1,1,0,1,0,1,1,1,0,1,0,1,1,0,1,0,0,1,1,0,0,1,1,0,1,1,0,0,1,0,1,1,1,1,0,1,1,0,1,1,0,1,0,0,0,1,0,1,1,0,0,0,1,1,0,1,0,1,1,0,1,0,0,1,0,0,1,1,0,1,1,0,1,0,0,0,0,0,0,0,0,1,0,1,1,0,1,0,1,1,1,0,1,0,0,0,0,0,0,0,0,0,0,1,0,0,1,0,0,0,0,0,0,0,0,0,0,0,0,0,0,1,0,1,0,0,0,0,0,0,0,0,0,0,0,0,0,0,0,0,0,0,0,0,0,1,0,0,0,1,0,0,1,0,0,0,0,0,0,0,0,1,0,0,0,0,0,1,0,1,0,1,0,0,0,0,0,0,0,0,0,1,0,1,1,0,1,1,1,0,1,0,1,0,1,0,1,0,0,1,1,0,0,1,1,1,0,1,0,0,1,1,1,0,0,0,0,0,1,0,1,1,1,1,1,0,1,1,0,0,0,1,1,1,1,1,1,0,1,0,1,1,0,0,1,1,1,1,1,1,1,1,1,1,1,1,1,1,1,1,1,0
12.927115344028518,0.06420576931753108,-1.2987689133657743,0.09394917710960603,27.5,534.5800000000003,1.3333333333333333,3.6015467039495275,1.3304850816773919,161713970.54999393,9.513148283418554,31.58093483564332,17.11275295517253,5.131558479839333,17.443269230122134,11.814359458703011,5.969305287951849,19.283521283065944,4.794537184071822,9.357518502363657,11.761884949391115,5.15571272675054,31.035524288667744,41.98979838935584,0.0,29.491929155905282,57.82845951957419,0.0,29.790915172077273,5.15571272675054,30.299197717116684,31.1207903016467,28.743672978028172,0.0,16.367244685174846,5.131558479839333,0.0,23.294371560957792,101.71832515820884,19.178148736287287,0.0,18.666047743851948,0.0,0.0,203.44,34.911063391542264,29.491929155905282,0.0,34.35487645614135,24.11178708897712,35.942730777168315,11.761884949391115,6.076020106833881,4.899909730850478,25.146808437126857,5.733667477162185,3.8174819527271318,2.069361593503446,57.31409265999959,27.13760080825178,5.668829276518872,-2.9049020792059688,2.972165576754549,2.172320802998673,0.0,0.45,6,0,4,4,3,1,3,0,12,16,5,6,0,3,3,0,0,5,-1.4421999999999964,1,0,0,1,0,2,0,0,1,0,0,0,5,2,1,0,0,1,0,0,0,0,1,0,1,0,0,0,1,0,0,0,0,0,0,0,0,0,0,0,0,0,0,0,0,0,1,0,0,0,0,0,0,0,1,0,0,0,0,0,0,0,0,18,6.877777777777778,5,5,0.0,4333.0,3,0.06349206349206347,0.17287581699346405,0.17287581699346405,0.17294500537222657,0.17287581699346408,0.15186408801234552,0.11868476286127169,0.11868476286127169,0.012648563740121122,0,0,0,1,3,1,4,0.4444444444444444,0.5555555555555556,0.16666666666666666,0.2222222222222222,0.05555555555555555,0.7,0.175,1,0,1,1,0,1,1,0,0,1,1,1,0,1,1,0,0,1,0,1,0,0,0,0,1,1,0,1,1,0,1,0,0,1,1,1,0,1,0,1,1,0,0,0,1,1,1,0,1,1,0,0,0,1,1,0,1,0,1,1,0,0,0,1,0,0,0,1,0,0,0,0,1,0,1,0,0,0,0,0,1,0,0,1,0,1,1,1,0,0,1,1,0,0,0,0,0,0,0,0,1,0,1,0,0,1,0,1,0,0,1,1,1,1,0,0,0,1,1,0,0,0,1,1,1,1,0,1,0,0,0,0,0,0,0,0,1,0,0,1,0,0,0,0,0,0,0,0,0,0,0,0,1,0,0,0,0,0,0,0,1,1,0,0,1,0,1,0,0,0,0,0,0,1,0,1,0,0,1,0,0,1,0,0,0,0,0,0,0,0,1,0,0,1,0,1,0,1,0,1,0,0,0,1,1,1,1,1,1,1,1,1,1,1,1,0,1,1,1,1,1,0,1,1,1,1,1,1,1,1,1,0,1,1,1,0,0,0,1,1,0,0,0,0,0,1,1,1,1,1,1,1,1,0,0,1,1,1,1,1,0,1,0,1,1,1,1,1,1,0,1,1,0,0,1,1,1,0,1,1,0,1,1,0,1,1,1,1,0,1,1,1,1,1,0
12.673504291523773,0.0298267171671891,-1.177958953799085,0.3621907984804827,29.484848484848484,475.52300000000025,1.2424242424242424,3.3017603022311484,1.430215325629772,20327274.093644857,8.805461747062983,30.853069123385254,5.697039313055833,0.0,11.814359458703011,0.0,11.938610575903699,9.589074368143644,9.589074368143644,0.0,11.761884949391115,12.990104268152233,31.54366002800146,28.30512327062975,29.669005583902614,34.4977309208094,41.20224125868138,0.0,10.216698334856808,11.835812092322787,43.70588209833365,11.861545009918906,40.431095592489314,0.0,10.633577208012662,5.687386274683562,0.0,11.761884949391115,73.95480443191826,14.383611552215466,11.835812092322787,30.626284698076073,0.0,0.0,156.26999999999998,30.00232383896136,29.3912035259687,0.0,40.28453516874736,23.558100817412193,0.0,35.71826601685544,12.13273413692322,6.923737199690624,10.633577208012662,5.106527394840706,0.0,1.359520814983477,50.080161141828476,34.57752355401033,0.41813006129724206,-3.792771539478719,-0.41861490563953074,3.8687556475157505,0.0,0.45454545454545453,5,0,3,3,2,0,6,0,7,11,3,7,0,2,2,0,0,4,0.9407000000000005,1,1,1,0,1,0,0,0,2,0,0,0,1,2,0,0,0,0,0,0,0,0,0,0,1,0,0,0,1,0,0,0,0,0,0,0,0,0,0,0,0,0,0,0,0,0,0,0,0,0,0,0,0,0,1,0,0,0,0,0,0,0,0,16,6.5606060606060606,4,4,0.0,3464.0,3,0.06818181818181818,0.17937438905180836,0.17937438905180836,0.18615733758058658,0.17937438905180836,0.1582983123131312,0.11447550143011234,0.11447550143011234,0.01451972575334443,0,0,0,1,2,1,3,0.3333333333333333,0.6666666666666666,0.21212121212121213,0.09090909090909091,0.030303030303030304,0.6944444444444444,0.1388888888888889,1,1,1,0,0,1,0,1,0,0,1,0,1,0,0,1,0,0,0,0,0,0,0,0,1,1,0,1,0,1,1,0,0,1,0,0,0,0,1,1,1,1,0,0,0,0,1,1,0,1,0,0,0,0,1,0,1,0,1,0,0,0,0,1,1,1,0,0,0,0,1,0,1,0,0,0,0,0,0,0,1,1,0,0,1,0,1,0,0,0,1,0,0,0,0,0,0,1,0,1,1,1,1,1,0,1,1,1,0,0,0,0,0,0,1,0,1,0,1,0,0,0,0,1,0,1,0,0,0,0,0,0,0,0,0,0,1,0,0,1,0,0,0,0,0,0,0,1,0,0,0,0,0,0,0,0,0,0,0,0,0,0,0,0,0,0,0,0,0,0,0,0,0,1,0,0,0,0,0,0,0,0,1,0,0,0,0,0,0,0,0,0,1,0,0,0,0,0,0,0,0,0,0,0,1,0,0,1,0,1,1,1,0,1,0,0,1,1,1,1,1,0,0,1,1,1,0,1,1,0,0,0,1,1,0,0,0,0,1,1,0,0,0,0,0,1,0,0,1,1,1,1,0,0,0,1,0,1,0,1,0,1,0,1,1,1,0,1,1,0,1,1,0,0,1,0,1,1,1,1,1,1,1,0,1,1,1,1,1,1,1,1,1,1,0
13.18235763288072,0.07552910725304329,-1.810973363882591,0.06641669832653377,25.0,575.6320000000002,1.3055555555555556,3.2020598598990553,1.4916868248610593,59281655.42222715,9.959621975013423,26.000373824649976,21.22598666989679,0.0,11.063616211172214,17.539345052673266,11.938610575903699,19.283521283065944,14.270877303288827,0.0,16.860566757692155,35.285654848173344,15.999874721379003,25.663176737448303,4.237168497710827,38.92260366384056,76.70768956152267,0.0,30.423953269612767,12.781339459839375,20.837264902562655,18.615504754771113,21.080416870905196,0.0,11.050456081168516,0.0,0.0,47.04753979756446,99.27670239475911,35.75722085683634,0.0,0.0,0.0,0.0,219.92999999999995,50.91408271476943,29.079213315199816,0.0,21.439915024260237,10.729541011889975,28.42367962963271,35.31537037520495,7.04767198267719,0.0,20.842240603617103,15.57705782580294,6.047647633827608,4.062850019074281,61.70063784681114,32.20975531540819,2.9287005248157483,-4.891586783969373,0.0,0.0,2.858662110699081,0.4117647058823529,5,0,3,3,3,1,2,0,14,19,4,9,0,2,2,0,0,4,-1.3974999999999984,2,0,0,0,0,4,0,0,2,0,0,0,5,1,1,0,0,0,0,0,0,0,0,0,0,1,0,0,1,0,1,0,0,0,0,0,0,0,0,0,0,1,0,0,0,0,0,0,0,0,0,1,0,0,4,0,0,0,1,0,0,0,0,17,6.904761904761905,4,4,0.0,4350.0,4,0.06190476190476189,0.1736694677871148,0.1736694677871148,0.16983265888530227,0.17366946778711487,0.15187419641133215,0.11301337240256487,0.11301337240256487,0.014633324075096791,0,0,0,2,1,1,3,0.5277777777777778,0.4722222222222222,0.2222222222222222,0.19444444444444445,0.1111111111111111,0.6923076923076923,0.1794871794871795,1,1,1,1,0,1,0,1,1,0,1,0,1,0,0,1,0,0,0,1,0,0,0,0,0,0,0,0,0,0,1,0,0,1,0,1,1,0,0,1,1,0,0,0,1,0,0,0,0,1,1,1,0,0,1,1,1,0,1,0,0,0,1,0,1,0,0,1,1,0,0,0,1,1,0,0,0,0,1,0,1,1,1,1,0,1,1,1,1,1,1,1,0,0,0,0,0,0,0,0,1,1,1,0,1,0,0,1,0,0,0,0,0,0,1,0,1,0,0,1,0,1,1,1,0,1,0,1,0,0,0,0,0,0,0,0,1,0,0,1,0,0,0,0,0,0,0,0,0,1,0,0,0,0,0,0,0,0,0,0,0,0,0,0,1,0,0,0,0,0,0,0,0,1,0,1,0,0,1,0,1,1,0,0,0,0,0,1,0,0,0,0,1,1,0,0,0,0,1,0,1,0,0,1,1,1,0,1,1,1,0,1,1,1,0,0,1,1,0,1,1,1,1,1,1,1,1,1,0,1,0,0,0,1,1,0,1,0,1,0,1,0,0,0,0,1,0,0,1,1,1,1,1,0,1,1,0,0,1,1,0,1,0,0,1,1,1,1,1,0,1,1,1,0,1,0,1,1,1,1,1,1,1,1,1,1,1,1,1,1,1,1,1,1,0
11.299194423779007,0.1001793293408677,-4.956953108305974,0.1400493691443843,22.551724137931036,430.3900000000001,1.3448275862068966,2.6128465437233466,2.836633327790562,1080895.4224401927,11.992441332451182,29.84326834382712,17.808983586480295,0.0,0.0,0.0,13.79200241108402,4.5237471617118175,9.35958546900315,0.0,0.0,48.60816085467105,12.999757306524504,18.9176633526859,12.71084835226122,43.72660097454208,13.79200241108402,0.0,0.0,0.0,43.67833041977124,6.606881964512918,60.76020106833881,0.0,0.0,0.0,0.0,7.822697123132171,61.595542616720415,18.620195584515017,0.0,19.765380445542643,0.0,0.0,153.75,37.704952385312616,19.572640258684565,0.0,13.027703587438928,6.4208216229260096,0.0,43.37985784069391,24.304080427335524,0.0,4.5237471617118175,19.630213554145705,21.01523961435594,0.0,29.55023973831463,29.370614282682524,-1.8718134938203925,-0.5314741144465229,11.48232658778474,1.1640427156572761,-4.956953108305974,0.42105263157894735,5,0,1,1,0,0,4,0,7,10,1,11,0,0,0,0,0,1,1.0550999999999997,0,3,2,0,0,0,0,0,0,0,0,0,0,0,0,0,0,0,0,0,0,0,4,0,0,0,0,0,0,1,1,0,0,0,0,0,0,0,0,0,1,0,0,0,0,0,0,0,1,0,0,0,0,0,0,0,0,0,0,0,0,0,0,17,6.472906403940887,1,1,0.0,2628.0,4,0.07142857142857142,0.2027002371829958,0.2027002371829958,0.19353789417728717,0.2027002371829958,0.1628139553314824,0.14135687371765526,0.14135687371765526,0.014312912206067011,0,0,0,0,0,0,1,0.3448275862068966,0.6551724137931034,0.3103448275862069,0.0,0.0,0.7586206896551724,0.2413793103448276,0,1,0,0,0,0,0,0,1,0,1,1,1,0,0,0,1,0,0,0,0,0,0,0,0,0,0,1,1,1,1,0,0,1,0,1,0,1,1,1,1,0,0,0,0,0,1,1,1,0,0,1,0,0,1,1,0,0,1,1,1,0,0,1,1,0,1,1,0,1,1,0,0,0,0,0,1,0,0,0,1,1,0,1,0,0,1,0,1,0,0,0,0,0,1,0,0,0,0,1,1,0,1,1,1,0,0,0,1,1,1,0,0,0,1,0,1,1,0,0,0,1,0,1,0,0,0,0,0,0,0,0,0,0,0,0,0,0,0,0,0,0,0,0,0,0,0,0,0,0,0,0,0,0,0,0,0,1,0,0,0,0,0,0,0,0,0,0,0,0,0,1,0,0,0,0,1,0,0,0,0,0,0,0,0,1,0,0,0,0,0,0,0,0,1,0,0,1,0,0,1,0,0,0,0,0,0,0,0,0,1,0,0,0,0,0,0,1,1,1,0,0,0,0,0,0,1,1,0,0,1,0,1,0,1,0,0,1,0,0,1,0,0,0,1,0,0,0,0,0,0,1,1,0,1,1,0,0,1,1,1,0,0,0,1,1,0,1,1,0,0,1,0,0,1,0,1,0,0,0,1,1,1,1,0,1,0,1,1,0,0,1,1,1,0
12.413533320735702,0.34856104864785475,-1.4002000398925,0.5000831278778665,28.0,384.4350000000001,1.32,3.0875213479922636,1.7671216934608431,330222.7582531646,6.025297123083352,20.429753124538223,17.45755447126466,5.917906046161393,11.814359458703011,0.0,11.938610575903699,14.383611552215466,4.794537184071822,11.336785877934737,11.761884949391115,0.0,36.237418500471684,4.747022453217559,0.0,29.3912035259687,46.85164086193256,0.0,10.216698334856808,0.0,41.969957370024865,0.0,22.389944101090435,0.0,5.316788604006331,0.0,0.0,23.098670827325854,61.070511479620805,19.178148736287287,0.0,25.328831937239634,0.0,0.0,124.01,51.875453005250314,29.3912035259687,0.0,0.0,5.563451491696996,0.0,27.998580558176332,30.67396700877469,0.0,5.316788604006331,0.0,-0.7031795634920632,2.562334639166349,48.92110652906964,23.921134487222602,0.34856104864785475,-5.079346666716119,0.0,3.457034131426267,0.0,0.4666666666666667,3,0,2,2,2,1,4,0,6,10,3,5,0,2,2,0,0,3,0.5479999999999997,2,0,0,0,0,0,0,0,2,0,0,0,1,1,0,0,0,0,0,0,0,0,0,0,0,0,0,0,1,0,0,0,0,0,0,0,0,0,0,0,0,0,0,0,0,0,0,0,0,0,0,0,0,0,1,0,0,0,0,0,1,0,0,11,4.913333333333333,3,3,0.0,1474.0,4,0.08999999999999998,0.17014492753623187,0.17014492753623187,0.18623112276390946,0.17014492753623187,0.2107024592839162,0.1484742077211712,0.1484742077211712,0.018368266613633638,0,0,0,1,2,1,2,0.4,0.6,0.24,0.08,0.08,0.6666666666666666,0.14814814814814814,1,1,1,1,0,1,0,0,0,0,1,0,0,0,1,0,0,1,1,0,0,1,0,1,0,0,0,0,0,0,0,0,0,1,0,1,1,0,0,1,1,0,0,0,0,0,0,0,0,0,0,0,1,1,0,0,0,1,1,0,0,1,0,0,0,0,0,1,0,0,0,0,1,1,0,1,0,0,0,0,0,1,0,0,1,1,1,0,0,0,0,1,0,0,0,0,0,0,0,1,1,0,0,1,0,1,1,0,0,0,0,0,0,1,0,0,0,0,0,0,0,0,1,1,0,1,1,1,0,0,0,0,0,0,0,0,1,0,0,1,0,0,0,0,0,0,0,1,0,0,0,0,0,0,0,0,0,0,0,0,0,0,0,0,1,0,0,0,0,0,0,0,0,0,0,1,0,0,0,0,0,1,0,0,0,0,0,0,0,0,0,0,0,0,1,0,0,0,0,0,0,0,1,0,0,0,0,1,0,1,0,1,0,1,0,0,1,1,0,0,1,0,0,1,1,1,0,0,0,0,0,0,0,1,0,0,0,0,1,0,1,0,0,0,0,1,0,0,1,1,1,1,0,0,0,1,0,0,0,1,0,1,0,0,1,1,0,1,1,0,1,1,0,0,1,0,1,1,1,1,0,0,1,0,1,1,1,1,1,1,1,0,1,1,0
10.455622394772602,0.018258025719470217,0.018258025719470217,0.31722605105983087,45.48,666.9100000000002,0.68,3.8132457339022126,1.2189284391515671,729063483964.3683,10.006491261768536,28.978935966771616,25.17319447012107,0.0,0.0,0.0,0.0,0.0,0.0,0.0,0.0,61.70811399163441,57.70409545426204,61.29378091303484,62.306452149765605,19.17911650507066,11.374772549367124,0.0,0.0,11.835812092322787,60.68063074708944,62.28212182620223,131.8121192255374,0.0,9.799819461700956,11.374772549367124,0.0,0.0,95.82878218616379,10.82998093879356,11.835812092322787,36.81018947509803,0.0,0.0,46.94,0.0,10.213054789681411,0.0,36.127426526115315,23.91949375061871,73.91788664256873,33.64788459289965,11.146209060138535,0.0,108.19261758356728,0.0,2.1183278781406347,0.0,5.539248393801965,20.9112447895452,11.833430939167325,0.6149380881063777,18.569045545756715,14.984682792946337,0.0,0.45454545454545453,2,2,7,9,0,0,10,4,4,6,7,6,2,4,6,2,1,11,5.475600000000007,0,2,2,0,0,0,0,0,0,0,0,0,4,0,0,0,0,0,0,0,0,0,0,0,2,0,0,0,8,0,0,0,0,0,0,0,0,0,0,0,0,0,0,0,0,0,0,2,0,2,0,0,0,2,0,0,0,0,0,0,0,0,0,16,6.010612244897959,11,11,0.0,7363.0,4,0.048979591836734684,0.10438775510204082,0.10438775510204082,0.09352820902268545,0.10438775510204085,0.17272383146073814,0.12026232327924852,0.12026232327924852,0.011509996961786352,0,0,0,0,4,2,7,0.12,0.88,0.04,0.08,0.0,0.7,0.1,0,0,1,0,0,0,0,0,1,0,1,0,1,1,1,1,0,0,0,0,0,0,0,0,0,0,1,0,0,0,1,0,0,1,0,0,1,1,0,1,1,0,1,0,1,0,1,1,0,0,0,0,1,1,1,0,0,0,0,0,1,0,0,1,1,0,0,1,1,0,0,0,0,1,0,0,0,0,0,1,1,1,0,0,1,0,1,0,0,0,0,1,0,0,1,0,0,0,0,1,1,1,0,0,0,0,0,0,0,1,0,1,0,0,1,0,1,0,1,0,0,0,0,1,0,1,0,1,0,0,0,0,0,0,0,0,0,0,0,0,0,0,0,0,0,0,0,0,0,0,0,0,0,0,1,0,0,0,1,0,0,0,1,0,0,0,0,0,0,0,0,0,0,1,0,0,0,1,1,0,0,0,0,0,0,0,0,0,0,0,0,0,0,0,1,0,0,0,0,0,0,0,0,1,1,0,0,0,1,0,1,1,0,1,1,0,0,0,0,1,0,0,0,0,1,0,1,1,1,1,0,0,0,1,0,0,0,1,0,1,1,0,0,0,0,0,1,0,1,1,1,0,0,1,0,0,1,1,0,1,0,0,0,1,0,1,1,1,0,0,1,0,1,1,0,1,1,0,0,0,0,1,0,1,1,1,1,1,0,1,1,1,1,1,0
12.799875939573361,0.07886201394137937,-0.9310416666666668,0.7913895398394191,45.23076923076923,356.44200000000023,1.3076923076923077,3.32359130297419,1.6023147632129766,1889142.5909757416,4.448257493478689,19.432948601176086,11.642891640131648,23.38623500068105,0.0,0.0,0.0,4.794537184071822,0.0,0.0,0.0,6.06636706846161,30.892283428936633,30.74382240663642,25.55217526389912,24.227485785247907,5.783244946364939,0.0,0.0,5.917906046161393,61.686778234832786,20.13718479450234,23.259637120317212,11.49902366656781,4.736862953800049,0.0,11.49902366656781,0.0,58.36337341612326,16.63034927639461,5.917906046161393,43.23101109802404,0.0,0.0,66.76,17.12000766812877,15.007591973753234,0.0,17.574597608796804,18.591155079135923,47.45899594492718,12.841643245852019,6.06636706846161,6.06636706846161,7.04767198267719,4.736862953800049,6.984215954900479,0.0,12.799875939573361,22.5452308991013,0.49226710128495865,1.4215699798437897,4.417074441244715,2.091224017384732,2.306920666414714,0.6666666666666666,2,3,2,5,0,0,5,2,4,5,2,2,2,1,3,1,1,6,1.6699999999999997,0,1,0,0,0,0,0,1,0,0,0,0,1,0,0,0,1,1,0,0,0,0,0,0,0,0,0,0,0,0,1,0,0,0,0,0,0,0,1,1,0,0,0,0,0,0,0,0,0,1,0,0,0,1,0,0,0,0,0,0,0,0,0,10,3.993846153846154,6,6,0.08974358974358973,1298.0,4,0.0953846153846154,0.12474358974358973,0.12474358974358973,0.11208284807711505,0.12474358974358973,0.2605438784935416,0.1691461908812112,0.1691461908812112,0.017269652015434563,0,0,1,0,1,0,3,0.19230769230769232,0.8076923076923077,0.15384615384615385,0.038461538461538464,0.0,0.7741935483870968,0.03225806451612903,0,1,1,0,0,0,0,1,1,0,1,1,0,0,1,1,1,0,0,1,0,0,1,0,0,0,0,0,0,1,1,0,0,1,0,0,1,0,1,1,0,0,1,0,0,1,0,0,0,0,0,0,0,1,0,1,0,1,1,0,1,0,0,1,0,0,1,1,0,0,0,1,0,0,1,0,0,0,0,0,1,1,0,0,1,0,1,0,0,0,0,0,0,1,0,0,1,1,0,0,1,0,0,1,1,0,0,0,0,0,1,0,0,1,1,0,1,0,0,1,1,0,0,1,0,0,0,0,0,0,0,0,0,0,0,0,0,0,0,0,0,0,0,0,0,0,0,0,0,0,1,0,0,0,0,0,0,0,1,0,0,0,0,0,0,0,0,0,0,0,0,0,0,0,0,0,0,1,0,0,0,0,0,0,0,1,0,0,0,0,0,0,0,0,1,0,0,0,0,0,1,0,0,1,0,0,0,0,0,0,0,1,0,1,1,0,0,1,1,1,0,1,0,1,1,0,1,0,1,1,0,0,1,1,0,0,1,0,0,1,1,1,0,1,1,0,1,0,1,1,1,0,0,0,0,1,1,1,0,1,1,0,0,0,0,1,1,1,1,0,0,1,1,1,1,1,1,0,0,0,1,1,1,1,1,1,1,1,1,1,1,1,1,1,0
13.137521730914589,0.313657407407407,0.313657407407407,0.7952497114867856,36.36363636363637,296.414,1.0454545454545454,2.5885163321111944,1.5288177918866688,274279.19055050216,4.821589868943879,9.799819461700956,0.0,0.0,0.0,5.907179729351506,0.0,4.794537184071822,0.0,0.0,0.0,12.13273413692322,68.3047970244722,30.612711178831503,0.0,4.794537184071822,5.907179729351506,0.0,9.799819461700956,5.917906046161393,44.0638549899394,26.1790256236503,34.88945568047582,0.0,0.0,0.0,0.0,0.0,47.92786564385072,6.4208216229260096,5.917906046161393,53.086084197028256,0.0,0.0,23.550000000000004,0.0,4.794537184071822,0.0,0.0,17.86692660466086,30.99169197260955,49.89970228692318,0.0,0.0,27.998920667085788,0.0,0.0,0.0,17.959787021289998,0.0,3.8581822142437234,1.6427095143612989,6.266934523809524,4.566196171369782,0.0,0.631578947368421,0,1,4,5,1,0,2,2,2,3,4,1,0,3,3,0,0,6,2.656500000000001,0,0,0,0,0,0,0,0,0,0,0,0,2,0,0,0,0,0,0,0,0,0,0,0,0,1,0,0,3,0,0,0,0,0,0,0,0,0,0,0,0,0,0,0,0,0,0,0,0,3,0,0,0,0,0,0,0,0,0,0,0,0,0,9,4.03030303030303,5,5,0.0,931.0,3,0.11255411255411256,0.15151515151515152,0.15151515151515152,0.14639418545541227,0.15151515151515152,0.25570678291918436,0.19795704156146263,0.19795704156146263,0.012344241045410197,0,0,0,0,0,1,2,0.13636363636363635,0.8636363636363636,0.045454545454545456,0.09090909090909091,0.0,0.7307692307692307,0.038461538461538464,0,0,0,0,1,0,0,0,0,1,1,0,0,0,0,1,0,0,0,0,0,0,0,1,0,1,0,1,0,1,1,0,0,0,0,0,0,1,0,1,0,0,1,0,1,1,0,0,0,0,0,1,0,0,0,0,0,0,1,0,0,0,0,1,1,1,0,0,0,0,0,0,1,1,1,0,0,0,0,0,1,1,0,0,1,0,1,0,1,1,0,0,0,0,0,0,1,0,0,1,1,0,0,0,0,0,0,0,0,0,0,1,1,0,0,0,1,0,0,0,0,0,1,1,0,0,0,0,0,0,0,0,0,0,0,0,0,0,0,0,0,0,0,0,0,0,0,0,0,0,0,0,0,0,0,0,0,0,0,0,0,0,0,0,0,0,0,0,0,0,0,0,0,0,0,0,0,0,0,0,0,0,0,0,0,0,0,0,0,0,1,0,0,0,0,0,0,0,0,0,0,0,0,1,0,0,0,1,0,0,0,0,0,1,1,0,0,0,0,0,1,0,0,0,0,0,1,0,1,1,0,0,0,1,0,0,0,0,1,1,0,0,0,0,0,1,1,0,1,1,1,0,0,0,0,1,1,1,0,0,0,1,0,0,0,1,1,0,0,0,1,1,1,1,0,1,1,0,1,0,0,1,1,0,1,0,1,0,0,1,1,1,1,1,0
13.174413265306125,0.2811111111111111,-0.5823842592592592,0.7601212787758543,13.08695652173913,309.45300000000003,0.9565217391304348,2.598135394373267,2.661361390026637,150691.85287364948,7.560773919248965,4.899909730850478,5.783244946364939,0.0,0.0,0.0,0.0,4.794537184071822,0.0,0.0,0.0,67.58740788430673,38.566805771365004,12.462662452073971,5.41499046939678,4.794537184071822,5.783244946364939,0.0,4.899909730850478,0.0,38.14594894377801,14.09534396535438,71.7905736680101,0.0,0.0,0.0,0.0,0.0,30.82033947171776,10.209527653468601,0.0,37.81602062862726,0.0,0.0,20.310000000000002,5.41499046939678,4.794537184071822,0.0,5.783244946364939,12.462662452073971,17.54772460632,0.0,0.0,43.321939610460284,50.18445916974192,0.0,0.0,0.0,15.358510487528347,0.0,1.596782407407408,0.2811111111111111,1.3101558956916102,4.145694444444445,4.142530234315949,0.38095238095238093,0,0,0,0,0,0,1,0,2,2,0,7,0,0,0,0,1,2,4.292000000000004,0,0,0,0,0,0,0,0,0,0,0,0,1,0,0,0,0,0,0,0,0,0,0,0,0,0,0,0,0,0,0,0,0,0,0,0,0,0,1,1,0,0,0,0,0,0,0,0,0,0,0,0,0,0,0,0,0,0,0,0,0,0,0,8,4.126482213438735,2,2,0.0,1044.0,4,0.09486166007905136,0.14888010540184454,0.14888010540184454,0.1855651616019123,0.14888010540184454,0.25318523315639035,0.17225698512585727,0.17225698512585727,0.016912006826999188,0,0,0,0,0,2,0,0.08695652173913043,0.9130434782608695,0.043478260869565216,0.043478260869565216,0.0,0.4583333333333333,0.041666666666666664,0,1,1,0,0,1,1,0,0,1,1,1,0,0,0,0,0,0,1,0,0,0,0,0,0,0,0,1,0,0,0,0,0,1,0,0,0,0,1,1,0,0,0,1,0,0,0,1,0,0,0,0,0,0,0,0,0,1,0,0,0,0,0,0,1,1,0,0,0,0,0,0,0,0,1,0,0,0,0,0,1,1,0,0,0,0,1,0,0,1,0,0,0,0,0,1,0,1,0,0,1,0,0,0,0,0,0,0,0,0,0,0,0,1,1,1,0,0,0,0,0,1,0,0,0,1,0,0,0,0,0,0,0,0,0,0,0,0,0,0,0,0,0,0,0,0,0,0,0,0,0,0,0,0,0,0,0,0,0,0,0,0,0,0,0,0,0,0,0,0,0,0,0,0,0,0,0,0,0,0,0,0,0,0,0,0,0,0,0,0,0,0,0,0,1,0,0,0,0,0,0,0,1,0,0,0,0,0,0,0,0,0,0,1,1,0,0,0,0,0,0,1,0,0,0,0,0,0,0,0,0,0,0,0,0,0,1,0,0,1,1,0,1,1,1,0,0,0,0,0,1,0,0,1,0,0,0,1,0,0,1,0,0,0,0,0,0,0,0,1,0,0,0,1,0,0,1,1,0,0,1,0,1,1,1,0,1,0,1,1,1,1,1,1,0
11.909380511463844,0.229444444444445,-0.3962037037037036,0.6468185140544594,14.076923076923077,353.50600000000003,1.0,2.650073065153238,2.7124078628276305,561815.4898124865,8.996215204344972,9.636772684650527,6.103966387748303,0.0,0.0,0.0,5.969305287951849,4.794537184071822,0.0,0.0,0.0,67.58740788430673,44.98762739429101,12.965578028838586,5.41499046939678,9.53140013787187,5.969305287951849,0.0,4.899909730850478,0.0,51.17365253121693,14.09534396535438,71.7905736680101,0.0,0.0,0.0,0.0,0.0,37.11036620105297,14.94639060726865,0.0,44.73975782831788,0.0,0.0,29.54,5.41499046939678,4.794537184071822,0.0,12.073271675700152,6.041840829147961,12.841643245852019,18.050640183084614,0.0,12.13273413692322,81.373664643279,4.736862953800049,5.8970323129251705,0.0,14.132711010330057,0.0,1.979722222222223,-0.23093206727135263,1.3849707105064244,5.813949829931973,4.19086577223482,0.43478260869565216,0,0,0,0,0,0,2,0,3,3,0,8,0,0,0,0,0,2,4.654600000000005,0,0,0,0,0,0,0,0,0,0,0,0,1,0,0,0,0,0,0,0,0,0,0,0,0,0,0,0,0,1,1,0,0,0,0,0,0,0,0,0,0,0,0,0,0,0,0,0,0,0,0,0,0,0,0,0,0,0,0,0,0,0,0,8,4.418461538461538,2,2,0.0,1436.0,4,0.08307692307692308,0.14243589743589744,0.14243589743589744,0.17851849407965584,0.14243589743589744,0.23666833295052686,0.158172909150418,0.158172909150418,0.015892424276528865,0,0,0,0,0,2,0,0.11538461538461539,0.8846153846153846,0.07692307692307693,0.038461538461538464,0.0,0.5185185185185185,0.037037037037037035,0,1,0,0,0,1,0,0,1,1,1,1,0,0,0,0,0,0,0,0,0,0,0,0,0,0,0,1,0,0,1,0,0,1,0,0,0,0,1,1,0,0,0,0,0,0,0,1,1,0,0,0,1,0,1,1,0,1,0,0,0,0,0,0,1,1,0,0,0,1,0,0,0,0,1,0,0,0,0,0,1,1,0,0,0,0,1,0,0,0,0,1,0,0,0,0,0,1,0,0,1,0,0,0,0,0,0,0,0,0,0,0,0,1,1,0,0,1,0,0,0,1,0,0,0,1,0,0,0,0,0,0,0,0,0,0,0,0,0,0,0,0,0,0,0,0,0,0,0,0,0,0,0,0,0,0,0,0,0,0,0,0,0,0,0,0,0,0,0,0,0,0,0,0,0,0,0,0,0,0,0,0,0,0,0,0,0,0,0,0,0,0,0,0,1,0,0,0,0,0,0,0,1,0,0,0,0,0,0,0,0,0,0,1,1,0,0,0,0,0,0,1,0,0,0,0,0,0,0,0,0,0,0,0,0,0,1,0,0,1,1,0,1,1,1,0,0,0,0,0,1,1,0,1,1,0,0,1,0,0,1,0,0,0,0,0,0,0,0,1,0,0,0,1,0,0,1,1,0,0,1,0,1,1,1,1,1,1,1,1,1,1,1,1,0
13.47103269085412,0.32102639203829764,-1.2664455782312927,0.5361368992880038,11.785714285714286,383.53200000000004,0.9285714285714286,2.7232979322740167,2.4682504577550852,1755982.506730286,10.983258062910503,14.373635638450576,6.606881964512918,0.0,5.601050810983688,0.0,5.969305287951849,0.0,4.794537184071822,0.0,0.0,87.35278832984939,31.140152994909762,6.544756405912575,6.606881964512918,14.268263091671919,5.969305287951849,0.0,4.899909730850478,5.917906046161393,32.29016845621695,33.85386430029279,71.7905736680101,0.0,0.0,0.0,0.0,0.0,44.72307931909511,19.86931390265561,5.917906046161393,37.81602062862726,0.0,0.0,38.77,5.601050810983688,4.794537184071822,0.0,5.969305287951849,25.676426381099805,23.96854622924601,0.0,0.0,79.65892438082098,13.847474399381248,9.473725907600098,12.198145313681028,0.0,15.462152174141261,0.0,0.32060846560846556,0.026926624044679492,2.0115801698702134,5.790078105316202,3.9148265131733746,0.4583333333333333,0,0,0,0,0,0,0,0,4,4,0,11,0,0,0,0,0,2,4.4878000000000045,0,0,0,0,0,0,0,0,0,0,0,0,1,0,0,0,1,0,0,0,0,0,0,0,0,0,0,0,0,1,2,0,0,0,0,0,0,0,0,0,0,0,0,0,0,0,0,0,0,0,0,0,0,0,0,0,0,0,0,0,0,0,0,11,5.092592592592593,2,2,0.0,1925.0,4,0.0767195767195767,0.1574074074074074,0.1574074074074074,0.17644215790118453,0.1574074074074074,0.20675254821184966,0.14363420229849616,0.14363420229849616,0.014000334586977524,0,0,0,0,0,2,0,0.14285714285714285,0.8571428571428571,0.10714285714285714,0.03571428571428571,0.0,0.5517241379310345,0.034482758620689655,0,1,0,0,1,1,0,0,1,1,1,1,1,1,0,0,0,0,1,1,0,0,0,0,0,0,0,0,0,0,0,1,0,1,0,0,0,0,1,1,0,0,0,0,0,0,0,1,0,0,0,0,0,1,0,1,0,0,0,0,0,0,0,0,1,0,1,1,0,0,1,0,0,0,0,0,0,0,0,0,1,1,0,0,0,0,1,0,0,0,0,0,0,0,0,0,0,1,0,0,1,1,0,0,0,0,0,0,0,0,0,0,0,1,1,0,0,0,1,0,0,0,0,0,1,1,1,0,0,0,0,0,0,0,0,0,0,0,0,0,0,0,0,0,0,0,0,0,0,0,0,0,0,0,0,0,0,0,0,0,0,0,0,0,0,0,0,0,0,0,0,0,0,0,0,0,0,0,0,0,0,0,0,0,0,0,0,0,0,0,0,0,0,0,1,0,0,0,0,0,1,0,1,0,0,0,0,0,0,0,0,0,0,1,1,0,0,0,0,0,0,1,0,1,0,0,0,0,1,0,0,0,0,0,0,0,0,1,0,1,1,0,1,1,1,0,1,0,0,0,1,1,0,1,1,0,0,0,0,0,1,0,0,0,0,0,1,0,0,1,0,0,0,1,1,1,1,1,0,0,1,1,1,1,0,1,1,1,1,1,1,1,1,1,0
6.08337962962963,0.016064814814814365,0.016064814814814365,0.7845504400951161,11.157894736842104,255.36100000000002,0.8421052631578947,2.4511708334110986,2.1446055624492186,26276.551334166976,7.073267029461437,9.636772684650527,6.103966387748303,0.0,0.0,0.0,0.0,0.0,0.0,0.0,0.0,60.6636706846161,25.22224694874837,6.544756405912575,6.606881964512918,4.736862953800049,0.0,0.0,4.899909730850478,0.0,6.103966387748303,27.246982335779872,71.7905736680101,0.0,0.0,0.0,0.0,0.0,32.14689206663035,4.736862953800049,0.0,17.230869371142294,0.0,0.0,12.47,0.0,0.0,0.0,6.103966387748303,0.0,13.151638370425493,11.126902983393991,0.0,12.13273413692322,67.52619024389774,4.736862953800049,6.08337962962963,0.0,2.131990740740741,0.0,2.4026965230536663,0.0,0.016064814814814365,1.6504190287226004,4.117859032501889,0.29411764705882354,0,0,0,0,0,0,0,0,2,2,0,6,0,0,0,0,0,2,3.3542000000000023,0,0,0,0,0,0,0,0,0,0,0,0,1,0,0,0,1,0,0,0,0,0,0,0,0,0,0,0,0,0,1,0,0,0,0,0,0,0,0,0,0,0,0,0,0,0,0,0,0,0,0,0,0,0,0,0,0,0,0,0,0,0,0,9,4.304093567251462,2,2,0.0,736.0,3,0.11695906432748539,0.19435844513243894,0.19435844513243894,0.19238397855358955,0.19435844513243894,0.24322904388244634,0.19724510200324066,0.19724510200324066,0.012710514731062213,0,0,0,0,0,2,0,0.10526315789473684,0.8947368421052632,0.05263157894736842,0.05263157894736842,0.0,0.4,0.0,0,1,0,0,0,1,0,0,0,0,0,1,1,1,0,0,0,0,1,0,0,0,0,0,0,0,0,0,0,0,0,1,0,1,0,0,0,0,0,0,0,0,0,0,0,1,1,1,0,0,0,1,0,1,0,1,0,0,0,0,1,0,0,1,1,0,0,0,0,0,0,0,0,0,1,0,0,0,0,0,1,1,0,0,0,1,1,0,0,0,0,0,0,0,0,0,0,0,0,0,1,0,0,0,0,0,0,0,0,0,0,0,0,1,0,0,0,0,0,0,0,0,0,0,0,0,0,0,0,0,0,0,0,0,0,0,0,0,0,0,0,0,0,0,0,0,0,0,0,0,0,0,0,0,0,0,0,0,0,0,0,0,0,0,0,0,0,0,0,0,0,0,0,0,0,0,0,0,0,0,0,0,0,0,0,0,0,0,0,0,0,0,0,0,0,0,0,0,0,0,0,0,1,0,0,0,0,0,0,0,0,0,0,1,1,0,0,0,0,0,0,1,0,1,0,0,0,0,1,0,0,0,0,0,0,0,0,1,0,1,0,0,0,1,1,0,1,0,0,0,1,0,0,1,1,0,0,0,0,0,1,0,0,0,0,0,1,0,0,0,0,0,0,1,0,1,1,1,0,0,1,1,0,1,0,1,1,0,1,1,1,1,1,1,0
3.689080215419501,0.15014125094482234,0.15014125094482234,0.8142368841249362,13.380952380952381,281.44300000000004,0.8095238095238095,2.446860098838313,2.2141712757468155,47175.46270560268,6.906843880182502,5.316788604006331,0.0,0.0,0.0,0.0,0.0,0.0,0.0,0.0,0.0,60.6636706846161,45.2426734050825,17.4986721276927,0.0,0.0,0.0,0.0,5.316788604006331,0.0,51.614442549381195,0.0,71.7905736680101,0.0,5.316788604006331,0.0,0.0,0.0,11.580766081531305,0.0,0.0,51.160579451243876,0.0,0.0,12.03,0.0,0.0,0.0,5.538925252383345,11.959746875309353,6.4208216229260096,11.126902983393991,0.0,0.0,93.67540808738492,0.0,0.0,0.0,0.0,3.689080215419501,2.9395101095993956,0.4418981481481482,1.102476851851852,8.959080215419501,0.0,0.4,1,0,0,0,0,0,1,0,1,1,0,5,0,0,0,0,1,2,4.985200000000004,0,0,0,0,0,0,0,0,0,0,0,0,0,1,0,0,0,0,0,0,0,0,0,0,0,0,0,0,0,0,0,0,0,0,0,0,0,0,0,0,0,0,0,0,0,0,0,0,0,0,0,0,0,0,0,0,0,0,0,0,0,0,0,9,4.447619047619048,2,2,0.0,934.0,4,0.10476190476190475,0.18145363408521303,0.18145363408521303,0.19993811895618444,0.18145363408521303,0.23418495648481147,0.19260011470622868,0.19260011470622868,0.0151696186527225,0,0,0,0,0,2,0,0.047619047619047616,0.9523809523809523,0.0,0.047619047619047616,0.0,0.45454545454545453,0.0,1,1,0,0,0,1,0,0,1,0,0,0,0,0,0,0,0,0,0,0,0,0,0,0,1,0,0,1,0,0,0,0,0,1,0,0,1,0,0,0,1,0,0,0,0,1,0,1,0,0,0,0,0,0,1,0,0,0,0,0,0,0,0,0,1,0,0,0,0,0,0,0,0,0,0,1,0,0,0,0,1,1,0,0,1,1,1,0,0,0,0,1,0,0,0,0,0,0,1,0,1,0,0,0,0,0,0,0,0,0,0,0,0,0,1,0,0,0,0,0,0,1,0,0,0,0,0,0,0,0,0,0,0,0,0,0,0,0,0,0,0,0,0,0,0,0,0,0,0,0,0,0,0,0,0,0,0,0,0,0,0,0,0,0,0,0,0,0,0,0,0,0,0,0,0,0,0,0,0,0,0,0,0,0,0,0,0,0,0,0,0,0,0,0,1,0,0,0,0,0,0,0,1,0,0,0,0,0,0,0,0,0,0,0,0,0,0,0,0,0,0,0,0,0,0,0,0,0,0,0,0,0,1,0,0,0,1,0,0,1,1,0,0,1,0,0,0,0,0,0,0,0,0,1,0,0,0,0,0,0,0,0,0,0,0,0,0,0,0,1,0,0,0,1,0,0,0,1,0,1,0,0,0,1,1,0,1,0,1,1,1,1,0,1,0
10.436688082640464,0.21398148148148133,0.21398148148148133,0.742339965191979,13.0,325.496,0.9166666666666666,2.540810691939019,2.3226463709782914,195439.15842394935,8.343088615408353,5.106527394840706,5.749511833283905,0.0,0.0,0.0,0.0,4.899909730850478,0.0,0.0,0.0,48.02802097092827,59.21408258745031,23.565039196154313,0.0,5.106527394840706,0.0,0.0,4.899909730850478,0.0,59.04109532583644,6.544756405912575,65.22129102278387,5.749511833283905,0.0,0.0,5.749511833283905,0.0,28.63487518989968,0.0,6.923737199690624,56.724030942940885,0.0,0.0,23.47,0.0,5.106527394840706,0.0,5.917906046161393,17.833193491579827,18.52902952053558,11.126902983393991,0.0,18.19910120538483,69.85043107161165,0.0,0.0,0.0,2.5166515495086923,10.436688082640464,3.493361940455195,0.6122193877551021,0.9974074074074073,12.105608255647939,0.0,0.45454545454545453,1,0,0,0,0,0,1,0,2,2,0,7,0,0,0,0,0,2,5.341420000000006,0,0,0,0,0,0,0,1,0,0,0,0,1,0,0,0,0,0,0,0,0,0,0,0,0,1,0,0,0,0,0,0,0,0,0,0,0,0,0,0,0,0,0,0,0,0,0,0,0,0,0,0,0,0,0,0,0,0,0,0,0,0,0,9,4.75,2,2,0.0,1311.0,3,0.09057971014492754,0.17045454545454544,0.17045454545454544,0.19439653946314175,0.17045454545454544,0.21880297788711714,0.17324715223078604,0.17324715223078604,0.015238504364691761,0,0,0,0,0,2,0,0.08333333333333333,0.9166666666666666,0.041666666666666664,0.041666666666666664,0.0,0.52,0.0,0,1,0,0,0,1,0,0,0,0,0,0,0,0,0,0,0,0,0,0,0,0,0,0,0,0,0,1,0,0,0,1,0,1,0,0,0,0,0,1,0,0,0,0,0,1,0,1,1,0,1,0,0,0,0,0,0,0,1,0,0,0,0,0,1,0,1,1,1,0,0,1,0,0,0,1,0,0,0,0,1,1,1,0,0,1,1,1,0,1,0,0,0,0,0,0,1,0,0,1,1,0,0,0,0,1,0,1,0,1,0,0,1,1,0,0,0,1,0,0,0,0,0,0,0,0,0,0,0,0,0,0,0,0,0,0,0,0,0,0,0,0,0,0,0,0,0,0,0,0,0,0,0,0,0,0,0,0,0,0,0,0,0,0,0,0,0,0,0,0,0,0,0,0,0,0,0,0,0,0,0,0,0,0,0,0,0,0,0,0,0,0,0,0,0,0,0,0,0,0,0,0,1,0,0,0,0,0,0,0,0,0,0,1,0,0,0,0,0,1,0,0,0,0,0,0,0,0,1,0,0,0,0,0,0,0,1,0,0,1,0,1,0,0,1,0,1,0,0,0,1,0,0,1,0,1,0,0,0,0,0,0,0,0,0,0,0,1,0,1,0,1,1,1,0,1,1,1,1,0,1,1,0,1,1,1,1,0,1,1,1,1,1,1,0
12.960905339289283,0.12144132718131573,-1.2495416908728594,0.13393623971973823,19.35135135135135,584.683,1.3513513513513513,3.4242849658167605,1.4696184697800503,143454248.08138478,11.076459998221718,26.10109945458656,29.91647849129853,15.182899163283581,0.0,11.814359458703011,11.938610575903699,19.283521283065944,14.76249422596624,0.0,34.43545670526059,16.917597676141654,12.496841729759891,21.762917177660793,12.114749617774471,34.22879210970533,80.79355517186843,0.0,20.184655376751223,5.15571272675054,29.099928145406878,24.3491722319333,32.91520979698924,0.0,11.050456081168516,5.131558479839333,0.0,46.19734165465171,84.57679499669152,30.43655894294993,6.923737199690624,16.26500318339822,0.0,0.0,197.39999999999998,35.16868367672341,24.284676131127995,0.0,34.40788602018713,26.236689006039363,11.336785877934737,52.250325819310895,6.923737199690624,0.0,20.440458372651285,15.677783455739526,0.6165040105956829,4.975363844012202,63.85390335085729,26.34929595992216,6.695549592814579,-2.886317396630088,-0.1322292079762164,1.723351186792899,1.2635777716757972,0.35,5,0,2,2,2,2,2,0,13,17,4,10,0,1,1,0,0,4,0.9987200000000007,2,0,0,1,0,2,0,0,2,0,0,0,4,1,1,0,0,0,0,0,0,0,0,0,1,1,0,0,1,0,0,0,0,0,0,0,0,0,0,0,0,0,0,0,0,0,1,0,0,0,0,0,0,0,2,0,0,0,0,2,0,0,0,19,7.288288288288288,4,4,0.0,4854.0,3,0.06006006006006005,0.17966537966537965,0.17966537966537965,0.1704438770391632,0.17966537966537965,0.14358592498049214,0.10964143430186983,0.10964143430186983,0.012964565865657291,0,0,0,1,2,2,2,0.4594594594594595,0.5405405405405406,0.1891891891891892,0.16216216216216217,0.10810810810810811,0.6,0.15,1,0,1,1,0,1,0,0,0,0,1,1,0,1,1,0,0,0,1,1,0,0,1,0,1,0,0,0,0,0,1,1,0,1,1,1,0,0,0,1,1,0,0,0,0,0,0,1,0,1,0,0,0,0,1,1,1,0,1,0,0,0,0,1,0,0,0,1,0,1,0,0,1,1,0,0,0,0,0,0,1,1,1,0,0,1,1,1,0,1,1,1,1,0,0,0,0,0,0,0,1,1,1,1,1,1,0,1,0,0,0,0,1,1,1,0,1,0,0,0,0,0,1,1,0,1,0,1,0,0,0,0,0,0,0,0,1,0,0,1,0,0,0,0,0,0,0,0,0,0,0,0,1,0,0,0,0,0,0,0,0,0,0,0,1,0,0,0,0,0,0,0,0,1,0,1,0,0,1,0,0,0,0,0,0,0,0,1,0,0,0,0,1,1,0,0,0,0,0,1,0,0,0,0,1,1,1,1,1,1,0,1,1,1,0,0,1,1,0,1,1,1,1,1,1,1,1,1,0,1,1,0,1,1,1,0,0,0,1,0,0,0,0,0,1,1,0,1,1,1,1,1,1,1,1,1,0,0,0,1,1,1,0,1,1,1,1,1,1,0,1,1,1,0,1,0,1,1,1,1,0,1,1,1,1,1,1,1,1,1,1,1,1,1,0
14.08280139833711,0.3172916666666663,-3.710632204270597,0.8789080614432031,16.227272727272727,331.34400000000005,1.4090909090909092,2.886186311070678,2.5833522847497505,66627.6109910666,5.728853367752768,5.106527394840706,29.890132642604563,9.837253136417502,0.0,0.0,0.0,0.0,26.86440853577097,5.098681808301038,0.0,6.06636706846161,12.990104268152233,17.88558774367001,11.79469443589475,22.30515447451928,9.837253136417502,0.0,14.76446326439343,0.0,24.319482446569065,6.255769183511404,48.0516345287027,0.0,0.0,8.78083009534964,0.0,0.0,39.79449485705665,21.983060353313764,11.63444168209179,12.487188691387619,0.0,0.0,85.07999999999998,32.32268365947515,22.30515447451928,0.0,12.10820789760957,6.06636706846161,18.388503320434623,24.260180284364893,0.0,0.0,10.082660329248245,0.0,52.06062543304358,0.0,3.6956162341479804,13.349309964726633,-2.443217592592592,-1.8523335013017546,3.402134406231628,0.915523904006047,-3.710632204270597,0.38461538461538464,1,0,0,0,0,1,2,0,6,9,1,5,0,0,0,0,0,2,0.8772000000000002,0,1,0,0,0,3,0,0,0,0,0,0,3,0,0,0,0,0,0,0,0,0,0,0,0,0,0,0,0,0,0,0,0,0,0,0,0,0,0,0,0,0,0,0,0,0,0,0,0,0,0,0,0,0,0,0,1,0,0,0,0,0,0,9,4.12987012987013,2,2,0.0,954.0,4,0.09956709956709954,0.1564935064935065,0.1564935064935065,0.1939233286094911,0.1564935064935065,0.25234910416376405,0.18331375950016507,0.18331375950016507,0.01940548369680049,0,0,0,0,1,2,0,0.4090909090909091,0.5909090909090909,0.13636363636363635,0.13636363636363635,0.045454545454545456,0.43478260869565216,0.08695652173913043,1,1,1,0,0,0,1,0,1,0,1,1,0,0,0,0,0,0,0,1,0,1,0,0,0,0,1,1,0,0,0,0,0,1,0,1,1,1,0,1,1,0,0,1,0,0,0,0,1,0,0,1,1,0,0,0,0,0,0,1,0,0,0,0,0,1,0,1,1,0,0,0,0,0,0,0,0,1,0,1,1,1,0,0,0,0,1,1,0,0,0,0,0,0,1,0,0,0,0,0,1,0,0,0,0,1,0,1,0,0,0,1,0,0,1,0,1,0,0,0,0,0,1,0,0,0,0,0,0,0,0,0,0,0,0,0,0,0,0,0,0,0,0,0,0,0,0,0,0,0,0,0,0,0,0,0,0,0,0,0,0,0,0,0,0,0,0,0,0,0,1,0,0,0,0,0,0,0,0,1,1,0,0,1,0,0,1,0,1,1,0,0,0,1,1,1,0,0,0,0,0,1,0,1,0,1,0,1,1,1,0,1,0,0,0,1,1,1,0,0,0,1,1,1,1,1,0,0,1,0,1,0,1,0,0,1,1,0,0,1,1,0,0,0,1,0,0,0,1,1,1,0,1,1,0,0,0,0,1,0,1,0,1,0,1,1,0,1,0,0,1,0,1,0,1,0,1,1,1,0,1,1,0,1,1,1,1,1,1,1,1,1,1,1,0
4.649526171579743,0.12370370370370365,0.12370370370370365,0.9032005021790173,23.0,262.35599999999994,0.9,3.056211660691546,1.797238955541048,110512.6136506063,4.480081934998562,5.316788604006331,5.835619785757269,0.0,0.0,0.0,0.0,4.992404732635669,0.0,0.0,0.0,60.6636706846161,17.547724606320003,17.877652921470748,6.544756405912575,0.0,5.835619785757269,0.0,5.316788604006331,10.910310778797061,11.83581209232279,13.08951281182515,71.7905736680101,0.0,5.316788604006331,0.0,0.0,0.0,18.92513259758242,5.41499046939678,5.917906046161393,17.547724606320003,0.0,0.0,24.39,0.0,0.0,0.0,5.41499046939678,5.917906046161393,19.51033443475116,16.96252276915126,0.0,0.0,70.97286402125812,0.0,0.0,0.0,4.649526171579743,3.462807067271353,2.943333333333334,1.7152834467120184,1.1595833333333334,1.913675988914084,0.0,0.2777777777777778,1,1,1,2,0,0,1,0,2,2,1,3,1,0,1,0,1,4,2.994300000000001,0,0,0,0,0,0,0,0,0,0,0,1,1,1,0,0,0,0,0,0,0,0,0,1,0,0,0,0,0,0,0,0,0,0,0,0,0,0,0,0,0,0,0,0,0,0,0,0,0,0,0,0,0,0,0,0,0,0,0,0,0,0,0,8,3.9526315789473685,4,4,0.075,751.0,4,0.12105263157894734,0.16403508771929826,0.16403508771929826,0.1877500384733725,0.16403508771929826,0.26410324794253365,0.1786736859529447,0.1786736859529447,0.014228792949799549,0,0,1,0,1,2,2,0.1,0.9,0.0,0.1,0.0,0.43478260869565216,0.043478260869565216,0,0,1,0,1,1,0,0,0,0,0,0,0,0,0,0,0,0,0,0,0,0,0,0,0,0,1,0,0,0,1,1,0,0,0,0,1,0,0,1,0,0,0,0,1,0,0,1,0,1,0,0,0,0,0,0,0,1,0,0,0,0,0,0,1,0,0,0,1,1,0,0,0,0,1,1,0,0,0,0,0,1,0,0,0,0,1,0,1,1,1,0,0,0,0,0,0,0,0,0,1,0,0,0,0,0,0,0,0,0,0,0,0,1,0,0,1,0,0,1,0,0,1,1,0,0,0,0,0,0,0,0,0,0,0,0,0,0,0,0,0,0,0,0,0,0,0,0,0,0,1,0,0,0,0,0,0,0,0,0,0,0,0,0,0,0,1,0,0,0,0,0,0,0,0,0,0,0,0,0,0,0,0,0,0,0,0,0,0,0,1,0,0,0,1,0,0,0,0,0,0,0,0,0,0,1,1,1,0,0,1,1,0,0,0,0,0,0,1,1,0,0,0,0,1,0,0,0,1,0,0,0,1,0,0,0,0,0,0,1,1,0,0,0,0,0,1,1,1,1,0,0,0,1,0,0,1,0,0,0,0,0,0,0,0,1,1,0,0,0,1,0,0,1,0,1,0,0,1,1,0,1,0,0,1,0,1,0,0,1,1,1,0,1,0
12.735265967498112,0.2244879062736207,-0.54161753590325,0.7910337931744736,10.695652173913043,308.337,1.0434782608695652,2.5966800801086443,2.203801020472307,193888.90822155224,5.606314922290351,14.573536773482537,11.3129633249809,0.0,0.0,11.466446624403513,0.0,9.589074368143644,0.0,0.0,0.0,30.33183534230805,24.26546827384644,25.168954454502735,5.516700717616262,9.901064578912528,22.497490936116122,0.0,4.567099647791355,7.04767198267719,0.0,11.947581713527669,70.51455918697532,5.749511833283905,10.459176625902487,5.687386274683562,5.749511833283905,0.0,22.628478754660758,7.04767198267719,0.0,10.357988675768818,0.0,10.902924932081056,62.540000000000006,11.466446624403513,14.69560176298435,0.0,11.3129633249809,16.590311206764618,0.0,9.467009378641833,62.626280513047256,6.06636706846161,0.0,0.0,1.376111111111111,0.0,26.623903848576468,10.931825501805662,0.47922225371630267,-0.822653533635676,0.0,0.0,3.1618461829176114,0.1111111111111111,1,0,0,0,1,1,0,0,4,5,1,2,0,0,0,0,0,3,2.5207000000000006,0,0,0,0,0,1,0,1,0,0,0,0,2,0,0,0,0,0,0,0,0,0,0,0,1,1,0,0,1,0,0,0,0,0,0,0,0,0,0,0,0,0,0,0,0,0,0,2,0,0,0,0,1,0,0,0,0,0,0,0,0,0,0,11,4.403162055335969,3,3,0.0,1114.0,3,0.09881422924901183,0.16205533596837943,0.16205533596837943,0.1784543865790608,0.16205533596837943,0.23561765642191151,0.176472120985113,0.176472120985113,0.016223909964119293,0,0,0,0,0,3,0,0.21739130434782608,0.782608695652174,0.13043478260869565,0.08695652173913043,0.0,0.24,0.08,1,0,0,0,0,1,0,0,1,0,1,1,0,0,0,0,0,0,0,0,0,0,0,0,0,0,0,0,0,0,0,0,1,1,0,0,0,1,0,1,0,0,1,0,0,1,0,1,0,0,0,0,1,0,1,0,0,0,1,0,0,0,1,0,1,0,1,0,0,1,0,0,1,0,1,0,0,1,0,0,0,1,0,0,0,0,1,0,0,0,0,0,0,0,0,0,1,0,0,0,1,0,0,0,0,0,0,0,0,0,1,0,0,1,0,0,0,0,0,0,1,1,0,0,0,1,0,0,0,0,0,0,0,0,0,0,0,0,0,0,0,0,0,0,0,0,0,0,0,0,0,0,0,0,0,0,0,0,0,0,0,0,0,0,0,0,0,0,0,0,0,0,0,0,0,0,0,0,0,0,0,0,0,0,0,0,0,0,0,0,0,0,0,1,0,0,0,0,0,0,0,0,0,1,0,0,0,0,1,0,0,0,0,1,0,0,0,1,0,0,1,1,0,0,0,1,1,0,0,1,0,0,0,1,0,0,0,0,1,0,0,1,0,0,0,1,0,0,0,1,1,0,0,1,0,1,0,0,0,0,0,1,0,1,1,1,0,1,0,0,1,1,1,1,1,0,1,1,1,0,1,0,1,0,1,1,1,1,1,1,1,1,1,1,0
14.945481969958259,0.0,-2.3534381141562335,0.13926976773835378,32.032786885245905,861.9350000000002,0.9180327868852459,3.144412387322181,3.307495618487303e-06,1464011835189.8,17.898285501948106,65.8557884600135,35.61796717296058,17.488262145096932,0.0,0.0,24.001155934793964,9.589074368143644,14.383611552215466,0.0,0.0,62.37841094707413,63.46108068721186,25.180370914939424,35.64903718866435,84.51168577636626,29.784400881158902,0.0,5.316788604006331,16.747886984954953,127.70033243196583,6.606881964512918,82.93678272814864,0.0,5.316788604006331,4.794537184071822,0.0,0.0,126.67291869211964,38.06792632121571,16.747886984954953,90.19482183999078,0.0,0.0,318.94999999999993,112.42190107762873,44.39879549972193,0.0,46.16593964691855,5.563451491696996,6.923737199690624,25.980208536304467,83.14962254614599,0.0,5.316788604006331,23.684314769000245,29.507859364191926,0.0,68.90980717341509,51.56241389387875,-8.13552639593535,-5.363479982528286,-11.482330648139211,11.790462565874922,0.0,0.5581395348837209,11,3,1,4,1,0,11,2,14,18,1,8,2,1,3,0,0,6,0.7855000000000025,0,4,3,0,0,0,0,0,0,0,0,0,0,1,0,0,0,0,0,0,1,0,0,0,0,0,0,0,5,3,5,0,0,0,0,0,0,0,1,1,0,0,0,0,0,0,0,0,0,0,0,0,0,0,0,0,0,0,0,0,0,0,0,0,0.0,6,6,0.0,inf,4,0.03442622950819672,0.10126887098268038,0.10126887098268038,0.13329580099883973,0.10126887098268038,0.0,0.08423128927832044,0.08423128927832044,0.013456905254711353,0,0,0,1,0,2,4,0.29508196721311475,0.7049180327868853,0.2786885245901639,0.01639344262295082,0.0,0.7142857142857143,0.09523809523809523,1,1,1,1,0,1,0,0,1,1,1,1,1,0,0,0,1,1,0,1,1,0,1,0,0,0,1,0,1,1,1,0,1,1,1,0,1,0,1,1,1,1,1,0,0,1,0,1,1,0,1,1,0,0,1,1,1,1,1,0,1,0,0,1,1,1,1,1,1,0,0,1,1,0,1,0,0,0,0,0,0,1,0,0,0,1,1,0,1,0,0,1,0,1,1,0,1,0,0,1,1,0,1,1,0,1,0,1,0,0,0,0,1,0,1,0,1,1,0,1,1,1,1,1,0,1,0,0,0,0,0,0,0,0,0,0,1,0,0,1,0,0,0,0,0,0,0,0,0,0,0,1,0,0,1,0,0,0,0,0,0,0,0,0,0,0,0,0,0,0,0,0,0,0,0,0,0,0,1,0,0,0,1,0,0,1,0,0,0,0,0,0,0,0,1,0,0,0,0,0,1,0,1,0,1,0,0,0,0,0,0,0,0,0,0,0,0,1,0,0,0,0,0,1,0,1,0,1,0,1,0,0,1,1,1,0,1,1,1,0,1,0,0,0,1,1,0,0,0,0,0,1,0,1,1,1,0,1,0,1,1,0,0,0,1,1,0,1,1,1,0,1,0,1,1,0,0,1,1,1,1,1,1,0,1,1,1,1,1,1,1,1,1,1,1
9.676282596371882,0.2261805555555556,0.2261805555555556,0.8478904413597521,26.705882352941178,233.3549999999999,1.3529411764705883,2.516215517262034,2.3438112504608934,8464.549000069483,5.091289572002246,10.006437125691184,5.749511833283905,0.0,0.0,0.0,0.0,0.0,0.0,0.0,0.0,25.477292959539852,50.551078885988,11.959746875309355,0.0,5.106527394840706,0.0,0.0,4.899909730850478,0.0,38.02201416079144,20.13718479450234,29.828919765543436,5.749511833283905,0.0,0.0,5.749511833283905,0.0,30.143621920193524,5.41499046939678,0.0,38.17047518309165,0.0,0.0,23.47,0.0,5.106527394840706,0.0,5.41499046939678,5.749511833283905,12.965578028838586,31.3706727663876,6.06636706846161,12.13273413692322,24.937685981679902,0.0,0.0,0.0,2.431098828420257,9.676282596371882,1.5259490740740744,0.39094907407407375,4.947409297052154,4.5661970899470905,2.20687216553288,0.6,1,0,1,1,0,0,1,0,2,2,1,2,0,1,1,0,1,2,3.1557000000000013,0,0,0,0,0,0,0,1,0,0,0,0,1,0,0,0,1,1,0,0,0,0,0,0,0,0,0,0,0,0,0,0,0,0,0,0,0,0,0,0,0,0,0,0,0,0,0,0,0,0,0,0,0,0,0,0,0,0,0,0,0,0,0,7,3.485294117647059,2,2,0.0,474.0,4,0.1323529411764706,0.16568627450980394,0.16568627450980394,0.18082920734746247,0.16568627450980394,0.29736928200441826,0.21554826673915936,0.21554826673915936,0.01830488170143866,0,0,0,0,0,1,1,0.11764705882352941,0.8823529411764706,0.058823529411764705,0.058823529411764705,0.0,0.6666666666666666,0.0,0,0,0,1,1,0,0,0,0,0,1,0,0,0,0,1,0,0,0,0,0,0,0,0,0,0,0,0,0,0,1,0,0,1,0,0,1,0,1,1,0,0,0,0,1,0,0,0,0,0,1,0,0,0,0,0,0,1,0,0,0,0,0,0,1,1,1,0,0,0,0,1,1,0,0,0,0,0,1,1,1,1,0,0,0,0,1,0,0,0,1,0,0,0,0,0,0,0,0,0,1,0,1,0,1,1,0,1,0,0,0,0,0,0,0,0,0,0,0,0,0,1,0,1,0,1,0,1,0,0,0,0,0,0,0,0,0,0,0,0,0,0,0,0,0,0,0,1,0,0,0,0,0,0,0,0,0,0,0,0,0,0,0,0,0,0,0,0,0,0,0,0,0,0,0,0,0,0,0,0,0,0,0,0,0,0,0,0,0,0,1,0,0,0,1,0,0,0,0,0,0,0,0,1,0,0,0,0,0,0,0,0,0,1,1,0,0,0,0,0,0,1,0,0,0,0,0,0,1,0,0,0,0,0,0,0,1,0,0,1,1,1,1,1,1,0,1,0,0,1,1,0,0,0,0,1,1,1,0,0,0,0,0,0,0,1,1,1,0,0,0,1,0,0,0,1,1,1,0,0,1,1,0,1,0,1,1,0,1,1,1,1,1,1,0
12.55680366591081,0.014424650676003736,-5.020853799929827,0.10642466777499184,19.033333333333335,466.41000000000014,1.4,3.0352022594276904,2.2415073568383868,2061919.12690831,8.880972720720523,31.46510249070809,24.3844916176573,10.843243482610035,6.606881964512918,11.814359458703011,22.3667102349139,14.141824241834009,18.878268880387086,8.417796984328938,11.336785877934737,5.15571272675054,0.0,5.380062770465915,0.0,46.82967452668397,56.361099054161684,0.0,14.605983116249774,10.889380203912726,12.083681658295921,18.94743140618802,11.073990765314376,0.0,16.784123558330702,9.926095663911155,0.0,11.336785877934737,82.25230417278918,34.26222796577578,0.0,5.693927994848461,0.0,0.0,253.9,65.19020028370937,27.595945720616225,0.0,15.130702465984026,0.0,11.336785877934737,5.380062770465915,0.0,0.0,25.03093138924076,21.12661222285544,36.20790625747616,0.9197544921575402,54.28162562401035,15.407626082777165,9.581207944151823,-3.7559747793494944,-1.2944594361230506,-1.6648626929728123,-5.020853799929827,0.3333333333333333,7,0,1,1,3,1,2,0,12,18,2,9,0,1,1,0,0,2,-2.8756999999999975,1,0,0,1,0,1,0,0,1,0,0,0,3,1,2,0,0,0,0,0,0,0,0,0,1,0,0,0,0,0,1,0,0,0,0,0,0,0,0,0,0,0,0,0,0,0,1,0,0,0,0,1,0,0,0,0,0,0,0,1,0,0,0,13,5.873563218390805,2,2,0.0,2555.0,4,0.07126436781609194,0.17405582922824303,0.17405582922824303,0.18421612785916106,0.17405582922824303,0.17775811296855226,0.1261698169556669,0.1261698169556669,0.015801921441006225,0,0,0,1,1,1,1,0.6,0.4,0.3333333333333333,0.2,0.06666666666666667,0.6129032258064516,0.22580645161290322,1,0,1,1,0,1,0,0,0,0,1,1,1,1,0,0,0,0,0,1,0,0,1,1,1,0,0,0,0,0,1,1,0,0,0,1,0,0,0,1,1,0,0,1,1,0,0,1,0,1,0,1,0,0,0,1,1,0,1,0,0,1,0,1,0,0,0,1,1,0,0,0,0,1,0,0,0,0,0,0,1,1,0,0,1,1,0,1,0,0,0,0,0,0,1,0,1,1,0,0,1,1,0,1,0,1,0,1,0,1,0,0,1,0,0,0,0,0,0,0,0,0,1,1,0,1,0,0,0,0,0,0,0,0,0,0,1,0,0,1,0,0,0,0,0,0,0,0,0,0,0,1,1,0,0,0,0,0,0,0,0,1,0,0,1,0,0,1,1,0,0,0,0,0,0,1,1,0,0,0,0,0,0,1,0,0,1,0,1,1,0,0,1,1,0,1,0,1,0,1,1,1,0,1,0,1,1,1,1,1,0,1,1,0,0,0,1,1,1,1,1,0,1,1,1,1,0,0,0,0,1,0,1,0,1,0,0,1,1,1,1,0,0,0,0,1,0,1,1,1,1,1,1,0,1,1,0,0,1,1,1,1,0,1,1,1,1,1,1,0,1,1,0,0,1,0,1,0,1,1,0,1,1,1,1,1,1,1,0,1,1,0,1,1,0
12.562141912320484,0.03495358560090667,-4.756268639419342,0.17478822451364606,20.5,435.44000000000017,1.4642857142857142,2.971847309732629,2.2592762983237704,690205.5939907836,7.325918985638601,20.994572059745856,11.735768823996422,10.843243482610035,5.601050810983688,11.814359458703011,16.27347016397548,14.141824241834009,14.083731696315265,8.417796984328938,11.336785877934737,5.15571272675054,20.771211599071872,5.380062770465915,6.041840829147961,37.29827438881211,50.26785898322327,0.0,14.605983116249774,5.15571272675054,38.455944068351485,5.733667477162185,11.073990765314376,0.0,11.050456081168516,5.131558479839333,0.0,11.336785877934737,68.54635098380861,29.525365011975733,0.0,26.465139593920334,0.0,0.0,201.57999999999998,51.4842470947288,22.801408536544404,0.0,15.130702465984026,0.0,11.336785877934737,26.151274369537788,0.0,0.0,15.456479851704078,20.23053332942989,31.449788205694695,0.9796905422586335,44.39737831563419,16.334751159546904,3.2564570886448156,-3.375611656986792,0.0,3.692820624691566,-4.756268639419342,0.46153846153846156,5,0,1,1,2,1,2,0,10,15,2,7,0,1,1,0,0,2,-1.1724999999999979,1,0,0,1,0,1,0,0,1,0,0,0,3,1,1,0,0,0,0,0,0,0,0,0,1,0,0,0,0,0,0,0,0,0,0,0,0,0,0,0,0,0,0,0,0,0,1,0,0,0,0,0,0,0,0,0,0,0,0,1,0,0,0,12,5.534391534391534,2,2,0.0,2092.0,4,0.07671957671957674,0.17439967439967444,0.17439967439967444,0.19634379432415883,0.17439967439967444,0.1878120319638254,0.13329515419498278,0.13329515419498278,0.018003435989470507,0,0,0,1,1,1,1,0.5357142857142857,0.4642857142857143,0.2857142857142857,0.17857142857142858,0.07142857142857142,0.6206896551724138,0.20689655172413793,1,0,0,1,0,1,0,0,1,0,1,1,0,1,0,0,0,0,0,1,0,0,1,0,1,0,0,0,0,1,1,1,0,1,0,1,0,0,0,1,1,0,0,0,0,0,0,1,0,1,0,0,0,0,0,1,1,1,1,0,0,0,0,1,0,0,0,1,1,0,0,1,0,0,0,1,0,0,1,0,1,1,0,0,0,1,0,1,0,0,1,0,0,0,1,0,0,1,0,0,1,1,0,0,0,1,0,1,0,0,0,0,1,0,1,0,0,0,0,0,0,0,1,1,0,1,0,0,0,0,0,0,0,0,0,0,1,0,0,1,0,0,0,0,0,0,0,0,0,0,0,0,1,0,0,0,0,0,0,0,0,1,0,0,1,0,0,1,1,0,0,0,0,0,0,1,1,0,0,0,0,0,0,1,0,0,1,0,1,1,0,0,1,1,1,1,0,1,0,1,1,1,1,1,0,1,1,1,1,1,0,1,1,0,0,0,1,1,0,0,1,0,1,1,1,1,0,0,0,0,1,0,0,0,1,0,0,0,1,0,1,0,0,0,0,1,0,1,1,1,1,1,1,0,1,1,0,0,1,1,0,1,0,1,1,1,0,1,1,1,1,1,0,0,1,0,1,1,1,1,1,0,1,0,1,1,1,1,1,1,1,0,1,1,0
6.130140778533635,0.6218518518518519,0.6218518518518519,0.8124044266873097,14.9375,253.718,1.375,2.9231891281501468,2.0617148602417172,10804.107017642942,3.8766446423441536,10.633577208012662,11.033401435232523,5.959554568743835,0.0,0.0,0.0,4.992404732635669,0.0,8.747079962832899,0.0,11.600939890232516,12.13273413692322,6.544756405912575,28.982963339536077,0.0,46.009469514091045,0.0,14.06386856683923,4.992404732635669,0.0,18.406301415831482,17.155367450664546,0.0,10.633577208012662,5.687386274683562,0.0,23.32912723543113,27.796147343401884,0.0,0.0,0.0,5.022633313741326,11.033401435232523,62.2,0.0,0.0,0.0,0.0,5.022633313741326,35.76985509048507,11.728187345198613,0.0,12.13273413692322,24.37306190348123,11.600939890232516,8.389059744268078,7.304870874275635,4.254279415469892,6.895843096497858,2.393947782816831,0.7383333333333335,0.0,1.635405328798186,0.0,0.2222222222222222,2,0,1,1,0,1,0,0,6,7,2,1,0,0,0,0,0,3,1.7157999999999993,0,0,0,0,0,2,0,0,0,0,0,1,3,2,0,0,0,0,0,0,0,0,0,0,1,0,0,0,1,0,0,0,1,0,0,0,0,0,0,0,0,0,0,0,0,0,0,0,0,0,0,0,0,0,0,0,0,0,0,0,0,0,0,7,3.4833333333333334,3,3,0.0,418.0,3,0.15000000000000002,0.17738095238095236,0.17738095238095236,0.18666955172697589,0.17738095238095236,0.29678174103030586,0.2257198142514458,0.2257198142514458,0.014071308416129344,0,0,0,0,2,2,1,0.4375,0.5625,0.0,0.3125,0.0625,0.3888888888888889,0.05555555555555555,1,0,0,0,0,0,0,0,0,0,0,0,0,0,0,0,1,1,0,1,0,0,0,0,0,0,1,0,0,1,1,0,1,0,0,1,0,0,0,0,0,1,0,0,1,0,0,0,0,1,0,0,0,0,0,0,0,1,0,1,1,0,0,0,0,1,0,0,1,0,0,0,1,1,1,0,1,0,0,0,0,1,0,0,0,0,1,0,0,1,1,0,0,0,0,0,0,0,0,0,1,0,0,1,1,0,0,1,0,0,1,0,0,1,0,0,0,0,0,0,0,0,1,0,0,1,0,1,0,0,0,0,0,0,0,0,0,0,0,0,0,0,0,0,0,0,0,0,0,0,0,0,0,1,0,0,0,0,0,0,0,1,0,0,1,0,0,0,0,0,0,1,0,0,0,0,0,0,0,0,0,0,0,0,0,0,1,0,0,0,0,0,0,1,0,1,0,0,0,0,0,0,0,0,0,1,1,1,1,0,1,1,0,0,0,1,1,0,1,1,0,0,1,0,1,0,0,0,1,1,0,1,1,1,1,1,0,0,0,1,0,0,0,0,0,0,1,1,1,1,0,0,1,1,0,0,0,0,1,1,0,1,1,1,0,1,1,0,0,0,1,0,1,0,0,1,0,0,1,1,0,1,0,0,1,0,1,0,0,1,1,1,0,1,0
12.487503516838833,0.061268004115225816,-3.9241577433442507,0.8593888562486871,16.17391304347826,335.3410000000001,1.3478260869565217,2.907486673145146,2.0868272197468083,168046.91473444315,5.12745478307545,14.946410935820385,5.760247418874442,17.274066962547035,0.0,15.930470882759089,0.0,9.099753175368056,8.417796984328938,0.0,0.0,17.289397394048667,19.056471336613843,18.677490542835795,4.895483475517775,22.841956500214813,27.507498532250292,0.0,9.46187924842168,0.0,11.819220675208399,12.36446058668352,47.352573565935316,0.0,5.316788604006331,5.817862777835028,0.0,0.0,35.94105533962002,14.817828337479405,6.923737199690624,11.323698910571437,0.0,5.759164871656176,112.74,21.689635754415264,18.318861563241466,0.0,21.97383705810563,5.760247418874442,4.305215991296234,25.246773188062022,19.056471336613843,0.0,10.473451861131776,4.523094936973348,30.546452304885065,0.0,12.317146111531033,16.342524092970525,-0.30885516397917145,-0.6269037853063373,0.0,1.6456698265726044,-2.7252950732762233,0.14285714285714285,2,0,1,1,1,1,0,0,6,9,2,2,0,0,0,0,0,3,1.48242,0,1,1,0,0,1,0,0,0,0,0,0,2,1,0,0,1,0,0,0,0,0,0,0,1,1,0,0,1,0,0,0,0,0,0,0,0,0,0,0,0,0,0,0,0,0,0,0,0,0,0,0,0,0,0,1,0,0,0,0,0,0,0,11,4.407114624505929,3,3,0.0,1115.0,4,0.09881422924901184,0.16224355354790135,0.16224355354790135,0.17290423087173343,0.16224355354790138,0.23579136099310463,0.17138495120038683,0.17138495120038683,0.017791250099913516,0,0,0,0,1,2,0,0.391304347826087,0.6086956521739131,0.21739130434782608,0.13043478260869565,0.043478260869565216,0.4,0.16,1,0,0,0,0,0,1,0,0,0,1,0,0,0,0,0,1,0,0,0,1,0,0,0,1,0,1,0,1,0,0,0,1,1,0,0,0,0,0,1,0,0,0,0,0,0,1,1,0,0,0,0,0,0,0,0,0,0,1,0,0,0,0,0,1,0,1,0,0,0,0,0,1,0,0,1,1,0,1,1,0,1,0,0,0,1,1,0,1,0,0,1,0,0,1,0,1,0,0,0,1,0,1,0,0,0,0,1,0,1,0,0,0,0,0,0,0,0,1,0,1,1,1,0,0,1,0,1,0,0,0,0,0,0,0,0,0,0,0,0,0,0,0,0,0,0,0,0,0,0,0,0,0,0,0,0,0,0,0,0,1,1,0,0,1,0,1,0,0,0,0,0,0,1,0,0,0,0,0,1,0,1,0,1,0,1,1,1,1,1,0,0,0,1,0,1,0,0,0,1,0,1,0,1,1,1,0,1,0,1,0,1,0,0,0,0,1,1,0,0,1,1,1,1,1,1,1,1,0,1,1,0,0,1,1,0,0,0,1,0,1,0,0,0,0,1,0,0,1,1,1,0,1,1,0,1,0,0,1,1,0,1,0,1,1,1,0,1,1,0,1,1,1,1,1,0,1,1,1,1,1,0,1,0,1,1,1,1,1,1,1,1,1,1,0
12.437916811581168,0.008342122569631405,-3.9475561838377122,0.5981616815314104,14.612903225806452,445.54500000000024,1.032258064516129,2.745567163976687,1.4808622529805018,7718338.411371263,10.34007512930902,10.633577208012662,5.693927994848461,0.0,0.0,15.930470882759089,6.031114512338072,9.77851570501903,22.918407553800055,0.0,0.0,31.395199005701247,43.882387697088866,18.783440806673614,16.786255041979313,18.00687135247258,21.96158539509716,0.0,25.323629114359164,0.0,56.38599124191242,6.544756405912575,53.61046289846651,0.0,15.355672072464749,4.794537184071822,0.0,0.0,42.910645502973466,16.444112776333593,6.923737199690624,53.84995278009579,0.0,0.0,130.14999999999998,16.054405665745655,18.00687135247258,0.0,22.538432028865703,12.965578028838586,43.36148760117551,24.52642128014937,19.056471336613843,0.0,25.323629114359164,0.0,26.947658805255376,0.0,32.162740075877906,5.483756040005309,1.8176536934919798,-0.3195591114281009,8.425448092664388,2.152575754855957,-3.9475561838377122,0.42857142857142855,3,1,0,1,3,1,0,0,6,10,1,7,1,0,1,0,0,3,2.0781199999999993,0,0,0,0,0,2,0,0,0,0,0,0,2,3,0,0,0,0,0,0,0,0,0,0,0,1,0,0,0,0,0,0,0,0,0,0,0,0,0,0,0,0,0,0,0,0,0,0,0,0,0,0,0,0,0,1,0,0,0,0,0,0,1,20,7.376344086021505,3,3,0.0,3430.0,4,0.07096774193548389,0.2198739340007415,0.2198739340007415,0.18709515761666423,0.2198739340007415,0.14146086635474864,0.1337567630868805,0.1337567630868805,0.011864797959878203,0,0,0,0,0,2,1,0.3225806451612903,0.6774193548387096,0.12903225806451613,0.16129032258064516,0.03225806451612903,0.5151515151515151,0.12121212121212122,1,0,1,1,1,0,0,0,1,0,1,0,0,0,0,0,0,0,0,0,0,1,0,0,0,0,0,1,0,0,1,0,0,1,0,1,0,0,0,1,0,0,0,0,1,1,0,0,0,1,0,1,0,0,1,0,0,0,1,0,1,0,1,1,0,0,0,1,1,1,1,0,0,0,0,1,0,0,0,0,1,1,0,0,0,0,1,1,0,1,1,1,0,0,1,0,0,0,1,1,1,0,1,1,0,0,0,0,0,0,0,0,0,0,0,1,0,0,1,1,0,0,1,1,0,1,0,1,0,0,0,0,0,0,0,0,0,0,0,0,0,0,0,0,0,0,0,0,0,0,0,0,0,0,0,0,0,0,0,0,1,1,0,0,0,1,0,0,0,0,0,1,0,0,0,0,0,0,0,1,0,0,0,1,0,0,1,1,1,1,0,0,1,1,0,1,0,1,0,0,0,1,0,0,0,1,0,1,1,1,1,0,0,0,0,0,1,1,1,1,1,0,1,1,0,1,1,0,1,0,1,0,1,0,1,0,0,0,1,1,1,0,0,0,0,1,1,0,1,1,0,0,1,1,0,0,1,1,1,1,0,1,0,0,1,1,0,0,1,0,1,0,0,1,1,1,1,0,0,1,0,1,1,1,1,0,1,1,1,1,1,1,1,1,0
10.632762214453685,0.11359360729109014,-1.5081917507463152,0.17877808193941125,53.61290322580645,454.47700000000015,0.7096774193548387,3.0156938478604216,1.7751316047001908,6336048.166700942,10.148193063720194,72.52128609289318,48.83173110198641,12.580053458670426,0.0,0.0,0.0,0.0,0.0,0.0,0.0,0.0,6.4208216229260096,18.628438064208495,18.75268918140918,49.58661618424442,0.0,0.0,0.0,22.93466990864874,92.06209505877503,13.151638370425493,0.0,0.0,22.93466990864874,0.0,0.0,0.0,129.43207617531874,18.947451815200196,0.0,6.4208216229260096,0.0,0.0,262.38000000000005,92.24815540036194,30.63916436904423,0.0,12.965578028838586,0.0,0.0,0.0,0.0,0.0,0.0,41.88212172384894,22.46574847587744,0.0,0.0,60.217734072129645,23.64594748468243,0.0,-13.772742700412293,-0.6733922891936741,0.0,1.0,14,1,2,3,0,0,14,0,14,14,2,6,1,2,3,0,0,3,-6.6523,0,6,6,0,0,0,0,0,0,0,0,0,0,0,4,0,0,0,0,0,0,0,0,0,0,0,0,0,0,0,4,0,0,0,0,0,0,0,0,0,0,0,0,0,0,0,0,0,0,0,0,0,0,0,0,0,0,0,0,0,0,0,0,13,5.531182795698925,3,3,0.0,2572.0,3,0.07096774193548387,0.15624768261030772,0.15624768261030772,0.17664754524819234,0.15624768261030772,0.18755748093160077,0.16065176010401166,0.16065176010401166,0.01562960426525555,0,0,0,0,1,0,3,0.45161290322580644,0.5483870967741935,0.3225806451612903,0.12903225806451613,0.0,1.0,0.0,0,1,0,0,0,0,1,0,0,0,0,0,1,0,0,0,1,0,0,1,0,1,0,0,0,0,0,0,0,0,1,0,0,1,0,0,0,0,0,1,1,0,0,1,0,0,0,0,0,0,0,0,1,1,0,1,1,1,0,0,0,0,0,1,0,0,0,0,0,0,1,1,0,0,0,0,0,0,0,1,1,0,1,0,1,1,0,0,0,0,0,0,0,0,1,0,0,0,1,0,1,1,0,0,1,1,0,0,1,0,1,0,0,0,0,0,0,0,0,0,0,0,0,1,0,0,1,1,0,0,0,0,0,0,0,0,0,0,0,0,0,0,0,0,0,0,0,0,0,0,0,0,0,0,0,0,0,0,0,0,0,0,0,0,0,0,0,0,0,0,0,0,0,0,0,0,0,0,0,0,0,1,1,0,0,1,0,0,0,0,0,0,0,0,0,0,0,0,0,0,1,0,0,0,0,0,0,0,1,0,1,1,1,0,0,0,0,1,1,1,0,0,0,1,1,1,1,0,1,0,0,0,1,0,0,0,0,1,0,1,0,0,0,0,0,0,0,0,1,0,0,1,0,0,1,1,0,0,0,1,1,1,0,0,0,1,1,1,1,0,1,1,0,1,1,0,0,0,1,1,1,1,0,1,1,1,1,1,0,1,0,1,1,1,0
13.581937122583145,0.0337426336119917,-0.8775087128228429,0.12866227094933808,18.244444444444444,609.7230000000003,0.8888888888888888,3.0675676752665004,1.2496165426241406,11728158362.033033,13.904446370940857,19.690424242456906,0.0,0.0,0.0,5.687386274683562,11.938610575903699,10.114318268765572,9.589074368143644,0.0,0.0,72.79640482153933,62.88980655507542,35.48655963834424,35.704105660908056,23.98611132456141,17.62599685058726,0.0,10.216698334856808,0.0,44.44283578371744,33.35094872352818,134.27409938856934,0.0,5.316788604006331,5.687386274683562,0.0,0.0,55.11278007910003,24.47779074514052,10.114318268765572,55.718199789411656,0.0,0.0,111.00999999999999,22.779827670882764,19.703392636909218,0.0,28.855467768731796,23.378351740734672,32.475912463589744,30.36943466159474,25.980208536304467,0.0,70.88036901947291,9.473725907600098,10.815597960971603,0.0,39.89567333789079,14.623246216270058,4.420134081373938,-2.074072240960139,2.6312170049967665,6.278012047362106,1.2645130470009758,0.3333333333333333,1,0,2,2,0,0,1,0,8,9,2,10,0,1,1,0,0,5,6.018000000000007,0,0,0,0,0,0,0,0,0,0,0,0,2,1,0,0,0,1,0,0,0,0,2,0,0,0,0,0,0,2,2,0,0,0,0,0,0,0,0,0,0,1,0,1,1,0,0,0,0,1,0,0,0,0,0,0,0,0,0,0,0,0,0,19,8.224242424242425,5,5,0.0,8142.0,4,0.04949494949494951,0.16800563777307964,0.16800563777307964,0.18496968249249862,0.16800563777307964,0.12546156390274013,0.0,0.0,0.010847733970796318,0,0,0,0,0,3,2,0.2,0.8,0.13333333333333333,0.06666666666666667,0.0,0.5306122448979592,0.10204081632653061,1,0,0,0,1,1,0,0,0,0,1,0,0,1,0,1,0,1,0,1,1,0,0,0,0,1,0,0,0,0,1,0,0,1,0,0,1,0,0,1,0,1,0,1,1,0,0,1,1,0,0,0,0,0,0,1,1,0,1,0,0,0,0,0,1,0,0,0,0,0,1,0,1,1,1,1,0,0,0,0,1,1,0,0,0,0,1,0,0,1,1,1,0,0,0,0,0,0,0,0,1,0,0,1,0,0,0,1,0,1,1,0,0,1,0,1,0,0,0,1,0,1,1,1,0,1,0,1,0,0,0,0,0,0,0,0,0,0,0,0,0,0,0,0,0,0,0,0,0,0,0,0,1,0,0,0,0,0,0,0,0,0,0,0,0,0,0,0,0,0,0,0,0,1,0,0,0,1,1,0,0,0,0,0,1,0,0,0,0,0,1,1,0,0,1,0,0,0,1,1,0,0,0,1,1,0,0,0,0,0,0,0,0,1,1,0,0,0,0,0,0,1,1,0,0,1,1,1,1,0,1,0,0,0,0,0,0,1,0,1,1,0,0,0,0,0,1,1,1,1,1,1,1,1,1,0,1,1,1,0,1,1,0,1,1,1,1,0,1,1,1,0,0,1,1,1,1,1,1,1,0,1,1,1,1,1,1,1,1,1,1,1,1,1,0
12.78869130757343,0.10040202191987935,-3.615208858234652,0.44860265464999205,24.5,435.5010000000002,1.0333333333333334,3.185452600614425,1.501474456212598,5910365.206042419,10.587946554894073,14.899848728443658,12.203750856615882,0.0,13.276007259795104,0.0,5.969305287951849,9.35958546900315,4.794537184071822,0.0,0.0,62.4359434569381,43.082550075723816,12.706666433380496,0.0,24.154061650668154,19.245312547746956,0.0,4.899909730850478,11.835812092322787,63.82923543548206,18.868576460848416,35.89528683400505,0.0,0.0,0.0,0.0,7.368827530443599,51.686751035743384,20.574944276000984,11.835812092322787,56.930024475105085,0.0,0.0,94.91000000000001,31.449063404362835,24.154061650668154,0.0,12.079816073629313,25.304305697925987,25.683286491704038,29.7258260913255,0.0,30.33183534230805,0.0,0.0,12.612699443413728,0.0,36.231258877053115,9.603162801038362,1.1911756896312622,-0.8161915483108513,8.080092301220082,0.4111843647158331,-3.615208858234652,0.6521739130434783,2,1,1,2,1,0,3,0,3,7,1,9,1,1,2,0,1,3,4.161700000000003,1,0,0,0,0,0,0,0,1,0,0,0,1,0,0,0,0,1,0,0,0,0,0,0,0,1,0,0,0,0,0,0,0,0,0,0,0,0,0,0,0,0,0,0,0,0,0,0,0,0,0,0,0,0,0,0,0,0,0,0,0,1,0,17,6.519540229885058,3,3,0.0,2836.0,4,0.07356321839080461,0.1971264367816092,0.1971264367816092,0.19231021030807913,0.1971264367816092,0.16031791330646647,0.13543242807473152,0.13543242807473152,0.012520432918380871,0,0,0,0,1,1,2,0.23333333333333334,0.7666666666666667,0.16666666666666666,0.03333333333333333,0.0,0.71875,0.09375,0,0,1,0,1,1,0,0,0,0,1,0,1,0,1,0,1,0,0,1,1,1,0,1,0,0,1,0,0,0,1,0,1,0,0,1,0,0,0,1,1,0,1,1,0,1,1,1,0,0,0,0,0,0,0,0,1,0,0,0,0,0,0,0,1,0,0,0,0,0,1,0,0,1,0,1,0,0,1,0,1,1,1,0,1,0,1,0,0,0,1,1,1,0,0,0,0,0,0,1,1,0,1,0,0,0,0,0,0,0,0,0,0,1,1,1,0,0,0,1,0,0,1,1,0,1,0,0,0,0,0,0,0,0,0,0,0,0,0,0,0,0,0,0,0,0,0,0,0,0,0,0,0,0,0,0,0,1,0,0,0,0,0,0,0,0,0,0,0,0,0,0,0,0,0,0,0,0,0,0,0,0,0,0,0,0,0,0,0,0,1,0,0,0,0,0,0,1,0,0,0,0,0,1,0,0,0,0,0,0,0,1,0,1,1,0,0,1,1,1,1,0,0,1,1,1,0,0,1,0,1,0,1,0,0,0,0,0,1,1,1,0,0,0,0,1,1,0,0,1,1,1,1,0,0,0,1,1,1,1,1,0,0,0,1,1,1,1,1,0,0,0,0,1,1,1,1,0,1,0,0,1,1,1,1,1,1,1,0,1,1,1,1,1,0
12.034654195011338,0.1158824640967504,-3.678564814814814,0.8241959038664723,11.444444444444445,267.31,1.2222222222222223,2.6108704161133223,2.327592361324992,11425.168940911899,4.337583644907168,10.256762414135533,0.0,0.0,5.884182201861009,10.023291153407584,0.0,0.0,13.139891848781026,0.0,0.0,5.156663257125445,38.112942673227685,11.250837766380558,10.589411470366237,12.940891921302285,21.594859629952154,0.0,5.156663257125445,0.0,18.742957874899023,10.455762341614273,35.5228477603919,0.0,10.455762341614273,11.57156847654457,0.0,0.0,13.574460241454382,10.023291153407584,13.847474399381248,11.257379486545457,0.0,0.0,98.22,10.023291153407584,8.417796984328938,0.0,10.779665677378784,16.944765761229018,0.0,24.26546827384644,13.847474399381248,0.0,9.878758121577533,10.256762414135533,31.32584270282187,0.0,0.1158824640967504,3.6861661207692955,7.3114692180948495,0.12900462962962966,0.0,3.4647981298937287,-3.678564814814814,0.18181818181818182,3,0,0,0,0,1,0,0,5,7,1,3,0,0,0,0,0,2,1.67444,0,0,0,1,0,1,0,0,0,0,0,0,1,1,1,0,0,0,0,0,0,0,0,0,2,1,0,0,0,0,0,0,0,0,0,0,0,0,0,0,0,0,0,0,0,0,0,0,0,0,0,0,0,0,0,1,0,0,0,0,0,0,0,10,4.0130718954248366,2,2,0.0,614.0,4,0.12418300653594769,0.18831699346405226,0.18831699346405226,0.2045304424745674,0.18831699346405226,0.25852555935036065,0.21581021356787453,0.21581021356787453,0.01945015186853199,0,0,0,0,1,2,0,0.3888888888888889,0.6111111111111112,0.16666666666666666,0.16666666666666666,0.05555555555555555,0.3157894736842105,0.10526315789473684,1,0,0,0,1,0,1,0,0,0,1,0,1,0,0,0,1,0,0,1,0,0,0,0,0,0,0,0,0,0,1,0,0,1,0,0,1,0,0,0,0,0,0,0,0,0,0,0,0,1,0,0,0,0,0,0,0,0,1,0,0,0,0,1,1,0,0,0,1,0,0,0,0,0,0,1,0,0,0,0,0,1,0,0,0,0,1,0,0,1,0,0,1,0,1,0,0,0,0,1,1,1,0,0,1,0,0,0,0,0,0,0,0,0,0,1,0,0,1,0,1,0,1,0,1,0,0,0,0,0,0,0,0,0,0,0,0,0,0,0,0,0,0,0,0,0,0,0,0,0,0,0,0,0,0,0,0,0,0,0,1,1,0,0,0,0,0,0,0,0,0,0,0,0,0,0,0,0,0,1,0,0,0,1,0,1,1,1,1,1,0,0,1,1,0,1,0,1,0,1,0,1,0,0,0,0,0,1,1,1,0,1,1,0,0,0,1,1,0,0,1,0,1,0,1,1,0,0,0,0,1,0,0,0,1,0,0,0,1,0,1,0,0,0,0,1,0,0,1,1,0,0,1,1,0,0,0,0,1,1,0,1,0,1,1,1,0,0,0,0,1,0,1,0,1,0,1,1,1,1,0,0,0,0,1,0,1,1,1,1,1,1,1,1,0
12.47598686696901,0.05157785336356757,-1.2940452569916858,0.7395746492887167,33.166666666666664,246.30599999999995,1.3333333333333333,3.0554213288405685,2.278584270858755,18185.867749259065,3.2212877882232913,10.213054789681411,5.601050810983688,5.783244946364939,0.0,0.0,0.0,4.794537184071822,0.0,0.0,0.0,5.573104530069267,56.40818854196557,10.988094999466046,6.606881964512918,15.007591973753232,5.783244946364939,0.0,0.0,5.41499046939678,39.21390565590758,6.606881964512918,33.941542757180216,0.0,0.0,0.0,0.0,0.0,28.204232511542955,4.794537184071822,5.41499046939678,33.61285484492389,0.0,0.0,57.53,5.601050810983688,15.007591973753232,0.0,17.805117380274638,5.573104530069267,35.13406136612909,0.0,12.999757306524504,13.847474399381248,0.0,0.0,0.0,0.0,12.47598686696901,20.091358654572943,2.6393806689342414,-0.19129629629629608,3.5085804043839754,5.47598970143613,0.0,0.5333333333333333,2,3,0,3,0,0,1,0,3,3,0,1,1,0,1,1,0,3,1.6656,0,2,1,0,0,0,0,0,0,0,0,0,0,0,0,0,0,0,0,0,0,0,2,0,0,0,0,0,1,0,0,0,0,0,0,0,0,0,1,1,0,0,0,0,0,0,0,0,0,0,0,0,0,0,0,0,0,0,0,0,0,0,0,7,3.2483660130718954,3,3,0.12037037037037039,497.0,4,0.130718954248366,0.14052287581699346,0.14052287581699346,0.14439767231386122,0.14052287581699346,0.31814815531846796,0.2063469793089519,0.2063469793089519,0.024602023573527115,0,0,1,0,1,0,3,0.16666666666666666,0.8333333333333334,0.16666666666666666,0.0,0.0,0.8,0.2,0,0,1,0,0,0,0,0,0,0,1,0,0,0,1,1,1,0,0,0,0,1,0,0,0,0,0,0,0,0,1,0,0,1,0,0,1,0,1,1,0,1,0,1,0,0,0,0,0,0,1,0,0,0,0,0,0,0,1,0,0,0,0,0,1,0,0,1,0,1,1,0,0,0,0,1,0,0,0,0,1,1,0,0,1,0,0,0,0,0,0,0,1,0,1,0,0,0,0,0,1,0,0,0,0,0,0,0,0,0,0,0,0,0,0,0,0,1,0,0,0,0,1,0,1,0,0,0,0,0,0,0,0,0,0,0,0,0,0,0,0,0,0,0,0,0,0,0,0,0,1,0,0,0,1,0,0,0,0,0,0,0,0,0,0,0,0,0,0,0,0,0,0,0,0,0,0,0,1,0,0,0,0,0,0,0,0,0,0,0,0,0,0,0,1,0,0,0,0,0,1,0,0,0,1,0,0,0,0,0,1,0,0,0,0,0,0,0,1,1,0,0,0,0,1,0,0,1,0,1,0,0,0,1,0,0,1,1,0,0,1,0,0,0,1,0,0,0,0,0,0,0,0,0,0,1,0,0,0,1,0,0,0,0,0,0,0,1,0,1,0,1,0,0,1,1,0,1,1,0,1,1,1,1,0,1,0,1,1,0,0,1,1,1,0
9.077905528448838,0.2582831195518509,0.2582831195518509,0.7886610933771963,17.62962962962963,403.9790000000002,0.8518518518518519,2.691466701899311,1.4100209962913943,2100937.375768987,8.842005109125582,14.906346856541662,0.0,0.0,0.0,0.0,0.0,4.899909730850478,0.0,0.0,0.0,35.49555897654685,43.29741337114663,54.082138700252315,17.98165451388004,5.106527394840706,34.73759738899076,0.0,9.799819461700956,0.0,16.21178857396156,57.32008653675142,47.487202792972596,0.0,4.899909730850478,11.374772549367124,0.0,23.36282483962363,67.3265236624426,0.0,0.0,6.4208216229260096,5.022633313741326,0.0,29.950000000000003,0.0,0.0,0.0,6.606881964512918,0.0,57.25674977805535,21.165739500402672,0.0,17.828252017852726,51.09793160332109,16.70746728507322,0.0,8.122231864863167,9.888770178640458,9.868402164936429,2.503700798092934,0.0,1.1160260770975057,7.4508838760117335,0.0,0.42857142857142855,1,0,2,2,0,0,0,0,5,6,2,6,0,1,1,0,0,4,3.942700000000003,0,1,1,0,0,0,0,0,0,0,1,0,3,0,0,0,0,0,0,0,0,0,0,0,2,0,0,0,2,0,0,0,0,0,0,0,0,0,0,0,0,0,0,0,0,0,0,1,0,0,1,0,0,0,0,0,0,0,0,0,0,0,0,14,5.698005698005698,4,4,0.0,2000.0,3,0.0854700854700855,0.18792022792022792,0.18792022792022792,0.1702712457828546,0.18792022792022797,0.1830205354397759,0.14713152566211127,0.14713152566211127,0.011133373806257353,0,0,0,0,0,2,1,0.2222222222222222,0.7777777777777778,0.037037037037037035,0.1111111111111111,0.037037037037037035,0.6,0.0,0,0,0,0,1,0,0,0,0,0,0,0,0,1,0,1,0,0,0,1,0,1,0,0,1,0,0,0,0,0,1,0,0,0,0,1,1,1,0,1,0,0,0,0,0,0,0,1,1,1,0,0,0,1,0,0,0,0,0,0,0,0,1,0,1,1,0,0,0,0,0,0,1,0,1,0,1,1,0,0,1,1,0,0,0,0,1,0,1,1,0,0,0,0,1,0,0,0,0,0,1,0,0,0,1,0,0,1,0,0,0,1,0,0,0,0,0,0,0,1,0,1,0,0,1,0,0,1,0,0,0,0,0,0,0,0,0,0,0,0,0,0,0,0,0,0,0,0,0,0,0,0,0,0,0,0,0,0,0,0,0,0,0,0,1,0,0,0,0,0,0,0,0,0,0,0,0,0,0,0,0,0,0,0,0,0,0,1,0,0,0,0,0,0,0,0,0,0,0,0,0,0,0,1,0,0,0,1,1,1,1,0,0,1,1,1,1,0,0,1,0,0,0,1,0,0,1,0,1,1,0,1,1,1,0,1,0,1,0,1,0,0,0,0,0,0,1,0,1,1,1,0,0,1,0,0,1,1,0,0,1,0,1,1,0,1,1,1,0,0,1,0,1,1,0,1,1,0,0,0,0,1,0,1,1,1,1,0,0,1,1,1,1,1,0
6.28969506896116,0.8081470645088976,0.8081470645088976,0.775124662295156,18.08,373.95300000000015,0.92,2.6291493681524387,1.4932356446643806,758919.7400134103,7.583404719912659,14.699729192551434,0.0,0.0,0.0,0.0,0.0,0.0,0.0,0.0,0.0,35.49555897654685,50.34508535382382,47.53738229433974,11.374772549367124,0.0,34.73759738899076,0.0,9.799819461700956,0.0,16.21178857396156,51.21612014900312,47.487202792972596,0.0,4.899909730850478,11.374772549367124,0.0,23.36282483962363,56.11602987985359,0.0,0.0,6.4208216229260096,5.022633313741326,0.0,9.72,0.0,0.0,0.0,0.0,0.0,24.53296774849249,47.34476512405297,0.0,17.828252017852726,58.14560358599828,11.600939890232516,0.0,8.13016024583642,10.068546172648054,0.8081470645088976,2.5511311623414805,0.0,1.161377551020408,6.923382623302356,2.2086733306722692,0.4,0,0,2,2,0,0,0,0,4,5,2,4,0,1,1,0,0,4,4.580200000000004,0,0,0,0,0,0,0,0,0,0,0,0,3,0,0,0,1,0,0,0,0,0,0,0,2,0,0,0,2,0,0,0,0,0,0,0,0,0,0,0,0,0,0,0,0,0,0,1,0,0,1,0,0,0,0,0,0,0,0,0,0,0,0,12,5.1466666666666665,4,4,0.0,1544.0,3,0.09333333333333334,0.18028985507246378,0.18028985507246378,0.16987221201440056,0.18028985507246378,0.20229657348027824,0.1584231813556282,0.1584231813556282,0.011594574649034477,0,0,0,0,0,2,1,0.2,0.8,0.0,0.12,0.04,0.5714285714285714,0.0,0,0,0,0,1,0,0,0,0,0,0,0,0,1,1,1,0,0,0,1,0,1,0,0,1,0,0,0,0,0,1,0,0,1,0,1,1,1,0,1,0,0,0,0,0,0,0,1,1,1,0,0,0,1,0,0,0,0,0,0,0,0,1,0,1,0,0,0,0,0,0,0,1,0,1,0,1,1,0,1,1,1,0,0,1,0,1,0,1,0,0,0,0,0,0,0,0,0,0,0,1,0,0,0,1,0,0,1,0,0,0,1,0,0,0,0,0,0,0,1,0,1,0,0,1,0,0,1,0,0,0,0,0,0,0,0,0,0,0,0,0,0,0,0,0,0,0,0,0,0,0,0,0,0,0,0,0,0,0,0,0,0,0,0,1,0,0,0,0,0,0,0,0,0,0,0,0,0,0,0,0,0,0,0,0,0,0,1,0,0,0,0,0,0,0,0,0,0,0,0,0,0,0,1,0,0,0,1,1,1,0,0,0,1,1,1,1,0,0,0,0,1,0,0,0,0,1,0,1,1,0,1,0,1,0,1,0,0,0,1,0,0,0,1,1,0,1,0,1,1,1,0,0,1,0,0,1,1,0,0,0,0,1,1,0,1,1,0,0,0,1,0,1,1,0,1,1,0,0,0,0,1,0,1,1,0,1,0,1,1,1,1,0,1,0
13.965976060550975,0.007773532097715696,-0.6511855500349819,0.3671828919918632,19.694444444444443,495.6390000000002,1.25,3.253472605834003,1.4418032166245467,118770259.11859569,11.522964457234897,19.357614159397784,23.849558114542425,0.0,0.0,0.0,5.969305287951849,0.0,14.16893075269385,0.0,0.0,32.046575604766076,74.16517056076961,32.41410323920352,11.033401435232523,18.65867813934674,17.002706723184374,0.0,14.867866772744893,5.917906046161393,57.47053937115636,33.85386430029279,65.23309780167108,0.0,0.0,4.39041504767482,0.0,0.0,60.29208717197322,27.109906337523938,11.735126887207288,55.97915279571458,0.0,11.033401435232523,67.45,5.601050810983688,9.184952231746642,0.0,30.229220185833448,19.26246486877803,53.9158649743036,13.176164609739143,6.06636706846161,30.33183534230805,35.76301315480333,9.473725907600098,25.275104198388547,0.0,23.04016763263936,0.0,3.526989511368796,0.6583146727541431,3.9238357450535197,5.9323105311359425,3.613530320380103,0.5172413793103449,1,1,0,1,0,1,2,0,5,7,1,11,0,0,0,0,0,4,5.270900000000005,0,0,0,0,0,2,1,0,0,0,0,0,2,1,0,0,0,0,0,0,0,0,0,0,0,2,0,0,2,1,2,0,0,0,0,1,0,0,0,0,0,1,0,0,0,0,0,2,0,0,0,0,0,0,0,0,0,0,0,0,0,0,0,17,6.942857142857143,4,4,0.0,4374.0,4,0.06190476190476191,0.17478991596638652,0.17478991596638652,0.18114465709102642,0.17478991596638652,0.15034810846112806,0.11465418677332839,0.11465418677332839,0.012078540707698125,0,0,0,0,1,3,0,0.19444444444444445,0.8055555555555556,0.08333333333333333,0.08333333333333333,0.0,0.5641025641025641,0.02564102564102564,0,1,1,1,1,0,1,0,1,0,1,1,0,1,0,1,0,0,0,0,0,0,1,1,0,1,0,1,0,1,1,1,0,1,0,0,1,1,1,1,0,0,0,1,1,0,0,1,0,0,0,0,0,0,1,1,0,1,0,1,0,0,0,1,1,0,0,0,0,0,0,0,1,1,1,0,0,0,1,1,1,1,0,1,1,0,1,1,0,0,1,1,0,1,0,1,0,0,0,0,1,0,0,0,0,0,1,1,0,1,0,0,0,1,0,0,0,0,0,1,0,0,1,1,1,1,0,0,0,0,0,0,0,0,0,0,0,0,0,0,0,0,0,0,0,0,0,0,0,0,0,0,0,0,0,0,0,0,0,0,0,0,0,0,0,0,1,0,0,0,1,0,0,0,0,0,0,0,0,0,0,0,0,0,0,0,0,0,0,0,0,0,0,1,1,0,0,0,0,0,1,0,1,0,0,1,0,1,0,0,0,1,0,1,1,1,0,0,1,1,0,1,0,0,1,1,0,0,1,1,0,0,1,1,0,1,1,1,0,1,1,0,0,1,1,0,1,0,1,1,1,1,0,1,1,1,1,1,0,0,1,0,1,0,0,1,1,0,0,1,1,1,1,1,1,1,1,1,1,1,1,1,1,1,1,1,1,1,1,1,1,1,1,1,0
10.192231670445956,0.012327018770471154,-0.6145082199546488,0.8861280901991865,13.947368421052632,261.36499999999995,1.3157894736842106,2.7808958350994306,2.2096141777085445,19605.315637450985,5.352491563366634,14.840466935900384,17.447233948264987,0.0,0.0,0.0,0.0,0.0,0.0,0.0,0.0,25.122838405075452,38.821851782156486,17.469905872760716,0.0,9.523678331894054,10.969244356107037,0.0,5.316788604006331,0.0,45.75866206182015,6.544756405912575,35.589167184417875,0.0,5.316788604006331,0.0,0.0,0.0,17.190209053136627,6.4208216229260096,0.0,45.122614097082234,0.0,10.969244356107037,45.4,6.103966387748303,5.106527394840706,0.0,5.538925252383345,12.305003824787018,17.390065979033047,5.563451491696996,0.0,18.19910120538483,39.07810447123043,4.417150937053347,5.827068216175359,0.0,0.0,14.53469749937012,2.065950058264047,0.6320833333333333,0.3166720206601157,8.827348198538676,0.0,0.5,2,0,0,0,0,1,1,0,3,3,1,4,0,0,0,0,1,2,3.4167000000000014,0,1,1,0,0,0,0,0,0,0,1,0,0,1,0,0,0,0,0,0,0,0,0,0,0,1,0,0,1,0,0,1,0,0,0,0,0,0,0,0,0,0,0,0,0,0,0,1,0,0,0,0,0,0,0,0,0,0,0,0,0,0,0,10,4.333333333333333,2,2,0.0,741.0,4,0.11695906432748536,0.19607843137254904,0.19607843137254904,0.18252060898842257,0.19607843137254904,0.24034142285485927,0.19101066859356586,0.19101066859356586,0.018396835972286914,0,0,0,0,1,2,0,0.15789473684210525,0.8421052631578947,0.10526315789473684,0.05263157894736842,0.0,0.5,0.0,1,1,0,0,0,1,0,1,1,0,1,1,0,1,0,1,1,0,0,0,0,0,0,0,0,0,0,0,0,0,0,0,0,1,0,0,0,0,1,1,0,0,1,0,1,0,0,0,0,1,0,0,0,0,0,0,0,1,0,0,0,1,0,1,1,0,0,0,1,1,0,1,0,0,0,1,0,0,0,0,1,1,1,0,0,0,1,0,0,1,0,1,0,0,1,0,0,0,0,1,1,0,0,0,0,0,0,1,0,0,0,0,1,0,1,0,0,0,0,0,0,0,0,0,0,0,0,0,0,0,0,0,0,0,0,0,0,0,0,0,0,0,0,0,0,0,0,0,0,0,0,0,0,0,0,0,0,0,0,0,0,0,0,0,0,0,0,0,0,0,0,0,0,0,0,0,0,0,0,0,0,0,1,0,0,1,0,0,0,0,0,0,0,0,1,0,0,0,0,0,1,0,1,0,0,0,0,0,0,0,1,1,0,0,0,0,0,0,0,0,0,0,0,1,1,1,0,0,1,1,0,0,1,1,0,0,0,0,0,0,1,0,1,0,1,0,0,0,0,0,0,0,0,1,0,0,0,0,0,1,1,0,0,0,0,1,0,1,0,1,0,0,0,0,0,0,0,1,0,1,1,1,0,1,1,1,1,1,1,1,1,1,1,1,0
10.86919674351222,0.08586876417233613,-1.181456916099773,0.5180997286343124,32.88235294117647,260.271,1.5294117647058822,2.865366729018536,2.1949092649276896,9343.960903329446,4.667488393957847,25.790112615484354,35.11741724269443,0.0,0.0,5.907179729351506,0.0,4.794537184071822,4.9839785209472085,0.0,11.336785877934737,0.0,0.0,5.380062770465915,6.606881964512918,24.85098232239399,17.243965607286242,0.0,4.9839785209472085,5.733667477162185,24.41586555099321,6.606881964512918,16.081614462167142,0.0,5.733667477162185,0.0,0.0,11.336785877934737,51.12952156257865,4.736862953800049,0.0,21.600055263521348,0.0,0.0,125.90000000000002,36.92992724485764,15.007591973753234,0.0,5.693927994848461,5.007623696852765,11.336785877934737,5.380062770465915,0.0,0.0,4.9839785209472085,15.57705782580294,5.260034013605442,1.103762282690854,14.780796327790375,30.004385288065848,5.139584120685312,-0.6673672262114725,-4.0545068027210895,-0.400021337238599,0.0,0.5555555555555556,5,0,1,1,1,1,4,0,7,8,2,3,0,1,1,0,0,2,-1.6040000000000003,0,3,3,0,0,1,0,0,0,0,0,0,1,0,1,0,0,0,0,0,0,0,0,0,0,0,0,0,0,0,1,0,0,0,0,0,0,0,0,0,0,0,0,0,0,0,0,0,0,0,0,1,0,0,0,0,0,0,0,1,0,0,0,9,3.786764705882353,2,2,0.0,515.0,3,0.1323529411764706,0.1857843137254902,0.1857843137254902,0.17554222035308148,0.1857843137254902,0.2752089531143797,0.21594849306559302,0.21594849306559302,0.020137418003203355,0,0,0,0,2,1,1,0.47058823529411764,0.5294117647058824,0.29411764705882354,0.11764705882352941,0.058823529411764705,0.6666666666666666,0.05555555555555555,0,1,0,0,1,0,0,0,0,0,1,0,1,0,0,0,1,0,1,1,0,0,0,0,0,0,0,0,0,0,1,1,0,0,0,1,0,0,0,1,1,0,1,0,0,0,0,0,1,0,0,0,1,1,0,0,0,0,0,0,0,0,0,1,1,0,0,0,0,0,0,0,0,0,1,0,0,0,0,1,1,1,1,0,0,0,0,1,0,0,0,0,0,0,1,0,0,0,1,0,1,1,0,0,0,1,0,0,1,0,0,0,0,0,0,0,0,0,0,0,0,0,1,1,0,1,0,0,0,0,0,0,0,0,0,0,0,0,0,0,0,0,0,0,0,0,0,0,0,0,0,0,0,0,0,0,0,0,0,0,0,0,0,0,1,0,0,0,0,0,0,0,0,0,0,1,0,0,0,0,0,1,1,0,0,1,0,0,0,0,1,0,0,1,0,0,0,0,0,0,1,0,0,0,0,0,0,1,0,1,1,1,1,0,0,0,1,1,1,1,1,0,0,1,1,1,0,0,0,0,0,0,0,0,0,0,0,1,1,0,0,0,0,0,0,1,0,0,1,1,0,0,0,0,0,1,0,0,0,1,1,0,0,0,0,1,0,1,1,0,1,1,0,0,1,0,0,0,1,1,1,1,1,1,1,1,1,1,0,1,1,0,1,1,0
5.831339147082224,0.5963338169184058,0.5963338169184058,0.6504400105002711,14.137931034482758,397.51500000000016,0.7586206896551724,2.7142971601749037,1.9945979634488917,3770886.187121868,10.099420867929778,24.264240419206526,0.0,22.99804733313562,0.0,0.0,0.0,0.0,0.0,0.0,0.0,6.06636706846161,75.5841617857628,17.805247210665403,26.427527858051672,18.947451815200196,11.773059419889714,0.0,5.316788604006331,0.0,34.11577042168851,32.97228426396425,47.02218981739904,22.99804733313562,24.264240419206526,0.0,22.99804733313562,0.0,32.97228426396425,6.4208216229260096,0.0,44.38530327385348,0.0,11.773059419889714,48.95,0.0,0.0,0.0,0.0,26.427527858051672,52.78756765842403,5.563451491696996,0.0,39.827682935685715,29.591909916225042,18.947451815200196,23.073107718530835,0.0,0.0,3.5284774974804733,4.535950404980889,3.132751965564848,3.096172841241384,11.230216897835424,0.0,0.4166666666666667,1,0,1,1,0,0,0,0,5,5,1,9,0,0,0,0,0,3,4.925200000000005,0,0,0,0,0,0,0,0,0,0,0,0,0,1,0,0,0,0,0,0,0,0,0,0,0,0,0,0,1,0,4,0,0,0,0,0,0,0,0,0,0,0,0,0,0,0,0,0,0,0,0,0,0,0,0,0,0,0,0,0,0,0,0,15,5.822660098522167,3,3,0.0,2364.0,3,0.07635467980295567,0.17861704068600617,0.17861704068600617,0.15965786495159368,0.17861704068600617,0.1793500531051379,0.15028680496392174,0.15028680496392174,0.012368299048056235,0,0,0,0,0,2,0,0.1724137931034483,0.8275862068965517,0.13793103448275862,0.034482758620689655,0.0,0.5806451612903226,0.03225806451612903,0,0,0,0,0,0,0,1,0,1,0,0,0,0,0,0,0,0,0,0,0,1,0,0,0,1,0,1,0,1,1,0,0,1,0,0,1,0,1,0,0,1,0,0,1,1,0,0,0,1,1,0,0,1,1,1,0,0,0,0,0,0,0,0,0,0,0,0,0,0,0,0,1,0,1,0,0,0,0,0,1,1,0,0,1,0,1,0,0,0,1,0,0,0,1,0,1,0,0,0,1,0,1,0,0,0,0,1,0,1,0,0,0,1,0,0,0,0,0,0,0,0,0,0,0,0,0,1,0,0,0,0,0,0,0,0,0,0,0,0,0,0,0,0,0,0,0,0,0,0,0,0,0,0,0,0,0,0,0,0,0,0,0,0,0,0,0,0,0,0,0,0,0,1,0,0,0,0,0,0,0,0,0,0,0,0,0,0,0,0,0,0,0,0,0,0,0,0,0,0,1,0,0,0,1,0,0,0,0,0,1,0,0,0,0,0,0,0,0,1,0,0,0,0,0,0,1,1,1,1,0,0,1,1,0,0,0,1,0,1,0,1,1,0,0,0,1,0,0,1,0,0,0,1,1,1,0,0,0,0,0,0,0,0,0,1,1,0,1,1,0,1,1,1,1,1,0,1,1,1,1,1,0,1,1,1,1,1,1,1,1,1,1,1,0
5.263408919123205,0.6047222222222224,0.6047222222222224,0.480554166108739,10.083333333333334,160.17999999999998,1.25,2.16854290746428,2.7909670297392646,902.1138495051405,2.7488119763581453,5.425791397110385,0.0,5.817862777835028,0.0,0.0,0.0,0.0,5.842670270266239,5.098681808301038,5.098681808301038,24.26546827384644,0.0,10.772448428929591,6.196843571613076,0.0,16.59031120676462,0.0,10.197363616602075,5.842670270266239,0.0,5.425791397110385,30.462311845459514,0.0,11.268461667376624,5.817862777835028,0.0,0.0,10.197363616602075,0.0,0.0,0.0,0.0,10.772448428929591,63.83,0.0,0.0,0.0,0.0,5.817862777835028,10.772448428929591,0.0,6.196843571613076,24.26546827384644,15.62315501371246,5.842670270266239,0.0,0.0,0.0,9.640092592592593,2.4963425925925926,5.868131141345428,1.704537037037037,0.0,0.0,0.0,3,0,0,0,0,1,0,0,4,4,1,1,0,0,0,0,0,2,0.9153999999999998,0,0,0,1,0,2,0,0,0,0,0,0,2,1,1,0,0,0,0,0,0,0,0,0,1,0,0,0,1,0,0,0,0,1,0,0,0,0,0,0,0,0,0,0,0,0,0,0,0,0,0,0,0,0,0,0,0,0,0,0,0,0,0,6,2.757575757575758,2,2,0.0,182.0,3,0.19696969696969693,0.17575757575757575,0.17575757575757575,0.14564381625088382,0.17575757575757578,0.3740011282290694,0.2701158327933624,0.2701158327933624,0.01705587054382132,0,0,0,0,0,2,0,0.3333333333333333,0.6666666666666666,0.0,0.3333333333333333,0.0,0.15384615384615385,0.0,1,0,0,0,0,0,0,1,1,0,0,0,1,0,0,0,0,0,0,1,0,0,0,0,0,1,0,0,0,0,0,0,0,0,0,0,0,1,0,0,0,0,0,0,0,0,0,1,0,0,1,0,0,0,0,0,0,0,0,0,0,0,0,1,1,0,0,0,1,0,0,1,0,1,0,0,0,1,0,0,0,1,0,0,0,0,1,0,0,0,0,0,0,0,1,0,0,0,0,0,1,0,0,1,0,0,0,0,0,0,0,0,0,0,0,0,0,0,0,0,0,0,1,0,0,0,0,1,0,0,0,0,0,0,0,0,0,0,0,0,0,0,0,0,0,0,0,0,0,0,0,0,0,0,0,0,0,0,0,0,0,0,0,0,0,0,1,0,0,0,0,0,0,0,0,0,0,0,0,0,1,0,0,0,0,0,0,0,0,0,0,0,0,1,0,0,1,1,0,0,0,0,0,0,0,1,0,1,1,0,0,0,1,0,0,0,0,0,0,0,0,0,1,0,0,0,1,0,0,1,0,0,0,1,0,0,0,0,0,0,0,0,0,0,0,0,0,0,1,1,0,0,1,1,0,0,0,0,1,1,0,1,0,1,0,1,0,0,0,0,1,0,0,1,0,0,0,0,0,1,0,0,0,0,1,0,1,0,0,1,1,1,0,1,0
12.4946883753857,0.1183828811570169,-3.69047558591367,0.7233065345375114,19.785714285714285,400.50000000000017,1.0714285714285714,2.907092823726642,1.1971660920651963,3170449.269720862,7.929461291504729,10.05365155780638,16.748961696549983,0.0,0.0,15.930470882759089,0.0,4.794537184071822,12.72301297562517,0.0,0.0,30.33183534230805,55.99059559469844,13.08951281182515,5.563451491696996,17.949197122200808,15.930470882759089,0.0,9.622004595302565,0.0,36.68273635497012,19.634269217737724,59.65783953108687,5.749511833283905,10.05365155780638,0.0,5.749511833283905,0.0,44.368428310462704,16.444112776333593,0.0,35.18390503624384,0.0,0.0,75.71000000000001,15.930470882759089,13.212334168400758,0.0,23.107657760875647,6.4208216229260096,42.40670550518332,11.629818560158606,18.19910120538483,18.19910120538483,11.383155672467941,4.736862953800049,31.990463580577426,0.0,12.472446256542717,3.382490236835475,1.5338791727316403,0.5515728640339448,3.587977487950674,1.7381775101952317,-3.69047558591367,0.38095238095238093,1,0,2,2,1,0,1,0,5,7,2,7,0,0,0,0,0,4,2.5947000000000005,0,0,0,0,0,0,0,0,0,0,0,0,1,1,0,0,0,0,0,0,0,0,0,0,0,1,0,0,2,0,1,0,0,0,0,0,0,0,0,0,0,0,0,0,0,0,0,1,0,0,0,0,0,0,0,1,0,0,0,0,0,1,0,16,6.5661375661375665,4,4,0.0,2482.0,4,0.08201058201058199,0.21408221408221406,0.21408221408221406,0.19916069103470704,0.21408221408221406,0.1566965709596461,0.12373032623345541,0.12373032623345541,0.012810421403725998,0,0,0,0,1,2,0,0.25,0.75,0.14285714285714285,0.07142857142857142,0.03571428571428571,0.5161290322580645,0.0967741935483871,1,1,0,1,0,1,0,0,0,0,1,0,0,0,1,0,1,0,0,0,1,0,0,0,0,0,0,1,1,0,1,0,0,0,0,0,0,0,0,1,0,0,1,0,1,1,0,1,0,0,0,0,0,0,0,1,0,0,1,0,0,0,0,0,1,0,0,0,1,0,0,0,0,1,1,0,0,0,0,1,1,1,0,1,1,1,1,0,1,0,0,0,1,0,1,0,1,0,0,0,1,0,0,0,0,0,0,0,1,0,1,1,0,1,0,1,0,0,0,1,0,1,0,1,0,1,0,0,0,0,0,0,0,0,0,0,0,0,0,0,0,0,0,0,0,0,0,0,0,0,0,0,0,0,0,0,0,0,0,0,1,1,0,0,1,0,0,0,0,0,0,0,0,0,0,0,0,0,0,1,0,0,0,1,0,1,1,1,1,1,0,0,0,0,0,1,0,0,0,0,0,1,0,1,0,0,0,0,0,1,1,1,0,0,1,0,1,1,1,1,1,0,1,1,1,0,1,0,1,1,1,0,1,1,1,0,0,0,1,1,1,1,0,0,0,1,1,0,1,1,1,0,1,1,0,1,1,1,1,0,1,0,0,0,1,1,1,0,1,0,1,1,1,1,1,1,1,0,1,1,1,1,1,1,1,1,1,1,0,1,1,1,1,1,0
13.329457661763307,0.14650035168388387,-3.6980905452171675,0.5534046105187581,15.878787878787879,474.5870000000004,1.121212121212121,3.100516930069805,1.8517024716417807,25919155.741017863,9.238628240496574,14.620751205597735,17.090617048900093,5.516700717616262,10.023291153407584,5.559266895052007,0.0,9.476340119217006,13.401775505276145,9.40389779959727,0.0,13.344558822616634,38.591332010678656,33.22669760632749,22.75974492657615,13.154659938128987,21.056692588640107,0.0,28.95356750748735,7.04767198267719,31.584601120751042,39.833579570840406,34.24683327935712,17.137367822980828,10.296129848852056,0.0,5.749511833283905,0.0,77.20494406265668,23.491784759010784,0.0,25.96222401715572,0.0,22.421257424929443,113.41999999999999,10.023291153407584,13.212334168400758,0.0,16.27915486856971,61.553093971302644,12.114749617774471,8.987018926441419,25.24677318806202,20.89514638205844,14.982570060098723,9.720841474747257,35.442187232994414,0.0,22.66037344908063,4.454356276546136,1.7456064624421626,0.7175832231040571,1.543898142707389,6.479860064113433,-0.008313074722150704,0.5,1,0,1,1,0,2,0,0,8,11,3,7,0,1,1,0,0,4,1.6109,0,0,0,0,0,4,1,0,0,0,0,0,5,1,0,0,1,0,0,0,0,0,0,0,0,2,0,0,1,0,1,0,0,0,0,0,0,0,0,0,0,0,0,0,0,0,0,0,0,0,1,0,0,0,0,1,0,0,0,0,0,0,0,15,5.84469696969697,4,4,0.0,3086.0,4,0.06818181818181818,0.15628054740957964,0.15628054740957964,0.1622638486926617,0.15628054740957964,0.17831732490960497,0.1452006875668997,0.1452006875668997,0.013862520800891268,0,0,0,0,1,3,1,0.3333333333333333,0.6666666666666666,0.12121212121212122,0.18181818181818182,0.030303030303030304,0.4722222222222222,0.08333333333333333,0,0,0,0,0,0,0,0,0,0,1,0,1,1,1,0,0,0,0,0,0,0,0,0,0,0,1,0,0,0,1,0,1,1,0,0,1,0,1,1,0,1,0,0,1,0,0,0,0,0,1,0,1,0,0,1,0,0,1,0,1,0,1,1,0,1,0,0,1,0,0,0,1,1,0,1,0,1,0,1,1,1,0,0,1,1,1,0,0,0,1,1,0,0,1,0,1,0,0,0,1,1,0,0,0,1,0,1,0,1,1,0,0,0,0,0,0,1,0,0,0,1,1,0,0,0,0,0,0,0,0,0,0,0,0,0,0,0,0,0,0,0,0,0,0,0,0,0,0,0,0,0,0,0,0,0,0,0,0,0,1,1,0,0,0,0,1,0,0,0,0,0,0,0,0,0,0,0,0,1,1,0,0,1,0,0,1,1,1,1,1,0,1,1,0,1,0,0,0,0,0,1,0,1,0,1,0,1,1,1,0,1,0,1,1,0,1,0,0,0,1,1,1,1,1,1,1,0,1,1,1,0,0,1,1,0,1,1,1,1,1,1,1,1,1,1,1,0,1,1,1,0,1,1,1,1,1,1,1,0,0,0,0,0,1,1,1,0,1,1,1,1,1,1,1,1,1,1,1,1,1,1,1,1,1,1,1,1,1,1,1,1,1,1,0
12.877350276425577,0.04695622238655539,-0.04695622238655539,0.4542179585941736,14.545454545454545,470.01700000000034,0.9696969696969697,3.1465399579973385,1.24296505715334,42835786.71683189,11.386687349679425,9.636772684650527,18.180798295796748,0.0,0.0,0.0,5.689743398203474,9.467009378641833,9.476340119217006,5.098681808301038,0.0,42.790145363769575,36.75265696523406,56.39937964682634,6.544756405912575,4.736862953800049,17.28832616491608,0.0,19.247494122088057,0.0,32.85489325736779,44.230573724926266,75.92862201017105,5.749511833283905,15.326516082854,5.687386274683562,5.749511833283905,11.600939890232516,58.57815811616384,19.51033443475116,0.0,19.168963320616562,5.022633313741326,0.0,55.53,0.0,4.794537184071822,0.0,5.689743398203474,19.696394776338067,62.161974920440045,5.687386274683562,9.24890258293654,55.4546737473835,20.964868338463603,16.337802844032566,9.123971554918901,6.132075877959168,17.70780374326169,5.3446403900935,1.1359890761141982,1.6233760770773717,1.6218193922215247,8.5441441432488,0.0,0.44,0,0,1,1,0,1,0,0,7,8,2,10,0,1,1,0,0,4,3.5519000000000025,0,0,0,0,0,3,0,0,0,0,0,0,5,0,0,0,0,0,0,0,0,0,0,0,1,2,0,0,0,0,1,0,0,0,0,0,0,0,0,0,0,0,0,0,0,0,0,1,0,0,1,0,0,0,0,0,0,0,0,0,0,0,0,20,7.636363636363637,4,4,0.0,4032.0,3,0.06818181818181818,0.21407624633431085,0.21407624633431085,0.17760736793441143,0.21407624633431085,0.13653365624521388,0.11667368699590973,0.11667368699590973,0.009978071037265926,0,0,0,0,1,3,1,0.24242424242424243,0.7575757575757576,0.06060606060606061,0.15151515151515152,0.0,0.5,0.027777777777777776,0,0,0,1,0,1,0,1,0,0,1,0,0,1,0,1,0,0,0,1,0,0,0,1,0,1,0,0,0,0,1,0,0,1,1,0,1,1,1,1,1,0,0,0,1,0,0,1,0,1,1,1,0,0,0,1,0,1,1,0,1,0,1,0,1,0,1,0,0,0,0,0,1,0,1,0,0,0,0,1,1,1,0,0,0,0,1,0,1,0,0,0,0,0,0,0,1,0,0,0,1,0,1,0,0,0,0,1,0,0,0,0,1,0,0,0,0,1,0,1,0,1,1,0,0,0,0,1,0,0,0,0,0,0,0,0,0,0,0,0,0,0,0,0,0,0,0,0,0,0,0,0,0,0,0,0,0,0,0,0,0,0,0,0,0,1,1,0,0,0,0,0,0,0,0,0,0,0,0,0,1,0,0,0,0,0,0,0,0,0,1,0,0,1,0,0,0,0,0,0,0,0,0,1,0,1,0,1,1,0,0,1,0,1,1,1,0,0,0,0,0,0,1,1,1,1,1,0,1,0,0,1,0,0,1,1,1,1,1,1,0,1,1,0,0,1,1,0,1,1,1,0,1,1,1,1,1,1,0,0,1,1,1,1,0,1,1,0,0,0,1,1,1,1,0,1,1,0,1,0,1,1,1,1,1,1,1,1,1,1,1,1,1,1,0
12.884550736961451,0.022172960233477035,-0.9831023767531699,0.6476312865899646,28.916666666666668,340.4200000000001,1.2083333333333333,2.9274797212798314,2.118885309588961,220474.35276902665,7.962953265342797,15.11296452053189,12.083681658295921,0.0,5.907179729351506,0.0,11.938610575903699,14.905862972149976,4.794537184071822,0.0,0.0,26.186202068468653,38.524929737556064,6.041840829147961,6.041840829147961,24.596666341896878,17.845790305255207,0.0,10.216698334856808,5.917906046161393,82.96058907645516,0.0,0.0,0.0,5.316788604006331,0.0,0.0,0.0,57.12611814237893,14.383611552215466,5.917906046161393,58.79322575986333,0.0,0.0,106.94000000000001,30.064133063347576,24.596666341896878,0.0,17.86692660466086,19.26246486877803,25.683286491704038,4.899909730850478,6.923737199690624,6.923737199690624,5.316788604006331,0.0,0.0,0.0,37.301833758807064,21.61904774701943,0.0,-1.988326142185268,5.52742374376799,3.5145423400586644,0.0,0.8235294117647058,3,1,1,2,1,0,5,0,4,7,1,7,1,1,2,0,0,2,1.4621,2,0,0,0,0,0,0,0,2,0,0,0,1,1,0,0,0,1,0,0,0,0,0,0,0,0,0,0,1,0,0,0,0,0,0,0,0,0,0,0,0,0,0,0,0,0,0,0,0,0,0,0,0,0,0,0,0,0,0,0,0,0,0,11,4.768115942028985,2,2,0.0,1316.0,3,0.09057971014492755,0.17127799736495386,0.17127799736495386,0.1944178156611159,0.17127799736495386,0.21828663892100797,0.16029040699401456,0.16029040699401456,0.01680947467048721,0,0,0,0,1,0,2,0.2916666666666667,0.7083333333333334,0.20833333333333334,0.08333333333333333,0.0,0.88,0.12,1,1,0,0,1,1,0,0,0,0,1,1,1,0,0,0,0,1,0,1,1,0,0,1,0,1,1,1,0,0,1,0,1,1,0,0,0,0,1,1,1,0,0,0,1,1,0,1,0,0,0,1,1,0,0,0,0,0,0,0,0,0,0,0,0,0,0,0,0,0,0,0,0,1,0,0,0,0,0,0,1,0,0,1,0,0,0,0,1,0,0,0,1,1,0,0,1,0,0,1,1,1,0,0,0,0,0,0,1,0,0,0,0,0,1,0,0,0,0,0,0,0,1,1,0,1,0,1,0,0,0,0,0,0,0,0,0,0,0,0,0,0,0,0,0,0,0,0,0,0,0,0,0,0,0,0,0,0,0,0,0,0,0,0,0,0,0,0,0,0,0,0,0,0,0,0,0,0,0,0,0,0,1,0,0,0,0,0,0,0,0,0,0,0,0,0,0,0,0,0,0,0,0,1,0,0,0,1,0,0,0,1,0,1,0,0,0,0,1,1,1,0,0,1,1,0,0,0,0,1,0,0,1,1,0,0,1,0,1,1,0,0,1,1,0,1,1,0,0,1,1,1,0,0,0,0,1,1,0,1,0,0,0,0,1,1,0,1,1,0,1,0,0,0,1,1,1,1,1,1,0,0,1,1,1,1,1,1,1,1,0,1,1,1,0
10.749537037037037,0.3033333333333328,-0.3033333333333328,0.3165786787720106,8.9,137.142,1.5,2.048167390601267,2.8526279288191434,237.587417309747,2.9319034022891572,0.0,0.0,0.0,0.0,5.907179729351506,0.0,15.204307102129416,5.842670270266239,0.0,0.0,0.0,12.13273413692322,17.957138634923147,0.0,4.794537184071822,5.907179729351506,0.0,10.409769918057593,5.842670270266239,0.0,0.0,30.08987277184637,0.0,11.268461667376624,0.0,0.0,0.0,10.891158250298714,0.0,0.0,10.357988675768818,0.0,0.0,68.00999999999999,0.0,4.794537184071822,0.0,5.907179729351506,5.563451491696996,0.0,12.393687143226153,12.13273413692322,5.425791397110385,4.9839785209472085,5.842670270266239,0.0,0.0,14.490795540438398,0.0,2.5261111111111116,4.5807785336356766,3.0646296296296294,0.0,0.0,0.0,3,0,0,0,1,1,0,0,3,4,1,1,0,0,0,0,0,1,-0.3149000000000006,0,0,0,1,0,1,0,0,0,0,0,0,1,1,1,0,0,0,0,0,0,0,0,0,0,0,0,0,0,0,0,0,0,1,0,0,0,0,0,0,0,0,0,0,0,0,0,0,0,0,0,0,1,0,0,0,0,0,0,0,0,0,0,6,2.688888888888889,1,1,0.0,121.0,3,0.22222222222222224,0.2111111111111111,0.2111111111111111,0.20306296536107848,0.2111111111111111,0.3856644266021868,0.29630150745661854,0.29630150745661854,0.020149965841004626,0,0,0,0,0,1,0,0.4,0.6,0.1,0.3,0.0,0.3,0.1,1,1,1,0,0,0,0,0,0,0,1,0,0,0,0,0,0,0,0,1,0,0,0,0,0,0,0,0,0,0,0,0,0,0,0,0,0,1,0,1,0,0,0,0,0,0,0,0,0,0,0,0,0,0,0,0,1,0,0,0,0,0,0,0,0,0,0,1,0,0,0,0,0,0,1,0,0,0,0,0,1,1,0,0,0,0,1,0,0,0,0,0,0,0,0,0,0,0,0,0,1,0,1,0,0,1,0,0,0,0,0,0,0,1,0,0,0,0,0,0,0,0,1,0,0,1,0,1,0,0,0,0,0,0,0,0,0,0,0,0,0,0,0,0,0,0,0,0,0,0,0,0,0,0,0,0,0,0,0,0,0,0,0,0,0,0,0,0,0,0,0,0,0,0,0,0,0,0,0,0,1,0,0,0,0,0,0,0,0,0,0,0,0,1,0,0,1,1,0,0,0,0,0,0,0,0,0,0,0,0,0,0,1,0,0,0,0,0,0,0,1,0,1,1,0,0,1,0,0,0,0,0,0,0,0,0,0,0,1,0,0,0,0,0,0,1,0,0,0,1,0,0,1,0,0,0,0,0,0,1,0,0,0,0,0,1,0,0,0,0,1,0,0,0,0,0,0,0,0,1,0,0,1,0,1,0,1,0,0,1,1,1,1,1,0
11.774541524943311,0.393232001133787,-0.6638057445200298,0.8320193452810374,33.0,311.46900000000005,1.0,3.2487373115297036,1.5462663910996903,465531.0617929604,6.410005257211886,10.006437125691184,0.0,0.0,0.0,0.0,0.0,0.0,0.0,0.0,0.0,48.90469717890182,68.51079055663637,6.544756405912575,5.601050810983688,5.106527394840706,0.0,0.0,4.899909730850478,17.75371813848418,44.125980548539744,19.634269217737724,48.04732704767281,0.0,0.0,0.0,0.0,0.0,29.64070634342891,5.601050810983688,17.75371813848418,44.08838122925306,0.0,0.0,23.47,5.601050810983688,5.106527394840706,0.0,0.0,17.75371813848418,24.94985114346159,38.77279930352918,0.0,0.0,47.38378528682629,0.0,0.0,0.0,2.556008597883598,11.774541524943311,0.4639344765684059,1.6726633755353988,12.0392535395701,3.450377614008567,0.0,0.6190476190476191,1,2,1,3,0,0,4,2,2,2,1,5,1,1,2,0,4,4,3.9624000000000033,0,1,0,0,0,0,0,0,0,0,0,0,1,0,0,0,0,1,0,0,0,0,2,0,0,0,0,0,2,0,0,0,0,0,0,0,0,0,0,0,0,0,0,0,0,0,0,0,0,1,0,0,0,0,0,0,0,0,0,0,0,0,0,10,4.513833992094861,4,4,0.0,1142.0,4,0.1027667984189723,0.16732542819499344,0.16732542819499344,0.1908655257138371,0.16732542819499344,0.23092617985227626,0.1692274418609014,0.1692274418609014,0.01272509943248604,0,0,0,0,2,1,3,0.08695652173913043,0.9130434782608695,0.043478260869565216,0.043478260869565216,0.0,0.7307692307692307,0.038461538461538464,0,0,1,0,1,1,0,0,0,1,0,0,1,0,1,0,0,1,0,0,0,0,0,0,0,0,0,0,1,0,1,0,0,0,0,0,0,0,0,1,0,1,0,0,1,0,0,1,0,0,0,0,0,0,0,0,0,0,0,1,0,0,1,0,1,0,0,0,0,0,0,0,1,0,1,0,0,0,1,0,1,1,0,0,0,0,1,0,0,0,1,0,0,1,0,0,0,1,0,1,1,0,0,0,0,0,0,0,0,1,0,1,1,0,1,0,1,0,1,0,0,1,0,1,0,0,0,1,0,0,0,0,0,0,0,0,0,0,0,0,0,0,0,0,0,0,0,0,0,0,0,0,0,0,0,0,0,0,0,0,0,0,0,0,0,0,0,0,0,0,0,0,0,0,0,0,0,0,0,0,0,0,0,0,0,0,0,0,0,0,0,0,0,0,1,0,0,0,0,0,0,0,0,1,0,0,0,0,0,0,0,0,0,1,1,0,0,0,1,1,0,0,0,0,1,1,1,1,1,0,0,0,1,1,0,0,0,0,0,1,1,0,0,0,0,0,1,0,0,1,1,0,0,0,0,0,1,1,0,0,1,0,0,0,0,1,1,1,0,0,0,0,0,1,0,1,1,0,0,0,1,1,0,1,0,1,1,0,0,1,1,1,1,1,0
12.885905376039304,0.3087602618207781,-0.7217129629629635,0.8181000978992072,17.333333333333332,371.3930000000001,1.1111111111111112,3.079856243931842,2.256030791996199,1213346.3255718765,7.221757899794342,14.790514511606428,11.033401435232523,0.0,0.0,0.0,11.938610575903699,0.0,14.218113305036994,0.0,0.0,12.13273413692322,49.63809387317199,11.394078626111666,30.27787903532576,23.69183921263709,22.972012011136222,0.0,15.630115118257223,0.0,39.71682123267219,7.109797541277533,46.302840383332025,0.0,5.316788604006331,0.0,0.0,0.0,35.46570101918042,19.06280027574374,0.0,39.17630633662088,0.0,11.033401435232523,103.55,17.856516622065094,9.589074368143644,0.0,6.103966387748303,39.13714061317972,0.0,7.109797541277533,45.894050004147324,0.0,15.630115118257223,14.102764844493446,15.262488767111783,0.0,25.464017542202065,10.905188518308558,3.454729675820948,-1.7743386243386243,-0.3087602618207781,7.059946722516167,1.3007952517426724,0.3684210526315789,1,0,1,1,0,1,1,0,8,8,2,4,0,0,0,0,1,3,2.5822000000000003,0,0,0,0,0,2,0,0,0,0,0,0,2,1,0,0,0,0,0,0,0,0,2,0,0,0,0,0,1,2,2,0,0,0,0,0,0,0,0,0,0,1,0,0,0,0,0,0,0,0,0,0,0,0,0,0,0,0,0,0,0,0,0,9,4.538461538461538,3,3,0.0,1593.0,3,0.08262108262108264,0.14153846153846153,0.14153846153846153,0.1692846327126934,0.14153846153846153,0.2294492228524454,0.16435052006025577,0.16435052006025577,0.015796273159061434,0,0,0,0,1,2,1,0.2962962962962963,0.7037037037037037,0.18518518518518517,0.1111111111111111,0.0,0.5172413793103449,0.13793103448275862,1,1,0,1,0,0,1,0,0,0,1,0,0,0,0,1,1,1,0,1,0,0,0,0,0,0,0,1,0,0,0,0,0,1,0,0,1,0,0,1,0,1,0,0,0,0,0,0,0,0,0,0,0,0,0,1,1,0,1,0,1,0,0,0,1,0,0,0,0,1,0,0,0,1,0,0,0,0,0,0,0,1,1,0,0,0,1,0,0,1,1,0,0,0,0,0,0,0,0,0,1,0,1,0,0,0,0,0,1,1,1,1,0,0,0,1,0,0,0,0,0,0,1,1,1,1,0,0,0,0,0,0,0,0,0,0,0,0,0,0,0,0,0,0,0,0,0,0,0,0,0,0,0,0,0,0,0,0,0,0,0,0,0,0,0,0,0,0,0,0,0,0,0,1,0,0,0,0,1,0,0,0,0,0,0,1,0,0,0,0,1,0,0,1,0,0,0,0,0,1,0,0,1,0,1,1,0,1,0,0,0,1,0,0,0,0,0,0,0,0,0,1,1,0,1,1,1,1,0,1,1,0,0,1,0,0,0,0,0,0,0,0,0,0,0,0,0,0,1,1,0,1,1,1,1,0,0,0,1,0,0,0,0,0,1,1,0,0,1,1,1,0,0,1,1,0,0,1,1,1,1,0,1,0,1,1,1,1,1,1,1,1,1,1,0
14.174015769358707,0.1107890752592231,-1.964602514028765,0.2658294280815995,49.01923076923077,747.9640000000002,0.8461538461538461,3.0876165198947456,2.2219520946543754,47935039872.76935,17.659166368284723,58.484059986813634,29.696194920593534,12.580053458670426,0.0,0.0,5.969305287951849,9.589074368143644,0.0,0.0,0.0,27.694948798762496,74.90023203227615,44.43597567311321,47.639839606870275,63.1732246241068,11.75255023431679,0.0,4.899909730850478,23.671624184645573,179.17743631136617,28.314939047909448,0.0,0.0,0.0,0.0,0.0,0.0,149.65028641519538,42.747115044743985,23.671624184645573,94.92065848861026,0.0,0.0,182.91,101.75190007845703,30.015183947506465,0.0,37.19151703203923,6.4208216229260096,0.0,21.14333228224569,48.46616039783436,32.842728095586104,0.0,33.15804067660034,43.86754276257445,0.0,30.070550212700443,45.554949847812736,-4.244220018389807,-4.469379090464671,-8.729879224204524,17.05158608857152,6.765333810539196,0.9473684210526315,4,0,3,3,0,0,18,0,14,14,3,8,0,3,3,0,0,3,2.439700000000004,0,4,3,0,0,0,0,0,0,0,0,0,1,0,0,0,1,0,0,0,0,0,0,0,0,0,0,0,0,1,7,0,0,0,0,0,0,0,1,1,1,2,0,0,0,0,0,0,0,0,0,0,0,0,0,0,0,0,0,0,0,0,0,14,6.9389140271493215,3,3,0.0,9201.0,4,0.04072398190045248,0.11877828054298643,0.11877828054298643,0.13997138707075227,0.11877828054298643,0.14898349532625904,0.12061110461056274,0.12061110461056274,0.013330638327489647,0,0,0,0,0,0,3,0.2692307692307692,0.7307692307692307,0.25,0.019230769230769232,0.0,0.9629629629629629,0.037037037037037035,0,1,1,0,1,0,0,0,0,1,1,1,1,1,0,1,1,0,0,1,0,1,1,0,1,1,0,0,0,1,1,0,0,1,0,0,1,0,1,1,0,0,1,1,0,1,1,1,1,0,0,0,0,0,1,1,0,0,1,0,0,1,0,0,1,1,0,0,0,0,0,1,0,1,0,0,0,0,1,1,1,0,1,1,0,0,1,0,0,0,1,0,0,1,0,0,0,0,0,1,1,1,0,1,0,1,0,0,0,0,1,0,0,1,1,1,0,0,1,1,0,0,1,1,1,0,0,0,0,0,0,0,0,0,0,0,0,0,0,0,0,0,0,0,0,0,0,0,0,0,0,0,0,0,0,0,0,0,0,0,0,0,0,0,0,0,0,0,0,0,0,0,0,0,0,0,0,0,0,0,0,0,1,0,0,1,0,0,0,0,0,0,0,0,1,0,0,0,0,0,1,0,1,0,0,0,0,0,0,0,0,0,0,1,1,0,0,1,1,1,0,1,0,1,0,1,1,0,0,1,0,0,0,0,0,0,1,0,0,1,1,0,1,1,1,0,0,0,1,0,1,1,0,0,1,1,0,0,0,1,1,1,0,0,1,1,0,1,1,1,0,1,0,1,1,0,1,1,1,0,1,0,1,1,1,1,1,1,1,1,0,1,1,1,0
14.07322487429698,0.09355494927284203,-1.9944057547695055,0.2378725059837351,49.745098039215684,733.9370000000002,0.8823529411764706,3.051689271018922,2.183066335168143,26903252120.26668,17.014478793825404,58.85372442785429,29.696194920593534,12.580053458670426,0.0,0.0,5.969305287951849,9.589074368143644,0.0,0.0,0.0,27.694948798762496,74.90023203227615,37.32617813183568,47.639839606870275,63.542889065147456,11.75255023431679,0.0,4.899909730850478,23.671624184645573,179.17743631136617,21.205141506631914,0.0,0.0,0.0,0.0,0.0,0.0,147.64701626875856,38.010252090943936,23.671624184645573,94.92065848861026,0.0,0.0,193.91,107.53514502482197,35.12171134234717,0.0,31.40827208567429,6.4208216229260096,0.0,27.881009140349406,41.54242319814374,25.918990895895483,0.0,28.421177722800294,37.053620667495466,0.0,29.75921155686774,57.610189695505454,-4.839054123328079,-4.976776577237158,-9.707663812251559,16.331179639911554,5.176381083672508,0.9459459459459459,5,0,3,3,0,0,18,0,14,14,3,7,0,3,3,0,0,3,1.785600000000004,0,5,3,0,0,0,0,0,0,0,0,0,1,0,0,0,1,0,0,0,0,0,0,0,0,0,0,0,0,1,6,0,0,0,0,0,0,0,1,1,1,1,0,0,0,0,0,0,0,0,0,0,0,0,0,0,0,0,0,0,0,0,0,14,6.934901960784313,3,3,0.0,8842.0,4,0.041568627450980396,0.1211204481792717,0.1211204481792717,0.14118201192508661,0.1211204481792717,0.14906697347349668,0.12343208336220428,0.12343208336220428,0.013481520721051868,0,0,0,0,0,0,3,0.27450980392156865,0.7254901960784313,0.2549019607843137,0.0196078431372549,0.0,0.9622641509433962,0.03773584905660377,0,1,1,0,1,0,0,0,0,1,1,1,1,1,0,1,1,0,0,1,0,1,1,1,1,0,0,0,0,1,1,0,0,1,0,0,1,0,1,1,0,0,1,1,0,1,1,1,1,0,0,0,0,0,1,1,0,0,1,0,0,1,0,0,1,1,0,0,0,0,0,1,0,1,0,0,0,0,1,1,1,0,1,1,0,0,1,0,0,0,0,0,0,1,0,0,0,0,0,1,1,1,0,1,0,1,0,0,0,0,1,0,0,1,1,1,0,0,1,1,1,0,1,1,1,0,0,0,0,0,0,0,0,0,0,0,0,0,0,0,0,0,0,0,0,0,0,0,0,0,0,0,0,0,0,0,0,0,0,0,0,0,0,0,0,0,0,0,0,0,0,0,0,0,0,0,0,0,0,0,0,0,1,0,0,1,0,0,0,0,0,0,0,0,1,0,0,0,0,0,1,0,1,0,0,0,0,0,0,0,0,0,0,1,1,0,0,1,1,1,0,1,0,1,0,1,1,0,0,1,0,0,1,0,0,0,1,0,0,1,1,0,1,1,1,0,0,0,1,0,1,1,0,0,1,1,0,0,0,1,1,1,0,0,1,1,0,1,1,1,0,1,0,1,1,0,1,1,1,0,1,0,1,1,1,1,1,1,1,1,0,1,1,1,0
12.072166320231794,0.056111111111111445,-4.1766441090325,0.8451550160132962,14.52,362.40700000000004,1.12,3.086446594700194,2.2172513923061863,514498.3015501435,6.733658063938295,14.743300079491233,10.644995308801679,5.749511833283905,10.023291153407584,0.0,5.969305287951849,0.0,18.3513079060087,0.0,0.0,18.19910120538483,37.107111519698464,13.08951281182515,11.250837766380558,23.05572451704151,21.679982716042996,0.0,0.0,5.138973737607942,17.737126721369794,17.98942254267563,48.02802097092827,11.49902366656781,14.775746422258468,5.687386274683562,11.49902366656781,0.0,32.58314247894664,10.023291153407584,0.0,23.19963192162084,0.0,0.0,109.93,15.992596441359433,18.318861563241462,0.0,16.208446800498674,24.526410919792617,18.90801031431363,6.06636706846161,24.26546827384644,10.966276799312087,0.0,9.87583669140799,29.964869771982862,0.0,13.002873869857094,14.656521727530928,0.27464327706391245,-0.7285833438313583,1.8745721529352481,1.3854783950617284,-4.1766441090325,0.23529411764705882,3,0,1,1,0,0,0,0,5,8,1,5,0,1,1,0,0,3,2.4247000000000005,0,0,0,0,1,0,0,0,1,0,0,0,1,0,1,0,0,0,0,0,0,0,0,0,1,0,0,0,0,0,1,0,0,0,0,0,0,0,0,0,0,0,0,0,0,0,0,1,0,0,0,0,0,0,0,1,0,0,0,0,0,0,0,10,4.536666666666667,3,3,0.0,1361.0,4,0.09,0.153768115942029,0.153768115942029,0.16242581878462395,0.153768115942029,0.22987623352574058,0.1694393911413335,0.1694393911413335,0.015070400249095967,0,0,0,0,1,2,1,0.32,0.68,0.2,0.08,0.04,0.4444444444444444,0.1111111111111111,0,0,0,0,1,1,0,0,1,0,1,0,0,0,0,1,0,0,0,1,0,0,0,1,0,0,0,0,0,0,1,0,0,0,1,0,0,0,0,1,1,0,0,0,0,0,0,1,0,0,1,1,0,1,1,1,0,0,0,0,0,0,0,0,1,1,1,1,1,0,0,1,1,0,0,0,0,1,1,0,0,1,0,0,0,0,1,0,0,0,0,0,0,0,1,0,0,0,0,0,1,0,1,1,0,1,0,1,0,0,0,0,0,0,1,0,0,0,0,0,0,0,0,0,0,1,0,0,0,0,0,0,0,0,0,0,0,0,0,0,0,0,0,0,0,0,0,0,0,0,0,0,0,0,0,0,0,0,0,0,1,1,0,0,0,0,0,0,0,0,0,0,0,0,0,0,0,0,0,1,0,0,0,1,0,0,1,1,1,1,1,0,1,0,0,1,0,1,0,0,0,1,0,1,0,0,0,0,0,1,0,1,1,1,1,0,1,1,0,0,0,0,1,1,1,1,0,0,1,0,1,0,0,0,1,0,0,0,0,1,1,1,0,0,0,1,1,0,0,1,1,1,1,1,1,1,0,1,1,1,0,1,0,1,1,1,1,1,1,0,1,1,1,1,1,1,1,0,1,1,1,1,1,0,1,1,1,1,0,1,1,1,1,1,0
13.114328090055071,0.02648847278124289,-1.7532185463189922,0.14740150966845048,19.675675675675677,546.5870000000002,1.3513513513513513,3.279136562262607,1.55104493151272,130887863.90568937,10.178030370239119,30.89563663865838,17.10964163696516,29.78168703174876,5.601050810983688,11.814359458703011,5.969305287951849,14.488984098994122,14.345615352810384,0.0,23.098670827325854,11.22207979521215,13.847474399381248,28.838755044205193,11.666344601007683,38.79589175749669,57.6948843445426,0.0,15.200676855804016,5.15571272675054,37.408995258394214,11.486521083908974,52.93692295705045,0.0,20.72408312380058,5.131558479839333,0.0,23.098670827325854,67.22468874386298,30.560493725936496,0.0,19.54140239422971,0.0,0.0,191.22,40.7697344877071,29.3912035259687,0.0,28.778967196426905,11.325958136816055,16.236695608785215,30.98942211923828,29.093520927940727,6.06636706846161,15.456479851704078,10.571256060898818,1.7813433512507009,2.3200451049992044,59.634861678251504,28.365058705864,3.830931505999705,-4.0068662117945095,3.550427347358645,2.7432530473176975,0.0,0.3181818181818182,4,0,2,2,2,2,2,0,11,15,4,9,0,1,1,0,0,4,-1.2991999999999946,2,0,0,1,0,2,0,0,2,0,0,0,4,1,1,0,0,0,0,0,0,0,0,0,1,0,0,0,1,0,0,0,0,0,0,0,0,0,0,0,0,0,0,0,0,0,1,0,0,0,0,0,1,0,1,0,0,0,0,1,0,0,0,17,6.866366366366367,4,4,0.0,4573.0,4,0.06006006006006005,0.16761046761046758,0.16761046761046758,0.17468900278330307,0.16761046761046758,0.15180977397765708,0.11061141338645852,0.11061141338645852,0.013225645336152473,0,0,0,1,1,2,2,0.40540540540540543,0.5945945945945946,0.1891891891891892,0.16216216216216217,0.05405405405405406,0.575,0.15,1,0,1,1,0,1,0,0,1,0,1,1,0,1,0,0,0,0,0,1,0,0,1,0,1,0,0,1,0,0,1,1,1,1,1,1,0,0,0,1,1,0,0,0,0,1,0,1,0,1,0,1,0,0,0,1,1,1,1,0,0,0,0,1,1,0,0,1,0,0,0,0,1,0,1,1,0,0,1,1,1,1,0,0,1,1,1,1,0,0,0,1,0,0,0,0,0,0,1,0,1,1,1,0,1,1,0,1,0,0,0,0,1,1,1,1,0,0,0,0,0,0,1,1,0,1,0,1,0,0,0,0,0,0,0,0,1,0,0,1,0,0,0,0,0,0,0,0,0,0,0,0,1,0,0,0,0,0,0,0,0,0,0,0,1,0,0,0,0,0,0,0,0,1,0,1,0,1,1,0,0,0,0,0,0,0,0,0,0,0,0,0,0,1,1,0,0,0,0,1,1,0,1,1,1,1,1,1,1,1,0,1,1,1,0,0,1,1,0,1,1,0,1,1,1,1,1,1,1,1,1,0,0,1,1,0,0,0,1,0,1,0,0,0,0,1,0,1,1,1,1,1,1,1,1,1,0,0,0,1,0,1,0,1,1,1,1,1,1,0,1,1,0,1,1,0,1,1,1,1,1,1,1,1,1,1,1,1,1,1,1,1,1,1,0
12.545534297052154,0.13540420026035083,-0.8308796296296299,0.4882471812012686,16.846153846153847,360.36600000000004,1.1923076923076923,2.602011450639856,2.6992846838316726,458211.614446228,7.814330414517536,14.790514511606428,0.0,0.0,0.0,5.687386274683562,11.938610575903699,10.114318268765572,9.589074368143644,0.0,0.0,12.13273413692322,26.334663090768867,23.526812763034886,35.704105660908056,23.98611132456141,17.62599685058726,0.0,5.316788604006331,0.0,26.689117645233267,13.716679505790452,62.48352572055921,0.0,5.316788604006331,5.687386274683562,0.0,0.0,30.57860113051182,19.06280027574374,10.114318268765572,32.25256913693026,0.0,0.0,107.77000000000001,22.779827670882764,19.703392636909218,0.0,23.440477299335015,16.957530117808663,0.0,25.30889874666236,26.83757866753348,0.0,5.316788604006331,9.473725907600098,10.00020494771983,0.0,35.54115460807831,14.134749972149862,1.7598419259679199,-2.0496631708238837,0.0,5.206797585514668,1.2384241150163768,0.3333333333333333,1,0,1,1,0,0,1,0,7,8,1,5,0,0,0,0,1,2,2.5657000000000005,0,0,0,0,0,0,0,0,0,0,0,0,1,1,0,0,0,0,0,0,0,0,2,0,0,0,0,0,0,2,2,0,0,0,0,0,0,0,0,0,0,1,0,1,1,0,0,0,0,0,0,0,0,0,0,0,0,0,0,0,0,0,0,10,4.587692307692308,2,2,0.0,1491.0,3,0.08307692307692308,0.14948717948717952,0.14948717948717952,0.16832557054376,0.14948717948717952,0.22764000518802105,0.1624143111427541,0.1624143111427541,0.01668236340556332,0,0,0,0,0,1,1,0.3076923076923077,0.6923076923076923,0.23076923076923078,0.07692307692307693,0.0,0.5925925925925926,0.18518518518518517,1,0,0,0,0,0,0,0,0,0,1,0,0,0,0,1,0,1,0,1,1,0,0,0,0,0,0,0,0,0,0,0,0,1,0,0,1,0,1,1,0,1,0,1,0,0,0,0,0,0,0,0,0,0,0,1,1,0,1,0,0,0,0,0,1,0,0,0,0,0,1,0,0,1,1,1,0,0,0,0,1,1,0,0,0,0,1,0,0,0,1,1,0,0,0,0,0,0,0,0,1,0,0,1,0,0,0,1,0,1,1,0,0,1,0,1,0,0,0,1,0,0,1,1,0,1,0,1,0,0,0,0,0,0,0,0,0,0,0,0,0,0,0,0,0,0,0,0,0,0,0,0,1,0,0,0,0,0,0,0,0,0,0,0,0,0,0,0,0,0,0,0,0,1,0,0,0,1,1,0,0,0,0,0,1,0,0,0,0,0,1,1,0,0,0,0,0,0,1,1,0,0,0,0,1,0,0,0,0,0,0,0,0,0,0,0,0,0,0,0,0,1,1,0,0,1,1,1,0,0,1,0,0,0,0,0,0,1,0,0,0,0,1,0,0,0,0,1,0,1,1,1,1,0,1,0,0,0,1,0,0,1,0,1,1,1,0,0,1,1,1,0,0,1,1,0,1,1,1,1,0,1,1,1,1,1,1,1,1,1,1,1,1,1,0
12.881264408541194,0.10921910430839032,-0.7519198790627366,0.5023259105130484,16.678571428571427,408.88200000000006,1.2142857142857142,2.6736740578423714,2.6736251384965306,1412967.2240441893,10.264345352315052,25.261044942568663,0.0,0.0,0.0,0.0,11.938610575903699,0.0,9.589074368143644,0.0,0.0,29.800041095617345,25.477292959539852,17.264429032709735,49.691597854172045,23.79966322954379,23.539550466136212,0.0,5.316788604006331,5.733667477162185,19.76538044554264,33.47519984072886,57.39184076553496,0.0,11.050456081168516,0.0,0.0,11.600939890232516,45.41381041663256,23.79966322954379,0.0,25.328831937239634,5.022633313741326,0.0,99.88000000000001,17.856516622065094,9.589074368143644,0.0,18.786868459095103,40.70490633204474,0.0,7.109797541277533,38.112942673227685,0.0,5.316788604006331,31.54519622879485,15.78355673306972,6.4224429370088325,25.46096425955598,3.5215790606366006,7.700858032760089,-1.8641272728227076,0.0,4.415478869135827,1.2915697156579191,0.4,3,0,1,1,0,0,1,0,7,8,1,8,0,0,0,0,1,2,2.266300000000001,0,0,0,0,0,0,0,0,0,0,0,0,0,1,1,0,0,0,0,0,0,0,1,0,0,0,0,0,0,2,3,0,0,0,0,0,0,0,0,0,0,1,0,0,0,0,0,0,0,0,0,0,0,0,0,0,0,0,0,0,0,0,0,11,4.857142857142857,2,2,0.0,1836.0,3,0.07671957671957672,0.14835164835164832,0.14835164835164832,0.15444123700510665,0.14835164835164832,0.21641150531514328,0.1517706403672612,0.1517706403672612,0.015106093050777952,0,0,0,0,0,1,1,0.2857142857142857,0.7142857142857143,0.17857142857142858,0.07142857142857142,0.0,0.6551724137931034,0.13793103448275862,1,0,0,1,0,0,0,0,1,0,1,0,0,1,0,1,0,1,0,1,0,0,0,0,0,0,0,0,0,0,0,0,0,1,0,1,1,0,1,1,0,1,0,0,0,0,0,1,1,1,0,0,0,0,0,1,1,0,1,0,0,0,0,0,1,0,0,0,0,0,1,0,1,1,0,1,0,0,1,0,1,1,1,0,0,1,1,0,0,0,1,0,0,0,1,0,0,0,0,0,1,1,0,0,0,1,0,0,0,1,1,0,0,0,0,1,1,0,0,1,1,0,0,1,0,1,0,0,0,0,0,0,0,0,0,0,0,0,0,0,0,0,0,0,0,0,0,0,0,0,0,0,0,0,0,0,0,0,0,0,0,0,0,0,0,0,0,0,0,0,0,0,0,1,0,0,0,0,1,0,0,0,0,0,0,0,0,0,0,0,1,0,0,0,0,0,0,0,0,0,0,0,0,0,1,0,0,0,0,0,1,0,1,0,1,1,0,0,0,1,0,1,0,1,0,1,1,1,1,0,0,1,1,0,0,1,1,1,0,1,0,0,1,0,0,0,1,0,0,1,0,1,0,0,1,0,0,1,0,1,1,0,1,0,1,1,1,0,1,1,1,0,1,1,1,1,0,1,1,1,0,1,1,1,1,1,1,1,1,1,1,1,1,1,0
12.580764361300076,0.2101838291901128,-0.7370833333333338,0.7964461277127532,17.28,384.259,1.12,2.5590110853321515,2.738931060348321,278594.41883794067,7.933237471220653,14.790514511606428,0.0,0.0,0.0,0.0,11.938610575903699,0.0,9.589074368143644,0.0,0.0,35.33461391738825,32.40103015923048,11.394078626111666,40.82606123957303,19.06280027574374,35.14049035636873,0.0,5.316788604006331,0.0,26.689117645233267,13.716679505790452,56.34810701081467,0.0,5.316788604006331,0.0,0.0,23.20187978046503,25.65529008169415,19.06280027574374,0.0,32.25256913693026,10.045266627482652,0.0,64.63,17.856516622065094,9.589074368143644,0.0,11.629515278254244,33.12637249168852,0.0,7.109797541277533,38.970312804456704,0.0,5.316788604006331,32.67560568806513,10.100647439531368,12.523859179474258,24.99981961766188,3.6606447100445125,2.3039277840765946,-1.8178371441169048,0.0,5.410709421628734,1.286177624856527,0.3333333333333333,1,0,1,1,0,0,1,0,5,7,1,4,0,0,0,0,1,2,3.9643000000000033,0,0,0,0,0,0,0,0,0,0,0,0,0,1,0,0,0,0,0,0,0,0,2,0,0,0,0,0,0,2,2,0,0,0,0,0,0,0,0,0,0,1,0,0,0,0,0,0,0,0,0,0,0,0,0,0,0,0,0,0,0,0,0,9,4.333333333333333,2,2,0.0,1300.0,3,0.08666666666666666,0.14492753623188406,0.14492753623188406,0.1694397529143467,0.14492753623188406,0.2406366357684925,0.1690720350237325,0.1690720350237325,0.01748100214183861,0,0,0,0,0,1,1,0.28,0.72,0.16,0.04,0.0,0.6153846153846154,0.15384615384615385,1,0,0,1,0,0,0,0,0,0,1,0,0,0,0,1,0,1,0,1,0,0,0,1,0,0,0,0,0,0,0,0,0,1,0,0,1,0,1,1,0,1,0,0,0,0,0,0,0,1,0,0,0,0,0,1,1,0,1,0,0,0,0,0,1,0,0,0,0,0,0,0,0,1,0,0,0,0,1,0,1,1,1,0,0,0,1,0,0,0,1,0,0,0,0,0,0,0,0,0,1,1,0,0,0,0,0,0,0,1,1,0,0,0,0,1,0,1,0,1,0,0,0,1,0,1,0,0,0,0,0,0,0,0,0,0,0,0,0,0,0,0,0,0,0,0,0,0,0,0,0,0,0,0,0,0,0,0,0,0,0,0,0,0,0,0,0,0,0,0,0,0,0,1,0,0,0,0,1,0,0,0,0,0,0,0,0,0,0,0,1,0,0,0,0,0,0,0,0,0,0,0,0,0,1,0,0,0,0,0,0,0,0,0,0,1,0,0,0,0,0,1,0,0,0,1,1,1,0,0,0,1,0,0,0,1,0,1,0,0,0,0,1,0,0,0,0,0,0,1,0,1,0,0,1,0,0,0,0,0,0,0,1,0,1,1,0,0,1,1,0,0,1,1,1,0,0,1,1,1,0,1,1,1,1,1,1,1,1,1,1,1,1,1,0
12.928823302469135,0.13583997333501285,-0.8854228342571606,0.48477331260825746,16.133333333333333,456.3220000000001,1.0333333333333334,2.6876110138705513,2.462397578469164,2895320.343466523,10.498471550744673,19.527377465406477,0.0,0.0,6.792942306099827,0.0,17.90791586385555,4.794537184071822,9.589074368143644,0.0,0.0,42.258351117078874,31.898114582465862,17.814900249037674,34.219179275060114,28.59420041361561,41.109795644320585,0.0,5.316788604006331,0.0,39.53076089108528,13.902739847377362,56.34810701081467,0.0,5.316788604006331,0.0,0.0,23.20187978046503,31.810655711232908,28.59420041361561,0.0,45.094212382782274,10.045266627482652,0.0,90.92999999999999,30.618764216116766,14.383611552215466,0.0,27.6122973105472,23.37835174073467,0.0,7.109797541277533,32.046575604766076,6.923737199690624,5.316788604006331,37.41246864186518,14.98863965298587,12.58760826357549,37.01362804521722,3.475900860111685,1.746288608227191,-2.755185930241395,0.8322025559083639,4.649521905411271,1.245641025674823,0.38095238095238093,1,0,1,1,0,0,1,0,7,9,1,7,0,0,0,0,1,2,4.245200000000003,0,0,0,0,0,0,0,0,0,0,0,0,0,1,0,0,0,0,0,0,0,0,2,0,0,0,0,0,0,3,3,0,0,0,0,0,0,0,0,0,0,1,0,0,0,0,0,0,0,0,0,0,0,0,0,0,0,0,0,0,0,0,0,13,5.459770114942529,2,2,0.0,2375.0,3,0.07126436781609195,0.1592775041050903,0.1592775041050903,0.1751372206910381,0.1592775041050903,0.19252075133574367,0.14255464054760042,0.14255464054760042,0.01524676723124459,0,0,0,0,0,1,1,0.3,0.7,0.2,0.03333333333333333,0.0,0.6451612903225806,0.16129032258064516,1,0,0,1,0,0,0,0,0,0,1,0,0,0,0,1,0,1,0,1,0,0,0,1,0,0,1,0,1,0,0,0,0,1,0,0,1,1,1,1,0,1,0,0,0,0,0,0,0,1,0,0,0,0,0,1,1,0,1,0,0,0,0,0,1,0,1,0,0,0,0,0,0,1,0,0,0,1,1,0,1,1,1,0,0,0,1,0,0,0,1,0,0,0,0,0,0,0,0,0,1,1,0,0,0,0,1,0,0,1,1,0,0,0,0,1,1,1,0,0,0,0,0,1,0,1,0,0,0,0,0,0,0,0,0,0,0,0,0,0,0,0,0,0,0,0,0,0,0,0,0,0,0,0,0,0,1,0,0,0,0,0,0,0,0,0,0,0,0,0,0,0,0,1,0,0,0,0,1,0,0,0,0,0,0,0,0,0,0,0,1,0,0,0,0,0,0,0,0,0,0,0,0,0,1,0,0,0,0,0,0,0,0,0,0,1,0,1,0,0,0,1,0,0,0,1,1,1,0,0,0,1,0,0,0,1,0,1,0,0,0,0,1,1,0,0,1,0,0,1,0,1,0,0,1,0,1,1,0,0,1,0,1,0,1,1,0,0,1,1,0,0,1,1,1,1,0,1,1,1,0,1,1,1,1,1,1,1,1,1,1,1,1,1,0
12.876351095993954,0.11414162887377155,-0.976886810279668,0.45278603663958333,16.714285714285715,388.4200000000001,1.1428571428571428,2.643769273571544,2.691404767083548,1065637.2999448502,8.685527401454435,14.790514511606428,0.0,0.0,0.0,5.687386274683562,11.938610575903699,10.114318268765572,9.589074368143644,0.0,0.0,32.046575604766076,19.76538044554264,23.023897186270272,35.704105660908056,23.98611132456141,17.62599685058726,0.0,5.316788604006331,5.917906046161393,33.61285484492389,13.716679505790452,62.48352572055921,0.0,5.316788604006331,5.687386274683562,0.0,0.0,30.57860113051182,19.06280027574374,16.032224314926967,39.17630633662088,0.0,0.0,107.77000000000001,22.779827670882764,19.703392636909218,0.0,34.9218348371934,11.394078626111666,0.0,25.30889874666236,19.913841467842857,13.847474399381248,5.316788604006331,9.473725907600098,10.273361546779206,0.0,36.4515829364472,14.589847953873928,1.2684975224657784,-2.16314825312841,0.0,7.322127074531476,1.223228379314689,0.4,1,0,1,1,0,0,1,0,7,8,1,6,0,0,0,0,1,2,3.201800000000002,0,0,0,0,0,0,0,0,0,0,0,0,1,1,0,0,0,0,0,0,0,0,2,0,0,0,0,0,0,2,2,0,0,0,0,0,0,0,0,0,0,1,0,1,0,0,0,1,0,0,0,0,0,0,0,0,0,0,0,0,0,0,0,10,4.798941798941799,2,2,0.0,1814.0,3,0.07671957671957673,0.14611314611314613,0.14611314611314613,0.17068451432724568,0.14611314611314613,0.21798309770451235,0.15399730393234898,0.15399730393234898,0.016207512945110913,0,0,0,0,0,1,1,0.2857142857142857,0.7142857142857143,0.21428571428571427,0.07142857142857142,0.0,0.6206896551724138,0.1724137931034483,1,1,0,1,0,0,0,0,0,0,1,0,0,0,0,1,0,1,0,1,0,0,0,0,0,0,0,1,0,0,0,0,0,1,0,0,1,0,0,1,0,1,0,1,0,0,0,1,0,0,0,0,0,0,0,1,1,0,1,0,0,0,0,0,1,0,0,0,0,0,1,0,0,1,0,1,1,0,0,0,1,1,1,0,0,0,1,1,0,0,1,0,0,0,0,0,0,0,1,0,1,0,0,0,0,0,0,0,0,1,0,0,0,1,0,1,0,0,1,0,0,0,0,1,0,1,1,0,0,0,0,0,0,0,0,0,0,0,0,0,0,0,0,0,0,0,0,0,0,0,0,0,1,0,0,0,0,0,0,0,0,0,0,0,0,0,0,0,0,0,0,0,0,1,0,0,0,1,1,0,0,0,0,0,1,0,0,0,0,0,1,1,0,0,0,0,0,0,1,1,0,0,1,0,1,0,0,0,0,0,0,0,0,0,0,0,0,0,0,0,0,1,1,0,0,1,1,1,0,0,1,0,0,0,0,0,0,1,0,0,0,0,0,1,0,0,0,1,0,1,1,1,1,0,1,0,0,0,1,0,0,1,0,1,1,1,0,0,1,1,1,0,1,1,1,0,1,1,1,1,0,1,1,1,1,1,1,1,1,1,1,1,1,1,0
12.340656651549509,0.1275925925925927,-0.9696759259259264,0.5055052971214055,14.88,346.33900000000006,1.04,2.5932665724561046,2.803490087611988,291739.89613473933,7.163418786222467,14.790514511606428,0.0,0.0,0.0,5.687386274683562,11.938610575903699,10.114318268765572,9.589074368143644,0.0,0.0,18.19910120538483,13.847474399381248,23.023897186270272,36.20702123767267,23.98611132456141,17.62599685058726,0.0,5.316788604006331,0.0,19.76538044554264,14.219595082555067,62.48352572055921,0.0,5.316788604006331,5.687386274683562,0.0,0.0,31.081516707276435,19.06280027574374,10.114318268765572,25.328831937239634,0.0,0.0,107.77000000000001,22.779827670882764,19.703392636909218,0.0,22.39704682651909,11.394078626111666,0.0,32.418696287939895,19.913841467842857,0.0,5.316788604006331,9.473725907600098,9.655559334845048,0.0,35.57659005731922,14.391040406903503,1.1918650793650811,-2.3269831821617526,0.0,3.288860544217687,2.4207777462836986,0.29411764705882354,1,0,1,1,0,0,0,0,7,8,1,4,0,0,0,0,0,2,2.1756,0,0,0,0,0,0,0,0,0,0,0,0,1,1,0,0,0,0,0,0,0,0,2,0,0,0,0,0,0,2,2,0,0,0,0,0,0,0,0,0,0,2,0,1,0,0,0,1,0,0,0,0,0,0,0,0,0,0,0,0,0,0,0,8,4.266666666666667,2,2,0.0,1280.0,3,0.08666666666666666,0.14202898550724638,0.14202898550724638,0.17207818301924135,0.14202898550724638,0.24382177266403915,0.16961609344023468,0.16961609344023468,0.017507485543212097,0,0,0,0,0,1,1,0.32,0.68,0.24,0.08,0.0,0.5769230769230769,0.19230769230769232,1,0,0,1,0,0,0,0,0,0,1,0,0,0,0,1,0,1,0,1,0,0,0,0,0,0,0,0,0,0,0,0,0,1,0,0,1,0,0,1,0,0,0,1,0,0,0,1,0,0,0,0,0,0,0,1,1,0,1,0,0,0,0,0,1,0,0,0,0,0,1,0,0,1,0,1,1,0,0,0,0,1,1,0,0,0,1,0,0,0,1,0,0,0,0,0,0,0,1,0,1,0,0,0,0,0,0,0,0,1,0,0,0,1,0,1,0,0,0,0,0,0,0,1,0,1,0,0,0,0,0,0,0,0,0,0,0,0,0,0,0,0,0,0,0,0,0,0,0,0,0,0,1,0,0,0,0,0,0,0,0,0,0,0,0,0,0,0,0,0,0,0,0,1,0,0,0,1,1,0,0,0,0,0,1,0,0,0,0,0,1,1,0,0,0,0,0,0,1,1,0,0,0,0,1,0,0,0,0,0,0,0,0,0,0,0,0,0,0,0,0,1,1,0,0,1,1,1,0,0,1,0,0,0,0,0,0,0,0,0,0,0,0,0,0,0,0,1,0,1,1,1,1,0,1,0,0,0,1,0,0,1,0,1,1,1,0,0,1,1,1,0,1,1,1,0,1,1,1,1,0,0,1,0,1,1,1,1,1,1,1,1,1,1,0
12.90798701233631,0.030001049802637958,-0.881995464852608,0.2963419520142686,16.4,418.44600000000014,1.1333333333333333,2.663542062312108,2.602707345966916,2673650.2044385825,10.017444003939296,19.527377465406477,6.606881964512918,0.0,0.0,5.687386274683562,11.938610575903699,10.114318268765572,9.589074368143644,0.0,0.0,12.13273413692322,33.25840029045949,30.636610304312416,34.69827450737882,28.72297427836146,17.62599685058726,0.0,5.316788604006331,0.0,39.71682123267219,20.32356147030337,62.48352572055921,0.0,5.316788604006331,5.687386274683562,0.0,0.0,43.289449482773044,23.79966322954379,10.114318268765572,39.17630633662088,0.0,0.0,117.0,22.779827670882764,19.703392636909218,0.0,36.15132565159623,16.957530117808663,0.0,25.30889874666236,33.761315867224106,0.0,5.316788604006331,14.210588861400147,15.59458962650972,0.0,36.56662156264256,14.321763455615438,1.6535443098267792,-2.134679993911144,-0.3817897922483966,7.051902192491118,1.4846698440807804,0.42857142857142855,1,0,1,1,0,0,1,0,8,9,1,8,0,0,0,0,1,2,2.9708000000000014,0,0,0,0,0,0,0,0,0,0,0,0,1,1,0,0,0,0,0,0,0,0,2,0,0,0,0,0,0,2,3,0,0,0,0,0,0,0,0,0,0,1,0,1,1,0,0,0,0,0,0,0,0,0,0,0,0,0,0,0,0,0,0,12,5.264367816091954,2,2,0.0,2290.0,3,0.07126436781609195,0.15229885057471265,0.15229885057471265,0.16462292520959362,0.15229885057471265,0.19974772510313837,0.14421816952931454,0.14421816952931454,0.015035653058943084,0,0,0,0,0,1,1,0.3,0.7,0.23333333333333334,0.06666666666666667,0.0,0.6451612903225806,0.16129032258064516,0,1,0,0,0,0,0,0,0,0,1,0,0,1,0,1,0,1,0,1,1,0,0,0,0,0,0,1,0,0,0,0,0,1,0,0,1,0,0,1,0,1,0,1,0,0,0,0,0,0,0,0,0,0,0,1,1,0,1,0,0,0,0,0,1,0,0,0,0,1,1,0,0,1,1,1,0,0,0,0,1,1,0,0,0,0,1,0,0,1,1,1,0,0,0,0,0,0,0,0,1,0,1,1,0,0,0,1,0,1,1,0,0,1,0,1,0,0,0,0,0,0,1,1,0,1,0,1,0,0,0,0,0,0,0,0,0,0,0,0,0,0,0,0,0,0,0,0,0,0,0,0,1,0,0,0,0,0,0,0,0,0,0,0,0,0,0,0,0,0,0,0,0,1,0,0,0,1,1,0,0,0,0,0,1,0,0,0,0,0,1,1,0,0,0,0,0,0,1,1,1,0,1,0,1,0,0,0,0,0,0,0,0,0,1,0,0,0,0,0,0,1,1,0,0,1,1,1,0,0,1,0,0,0,0,0,0,1,0,0,0,0,0,1,1,0,1,1,0,1,1,1,1,0,1,0,0,0,1,0,1,1,0,1,1,1,1,0,1,1,1,0,0,1,1,1,1,1,1,1,1,1,1,1,1,1,1,1,1,1,1,1,1,1,0
12.834318004609761,0.1161011455776062,-1.0367441421012846,0.677733039239407,16.40740740740741,376.4530000000002,1.0740740740740742,2.724296323889953,2.2688190220689304,1016271.5006639081,9.503956212463427,14.373635638450576,5.538925252383345,0.0,5.907179729351506,0.0,11.938610575903699,14.48898409899412,4.794537184071822,0.0,0.0,25.122838405075452,24.97437738277524,31.7424771153473,20.640416705481076,23.857337459815565,23.533176579938768,0.0,4.899909730850478,0.0,38.14594894377801,38.75377403114327,30.33183534230805,0.0,4.899909730850478,5.687386274683562,0.0,0.0,62.138489588781816,23.857337459815565,0.0,32.60702369139466,0.0,0.0,76.15,11.508230540335195,14.383611552215466,0.0,11.876485017303356,51.004941984125324,0.0,14.219595082555067,11.823646930541102,30.33183534230805,9.636772684650527,4.736862953800049,9.802870183694655,0.0,40.74869642348297,0.0,-0.3443730654566691,-0.7756858926740771,1.4867741154848833,3.532315793473802,2.7244246897182505,0.55,0,0,1,1,1,0,0,0,6,7,1,7,0,1,1,0,0,2,2.0002999999999997,0,0,0,0,0,0,0,0,0,0,0,0,2,0,0,0,0,1,0,0,0,0,0,0,1,0,0,0,0,2,2,0,0,0,0,0,0,0,0,0,0,2,0,0,0,0,0,1,0,1,0,0,0,0,0,0,0,0,0,0,0,0,0,13,5.1908831908831905,2,2,0.0,1822.0,4,0.07977207977207978,0.16763532763532765,0.16763532763532765,0.16902109854150557,0.16763532763532765,0.20310066682866842,0.15069431792591229,0.15069431792591229,0.015384189280014747,0,0,0,0,0,1,1,0.25925925925925924,0.7407407407407407,0.18518518518518517,0.07407407407407407,0.0,0.6785714285714286,0.10714285714285714,1,0,1,0,0,1,0,0,0,0,1,1,0,0,1,0,0,0,0,0,0,0,0,0,0,0,0,0,1,0,1,0,1,1,0,0,1,0,1,1,0,0,0,0,0,0,0,1,0,0,0,0,0,0,0,1,0,0,0,0,0,0,0,0,1,1,0,1,0,0,0,1,1,1,1,0,0,0,0,1,1,1,0,0,0,0,1,0,0,0,0,0,0,1,0,0,0,0,1,0,1,0,1,0,0,1,1,0,0,0,0,0,1,1,0,0,0,1,0,0,0,1,0,1,1,1,0,1,0,0,0,0,0,0,0,0,0,0,0,0,0,0,0,0,0,0,0,0,0,0,0,0,0,0,0,0,0,0,0,0,0,0,0,0,0,0,0,0,0,0,0,0,0,0,0,0,0,0,0,0,0,0,0,0,0,0,0,0,0,0,0,0,0,0,1,0,0,0,0,0,0,0,0,1,0,0,0,0,1,0,0,0,0,1,1,0,0,0,0,0,1,1,0,1,0,1,1,0,1,0,0,0,0,0,0,0,1,0,1,1,1,0,1,0,1,1,1,0,0,1,1,1,0,0,1,0,1,1,0,0,1,1,0,1,1,1,1,0,1,1,1,0,0,1,1,1,1,1,0,0,0,1,1,1,1,1,1,1,1,1,1,1,1,1,0
5.5438271604938265,0.6974537037037039,0.6974537037037039,0.6066937916541333,10.0,161.65699999999998,1.7777777777777777,2.1825048705293453,2.6886750370858383,152.77534093705418,3.180475787948315,0.0,0.0,0.0,0.0,0.0,0.0,0.0,4.9839785209472085,0.0,22.937725768167255,0.0,13.344558822616634,10.75715063867164,11.20446726846584,0.0,22.937725768167255,0.0,4.9839785209472085,0.0,13.344558822616634,5.880003444970339,16.08161446216714,0.0,0.0,0.0,0.0,22.937725768167255,10.863981965917548,6.4208216229260096,6.923737199690624,10.57107518854976,0.0,0.0,12.89,0.0,0.0,0.0,0.0,5.880003444970339,12.114749617774471,4.877147193701299,11.336785877934737,12.434276473308003,4.9839785209472085,11.600939890232516,0.0,7.222391975308641,5.405293209876543,0.0,2.9839506172839507,0.6974537037037039,0.9564043209876543,2.012283950617284,0.0,0.5,0,0,0,0,0,1,0,0,2,3,1,2,0,0,0,0,0,1,2.2328200000000002,0,0,0,0,0,1,0,0,0,0,0,0,1,0,0,0,0,0,0,0,0,1,0,0,0,2,0,0,0,0,0,0,0,0,0,0,0,0,0,0,0,0,0,0,0,0,0,0,0,0,0,0,0,0,0,0,0,0,0,1,0,0,0,5,2.5,1,1,0.0,90.0,3,0.25,0.2142857142857143,0.2142857142857143,0.20619652471058061,0.2142857142857143,0.41719312796421304,0.30613128872446915,0.30613128872446915,0.022513638579967316,0,0,0,0,1,1,0,0.3333333333333333,0.6666666666666666,0.0,0.1111111111111111,0.1111111111111111,0.4444444444444444,0.0,0,0,0,0,0,0,0,0,0,0,0,0,0,0,0,0,0,0,0,1,0,0,0,0,0,1,0,0,1,0,0,1,0,1,0,1,0,0,0,0,1,0,0,0,1,0,0,0,1,0,1,0,0,0,0,0,0,0,1,0,0,0,0,1,0,0,0,0,0,0,0,0,0,0,0,0,0,0,0,0,1,1,0,0,0,1,0,0,0,0,0,1,1,0,0,0,0,0,0,0,1,0,1,0,0,0,1,0,0,0,0,0,0,0,0,0,0,0,0,0,0,0,1,0,0,0,0,0,0,0,0,0,0,0,0,0,0,0,0,0,0,0,0,0,0,0,0,0,0,0,0,0,0,0,0,0,0,0,0,0,0,0,0,0,1,0,0,0,0,0,0,0,0,0,0,1,0,0,0,0,0,0,0,0,0,0,0,0,0,0,0,0,0,1,0,0,0,0,0,0,0,0,0,0,0,0,0,0,0,1,0,1,0,0,0,0,1,0,0,0,0,0,0,0,1,0,0,0,0,0,0,1,0,0,0,0,1,0,0,0,0,0,0,0,1,0,1,0,1,1,0,0,0,0,0,0,0,0,0,0,0,0,1,0,0,1,0,0,0,0,0,0,1,0,0,1,0,0,1,0,0,1,0,1,1,0,0,0,1,1,1,0,0,1,0
10.648670588076357,0.014377652053066736,-3.9162629078012476,0.28661243847385526,12.35,337.456,1.4,2.6848048032036034,2.366985109789652,18919.819448175793,7.422318703285096,17.201002431486554,5.835619785757269,5.959554568743835,5.131558479839333,0.0,10.209329170397666,0.0,10.12295225855515,25.17208666635572,15.734496871016162,0.0,0.0,23.3065916068855,5.693927994848461,8.417796984328938,50.23473283206396,0.0,4.9839785209472085,31.73009189481159,12.1736752296728,5.752853606746789,11.073990765314376,0.0,22.339976169094495,5.131558479839333,0.0,23.098670827325854,30.949803466524042,15.962182777144456,0.0,12.114749617774471,0.0,0.0,175.82999999999998,10.209329170397666,8.417796984328938,0.0,11.795174354501103,23.05808731625892,5.693927994848461,23.098670827325854,0.0,5.380062770465915,14.374094246664303,22.339976169094495,24.459977208450542,2.86350278861417,8.026839885620099,7.070600139703016,16.73559822569537,1.184355891556469,0.3253887681615857,0.0,-3.9162629078012476,0.375,8,0,0,0,0,1,0,0,6,12,1,7,0,0,0,0,0,1,-0.7679999999999998,0,0,0,0,0,1,0,0,0,0,0,1,3,0,4,0,0,0,0,0,0,0,0,1,0,0,0,0,0,0,0,0,1,0,0,0,0,0,0,0,0,0,0,0,0,0,0,0,0,0,0,0,0,0,1,0,0,0,0,1,0,0,0,13,5.505263157894737,1,1,0.0,1046.0,4,0.10526315789473681,0.25029239766081873,0.25029239766081873,0.21243932661885306,0.25029239766081873,0.18852410601229294,0.17427233898113043,0.17427233898113043,0.016819645552000464,0,0,0,0,1,1,0,0.6,0.4,0.1,0.35,0.15,0.55,0.2,0,0,0,0,0,0,0,0,0,0,1,1,1,0,0,0,1,0,1,1,1,0,0,0,0,0,0,0,1,0,1,1,0,0,0,1,0,0,0,1,1,0,1,0,1,0,0,0,0,0,0,0,0,1,0,0,0,1,0,0,0,0,0,1,0,0,0,0,1,0,1,1,0,0,0,0,0,1,0,0,1,1,0,0,1,1,1,1,0,0,0,0,0,0,1,1,0,0,0,0,1,0,0,0,0,0,0,0,0,0,0,0,0,0,0,0,1,0,0,1,0,0,1,0,0,0,0,0,0,0,0,0,0,0,0,0,0,0,0,0,0,0,0,0,0,0,0,0,0,0,0,0,0,1,0,0,0,0,0,0,0,1,0,0,1,0,1,0,0,0,0,1,0,0,0,1,0,0,0,0,0,1,0,1,0,0,1,0,1,1,0,0,0,1,0,1,0,1,0,0,0,1,0,0,0,1,1,0,1,1,0,1,1,0,1,0,1,0,1,1,0,0,1,0,1,1,0,0,0,0,1,0,1,0,1,0,0,0,0,1,1,0,0,0,0,1,1,1,1,1,0,0,1,0,0,0,0,1,1,1,0,1,0,1,1,1,1,0,0,0,1,0,0,0,0,1,1,0,0,1,0,1,0,1,1,0,1,1,0,1,1,0,1,1,0
10.354560047262865,0.4190070103390817,-0.4786405335652266,0.3799534662760676,11.714285714285714,331.4670000000001,1.619047619047619,2.8278152211004666,2.218277243493725,43242.95036106833,9.586301469178254,15.53348693886314,5.007623696852765,5.8209740960423995,0.0,6.199954889820448,0.0,10.114318268765572,4.9839785209472085,11.761884949391115,11.336785877934737,0.0,14.09534396535438,37.02295477846183,10.617239043666132,4.923311048817671,23.098670827325854,0.0,20.51746545981035,0.0,12.297610012659364,33.44062596069093,38.21686171679556,0.0,10.633577208012662,0.0,0.0,23.098670827325854,48.24782526130629,12.297610012659364,10.114318268765572,10.701551691701226,0.0,0.0,83.33,4.923311048817671,10.114318268765572,0.0,0.0,12.365730501954975,34.951970200927825,0.0,30.14634281000304,14.09534396535438,25.89752823027626,0.0,0.0,3.434327357613793,16.535008635304347,19.296488940652903,1.0940033436213994,2.1379759729241155,0.9291897080993399,1.5356900963856508,5.703982612065119,0.5833333333333334,2,0,0,0,0,1,0,0,8,9,1,10,0,0,0,0,0,1,1.3224999999999998,0,0,0,0,0,1,0,0,0,0,0,0,3,2,0,0,0,0,0,0,0,0,0,0,0,0,0,0,0,0,0,0,0,0,0,0,0,0,0,0,0,0,0,1,0,0,0,0,0,0,0,0,0,0,1,0,0,0,0,1,0,0,0,14,5.8428571428571425,1,1,0.0,1227.0,3,0.10000000000000002,0.25488721804511283,0.25488721804511283,0.20757690516218638,0.25488721804511283,0.17771267062938748,0.1589157615384911,0.1589157615384911,0.014257869431473497,0,0,0,0,1,1,0,0.42857142857142855,0.5714285714285714,0.09523809523809523,0.23809523809523808,0.09523809523809523,0.6666666666666666,0.09523809523809523,1,0,0,0,0,0,0,0,0,0,1,1,1,0,0,0,0,0,1,0,1,0,1,0,0,0,0,1,0,0,1,1,0,1,0,1,0,0,0,1,1,1,1,1,0,0,1,0,0,0,0,0,0,0,1,0,0,1,0,0,0,0,0,1,0,0,0,0,0,1,1,0,0,0,0,1,0,0,0,0,1,1,0,1,1,1,0,1,0,1,0,0,0,1,0,0,0,0,0,0,1,0,0,0,0,0,0,1,1,0,0,0,0,1,0,1,1,0,0,0,0,0,1,1,0,1,0,1,0,0,0,0,0,0,0,0,0,0,0,0,0,0,0,0,0,0,0,0,0,1,0,0,1,0,0,0,0,0,0,0,0,0,0,0,1,0,1,0,0,0,0,1,0,1,0,1,0,1,0,0,0,0,0,0,1,0,0,0,0,0,0,1,0,1,0,0,0,0,1,1,0,0,1,0,1,1,0,1,0,1,1,1,0,1,1,0,1,0,1,1,0,1,1,0,1,1,0,1,1,0,1,0,1,0,0,0,1,0,0,1,0,0,0,1,0,0,1,1,1,1,1,0,1,0,0,0,1,1,1,1,0,0,0,0,0,1,1,0,0,1,1,0,0,0,0,1,1,1,0,1,0,1,0,1,1,0,1,1,1,1,1,0,1,1,0
13.700872071050643,0.1140556237927266,-3.7132752267573705,0.6120873727300362,30.555555555555557,263.2,1.6111111111111112,2.5183619408733295,2.4191219777016335,10211.95767024135,4.264616604979357,20.683585220643646,11.92182916558333,6.103966387748303,6.22790117073487,0.0,11.61227256629805,4.567099647791355,4.794537184071822,13.764808616296847,0.0,0.0,6.06636706846161,6.196843571613076,6.606881964512918,23.7307478388311,5.817862777835028,0.0,9.551078168738563,0.0,24.358363114326053,12.340549441675103,22.74749122234998,0.0,11.423410875365658,14.598692873184667,0.0,0.0,44.50147686652407,4.736862953800049,0.0,6.22790117073487,0.0,0.0,110.60000000000001,36.654988477042444,18.681894674262168,0.0,5.817862777835028,4.567099647791355,12.263210640074686,0.0,0.0,0.0,4.9839785209472085,15.57705782580294,32.70181783824641,0.0,14.718198223733939,18.10387760351054,4.209688995968757,-3.827330850550097,-4.687900132275133,-0.7872934775762155,0.0,0.5555555555555556,4,0,1,1,0,1,3,0,7,9,2,2,0,1,1,0,0,2,-1.2886,0,2,2,1,0,2,0,0,0,0,0,0,2,0,1,0,0,0,0,0,0,2,0,0,1,0,0,0,0,0,1,0,0,0,0,0,0,0,0,0,0,0,0,0,0,0,0,0,0,0,0,0,0,0,0,0,0,0,0,0,0,0,0,9,3.6601307189542482,2,2,0.0,560.0,4,0.12418300653594769,0.16625816993464052,0.16625816993464052,0.17026181033793147,0.16625816993464052,0.2842220695088511,0.2038694656168014,0.2038694656168014,0.021790247780204774,0,0,0,0,1,1,1,0.5,0.5,0.2222222222222222,0.16666666666666666,0.0,0.631578947368421,0.05263157894736842,1,1,0,0,0,0,0,0,1,0,1,0,0,0,0,1,1,0,0,1,0,0,0,0,0,0,0,0,0,0,1,0,0,0,0,0,1,0,0,1,1,1,0,0,0,0,0,0,1,1,0,0,0,0,1,0,0,0,1,1,0,0,1,1,0,1,0,0,0,0,0,0,0,0,0,0,0,1,0,0,1,1,0,0,0,0,1,0,0,0,0,0,0,0,1,1,0,0,1,0,1,1,0,0,0,1,0,0,1,0,0,0,0,0,1,0,0,0,0,0,0,0,1,1,0,0,0,0,0,0,0,0,0,0,0,0,0,0,0,0,0,0,0,0,0,0,0,0,0,0,0,0,0,0,0,0,0,0,0,0,0,0,0,0,0,1,1,0,0,0,1,0,0,0,0,0,0,0,0,0,0,1,0,0,0,1,0,0,0,0,1,0,0,1,0,0,0,0,0,0,1,0,0,1,0,1,0,0,1,0,1,1,1,1,0,1,0,1,1,0,1,0,0,0,1,1,1,0,0,0,0,0,0,0,1,1,0,1,1,0,1,1,0,0,0,1,0,0,1,1,1,0,0,0,0,1,0,0,0,1,1,1,1,1,0,1,0,1,1,0,1,1,1,0,1,0,1,0,1,1,1,1,1,1,1,1,1,1,0,1,1,1,1,1,0
11.451388416477702,0.020186996094733844,-0.4179724111866967,0.6875458801290978,25.666666666666668,211.22099999999998,1.6666666666666667,2.656999263425458,2.2042997522549417,3818.107941542383,3.9953247242906955,15.577057825802939,12.045763948569899,0.0,0.0,0.0,5.689743398203474,4.567099647791355,4.794537184071822,4.9839785209472085,0.0,0.0,18.90801031431363,6.196843571613076,12.71084835226122,9.843390348640755,5.817862777835028,0.0,9.551078168738563,0.0,25.173510804335194,12.340549441675103,22.74749122234998,0.0,11.423410875365658,5.817862777835028,0.0,0.0,27.368453915840487,4.736862953800049,0.0,19.06954441658689,0.0,0.0,90.36999999999999,5.689743398203474,4.794537184071822,0.0,24.75661230083112,6.4208216229260096,6.4208216229260096,4.567099647791355,12.263210640074686,0.0,4.9839785209472085,15.577057825802939,6.844332955404384,0.0,15.063088624338624,8.896112265894011,4.956419516880826,0.20181030591248872,2.505811838624338,-0.020186996094733844,0.0,0.5555555555555556,3,0,1,1,0,1,2,0,6,6,2,2,0,1,1,0,0,2,-0.5046000000000002,0,1,1,1,0,2,0,0,0,0,0,0,2,0,1,0,0,0,0,0,0,0,0,0,1,0,0,0,0,0,1,0,0,0,0,0,0,0,0,0,0,0,0,0,0,0,0,0,0,0,0,0,0,0,0,0,0,0,0,0,0,0,0,9,3.5142857142857142,2,2,0.0,369.0,3,0.15238095238095237,0.1934065934065934,0.1934065934065934,0.17496585367925166,0.1934065934065934,0.29620591154117376,0.23789947512252466,0.23789947512252466,0.018223521115987996,0,0,0,0,1,1,1,0.4,0.6,0.2,0.2,0.0,0.5625,0.0625,0,1,0,0,1,0,0,0,0,0,1,0,1,0,0,0,1,0,0,1,0,0,0,0,0,0,0,0,0,0,1,0,0,0,0,0,0,0,0,1,1,0,0,0,0,1,0,0,1,1,0,0,0,0,0,0,1,0,1,0,0,0,1,1,0,1,0,0,0,0,0,0,0,0,0,0,0,1,0,0,1,1,0,0,0,0,1,0,0,0,0,0,0,0,1,1,0,0,0,0,1,1,0,0,0,0,0,0,1,0,0,1,0,0,1,0,0,1,0,0,0,0,1,1,0,0,0,1,0,0,0,0,0,0,0,0,0,0,0,0,0,0,0,0,0,0,0,0,0,0,0,0,0,0,0,0,0,0,0,0,0,0,0,0,0,1,1,0,0,0,0,0,0,0,0,0,0,0,0,0,0,0,0,0,0,1,0,0,0,0,1,0,0,1,0,0,0,0,0,0,1,0,0,1,0,1,0,0,1,0,1,1,1,1,0,0,0,1,1,1,1,0,0,0,1,1,1,0,0,0,0,0,0,0,1,0,0,1,1,1,0,1,0,0,0,1,1,0,1,1,1,0,0,0,0,1,1,1,0,1,1,1,0,1,0,1,0,1,0,0,1,1,1,0,1,1,1,0,1,1,1,1,1,1,1,1,1,1,0,1,1,1,1,1,0
13.643057057489099,0.0172524144593047,-2.2407371425638924,0.23526258168565614,29.846153846153847,543.5250000000003,1.1538461538461537,2.9047365340290137,1.6862632099701684,374870204.0707537,9.662462759118538,45.47689331276586,29.456468275348325,17.85651662206509,5.783244946364939,0.0,0.0,14.383611552215466,0.0,0.0,0.0,12.13273413692322,12.990104268152233,41.994660173016975,42.112051179613424,54.12683738781914,17.34973483909482,0.0,0.0,5.733667477162185,62.43101960118041,13.716679505790452,51.579810155566804,17.248535499851716,10.470530430962235,0.0,17.248535499851716,0.0,86.73990246405225,20.68908471459793,0.0,68.83913015161656,0.0,0.0,206.07,95.6690042321333,39.91624852641899,0.0,34.4241394229979,0.0,0.0,25.30889874666236,6.923737199690624,0.0,0.0,19.944256338562333,16.992219914907572,0.0,39.73908207424436,53.69213165007618,2.373741684889566,-3.774704747880252,-5.122799847545572,0.5596546492817411,1.3221851690045994,0.4444444444444444,7,2,1,3,0,0,6,0,12,12,1,5,0,1,1,0,0,5,0.0012999999999993017,0,3,2,0,0,0,0,2,0,0,0,0,0,0,1,0,0,0,0,0,0,0,0,0,0,0,0,0,3,0,3,0,0,0,0,0,0,0,3,1,0,1,0,0,0,0,0,0,0,0,0,0,0,0,0,0,0,0,0,0,0,0,0,14,5.9271255060728745,5,5,0.0,4392.0,4,0.058029689608636977,0.13316555421818582,0.13316555421818582,0.1300698638006602,0.13316555421818582,0.17574981258267736,0.1276189154672853,0.1276189154672853,0.01422866075846377,0,0,0,0,0,2,1,0.3076923076923077,0.6923076923076923,0.28205128205128205,0.02564102564102564,0.0,0.6511627906976745,0.06976744186046512,1,1,1,0,0,0,0,0,0,0,1,1,1,0,0,1,1,0,0,1,0,0,0,1,0,0,0,0,0,1,1,0,0,1,1,0,1,0,1,1,1,0,1,0,1,0,1,1,1,0,1,0,1,0,0,1,0,1,1,0,0,1,0,0,1,0,1,0,1,0,1,0,0,1,1,1,1,1,0,1,1,1,1,1,0,0,1,0,1,0,0,0,1,0,1,0,1,0,1,0,1,1,0,0,0,1,0,0,0,0,0,1,1,0,0,0,1,0,0,0,0,1,0,1,0,1,0,0,0,0,0,0,0,0,0,0,0,0,0,0,0,0,0,0,0,0,0,0,0,0,0,0,0,0,0,0,0,0,0,0,0,0,0,0,0,0,0,0,0,0,0,0,0,0,0,0,0,0,0,0,0,1,1,0,0,1,0,0,0,0,0,0,0,0,1,0,0,0,0,0,1,0,0,0,0,0,0,0,0,0,1,0,1,0,0,0,0,1,1,1,0,1,0,1,0,1,1,0,0,1,0,0,1,1,0,0,1,1,0,1,1,1,0,0,0,0,0,0,0,0,0,1,0,1,1,1,1,1,0,1,1,1,0,0,1,1,0,1,1,0,0,1,1,1,1,0,0,1,1,1,1,1,1,1,1,1,1,1,1,1,1,1,1,1,0
13.330070372456962,0.005877267573695777,-1.974834577349457,0.32834650610487814,31.416666666666668,497.5000000000002,1.1111111111111112,2.8246818373697096,1.6648191484378905,88433172.98581205,8.462359358435075,35.63350296412511,17.100074477551498,23.63976156843003,0.0,0.0,0.0,14.383611552215466,0.0,0.0,0.0,24.26546827384644,13.847474399381248,47.55811166471397,29.4388021466389,44.283447039178384,17.34973483909482,0.0,0.0,5.733667477162185,69.35475680087104,0.0,57.64617722402841,11.49902366656781,5.733667477162185,0.0,11.49902366656781,0.0,67.9166955634211,20.68908471459793,0.0,75.7628673513072,0.0,0.0,176.60999999999999,71.5143976613004,34.809721131578286,0.0,46.222352196033995,0.0,0.0,19.056471336613843,19.056471336613843,0.0,0.0,15.207393384762284,11.757846844380033,0.0,39.02262444695964,43.820430686122734,3.3793357000332698,-3.056912611131586,-4.377033105620751,2.801505791461825,0.0,0.4230769230769231,6,2,1,3,0,0,6,0,10,10,1,3,0,1,1,0,0,5,1.0202999999999998,0,2,1,0,0,0,0,2,0,0,0,0,0,0,1,0,0,0,0,0,0,0,0,0,0,0,0,0,3,0,2,0,0,0,0,0,0,0,3,1,0,0,0,0,0,0,0,0,0,0,0,0,0,0,0,0,0,0,0,0,0,0,0,14,5.626984126984127,5,5,0.0,3545.0,4,0.06349206349206349,0.13608776844070963,0.13608776844070963,0.13363760636464114,0.13608776844070963,0.18485671888744826,0.13469550906769404,0.13469550906769404,0.014613048314903686,0,0,0,0,0,2,1,0.2777777777777778,0.7222222222222222,0.25,0.027777777777777776,0.0,0.625,0.075,0,1,1,0,0,0,0,0,0,0,1,0,1,0,0,0,1,0,0,1,0,0,0,1,0,0,0,0,0,1,1,0,0,1,1,0,1,0,1,1,1,0,0,0,1,0,1,1,1,0,0,0,1,0,1,1,0,1,1,0,0,1,0,0,1,0,1,0,1,1,1,0,0,0,1,0,1,1,0,1,0,1,1,1,0,0,1,0,1,0,0,0,1,0,0,0,1,0,1,0,1,1,0,0,0,1,0,0,0,0,0,0,1,0,0,0,1,0,0,0,0,1,0,1,0,1,0,0,0,0,0,0,0,0,0,0,0,0,0,0,0,0,0,0,0,0,0,0,0,0,0,0,0,0,0,0,0,0,0,0,0,0,0,0,0,0,0,0,0,0,0,0,0,0,0,0,0,0,0,0,0,0,1,0,0,1,0,0,0,0,0,0,0,0,1,0,0,0,0,0,1,0,0,0,0,0,0,0,0,0,0,0,1,0,0,0,0,1,1,1,0,0,0,1,0,1,1,0,0,1,0,0,1,1,0,0,1,0,0,1,1,1,0,0,1,0,0,0,0,0,0,1,0,1,1,1,1,0,0,1,1,1,0,0,1,1,0,1,1,0,0,1,1,1,1,0,0,1,1,1,1,0,1,0,1,1,1,1,1,1,1,1,1,1,0
13.643057057489099,0.0172524144593047,-2.2407371425638924,0.23526258168565614,29.846153846153847,543.5250000000003,1.1538461538461537,2.9047365340290137,1.6862632099701684,374870204.0707537,9.662462759118538,45.47689331276586,29.456468275348325,17.85651662206509,5.783244946364939,0.0,0.0,14.383611552215466,0.0,0.0,0.0,12.13273413692322,12.990104268152233,41.994660173016975,42.112051179613424,54.12683738781914,17.34973483909482,0.0,0.0,5.733667477162185,62.43101960118041,13.716679505790452,51.579810155566804,17.248535499851716,10.470530430962235,0.0,17.248535499851716,0.0,86.73990246405225,20.68908471459793,0.0,68.83913015161656,0.0,0.0,206.07,95.6690042321333,39.91624852641899,0.0,34.4241394229979,0.0,0.0,25.30889874666236,6.923737199690624,0.0,0.0,19.944256338562333,16.992219914907572,0.0,39.73908207424436,53.69213165007618,2.373741684889566,-3.774704747880252,-5.122799847545572,0.5596546492817411,1.3221851690045994,0.4444444444444444,7,2,1,3,0,0,6,0,12,12,1,5,0,1,1,0,0,5,0.0012999999999993017,0,3,2,0,0,0,0,2,0,0,0,0,0,0,1,0,0,0,0,0,0,0,0,0,0,0,0,0,3,0,3,0,0,0,0,0,0,0,3,1,0,1,0,0,0,0,0,0,0,0,0,0,0,0,0,0,0,0,0,0,0,0,0,14,5.9271255060728745,5,5,0.0,4392.0,4,0.058029689608636977,0.13316555421818582,0.13316555421818582,0.1300698638006602,0.13316555421818582,0.17574981258267736,0.1276189154672853,0.1276189154672853,0.01422866075846377,0,0,0,0,0,2,1,0.3076923076923077,0.6923076923076923,0.28205128205128205,0.02564102564102564,0.0,0.6511627906976745,0.06976744186046512,1,1,1,0,0,0,0,0,0,0,1,1,1,0,0,1,1,0,0,1,0,0,0,1,0,0,0,0,0,1,1,0,0,1,1,0,1,0,1,1,1,0,1,0,1,0,1,1,1,0,1,0,1,0,0,1,0,1,1,0,0,1,0,0,1,0,1,0,1,0,1,0,0,1,1,1,1,1,0,1,1,1,1,1,0,0,1,0,1,0,0,0,1,0,1,0,1,0,1,0,1,1,0,0,0,1,0,0,0,0,0,1,1,0,0,0,1,0,0,0,0,1,0,1,0,1,0,0,0,0,0,0,0,0,0,0,0,0,0,0,0,0,0,0,0,0,0,0,0,0,0,0,0,0,0,0,0,0,0,0,0,0,0,0,0,0,0,0,0,0,0,0,0,0,0,0,0,0,0,0,0,1,1,0,0,1,0,0,0,0,0,0,0,0,1,0,0,0,0,0,1,0,0,0,0,0,0,0,0,0,1,0,1,0,0,0,0,1,1,1,0,1,0,1,0,1,1,0,0,1,0,0,1,1,0,0,1,1,0,1,1,1,0,0,0,0,0,0,0,0,0,1,0,1,1,1,1,1,0,1,1,1,0,0,1,1,0,1,1,0,0,1,1,1,1,0,0,1,1,1,1,1,1,1,1,1,1,1,1,1,1,1,1,1,0
12.63331640526581,0.04078304778701658,-1.0011111111111108,0.8015195132508509,39.291666666666664,327.3800000000001,1.4166666666666667,2.913484690003566,1.7969480102820095,500717.3057933928,4.40553906749999,14.94991774348146,0.0,23.38623500068105,0.0,0.0,0.0,9.694446914922299,0.0,0.0,6.578935683598497,12.142387175295491,30.892283428936633,31.115626755596118,11.016041280380467,19.744454927553285,5.783244946364939,0.0,4.899909730850478,0.0,48.84513498898076,13.08951281182515,35.91459291074959,11.49902366656781,4.736862953800049,0.0,11.49902366656781,0.0,51.732580306601925,16.63034927639461,0.0,30.38936785217202,0.0,0.0,70.0,17.12000766812877,15.007591973753234,0.0,17.574597608796804,31.432798324987942,24.21641579521914,0.0,6.06636706846161,12.142387175295491,11.478845414448976,4.736862953800049,5.983829443814563,0.0,14.90999960632401,22.09956474141539,0.2560822940287233,0.5282291666666672,3.3461207692953714,5.360997926553032,0.0,0.5263157894736842,2,2,2,4,0,0,4,2,5,5,2,2,1,1,2,1,0,5,1.3014,0,1,0,0,0,0,0,1,0,0,0,0,1,0,0,0,0,1,0,0,0,0,0,0,0,0,0,0,0,0,1,0,0,0,0,0,0,0,1,1,0,0,0,0,0,0,0,0,0,1,0,0,0,0,0,0,0,0,0,0,0,0,0,10,3.7934782608695654,5,5,0.0,1047.0,4,0.10144927536231885,0.12697628458498023,0.12697628458498023,0.10173267633774256,0.12697628458498023,0.2745198343966338,0.17591353747809926,0.17591353747809926,0.018178269505093957,0,0,0,0,1,0,2,0.20833333333333334,0.7916666666666666,0.16666666666666666,0.041666666666666664,0.0,0.7142857142857143,0.07142857142857142,0,0,1,0,0,1,0,0,1,1,1,1,0,0,1,1,1,0,0,0,0,0,1,0,0,0,0,0,1,0,1,0,0,0,0,0,1,0,1,1,0,0,1,0,1,0,0,0,0,1,0,0,0,0,1,1,0,1,1,0,1,0,0,0,0,0,1,1,0,0,0,1,1,0,1,0,0,0,0,0,1,1,0,0,1,0,1,0,0,0,1,0,0,1,0,1,1,1,0,0,1,0,1,1,0,0,0,0,0,1,1,0,0,0,1,0,0,0,0,0,1,0,1,1,0,0,0,0,0,0,0,0,0,0,0,0,0,0,0,0,0,0,0,0,0,0,0,0,0,0,0,0,0,0,0,0,0,0,0,0,0,0,1,0,0,0,0,0,0,0,0,0,0,0,0,0,0,0,0,0,0,0,0,0,0,1,0,0,0,0,0,0,0,0,1,0,0,0,0,0,1,0,0,1,0,0,0,0,0,0,0,1,0,1,1,0,0,1,1,1,0,0,0,1,1,0,1,1,1,1,0,0,1,1,0,0,0,0,0,1,1,1,0,0,0,0,1,0,1,1,1,0,0,0,0,1,1,1,0,1,1,0,0,0,0,1,1,1,1,0,0,1,1,1,1,1,1,0,0,0,1,1,1,1,1,1,1,1,0,1,1,1,1,1,0
12.652920918367347,0.04379157218442864,-0.8996116780045349,0.839282607029206,40.56521739130435,315.3690000000001,1.391304347826087,2.895961565791113,1.8570488669453709,312827.5602598876,4.080510538449306,19.480163033291284,0.0,23.38623500068105,0.0,0.0,0.0,4.794537184071822,0.0,0.0,0.0,6.06636706846161,44.4847118175264,18.026113943770966,18.125838821658,19.374790486512623,5.783244946364939,0.0,4.899909730850478,0.0,48.84513498898077,20.7022259298673,23.259637120317212,11.49902366656781,9.473725907600098,0.0,11.49902366656781,0.0,54.238766029803365,16.63034927639461,0.0,30.389367852172022,0.0,0.0,59.00000000000001,17.12000766812877,9.901064578912528,0.0,11.8250857755129,24.34066691241983,24.94985114346159,5.563451491696996,7.109797541277533,6.06636706846161,18.013948781989278,9.473725907600098,11.63301280234316,0.0,14.906166619425548,11.748903061224489,0.7371707294028726,1.4683446712018149,1.892578892668178,0.8712365362811791,3.6961236300075586,0.6111111111111112,1,2,2,4,0,0,4,2,5,5,2,1,1,1,2,1,0,5,1.0481999999999998,0,1,0,0,0,0,0,0,0,0,0,0,1,0,0,0,1,1,0,0,0,0,0,0,0,0,0,0,0,0,2,0,0,0,0,0,0,0,1,1,0,1,0,0,0,0,0,0,0,1,0,0,0,0,0,0,0,0,0,0,0,0,0,9,3.5849802371541504,5,5,0.0,907.0,4,0.10671936758893277,0.1230942970073405,0.1230942970073405,0.1030363612989378,0.1230942970073405,0.28879917827796314,0.18271426185737863,0.18271426185737863,0.018759237319735354,0,0,0,0,0,1,2,0.21739130434782608,0.782608695652174,0.17391304347826086,0.043478260869565216,0.0,0.7407407407407407,0.037037037037037035,1,0,1,0,0,1,0,0,1,1,1,1,0,0,1,1,1,0,0,0,0,0,0,0,0,0,0,0,0,0,1,0,0,1,0,0,1,0,1,1,0,0,1,0,1,0,0,0,0,0,1,0,0,0,0,1,0,1,1,0,1,0,0,0,0,0,0,1,0,0,0,1,1,1,1,0,0,0,0,0,1,1,0,0,1,0,1,0,0,0,0,0,1,1,1,0,1,1,0,0,1,0,1,1,0,0,0,0,0,0,1,0,0,0,1,0,0,0,0,0,1,1,0,1,0,0,0,0,0,0,0,0,0,0,0,0,0,0,0,0,0,0,0,0,0,0,0,0,0,0,0,0,0,0,0,0,0,0,0,0,0,0,0,0,0,0,0,0,0,0,0,0,0,0,0,0,0,0,0,0,0,0,0,0,0,1,0,0,0,0,0,0,0,0,1,0,0,0,0,0,1,0,0,1,0,0,0,0,0,0,0,1,0,1,1,0,0,1,1,1,0,1,0,1,1,0,1,0,1,1,0,0,1,1,0,0,1,0,0,1,1,1,0,1,1,0,1,0,1,1,1,0,0,0,1,1,1,1,0,0,1,0,0,0,0,1,0,1,1,0,0,1,1,1,1,1,1,1,0,0,1,1,1,0,1,1,1,1,1,1,1,1,1,1,0
12.492664399092972,0.1724537037037035,-0.3659259259259262,0.7869335307088955,39.857142857142854,285.34299999999996,1.4285714285714286,2.827160578068894,1.8330360876486917,132503.36197293294,3.609883762957393,14.743300079491233,0.0,23.38623500068105,0.0,0.0,0.0,4.794537184071822,0.0,0.0,0.0,6.06636706846161,50.402617863687794,23.441104413167746,0.0,14.637927532712578,5.783244946364939,0.0,4.899909730850478,5.917906046161393,43.24408417799708,13.592428388589765,23.259637120317212,11.49902366656781,4.736862953800049,0.0,11.49902366656781,0.0,41.52791767754215,16.63034927639461,5.917906046161393,30.38936785217202,0.0,0.0,49.77,0.0,9.901064578912528,0.0,23.051713636793927,24.13008033151927,31.3706727663876,5.563451491696996,6.06636706846161,6.06636706846161,11.947581713527669,4.736862953800049,6.038806689342404,0.0,14.947588340891913,10.198565444696396,2.2606018518518525,1.4951010959939537,3.1837471655328793,1.0028202947845803,2.1994901108591582,0.5882352941176471,1,2,2,4,0,0,4,2,4,4,2,0,1,1,2,1,0,5,1.6302999999999999,0,0,0,0,0,0,0,1,0,0,0,0,1,0,0,0,1,1,0,0,0,0,0,0,0,0,0,0,0,0,1,0,0,0,0,0,0,0,1,1,0,0,0,0,0,0,0,0,0,1,0,0,0,0,0,0,0,0,0,0,0,0,0,8,3.3904761904761904,5,5,0.0,712.0,4,0.11904761904761907,0.12581453634085213,0.12581453634085213,0.09673606494637395,0.12581453634085213,0.30405870222009723,0.19595038588266175,0.19595038588266175,0.01763573702838768,0,0,0,0,1,0,2,0.19047619047619047,0.8095238095238095,0.14285714285714285,0.047619047619047616,0.0,0.72,0.04,0,0,0,0,0,0,0,1,0,0,1,0,0,0,1,1,1,0,0,1,1,0,1,0,0,1,0,0,0,1,1,0,0,1,1,0,1,0,0,1,0,0,0,0,1,1,0,0,0,0,1,0,0,1,0,1,0,0,1,0,1,1,0,0,0,0,1,1,1,0,0,1,1,0,1,0,0,0,0,0,1,1,0,0,1,0,1,0,0,0,0,0,0,1,0,0,0,0,0,0,1,0,1,1,0,1,0,0,0,0,1,0,0,0,1,0,0,0,0,0,1,1,0,1,0,0,1,0,0,0,0,0,0,0,0,0,0,0,0,0,0,0,0,0,0,0,0,0,0,0,0,0,0,0,0,0,0,0,0,0,0,0,0,0,0,0,0,0,0,0,0,0,0,0,0,0,0,0,0,0,0,0,0,0,0,1,0,0,0,0,0,0,0,0,1,0,0,0,0,0,1,0,0,1,0,0,0,0,0,0,0,1,0,1,1,0,0,0,0,0,0,1,0,0,1,0,1,0,1,1,0,0,0,1,0,0,1,0,0,1,1,1,0,1,1,0,1,0,1,1,1,0,0,0,0,1,1,1,0,0,1,0,0,0,0,1,0,1,0,0,0,1,1,1,1,1,1,0,0,0,1,1,1,0,1,1,1,1,1,1,1,1,1,1,0
7.339727087592539,0.057855033925110044,0.057855033925110044,0.30195782187837944,10.24,340.42699999999996,0.64,2.613656311659486,1.5702297558849352,399575.77692650224,9.31822503861814,20.94106086192447,23.17026323808235,0.0,0.0,0.0,0.0,10.818567211583044,0.0,0.0,0.0,0.0,67.79340141647091,11.126902983393991,13.213763929025836,9.473725907600098,11.671239571514539,10.818567211583044,0.0,11.46733495432437,19.26246486877803,13.213763929025836,59.65783953108687,11.49902366656781,20.94106086192447,0.0,11.49902366656781,0.0,24.885003500540375,0.0,10.818567211583044,30.38936785217202,0.0,0.0,118.2,0.0,0.0,0.0,11.671239571514539,24.340666912419827,30.761488535345837,0.0,24.26546827384644,24.26546827384644,0.0,31.759628073507514,11.314237849299662,0.0,0.0,14.679454175185079,12.210875503081388,1.6838787092737324,2.902030989826805,1.2911243047877243,0.0,0.2631578947368421,6,0,0,0,0,0,0,0,4,6,0,10,0,0,0,0,0,2,2.8828400000000007,0,0,0,2,0,0,0,0,0,0,0,0,0,2,2,0,0,0,0,0,0,0,0,2,0,0,0,0,0,0,2,0,0,0,0,0,0,0,0,0,0,0,0,0,0,0,0,0,0,0,0,0,0,0,0,0,0,0,0,0,0,2,0,18,7.066666666666666,2,2,0.0,2120.0,3,0.08666666666666666,0.263768115942029,0.263768115942029,0.18844202550234204,0.263768115942029,0.1465160641502909,0.18539707851780132,0.18539707851780132,0.011957990631942474,0,0,0,0,0,2,0,0.24,0.76,0.08,0.16,0.0,0.46153846153846156,0.07692307692307693,0,0,0,0,0,0,0,0,0,0,1,0,1,1,0,0,0,0,0,1,0,0,0,0,0,0,0,0,0,0,0,0,0,1,0,0,0,0,0,1,0,0,0,0,1,0,0,0,0,0,0,0,0,0,0,1,0,0,0,0,0,0,0,0,0,0,1,0,0,0,0,0,0,0,0,0,0,0,1,0,1,1,1,0,0,0,1,0,0,0,0,0,0,0,0,0,0,1,0,0,1,0,1,0,0,1,0,0,0,1,0,1,0,0,0,0,0,0,0,1,0,0,0,0,0,0,0,0,0,0,0,0,0,0,0,0,0,0,0,0,0,0,0,0,0,0,0,0,0,0,0,0,0,0,0,0,0,0,0,0,0,0,0,0,0,0,1,0,0,0,0,1,0,0,0,0,0,0,0,0,0,0,0,0,0,0,0,0,0,0,0,0,0,0,0,0,0,0,0,0,0,0,0,0,0,1,1,0,0,0,0,0,1,0,0,0,0,0,0,0,0,0,0,0,0,0,0,0,0,0,0,0,0,0,0,0,0,1,0,0,0,1,0,0,0,0,1,1,0,0,0,0,0,1,1,1,1,1,0,1,1,0,0,0,0,0,1,0,0,0,1,1,0,1,0,1,0,0,0,1,1,1,0,1,1,1,1,1,0,1,1,1,1,1,0
13.034514361300076,0.0474130763416476,0.0474130763416476,0.7280085381147323,17.90909090909091,293.37000000000006,1.3181818181818181,3.054160919462463,1.7679612527097788,209851.39677626584,4.833784702035854,9.13419929558271,5.824404497999927,5.783244946364939,0.0,0.0,0.0,4.794537184071822,4.9839785209472085,0.0,0.0,18.19910120538483,25.831747514004253,54.06432599660383,0.0,4.794537184071822,16.686169878445995,0.0,14.118177816529919,12.965578028838582,26.31013685145522,0.0,53.74093940161798,0.0,0.0,0.0,0.0,0.0,19.901422762894857,20.013250011515776,12.841643245852017,28.297142791543212,0.0,10.902924932081056,39.82,0.0,4.794537184071822,0.0,11.701150992526333,0.0,41.67718057354257,5.693927994848461,6.196843571613076,25.25331490822692,33.29858393613033,0.0,4.263832042076089,0.0,17.287575267378656,1.094493575207861,3.27521557697153,1.2998822121441174,5.630447898295121,2.7122768382044176,2.0642730116738055,0.3333333333333333,0,1,0,1,0,2,1,0,4,4,2,2,0,0,0,0,1,4,3.1285200000000017,0,0,0,0,0,3,0,0,0,0,0,0,3,0,0,0,0,0,0,0,0,0,0,0,0,2,0,0,3,0,0,0,0,0,0,1,0,0,1,1,0,0,0,0,0,0,0,1,0,0,0,0,0,0,0,0,0,0,0,0,0,0,0,10,4.316017316017316,4,4,0.0,997.0,3,0.10822510822510821,0.1658008658008658,0.1658008658008658,0.16298428218451286,0.1658008658008658,0.24045543852016904,0.1786082561827145,0.1786082561827145,0.014933387755100686,0,0,0,0,2,3,0,0.18181818181818182,0.8181818181818182,0.045454545454545456,0.13636363636363635,0.0,0.36,0.04,0,0,0,1,0,1,0,0,0,0,1,0,1,0,1,0,1,0,0,0,1,1,0,0,1,0,0,0,0,0,1,0,1,1,0,0,0,1,1,1,0,0,0,0,1,1,0,1,1,0,0,0,1,0,0,0,1,0,1,0,0,0,1,1,1,0,0,0,0,0,0,0,0,0,1,1,0,1,0,1,1,1,0,1,0,0,1,0,0,0,0,0,0,0,0,0,0,1,0,0,1,0,0,0,0,0,0,0,0,0,0,1,0,0,0,1,0,0,0,0,0,1,1,1,0,0,0,0,0,0,0,0,0,0,0,0,0,0,0,0,0,0,0,0,0,0,0,0,0,0,0,0,0,0,0,0,0,0,0,0,0,0,0,0,0,0,1,0,0,0,0,0,0,0,0,0,0,0,0,0,0,0,0,0,0,0,0,0,0,0,0,0,0,1,0,0,0,0,0,0,0,0,0,1,0,1,0,1,0,0,0,1,0,1,0,0,0,0,0,0,0,1,0,0,1,1,0,0,1,1,0,0,0,1,0,0,1,0,0,1,0,0,0,0,1,0,1,0,1,1,1,0,0,1,0,1,0,1,0,0,0,0,0,0,0,1,0,0,0,0,1,1,1,1,0,1,1,1,1,0,1,1,1,1,1,0,1,0,1,1,1,1,1,1,0
9.946664304610733,0.025666754164680006,-0.5801257663559254,0.790985307512128,17.80952380952381,316.4270000000002,1.380952380952381,2.912960085463366,1.8158752867915076,59622.467029264175,7.347621671258034,24.796951637297614,12.71084835226122,0.0,5.817862777835028,5.879988336435371,0.0,0.0,0.0,4.3735399814164495,4.3735399814164495,0.0,20.771211599071872,25.17319447012107,24.94195127422445,14.580253302440804,17.54605012303364,0.0,14.06386856683923,0.0,32.41410323920352,44.35482484212695,0.0,5.879988336435371,14.953561288656857,5.817862777835028,5.879988336435371,11.728187345198613,64.95141410908172,4.736862953800049,0.0,20.771211599071872,0.0,0.0,79.74,6.103966387748303,5.106527394840706,0.0,12.145807216896262,25.638508671373785,30.635562934858793,0.0,0.0,0.0,39.734989896761576,9.473725907600098,19.394052351413933,1.1244011925757955,2.0993237433862433,13.186005032025054,-0.025666754164680006,1.2462863362937773,-0.5801257663559254,9.805723864825806,0.0,0.8461538461538461,2,0,1,1,0,1,1,0,8,8,2,6,0,1,1,0,0,2,0.5024999999999997,0,1,1,0,0,2,0,0,0,0,1,0,3,1,0,0,0,0,0,0,0,0,0,0,1,0,0,0,0,0,2,0,0,0,0,0,0,0,0,0,0,0,1,0,0,0,0,0,0,0,0,0,0,0,0,0,0,0,0,0,0,0,0,12,5.061904761904762,2,2,0.0,1063.0,4,0.10476190476190479,0.2137844611528822,0.2137844611528822,0.21293717456696198,0.2137844611528822,0.20528898448419095,0.1738113001556707,0.1738113001556707,0.015066877536221952,0,0,0,0,1,1,1,0.38095238095238093,0.6190476190476191,0.14285714285714285,0.19047619047619047,0.047619047619047616,0.7727272727272727,0.0,1,1,1,0,0,0,0,0,1,0,0,1,0,0,0,0,1,1,1,0,0,0,0,1,0,0,0,0,0,0,1,0,0,1,0,1,0,0,0,1,0,0,1,0,1,0,1,0,0,0,0,0,0,0,1,1,0,0,0,0,0,0,0,0,1,0,0,0,0,0,0,0,1,1,0,1,0,0,0,0,1,0,0,0,0,0,0,0,0,1,0,1,0,0,1,0,0,0,0,1,1,0,0,0,1,1,0,0,0,0,0,0,0,0,1,0,1,0,1,0,0,0,1,0,0,1,0,1,0,0,0,0,0,0,0,0,0,0,0,0,0,0,0,0,0,0,0,0,0,0,0,0,0,0,0,0,0,0,0,0,0,1,0,0,1,0,1,0,0,0,0,0,0,0,0,0,0,0,0,0,0,0,1,0,0,1,1,0,0,0,1,0,0,1,1,1,0,0,0,0,1,0,1,1,0,1,0,1,1,0,1,1,0,1,1,0,1,0,1,0,1,0,1,1,1,1,1,0,1,0,0,0,1,0,0,0,0,1,1,1,1,1,0,0,1,1,1,0,1,1,1,0,1,0,1,1,1,1,1,1,1,1,0,1,0,1,1,1,0,1,1,1,1,0,1,1,1,1,1,1,1,1,0,1,1,1,1,1,1,1,1,1,1,1,0
13.038479994123708,0.06606900511764757,-0.16729358695226137,0.7351466700288802,46.111111111111114,372.55300000000017,1.1111111111111112,2.9108393031444244,1.5803697249958204,1006218.9303109646,6.087459123462907,10.633577208012662,0.0,0.0,11.814359458703011,0.0,0.0,9.589074368143644,0.0,0.0,0.0,19.92349450621513,88.54087005134278,22.91366259708948,0.0,9.589074368143644,11.814359458703011,0.0,10.633577208012662,34.501605123439134,84.72438181754049,0.0,12.152040213667762,0.0,10.633577208012662,0.0,0.0,0.0,23.395125540234318,9.589074368143644,34.501605123439134,73.14361573600918,0.0,0.0,58.2,0.0,9.589074368143644,0.0,40.14301252518927,17.75371813848418,19.26246486877803,19.26246486877803,6.076020106833881,0.0,51.328283313299664,0.0,0.0,0.0,24.881916918308324,6.47531086120169,0.032346947502261525,2.407681157420411,10.715082971173114,10.958035864504673,0.0,0.8260869565217391,2,3,1,4,2,0,7,0,2,4,1,1,3,0,3,0,0,4,3.8145000000000024,0,0,0,0,0,0,0,0,0,0,0,0,0,2,0,0,0,0,0,0,0,0,0,0,0,0,0,0,5,0,0,0,0,0,0,0,0,0,0,0,0,0,0,0,0,0,0,0,0,0,0,0,0,0,0,0,0,0,0,0,0,0,0,13,4.917378917378917,4,4,0.0,1726.0,4,0.08547008547008549,0.15669515669515668,0.15669515669515668,0.15144954002571356,0.15669515669515668,0.21256454984162765,0.16362064278120758,0.16362064278120758,0.017597294994674814,0,0,0,0,1,0,4,0.14814814814814814,0.8518518518518519,0.07407407407407407,0.07407407407407407,0.0,0.9,0.1,1,0,0,0,0,0,0,1,1,0,1,0,0,1,0,0,0,1,1,1,0,0,0,1,0,0,0,0,0,0,1,1,0,1,0,1,1,0,0,1,0,0,0,0,0,1,0,0,1,1,1,0,0,0,0,0,0,0,1,0,0,0,0,1,0,0,1,0,0,1,0,1,0,0,0,0,0,0,1,1,0,1,0,0,0,0,0,0,0,0,1,1,1,0,0,0,0,0,1,0,1,0,0,0,0,1,0,0,0,1,1,0,0,0,1,1,0,0,0,0,1,0,1,1,0,1,0,0,0,0,0,0,0,0,0,0,0,0,0,0,0,0,0,0,0,0,0,0,0,0,0,0,0,0,0,0,0,0,0,0,0,0,0,0,0,0,0,0,0,0,0,0,0,0,0,0,0,0,0,0,0,0,0,0,0,0,0,0,0,0,0,0,0,0,1,0,0,0,0,0,0,0,1,0,0,0,0,0,0,0,0,0,0,0,0,0,0,0,1,1,1,0,0,0,1,0,1,1,0,1,0,0,1,1,0,0,1,0,1,1,1,0,0,1,1,1,1,0,0,1,0,0,0,0,0,1,1,1,0,1,0,0,0,0,1,1,0,0,0,1,1,1,0,1,0,1,0,1,1,1,0,0,1,0,1,0,1,1,1,1,0,1,1,1,0
13.519591364323507,0.06842592592592611,-1.3223427395649614,0.860782458230497,10.333333333333334,250.19999999999996,1.0555555555555556,2.2967779949582465,2.575667363709463,10477.90121299952,4.444356970002065,10.213054789681411,22.94740500707269,0.0,0.0,0.0,5.969305287951849,0.0,13.575367279421462,0.0,0.0,6.06636706846161,29.828919765543436,11.629818560158606,0.0,23.78842206910287,5.969305287951849,0.0,0.0,0.0,0.0,0.0,53.59609558455845,16.876414816677897,0.0,8.78083009534964,5.749511833283905,0.0,16.182360077633263,0.0,11.63444168209179,10.357988675768818,0.0,11.126902983393991,57.53,23.35325880332754,18.681894674262168,0.0,16.690354475090988,6.06636706846161,18.19910120538483,12.13273413692322,0.0,0.0,0.0,5.106527394840706,26.28033551692282,0.0,10.830593715881415,18.16778008734358,-0.015902777777776933,-3.239671621735112,0.0,0.0,0.0,0.0,2,0,0,0,0,0,0,0,2,5,0,2,0,0,0,0,0,2,3.035600000000001,0,0,0,0,1,0,0,1,1,0,0,0,0,0,0,0,0,0,0,0,0,0,0,0,0,0,0,0,0,0,0,0,0,0,0,0,0,0,0,0,0,0,0,0,0,0,0,0,0,0,0,0,0,0,0,0,0,0,0,0,0,0,0,9,3.9019607843137254,2,2,0.0,597.0,3,0.12418300653594766,0.18137254901960784,0.18137254901960784,0.17324114752031658,0.18137254901960784,0.26587362114633284,0.21638026441471658,0.21638026441471658,0.018500704915608936,0,0,0,0,0,2,0,0.2777777777777778,0.7222222222222222,0.16666666666666666,0.0,0.0,0.3157894736842105,0.05263157894736842,1,0,1,0,0,1,1,0,1,0,1,0,0,0,0,0,0,0,0,0,0,0,0,1,0,0,0,1,0,0,0,0,0,0,0,0,0,0,0,1,1,0,0,0,0,0,0,0,1,0,0,0,0,0,0,0,0,0,0,1,0,1,0,0,0,1,1,1,0,0,0,1,1,0,0,0,0,0,0,1,0,1,0,1,0,0,1,0,0,0,0,0,0,0,0,0,1,0,0,0,1,0,0,0,0,0,0,1,0,0,0,0,0,0,1,0,0,0,0,0,0,0,0,0,0,1,0,0,0,0,0,0,0,0,0,0,0,0,0,0,0,0,0,0,0,0,0,0,0,0,0,0,0,0,0,0,0,0,0,0,0,0,0,0,0,0,0,0,0,0,1,0,0,0,0,0,0,0,0,0,0,1,0,0,0,0,0,0,0,0,1,0,0,0,0,0,0,0,0,0,0,0,0,0,0,0,0,0,0,0,0,0,0,0,0,1,0,1,0,0,0,0,0,0,0,0,0,0,0,0,0,0,0,0,0,1,0,0,0,0,0,1,0,0,0,0,0,0,0,0,0,1,0,1,0,1,0,0,0,1,0,0,1,0,0,0,0,1,0,0,0,1,1,1,1,0,0,0,1,0,1,0,1,0,0,1,0,1,0,0,1,1,1,1,0
10.90133309830491,0.022477208759192457,-1.932494021058513,0.10348325925697462,52.04545454545455,645.6080000000004,0.6363636363636364,3.0047334238313765,1.4210571433946444,2893816093.2773805,14.81630679946309,95.38595950593577,79.35156304072792,18.870080188005637,0.0,0.0,0.0,0.0,0.0,0.0,0.0,6.076020106833881,12.496841729759891,0.0,38.00829393958298,90.06917090192944,0.0,0.0,5.316788604006331,0.0,123.33302847446839,19.820645893538753,11.64912463690315,0.0,5.316788604006331,0.0,0.0,0.0,202.61479330124567,23.684314769000245,0.0,6.923737199690624,0.0,0.0,321.17,136.22993716831655,66.38485613292916,0.0,5.573104530069267,0.0,0.0,12.999757306524504,0.0,0.0,5.316788604006331,23.684314769000245,27.385218675731934,0.0,0.0,135.59295958346112,0.022477208759192457,0.0,-26.579535443827016,-0.7529520954868147,0.0,0.92,14,1,3,4,0,0,19,0,19,19,3,9,0,3,3,0,0,4,-8.564500000000011,0,13,13,0,0,0,0,0,0,0,0,0,0,1,0,0,0,0,0,0,0,0,0,0,0,0,0,0,0,0,5,0,0,0,0,0,0,0,0,0,0,0,0,0,0,0,0,0,0,0,0,0,0,0,0,0,0,0,0,0,0,0,0,20,7.83615221987315,4,4,0.0,7413.0,3,0.04968287526427062,0.16276552904459882,0.16276552904459882,0.16664032342062213,0.16276552904459882,0.13269470044838153,0.13283268837251036,0.13283268837251036,0.01311764209775829,0,0,0,0,0,0,4,0.4318181818181818,0.5681818181818182,0.4090909090909091,0.022727272727272728,0.0,0.9787234042553191,0.02127659574468085,1,1,0,0,0,0,0,1,0,0,0,0,0,0,0,0,1,0,0,0,0,0,1,0,1,0,0,0,0,1,1,0,0,1,0,0,1,0,0,1,0,0,0,1,0,0,0,0,1,0,0,0,0,1,0,1,0,1,0,1,0,0,1,0,1,0,0,0,1,1,1,0,0,1,0,0,0,0,1,1,1,1,1,0,0,0,0,1,0,0,0,0,1,0,1,0,0,0,1,0,1,1,0,0,0,1,0,0,1,0,0,0,0,0,1,0,1,0,0,0,0,0,0,1,0,1,0,0,0,0,0,0,0,0,0,0,0,0,0,0,0,0,0,0,0,0,0,0,0,0,0,0,0,0,0,0,0,0,0,0,0,0,0,0,0,0,0,0,0,0,0,0,0,0,0,0,0,0,1,0,0,1,1,0,0,1,0,0,0,0,0,0,0,0,0,0,0,0,0,0,1,0,0,0,1,0,0,0,0,0,1,0,0,0,0,0,0,1,1,1,0,0,0,1,0,1,1,1,0,0,0,0,0,0,0,0,0,1,0,0,0,0,0,0,0,0,0,0,1,0,0,1,0,0,1,1,0,0,0,1,1,1,0,0,0,1,1,1,1,0,0,1,0,1,1,0,0,0,1,1,1,1,0,1,1,1,1,1,1,1,0,1,1,1,0
17.133088348765433,0.010915769085411808,-1.9761237481103548,0.6935078414535659,52.096774193548384,434.50400000000025,1.2580645161290323,3.0937248503157817,1.6368996691130526,7459632.671229317,6.128734183503367,19.68678069728151,6.606881964512918,28.623411675029843,0.0,0.0,0.0,9.589074368143644,4.39041504767482,0.0,0.0,18.572861836593773,64.52444435060507,16.747886984954953,12.207932775496605,33.66627011309997,11.566489892729878,0.0,0.0,22.665793031116348,82.6430898482631,6.606881964512918,23.80116485057091,0.0,0.0,4.39041504767482,0.0,0.0,57.65128120472077,19.06280027574374,22.665793031116348,53.378235290466534,0.0,0.0,93.06,58.402868453629374,19.802129157825057,4.39041504767482,18.121972615452343,19.26246486877803,5.573104530069267,12.152040213667762,26.847231705905752,6.923737199690624,0.0,9.473725907600098,29.511744100781574,0.0,25.0917709304506,21.184782072887355,-4.660172298857814,-2.457414365278047,3.9989469838606286,6.413675909489037,0.0,0.75,2,4,1,5,0,0,8,0,6,7,1,2,3,1,4,0,0,5,2.4188000000000005,0,2,2,0,0,0,0,0,0,0,0,0,0,0,0,0,0,0,0,0,0,1,4,0,0,0,0,0,7,0,2,0,0,0,0,0,0,0,2,1,0,0,0,0,0,0,0,0,0,0,0,0,0,0,0,0,0,0,0,0,0,0,0,12,4.698924731182796,5,5,0.0,2185.0,4,0.07526881720430109,0.12754912866147572,0.12754912866147572,0.13136960663501004,0.12754912866147572,0.22163436038120113,0.1525375989975659,0.1525375989975659,0.018772036345810855,0,0,0,0,2,0,5,0.22580645161290322,0.7741935483870968,0.1935483870967742,0.0,0.0,0.8857142857142857,0.11428571428571428,1,0,0,0,0,0,0,1,1,1,1,0,1,0,1,0,1,1,1,1,1,0,0,0,0,0,0,0,1,0,1,0,0,1,1,1,1,0,0,1,1,0,1,0,0,1,1,0,0,0,0,0,0,0,1,1,0,0,1,0,0,1,0,1,1,0,1,0,0,0,0,1,0,0,1,0,1,1,0,0,1,1,0,0,1,0,0,0,1,0,0,0,0,0,1,1,1,0,0,0,1,1,0,0,0,1,0,0,1,0,1,0,0,0,0,0,0,0,0,0,1,0,1,1,0,1,0,1,0,0,0,0,0,0,0,0,0,0,0,0,0,0,0,0,0,0,0,0,0,0,0,0,0,0,1,0,0,0,0,0,0,0,0,0,0,0,0,0,0,0,1,0,0,0,0,0,0,0,1,0,0,0,0,0,0,1,0,0,0,0,0,0,0,0,1,0,0,0,0,0,1,0,1,0,1,0,0,0,0,0,1,1,0,0,0,1,0,1,0,1,0,0,0,0,1,0,0,1,0,1,0,0,1,1,0,1,1,1,0,0,1,0,0,1,1,0,1,0,1,0,0,1,0,0,0,1,1,1,0,1,1,0,1,0,1,1,0,1,1,1,0,1,0,1,1,1,0,1,1,0,1,1,1,1,0,1,0,1,1,0,0,1,1,1,0
13.22687894012186,0.01252884332745463,-1.2007990310321661,0.7124527920741569,50.354838709677416,430.5410000000002,1.3225806451612903,3.199900200493744,1.5536140768455642,11435336.15109527,7.077732320442025,19.68678069728151,6.606881964512918,23.45756743304878,0.0,0.0,0.0,9.589074368143644,0.0,0.0,0.0,38.84115785890103,56.091960420620595,16.747886984954953,12.207932775496605,29.275855065425155,11.566489892729878,0.0,0.0,28.58369907727774,83.39515165244345,6.606881964512918,23.80116485057091,0.0,0.0,0.0,0.0,0.0,52.485436962739705,19.06280027574374,28.58369907727774,59.296141336627926,0.0,0.0,93.06,36.120882749725205,19.802129157825057,0.0,34.735198500610835,19.26246486877803,24.835569398847298,0.0,12.152040213667762,6.076020106833881,20.771211599071872,9.473725907600098,12.663810702885378,0.0,25.208902687328237,21.409031293408894,-1.0469771787655986,0.027438757376094358,8.313972413546814,5.673821324220179,0.0,0.76,2,4,1,5,0,0,9,0,6,6,1,4,3,1,4,0,1,5,2.7168000000000014,0,2,2,0,0,0,0,0,0,0,0,0,0,0,0,0,0,0,0,0,0,0,4,0,0,0,0,0,7,0,2,0,0,0,0,0,0,0,2,1,0,0,0,0,0,0,0,0,0,0,0,0,0,0,0,0,0,0,0,0,0,0,0,14,4.961290322580645,5,5,0.0,2307.0,4,0.07526881720430109,0.13659621802002225,0.13659621802002225,0.12600352847385302,0.13659621802002225,0.21117348510363307,0.1469607406602665,0.1469607406602665,0.016915275137169186,0,0,0,0,2,0,5,0.1935483870967742,0.8064516129032258,0.1935483870967742,0.0,0.0,0.8857142857142857,0.11428571428571428,1,1,0,0,0,1,0,1,0,0,1,0,1,0,0,0,1,0,1,1,1,0,0,0,1,0,1,0,1,0,1,0,0,1,1,1,1,0,1,1,0,0,1,0,0,1,1,0,0,0,0,1,0,0,1,0,0,0,1,0,0,0,0,1,1,0,1,0,0,0,0,1,0,0,1,0,1,1,1,0,1,1,0,0,1,0,0,0,0,0,1,0,0,0,1,1,0,1,0,0,1,1,0,0,0,1,0,0,0,0,1,0,1,1,0,1,0,1,0,0,1,0,1,1,1,1,0,0,0,0,0,0,0,0,0,0,0,0,0,0,0,0,0,0,0,0,0,0,0,0,0,0,0,0,1,0,0,0,0,0,0,0,0,0,0,0,0,0,0,0,0,0,0,0,0,0,0,0,1,0,0,0,0,0,0,1,0,0,0,0,0,0,0,0,1,0,0,0,0,0,1,0,0,0,1,0,0,0,0,0,1,1,0,0,0,0,0,1,0,1,0,0,0,0,1,0,0,1,0,1,0,0,1,1,0,0,1,1,0,0,1,0,1,1,1,0,1,0,1,0,0,1,0,0,0,1,1,1,0,1,1,0,0,0,1,1,0,1,1,1,0,1,0,1,1,1,0,1,1,0,1,1,1,1,0,1,0,1,1,0,0,1,1,1,0
2.810509259259259,0.37493055555555543,0.37493055555555543,0.7469327757845524,24.88888888888889,243.39399999999992,0.7222222222222222,2.4971203585290387,1.9186195231191674,26369.590986066647,5.439798036861803,0.0,0.0,0.0,0.0,0.0,0.0,4.899909730850478,0.0,0.0,0.0,56.01512183401209,44.33625079522619,5.538925252383345,0.0,0.0,0.0,0.0,4.899909730850478,0.0,56.90549823579143,13.08951281182515,35.89528683400505,0.0,0.0,0.0,0.0,0.0,17.98942254267563,5.538925252383345,0.0,56.930024475105085,0.0,0.0,3.24,0.0,0.0,0.0,0.0,5.538925252383345,0.0,64.45608579523324,5.563451491696996,0.0,35.23174507315853,0.0,0.0,0.0,2.810509259259259,0.0,1.9504861111111111,0.0,11.220015510833964,2.6287585034013605,0.0,0.6470588235294118,0,1,1,2,0,0,0,0,1,1,1,2,1,1,2,0,0,3,4.331900000000004,0,0,0,0,0,0,0,0,0,0,0,0,1,0,0,0,0,1,0,0,0,0,0,0,0,0,0,0,0,0,0,0,0,0,0,0,0,0,0,0,0,0,0,0,0,0,0,0,0,1,0,0,0,0,0,0,0,0,0,0,0,0,0,8,3.588235294117647,3,3,0.0,549.0,4,0.13071895424836602,0.16176470588235292,0.16176470588235292,0.18485007485259608,0.16176470588235292,0.2901506474114322,0.2070808920913618,0.2070808920913618,0.01387623438693954,0,0,0,0,0,1,2,0.05555555555555555,0.9444444444444444,0.0,0.05555555555555555,0.0,0.7,0.0,0,0,1,0,1,1,0,0,0,0,1,0,0,0,0,0,0,0,0,0,0,1,0,0,0,0,0,0,0,0,1,0,0,0,0,0,1,0,0,1,0,0,1,0,1,0,1,1,0,0,0,0,0,0,0,0,1,0,0,0,0,0,0,0,1,0,0,0,0,0,0,0,1,0,0,0,0,0,1,0,0,1,0,0,0,0,1,1,0,0,0,0,0,0,0,0,0,0,0,0,1,0,1,0,0,0,0,0,0,0,0,0,0,0,0,0,0,0,0,0,0,0,0,0,0,0,0,0,0,0,0,0,0,0,0,0,0,0,0,0,0,0,0,0,0,0,0,0,0,0,0,0,0,0,0,0,0,0,0,0,0,0,0,0,0,0,0,0,0,0,0,0,0,0,0,0,0,0,0,0,0,0,0,0,0,0,0,0,0,0,1,0,0,0,1,0,0,0,0,0,0,0,0,1,0,0,0,0,0,0,0,0,0,1,1,0,0,0,0,0,0,0,0,0,0,0,1,0,1,0,0,0,0,0,0,0,0,0,0,1,1,0,0,0,0,0,1,0,0,1,1,0,0,0,0,0,1,1,0,0,0,1,0,0,0,1,1,0,0,0,0,0,0,1,0,1,1,0,0,0,0,1,0,0,1,0,1,0,0,1,1,1,0,1,0
12.331834930904854,0.06032564825631215,-1.3283377638903715,0.21313148229853152,15.411764705882353,473.4460000000002,1.2647058823529411,2.7926826526212287,1.6167861257976965,26473804.912784074,10.331188737541911,41.780976330660266,11.85970360698299,5.687386274683562,12.358434587102614,5.907179729351506,17.497877470955707,19.178148736287287,4.794537184071822,4.9839785209472085,0.0,0.0,30.68628989677245,30.761172201131718,6.041840829147961,29.3912035259687,47.39686021955997,0.0,15.284745645900749,0.0,24.92532490414794,34.35666722785048,40.182723844667265,0.0,32.14320991508366,23.140974608188646,0.0,0.0,69.61009191306822,14.383611552215466,0.0,23.19963192162084,0.0,0.0,219.83999999999997,41.90956048152914,29.079213315199816,0.0,30.164755076205637,24.460100764547285,0.0,17.0326438677737,12.13273413692322,0.0,25.91832285391341,10.84019487200289,0.0,0.0,65.68304899968223,26.301011610666837,5.744199636958779,-2.910292550571227,-0.10089792946746345,0.5856732700204847,0.0,0.3,8,0,1,1,2,1,2,0,9,14,2,10,0,0,0,0,1,3,-0.7310999999999974,2,0,0,1,0,2,1,0,2,0,0,0,2,4,1,0,0,0,0,0,0,0,0,0,4,0,0,0,1,0,0,0,0,0,0,0,0,0,0,0,0,0,0,0,0,0,0,0,0,0,0,0,0,0,0,0,0,0,0,0,0,0,0,19,7.35650623885918,3,3,0.0,4127.0,3,0.0641711229946524,0.19864081996434937,0.19864081996434937,0.1806041363920369,0.19864081996434937,0.1411142529973031,0.11655051006520913,0.11655051006520913,0.012742710192442415,0,0,0,0,0,2,0,0.4117647058823529,0.5882352941176471,0.20588235294117646,0.20588235294117646,0.0,0.5277777777777778,0.1388888888888889,1,1,0,0,0,1,1,1,1,1,1,0,1,0,0,0,1,0,1,1,0,0,0,0,0,0,0,1,1,0,1,0,0,1,0,0,0,0,0,1,0,0,0,0,0,0,0,1,0,1,1,0,1,0,1,0,0,1,1,1,1,0,1,1,0,0,0,0,1,0,0,0,0,1,1,1,0,1,1,0,1,1,0,0,0,0,1,1,1,0,1,0,1,0,0,0,1,0,0,1,1,0,1,0,0,1,0,0,1,0,0,0,0,0,0,0,0,1,0,0,0,0,1,1,0,1,0,1,0,0,0,0,0,0,0,0,0,0,0,0,0,0,0,0,0,0,0,0,0,0,0,0,0,1,0,0,0,0,0,0,0,0,0,0,0,0,1,0,0,0,0,1,0,0,0,0,0,0,0,0,0,1,1,0,0,0,0,0,0,0,0,0,0,1,0,0,0,0,0,0,0,0,0,1,0,1,0,1,1,0,1,0,1,1,0,0,0,0,1,1,1,0,0,1,0,1,1,0,1,1,0,0,1,1,1,0,0,0,1,1,0,1,0,0,0,1,1,0,1,1,1,1,0,1,0,1,0,0,0,1,1,1,0,1,1,1,1,1,1,0,1,1,1,1,1,1,1,0,1,1,0,1,1,1,1,1,1,1,0,1,1,1,1,1,0
11.549506172839505,0.12092592592592633,-3.57273148148148,0.7403757754864233,18.0,230.67600000000002,1.4285714285714286,2.0496222813148033,2.727809302124729,1297.4109040722706,2.963490260121695,5.316788604006331,10.731103261275045,0.0,0.0,10.023291153407584,0.0,0.0,0.0,8.417796984328938,4.397710993081425,11.600939890232516,25.122838405075452,5.022633313741326,5.687386274683562,8.417796984328938,33.14723710408093,0.0,0.0,4.397710993081425,11.819220675208399,5.316788604006331,23.221734519126155,0.0,5.316788604006331,5.687386274683562,0.0,11.600939890232516,14.253416770086208,10.023291153407584,0.0,6.923737199690624,5.022633313741326,0.0,58.53,10.023291153407584,8.417796984328938,0.0,4.895483475517775,16.54563937418216,0.0,6.06636706846161,19.056471336613843,0.0,9.714499597087755,11.600939890232516,26.615185185185183,5.699631991685562,0.12092592592592633,3.2334441924918123,0.5156481481481485,0.3609467120181409,0.0,1.5923582766439908,-3.57273148148148,0.125,1,0,1,1,0,0,0,0,3,6,1,0,0,0,0,0,0,2,1.8726,0,0,0,0,0,0,0,0,0,0,0,0,1,1,0,0,0,0,0,0,0,0,0,1,1,0,0,0,1,0,0,0,0,0,0,0,0,0,0,0,0,0,0,0,0,0,0,0,0,0,0,0,0,0,0,1,0,0,0,0,0,0,0,7,2.9450549450549453,2,2,0.0,268.0,4,0.16483516483516486,0.16208791208791204,0.16208791208791204,0.1402415048947786,0.1620879120879121,0.3501653819422506,0.24668928152869116,0.24668928152869116,0.022935184190241018,0,0,0,0,0,1,0,0.42857142857142855,0.5714285714285714,0.14285714285714285,0.14285714285714285,0.07142857142857142,0.4,0.2,0,0,0,0,0,1,0,0,0,0,1,0,0,0,0,0,0,0,0,1,0,0,0,1,0,1,0,0,1,0,0,0,0,1,0,0,1,1,0,0,0,0,0,0,1,0,0,0,1,1,0,0,0,0,0,0,0,0,1,0,0,0,1,0,0,0,0,0,0,0,0,0,0,0,1,0,0,0,0,1,1,1,0,1,0,1,1,0,1,0,1,0,0,0,0,0,0,0,0,0,1,0,0,0,0,0,0,1,0,1,0,0,1,0,0,1,0,0,0,0,0,0,1,0,0,0,0,0,0,0,0,0,0,0,0,0,0,0,0,0,0,0,0,0,0,0,0,0,0,0,0,0,0,0,0,0,0,0,0,0,1,1,0,0,1,0,1,0,0,0,0,0,0,0,0,0,0,0,0,1,0,0,0,1,0,0,1,1,1,1,0,0,0,0,0,1,0,0,0,0,0,1,0,0,0,1,1,0,1,1,0,0,0,0,0,1,1,0,0,0,0,0,1,0,0,1,1,0,0,1,1,1,0,1,1,1,0,0,0,0,1,0,0,0,0,1,0,1,1,1,0,0,1,0,0,1,0,0,1,0,0,0,1,1,1,1,0,0,0,0,1,1,1,1,0,0,1,0,0,1,0,0,0,0,1,0,1,1,1,1,1,1,1,1,0
6.320833333333334,0.3003472222222221,0.3003472222222221,0.5620664127719119,60.27272727272727,151.253,0.8181818181818182,1.7874723758900564,1.940003547175709,434.3557873412837,1.8200897383602357,5.733667477162185,0.0,0.0,0.0,0.0,0.0,0.0,0.0,0.0,0.0,0.0,56.27864787604024,5.538925252383345,0.0,0.0,0.0,0.0,0.0,23.48738561564636,44.0638549899394,0.0,0.0,0.0,5.733667477162185,0.0,0.0,0.0,5.538925252383345,0.0,17.75371813848418,38.524929737556064,0.0,0.0,26.02,0.0,0.0,0.0,0.0,5.538925252383345,17.75371813848418,38.524929737556064,0.0,0.0,0.0,5.733667477162185,0.0,0.0,0.0,0.0,6.621180555555556,3.059027777777777,8.569791666666667,0.0,0.0,1.0,2,4,0,4,0,0,0,4,1,1,0,0,4,0,4,0,0,4,1.9139,0,0,0,0,0,0,0,0,0,0,0,0,0,0,1,0,0,0,0,0,0,0,0,0,0,0,0,0,0,0,0,0,0,0,0,0,0,0,0,0,0,0,0,0,0,0,0,0,0,0,0,0,0,0,0,0,0,0,0,0,0,0,0,4,2.2545454545454544,3,3,0.0,124.0,4,0.23636363636363641,0.1393939393939394,0.1393939393939394,0.09080802462891938,0.1393939393939394,0.44778785807493937,0.2955139434373908,0.2955139434373908,0.019790381643970595,0,0,0,0,0,0,3,0.09090909090909091,0.9090909090909091,0.0,0.09090909090909091,0.0,1.0,0.0,0,0,0,0,0,0,0,0,0,0,0,0,1,0,0,0,0,0,0,1,0,0,0,0,0,0,0,0,0,0,1,0,0,0,0,1,1,0,1,1,0,0,1,0,0,0,0,0,0,0,0,0,0,0,0,0,1,0,0,0,0,0,0,0,0,0,0,0,0,0,0,0,0,0,0,0,0,0,0,0,0,0,0,0,0,0,0,0,0,0,0,0,0,0,0,0,0,0,0,0,0,0,0,0,0,0,0,1,0,0,0,0,0,1,0,0,0,0,1,0,0,0,0,1,0,0,0,0,0,0,0,0,0,0,0,0,0,0,0,0,0,0,0,0,0,0,0,0,0,0,0,0,0,0,0,0,0,0,0,0,0,0,0,0,0,0,0,0,0,0,0,0,0,0,0,0,0,0,0,0,0,0,0,0,0,0,0,0,0,0,0,0,0,0,1,0,0,0,0,0,0,0,0,0,0,0,0,0,0,0,0,0,1,0,0,0,0,0,0,1,0,0,0,0,0,0,0,0,0,1,0,0,1,1,0,0,0,0,0,1,1,0,0,0,0,0,0,0,0,0,0,0,0,0,0,0,1,0,0,0,0,1,0,0,0,0,0,0,0,0,0,0,0,1,0,0,0,0,0,1,0,0,0,0,1,0,1,0,0,1,0,1,0,1,0
12.892832971151424,0.06152234569983506,-1.3668459712218721,0.2120409462153182,24.75,480.5720000000003,1.4375,3.372561279976983,1.5176052615549813,15128126.132967474,8.71340921329484,30.2721401015123,30.76419558415527,10.843243482610035,0.0,11.814359458703011,0.0,14.488984098994122,4.9839785209472085,0.0,23.098670827325854,5.15571272675054,0.0,29.54766415313399,31.803529395510026,28.81075838848743,51.72557905659075,0.0,15.200676855804016,5.15571272675054,24.25735688796872,45.278259825601424,22.34413460843948,0.0,16.156983476009223,5.131558479839333,0.0,23.098670827325854,88.8225748494738,19.2212001359521,0.0,18.53557124070048,0.0,0.0,150.04000000000002,29.199378388771564,19.490138947056174,0.0,22.234210790514332,17.87071454272863,41.75097279330653,23.77159222151913,5.380062770465915,0.0,22.50415183438127,10.571256060898818,0.7570922977437992,2.570578125051915,47.67048163906046,19.60300623198222,6.386774391752418,-2.0602504911514634,2.2082349821408855,2.5280981465334262,3.3933959160733775,0.5263157894736842,3,0,3,3,2,1,2,0,10,13,4,7,0,2,2,0,0,4,-1.2798999999999958,1,0,0,1,0,1,0,0,1,0,0,0,4,1,1,0,1,1,0,0,0,0,0,0,1,0,0,0,1,0,0,0,0,0,0,0,0,0,0,0,0,0,0,0,0,0,1,0,0,0,0,0,0,1,1,0,0,0,0,1,0,0,0,15,6.106854838709677,4,4,0.0,3029.0,4,0.07056451612903225,0.1702284946236559,0.1702284946236559,0.17438712421311603,0.1702284946236559,0.17060384608557622,0.13013290070512512,0.13013290070512512,0.01420513814296602,0,0,0,1,2,1,3,0.40625,0.59375,0.15625,0.1875,0.0625,0.7142857142857143,0.14285714285714285,1,0,1,1,1,1,0,1,0,0,1,1,0,1,1,0,0,0,0,1,0,0,1,0,1,1,0,0,0,0,1,1,1,1,0,1,0,0,0,1,1,0,1,0,0,0,0,1,0,1,0,0,0,0,0,1,1,0,1,0,0,0,0,1,0,0,0,1,0,0,0,0,0,1,1,1,0,0,0,0,1,1,0,0,1,1,1,1,0,0,0,1,0,0,1,0,0,0,0,0,1,1,1,0,1,1,0,1,0,0,0,0,1,1,1,1,1,0,0,0,0,0,1,1,0,1,0,1,0,0,0,0,0,0,0,0,1,0,0,1,0,0,0,0,0,0,0,0,0,0,0,0,1,0,0,0,0,0,1,0,0,0,0,0,1,0,0,0,0,0,0,0,0,1,0,1,0,1,1,0,0,0,0,0,0,0,0,0,0,0,0,0,0,1,0,0,0,0,0,1,0,0,0,1,1,1,1,1,1,1,0,1,1,1,1,0,1,1,0,1,1,1,1,1,1,1,1,1,1,1,1,0,0,1,1,0,1,0,1,1,1,0,0,1,1,1,1,1,1,1,1,1,1,0,1,1,1,1,0,1,0,1,0,1,1,1,1,0,1,0,1,1,0,0,1,1,1,1,1,1,0,1,1,1,1,1,1,1,1,1,1,1,1,1,0
11.566336089633964,0.0499095479512115,0.0499095479512115,0.7074872979003035,17.178571428571427,412.9460000000002,1.1428571428571428,3.287073903945004,1.2037543273576896,5377534.572193485,7.351296921582725,10.216698334856808,5.817862777835028,0.0,5.907179729351506,0.0,0.0,9.694446914922299,0.0,4.3735399814164495,0.0,29.800041095617345,47.279312423271506,48.82002583245256,11.12074153939511,4.794537184071822,50.631999414603186,0.0,9.273449712266927,0.0,12.841643245852019,42.940480364419685,52.547738707904976,0.0,10.216698334856808,11.50524905251859,0.0,23.133426501799192,47.904411471181305,17.63618042992384,0.0,11.126902983393991,5.022633313741326,10.086144130933896,48.470000000000006,0.0,4.794537184071822,0.0,5.907179729351506,6.4208216229260096,66.79938900214279,10.086144130933896,11.532486611566675,6.06636706846161,49.821983389431786,11.600939890232516,5.93596134139445,8.012705213861231,16.44828598488217,4.859700080556438,3.0530785972782875,1.1740612035182574,1.3608229779048542,5.002562790127273,0.0,0.3333333333333333,1,0,2,2,1,1,0,0,5,7,3,4,0,1,1,0,0,5,3.809000000000002,0,0,0,0,0,1,0,0,0,0,0,0,3,1,0,0,0,0,0,0,0,0,0,0,2,0,0,0,2,0,0,0,0,0,0,0,0,0,0,0,0,0,0,0,0,0,0,0,0,0,1,0,0,0,0,0,0,0,0,0,0,0,0,16,6.201058201058201,5,5,0.0,2344.0,3,0.08465608465608465,0.20004070004070004,0.20004070004070004,0.17501064826582233,0.20004070004070004,0.16677326560692993,0.16858997051338157,0.16858997051338157,0.01081411619328991,0,0,0,0,2,3,1,0.25,0.75,0.03571428571428571,0.14285714285714285,0.03571428571428571,0.46875,0.03125,0,0,1,0,0,0,0,0,0,1,1,0,0,1,0,0,0,0,0,1,0,0,0,1,0,0,0,0,1,0,1,0,0,0,1,1,1,1,0,1,1,0,1,1,1,0,0,1,0,1,0,0,0,0,0,0,0,0,1,0,0,0,1,0,1,0,0,0,0,1,0,0,1,0,1,0,0,1,0,0,1,1,0,0,1,0,1,0,0,1,1,1,0,0,1,0,0,0,0,0,1,0,0,0,0,0,0,1,0,0,1,0,1,0,0,0,0,1,0,0,0,1,1,0,0,0,0,1,0,0,0,0,0,0,0,0,0,0,0,0,0,0,0,0,0,0,0,0,0,0,0,0,0,0,0,0,0,0,0,0,1,1,0,0,1,0,1,0,0,0,0,0,0,0,0,0,0,0,0,0,0,0,0,0,0,0,0,0,0,0,1,0,0,1,0,1,0,0,0,0,0,0,0,1,0,1,0,1,0,1,0,1,0,1,1,1,1,0,1,0,1,0,1,0,1,0,1,0,1,1,0,1,1,1,0,1,0,0,1,1,0,0,0,0,0,1,1,0,1,1,1,0,1,1,0,1,1,1,0,0,1,1,1,1,0,1,1,0,0,0,1,1,1,1,0,1,1,0,1,1,0,1,1,1,1,0,1,0,0,1,1,1,1,1,0
11.725648583332514,0.0041069491847529616,-3.84157866288248,0.55378695740702,12.428571428571429,408.5200000000001,1.0714285714285714,2.656845007037932,1.871319016691083,1280402.6868617625,10.307826129704864,19.527377465406477,17.251877273314598,11.49902366656781,10.023291153407584,0.0,0.0,0.0,13.556770721936878,0.0,0.0,18.19910120538483,50.097215787850686,12.586597235060536,13.716679505790452,22.628385845729085,10.023291153407584,0.0,5.316788604006331,5.138973737607942,31.205620326972994,26.868317876215944,48.02802097092827,17.248535499851716,24.66635120301442,0.0,17.248535499851716,0.0,41.32795568969284,16.444112776333593,0.0,19.410925891078243,0.0,0.0,99.88,10.023291153407584,8.417796984328938,0.0,16.68683613794964,31.928853791148327,11.3129633249809,7.109797541277533,12.13273413692322,44.179309741689295,5.316788604006331,19.349562599008088,39.85122809630005,0.0,-0.0041069491847529616,8.63172085089834,0.8541062860967263,1.6868351990244688,0.6409197338255779,5.659538625648992,-2.4273260345281984,0.4,3,0,0,0,0,0,1,0,6,8,0,11,0,0,0,0,0,2,2.3409000000000004,0,0,0,0,0,0,0,0,0,0,0,0,0,1,1,0,0,0,0,0,0,0,0,0,0,0,0,0,0,0,3,0,0,0,0,0,0,0,0,0,0,1,0,0,0,0,0,2,0,0,0,0,0,0,0,1,0,0,0,0,0,0,0,16,6.582010582010582,2,2,0.0,2488.0,4,0.07671957671957672,0.21469271469271473,0.21469271469271473,0.20321388078751265,0.21469271469271473,0.15702990669433456,0.1310761492522609,0.1310761492522609,0.013807187042083016,0,0,0,0,0,2,0,0.2857142857142857,0.7142857142857143,0.17857142857142858,0.07142857142857142,0.03571428571428571,0.5172413793103449,0.06896551724137931,1,1,1,0,0,0,0,0,1,0,1,0,0,1,1,0,0,0,0,1,0,0,0,0,0,1,0,1,0,0,0,0,0,1,0,0,0,0,1,0,0,1,0,0,1,0,1,1,0,0,1,1,0,0,1,1,0,0,0,0,0,0,0,0,1,1,0,0,1,0,1,1,0,1,0,0,0,1,0,1,1,1,0,0,0,0,1,0,0,0,1,0,0,0,1,0,0,0,1,0,1,0,0,0,0,0,1,1,0,1,1,0,0,0,0,0,0,0,0,0,0,1,0,0,1,1,0,0,0,0,0,0,0,0,0,0,0,0,0,0,0,0,0,0,0,0,0,0,0,0,0,0,0,0,0,0,0,0,0,0,1,1,0,0,0,0,0,0,0,0,0,0,0,0,0,0,0,0,0,1,0,0,0,1,0,0,1,1,1,1,0,0,1,0,0,1,0,1,0,0,1,1,0,0,0,0,0,0,0,1,1,0,1,0,0,0,1,1,0,0,0,1,1,1,0,1,0,0,1,0,1,0,1,0,1,0,1,1,0,1,1,1,1,1,1,1,1,0,0,0,0,0,1,1,1,1,1,1,1,1,1,0,0,0,1,0,1,0,1,1,1,1,1,1,1,1,1,1,1,1,1,1,0,1,1,1,1,1,1,1,1,1,1,1,0
11.218276132263385,0.49511360018514927,-3.2858462203502747,0.5525349937837031,12.0,441.57500000000016,0.7931034482758621,2.599771982662198,1.709981800598181,1359743.1414599135,9.94823455513327,9.636772684650527,12.356393797796823,0.0,20.046582306815168,0.0,0.0,9.444189728904176,16.835593968657875,0.0,0.0,12.13273413692322,55.43014750806985,24.464285361192275,12.511538367022808,21.572456922457924,31.42135485618229,0.0,4.899909730850478,0.0,6.4208216229260096,48.69979485494224,54.09438803938988,5.749511833283905,14.181052682704227,11.374772549367124,5.749511833283905,0.0,60.99110882554642,26.467403929741177,0.0,5.563451491696996,0.0,0.0,104.81,20.046582306815168,16.835593968657875,0.0,0.0,23.731166347163946,37.58532429347096,0.0,36.39820241076966,19.18040611960041,14.344099459754656,4.736862953800049,55.36150448974939,0.0,2.141116683524241,0.0,2.1632097550420326,0.672607643904958,3.063943578049577,2.072476275328007,-4.54576615515215,0.3684210526315789,2,0,0,0,0,0,0,0,6,10,0,11,0,0,0,0,0,2,1.9828999999999997,0,0,0,0,0,0,0,0,0,0,0,0,1,2,0,0,1,0,0,0,0,0,0,0,2,0,0,0,0,0,1,0,0,0,0,0,0,0,0,0,0,0,0,0,0,0,0,0,0,0,0,0,0,0,0,2,0,0,0,0,0,0,0,19,7.571428571428571,2,2,0.0,3074.0,4,0.07389162561576355,0.24338624338624334,0.24338624338624334,0.186211869752126,0.24338624338624334,0.13725692157016028,0.0,0.0,0.01352170713205409,0,0,0,0,0,2,0,0.3448275862068966,0.6551724137931034,0.1724137931034483,0.10344827586206896,0.06896551724137931,0.4666666666666667,0.13333333333333333,1,0,0,0,0,0,0,0,0,0,1,1,1,1,0,0,0,0,0,0,0,1,0,0,0,1,0,0,0,0,0,1,0,1,0,0,0,1,1,0,0,0,0,0,1,0,0,1,0,0,0,1,1,0,1,1,0,0,0,0,1,0,0,1,0,0,1,0,1,0,0,0,0,0,0,1,0,0,1,0,1,1,0,0,1,0,1,0,0,0,1,1,0,0,1,0,0,0,0,0,1,0,1,0,0,0,0,0,0,0,0,0,0,1,0,0,0,0,1,0,0,0,0,0,0,0,0,0,0,0,0,0,0,0,0,0,0,0,0,0,0,0,0,0,0,0,0,0,0,0,0,0,0,0,0,0,0,0,0,0,1,1,0,0,0,0,0,0,0,0,0,0,0,0,0,0,0,0,0,1,0,0,0,1,0,0,1,0,1,1,0,0,0,0,0,1,0,1,0,0,0,1,0,0,0,0,0,0,0,0,0,0,0,1,1,0,1,0,0,0,0,1,1,1,0,0,0,0,1,0,1,0,0,0,1,0,0,1,0,1,1,1,0,1,1,1,1,0,0,0,1,0,1,1,1,1,1,1,1,1,1,1,0,1,1,0,1,0,1,1,1,1,0,1,1,1,1,1,0,1,1,1,0,1,1,1,1,1,1,1,1,1,1,1,0
11.13873977866991,0.2726618838372883,-3.5275694547338428,0.5707693126637736,12.357142857142858,408.4720000000001,1.0,2.6266943192960928,1.821673946759336,1154778.87698078,10.09809746622554,18.763338735090514,11.49902366656781,6.103966387748303,0.0,0.0,16.087432146985403,0.0,4.794537184071822,8.417796984328938,0.0,24.26546827384644,42.316108456931055,19.448525210364938,12.862651148024323,31.975672903491272,16.087432146985403,0.0,0.0,0.0,25.869346833290944,19.469533112537242,59.65783953108687,11.49902366656781,8.919948386449757,0.0,11.49902366656781,0.0,45.06712916740703,32.49117024275744,0.0,18.050640183084614,0.0,0.0,99.13000000000001,22.191398534733707,13.212334168400758,0.0,5.749511833283905,31.80491900816176,17.382672166905394,0.0,43.321939610460284,12.13273413692322,0.0,18.763338735090514,37.878835251118446,0.0,11.13873977866991,9.129968636730483,1.8408803576019697,-0.01974930563528865,1.0856669666679417,2.5565373353696907,-3.5275694547338428,0.35,1,0,0,0,0,0,1,0,6,8,0,11,0,0,0,0,0,2,2.6787,1,0,0,0,0,0,0,0,1,0,0,0,0,0,0,0,0,0,0,0,0,0,0,0,0,0,0,0,0,0,2,0,0,0,0,0,0,0,0,0,0,0,0,0,0,0,0,0,0,0,0,0,0,0,0,0,0,0,0,0,0,0,0,18,7.124338624338624,2,2,0.0,2693.0,4,0.07671957671957673,0.23555148555148556,0.23555148555148556,0.17526008294988377,0.23555148555148556,0.14611148947488925,0.1754758896791535,0.1754758896791535,0.013088310826076626,0,0,0,0,0,2,0,0.2857142857142857,0.7142857142857143,0.25,0.0,0.03571428571428571,0.4827586206896552,0.10344827586206896,0,1,0,0,0,1,0,0,0,0,1,1,0,1,0,0,0,0,0,0,0,1,0,0,0,0,0,0,0,0,0,0,0,1,0,0,0,0,1,1,0,0,0,0,1,0,0,0,0,0,0,0,1,0,1,1,0,0,0,1,1,0,0,0,0,0,1,0,1,0,0,1,0,1,0,0,1,1,1,1,1,1,0,0,1,0,1,0,0,1,1,1,0,0,1,0,0,0,0,0,1,0,1,1,0,0,0,0,0,0,0,0,0,0,0,0,0,0,0,0,0,0,0,0,0,1,0,0,0,0,0,0,0,0,0,0,0,0,0,0,0,0,0,0,0,0,0,0,0,0,0,0,0,0,0,0,0,0,0,0,0,0,0,0,0,0,0,1,1,0,0,0,0,0,0,0,1,0,0,1,0,0,0,1,0,0,1,0,1,1,0,0,0,0,0,1,0,0,0,0,1,1,0,0,0,0,0,0,0,0,0,0,0,0,0,0,1,0,1,1,0,1,0,0,0,0,0,0,0,0,1,0,0,0,1,0,1,1,0,0,1,1,1,0,0,0,1,0,0,0,0,1,1,1,1,1,0,1,1,0,1,0,0,0,1,0,1,1,1,0,0,1,0,1,1,1,1,1,0,0,1,1,1,1,0,1,0,1,1,0,1,1,1,1,0
11.888543083900228,0.11791950113378746,-3.6448148148148136,0.804736706639606,11.352941176470589,253.28300000000002,1.2941176470588236,2.6349060156658664,2.276726283674452,7651.767069493676,4.095983503072133,10.256762414135533,5.760247418874442,5.817862777835028,0.0,10.023291153407584,0.0,4.722094864452088,8.417796984328938,0.0,0.0,5.156663257125445,31.18920547353706,11.753753343145172,4.895483475517775,12.940891921302285,21.528540205926173,0.0,5.156663257125445,0.0,11.819220675208399,10.455762341614273,36.09208276118249,0.0,10.455762341614273,11.50524905251859,0.0,0.0,13.574460241454382,10.023291153407584,6.923737199690624,5.760247418874442,0.0,0.0,98.22,10.023291153407584,8.417796984328938,0.0,10.713346253352803,11.447633693558004,0.0,30.33183534230805,6.923737199690624,0.0,9.878758121577533,10.256762414135533,30.846883083480307,0.0,0.11791950113378746,3.55404935122197,5.984419557181102,0.679936224489796,0.0,1.6746180887414654,-3.6448148148148136,0.1,3,0,0,0,0,1,0,0,5,7,1,3,0,0,0,0,0,2,1.3660199999999998,0,0,0,1,0,1,0,0,0,0,0,0,1,1,1,0,0,0,0,0,0,0,0,0,2,1,0,0,0,0,0,0,0,0,0,0,0,0,0,0,0,0,0,0,0,0,0,0,0,0,0,0,0,0,0,1,0,0,0,0,0,0,0,10,3.9338235294117645,2,2,0.0,535.0,4,0.1323529411764706,0.19558823529411765,0.19558823529411765,0.2015588280596542,0.19558823529411765,0.26421302928553225,0.2219295997397182,0.2219295997397182,0.01864381797316183,0,0,0,0,1,2,0,0.4117647058823529,0.5882352941176471,0.17647058823529413,0.17647058823529413,0.058823529411764705,0.2777777777777778,0.1111111111111111,1,0,0,0,1,0,1,0,0,0,1,1,1,0,0,0,1,0,0,1,0,0,0,0,0,0,0,0,0,0,0,0,1,1,0,0,0,0,0,0,0,0,0,0,0,0,0,0,0,1,0,0,0,0,0,0,1,0,1,0,0,0,0,1,0,0,0,0,1,0,0,0,0,0,0,1,0,0,1,0,0,1,0,0,0,0,1,0,0,0,0,0,0,0,1,0,0,0,0,0,1,0,0,0,0,0,0,1,0,0,0,0,0,0,0,1,0,0,1,0,1,0,1,0,0,0,0,0,0,0,0,0,0,0,0,0,0,0,0,0,0,0,0,0,0,0,0,0,0,0,0,0,0,0,0,0,0,0,0,0,1,1,0,0,0,0,1,0,0,0,0,0,0,0,0,0,0,0,0,1,0,0,0,1,0,1,1,1,1,1,0,0,1,1,0,1,0,1,0,1,0,1,0,0,0,1,0,0,0,1,0,1,1,0,0,0,1,0,0,0,0,0,1,1,1,1,0,0,0,0,1,0,0,0,1,0,0,0,0,0,1,0,0,0,0,1,0,0,1,1,0,0,1,1,0,0,0,0,1,1,0,1,0,1,1,1,0,0,0,0,1,0,0,0,1,0,1,0,0,1,1,0,0,0,1,0,1,1,1,1,1,1,1,1,0
12.536173562451278,0.006391757985343194,-3.982603680362239,0.5417624275928407,20.91176470588235,490.6260000000003,1.088235294117647,3.0809486826840504,1.4606470073677091,27869275.879981462,11.03027833574833,10.633577208012662,0.0,0.0,0.0,15.930470882759089,12.062229024676144,9.694446914922299,22.72896621692467,0.0,0.0,25.980208536304467,74.63586314209758,18.159701765129803,11.440239881430351,22.8014085365444,27.99269990743523,0.0,20.255581803315227,5.917906046161393,70.23346564129368,13.08951281182515,40.97512882568197,0.0,15.355672072464749,9.589074368143644,0.0,0.0,50.41846911018017,21.238649960405414,5.917906046161393,58.43877120539892,0.0,0.0,124.68,22.085520178083726,22.8014085365444,0.0,16.84450403401724,37.42216663390783,36.819842513470306,17.032643867773697,12.13273413692322,13.847474399381248,22.279409272155373,0.0,27.15199890263282,0.0,37.97781356094522,5.487129871765989,2.4110978377044106,0.385324026724841,4.798718443116101,6.527266116665473,-3.982603680362239,0.5416666666666666,3,1,1,2,5,0,0,0,5,10,1,7,1,0,1,0,0,3,3.0740000000000016,0,0,0,0,0,0,0,0,0,0,0,0,1,3,0,0,0,0,0,0,0,0,0,0,0,0,0,0,0,0,0,0,0,0,0,0,1,0,0,0,0,0,0,0,0,0,0,0,0,0,0,0,0,0,0,1,0,0,0,0,0,0,2,21,7.825311942959002,3,3,0.0,4390.0,4,0.0641711229946524,0.2132909982174688,0.2132909982174688,0.1892710801964423,0.2132909982174688,0.13292647903309607,0.11062152679242332,0.11062152679242332,0.013094502797233919,0,0,0,0,1,1,2,0.29411764705882354,0.7058823529411765,0.14705882352941177,0.11764705882352941,0.029411764705882353,0.6666666666666666,0.16666666666666666,1,0,0,1,1,0,0,1,0,1,1,0,0,1,0,0,0,0,0,0,0,1,0,0,0,0,1,1,0,1,1,0,0,1,0,0,0,1,1,1,1,0,0,0,0,1,0,0,0,0,0,1,1,0,1,0,0,0,1,0,1,1,0,1,0,0,0,0,1,1,1,0,0,0,0,1,0,1,0,0,1,1,0,0,0,0,1,0,0,0,1,1,0,0,1,0,0,0,1,1,1,0,0,0,0,0,1,1,0,0,0,1,0,0,0,1,0,0,1,1,0,1,1,1,1,1,0,0,0,0,0,0,0,0,0,0,0,0,0,0,0,0,0,0,0,0,0,0,0,0,0,0,0,0,0,0,0,0,0,0,1,1,0,0,0,1,0,0,0,0,0,1,0,0,0,0,0,0,1,1,0,0,0,1,0,0,1,1,1,1,0,0,1,0,0,1,0,1,0,0,0,1,0,1,1,1,0,0,0,1,1,1,0,1,0,0,1,1,1,1,1,0,1,0,1,1,0,1,1,0,1,0,1,0,1,0,1,0,1,1,1,0,1,1,1,1,1,0,0,1,1,0,1,0,0,1,1,1,1,1,0,1,0,0,1,1,1,0,1,1,1,1,0,1,1,1,1,1,1,1,0,1,1,1,1,0,1,1,1,1,1,1,1,1,0
12.499654387619753,0.34655336671705683,-1.0214929243302262,0.6499831585979154,19.4,348.39900000000017,1.24,3.0785895976472,1.9462076496610747,421077.17080779345,8.617804043675026,15.11296452053189,12.083681658295921,0.0,5.907179729351506,0.0,11.938610575903699,14.905862972149976,4.794537184071822,0.0,0.0,30.33183534230805,38.17047518309165,6.544756405912575,6.041840829147961,24.596666341896878,17.845790305255207,0.0,10.216698334856808,0.0,50.73254617883855,6.544756405912575,35.89528683400505,0.0,5.316788604006331,0.0,0.0,0.0,57.62903371914354,20.804433175141472,0.0,31.749653560165648,0.0,0.0,106.94000000000001,30.064133063347583,24.596666341896878,0.0,5.907179729351506,32.22804289761662,5.563451491696996,4.899909730850478,6.923737199690624,30.33183534230805,5.316788604006331,0.0,0.0,0.0,36.54070911146276,21.431412999329595,1.0277904964403883,-2.4031843201802063,2.002441218303758,1.9738039633259692,0.0,0.5,3,0,1,1,1,0,3,0,4,7,1,8,0,1,1,0,0,2,1.1261000000000003,2,0,0,0,0,0,0,0,2,0,0,0,1,1,0,0,0,1,0,0,0,0,0,0,0,1,0,0,0,0,0,0,0,0,0,0,0,0,0,0,0,0,0,0,0,0,0,0,0,0,0,0,0,0,0,0,0,0,0,0,0,0,0,13,5.446666666666666,2,2,0.0,1634.0,3,0.08666666666666666,0.19333333333333336,0.19333333333333336,0.21094893670327017,0.19333333333333336,0.19059204326748172,0.15404768248378017,0.15404768248378017,0.01459443835275574,0,0,0,0,1,1,1,0.28,0.72,0.2,0.08,0.0,0.6538461538461539,0.11538461538461539,1,1,0,0,1,1,0,0,0,0,1,0,0,0,0,0,0,0,0,1,0,1,0,1,1,1,0,1,0,0,1,0,0,1,0,0,0,0,0,1,1,0,1,0,0,1,0,1,0,0,0,0,1,0,0,0,0,0,0,0,0,1,1,0,1,1,0,0,0,0,0,0,1,0,0,0,0,0,0,0,1,1,0,1,0,0,1,0,1,0,1,1,0,1,0,0,1,0,1,1,1,0,0,0,1,0,0,0,1,0,0,0,0,0,1,0,0,0,0,0,0,0,0,1,0,1,0,0,0,0,0,0,0,0,0,0,0,0,0,0,0,0,0,0,0,0,0,0,0,0,0,0,0,0,0,0,0,0,0,0,0,0,0,0,0,0,0,0,0,0,0,0,0,0,0,0,0,0,0,0,0,0,1,0,0,0,0,0,0,0,0,0,0,0,0,0,0,0,0,0,0,0,0,1,0,0,0,1,0,0,0,1,0,1,0,0,0,0,1,1,1,0,0,1,1,0,0,0,1,0,0,0,1,0,0,0,1,0,1,1,0,0,0,0,0,1,1,0,0,1,1,1,0,0,0,0,0,1,0,1,0,0,0,0,1,1,0,1,1,0,1,0,0,0,1,1,1,0,1,1,0,1,1,1,1,1,1,1,1,1,1,1,1,1,0
13.062802063356715,0.3352939447383887,-1.0196643518518516,0.3844882105003128,18.379310344827587,405.49500000000023,1.103448275862069,3.198564110555615,2.078694332523462,3072694.2156770304,11.527075422794708,20.846631997694075,12.083681658295921,0.0,5.907179729351506,0.0,11.938610575903699,14.905862972149976,4.794537184071822,0.0,0.0,36.75265696523406,50.63313763516564,6.544756405912575,6.041840829147961,24.596666341896878,17.845790305255207,0.0,10.216698334856808,5.733667477162185,63.07127384792595,13.08951281182515,35.89528683400505,0.0,11.050456081168516,0.0,0.0,0.0,64.17379012505612,20.804433175141472,0.0,44.08838122925306,0.0,0.0,132.95999999999998,30.064133063347583,24.596666341896878,0.0,5.907179729351506,51.61444254938121,11.984273114623004,4.899909730850478,0.0,30.33183534230805,5.316788604006331,5.733667477162185,0.0,0.0,37.70175848376755,22.035828829711335,6.573816143481513,-2.373087580867196,3.763869689957699,0.8664328564704578,0.0,0.5714285714285714,5,0,1,1,1,0,3,0,5,8,1,12,0,1,1,0,0,2,1.2352000000000007,2,0,0,0,0,0,0,0,2,0,0,0,1,1,1,0,0,1,0,0,0,0,0,0,0,1,0,0,0,0,0,0,0,0,0,0,0,0,0,0,0,0,0,0,0,0,0,0,0,0,0,0,0,0,0,0,0,0,0,0,0,1,0,13,5.817733990147783,2,2,0.0,2362.0,3,0.07389162561576353,0.17843459222769564,0.17843459222769564,0.1927083501808819,0.17843459222769564,0.17948432824911104,0.13936002931243033,0.13936002931243033,0.012880296673962212,0,0,0,0,1,1,1,0.27586206896551724,0.7241379310344828,0.1724137931034483,0.10344827586206896,0.0,0.7,0.1,1,1,0,1,1,1,0,0,0,0,1,0,0,0,0,0,0,0,0,1,0,1,0,1,0,1,0,0,0,0,1,0,0,0,0,0,0,0,0,1,0,0,1,1,0,1,0,1,1,0,0,0,1,0,0,0,0,0,1,0,0,1,1,0,1,1,0,0,0,0,0,0,1,0,0,0,0,0,0,0,1,1,0,1,0,1,1,0,1,0,1,1,0,0,0,1,1,0,1,1,1,0,0,0,1,0,0,0,1,1,0,0,0,1,1,0,0,0,0,1,0,0,0,1,0,1,0,0,0,0,0,0,0,0,0,0,0,0,0,0,0,0,0,0,0,0,0,0,0,0,0,0,0,0,0,0,0,0,0,0,0,0,0,0,0,0,0,0,0,0,0,0,0,0,0,0,0,0,0,0,0,0,1,0,0,0,0,0,0,0,0,0,0,0,0,0,0,0,0,0,0,0,0,1,0,0,0,1,0,0,1,1,1,1,0,0,0,0,1,1,1,0,0,1,1,0,0,0,1,0,0,0,1,0,0,0,0,0,1,1,0,0,0,0,0,1,1,0,0,1,1,1,0,0,0,0,1,1,0,1,0,0,0,0,1,1,1,1,1,0,1,0,0,0,1,1,1,0,1,1,0,1,1,1,1,1,1,1,0,1,1,1,1,1,0
12.040033792423799,0.035221982224314496,-0.5756503963719322,0.5991629276965469,16.76923076923077,363.50200000000024,1.1923076923076923,2.5932982785978953,1.7049642980026987,477664.79653150355,9.782866097519483,25.793756160659747,18.460360185545124,0.0,0.0,0.0,6.031114512338072,0.0,4.794537184071822,0.0,0.0,19.26246486877803,57.87832311877034,23.812908762127442,0.0,14.637927532712578,11.718500787021634,0.0,10.633577208012662,0.0,70.56005218298154,18.468426974431825,24.26546827384644,5.749511833283905,20.68722876581904,10.481923458755384,5.749511833283905,0.0,41.97401274688388,0.0,0.0,52.87531971370193,0.0,0.0,82.62,6.103966387748303,9.901064578912528,0.0,24.218762558382295,12.29426823919648,18.52902952053558,19.26246486877803,24.26546827384644,0.0,36.72157741109086,4.736862953800049,5.596153430520765,0.0,12.040033792423799,19.067969006048862,0.6875624127804991,0.6648586609932214,5.191838641419988,6.853827104304113,0.0,0.65,4,1,0,1,2,0,1,0,4,6,0,7,1,0,1,0,1,2,3.268600000000002,0,1,1,0,0,0,0,0,0,0,1,0,0,3,0,0,0,0,0,0,0,0,0,0,1,0,0,0,0,0,1,0,0,0,0,0,0,0,0,0,0,0,0,0,0,0,0,0,0,0,0,0,0,0,0,0,0,0,0,0,0,0,1,17,6.6923076923076925,2,2,0.0,2175.0,4,0.08307692307692308,0.23717948717948723,0.23717948717948723,0.1857157379053265,0.23717948717948723,0.15597431082264934,0.16886827406669064,0.16886827406669064,0.012758089114175607,0,0,0,0,0,1,1,0.23076923076923078,0.7692307692307693,0.11538461538461539,0.11538461538461539,0.0,0.7407407407407407,0.037037037037037035,1,1,1,1,1,0,0,0,1,0,1,0,0,0,0,0,0,0,1,0,0,0,0,0,1,0,1,0,0,0,1,0,0,1,0,0,0,1,0,1,0,0,1,0,1,1,1,0,0,0,0,0,0,1,0,1,0,0,0,0,0,0,0,1,0,0,1,0,0,1,1,0,0,0,0,1,0,0,1,0,1,1,0,0,0,0,1,0,0,1,0,1,0,0,1,0,0,0,1,1,1,0,1,0,0,1,0,0,0,0,0,0,0,0,1,0,0,0,1,1,0,0,1,1,0,1,0,0,0,0,0,0,0,0,0,0,0,0,0,0,0,0,0,0,0,0,0,0,0,0,0,0,0,0,0,0,0,0,0,0,0,0,0,0,0,1,0,0,0,0,0,1,0,0,0,0,0,0,0,0,0,0,1,0,0,0,0,0,0,0,0,0,0,0,1,0,0,0,0,0,1,0,1,0,0,1,0,0,0,0,1,0,0,0,0,0,0,0,1,1,0,0,0,1,0,1,0,0,1,0,0,0,1,0,1,0,0,1,1,1,1,1,0,0,1,1,1,0,0,0,0,0,0,0,1,1,1,1,0,1,1,1,0,1,0,0,1,1,0,1,1,1,0,1,1,1,0,1,0,1,1,1,1,1,1,1,1,1,1,1,1,1,1,1,0
11.214821254424013,0.05496341177528019,-0.24345679012345656,0.6423198478718842,16.80952380952381,280.291,1.380952380952381,2.4908335645277515,2.133349462429733,58026.4587192385,6.307473640187337,0.0,12.138442625584547,0.0,11.618864732122208,0.0,0.0,10.220328581182207,5.425791397110385,20.72659816095642,0.0,19.056471336613843,17.696185628620217,12.338727669087403,11.399071277454265,4.794537184071822,23.017936009576474,10.523783109476973,5.425791397110385,16.12072109764084,13.344558822616634,5.425791397110385,29.828919765543436,12.138442625584547,10.85158279422077,5.687386274683562,0.0,0.0,17.330549734892912,4.794537184071822,28.580131781222914,18.90801031431363,0.0,0.0,113.42999999999998,0.0,4.794537184071822,0.0,17.536770778283604,12.10820789760957,11.275136494467699,0.0,24.271176762507768,19.056471336613843,21.054397845700215,10.523783109476973,0.0,0.0,11.214821254424013,24.88123802854593,7.222909606743933,-0.028915851230966405,0.4135187879100217,1.944583782969876,0.0,0.21428571428571427,2,0,1,1,1,0,1,0,6,7,1,3,0,0,0,0,0,2,1.3617599999999999,0,0,0,0,0,0,0,0,0,0,0,0,4,2,0,0,0,0,0,0,0,0,0,0,1,0,0,0,0,0,0,0,0,0,2,0,0,0,0,0,0,0,0,0,0,0,0,0,0,0,0,0,0,0,0,0,0,0,0,0,0,0,0,13,5.114285714285714,2,2,0.0,1074.0,3,0.10476190476190476,0.21654135338345865,0.21654135338345865,0.17018411249076823,0.21654135338345865,0.20434467763992642,0.1830101909725966,0.1830101909725966,0.014776507482361149,0,0,0,0,0,1,1,0.3333333333333333,0.6666666666666666,0.047619047619047616,0.2857142857142857,0.0,0.5,0.13636363636363635,1,0,0,0,1,0,1,1,1,0,1,0,0,0,0,0,0,0,0,0,0,0,1,0,0,0,0,0,0,1,1,0,1,1,1,1,0,0,0,1,0,0,1,0,0,1,0,0,0,0,0,0,0,0,0,0,0,0,1,0,1,0,0,1,0,0,0,0,0,1,1,0,0,0,0,1,0,0,0,0,1,1,0,0,0,1,1,0,1,0,1,0,0,0,0,0,0,0,0,0,1,0,0,1,1,0,0,0,0,0,0,0,0,1,0,1,1,0,0,1,0,0,1,1,0,0,0,0,0,0,0,0,0,0,0,0,0,0,0,0,0,0,0,0,0,0,0,0,0,0,0,0,0,0,0,0,0,0,0,0,0,0,0,0,0,0,0,0,0,1,0,0,0,0,0,0,0,0,0,0,1,0,0,0,0,0,0,0,0,0,1,0,0,0,0,0,0,1,0,0,0,0,0,0,0,0,1,1,1,0,0,0,0,0,0,0,0,0,0,1,1,0,1,1,0,0,1,0,0,0,0,0,1,0,0,0,0,0,1,1,0,0,0,1,0,1,0,1,1,1,0,0,1,0,0,1,0,0,1,1,1,1,0,1,0,1,0,0,0,0,1,1,0,1,0,0,0,0,1,1,0,0,1,0,1,0,1,0,1,1,1,1,1,1,0
12.823652525825146,0.015838766061980758,-1.581118630322499,0.6005702926906202,17.23076923076923,357.4940000000002,1.1538461538461537,2.708591666546284,2.0565547506887887,758405.6666329595,10.350622675469163,9.843390348640755,0.0,12.207932775496605,0.0,0.0,5.969305287951849,4.899909730850478,4.794537184071822,0.0,0.0,75.28264324817862,31.494607549374166,5.917906046161393,6.544756405912575,14.637927532712576,5.969305287951849,0.0,4.899909730850478,5.917906046161393,51.552633324994986,26.241151182250643,35.89528683400505,11.840868637711289,0.0,0.0,0.0,0.0,42.21689359589368,15.132450948855558,17.75877468387268,51.5150340057083,0.0,0.0,49.769999999999996,11.570356098935537,9.901064578912528,0.0,12.52478801067431,12.10820789760957,45.193620926455196,0.0,0.0,30.33183534230805,30.588252767943015,4.736862953800049,5.382852891156463,0.0,15.015276422686462,11.365804304772107,-0.962599838291351,5.248364718311057,4.919690207333398,6.753583477999618,0.0,0.5909090909090909,1,1,0,1,0,0,1,0,4,4,0,7,1,0,1,0,1,2,3.342900000000002,0,1,0,0,0,0,0,0,0,0,0,0,1,0,0,0,0,0,0,0,0,0,0,0,0,0,0,0,0,1,1,0,0,0,0,0,0,0,0,0,0,0,0,0,0,0,0,0,0,0,0,0,0,0,0,0,0,0,0,0,0,0,0,13,5.64,2,2,0.0,1833.0,4,0.08307692307692308,0.19333333333333336,0.19333333333333336,0.19993161223940942,0.19333333333333336,0.18592176642930297,0.14529508573802472,0.14529508573802472,0.013901836641730614,0,0,0,0,0,1,1,0.15384615384615385,0.8461538461538461,0.11538461538461539,0.038461538461538464,0.0,0.7037037037037037,0.037037037037037035,0,0,1,0,1,1,1,0,0,1,1,0,0,0,0,0,0,1,0,1,0,0,0,1,0,0,0,0,0,0,1,1,0,1,1,0,1,1,1,1,1,0,0,0,0,1,0,1,0,0,0,0,0,0,1,1,0,0,0,0,0,1,0,0,1,0,0,0,0,0,1,0,1,1,0,0,0,0,0,0,1,1,0,0,0,0,1,1,0,0,0,0,1,0,0,0,0,1,0,0,1,0,0,0,1,0,0,0,0,0,0,0,0,1,1,0,1,0,0,0,0,0,1,1,0,1,0,0,0,0,0,0,0,0,0,0,0,0,0,0,0,0,0,0,0,1,0,0,0,0,0,0,0,0,0,0,0,0,0,0,0,0,0,0,0,0,0,0,0,0,0,0,0,0,0,0,0,0,0,0,0,0,0,0,0,0,0,0,0,0,0,0,0,0,1,0,0,0,0,0,1,0,0,0,0,0,0,0,0,0,0,0,0,1,1,0,0,0,1,1,0,0,0,0,0,0,0,0,1,0,0,0,0,0,0,0,0,1,0,0,1,0,1,0,1,0,1,0,0,0,1,1,0,0,1,0,1,1,0,0,0,0,0,0,0,0,1,1,0,0,0,0,0,1,1,1,1,1,0,0,1,1,1,1,0,1,1,1,1,1,1,1,1,1,0
11.101926886495338,0.17009826152683227,-0.5584241543839756,0.8976823731418612,19.85,277.4079999999999,1.15,2.4535201270100093,2.2507375789507775,32347.209354499963,6.59472130944262,14.743300079491233,5.749511833283905,0.0,0.0,0.0,0.0,0.0,0.0,0.0,0.0,31.395199005701247,44.63317283982662,12.462662452073968,12.710848352261221,9.843390348640755,0.0,0.0,4.899909730850478,0.0,43.623064971775136,27.74989791254449,29.828919765543436,5.749511833283905,4.736862953800049,0.0,5.749511833283905,0.0,43.357385849219355,0.0,0.0,43.58546565248844,0.0,0.0,32.7,5.601050810983688,5.106527394840706,0.0,5.917906046161393,0.0,37.97755473090052,11.984273114623004,7.109797541277533,12.13273413692322,31.127987833128078,4.736862953800049,5.227714632149156,0.0,2.1681294879062736,11.101926886495338,0.6535202900604691,1.038604759805156,5.349052659835489,0.8778063586545729,5.825793583445774,0.6470588235294118,1,1,0,1,0,0,1,0,3,3,0,5,1,0,1,0,1,2,3.0356000000000014,0,1,0,0,0,0,0,0,0,0,0,0,1,0,0,0,1,0,0,0,0,0,0,0,0,0,0,0,0,0,1,0,0,0,0,0,0,0,0,0,0,1,0,0,0,0,0,0,0,0,0,0,0,0,0,0,0,0,0,0,0,0,0,10,4.168421052631579,2,2,0.0,792.0,4,0.11052631578947365,0.17602339181286547,0.17602339181286547,0.18291010401921584,0.17602339181286547,0.25097442539184933,0.19254691269782737,0.19254691269782737,0.016934295121948044,0,0,0,0,0,1,1,0.15,0.85,0.1,0.05,0.0,0.7142857142857143,0.0,1,1,1,0,1,0,0,0,0,0,1,1,1,1,0,0,0,0,0,0,0,0,0,0,0,0,0,0,0,0,1,0,0,1,0,0,1,0,0,1,0,0,0,0,1,0,0,0,0,0,0,0,1,1,0,1,0,0,0,0,0,1,0,1,0,0,1,0,1,0,0,0,0,1,0,0,0,0,1,0,1,1,0,0,1,1,1,0,0,0,0,0,0,0,0,0,0,0,1,0,1,0,1,0,0,0,0,0,0,0,0,0,0,1,0,0,0,0,0,0,0,0,0,0,0,0,1,0,0,0,0,0,0,0,0,0,0,0,0,0,0,0,0,0,0,0,0,0,0,0,0,0,0,0,0,0,0,0,0,0,0,0,0,0,0,0,0,0,0,0,0,0,0,0,0,0,0,0,0,0,0,0,0,0,0,0,0,0,0,0,0,0,0,0,1,0,0,0,0,0,0,0,1,0,0,0,0,0,0,0,0,0,0,1,1,0,0,0,1,1,0,1,0,0,0,1,0,0,1,0,0,0,1,0,0,0,0,0,0,0,1,1,0,1,0,0,1,0,0,0,1,0,0,0,1,1,1,1,0,0,1,0,0,0,0,0,0,1,0,1,0,1,0,1,0,1,1,1,0,0,1,1,0,1,0,1,1,1,1,1,1,1,1,1,0
14.187574196784295,0.020486956950552138,-1.0312165287185764,0.16655017301434616,17.35185185185185,869.6599999999994,0.9074074074074074,3.1884731436406035,1.1262921712910765,1052955920044.2177,18.279604915816783,46.390199607423796,17.833193491579827,0.0,11.814359458703011,0.0,12.062229024676144,14.573052889090853,9.589074368143644,0.0,0.0,18.19910120538483,111.96749064214339,82.04441698605527,8.945439031664828,24.28467613112799,67.11124882864497,0.0,30.317284921511302,5.733667477162185,63.195208630912504,56.02999317624483,80.99696570597786,5.749511833283905,26.583943020031654,20.963846917510768,5.749511833283905,31.859887795898697,112.60564092055044,22.554652396982227,0.0,43.23101109802404,0.0,0.0,176.46999999999997,24.0219758999855,24.28467613112799,0.0,30.15046852704745,98.97104988529249,16.93822404106412,0.0,34.32624074185033,41.29811214162014,57.69414185971538,5.733667477162185,0.8695407758306493,6.742309831259256,66.51812724326439,19.246454009619804,9.375578132489876,-0.6275472692334558,6.530252948243826,4.072775281664317,0.0,0.4473684210526316,6,0,3,3,6,1,2,0,8,16,4,12,0,2,2,0,0,6,4.407600000000004,0,0,0,0,0,1,0,1,0,0,0,0,5,3,1,0,0,1,0,0,0,0,0,0,2,0,0,0,1,0,0,0,0,0,0,0,0,0,0,0,0,0,0,0,0,0,0,1,0,1,1,0,1,0,0,0,0,0,0,0,0,1,2,24,9.252271139063591,6,6,0.0,13240.0,3,0.04122990915443746,0.15869752190506906,0.15869752190506906,0.16581205427484016,0.15869752190506906,0.11297728948703291,0.09113580170708223,0.09113580170708223,0.008964096151370138,0,0,0,0,0,3,2,0.2962962962962963,0.7037037037037037,0.09259259259259259,0.16666666666666666,0.0,0.6271186440677966,0.06779661016949153,1,1,0,1,0,0,0,0,0,0,1,1,1,0,0,0,0,0,0,1,0,0,0,1,0,1,1,0,0,0,1,1,0,1,0,0,1,0,0,1,0,0,0,0,1,1,0,1,1,0,0,1,0,1,0,0,1,0,1,0,1,1,1,0,1,1,1,1,0,0,0,0,1,0,1,0,0,0,0,1,1,1,0,0,1,1,1,0,1,1,1,0,0,0,1,1,1,0,1,1,1,1,0,0,0,0,0,1,1,1,1,0,0,1,1,0,0,1,1,1,0,0,1,1,0,1,0,1,0,0,0,0,0,0,0,0,0,0,0,0,0,0,0,0,0,0,0,0,0,0,0,0,0,0,0,0,0,0,0,0,0,0,0,0,0,1,0,0,0,0,0,0,0,0,1,0,0,0,0,0,0,0,1,0,0,0,0,0,0,0,1,0,0,1,0,0,0,0,0,0,0,0,0,1,0,1,0,1,1,0,1,0,1,1,1,1,0,0,1,1,1,0,0,1,0,0,1,0,1,1,0,0,1,1,1,1,0,0,1,1,0,1,0,0,0,1,1,0,1,1,1,0,0,1,0,1,1,1,0,1,0,1,1,1,1,1,1,1,1,0,1,1,1,1,1,1,1,0,1,1,1,1,1,1,1,1,1,1,0,1,1,1,1,1,0
14.5043054194769,0.01699900719018732,-2.432162473392192,0.18067217140855,38.7536231884058,966.227,0.8840579710144928,3.878412237622412,1.461168484143808,595242563165302.6,25.73444710871668,38.797279289532135,36.46430501352234,5.783244946364939,5.7871111525705965,11.690424675716445,5.969305287951849,19.178148736287287,9.476340119217006,0.0,5.098681808301038,71.0748066394564,117.38238801857382,58.46951041408137,24.353739992392867,57.870055479040765,29.22621985639817,0.0,25.107164665606437,35.507436276968356,180.01061101030288,27.874149029745176,53.929649775906356,0.0,0.0,0.0,0.0,0.0,140.87333864963955,47.65700068935935,35.507436276968356,131.55786070209444,0.0,0.0,218.79999999999993,77.76223202261254,34.18574071004052,0.0,60.852414899874915,56.93967751347735,18.414747775921285,12.009707272128011,52.075949798370544,58.0750493329319,15.525451999610773,23.684314769000245,31.57845804389794,0.0,72.30511126622544,35.18996482334582,1.2704384113086433,-7.919801891676234,13.926752861010808,12.806599956756148,4.620043906549408,0.7307692307692307,2,1,3,4,1,1,15,2,16,17,4,7,1,2,3,0,0,5,6.047500000000008,0,2,1,0,0,4,0,0,0,0,0,0,5,0,0,0,0,0,0,0,0,0,6,0,0,0,0,0,3,1,5,0,0,0,0,0,0,0,3,3,1,3,0,0,0,0,0,0,0,1,0,0,0,0,0,0,0,0,1,0,0,0,0,23,9.761295822676896,5,5,0.0,22900.0,4,0.03111679454390451,0.13076560929368505,0.13076560929368505,0.13102633926750076,0.13076560929368505,0.10485284701482338,0.06989473526576873,0.06989473526576873,0.009444887833403783,0,0,0,0,1,1,4,0.2463768115942029,0.7536231884057971,0.17391304347826086,0.07246376811594203,0.0,0.8082191780821918,0.1232876712328767,0,1,1,0,1,0,1,1,1,0,1,1,1,0,1,1,1,0,1,0,0,0,1,0,0,1,1,1,0,1,1,1,1,1,0,0,1,0,1,1,0,1,1,1,1,1,1,0,0,0,1,1,1,1,1,1,0,1,1,1,0,0,1,1,0,0,0,1,0,1,1,0,1,1,1,1,0,0,1,0,1,1,0,0,0,0,0,0,0,0,1,0,1,0,1,0,0,1,0,1,1,0,0,1,1,1,1,0,0,0,1,1,1,0,1,0,0,1,1,1,0,0,1,1,0,1,1,0,0,0,0,0,0,0,0,0,0,0,0,0,0,0,0,0,0,0,0,0,0,0,0,0,0,0,0,0,0,0,0,0,0,0,0,0,0,0,0,0,0,0,0,0,0,0,0,0,0,0,1,0,1,0,0,0,0,1,0,0,0,0,1,0,0,1,0,0,0,0,1,0,1,0,0,1,1,1,0,1,1,0,0,1,0,1,0,0,0,1,1,1,1,1,1,1,1,1,1,1,1,0,0,0,0,1,0,0,1,0,1,1,1,0,0,1,1,1,1,0,1,1,1,1,1,0,1,1,1,1,1,1,1,1,0,0,1,1,0,1,1,1,1,1,0,1,1,1,1,1,1,0,1,1,1,1,1,1,1,1,1,1,1,1,1,1,0
12.430056519298146,0.015621642366772104,-1.095141134968044,0.39708378626335494,31.266666666666666,424.5340000000002,1.2666666666666666,2.65283062399124,2.089698683529156,2487572.5402697055,11.070673451799568,25.162972533162872,6.103966387748303,0.0,0.0,0.0,11.938610575903699,9.589074368143644,0.0,0.0,0.0,38.999271919573516,43.092203114096094,12.338727669087403,30.65062683233231,34.752046901306514,11.938610575903699,0.0,0.0,23.671624184645573,83.71200688762114,0.0,23.80116485057091,0.0,0.0,0.0,0.0,0.0,56.78058570625972,14.325937321943691,23.671624184645573,59.29614133662794,0.0,0.0,124.29,30.385170838945058,24.90865655266576,0.0,42.48257271844944,25.683286491704038,5.573104530069267,0.0,0.0,25.99951461304901,12.999757306524504,9.843390348640755,5.8361760437901316,0.0,23.129867334180226,39.066163021119074,0.9575956005808105,-1.3095679951490127,4.637655574658329,5.84877708748711,0.0,0.7391304347826086,4,2,0,2,0,0,8,0,6,7,0,10,0,0,0,0,0,2,2.4404000000000003,1,3,3,0,0,0,0,0,1,0,0,0,0,0,0,0,0,0,0,0,0,0,2,0,0,0,0,0,1,1,1,0,0,0,0,0,0,0,0,0,0,0,0,0,0,0,0,0,0,0,0,0,0,0,0,0,0,0,0,0,0,0,0,15,5.977011494252873,2,2,0.0,2600.0,3,0.07126436781609195,0.17775041050903123,0.17775041050903123,0.18514776486561038,0.1777504105090312,0.1753068250448768,0.13549421906708162,0.13549421906708162,0.014523179925759112,0,0,0,0,0,0,2,0.23333333333333334,0.7666666666666667,0.23333333333333334,0.0,0.0,0.8709677419354839,0.12903225806451613,0,1,0,0,0,1,0,0,1,0,1,1,1,1,0,0,0,0,0,1,0,0,1,0,0,0,1,1,0,1,1,0,0,1,1,1,1,1,1,1,1,1,0,0,1,0,0,0,0,1,0,0,0,0,0,1,0,1,0,1,0,0,0,0,1,0,0,0,0,0,0,0,0,1,0,0,0,1,0,1,1,1,1,0,0,0,0,1,0,0,0,1,0,0,0,0,1,0,1,1,1,0,1,1,0,1,0,0,1,0,0,0,0,0,0,0,0,1,1,1,0,0,0,1,1,1,1,0,0,0,0,0,0,0,0,0,0,0,0,0,0,0,0,0,0,0,0,0,0,0,0,0,0,0,1,0,0,0,0,0,0,0,0,0,0,0,0,0,0,0,0,0,0,0,0,0,0,0,1,0,0,1,0,0,0,0,0,0,0,0,0,0,0,0,0,0,0,0,0,0,0,0,0,0,1,0,0,0,0,0,0,0,0,0,0,0,0,1,1,1,0,0,0,0,0,0,0,1,0,1,0,0,1,1,0,0,1,0,0,0,0,0,1,1,1,0,1,0,0,0,0,1,0,0,1,1,1,1,0,1,1,0,0,0,1,0,0,1,1,1,0,1,0,1,1,1,0,1,1,0,1,0,1,1,0,1,0,1,1,0,0,1,1,1,0
12.769432004283193,0.01876700680272103,-0.7438293825760758,0.6095989367593202,20.535714285714285,401.8460000000001,1.1785714285714286,2.626300717252821,1.9967325788263286,2097158.9013421573,7.1274310435417405,24.636642852425943,28.22851544154929,5.428790391900541,0.0,0.0,0.0,4.794537184071822,0.0,0.0,0.0,23.733674027155736,32.14598414843899,35.72229957239118,11.126599701489628,19.736733121575462,22.57018424633955,0.0,4.899909730850478,0.0,18.442694056835705,20.13718479450234,57.20761479218034,22.822722577139245,5.428790391900541,0.0,11.49902366656781,11.600939890232516,46.46064309762323,0.0,0.0,17.9021791607844,5.022633313741326,22.292943266678478,94.14,17.450662825810234,20.11411936859394,0.0,28.22851544154929,29.115114325973902,12.611123474374185,6.06636706846161,24.26546827384644,11.947581713527669,0.0,16.018090827285864,6.001549744897959,6.246199911255526,14.761653224854882,31.805403435176913,0.4917950575291852,-0.7667591017888629,-0.16929252050614496,1.1516720241305374,1.9066033186690654,0.2857142857142857,3,0,1,1,0,1,2,0,6,7,2,2,0,1,1,0,0,4,3.3046000000000015,0,1,1,0,0,0,0,2,0,0,1,0,1,0,0,0,1,1,0,0,0,0,0,0,0,0,0,0,1,0,0,0,0,0,0,0,0,0,0,0,0,0,0,0,0,0,0,0,0,1,0,0,0,0,0,0,0,0,0,0,0,0,0,12,4.875661375661376,4,4,0.0,1843.0,3,0.082010582010582,0.14906389906389908,0.14906389906389908,0.15726832476052316,0.14906389906389905,0.21320479072004517,0.16131179442764276,0.16131179442764276,0.014539819551688192,0,0,0,0,0,3,1,0.25,0.75,0.17857142857142858,0.03571428571428571,0.0,0.41935483870967744,0.03225806451612903,0,0,0,0,0,1,0,0,0,0,1,0,0,0,0,0,1,0,0,1,0,0,0,0,1,0,1,0,0,1,1,0,0,1,0,1,0,0,0,1,0,0,0,0,0,1,0,1,0,1,0,0,0,0,1,0,0,0,1,1,0,0,0,0,1,0,1,0,1,0,0,1,1,0,0,0,1,0,1,1,0,1,1,0,0,0,1,0,1,0,0,0,1,0,0,1,1,1,0,1,1,0,1,0,0,1,0,1,0,1,1,0,1,0,0,0,0,0,1,0,1,1,0,1,0,0,0,0,0,0,0,0,0,0,0,0,0,0,0,0,0,0,0,0,0,0,0,0,0,0,0,0,0,0,0,0,0,0,0,0,0,0,0,0,0,0,0,0,0,0,0,0,0,0,0,0,0,0,0,0,0,1,0,0,0,1,0,0,0,0,1,0,0,0,0,0,0,0,0,0,0,0,0,1,0,0,0,0,0,0,0,0,0,1,1,1,0,1,1,1,0,1,0,1,0,0,1,0,1,1,0,1,1,1,0,1,0,0,0,1,0,1,0,1,1,0,1,0,1,1,1,0,0,1,0,1,1,1,0,1,1,0,1,0,0,1,1,1,1,0,0,1,1,1,1,1,1,0,1,0,1,1,1,0,0,1,1,1,1,1,1,1,1,1,0
11.257407407407406,0.20064814814814858,-0.353055555555555,0.41687874577484635,10.461538461538462,178.15099999999998,1.1538461538461537,2.146239890526001,2.9668729339241464,1131.0684223072026,2.4421882218551296,10.41450604955458,0.0,5.516700717616262,5.098681808301038,5.516700717616262,5.948339280986494,5.733667477162185,4.7304076419062255,0.0,0.0,12.13273413692322,6.06636706846161,10.911477997721665,0.0,9.575518571166281,16.981740716219015,0.0,5.098681808301038,0.0,0.0,5.733667477162185,34.67997432340102,0.0,15.309186048328467,5.948339280986494,0.0,0.0,5.098681808301038,0.0,10.41450604955458,0.0,0.0,11.033401435232523,92.78999999999999,0.0,10.41450604955458,0.0,16.981740716219015,9.575518571166281,0.0,12.13273413692322,12.13273413692322,0.0,5.098681808301038,5.733667477162185,0.4203703703703703,0.0,0.33240740740740726,25.673148148148147,5.61887188208617,-0.353055555555555,0.0,0.0,0.0,0.0,2,0,0,0,0,1,0,0,4,6,1,0,0,0,0,0,0,2,-0.9162000000000003,0,0,0,1,0,3,0,0,0,0,0,0,3,0,1,0,0,0,0,0,0,0,0,0,1,0,0,0,1,0,0,0,0,0,0,0,0,0,0,0,0,0,0,0,0,0,0,2,0,0,0,0,0,0,0,0,0,0,0,0,0,0,0,6,2.7948717948717947,2,2,0.0,218.0,3,0.1794871794871795,0.16317016317016317,0.16317016317016317,0.13800680003077626,0.16317016317016317,0.3681334640374599,0.2587224549313895,0.2587224549313895,0.021265873782001527,0,0,0,0,0,2,0,0.46153846153846156,0.5384615384615384,0.15384615384615385,0.3076923076923077,0.0,0.21428571428571427,0.0,0,1,0,0,0,0,0,0,0,0,0,0,1,0,0,0,0,0,0,1,0,0,0,0,0,0,0,0,0,0,0,0,0,0,1,1,0,0,0,0,0,0,0,0,0,0,0,1,0,1,0,0,0,0,0,0,0,0,0,0,1,0,0,0,1,0,0,0,0,0,0,0,0,0,0,1,1,0,0,1,0,1,1,0,0,0,1,1,0,0,0,0,0,0,0,1,0,1,0,0,1,0,0,0,0,0,0,0,1,0,0,0,0,0,0,0,0,0,0,1,0,0,1,0,0,0,0,0,0,0,0,0,0,0,0,0,0,0,0,0,0,1,0,0,0,0,0,0,0,0,0,0,1,1,0,0,0,0,0,0,0,0,0,0,0,0,0,0,0,0,0,0,0,0,0,0,0,1,0,0,1,0,0,0,0,0,0,0,0,0,0,0,0,1,0,0,0,0,1,1,0,0,0,1,0,1,0,1,1,0,0,0,1,0,0,0,0,0,0,0,0,0,1,1,0,1,1,0,0,1,1,0,0,1,1,0,0,0,0,0,0,1,0,0,0,1,0,0,1,1,1,0,1,1,0,1,0,0,1,0,0,1,0,1,0,1,0,0,0,0,1,1,1,1,0,0,1,0,1,1,0,0,0,0,1,0,1,1,0,1,1,1,1,1,0
12.27032772666493,0.06354110942779179,-0.06354110942779179,0.690401062854676,15.653846153846153,371.8720000000001,1.0,2.9855498822783675,1.2829703462588355,1484642.3032598575,7.514521390199096,4.899909730850478,0.0,5.647177220767728,0.0,0.0,5.689743398203474,9.300604337112272,9.476340119217006,0.0,5.098681808301038,23.733674027155736,36.75265696523406,56.17540159551341,0.0,0.0,22.935503385683806,0.0,19.081089080558495,0.0,12.965578028838586,37.62369176041335,64.16832694686096,0.0,10.589653129053952,5.687386274683562,0.0,11.600939890232516,51.80487111012137,6.544756405912575,0.0,6.4208216229260096,5.022633313741326,5.647177220767728,45.78,0.0,4.794537184071822,0.0,5.689743398203474,12.191933626680303,44.16723696623021,5.687386274683562,15.279341113020056,36.39820241076966,20.964868338463603,11.600939890232516,3.154081665229337,6.088980593563845,17.086666907398953,5.163146344913571,1.8263096898520166,0.0,2.6777583039388597,5.653953676533191,0.0,0.3684210526315789,0,0,1,1,0,2,0,0,6,7,3,5,0,1,1,0,0,4,2.3617,0,0,0,0,0,3,0,0,0,0,0,0,5,0,0,0,0,0,0,0,0,0,0,0,1,1,0,0,1,0,0,0,0,0,0,0,0,0,0,0,0,0,0,0,0,0,0,0,0,0,1,0,1,0,0,0,0,0,0,0,0,0,0,15,6.163076923076923,4,4,0.0,2003.0,3,0.08923076923076924,0.21512820512820519,0.21512820512820519,0.1791521598640606,0.21512820512820519,0.16781550080457772,0.13749863427479542,0.13749863427479542,0.011098679846712749,0,0,0,0,1,3,1,0.2692307692307692,0.7307692307692307,0.038461538461538464,0.19230769230769232,0.0,0.41379310344827586,0.034482758620689655,1,0,0,1,0,0,0,0,0,0,1,0,0,1,0,1,0,0,0,1,0,0,0,1,0,1,0,1,0,0,1,0,0,1,0,0,1,1,0,1,0,0,0,0,0,0,0,1,0,1,0,1,1,0,0,0,1,0,1,0,0,0,0,0,1,0,0,0,0,0,0,0,1,0,1,0,0,1,0,0,1,1,0,0,0,0,1,0,1,0,0,0,0,0,0,0,1,0,0,0,1,0,0,0,0,0,0,1,0,0,0,0,1,0,0,0,0,0,0,1,0,1,1,0,0,0,0,1,0,0,0,0,0,0,0,0,0,0,0,0,0,0,0,0,0,0,0,0,0,0,0,0,0,0,0,0,0,0,0,0,0,0,0,0,0,1,1,0,0,0,0,0,0,0,0,0,0,0,0,0,1,0,0,0,0,0,0,0,0,0,1,0,0,1,0,0,0,0,0,0,0,0,0,1,0,1,0,1,1,0,0,1,0,1,1,1,0,0,0,0,0,0,1,1,1,1,1,0,1,1,0,1,0,1,1,1,0,0,1,1,0,1,0,0,0,1,1,0,1,1,1,0,1,1,0,1,1,1,0,0,0,1,1,1,0,1,1,0,0,0,1,1,1,1,0,1,1,0,1,0,0,1,1,1,1,0,1,0,0,1,1,1,1,1,0
9.803083242722979,0.30909345985103576,-0.4880550387206579,0.6164391834948149,16.0,307.434,1.2272727272727273,3.3261894973602577,1.6027670262068192,159417.61022948244,9.132049947970861,19.897041906447136,18.460360185545124,0.0,0.0,0.0,0.0,0.0,0.0,0.0,0.0,25.980208536304467,42.87655654355964,19.193479199573453,6.606881964512918,14.580253302440804,0.0,0.0,5.316788604006331,5.917906046161393,45.25574648505555,26.36540229945133,29.828919765543436,5.749511833283905,10.05365155780638,0.0,5.749511833283905,0.0,43.617736911188295,11.157684576726059,5.917906046161393,32.25256913693026,0.0,0.0,50.72,6.103966387748303,5.106527394840706,0.0,0.0,19.193479199573453,31.302003431397146,18.405094737549014,0.0,12.13273413692322,31.296997140310797,9.473725907600098,11.2447796423554,0.0,0.0,12.990788475357519,1.254786901126638,1.6237358997308422,3.1261158509663396,6.679341013603444,0.0,0.6666666666666666,2,1,0,1,0,0,1,0,4,4,0,11,1,0,1,0,1,2,2.3933999999999997,0,1,1,0,0,0,0,0,0,0,0,0,0,1,0,0,0,0,0,0,0,0,0,0,0,0,0,0,0,0,2,0,0,0,0,0,0,0,0,0,0,0,0,0,0,0,0,0,0,0,0,0,0,0,0,0,0,0,0,0,0,0,0,16,6.177489177489178,2,2,0.10606060606060605,1427.0,3,0.09956709956709958,0.2588744588744589,0.2588744588744589,0.1725196486740383,0.2588744588744589,0.17012144514397456,0.18501314727207482,0.18501314727207482,0.01170532270801153,0,0,1,0,0,1,1,0.18181818181818182,0.8181818181818182,0.13636363636363635,0.045454545454545456,0.0,0.7391304347826086,0.0,1,1,0,0,1,0,0,1,0,0,0,0,0,1,1,0,0,0,1,0,0,1,0,0,0,0,1,1,0,1,1,0,0,1,0,0,0,1,1,1,0,1,0,0,1,1,1,0,0,0,0,0,0,0,1,1,0,0,0,0,0,0,0,0,0,0,1,0,0,1,0,0,1,0,0,0,0,0,1,0,1,1,0,0,0,0,1,0,0,0,1,1,0,0,1,0,0,0,0,1,1,0,1,1,0,0,0,0,0,0,1,0,1,0,0,0,0,0,1,0,0,0,0,1,0,0,0,0,0,0,0,0,0,0,0,0,0,0,0,0,0,0,0,0,0,0,0,0,0,0,1,0,0,0,0,0,0,0,0,0,0,0,0,0,0,0,0,0,0,0,0,0,0,0,0,0,0,0,0,0,0,0,1,0,0,0,0,0,0,0,0,0,0,0,0,0,0,0,0,0,1,0,1,0,0,0,0,0,0,0,1,0,0,0,1,0,0,0,1,0,0,0,0,1,0,1,0,0,1,0,0,0,1,0,0,0,0,1,0,0,0,1,0,0,1,0,1,0,0,0,0,0,0,0,1,1,1,1,0,1,1,0,0,0,0,0,1,1,0,0,0,1,0,0,1,1,0,1,0,1,1,1,0,1,1,1,1,1,1,1,1,1,1,1,0
15.129540232260645,0.022871036214434204,-1.6099396139050233,0.14792471467331686,26.905882352941177,1202.634999999999,0.4588235294117647,3.6235714976617706,4.320268725023782,7.704497105315534e+16,34.871505276546664,60.67304992681939,60.418408291479594,0.0,64.97897702286656,0.0,0.0,52.73990902479004,0.0,0.0,0.0,109.08436100933646,100.72148365975767,49.33370387874032,12.648722793660877,57.84643641963074,64.97897702286656,0.0,55.56652253197868,41.42534232312975,222.75083681152464,55.878460284652895,12.152040213667762,0.0,21.267154416025324,0.0,0.0,0.0,226.78570749754144,52.73990902479004,41.42534232312975,156.22846213229667,0.0,0.0,278.8,155.79982624649122,48.2573620514871,9.589074368143644,55.77573229927562,6.4208216229260096,9.799819461700956,87.68072693237397,54.54218050466824,61.46591770435886,21.267154416025324,0.0,0.0,0.0,168.5176416373319,23.063634152153917,0.0,-9.707807854954714,3.042918338283876,29.328545063880714,9.915555435383464,0.7903225806451613,5,0,1,1,11,0,12,0,12,23,1,15,0,1,1,0,0,1,3.2690000000000046,0,1,1,0,0,0,0,0,0,0,0,0,7,4,0,0,7,0,0,0,0,0,2,0,0,0,0,0,0,0,0,0,0,0,0,0,0,0,0,0,0,0,0,0,0,0,0,0,0,0,0,0,0,0,0,0,0,0,0,0,0,0,0,24,10.458543417366947,1,1,0.0,37337.0,3,0.023809523809523808,0.1139583544261078,0.1139583544261078,0.12340051519983315,0.1139583544261078,0.09667027948395689,0.07288647985083983,0.07288647985083983,0.0099094992878007,0,0,0,0,0,0,1,0.27058823529411763,0.7294117647058823,0.1411764705882353,0.12941176470588237,0.0,0.8588235294117647,0.1411764705882353,0,1,0,0,1,1,0,0,0,0,1,0,0,1,0,0,1,0,0,1,0,0,0,1,0,1,1,1,1,1,1,0,0,1,0,1,0,0,1,1,1,0,0,0,0,1,1,1,0,0,0,0,0,0,1,1,0,0,1,0,0,0,0,0,0,0,0,0,0,0,1,0,0,0,0,0,1,1,0,1,1,0,0,0,1,1,0,1,1,0,1,1,1,1,1,0,0,0,1,1,1,1,0,1,0,0,0,0,1,1,1,0,0,0,1,1,0,0,0,0,0,1,1,1,0,1,1,0,0,0,0,0,0,0,0,0,0,0,0,0,0,0,0,0,0,0,0,0,0,0,0,0,0,0,0,0,0,0,0,0,0,0,0,0,0,0,0,0,0,0,0,0,0,0,0,0,0,0,0,0,0,1,1,0,0,0,0,0,0,0,0,0,0,0,0,0,0,0,0,0,0,0,1,1,0,0,0,1,0,0,0,0,0,1,1,0,0,1,1,1,1,1,0,1,0,1,0,1,1,0,0,0,1,0,0,0,1,0,1,1,0,0,1,1,1,1,0,0,1,1,1,0,0,0,0,1,1,0,0,1,1,0,0,0,1,1,0,1,1,1,1,1,0,0,1,0,1,1,1,1,1,1,1,1,1,1,1,1,1,1,0,0,1,1,0
15.152761682877928,0.12811371029805318,-1.816235910201318,0.13499307241157904,26.372093023255815,1214.6459999999988,0.43023255813953487,2.1637109589489687,4.370091933457762,2.5854776102436966e+17,34.79873630057249,55.56652253197868,54.376567462331636,11.8250857755129,59.071797293515054,5.907179729351506,0.0,57.53444620886186,0.0,0.0,0.0,116.00809820902708,94.30066203683167,55.251609924901715,6.544756405912575,57.53444620886186,70.7622219692315,0.0,55.56652253197868,47.34324836929114,217.14978600054093,55.878460284652895,12.152040213667762,0.0,21.267154416025324,0.0,0.0,0.0,221.3584586613174,57.53444620886186,47.34324836929114,156.7313777090613,0.0,0.0,275.64000000000004,161.39701085126924,47.94537184071822,9.589074368143644,55.77573229927562,0.0,9.799819461700956,87.68072693237397,67.54193781119274,55.38989759752498,21.267154416025324,0.0,0.0,0.0,183.48460470706908,10.957610927911198,0.0,-11.55081636047086,4.280011274129953,30.76037983990948,9.798955493037834,0.7777777777777778,4,0,1,1,11,0,11,0,12,23,1,15,0,1,1,0,0,1,3.7232000000000065,0,0,0,0,0,0,0,0,0,0,0,0,7,4,0,0,7,0,0,0,0,0,2,0,0,0,0,0,0,0,0,0,0,0,0,0,0,0,1,1,0,0,0,0,0,0,0,0,0,0,0,0,0,0,0,0,0,0,0,0,0,0,0,24,10.470041039671683,1,1,0.0,38268.0,3,0.023529411764705882,0.11273858380561529,0.11273858380561529,0.12333508546733477,0.11273858380561529,0.09656851698382181,0.07334358123813545,0.07334358123813545,0.00990863908194942,0,0,0,0,0,0,1,0.26744186046511625,0.7325581395348837,0.13953488372093023,0.12790697674418605,0.0,0.8488372093023255,0.1511627906976744,0,1,0,0,0,1,0,0,0,0,1,1,1,1,0,0,0,0,0,1,0,0,0,0,0,0,1,1,1,1,1,0,0,1,0,1,0,0,1,1,1,0,0,0,0,1,0,1,0,0,0,0,0,0,1,1,0,0,1,0,0,0,0,0,0,0,0,0,0,0,1,1,0,0,0,0,1,1,0,1,1,0,0,0,0,0,0,1,1,0,1,1,1,1,1,0,1,1,1,0,1,1,0,0,0,0,0,0,1,1,1,0,0,0,1,1,0,0,0,0,0,1,1,1,0,1,1,0,0,0,0,0,0,0,0,0,0,0,0,0,0,0,0,0,0,0,0,0,0,0,0,0,0,0,0,0,0,0,0,0,0,0,0,0,0,0,0,0,0,0,0,0,0,0,0,0,0,0,0,0,0,0,1,0,0,0,0,0,0,0,0,0,0,0,0,0,0,0,0,0,0,0,1,1,0,0,0,1,0,0,0,0,0,1,1,0,0,1,1,1,1,1,0,1,0,1,0,1,1,0,0,0,0,0,0,0,1,0,1,1,0,0,0,1,1,1,0,0,1,1,1,0,0,0,0,1,1,0,0,1,1,0,0,0,1,1,0,0,1,1,1,1,0,0,1,0,1,1,1,1,1,1,1,1,1,0,1,1,1,1,0,0,1,1,0
6.1933796296296295,0.09236111111111067,0.09236111111111067,0.8489950317721323,12.105263157894736,255.361,1.0,2.460814740308613,2.167710157478689,27068.962143394743,6.953864447086801,10.05365155780638,11.853478221032208,0.0,0.0,0.0,0.0,0.0,0.0,0.0,0.0,48.53093654769288,37.70943564013599,6.4208216229260096,0.0,4.736862953800049,0.0,0.0,5.316788604006331,0.0,19.448525210364934,13.592428388589765,65.72420659954848,5.749511833283905,10.05365155780638,0.0,5.749511833283905,0.0,13.592428388589765,0.0,6.923737199690624,23.651690994068304,0.0,0.0,21.259999999999998,0.0,0.0,0.0,6.103966387748303,0.0,18.71508986212249,11.126902983393991,0.0,31.313140256523628,42.572361146005,4.736862953800049,6.1933796296296295,0.0,0.0,3.188328924162257,2.397122071050643,0.9652371504157221,1.0455829554043836,3.0147812736205593,1.9680758692365836,0.29411764705882354,1,0,0,0,0,0,1,0,2,2,0,6,0,0,0,0,0,2,3.7246200000000034,0,0,0,0,0,0,0,0,0,0,0,0,0,1,0,0,0,0,0,0,0,0,0,0,0,1,0,0,0,0,1,0,0,0,0,0,0,0,0,0,0,0,0,0,0,0,0,1,0,0,0,0,0,0,0,0,0,0,0,0,0,0,0,9,4.257309941520468,2,2,0.0,728.0,3,0.11695906432748539,0.19160646714826282,0.19160646714826282,0.19530926573567922,0.19160646714826282,0.24482122315232221,0.2066651692904033,0.2066651692904033,0.013022858645905555,0,0,0,0,0,2,0,0.10526315789473684,0.8947368421052632,0.05263157894736842,0.05263157894736842,0.0,0.4,0.0,1,1,1,0,0,1,0,0,0,0,0,0,0,0,0,0,0,0,0,0,0,0,1,0,1,0,1,1,0,0,0,1,0,1,0,0,0,0,0,0,0,0,0,0,0,1,0,1,0,0,1,0,1,0,0,1,0,0,1,0,0,0,0,0,1,0,0,0,0,0,0,0,0,0,0,1,0,0,1,1,1,1,0,0,0,1,1,0,0,0,0,0,1,0,0,0,0,1,0,1,1,0,0,0,0,0,0,0,0,0,0,1,1,0,0,0,0,0,1,1,0,0,0,0,0,0,0,0,0,0,0,0,0,0,0,0,0,0,0,0,0,0,0,0,0,0,0,0,0,0,0,0,0,0,0,0,0,0,0,0,0,0,0,0,0,0,0,0,0,0,0,0,0,0,0,0,0,0,0,0,0,0,0,0,0,0,0,0,0,0,0,0,0,0,0,0,0,0,0,0,0,0,0,0,0,0,0,0,0,0,1,0,0,0,1,0,0,0,0,0,0,1,0,0,0,1,0,0,1,0,0,0,1,0,0,0,0,0,0,1,0,1,0,1,1,0,1,0,0,0,0,0,0,1,1,1,0,0,0,0,1,0,0,0,0,0,0,0,0,0,0,1,1,1,0,1,0,1,1,1,1,1,0,1,0,1,1,0,1,1,1,1,1,1,0
12.95619992441421,0.11152777777777789,0.11152777777777789,0.7888476665596758,14.636363636363637,294.35800000000006,1.3181818181818181,3.054160919462463,1.7679612527097788,209851.39677626584,4.728545717712032,14.450987899589041,0.0,0.0,0.0,5.907179729351506,0.0,4.794537184071822,4.9839785209472085,0.0,0.0,18.19910120538483,12.990104268152233,42.30403093329375,24.129455967222572,4.794537184071822,16.81010466143256,0.0,19.43496642053625,7.04767198267719,19.88931522852921,6.544756405912575,53.23802382485336,0.0,0.0,0.0,0.0,0.0,31.88690255580033,20.013250011515776,6.923737199690624,27.439772660314198,0.0,10.902924932081056,53.92,0.0,4.794537184071822,0.0,5.907179729351506,6.544756405912575,46.51373843716202,0.0,6.3273200747645415,37.07042011860312,20.601423758147384,0.0,2.152481733434114,0.0,22.242850159934395,1.0494905045351475,5.088835060258672,0.11152777777777789,2.567616738053246,3.290896452716889,2.0436171474762745,0.29411764705882354,1,0,1,1,1,2,0,0,3,5,3,2,0,0,0,0,0,4,2.4083200000000007,0,0,0,0,0,3,1,0,0,0,0,0,3,1,0,0,0,0,0,0,0,0,0,0,0,2,0,0,3,0,0,0,0,0,0,1,0,0,0,0,0,0,0,0,0,0,0,1,0,0,0,0,0,0,0,0,0,0,0,0,0,0,0,10,4.316017316017316,4,4,0.0,997.0,3,0.10822510822510821,0.1658008658008658,0.1658008658008658,0.16298428218451286,0.1658008658008658,0.24045543852016904,0.1786082561827145,0.1786082561827145,0.014933387755100686,0,0,0,0,2,3,0,0.22727272727272727,0.7727272727272727,0.045454545454545456,0.18181818181818182,0.0,0.36,0.04,0,0,0,1,0,1,1,0,0,0,1,0,0,0,1,0,0,0,0,0,0,0,0,0,1,0,0,0,0,0,1,0,0,1,1,0,0,1,1,1,0,0,0,0,1,1,0,1,0,0,0,0,1,0,0,0,0,0,1,0,0,0,1,0,1,1,1,0,0,1,0,1,1,1,1,0,1,1,0,0,1,1,0,1,0,0,1,0,0,0,1,1,0,1,0,0,0,0,0,0,1,1,1,0,0,1,0,0,0,0,0,1,0,0,0,0,0,0,0,0,0,1,1,1,0,0,1,0,0,0,0,0,0,0,0,0,0,0,0,0,0,0,0,0,0,0,0,0,0,0,0,0,0,0,0,0,0,0,0,0,0,0,0,0,0,0,0,0,0,0,0,0,0,0,0,0,0,0,0,0,0,0,0,0,0,0,0,0,0,0,0,0,0,1,0,0,0,0,0,0,0,0,0,1,0,1,0,1,1,0,0,1,0,1,1,0,0,0,1,1,1,1,0,0,1,1,1,0,1,1,0,0,0,1,0,0,1,0,1,1,0,0,0,0,1,1,1,0,1,1,1,0,0,1,0,1,0,1,0,0,0,0,0,0,0,1,1,0,0,0,1,1,1,1,0,1,1,1,1,1,0,1,1,1,1,0,1,0,1,1,1,1,1,1,0
12.38644274376417,0.06546296296296261,-0.4406944444444443,0.7669944339918414,19.444444444444443,247.33799999999994,1.2777777777777777,2.4102000766198644,2.313014283346961,14384.074057267351,5.527843562409225,9.636772684650527,0.0,0.0,0.0,0.0,5.969305287951849,4.794537184071822,0.0,0.0,0.0,30.33183534230805,45.46601673174197,0.0,12.021872433909698,9.53140013787187,5.969305287951849,0.0,4.899909730850478,0.0,25.180370914939424,26.744066759015258,35.89528683400505,0.0,0.0,0.0,0.0,0.0,37.61328177781758,14.94639060726865,0.0,25.328831937239638,0.0,0.0,29.54,5.41499046939678,4.794537184071822,0.0,5.969305287951849,6.606881964512918,31.494607549374166,0.0,0.0,37.255572541998674,11.947581713527669,4.736862953800049,5.316918934240363,0.0,14.650744047619046,0.0,0.6533333333333335,-0.06546296296296261,1.6792592592592592,4.190692554799698,2.0972890684051397,0.5333333333333333,0,0,1,1,0,0,0,0,3,3,1,3,0,1,1,0,0,2,2.2131,0,0,0,0,0,0,0,0,0,0,0,0,1,0,0,0,0,1,0,0,0,0,0,0,0,0,0,0,0,1,1,0,0,0,0,0,0,0,0,0,0,0,0,0,0,0,0,0,0,1,0,0,0,0,0,0,0,0,0,0,0,0,0,8,3.712418300653595,2,2,0.0,568.0,4,0.12418300653594769,0.16952614379084965,0.16952614379084965,0.18125612688709536,0.16952614379084965,0.28237473997639584,0.20298677337602233,0.20298677337602233,0.017992535996974954,0,0,0,0,0,1,1,0.16666666666666666,0.8333333333333334,0.1111111111111111,0.05555555555555555,0.0,0.631578947368421,0.05263157894736842,0,0,0,0,1,1,0,0,1,0,1,0,0,0,0,0,0,0,0,1,0,0,0,1,0,0,0,0,0,0,1,0,0,1,0,0,1,0,1,1,0,0,0,0,1,0,0,1,0,0,0,0,0,0,0,1,0,0,1,0,1,0,0,0,1,1,0,0,1,0,0,0,1,0,0,0,0,0,0,1,1,1,0,0,1,0,1,0,0,0,0,0,0,0,0,0,0,0,0,0,1,0,0,0,0,0,0,0,0,0,0,0,0,0,0,0,0,0,0,0,0,1,0,1,0,1,0,0,0,0,0,0,0,0,0,0,0,0,0,0,0,0,0,0,0,0,0,0,0,0,0,0,0,0,0,0,0,0,0,0,0,0,0,0,0,0,0,0,0,0,0,0,0,0,0,0,0,0,0,0,0,0,0,0,0,0,0,0,0,0,1,0,0,0,1,0,0,0,0,0,0,0,0,1,0,0,0,0,0,0,0,0,0,1,1,0,0,0,0,0,0,1,0,0,0,0,1,0,1,0,0,0,0,0,0,0,0,1,0,1,1,0,1,1,1,0,1,0,0,1,1,1,0,0,1,0,1,1,0,0,0,0,0,0,0,1,1,0,0,0,0,0,0,1,0,1,1,1,0,0,0,1,1,1,0,1,1,1,1,1,1,1,1,1,0
12.407082388510961,0.24509826152683312,-0.3888888888888886,0.8909068281271514,19.666666666666668,247.33799999999994,1.3888888888888888,2.3885468864428447,2.3933992139404685,12544.648247597821,5.105224589522321,10.006437125691184,11.532756779648844,0.0,0.0,0.0,0.0,4.794537184071822,0.0,0.0,0.0,19.056471336613843,50.67501366897457,6.4208216229260096,5.41499046939678,9.901064578912528,5.783244946364939,0.0,4.899909730850478,0.0,31.601192537865433,20.13718479450234,29.828919765543436,5.749511833283905,0.0,0.0,5.749511833283905,0.0,35.92686686655846,10.209527653468601,0.0,31.749653560165648,0.0,0.0,40.54,0.0,9.901064578912528,0.0,11.164502302680685,12.204066569290948,31.494607549374166,0.0,12.13273413692322,19.056471336613843,11.947581713527669,0.0,0.0,0.0,14.661037887377175,9.642910682791635,0.5856018518518521,0.5378760393046114,2.2486347316704456,3.7857071995464855,2.0861185122197026,0.5333333333333333,1,0,1,1,0,0,0,0,3,3,1,3,0,1,1,0,0,2,2.3347000000000007,0,0,0,0,0,0,0,1,0,0,0,0,1,0,0,0,0,1,0,0,0,0,0,0,0,0,0,0,0,0,0,0,0,0,0,0,0,0,1,1,0,0,0,0,0,0,0,0,0,1,0,0,0,0,0,0,0,0,0,0,0,0,0,8,3.6470588235294117,2,2,0.0,558.0,4,0.12418300653594769,0.1654411764705882,0.1654411764705882,0.18064656639208584,0.1654411764705882,0.28622410186423175,0.20594043545639368,0.20594043545639368,0.019233395972671187,0,0,0,0,0,1,1,0.16666666666666666,0.8333333333333334,0.1111111111111111,0.05555555555555555,0.0,0.631578947368421,0.05263157894736842,0,0,1,0,1,0,0,0,1,0,1,0,1,0,0,1,0,0,0,0,0,0,0,0,0,0,1,0,0,0,1,0,0,1,0,0,1,0,1,1,0,0,0,0,1,0,0,0,0,0,0,0,0,0,0,0,0,0,0,0,0,0,0,0,1,1,1,0,1,0,0,1,1,0,0,0,0,1,0,1,1,1,0,0,1,0,1,0,0,0,0,0,0,0,0,0,0,0,0,0,1,0,0,0,1,1,0,1,0,0,0,0,0,0,0,0,0,0,0,0,0,1,0,0,0,1,0,1,0,0,0,0,0,0,0,0,0,0,0,0,0,0,0,0,0,0,0,0,0,0,0,0,0,0,0,0,0,0,0,0,0,0,0,0,0,0,0,0,0,0,0,0,0,0,0,0,0,0,0,0,0,0,0,0,0,0,0,0,0,0,1,0,0,0,1,0,0,0,0,0,0,0,0,1,0,0,0,0,0,0,0,0,0,1,1,0,0,0,0,0,0,1,0,0,0,0,1,0,1,0,0,0,0,0,0,0,1,0,0,1,1,1,1,1,1,0,1,0,0,1,1,0,0,0,0,1,1,1,0,0,1,0,0,0,0,1,1,1,0,0,0,1,0,1,0,1,1,1,0,0,1,1,1,1,0,1,1,1,1,1,1,1,1,1,0
14.665613019452753,0.07311991409664564,-1.885917984190665,0.44500096085161456,23.03125,435.4550000000002,1.3125,3.1421259192289286,1.7014233844780124,26698807.326236006,6.235685891753487,20.144157473594294,12.424102805558814,5.601050810983688,0.0,5.559266895052008,5.969305287951849,4.794537184071822,14.16893075269385,0.0,0.0,6.923737199690624,48.94292361202125,28.62133509546836,29.012764604922758,19.028342580387395,16.872230220032908,0.0,9.551078168738563,5.733667477162185,57.90446927871642,0.0,61.684468007274916,11.387855989696922,11.292934372214193,4.39041504767482,0.0,0.0,20.626910851531118,34.704910942207064,12.740958040736519,59.187930224872574,0.0,22.29078092177798,107.44,11.570356098935537,19.086016810659167,0.0,48.117691541991356,35.3096514448622,22.07657868955578,6.06636706846161,24.480941115634213,0.0,0.0,15.454508951909443,21.37941655721823,0.0,30.500568758741174,11.903550115734232,9.719433804889931,-1.0776410110519055,1.4356407004057619,3.545535624957002,0.0,0.375,3,1,2,3,0,2,2,0,7,8,4,1,0,0,0,0,0,6,2.4731200000000007,0,1,0,0,0,2,0,0,0,0,0,0,2,0,1,0,0,0,0,0,0,0,0,0,0,1,0,0,5,1,1,0,0,0,0,0,0,0,0,0,1,0,0,0,0,0,0,0,0,0,0,0,2,0,0,0,0,0,0,0,0,0,0,12,5.060483870967742,6,6,0.0,2510.0,4,0.07459677419354839,0.1353494623655914,0.1353494623655914,0.11836367264903361,0.1353494623655914,0.20423939308817493,0.15772684376556625,0.15772684376556625,0.014984966634521106,0,0,0,0,1,3,0,0.25,0.75,0.125,0.09375,0.0,0.4864864864864865,0.05405405405405406,0,0,1,0,0,0,0,0,1,0,1,0,1,0,0,0,1,1,0,1,0,0,0,0,0,0,1,0,1,1,1,0,0,1,0,0,1,0,1,1,1,0,0,0,0,1,0,1,1,0,0,0,0,0,0,0,0,1,1,1,1,1,0,1,1,0,1,1,0,0,1,1,1,1,1,1,0,0,0,1,1,1,0,0,0,0,0,0,1,0,0,0,0,0,0,0,0,1,0,0,1,0,0,0,0,1,0,1,0,0,0,1,1,1,0,1,0,0,1,0,1,0,1,1,1,0,0,0,0,0,0,0,0,0,0,0,0,0,0,0,0,0,0,0,0,0,0,0,0,0,0,0,0,0,0,0,0,0,0,0,0,0,0,0,0,0,0,0,0,0,1,0,0,0,0,0,0,0,0,0,0,0,0,0,0,1,0,0,0,0,0,0,0,1,1,0,0,0,0,0,1,0,0,0,0,0,0,1,1,0,0,1,1,1,0,1,0,1,1,1,1,0,0,0,1,1,1,0,1,1,0,0,1,1,0,1,1,1,1,1,1,1,1,0,1,1,1,0,1,1,1,1,0,1,0,1,1,0,0,1,1,1,1,0,1,1,1,1,1,0,1,1,1,1,1,1,1,1,1,1,1,1,1,1,1,1,1,1,1,1,1,1,1,1,0
13.367320213056146,0.2497774355507938,-0.5624711829176114,0.8388667572429986,19.291666666666668,324.39900000000006,1.2083333333333333,2.939911705364029,2.018403095211889,348132.58450238686,6.721078415843811,9.636772684650527,11.418271652029583,0.0,0.0,0.0,0.0,0.0,4.39041504767482,5.261891554738487,0.0,18.19910120538483,74.4375663660564,0.0,18.239554769002186,9.127278001474869,0.0,5.261891554738487,4.899909730850478,0.0,25.049576021348624,20.640100371266954,70.53559628706515,6.069221312792274,0.0,4.39041504767482,0.0,0.0,25.540010102117435,16.944795729296654,17.148333708576654,35.09544921264,0.0,0.0,36.26,5.601050810983688,4.39041504767482,0.0,5.817220841045895,12.170333456209914,36.07675412685558,12.13273413692322,12.13273413692322,32.29444517073921,10.96913104364275,9.998754508538536,19.635224597031957,0.0,2.1458368115637234,9.111023379928954,3.17526378915764,-0.2497774355507938,1.7773119803476947,1.4326499905517762,4.09764560025112,0.35,0,0,1,1,0,0,1,0,3,4,1,5,0,0,0,0,1,3,3.812980000000003,0,0,0,0,0,0,0,0,0,0,0,0,2,0,0,0,0,0,0,0,0,0,0,0,0,0,0,0,1,0,1,0,0,0,0,0,0,0,0,0,0,0,0,0,0,0,0,0,0,0,0,0,0,0,0,0,0,0,0,0,0,0,0,11,4.702898550724638,3,3,0.0,1298.0,4,0.09420289855072463,0.16831357048748352,0.16831357048748352,0.1622035564761763,0.16831357048748352,0.2243406592588875,0.16367365474567913,0.16367365474567913,0.015432068164356758,0,0,0,0,1,2,0,0.16666666666666666,0.8333333333333334,0.041666666666666664,0.08333333333333333,0.0,0.5,0.0,0,0,1,0,0,0,1,0,1,0,0,1,1,0,0,0,1,0,0,0,0,0,1,0,1,0,0,1,0,0,1,1,0,1,1,0,1,0,0,0,0,0,0,0,1,0,0,0,1,1,1,0,0,1,0,1,1,0,0,1,1,0,1,0,0,0,0,1,0,0,0,0,0,0,0,0,0,0,0,0,1,1,0,0,1,0,1,0,0,1,1,0,1,0,0,1,0,1,0,0,1,0,1,0,1,0,0,1,0,0,0,0,1,1,0,0,0,0,0,1,0,1,1,0,0,0,0,0,0,0,0,0,0,0,0,0,0,0,0,0,0,0,0,0,0,0,0,0,0,0,0,0,0,0,0,0,0,0,0,0,0,0,0,0,0,0,0,0,0,1,1,0,0,0,0,0,0,0,0,0,0,0,0,0,0,1,0,0,0,0,1,0,0,0,1,0,0,0,0,0,0,0,1,0,0,0,0,0,0,0,0,1,0,1,1,1,0,0,0,0,0,1,0,0,1,0,0,0,1,1,0,0,0,1,0,1,1,1,0,1,1,0,0,1,1,0,1,0,0,0,1,0,0,1,0,0,1,1,0,0,1,0,1,0,0,1,1,0,0,0,1,0,1,1,0,1,1,1,0,0,1,1,0,1,0,1,1,0,1,1,1,1,1,1,0
10.003436401394556,0.2706468445709067,-0.550078015519033,0.6483269657629404,11.84,345.43900000000014,1.04,2.630570522388835,1.680977803148378,410542.61914713593,9.91153518747432,24.633904860247185,18.460360185545124,11.49902366656781,0.0,0.0,0.0,0.0,0.0,0.0,0.0,18.19910120538483,55.28168648576964,6.544756405912575,14.219595082555067,19.31711625624085,0.0,0.0,5.316788604006331,0.0,19.448525210364934,33.91598985889314,53.59147246262526,17.248535499851716,19.527377465406477,0.0,17.248535499851716,0.0,45.12648364148214,6.4208216229260096,6.923737199690624,11.126902983393991,0.0,0.0,59.95,6.103966387748303,5.106527394840706,0.0,6.606881964512918,6.544756405912575,41.341016512084295,0.0,14.219595082555067,49.38830667892189,5.316788604006331,14.210588861400147,16.13259309777706,0.0,0.0,13.248741815226754,2.2876713684183128,2.2350889005410877,0.2890206011621055,3.529675217688723,3.2537397440002644,0.4,2,0,0,0,0,0,1,0,5,5,0,10,0,0,0,0,1,2,2.584220000000001,0,1,1,0,0,0,0,0,0,0,0,0,0,1,0,0,0,0,0,0,0,0,0,0,0,1,0,0,0,0,3,0,0,0,0,0,0,0,0,0,0,2,0,0,0,0,0,0,0,0,0,0,0,0,0,0,0,0,0,0,0,0,0,16,6.5,2,2,0.0,1950.0,3,0.08666666666666666,0.23913043478260868,0.23913043478260868,0.20141017241175949,0.23913043478260868,0.15908794278517488,0.1404970895544794,0.1404970895544794,0.01227427489984533,0,0,0,0,0,2,0,0.2,0.8,0.16,0.04,0.0,0.5384615384615384,0.0,1,1,0,1,0,0,0,0,0,0,0,0,1,0,0,1,0,1,1,0,0,0,0,0,0,0,0,1,0,0,0,1,0,1,0,1,0,1,0,1,0,0,0,0,1,0,1,0,0,0,1,0,0,0,1,1,0,0,1,0,0,0,0,0,1,0,1,0,0,0,0,0,0,1,0,0,0,0,0,0,1,1,0,0,0,0,1,0,0,0,1,1,0,1,1,0,0,0,1,1,1,0,0,0,1,0,0,1,1,0,0,0,0,0,0,0,0,1,1,0,0,1,0,0,0,0,0,0,0,0,0,0,0,0,0,0,0,0,0,0,0,0,0,0,0,0,0,0,0,0,0,0,0,0,0,0,0,0,0,0,0,0,0,0,0,0,0,0,0,0,0,0,0,0,0,0,0,0,0,0,0,0,1,0,0,0,0,0,0,0,0,0,0,0,0,0,0,0,0,0,1,0,0,0,0,0,0,0,0,0,1,0,0,0,1,0,0,0,1,1,0,1,0,1,0,1,0,0,1,0,0,0,1,0,0,0,0,1,0,1,0,1,0,0,0,0,1,0,0,0,0,0,0,1,1,1,1,1,0,1,1,0,0,0,0,0,1,1,1,1,0,1,1,1,1,1,0,1,1,1,1,1,0,1,0,1,1,1,1,1,1,1,1,1,0
12.024957482993198,0.01907407407407402,-0.96,0.5777126778981032,21.3125,242.34400000000002,1.25,2.175546730729908,3.0460336908423664,2793.4020022572017,4.908146397569112,10.633577208012662,5.41499046939678,5.112436884724758,11.814359458703011,0.0,0.0,9.589074368143644,0.0,0.0,0.0,27.19203322199788,30.977422735060106,0.0,0.0,9.589074368143644,29.144669786474463,0.0,10.633577208012662,11.332896515558172,40.0336764678499,0.0,0.0,0.0,10.633577208012662,0.0,0.0,12.217873443046695,16.926796343427768,9.589074368143644,11.332896515558172,40.0336764678499,0.0,0.0,58.2,5.41499046939678,9.589074368143644,0.0,22.844702389589163,6.4208216229260096,12.841643245852019,0.0,0.0,20.771211599071872,10.633577208012662,12.217873443046695,0.0,4.797601122239019,24.049914965986396,5.21649470899471,-0.96,-0.49999999999999933,2.295448082010582,5.850541120769295,0.0,0.7272727272727273,2,0,1,1,2,0,1,0,3,5,1,4,0,1,1,0,1,1,1.3498999999999999,0,0,0,0,0,0,0,0,0,1,0,0,0,2,0,0,0,0,0,0,0,0,0,0,0,0,0,0,0,0,0,0,0,0,0,0,0,0,0,0,0,0,0,0,0,0,0,0,0,0,0,0,0,0,0,0,0,0,0,0,0,0,0,8,3.316666666666667,1,1,0.0,398.0,4,0.13333333333333333,0.1654761904761905,0.1654761904761905,0.18716996653278026,0.1654761904761905,0.31568661273406967,0.21519504890679342,0.21519504890679342,0.024317377819443438,0,0,0,0,0,0,1,0.3125,0.6875,0.125,0.125,0.0625,0.8125,0.1875,0,1,0,0,0,0,1,0,0,0,1,0,1,0,0,0,0,0,0,0,0,0,0,0,0,0,1,1,0,0,0,0,1,1,0,0,1,0,1,0,0,0,0,0,0,0,0,0,0,0,0,0,0,1,1,0,1,0,1,0,0,0,0,0,0,0,0,0,0,0,0,1,0,1,0,0,0,0,0,0,1,0,0,0,0,1,0,0,0,0,1,0,0,0,1,0,0,1,0,1,1,0,0,0,0,0,0,0,0,1,0,0,0,0,0,0,0,1,0,0,0,0,0,0,0,0,0,0,0,0,0,0,0,0,0,0,0,0,0,0,0,0,0,0,0,0,0,0,0,0,0,0,0,0,0,0,0,0,0,0,0,0,0,0,0,0,0,0,0,0,0,1,0,0,0,1,0,0,0,0,0,1,0,0,0,0,0,0,0,0,0,0,1,0,1,0,0,0,0,0,0,1,0,0,0,1,0,0,1,1,0,0,0,0,0,0,1,1,1,1,1,0,0,0,0,1,1,0,0,0,0,0,0,0,1,0,1,0,1,0,1,0,1,1,1,1,1,0,1,1,0,0,0,0,0,1,1,1,0,1,0,0,0,0,1,1,0,0,0,1,1,1,0,0,0,1,0,1,1,1,0,0,1,1,1,0,1,1,1,1,0,1,1,1,0
12.905095918537544,0.04136916296244819,-0.8005754945035277,0.759345285057915,17.192307692307693,375.87100000000015,1.0769230769230769,2.642309275375368,1.4445792101332056,770962.4311319233,8.295268231160758,10.006437125691184,5.817220841045895,5.783244946364939,0.0,0.0,0.0,4.794537184071822,4.39041504767482,0.0,0.0,23.733674027155736,67.76887517715726,30.096419240189483,5.601050810983688,14.291479626587348,17.384184836597456,0.0,4.899909730850478,0.0,31.284337302687728,19.634269217737724,70.4976936858741,0.0,0.0,4.39041504767482,0.0,11.600939890232516,35.42395128979385,5.601050810983688,5.817220841045895,41.60472665916985,5.022633313741326,0.0,40.540000000000006,5.601050810983688,14.291479626587348,0.0,11.600465787410833,29.84854967421635,31.618542332360732,24.26546827384644,0.0,24.26546827384644,4.899909730850478,11.600939890232516,12.905095918537544,5.91792141513375,14.40157734459167,11.548718608449065,0.6671979224721805,-0.2891484237246511,2.5419143929763517,2.4140503674048945,0.0,0.38095238095238093,1,0,1,1,0,0,0,0,3,5,1,6,0,1,1,0,0,3,4.425600000000004,0,1,0,0,0,0,0,0,0,0,0,0,1,0,0,0,0,1,0,0,0,0,0,0,0,0,0,0,0,0,0,0,0,0,0,0,0,0,1,1,0,0,0,0,0,0,0,0,0,1,0,0,0,0,0,0,0,0,0,0,0,0,0,17,6.2615384615384615,3,3,0.0,2035.0,4,0.08615384615384616,0.21923076923076923,0.21923076923076923,0.18185959572573548,0.21923076923076923,0.16601344101506774,0.14650482635966533,0.14650482635966533,0.013288822475292339,0,0,0,0,0,2,1,0.19230769230769232,0.8076923076923077,0.07692307692307693,0.038461538461538464,0.0,0.5357142857142857,0.03571428571428571,1,0,1,0,1,0,1,0,1,0,1,0,0,1,0,0,0,0,0,1,0,0,0,0,1,0,0,0,1,1,1,0,0,1,1,0,1,0,0,1,0,0,0,1,1,0,1,0,1,1,0,0,0,1,0,0,0,1,0,1,0,0,0,0,0,0,0,0,0,0,0,0,1,0,1,0,0,0,0,0,1,1,1,0,0,0,1,0,1,0,1,0,0,0,0,0,0,0,0,0,1,0,0,0,0,1,0,0,0,0,0,0,0,0,0,0,0,0,0,1,0,1,0,0,0,1,0,1,0,0,0,0,0,0,0,0,0,0,0,0,0,0,0,0,0,0,0,0,0,0,0,0,0,0,0,0,0,0,0,0,0,0,0,0,0,0,0,0,0,0,1,0,0,0,0,0,0,0,0,0,0,0,0,0,0,0,0,0,0,0,1,0,0,0,1,0,0,0,0,0,0,0,0,1,0,0,0,0,0,0,0,0,0,1,1,1,0,0,1,0,0,0,0,0,0,1,1,0,1,0,0,1,1,0,0,1,0,0,0,1,1,0,0,0,0,0,1,0,0,1,1,0,0,1,0,1,1,1,0,0,1,0,1,0,0,1,1,1,0,0,0,1,0,1,0,1,1,0,0,0,1,1,1,1,0,1,1,1,0,1,1,1,1,1,0
12.33337144116906,0.11790380658436228,-0.3712731481481477,0.7314900236053014,11.15,278.31200000000007,1.25,2.7700704596742205,2.3816217976898786,31844.73000441484,5.439070630183458,9.361636831863176,5.783244946364939,11.16387793838399,0.0,5.559266895052008,5.689743398203474,13.928736479654532,9.77851570501903,0.0,0.0,0.0,19.765380445542643,27.060921994192967,6.3273200747645415,4.794537184071822,16.94712288474893,0.0,18.685277464321274,14.09534396535438,32.730958474381225,0.0,27.165404736163666,0.0,11.24901029325548,0.0,0.0,0.0,24.468522410686212,25.434637555338778,0.0,26.186202068468653,0.0,11.16387793838399,78.89,0.0,14.383611552215466,0.0,17.03225523962042,36.971099213074595,0.0,22.38525657003788,18.662443613145733,0.0,4.9839785209472085,0.0,4.203404641177459,0.0,39.43395721911099,0.0,0.10750359557403377,0.11790380658436228,3.2927119987496063,1.8539680474781486,3.323884024658736,0.5384615384615384,0,0,0,0,0,2,0,0,7,7,2,5,0,0,0,0,0,2,0.19300000000000006,0,0,0,0,0,4,0,0,0,0,0,0,4,0,0,0,0,0,0,0,0,0,0,0,0,2,0,0,1,0,0,0,0,0,0,1,0,0,1,1,0,0,0,0,0,0,0,0,0,0,0,0,0,0,0,0,0,0,0,0,0,1,0,10,4.389473684210526,2,2,0.0,834.0,3,0.11052631578947367,0.18830409356725145,0.18830409356725145,0.17344481108720086,0.18830409356725145,0.23863318426050828,0.18098367920107744,0.18098367920107744,0.018725957283744654,0,0,0,0,1,2,0,0.35,0.65,0.15,0.2,0.0,0.38095238095238093,0.14285714285714285,1,1,0,1,0,1,0,0,0,0,1,0,0,0,1,0,0,0,0,1,0,0,0,0,0,0,0,0,1,0,0,0,1,1,1,0,1,0,0,1,0,0,0,0,1,0,0,0,0,0,0,1,1,0,0,0,0,0,1,0,0,0,1,0,0,0,0,0,0,0,0,0,0,0,1,0,0,0,0,1,1,1,0,0,1,0,0,0,0,0,0,0,0,0,0,0,0,0,0,0,1,0,0,0,0,0,0,0,0,1,0,0,0,0,0,1,0,0,0,1,1,1,1,0,0,1,0,0,0,0,0,0,0,0,0,0,0,0,0,0,0,0,0,0,0,0,0,0,0,0,0,0,0,0,0,0,0,0,0,0,0,0,0,0,0,1,1,0,0,0,0,0,0,0,0,0,0,0,0,0,0,0,0,0,0,0,0,0,0,0,0,0,0,1,0,0,0,0,0,0,0,0,0,1,0,1,0,1,1,0,0,1,0,1,0,0,0,1,0,0,1,1,0,1,1,1,1,0,1,1,0,0,0,1,1,0,1,0,1,1,0,1,0,1,1,1,1,0,1,1,1,0,0,1,0,1,0,1,0,0,1,0,0,0,1,1,0,0,0,1,1,1,1,0,1,1,1,1,1,0,1,1,1,1,1,0,1,1,1,1,1,1,1,1,0
11.672037037037038,0.3165740740740737,-0.35999999999999965,0.5384628262372215,11.071428571428571,194.194,1.1428571428571428,2.53868764707295,3.221281081084589,1876.0901711869099,2.5679479011227926,4.567099647791355,0.0,11.16387793838399,0.0,5.559266895052008,5.689743398203474,13.928736479654532,9.77851570501903,0.0,0.0,0.0,0.0,21.143015948031568,6.3273200747645415,0.0,11.16387793838399,0.0,18.685277464321274,21.143015948031568,0.0,0.0,27.165404736163666,0.0,11.24901029325548,0.0,0.0,0.0,18.685277464321274,21.143015948031568,0.0,0.0,0.0,11.16387793838399,61.82,0.0,9.589074368143644,0.0,11.24901029325548,11.16387793838399,4.567099647791355,17.942091705233086,18.662443613145733,0.0,4.9839785209472085,0.0,4.039537037037037,0.0,27.154448223733937,0.0,0.18009259259259403,0.0,1.5193518518518518,0.0,4.773236961451247,0.375,0,0,0,0,0,2,0,0,6,6,2,0,0,0,0,0,0,2,-1.0293,0,0,0,0,0,4,0,0,0,0,0,0,4,0,0,0,0,0,0,0,0,0,0,0,0,2,0,0,1,0,0,0,0,0,0,1,0,0,0,0,0,0,0,0,0,0,0,0,0,0,0,0,0,0,0,0,0,0,0,0,0,0,0,6,2.8351648351648353,2,2,0.0,258.0,3,0.16483516483516486,0.15293040293040297,0.15293040293040297,0.14524687140038064,0.15293040293040297,0.363286259647175,0.246863360530213,0.246863360530213,0.02451686765296619,0,0,0,0,1,2,0,0.42857142857142855,0.5714285714285714,0.14285714285714285,0.2857142857142857,0.0,0.2,0.13333333333333333,1,1,0,1,0,0,0,0,0,0,1,0,0,0,0,0,1,0,0,0,0,0,0,0,0,0,0,1,0,0,0,0,1,1,0,0,1,0,0,1,0,0,0,0,1,0,0,0,0,0,0,1,1,0,0,0,0,0,1,0,0,0,0,0,0,0,0,0,0,0,0,0,0,0,1,0,0,0,0,1,0,1,0,0,0,0,0,0,0,0,0,0,0,0,0,0,0,0,0,0,1,0,0,0,0,0,1,0,0,1,0,0,0,0,0,0,0,0,0,0,1,1,1,0,0,0,0,0,0,0,0,0,0,0,0,0,0,0,0,0,0,0,0,0,0,0,0,0,0,0,0,0,0,0,0,0,0,0,0,0,0,0,0,0,0,1,1,0,0,0,0,0,0,0,0,0,0,0,0,0,0,0,0,0,0,0,0,0,0,0,0,0,0,1,0,0,0,0,0,0,0,0,0,1,0,1,0,1,1,0,0,1,0,1,0,0,0,1,0,0,1,1,0,1,1,1,1,0,0,1,0,0,0,1,1,0,0,0,1,0,0,1,0,0,0,1,0,0,1,1,1,0,0,1,0,1,0,0,0,0,0,0,0,0,1,1,0,0,0,1,1,1,1,0,0,0,1,1,1,0,0,0,1,0,1,0,1,1,1,1,1,1,1,1,0
11.395416666666666,0.3454166666666669,-0.42143235071806484,0.6953141636084316,10.928571428571429,194.194,1.5,2.6044960523487886,2.8639898667068753,2338.837455009212,3.132343597679445,4.9839785209472085,5.516700717616262,5.647177220767728,0.0,5.559266895052008,5.689743398203474,14.345615352810384,9.77851570501903,0.0,0.0,6.923737199690624,6.4208216229260096,6.544756405912575,6.3273200747645415,0.0,11.16387793838399,0.0,19.51903521063298,0.0,19.88931522852921,0.0,27.165404736163666,0.0,11.24901029325548,0.0,0.0,0.0,19.51903521063298,6.544756405912575,0.0,13.344558822616634,0.0,11.16387793838399,83.54,11.24901029325548,9.589074368143644,0.0,0.0,17.708634344296563,6.4208216229260096,10.894419722555895,0.0,6.923737199690624,14.951935562841626,0.0,1.45162037037037,0.0,31.551314720332577,0.0,-0.06485827664399002,0.0,2.221643990929705,2.5069458616780045,0.0,0.375,2,0,0,0,0,2,0,0,4,6,2,2,0,0,0,0,0,2,-0.17710000000000065,0,0,0,0,0,4,2,0,0,0,0,0,2,2,0,0,0,0,0,0,0,0,0,0,0,1,0,0,1,0,0,0,0,0,0,1,0,0,0,0,0,0,0,0,0,0,0,0,0,0,0,0,0,0,0,0,0,0,0,0,0,0,0,7,3.043956043956044,2,2,0.0,277.0,3,0.16483516483516483,0.17032967032967034,0.17032967032967034,0.1529605594184072,0.17032967032967034,0.3415431872106405,0.24173073658331007,0.24173073658331007,0.02050251278422779,0,0,0,0,1,2,0,0.42857142857142855,0.5714285714285714,0.14285714285714285,0.2857142857142857,0.0,0.2,0.13333333333333333,0,0,0,0,0,0,0,0,0,0,1,0,0,0,0,0,0,0,0,0,0,0,0,0,0,0,1,0,0,0,0,0,1,1,1,0,0,0,1,1,0,0,1,0,1,0,0,0,0,1,0,0,1,0,0,0,0,0,1,1,0,1,0,0,0,0,1,0,0,0,0,1,0,1,0,0,0,0,0,0,1,1,0,0,0,0,0,0,0,0,1,1,1,0,0,0,0,0,0,0,1,0,0,0,0,0,1,1,0,0,1,0,0,0,0,0,0,0,1,0,0,1,1,0,0,0,0,0,0,0,0,0,0,0,0,0,0,0,0,0,0,0,0,0,0,0,0,0,0,0,0,0,0,0,0,0,0,0,0,0,0,0,0,0,0,1,1,0,0,0,0,0,0,0,0,0,0,0,0,0,0,0,1,0,0,0,0,0,0,0,0,0,0,1,0,0,0,0,0,0,0,0,0,1,0,1,0,1,1,0,0,1,0,1,0,0,0,1,1,1,1,0,0,1,1,1,1,0,1,1,0,0,0,1,1,0,0,0,1,1,0,1,1,1,0,1,1,0,1,1,1,0,0,1,0,1,0,0,0,1,0,0,0,0,1,1,0,0,0,0,1,1,1,0,0,1,1,0,1,1,0,1,1,1,1,0,1,1,1,1,1,1,1,1,0
11.997722505668936,0.042106953892668164,-0.9820923091458809,0.6460832424087163,13.11111111111111,254.24599999999998,1.3333333333333333,2.7697386600516576,2.7364643675188978,13114.712555344599,4.389543779405982,14.780154437472765,0.0,11.16387793838399,0.0,5.559266895052008,5.689743398203474,13.928736479654532,9.77851570501903,0.0,0.0,0.0,0.0,14.09534396535438,25.582924832938335,10.213054789681411,11.16387793838399,0.0,18.685277464321274,14.09534396535438,12.648722793660877,6.606881964512918,27.165404736163666,0.0,11.24901029325548,0.0,0.0,0.0,41.609180606263905,20.640100371266954,0.0,0.0,0.0,11.16387793838399,102.28,23.959858645516704,14.69560176298435,0.0,17.708634344296566,0.0,4.567099647791355,29.55686333570163,0.0,0.0,4.9839785209472085,5.106527394840706,3.669041005291005,0.0,27.664151864449483,18.20327748383304,-0.44765161774586315,0.0,0.383370653817082,-0.3688524344923154,2.8966630448475685,0.5,2,0,0,0,0,2,1,0,8,8,2,3,0,0,0,0,1,2,-2.213099999999999,0,2,2,0,0,4,0,0,0,0,0,0,4,0,0,0,0,0,0,0,0,0,0,0,0,1,0,0,1,0,0,0,0,0,0,1,0,0,0,0,0,0,0,0,0,0,0,0,0,0,0,0,0,0,0,0,0,0,0,0,0,0,0,9,3.712418300653595,2,2,0.0,568.0,3,0.12418300653594766,0.16952614379084965,0.16952614379084965,0.16735857356640887,0.16952614379084965,0.280928794958603,0.20312549245549538,0.20312549245549538,0.02089409681547008,0,0,0,0,1,2,0,0.4444444444444444,0.5555555555555556,0.2222222222222222,0.2222222222222222,0.0,0.3684210526315789,0.10526315789473684,1,1,1,1,0,0,0,0,0,0,1,0,0,0,0,0,1,0,1,0,0,1,0,0,0,0,0,1,0,0,0,0,1,1,0,0,1,0,0,1,0,0,0,0,1,0,0,1,0,0,0,1,1,0,0,0,0,1,1,0,0,0,0,0,0,0,0,0,0,0,0,0,0,0,0,0,0,0,0,0,1,1,0,0,0,0,0,0,0,1,0,0,0,0,1,1,0,0,1,1,1,0,0,0,0,0,1,0,0,0,0,0,0,0,0,0,0,0,1,0,1,1,1,0,0,0,0,0,0,0,0,0,0,0,0,0,0,0,0,0,0,0,0,0,0,0,0,0,0,0,0,0,0,0,0,0,0,0,0,0,0,0,0,0,0,1,1,0,0,0,0,0,0,0,0,0,0,0,0,0,0,0,1,0,0,0,0,0,0,0,0,0,0,1,0,0,0,0,0,0,1,0,0,1,0,1,0,1,1,0,1,1,0,1,0,0,0,1,1,0,1,1,0,1,1,1,1,0,1,1,0,0,1,1,1,0,0,1,1,0,0,1,0,0,0,1,0,0,1,1,1,0,0,1,0,1,0,0,0,1,1,0,0,0,1,1,1,1,1,0,1,1,1,0,1,0,1,1,1,0,1,1,1,1,1,1,1,1,1,1,1,1,1,1,0
12.853289018950612,0.05505621381319292,-0.24572788625602393,0.023091239864102397,18.864864864864863,1029.2779999999996,0.4594594594594595,3.4167466475244117,0.966894853743846,9686581700970722.0,26.619231437135724,65.80841716098983,12.083681658295921,45.99609466627124,11.49902366656781,0.0,11.938610575903699,9.589074368143644,0.0,0.0,0.0,12.152040213667762,83.6263857603329,62.49347596680208,124.58610893080582,75.39749152913348,11.938610575903699,0.0,0.0,0.0,76.29189788755603,124.58610893080582,94.06368571154263,57.49511833283905,47.36862953800049,0.0,57.49511833283905,0.0,145.4907812220988,44.74608676744778,0.0,83.98932034603396,0.0,0.0,144.9,0.0,9.589074368143644,0.0,36.86393548005164,109.23381199942095,59.11363356828555,22.253805966787983,71.09797541277531,36.417508487514205,38.36081223920082,56.84235544560059,69.84249034304078,0.0,25.706578037901224,0.0,6.929468827382149,5.812001158892019,9.943760035468268,4.0150678046432295,20.873643257252304,0.5172413793103449,0,0,2,2,0,0,4,0,14,16,2,28,0,0,0,0,2,6,9.029000000000005,0,0,0,0,0,0,0,0,0,0,0,0,2,0,0,0,2,0,0,0,0,0,2,0,0,0,0,0,2,2,12,0,0,0,0,0,0,0,0,0,0,10,0,0,0,0,0,0,0,0,0,0,0,2,0,0,0,0,0,0,0,0,0,33,14.038134024435394,6,6,0.0,37917.0,4,0.029248426508700485,0.18108519478382493,0.18108519478382493,0.19925746683493015,0.1810851947838249,0.0730013097090942,0.08746269727890633,0.08746269727890633,0.00884519209622081,0,0,0,0,0,4,0,0.21621621621621623,0.7837837837837838,0.1891891891891892,0.02702702702702703,0.0,0.6582278481012658,0.0379746835443038,1,0,0,1,0,1,0,0,0,1,1,0,0,1,0,0,0,1,1,1,0,0,0,0,0,0,1,0,1,0,1,0,1,1,0,1,0,1,0,1,0,0,1,0,0,1,0,0,0,0,1,0,0,0,1,1,0,0,1,0,0,0,0,1,0,0,0,0,0,0,1,1,0,1,1,0,1,1,0,0,1,1,1,0,1,0,0,0,0,0,1,1,0,1,0,0,1,0,0,0,1,0,0,0,0,0,1,1,0,0,0,0,0,0,0,0,0,0,1,1,0,1,1,1,1,1,0,1,0,0,0,0,0,0,0,0,0,0,0,0,0,0,0,0,0,0,0,0,0,0,0,0,0,0,0,0,0,0,1,0,0,0,0,0,0,0,0,0,0,0,0,0,0,0,0,0,0,1,0,0,0,0,0,0,0,0,0,0,0,0,0,0,0,0,0,0,0,0,0,0,1,0,0,1,0,0,0,0,0,0,0,0,0,1,1,0,0,1,0,0,0,1,0,0,0,1,1,1,1,1,0,0,0,1,0,0,1,1,0,1,1,1,0,1,1,0,1,0,1,1,1,1,0,1,1,1,1,1,0,0,1,0,0,0,1,1,1,0,1,1,1,1,1,1,1,1,1,1,1,0,1,1,1,1,1,1,1,1,1,1,1,1,1,1,0
11.429537037037036,0.2820370370370373,-0.3756018518518516,0.5624722357827983,10.923076923076923,180.16699999999997,1.3076923076923077,2.5943160605063236,3.21185381303522,1349.0443514632882,2.317238170551303,4.9839785209472085,5.647177220767728,5.516700717616262,0.0,5.559266895052008,5.689743398203474,13.928736479654532,9.77851570501903,0.0,0.0,0.0,0.0,14.09534396535438,6.3273200747645415,0.0,11.16387793838399,0.0,19.102156337477126,14.09534396535438,0.0,0.0,27.165404736163666,0.0,11.24901029325548,0.0,0.0,0.0,19.102156337477126,14.09534396535438,0.0,0.0,0.0,11.16387793838399,72.68,0.0,9.589074368143644,0.0,16.76571101087174,5.647177220767728,4.567099647791355,17.942091705233086,7.04767198267719,0.0,9.967957041894417,0.0,2.3818518518518514,0.0,29.37662037037037,0.0,-0.0011111111111095084,0.0,1.3943518518518516,0.0,3.0149537037037035,0.2857142857142857,1,0,0,0,0,2,0,0,5,6,2,0,0,0,0,0,0,2,-1.0397000000000005,0,0,0,0,0,4,1,0,0,0,0,0,3,1,0,0,0,0,0,0,0,0,0,0,0,1,0,0,1,0,0,0,0,0,0,1,0,0,0,0,0,0,0,0,0,0,0,0,0,0,0,0,0,0,0,0,0,0,0,0,0,0,0,5,2.7051282051282053,2,2,0.0,211.0,3,0.1794871794871795,0.155011655011655,0.155011655011655,0.14412683736233764,0.155011655011655,0.37982646603746867,0.25874314541160526,0.25874314541160526,0.02404492859728094,0,0,0,0,1,2,0,0.46153846153846156,0.5384615384615384,0.15384615384615385,0.3076923076923077,0.0,0.14285714285714285,0.14285714285714285,0,0,0,1,0,0,0,1,0,0,1,1,0,0,0,0,1,0,0,0,0,0,0,0,0,0,0,0,0,0,0,0,0,1,0,0,0,0,1,1,0,0,0,0,1,0,0,0,0,0,0,0,1,0,0,0,0,0,1,0,1,0,0,0,0,0,1,0,0,0,0,0,0,1,0,0,0,0,0,0,0,1,0,0,0,0,0,1,0,0,1,0,1,0,0,0,0,1,0,0,1,0,0,1,0,0,1,0,0,0,0,0,0,0,0,0,0,0,0,0,1,1,1,0,0,0,0,0,0,0,0,0,0,0,0,0,0,0,0,0,0,0,0,0,0,0,0,0,0,0,0,0,0,0,0,0,0,0,0,0,0,0,0,0,0,1,1,0,0,0,0,0,0,0,0,0,0,0,0,0,0,0,0,0,0,0,0,0,0,0,0,0,0,1,0,0,0,0,0,0,0,0,0,1,0,1,0,1,1,0,0,1,0,1,0,0,0,1,0,0,1,1,0,1,1,1,1,0,0,1,0,0,0,1,1,0,0,0,1,0,0,1,0,0,0,1,0,0,1,1,1,0,0,1,0,1,0,0,0,0,0,0,0,0,1,1,0,0,0,0,1,1,1,0,0,0,1,1,1,1,0,0,1,0,1,0,1,1,1,1,1,1,1,1,0
13.483401667032272,0.02415492982864853,-1.471654096581496,0.33279567772779733,34.30434782608695,656.6620000000001,0.9130434782608695,3.8478468442628486,1.158228943611139,57390008052.18593,11.559989470673607,57.95134876872255,24.41586555099321,35.57810079180605,12.542454139383732,0.0,5.969305287951849,4.794537184071822,0.0,0.0,11.336785877934737,6.06636706846161,52.40225258786495,11.835812092322787,44.3323786391919,62.745885952794374,17.306091165886585,0.0,0.0,11.835812092322787,49.01779144357333,34.226301317680736,63.34576685002786,28.747559166419524,18.947451815200196,0.0,28.747559166419524,11.336785877934737,86.22108107048312,28.478851953072066,11.835812092322787,39.87940083203719,0.0,0.0,160.83,66.82290882384797,20.11411936859394,0.0,37.25524173497738,28.189378141658796,4.877147193701299,25.556380960489804,18.19910120538483,23.579163975850747,0.0,42.63176658420044,52.56951362771084,1.4641830106325573,14.32268078917269,35.000003964840836,2.000043371516066,-1.0847244519152293,-7.164134010332464,0.17107684235585818,2.8627944598667243,0.46875,3,1,4,5,0,1,10,0,14,14,5,6,0,3,3,0,0,8,2.752900000000001,0,2,2,0,0,0,0,1,0,0,0,0,0,0,0,0,0,0,0,0,0,0,0,0,0,0,0,0,4,1,9,0,0,0,0,0,0,0,0,0,1,2,0,0,0,0,0,0,0,0,0,0,0,0,0,0,0,0,0,0,1,0,0,18,7.057971014492754,8,8,0.0,7305.0,3,0.05120772946859903,0.13768115942028986,0.13768115942028986,0.13947294851504813,0.13768115942028986,0.14807673784871556,0.11275967238996851,0.11275967238996851,0.010340669076542294,0,0,0,0,3,3,3,0.30434782608695654,0.6956521739130435,0.2826086956521739,0.0,0.021739130434782608,0.660377358490566,0.018867924528301886,1,1,0,1,0,0,1,1,1,1,1,0,0,0,1,0,1,0,0,0,1,0,0,0,0,0,0,1,0,0,1,1,1,1,1,1,0,1,0,1,1,0,0,1,0,1,0,0,0,1,1,1,1,0,0,1,0,1,1,0,0,0,1,1,1,1,1,0,0,1,0,1,0,1,1,0,1,0,0,1,0,1,1,1,0,0,1,0,0,0,0,1,0,1,1,0,0,1,1,1,1,1,0,0,0,1,1,1,0,0,1,0,0,1,0,0,1,0,0,0,0,1,0,1,0,0,0,1,0,0,0,0,0,0,0,0,0,0,0,0,0,0,0,0,0,0,0,0,0,0,0,0,0,0,0,0,1,0,0,0,0,0,0,0,1,0,0,0,0,0,0,0,0,0,0,0,0,0,0,0,0,0,1,0,0,1,0,0,0,0,1,0,0,0,0,0,0,0,0,0,1,0,0,0,0,0,0,0,0,1,0,1,0,0,0,0,1,1,0,1,0,1,0,0,1,0,1,0,0,1,0,0,0,1,0,0,0,1,0,0,0,1,0,0,0,0,0,0,1,0,0,1,0,1,1,1,0,0,0,1,1,0,0,0,0,1,1,1,1,0,0,1,1,1,1,0,0,1,1,0,1,1,1,0,0,1,0,1,1,0,1,1,1,1,0
9.765463700636825,0.13032209196517086,-0.13032209196517086,0.44208017823980256,11.166666666666666,422.9200000000001,1.0666666666666667,3.408942179037018,1.6211679783418804,12079668.426029969,9.192446181505572,9.67362704263206,5.824404497999927,10.97751431489272,0.0,0.0,0.0,0.0,10.082660329248245,0.0,5.098681808301038,73.47643526054203,33.537946289326726,18.52902952053558,12.300809959361379,5.106527394840706,11.600939890232516,0.0,30.175211976650374,0.0,39.33784043889414,0.0,70.76583034913106,22.514758973090913,0.0,0.0,0.0,11.600939890232516,35.281739371491085,19.572459993351504,0.0,36.84716443008803,5.153109816892792,22.514758973090913,92.50999999999999,0.0,5.106527394840706,0.0,6.606881964512918,23.216198715653753,47.34067533356593,0.0,0.0,22.766200853176183,62.863684870857696,11.600939890232516,2.028902910694938,6.2558859257151465,4.466461243715933,24.37752717034279,4.838989296902923,1.550026817055379,2.9494794557807937,2.6294661353375206,0.0,0.2727272727272727,2,0,0,0,0,2,0,0,6,8,2,8,0,0,0,0,0,4,4.2668000000000035,0,1,1,0,0,6,1,0,0,0,0,0,5,1,0,0,0,0,0,0,0,0,0,0,0,1,0,0,0,0,0,0,0,0,0,1,0,0,0,0,0,0,0,0,0,0,0,0,0,0,0,0,0,0,0,0,0,0,1,0,0,1,0,15,6.126436781609195,4,4,0.0,2665.0,3,0.07586206896551724,0.1830870279146141,0.1830870279146141,0.17601945615799958,0.1830870279146141,0.16961471221138497,0.15947996061013983,0.15947996061013983,0.011506397832590618,0,0,0,0,2,4,0,0.26666666666666666,0.7333333333333333,0.03333333333333333,0.2,0.0,0.3333333333333333,0.0,1,0,0,1,0,0,0,0,1,0,0,0,1,0,0,0,0,0,0,1,0,0,0,0,0,0,1,0,0,0,0,0,0,1,1,0,0,1,1,1,0,0,0,0,0,0,0,1,0,1,1,0,0,1,1,0,0,0,1,0,0,0,1,1,1,1,0,0,0,1,0,0,0,1,1,0,0,0,0,1,1,1,0,1,0,1,1,0,1,0,1,1,0,0,1,0,1,0,0,0,1,1,0,1,0,1,0,0,0,0,0,0,1,0,0,0,0,0,0,1,0,0,1,0,0,0,1,0,0,0,0,0,0,0,0,0,0,0,0,0,0,0,0,0,0,0,0,0,0,0,0,0,0,0,0,0,0,0,0,0,0,0,0,0,0,0,1,0,0,0,0,0,0,0,0,0,0,0,0,0,1,0,0,0,0,0,0,0,0,0,1,0,0,1,0,0,0,1,1,0,0,0,0,1,0,1,0,1,1,0,1,1,0,1,0,1,0,0,0,1,0,0,1,1,1,1,0,0,1,0,0,1,0,0,0,1,0,1,0,1,0,0,1,1,1,0,1,0,1,1,1,0,1,1,0,0,1,1,1,1,0,0,1,0,0,1,1,1,0,0,1,0,1,1,0,1,1,0,1,1,0,1,0,1,1,1,1,0,1,1,1,1,1,1,0
13.82941552563531,0.056571266054367575,-1.2990377762802912,0.19750207121883465,21.510204081632654,670.855,0.9387755102040817,3.0611652911659837,1.3531975435934802,48770043313.12044,15.907355493348835,26.790560684021884,11.735768823996422,0.0,17.721539188054518,5.907179729351506,0.0,24.07805846713776,4.9839785209472085,0.0,0.0,73.85976848493253,69.5656741887929,24.014662278673292,30.125170386586497,24.28467613112799,34.53164384948708,0.0,25.834254063816676,17.569479569484972,95.48537708712948,13.08951281182515,77.98741723962318,0.0,21.684033289181176,0.0,0.0,0.0,81.4770615034451,20.804433175141472,11.835812092322787,75.34805800724523,0.0,10.902924932081056,166.75,53.91077493855606,24.28467613112799,0.0,24.566685753038552,23.897269215851622,36.63296219786583,6.4208216229260096,18.19910120538483,69.30214814676475,25.834254063816676,5.733667477162185,0.0,0.0,59.2779168631101,21.405125119519738,6.702839882614272,-1.1954100735081432,4.030706496148877,6.7256193297126705,0.0,0.5,6,1,1,2,4,1,6,0,7,11,2,12,1,1,2,0,0,5,3.092400000000003,0,1,1,0,0,1,0,0,0,0,1,0,2,3,1,0,0,1,0,0,0,0,0,0,0,0,0,0,2,0,0,0,0,0,0,0,0,0,0,0,0,0,0,0,0,0,0,1,0,1,0,1,1,0,0,0,0,0,0,0,0,0,0,19,8.08843537414966,5,5,0.0,9512.0,4,0.04506802721088435,0.15081777391807785,0.15081777391807785,0.17778327590734908,0.15081777391807785,0.12843265752771027,0.09897777421855239,0.09897777421855239,0.00996221804098251,0,0,0,0,0,3,2,0.22448979591836735,0.7755102040816326,0.10204081632653061,0.12244897959183673,0.0,0.6037735849056604,0.07547169811320754,1,1,1,0,1,1,0,1,1,0,1,0,1,0,0,0,0,0,1,1,1,0,0,0,0,0,1,1,0,0,1,1,0,1,0,1,0,0,0,1,0,0,1,0,0,1,0,1,0,1,1,1,0,0,0,0,0,1,0,0,0,1,0,1,1,0,0,0,0,1,0,0,0,1,0,1,0,0,0,1,1,1,0,0,0,0,1,1,0,1,1,1,1,0,0,0,1,0,1,1,1,0,1,0,1,0,1,1,1,0,0,0,0,0,1,0,0,1,0,1,1,0,1,1,1,1,0,0,0,0,0,0,0,0,0,0,0,0,0,0,0,0,0,0,0,0,0,0,0,0,0,0,0,0,0,0,0,0,0,0,0,0,0,0,0,0,0,0,0,0,0,0,0,0,0,0,0,0,0,0,0,1,1,0,0,0,0,0,0,0,0,0,0,1,1,0,0,0,0,0,0,0,1,1,0,0,0,1,1,0,0,0,1,1,1,0,0,0,1,1,1,0,0,1,0,1,1,0,1,1,0,0,1,1,0,0,0,0,1,1,1,0,0,0,0,1,1,0,1,1,1,0,0,1,0,0,1,1,0,1,1,0,0,0,1,1,1,1,1,1,1,0,0,1,1,1,1,1,1,1,1,1,1,1,1,1,1,1,1,1,1,1,1,1,0
11.356361095364072,0.4961228951457122,-1.6980017006802728,0.17886938514586126,26.26086956521739,332.313,1.434782608695652,2.4541287833082452,3.2176230382897626,66364.55055822157,7.760374973417793,41.530217218337725,18.31189916324491,5.959554568743835,11.666344601007681,0.0,5.969305287951849,10.203820789863343,4.794537184071822,0.0,0.0,0.0,6.076020106833881,6.923737199690624,18.69056362280884,34.752046901306514,17.836039586047193,5.409283605791522,10.633577208012662,5.733667477162185,37.319318021231446,6.606881964512918,11.835184978490057,0.0,16.367244685174846,0.0,0.0,0.0,75.26461195146375,14.325937321943691,5.409283605791522,6.923737199690624,0.0,0.0,198.22,60.5976672437571,19.802129157825057,0.0,0.0,0.0,6.076020106833881,6.923737199690624,0.0,0.0,10.633577208012662,26.09286882643517,5.132378117913833,0.0,22.491625881834217,49.76601754745108,5.235481229528848,-3.0158706275720144,-3.633012566137566,0.38681295666414717,0.0,0.5833333333333334,9,0,1,1,1,0,5,0,7,11,1,6,0,0,0,0,0,1,-3.5758299999999963,1,3,3,0,0,0,0,0,1,0,0,0,0,3,1,0,0,0,0,0,0,0,0,0,0,0,0,0,0,0,1,0,1,0,0,0,0,0,0,0,0,0,0,0,0,0,0,0,0,0,0,0,0,0,0,0,0,0,0,0,0,0,0,9,4.403162055335969,1,1,0.0,1114.0,3,0.09090909090909088,0.16205533596837943,0.16205533596837943,0.16114096131871355,0.16205533596837943,0.23771537646316254,0.17393453537971262,0.17393453537971262,0.018228927917831667,0,0,0,0,0,0,1,0.4782608695652174,0.5217391304347826,0.30434782608695654,0.17391304347826086,0.0,0.8260869565217391,0.17391304347826086,1,1,0,1,0,1,0,0,0,1,1,0,1,1,0,0,1,0,0,1,0,0,1,0,1,0,0,0,0,0,0,0,0,1,0,0,0,0,0,1,0,0,0,1,0,0,0,0,0,0,0,0,0,0,0,0,0,0,0,0,0,0,0,1,0,0,0,1,0,0,0,0,1,0,0,0,0,0,1,0,1,1,0,0,0,0,1,0,0,0,0,0,0,0,1,1,0,0,1,1,1,0,0,0,1,0,1,1,0,0,1,1,1,0,0,1,0,1,0,0,1,1,0,1,1,1,0,1,0,0,0,0,0,0,0,0,0,0,0,0,0,0,0,0,0,0,0,0,0,0,0,0,0,1,0,0,0,0,0,0,0,0,0,0,0,0,0,0,0,0,0,1,0,0,0,0,0,0,0,0,0,1,1,0,0,1,0,0,0,0,0,0,0,0,0,0,0,0,0,0,1,0,0,0,1,1,1,1,0,0,1,0,1,0,0,0,0,1,1,0,1,0,0,1,0,1,1,1,0,0,0,0,1,0,1,0,0,1,1,0,0,0,0,0,0,1,0,1,0,0,0,1,0,0,0,0,0,0,0,1,1,1,0,0,1,1,0,1,1,0,1,0,0,0,1,0,0,0,1,1,1,1,1,1,1,1,1,1,1,1,0,1,1,1,0
10.55421343537415,0.08055555555555549,-0.5385534769463345,0.7981444096668123,41.04545454545455,299.3700000000001,1.3636363636363635,2.8761242741534874,1.8223654238415257,226722.00040724524,4.059867674858224,19.480163033291284,12.207932775496605,11.49902366656781,0.0,0.0,0.0,0.0,0.0,0.0,0.0,18.218407282129373,38.06389019460039,22.938188836403132,7.109797541277533,14.580253302440804,0.0,0.0,4.899909730850478,5.917906046161393,36.50640731989336,20.7022259298673,35.411677333984976,11.49902366656781,9.473725907600098,0.0,11.49902366656781,0.0,48.95843666020304,11.83581209232279,5.917906046161393,17.547724606320003,0.0,0.0,41.93,6.103966387748303,5.106527394840706,0.0,11.518956857145081,11.959746875309353,30.885423318332407,11.126902983393991,7.109797541277533,12.142387175295491,24.08996888882316,9.473725907600098,11.834056358654573,0.0,2.4724038643235073,10.55421343537415,2.6029629629629634,2.0899187452758885,5.535754913076341,1.053250425170068,3.9070561696900983,0.5555555555555556,1,2,2,4,0,0,5,2,4,4,2,1,0,1,1,1,0,5,1.5010999999999999,0,1,1,0,0,0,0,0,0,0,0,0,1,0,0,0,1,1,0,0,0,0,0,0,0,0,0,0,0,0,2,0,0,0,0,0,0,0,0,0,0,1,0,0,0,0,0,0,0,1,0,0,0,0,0,0,0,0,0,0,0,0,0,9,3.567099567099567,5,5,0.0,824.0,4,0.11255411255411256,0.12835497835497833,0.12835497835497833,0.09752578923234674,0.12835497835497836,0.29025533261112285,0.18869662278592025,0.18869662278592025,0.01726919190798975,0,0,0,0,0,1,2,0.18181818181818182,0.8181818181818182,0.13636363636363635,0.045454545454545456,0.0,0.7307692307692307,0.038461538461538464,1,0,0,0,0,0,0,1,0,0,1,0,0,0,1,1,1,0,0,1,0,1,0,0,1,1,0,0,0,1,1,0,0,1,0,0,1,0,0,1,1,0,1,0,1,0,0,0,0,0,1,0,0,0,0,1,0,1,0,1,1,0,0,0,0,1,0,1,1,0,0,0,1,1,0,0,0,1,0,0,0,1,0,1,1,0,1,0,0,0,0,0,0,0,1,0,0,0,0,0,1,0,1,1,0,1,0,0,0,0,1,0,0,1,0,0,0,0,0,0,0,1,0,1,0,0,0,0,0,0,0,0,0,0,0,0,0,0,0,0,0,0,0,0,0,0,0,0,0,0,0,0,0,0,0,0,0,0,0,0,0,0,0,0,0,0,0,0,0,0,0,0,0,0,0,0,0,0,0,0,0,0,0,0,0,1,0,0,0,0,0,0,0,0,1,0,0,0,0,0,1,0,0,1,0,0,0,0,0,0,0,1,0,1,1,0,0,0,0,1,0,1,0,0,1,0,1,1,1,1,0,0,0,1,0,0,0,0,0,1,1,1,0,1,1,0,1,0,1,1,1,0,0,0,1,1,1,1,0,0,0,0,0,0,0,1,0,1,0,0,0,1,1,1,1,1,1,1,0,0,1,1,0,0,1,1,1,1,1,1,1,1,1,1,0
10.440693027210886,0.1597222222222221,-0.5943924792139081,0.7033474919154648,42.57142857142857,285.343,1.3333333333333333,2.827160578068894,1.8445254467475665,132503.36197293294,3.6226846881803887,19.84982747433194,12.207932775496605,11.49902366656781,0.0,0.0,0.0,0.0,0.0,0.0,0.0,18.218407282129373,38.06389019460039,22.938188836403132,0.0,14.94991774348146,0.0,0.0,4.899909730850478,5.917906046161393,36.50640731989336,13.592428388589765,35.411677333984976,11.49902366656781,4.736862953800049,0.0,11.49902366656781,0.0,46.955166513766216,11.83581209232279,5.917906046161393,17.54772460632,0.0,0.0,52.93000000000001,6.103966387748303,10.213054789681411,0.0,17.26846869042899,17.70925870859326,19.386399651764595,11.126902983393991,6.06636706846161,12.142387175295491,18.02360182036155,4.736862953800049,6.087093726379441,0.0,2.4333413643235073,20.648517731166542,2.2901388888888894,1.1891723356009072,5.177912887377173,1.0100425170068026,2.188028943058705,0.5294117647058824,2,2,2,4,0,0,5,2,4,4,2,0,0,1,1,1,0,5,1.1981,0,1,1,0,0,0,0,1,0,0,0,0,1,0,0,0,1,1,0,0,0,0,0,0,0,0,0,0,0,0,1,0,0,0,0,0,0,0,0,0,0,0,0,0,0,0,0,0,0,1,0,0,0,0,0,0,0,0,0,0,0,0,0,8,3.3904761904761904,5,5,0.0,712.0,4,0.11904761904761907,0.12581453634085213,0.12581453634085213,0.09673606494637395,0.12581453634085213,0.30405870222009723,0.19595038588266175,0.19595038588266175,0.01763573702838768,0,0,0,0,1,0,2,0.19047619047619047,0.8095238095238095,0.14285714285714285,0.047619047619047616,0.0,0.72,0.04,0,0,0,0,0,0,0,1,0,0,1,0,0,0,1,1,1,0,0,1,0,1,1,0,1,1,0,0,0,1,1,0,0,1,0,0,1,0,0,1,1,0,1,0,1,0,0,0,0,0,0,0,0,0,0,1,0,1,0,1,1,0,0,0,0,1,1,1,1,0,0,1,1,0,0,0,0,1,0,0,0,1,0,1,1,0,1,0,0,0,0,0,0,0,0,0,0,0,0,0,1,0,1,1,0,1,0,0,0,0,1,0,0,1,0,0,0,0,0,0,0,1,0,1,0,0,0,0,0,0,0,0,0,0,0,0,0,0,0,0,0,0,0,0,0,0,0,0,0,0,0,0,0,0,0,0,0,0,0,0,0,0,0,0,0,0,0,0,0,0,0,0,0,0,0,0,0,0,0,0,0,0,0,0,0,1,0,0,0,0,0,0,0,0,1,0,0,0,0,0,1,0,0,1,0,0,0,0,0,0,0,1,0,1,1,0,0,0,0,1,0,1,0,0,1,0,1,1,1,1,0,0,0,1,0,0,0,0,0,1,1,1,0,1,1,0,1,0,1,1,1,0,0,0,0,1,1,1,0,1,0,0,0,0,0,1,0,1,0,0,0,1,1,1,1,1,1,0,0,0,1,1,0,0,1,1,1,1,1,1,1,1,1,1,0
5.903168934240362,0.0473713991769551,0.0473713991769551,0.5851791059173755,10.736842105263158,253.26900000000003,0.7368421052631579,2.384079770366278,2.3078316699480332,27245.263615745826,4.054792899408284,17.201002431486554,5.693927994848461,22.799603494054043,5.948339280986494,0.0,0.0,0.0,9.967957041894417,9.967957041894417,0.0,30.33183534230805,0.0,5.563451491696996,0.0,0.0,28.747942775040542,0.0,19.935914083788834,0.0,0.0,17.201002431486554,30.33183534230805,11.257379486545457,17.201002431486554,17.58406483665655,0.0,0.0,19.935914083788834,0.0,0.0,0.0,0.0,22.421257424929443,129.62,0.0,0.0,0.0,17.58406483665655,16.85780593323245,5.563451491696996,0.0,0.0,30.33183534230805,19.935914083788834,17.201002431486554,0.0,0.0,16.40289808515999,0.0,19.282288090396854,0.5088354014445293,0.0,0.0,0.0,0.0,6,0,0,0,0,2,0,0,7,7,2,1,0,0,0,0,0,3,0.8334000000000001,0,0,0,3,0,4,0,0,0,0,0,0,4,0,3,0,0,0,0,0,0,0,0,0,3,0,0,0,1,0,0,0,0,0,0,0,0,0,0,0,0,0,0,0,0,0,0,0,0,0,0,0,0,0,0,0,0,0,0,0,0,0,0,10,3.91812865497076,3,3,0.0,670.0,3,0.12280701754385963,0.17165462676298587,0.17165462676298587,0.1474705409688352,0.1716546267629859,0.26485832766075623,0.20654864494779615,0.20654864494779615,0.015633977834402152,0,0,0,0,0,3,0,0.3684210526315789,0.631578947368421,0.0,0.3684210526315789,0.0,0.19047619047619047,0.0,0,0,0,0,0,1,0,1,1,0,0,0,0,0,0,0,0,0,0,1,0,0,0,0,0,1,0,0,0,0,0,0,0,0,0,0,0,1,0,0,0,1,1,0,0,0,0,1,0,1,0,1,0,0,0,0,0,0,0,0,1,0,0,1,1,0,0,1,0,0,0,0,0,0,0,0,0,0,0,0,0,1,0,0,0,0,1,1,1,0,0,0,0,0,0,0,1,0,0,0,1,0,0,0,0,0,0,0,0,0,0,1,0,0,0,0,0,0,0,1,0,1,1,0,0,0,0,0,0,0,0,0,0,0,0,0,0,0,0,0,0,0,0,0,0,0,0,0,0,0,0,0,0,1,0,0,0,0,0,0,0,0,0,0,0,0,1,0,0,0,0,0,0,0,0,0,0,0,0,0,0,1,0,0,0,0,0,0,0,0,1,0,0,1,0,0,0,0,0,0,0,0,0,0,0,1,0,1,1,0,0,0,1,0,0,0,0,0,0,0,0,0,0,0,0,0,1,0,0,1,0,0,0,1,1,0,0,0,0,0,0,0,0,0,0,0,0,0,1,1,0,0,0,1,0,0,0,0,0,1,0,1,0,1,0,1,0,0,0,0,1,0,1,1,0,0,0,0,1,1,0,0,0,0,1,0,1,0,0,1,1,1,0,1,0
12.91252488878165,0.1715607001524213,-0.26128117913832183,0.6810921785688575,16.962962962962962,386.56100000000015,1.1851851851851851,3.2217473486817942,1.7351879046800742,2009597.126213756,9.488968562668738,14.536682415501005,0.0,0.0,5.907179729351506,0.0,0.0,4.794537184071822,0.0,0.0,11.336785877934737,31.18920547353706,42.84162884462877,43.729421850326126,12.145807216896262,9.53140013787187,22.931351881969803,0.0,4.899909730850478,0.0,38.14594894377801,38.25085845437866,52.72177944339848,0.0,4.899909730850478,5.687386274683562,0.0,11.336785877934737,49.696963436113506,15.95222176079788,0.0,31.063349262169954,0.0,0.0,32.78,0.0,4.794537184071822,0.0,11.446104981734852,13.027703587438928,44.58412036119931,4.877147193701299,7.109797541277533,53.492268150783886,22.412706638239612,4.736862953800049,5.625184361176876,1.8289272733617796,18.895080505546776,2.1421090738866715,0.7187517432363212,0.1715607001524213,3.477693238299299,5.5854118451660835,1.7405862004658001,0.5,0,0,1,1,1,1,0,0,4,5,2,8,0,1,1,0,0,3,4.214800000000004,0,0,0,0,0,0,0,0,0,0,0,0,2,0,0,0,0,1,0,0,0,0,0,0,1,0,0,0,0,0,1,0,0,0,0,0,0,0,0,0,0,1,0,0,0,0,0,1,0,1,0,0,0,0,0,0,0,0,0,0,1,0,0,13,5.3931623931623935,3,3,0.0,1893.0,4,0.08262108262108264,0.17572649572649568,0.17572649572649568,0.17061918581248953,0.17572649572649568,0.19482835178484617,0.1510473935280082,0.1510473935280082,0.013030689016758891,0,0,0,0,1,2,1,0.18518518518518517,0.8148148148148148,0.07407407407407407,0.07407407407407407,0.037037037037037035,0.5862068965517241,0.034482758620689655,1,0,1,0,0,1,0,0,0,0,1,0,0,0,1,0,1,0,0,1,1,0,0,0,0,0,0,0,0,0,1,1,1,1,0,1,1,0,1,1,0,1,0,0,0,0,0,1,0,0,0,0,0,0,0,1,0,0,0,0,0,0,0,0,1,0,0,0,1,0,0,0,1,1,1,0,0,0,0,0,1,1,0,0,0,0,1,0,0,0,1,1,0,1,0,0,0,0,0,0,1,0,0,0,1,0,0,0,0,1,0,0,1,1,0,0,0,1,0,0,0,1,0,1,0,1,0,1,0,0,0,0,0,0,0,0,0,0,0,0,0,0,0,0,0,0,0,0,0,0,0,0,0,0,0,0,0,0,0,0,0,0,0,0,1,0,0,0,0,0,0,0,0,0,0,0,0,0,0,0,0,0,0,0,0,0,0,0,0,0,0,0,0,0,1,0,0,0,0,0,0,0,0,1,0,0,0,0,1,1,0,1,0,1,1,0,1,0,0,0,1,1,0,1,1,0,1,0,1,0,0,0,0,0,0,0,1,1,1,1,1,0,1,1,0,1,1,0,1,1,1,0,0,1,1,0,1,1,0,0,1,1,0,1,0,1,1,0,0,0,1,0,0,1,0,1,1,1,0,0,0,1,1,1,1,1,1,1,1,1,1,1,1,1,0
12.450115425799948,0.10609977324263031,-4.0530515400604665,0.7708144759661694,11.166666666666666,348.4280000000001,1.2083333333333333,2.457249561427433,2.2883466603467544,154816.551368174,7.3071992201786635,10.633577208012662,4.895483475517775,0.0,0.0,10.023291153407584,6.031114512338072,4.9839785209472085,17.934429032852847,0.0,0.0,12.13273413692322,44.5337642961537,24.122914247057675,5.687386274683562,13.212334168400758,27.429178215112778,0.0,15.022861989405627,0.0,31.70853590373761,5.316788604006331,48.2889739772312,0.0,15.355672072464749,16.169309733438947,0.0,0.0,25.474730846762178,10.023291153407584,6.923737199690624,19.410925891078243,0.0,0.0,100.19,16.054405665745655,13.212334168400758,0.0,10.937324304665736,5.687386274683562,11.250837766380558,18.460054211687762,13.847474399381248,35.911300337989154,15.617555728959871,0.0,26.88386432350718,0.0,15.456527690583428,5.5178204750296205,2.1089151153012997,0.0,2.675056558117074,5.411881016084885,-4.0530515400604665,0.25,3,0,0,0,2,1,0,0,5,8,1,5,0,0,0,0,0,2,2.5299199999999997,0,0,0,0,0,1,0,0,0,0,0,0,1,3,0,0,0,0,0,0,0,0,0,0,2,1,0,0,0,0,0,0,0,0,0,0,0,0,0,0,0,0,0,0,0,0,0,0,0,0,0,0,1,0,0,1,0,0,0,0,0,0,1,12,5.02536231884058,2,2,0.0,1387.0,4,0.09057971014492754,0.18297101449275363,0.18297101449275363,0.1993632005148967,0.18297101449275363,0.20773179935993102,0.16847682169345887,0.16847682169345887,0.015683133259254883,0,0,0,0,0,2,0,0.3333333333333333,0.6666666666666666,0.125,0.16666666666666666,0.041666666666666664,0.4,0.12,1,1,0,0,1,0,0,0,1,0,1,0,0,0,0,1,0,0,0,0,0,0,0,0,0,0,0,1,0,0,0,1,0,1,0,1,0,0,0,1,0,0,0,0,0,0,0,0,0,0,1,1,0,0,0,0,1,0,1,0,0,0,0,1,1,1,0,1,1,1,1,0,1,1,1,1,0,0,0,0,0,1,0,0,0,0,1,0,1,0,0,0,0,0,1,0,0,0,0,0,1,0,0,1,0,0,0,1,0,0,1,0,0,0,0,0,0,1,1,0,0,0,1,0,1,1,0,1,0,0,0,0,0,0,0,0,0,0,0,0,0,0,0,0,0,0,0,0,0,0,0,0,0,0,0,0,0,0,0,0,1,1,0,0,0,1,0,0,0,0,0,1,0,0,0,0,0,0,0,1,0,1,0,1,0,0,1,1,1,1,0,0,1,1,0,1,0,1,0,0,0,1,1,0,0,1,0,0,1,1,0,0,0,0,0,0,1,1,0,0,0,0,1,0,0,1,1,0,0,0,1,0,0,0,1,0,0,0,1,0,1,0,0,0,0,1,0,0,0,1,0,0,1,1,0,0,0,0,1,1,0,1,0,1,1,1,0,0,0,1,1,0,1,1,1,0,1,1,1,1,0,0,1,0,1,0,1,1,1,1,1,1,1,1,0
11.944290915570084,0.044998166315806776,-0.8056554374851521,0.29530986578080354,12.205882352941176,515.1000000000001,1.0294117647058822,2.808649892951623,1.7375109734010366,31496480.764548793,12.835498160680253,10.006437125691184,0.0,0.0,5.907179729351506,0.0,5.969305287951849,9.589074368143644,4.9839785209472085,0.0,23.52376989878223,48.00879533937445,41.468391364074314,42.430730329980086,22.21342034919369,14.69560176298435,70.05615995206692,0.0,9.883888251797686,0.0,17.423613259654974,25.601051178847957,76.44076790813828,0.0,0.0,0.0,0.0,35.124709789014744,52.4679518427897,9.589074368143644,0.0,34.244444237897426,5.022633313741326,23.054965145748817,70.5,5.969305287951849,9.589074368143644,0.0,16.90997136608047,22.949162150160916,27.72375591032351,0.0,42.51902359498709,60.68297676136064,11.050345589408819,16.70746728507322,0.044998166315806776,9.36650185315644,29.17810564934129,10.711796681318974,3.8087769419601947,0.46430191505342155,4.538542971814839,0.0,3.5017742814182684,0.2692307692307692,1,0,0,0,1,1,1,0,5,8,1,11,0,0,0,0,0,3,6.476600000000006,1,0,0,0,0,1,0,0,1,0,0,0,2,0,0,0,0,0,0,0,0,0,0,0,0,0,0,0,1,0,0,0,0,0,0,0,0,0,0,0,0,0,0,0,0,0,0,0,0,0,0,0,1,0,2,0,0,0,0,0,0,0,0,17,7.258467023172906,3,3,0.0,4072.0,3,0.0641711229946524,0.1955770944741533,0.1955770944741533,0.18143001660844146,0.1955770944741533,0.14377307826913055,0.1253991405638176,0.1253991405638176,0.011025282524026802,0,0,0,0,0,3,0,0.23529411764705882,0.7647058823529411,0.08823529411764706,0.058823529411764705,0.058823529411764705,0.4444444444444444,0.08333333333333333,0,1,0,0,1,1,0,1,0,0,1,1,0,1,0,1,0,0,0,1,0,0,0,0,1,0,0,0,1,0,1,0,0,1,0,0,0,1,0,1,0,0,0,0,0,1,0,0,1,1,0,0,0,0,1,0,0,1,0,0,0,0,1,1,1,0,0,1,0,0,0,0,1,1,0,1,1,1,0,1,1,1,0,0,0,1,1,0,1,0,0,0,0,1,0,0,1,0,1,0,1,0,0,1,0,0,0,1,1,0,0,0,0,1,0,0,1,1,0,0,0,1,1,0,0,1,0,0,0,0,0,0,0,0,0,0,0,0,0,0,0,0,0,0,0,0,0,0,0,0,0,0,0,0,0,0,0,0,0,0,0,0,0,0,0,0,0,0,0,0,0,0,0,0,0,0,0,0,0,0,0,0,0,0,0,0,0,0,0,0,0,0,0,1,0,0,0,0,0,0,0,0,1,0,0,0,0,0,0,1,0,0,0,1,1,1,1,0,1,0,1,1,0,0,0,0,1,1,0,1,0,1,1,1,0,1,1,0,1,1,0,0,0,0,1,1,1,0,0,1,1,1,0,1,0,0,1,0,0,0,1,0,1,0,1,1,1,1,0,0,1,0,0,1,1,1,1,1,0,0,0,1,1,1,1,1,1,1,1,1,1,1,1,1,0
13.665177263513302,0.07398854109362318,-0.703831718459244,0.27176598588483075,19.736842105263158,530.6660000000002,1.131578947368421,3.5754606971316782,1.3515571468576253,329208441.31750935,12.338624282739975,19.690424242456906,6.041840829147961,11.49902366656781,25.01739707091896,0.0,0.0,24.490774307843232,5.063217724965349,0.0,0.0,52.52086515923752,35.449903767104395,32.72378202956288,12.462662452073968,29.064590484592852,18.224454764819132,0.0,20.179825790672638,17.250802561719567,65.46191694876248,39.5167243356627,23.762552697081826,11.49902366656781,14.790514511606428,0.0,11.49902366656781,0.0,83.85331014107341,20.928367958128042,17.250802561719567,58.43877120539892,0.0,0.0,111.65,17.374737344706134,19.590864576992754,0.0,25.152058170715414,36.901553511994024,62.38003086770656,0.0,0.0,43.87022253530718,10.216698334856808,9.473725907600098,10.878989827182192,0.0,42.26034560368147,13.370393949231142,0.6324941126634056,0.9865057191311447,5.297788848697048,9.387820068275607,0.0,0.6785714285714286,2,1,2,3,3,0,2,0,7,10,2,10,1,1,2,0,0,4,2.634500000000002,0,0,0,0,0,0,0,0,0,0,0,0,3,1,0,2,0,0,0,0,0,0,0,0,0,0,0,0,1,0,2,0,0,0,0,0,0,0,0,0,0,0,0,0,0,0,0,0,0,0,1,0,0,0,0,0,0,0,0,0,0,0,0,18,7.422475106685633,4,4,0.0,5218.0,4,0.05832147937411094,0.17840208629682314,0.17840208629682314,0.18291136236953814,0.17840208629682314,0.14051414431123466,0.13980395681526497,0.13980395681526497,0.011475082151210887,0,0,0,0,2,1,2,0.2631578947368421,0.7368421052631579,0.15789473684210525,0.10526315789473684,0.0,0.7804878048780488,0.07317073170731707,1,1,0,0,1,0,0,0,1,0,1,1,0,0,0,0,1,0,0,0,0,0,0,0,0,0,0,0,1,1,1,0,0,1,0,0,0,0,0,1,0,0,0,0,1,1,0,0,0,0,0,0,0,1,1,0,0,1,1,0,0,1,0,0,0,0,0,0,1,1,0,1,1,0,1,0,0,0,0,1,1,1,0,0,0,1,1,0,0,1,1,0,0,0,1,0,0,1,1,1,1,1,0,0,1,0,1,1,1,1,0,1,0,1,1,1,0,1,0,0,1,0,1,1,0,1,0,1,0,0,0,0,0,0,0,0,0,0,0,0,0,1,0,0,0,0,0,0,0,0,0,0,1,0,0,0,1,0,0,0,0,0,0,0,0,0,0,0,0,0,0,0,0,0,0,0,0,0,0,0,0,0,0,0,0,1,0,0,0,0,0,0,0,0,1,0,0,1,0,1,1,0,1,1,0,0,0,1,1,0,0,1,0,1,1,0,0,0,1,1,1,0,1,1,1,1,1,0,1,1,1,0,1,1,0,0,0,1,1,1,1,1,0,0,0,1,1,0,1,1,1,1,1,0,0,0,1,1,0,1,1,0,0,0,1,1,1,1,1,1,1,0,1,1,1,1,1,1,0,1,1,1,1,1,1,1,1,1,1,1,1,1,1,1,0
13.370045223935916,0.009392785336923781,-0.5593769620898044,0.13931677804751477,12.4375,444.4880000000002,0.5625,2.784506956293907,1.9686005898708743,13585988.132704029,10.913934593851804,41.69326399538814,11.49902366656781,0.0,11.566489892729878,0.0,0.0,9.589074368143644,0.0,0.0,0.0,0.0,24.26546827384644,50.64331098484257,35.467569895813824,30.015183947506465,22.941262442097003,0.0,10.633577208012662,0.0,0.0,63.11587957251394,46.519274240634424,11.49902366656781,21.267154416025324,11.374772549367124,11.49902366656781,0.0,84.474901836594,0.0,0.0,31.842880334931625,0.0,0.0,163.17999999999998,11.566489892729878,19.802129157825057,0.0,46.966593562381625,50.64331098484257,0.0,12.13273413692322,12.13273413692322,0.0,21.267154416025324,10.213054789681411,0.0,0.0,26.74009044787183,50.56011099839934,0.6779451228251743,-1.8614794913947135,0.0,2.808806643564221,0.0,0.36363636363636365,8,1,0,1,0,0,0,0,10,10,0,12,0,0,0,0,0,3,-0.13919999999999944,0,2,2,0,0,0,0,2,0,0,0,0,0,4,0,0,0,0,0,0,0,0,0,0,2,0,0,0,2,0,0,0,0,0,0,0,0,0,2,0,0,0,0,0,0,0,0,0,0,0,0,0,0,0,0,0,0,0,0,0,0,0,0,17,6.040322580645161,3,3,0.0,2996.0,3,0.06854838709677419,0.16801075268817203,0.16801075268817203,0.13247534385785845,0.16801075268817206,0.17644187733442956,0.1328957904050292,0.1328957904050292,0.01324262681865369,0,0,0,0,0,2,0,0.3125,0.6875,0.1875,0.125,0.0,0.5882352941176471,0.058823529411764705,1,1,0,1,0,0,0,0,1,0,1,0,0,0,0,0,0,0,0,0,0,0,0,0,0,0,1,1,0,0,0,0,0,0,0,0,0,0,0,1,0,0,1,0,0,0,0,0,0,0,0,0,0,1,0,0,0,0,1,0,0,0,0,1,1,0,1,1,1,0,0,1,1,0,0,1,0,0,0,0,1,1,0,1,0,0,1,0,0,1,0,0,0,0,1,0,0,0,0,0,1,0,0,0,0,0,0,0,1,1,0,0,0,0,0,0,0,0,0,0,0,0,0,0,0,0,1,0,0,0,0,0,0,0,0,0,0,0,0,0,0,0,0,0,0,0,0,0,0,0,0,0,0,0,0,0,0,0,0,0,0,0,0,0,0,0,0,0,0,0,0,0,0,0,0,0,0,0,0,0,0,0,1,0,0,0,0,0,0,0,0,0,0,0,0,0,0,0,0,0,0,0,0,0,0,0,0,1,0,0,1,0,0,0,1,0,0,1,0,1,0,0,0,1,0,1,0,0,1,1,0,0,1,1,0,0,0,1,0,1,0,1,0,0,0,0,1,0,0,0,0,0,0,1,0,1,1,1,0,1,1,1,0,1,1,0,1,1,1,0,1,1,1,1,1,1,0,0,0,1,1,1,1,1,1,1,1,1,0,1,1,1,1,1,0
12.488561503473987,0.04747898624348523,-0.06534465874705475,0.514301695573136,16.033333333333335,425.92000000000013,0.9,3.234706662111864,1.207580166237282,12343200.702512827,7.812409595225632,14.867866772744893,0.0,0.0,0.0,0.0,11.379486796406947,9.13419929558271,9.589074368143644,0.0,0.0,23.733674027155736,56.13905661699866,30.698743360627013,22.066802870465047,0.0,33.667742760697564,0.0,24.002066068327604,0.0,31.849062103838566,19.634269217737724,68.45576395752319,0.0,11.379486796406947,0.0,0.0,11.600939890232516,43.63633528606533,6.544756405912575,0.0,25.30430569792599,5.022633313741326,22.066802870465047,78.82,0.0,9.589074368143644,0.0,17.42132762555491,11.567389719653901,60.963536956980796,0.0,6.06636706846161,45.53240170635237,14.867866772744893,11.600939890232516,3.701603250603105,6.051349556332131,32.94836449110783,0.625024764242198,3.4375997909202223,0.0,2.780748338361975,3.5305609578854957,0.0,0.36363636363636365,2,0,1,1,0,2,0,0,5,8,3,5,0,1,1,0,0,5,3.353200000000002,0,0,0,0,0,4,2,0,0,0,0,0,3,2,0,0,0,1,0,0,0,0,0,0,0,1,0,0,2,0,0,0,0,0,0,2,0,0,0,0,0,0,0,0,0,0,0,2,0,1,0,0,0,0,0,0,0,0,0,0,0,0,0,17,6.558620689655172,5,5,0.0,2853.0,3,0.0781609195402299,0.1985221674876847,0.1985221674876847,0.1808773040621367,0.1985221674876847,0.1576545484392144,0.13542007411784784,0.13542007411784784,0.01143924717533776,0,0,0,0,2,4,1,0.26666666666666666,0.7333333333333333,0.06666666666666667,0.16666666666666666,0.0,0.35294117647058826,0.058823529411764705,0,0,0,0,0,1,0,0,0,0,1,0,0,1,0,0,0,1,0,1,0,0,0,0,0,0,0,0,0,0,1,0,0,0,1,0,1,1,0,1,0,0,1,0,0,1,0,1,1,1,0,1,0,0,0,0,0,0,1,0,0,0,0,0,1,0,0,0,0,0,0,0,1,0,1,0,0,0,0,1,1,1,0,0,1,0,1,0,1,0,1,1,0,0,1,1,0,0,0,0,1,1,0,0,0,0,0,1,0,1,0,0,0,0,0,0,1,0,1,1,0,1,0,1,0,0,1,1,0,0,0,0,0,0,0,0,0,0,0,0,0,0,0,0,0,0,0,0,0,0,0,0,0,0,0,0,0,0,0,0,0,0,0,0,0,1,0,0,0,0,0,0,0,0,0,0,0,0,0,0,0,0,0,0,0,0,0,0,0,0,1,0,0,1,0,0,0,0,0,0,0,0,0,1,0,1,0,1,1,0,0,1,0,1,1,1,0,0,1,1,0,0,0,0,1,0,1,0,1,1,0,1,0,1,1,1,0,0,1,1,0,1,0,0,0,1,1,0,1,1,1,0,0,1,0,1,1,1,0,1,0,1,1,0,1,1,1,0,0,0,1,1,1,1,0,1,1,0,1,1,0,1,1,1,1,0,1,1,0,1,1,1,1,1,0
14.983653155706726,0.04335879104728346,-1.3153294094140058,0.8747398264671755,20.26923076923077,361.37300000000005,1.3076923076923077,2.6008121369340973,2.004088915400979,825393.7397774052,5.979774542196717,24.210309458133064,17.857719730893475,11.5667326743298,5.428790391900541,0.0,5.969305287951849,4.794537184071822,9.184952231746642,0.0,0.0,0.0,20.037776250829424,32.37586919526338,16.944765761229018,19.028342580387395,22.559616494716465,0.0,9.467009378641833,0.0,12.965578028838586,44.73348930169089,33.86721054878994,5.749511833283905,15.065563076551069,10.077801322358383,5.749511833283905,0.0,60.376421632274784,0.0,5.817220841045895,23.3235667046074,0.0,10.902924932081056,75.00999999999999,17.215316520898284,19.086016810659167,0.0,23.598398499822668,30.043111637408877,19.15587988028676,6.196843571613076,4.567099647791355,18.871318913218293,4.899909730850478,4.736862953800049,22.556683437263793,0.0,28.085371659380563,9.363410540086191,-0.22381680128433334,-1.5426565069196736,1.342611961451247,5.075710339627637,2.0152775955562405,0.4444444444444444,1,0,2,2,0,1,1,0,6,8,3,2,0,1,1,0,0,4,1.5439999999999998,0,0,0,0,1,1,0,0,1,0,0,0,3,0,0,0,1,0,0,0,0,0,0,0,1,0,0,0,0,0,1,0,0,0,0,0,0,0,0,0,0,0,0,0,0,0,0,0,0,0,1,0,1,0,0,0,0,0,0,0,0,0,0,12,4.5661538461538465,4,4,0.0,1484.0,3,0.08923076923076924,0.1485897435897436,0.1485897435897436,0.12909983389718183,0.1485897435897436,0.22853527486489267,0.16764365990744917,0.16764365990744917,0.015716543479469307,0,0,0,0,0,2,1,0.3076923076923077,0.6923076923076923,0.15384615384615385,0.11538461538461539,0.0,0.5517241379310345,0.06896551724137931,0,0,0,1,1,1,0,0,1,0,1,0,0,1,1,0,1,0,1,0,0,0,0,1,0,0,0,0,0,1,1,0,1,1,0,0,0,0,0,1,0,0,0,0,0,0,1,0,1,0,0,1,1,0,0,0,0,1,1,1,0,0,0,0,0,1,0,0,0,1,0,1,1,0,0,0,1,1,0,1,1,1,0,0,1,0,0,0,0,0,0,0,0,0,1,0,1,0,0,0,1,0,0,0,0,0,0,1,0,0,0,0,1,0,0,0,0,0,0,0,0,1,0,1,1,1,0,0,0,0,0,0,0,0,0,0,0,0,0,0,0,0,0,0,0,0,0,0,0,0,0,0,0,0,0,0,0,0,0,0,0,0,0,0,0,0,0,0,0,0,1,0,0,0,0,0,0,0,0,0,0,0,0,0,0,1,0,0,0,0,1,0,0,1,0,0,0,0,0,0,0,0,0,1,0,0,0,1,1,0,0,0,0,1,1,1,0,1,0,0,0,1,0,1,0,1,1,0,1,1,0,0,0,1,0,1,0,1,0,1,0,1,0,1,1,0,1,0,1,1,1,1,0,1,0,1,1,1,0,0,0,1,1,1,1,1,1,1,1,0,1,1,1,1,1,1,1,1,1,0,1,1,1,0,1,1,1,1,1,1,1,1,1,1,0
14.983653155706726,0.04335879104728346,-1.3153294094140058,0.8747398264671755,20.26923076923077,361.37300000000005,1.3076923076923077,2.6008121369340973,2.004088915400979,825393.7397774052,5.979774542196717,24.210309458133064,17.857719730893475,11.5667326743298,5.428790391900541,0.0,5.969305287951849,4.794537184071822,9.184952231746642,0.0,0.0,0.0,20.037776250829424,32.37586919526338,16.944765761229018,19.028342580387395,22.559616494716465,0.0,9.467009378641833,0.0,12.965578028838586,44.73348930169089,33.86721054878994,5.749511833283905,15.065563076551069,10.077801322358383,5.749511833283905,0.0,60.376421632274784,0.0,5.817220841045895,23.3235667046074,0.0,10.902924932081056,75.00999999999999,17.215316520898284,19.086016810659167,0.0,23.598398499822668,30.043111637408877,19.15587988028676,6.196843571613076,4.567099647791355,18.871318913218293,4.899909730850478,4.736862953800049,22.556683437263793,0.0,28.085371659380563,9.363410540086191,-0.22381680128433334,-1.5426565069196736,1.342611961451247,5.075710339627637,2.0152775955562405,0.4444444444444444,1,0,2,2,0,1,1,0,6,8,3,2,0,1,1,0,1,4,1.5439999999999998,0,0,0,0,1,1,0,0,1,0,0,0,3,0,0,0,1,0,0,0,0,0,0,0,1,0,0,0,0,0,1,0,0,0,0,0,0,0,0,0,0,0,0,0,0,0,0,0,0,0,1,0,1,0,0,0,0,0,0,0,0,0,0,12,4.5661538461538465,4,4,0.0,1484.0,3,0.08923076923076924,0.1485897435897436,0.1485897435897436,0.12909983389718183,0.1485897435897436,0.22853527486489267,0.16764365990744917,0.16764365990744917,0.015716543479469307,0,0,0,0,0,2,1,0.3076923076923077,0.6923076923076923,0.15384615384615385,0.11538461538461539,0.0,0.5517241379310345,0.06896551724137931,0,0,0,1,1,1,0,0,1,0,1,0,0,1,1,0,1,0,1,0,0,0,0,1,0,0,0,0,0,1,1,0,1,1,0,0,0,0,0,1,0,0,0,0,0,0,1,0,1,0,0,1,1,0,0,0,0,1,1,1,0,0,0,0,0,1,0,0,0,1,0,1,1,0,0,0,1,1,0,1,1,1,0,0,1,0,0,0,0,0,0,0,0,0,1,0,1,0,0,0,1,0,0,0,0,0,0,1,0,0,0,0,1,0,0,0,0,0,0,0,0,1,0,1,1,1,0,0,0,0,0,0,0,0,0,0,0,0,0,0,0,0,0,0,0,0,0,0,0,0,0,0,0,0,0,0,0,0,0,0,0,0,0,0,0,0,0,0,0,0,1,0,0,0,0,0,0,0,0,0,0,0,0,0,0,1,0,0,0,0,1,0,0,1,0,0,0,0,0,0,0,0,0,1,0,0,0,1,1,0,0,0,0,1,1,1,0,1,0,0,0,1,0,1,0,1,1,0,1,1,0,0,0,1,0,1,0,1,0,1,0,1,0,1,1,0,1,0,1,1,1,1,0,1,0,1,1,1,0,0,0,1,1,1,1,1,1,1,1,0,1,1,1,1,1,1,1,1,1,0,1,1,1,0,1,1,1,1,1,1,1,1,1,1,0
15.84630757187551,0.025640476436358695,-2.4602081265097415,0.04072173054345193,26.95294117647059,1164.3990000000001,0.7058823529411765,0.685751230792382,1.2143255035395943,2.5203730264517988e+20,29.34176513795823,43.951021116488036,29.954790803376557,17.488262145096932,6.103966387748303,5.907179729351506,29.846526439759245,23.97268592035911,9.589074368143644,0.0,0.0,160.41349063415615,99.76835458554531,44.08838122925305,29.60719635951639,72.19599280098446,41.53695111547569,0.0,5.316788604006331,16.747886984954953,166.5421174046996,6.606881964512918,191.74431084416022,0.0,5.316788604006331,0.0,0.0,0.0,106.18278781812722,52.3938636431594,16.747886984954953,144.9956462994771,0.0,0.0,227.35999999999999,118.57340050096182,34.18574071004052,9.589074368143644,48.14245887682346,11.984273114623004,45.95158251401129,25.98020853630447,92.7102462893822,18.228060320501644,66.92470676520188,28.421177722800294,37.225942782147314,0.0,100.64009119499835,29.244794937330237,-7.331653225329862,-7.732899677273754,19.41063295743114,10.108582197519167,0.0,0.43478260869565216,3,3,1,4,1,0,11,2,15,16,1,25,2,1,3,0,1,7,10.764499999999995,0,2,1,0,0,0,0,0,0,0,0,0,0,1,0,0,0,0,0,0,0,0,12,0,0,0,0,0,5,5,6,0,0,0,0,0,0,0,1,1,0,0,0,0,0,0,0,0,0,0,0,0,0,0,0,0,0,0,0,0,0,0,0,35,12.0890756302521,7,7,0.0,43158.0,4,0.025490196078431365,0.13360332084641086,0.13360332084641086,0.1508442496387912,0.13360332084641086,0.0884723770022939,0.061621829076204455,0.061621829076204455,0.00863593978132796,0,0,0,1,0,3,4,0.18823529411764706,0.8117647058823529,0.17647058823529413,0.011764705882352941,0.0,0.6483516483516484,0.15384615384615385,1,1,1,1,0,1,1,0,0,1,1,1,1,0,0,0,1,1,0,1,1,0,0,0,0,0,1,0,1,1,1,0,1,1,1,0,1,0,1,1,1,1,1,1,0,1,1,1,0,0,0,1,1,0,1,1,0,1,1,0,1,1,0,0,1,1,1,0,1,1,0,1,1,0,1,1,1,0,1,0,1,1,1,1,0,1,1,0,1,0,0,1,0,1,1,0,1,0,0,0,1,0,1,0,0,1,1,0,0,1,1,0,0,0,0,0,1,1,0,1,1,1,1,1,0,1,0,0,0,0,0,0,0,0,0,0,1,0,0,1,0,0,0,0,0,0,0,0,0,0,0,0,0,0,1,0,0,0,0,0,0,0,0,0,0,0,0,0,0,0,0,0,0,0,0,0,0,0,1,0,0,0,0,0,0,1,0,0,0,0,0,0,0,0,1,0,0,0,0,0,1,0,1,0,1,0,0,0,0,0,0,0,0,0,0,0,0,1,0,0,1,0,0,1,0,1,0,1,0,1,0,0,1,1,0,0,1,1,1,0,1,0,1,0,1,1,1,0,0,0,0,1,0,1,1,1,1,1,0,1,1,0,0,0,1,1,0,1,1,1,0,1,0,1,1,1,0,1,1,1,1,1,1,1,1,1,1,1,1,1,1,1,1,1,0
15.483795019660388,0.0028853439807063896,-2.390958146825491,0.12978619445124503,31.85483870967742,853.918,0.8225806451612904,3.2369337087525145,1.3874476640402011,19536342594936.66,16.512845507693864,44.32068555752869,23.912949974228596,23.592228532845233,0.0,5.907179729351506,23.877221151807397,19.178148736287287,9.589074368143644,0.0,0.0,80.57751215245895,54.82260322506321,37.667559606327046,35.64903718866435,67.77112005795328,35.56764582752384,0.0,5.316788604006331,16.747886984954953,108.2518072216009,6.606881964512918,118.83206956215372,0.0,5.316788604006331,0.0,0.0,0.0,105.32000992501608,42.86246350528753,16.747886984954953,86.70533611637835,0.0,0.0,221.28999999999996,112.60409521300997,39.292268104881224,4.794537184071822,35.30081563097146,5.563451491696996,13.847474399381248,25.980208536304467,92.71024628938218,0.0,5.316788604006331,23.684314769000245,30.27238288139993,0.0,83.45331184567334,40.233952430571534,-7.019085032825359,-6.841158827712651,-10.511556872841577,7.974441938765803,0.0,0.44680851063829785,4,3,1,4,1,0,11,2,14,15,1,10,2,1,3,0,0,7,3.7357000000000036,0,3,2,0,0,0,0,0,0,0,0,0,0,1,0,0,0,0,0,0,0,0,0,0,0,0,0,0,5,4,5,0,0,0,0,0,0,0,1,1,0,0,0,0,0,0,0,0,0,0,0,0,0,0,0,0,0,0,0,0,0,0,0,19,7.809095716552089,7,7,0.0,14767.0,4,0.03595980962453728,0.11348492860920148,0.11348492860920148,0.1420991963918175,0.11348492860920148,0.13371631627102587,0.08420050191852443,0.08420050191852443,0.011279212599981055,0,0,0,1,0,3,4,0.24193548387096775,0.7580645161290323,0.22580645161290322,0.016129032258064516,0.0,0.6323529411764706,0.10294117647058823,1,1,1,1,0,1,0,0,0,1,1,1,1,0,0,0,1,1,0,1,1,0,0,0,0,0,1,0,1,1,1,0,1,1,1,0,1,0,1,1,1,1,1,0,0,1,0,1,0,0,1,1,0,0,1,1,0,1,1,0,1,1,0,1,1,1,1,0,1,0,0,1,1,0,1,0,0,0,1,0,0,1,0,0,0,1,1,0,1,0,0,1,0,1,1,0,1,0,0,1,1,0,1,0,0,1,0,0,0,0,0,0,0,0,1,0,1,1,0,1,1,1,1,1,0,1,0,0,0,0,0,0,0,0,0,0,1,0,0,1,0,0,0,0,0,0,0,0,0,0,0,0,0,0,1,0,0,0,0,0,0,0,0,0,0,0,0,0,0,0,0,0,0,0,0,0,0,0,1,0,0,0,1,0,0,1,0,0,0,0,0,0,0,0,1,0,0,0,0,0,1,0,1,0,1,0,0,0,0,0,0,0,0,0,0,0,0,1,0,0,1,0,0,1,0,1,0,1,0,1,0,0,1,1,0,0,1,1,1,0,1,0,0,0,1,1,0,0,0,0,0,1,0,1,1,1,0,1,0,1,1,0,0,0,1,1,0,1,1,1,0,1,0,1,1,0,0,1,1,1,1,1,1,0,1,1,1,1,1,1,1,1,1,1,0
15.522085914722117,0.02473719583255818,-2.433289141723451,0.12844473826726197,31.476190476190474,869.9170000000003,0.8571428571428571,3.2635358716887364,1.3919773566586386,34050141860833.793,16.974793917972626,49.05754851132874,23.912949974228596,23.592228532845233,0.0,5.907179729351506,24.063281493394307,14.383611552215466,14.383611552215466,0.0,0.0,80.57751215245895,54.82260322506322,30.74382240663642,42.75883472994188,72.50798301175334,35.75370616911075,0.0,5.316788604006331,16.747886984954953,101.32807002191028,13.716679505790452,118.83206956215372,0.0,5.316788604006331,4.794537184071822,0.0,0.0,112.61586780788053,42.80478927501576,16.747886984954953,79.78159891668773,0.0,0.0,230.51999999999998,112.79015555459688,39.292268104881224,4.794537184071822,35.30081563097145,5.563451491696996,14.033534740968157,25.980208536304467,92.71024628938218,0.0,5.316788604006331,28.421177722800294,35.08365465394618,0.0,83.72185387876941,40.29194444728837,-7.352441420982025,-6.241692573521749,-12.032902271557571,6.656184888645599,1.0672113172307993,0.44680851063829785,4,3,1,4,1,0,11,2,15,16,1,10,2,1,3,0,0,7,3.955600000000003,0,3,2,0,0,0,0,0,0,0,0,0,0,1,0,0,0,0,0,0,0,0,0,0,0,0,0,0,5,3,6,0,0,0,0,0,0,0,1,1,0,1,0,0,0,0,0,0,0,0,0,0,0,0,0,0,0,0,0,0,0,0,0,19,7.882232462877624,7,7,0.0,15394.0,4,0.03533026113671275,0.11282348299799386,0.11282348299799386,0.14122524159946453,0.11282348299799387,0.13255802190486213,0.08313282620689726,0.08313282620689726,0.011151266817315554,0,0,0,1,0,3,4,0.25396825396825395,0.746031746031746,0.23809523809523808,0.015873015873015872,0.0,0.6376811594202898,0.10144927536231885,1,1,1,1,0,1,0,0,0,1,1,1,1,1,0,0,1,1,0,1,1,0,0,0,0,0,1,0,1,1,1,0,1,1,1,0,1,0,1,1,1,1,1,0,0,1,0,1,0,0,1,1,0,0,1,1,0,1,1,0,1,1,0,1,1,1,1,0,1,0,0,1,1,1,1,0,0,0,1,0,0,1,0,0,0,1,1,0,1,0,0,1,0,1,1,0,1,0,0,1,1,0,1,0,0,1,0,0,0,0,0,0,0,0,1,0,1,1,0,0,1,1,1,1,0,1,0,0,0,0,0,0,0,0,0,0,1,0,0,1,0,0,0,1,0,0,0,0,0,0,0,0,0,0,1,0,0,0,0,0,0,0,0,0,0,0,0,0,0,0,0,0,0,0,0,0,0,0,1,0,0,0,1,0,0,1,0,0,0,0,0,0,0,0,1,0,0,0,0,0,1,0,1,0,1,0,0,0,0,0,0,0,0,0,0,0,0,1,0,0,1,1,0,1,0,1,0,1,0,1,0,0,1,1,1,0,1,1,1,0,1,0,0,0,1,1,0,0,0,0,0,1,0,1,1,1,0,1,0,1,1,0,0,0,1,1,0,1,1,1,0,1,0,1,1,0,0,1,1,1,1,1,1,0,1,1,1,1,1,1,1,1,1,1,0
10.78669674351222,0.21968679138321967,-1.2689106198034772,0.44284203167437103,32.88235294117647,244.20700000000002,1.5294117647058822,2.865366729018536,2.1949092649276896,9343.960903329446,4.372750406697864,25.790112615484354,24.639219238009446,6.22790117073487,5.824404497999927,5.907179729351506,0.0,4.794537184071822,9.665781456092393,0.0,5.098681808301038,0.0,0.0,0.0,6.606881964512918,24.85098232239399,5.907179729351506,0.0,14.76446326439343,5.733667477162185,24.539800333979777,6.606881964512918,12.151724572764468,0.0,5.733667477162185,0.0,0.0,0.0,60.910006306024876,4.736862953800049,0.0,16.84684285280662,0.0,0.0,143.72000000000003,37.053862027844204,15.007591973753234,0.0,5.824404497999927,0.0,11.009123009909725,0.0,0.0,0.0,10.082660329248245,15.57705782580294,6.245635865457293,0.0,14.399394683799446,31.781867808851935,4.9712153565129755,-1.0294151287058046,-3.2636394557823154,-0.4383924634668681,0.0,0.625,5,0,1,1,1,1,4,0,8,9,2,3,0,1,1,0,0,2,-3.0114999999999994,0,3,3,0,0,3,0,0,0,0,0,0,3,0,1,0,0,0,0,0,0,0,0,0,0,0,0,0,0,0,1,0,0,0,0,0,0,0,0,0,0,0,0,0,0,0,0,0,0,0,0,1,0,0,0,0,0,0,0,0,0,0,0,9,3.786764705882353,2,2,0.0,515.0,3,0.1323529411764706,0.1857843137254902,0.1857843137254902,0.17554222035308148,0.1857843137254902,0.2752089531143797,0.21594849306559302,0.21594849306559302,0.020137418003203355,0,0,0,0,2,1,1,0.5294117647058824,0.47058823529411764,0.29411764705882354,0.23529411764705882,0.0,0.6666666666666666,0.05555555555555555,0,1,0,1,0,0,0,0,0,0,1,0,1,0,0,0,1,0,0,1,0,0,0,0,1,0,0,0,0,0,1,0,0,0,0,0,1,0,0,1,1,0,0,0,1,0,0,0,0,0,0,0,1,1,0,0,0,0,0,0,0,0,0,0,0,0,0,0,0,1,1,0,1,0,0,1,0,0,0,1,1,1,1,0,1,0,0,0,0,0,0,0,0,0,1,0,0,0,1,0,1,0,0,0,0,1,0,0,1,0,0,0,1,0,0,0,0,0,0,0,0,0,1,1,0,1,0,0,0,0,0,0,0,0,0,0,0,0,0,0,0,0,0,0,0,0,0,0,0,0,0,0,0,0,0,0,0,0,0,0,0,0,0,0,0,0,1,0,0,0,0,0,0,0,0,0,0,0,0,0,1,1,1,0,0,1,0,0,0,0,1,0,0,1,0,0,0,0,0,0,1,0,0,1,0,1,0,1,1,0,1,1,1,0,0,0,0,1,1,1,1,0,1,1,1,1,0,0,0,0,0,0,0,0,0,0,0,1,1,0,0,0,0,0,0,1,0,0,1,1,1,0,1,0,0,1,0,0,0,1,1,1,0,0,0,1,0,1,1,0,1,1,0,0,1,0,1,0,1,1,1,1,1,1,1,1,1,1,0,1,1,0,1,1,0
11.534203042328043,0.64205409632989,-1.0230327617157973,0.8499586361459243,23.96,338.49500000000006,1.04,2.6524697928663468,1.7491415252527145,577389.6245111463,8.112562854303343,5.106527394840706,5.601050810983688,0.0,0.0,0.0,0.0,9.883888251797686,0.0,0.0,0.0,42.81902403369567,63.77170292561807,18.280525229908996,5.693927994848461,5.106527394840706,0.0,0.0,9.883888251797686,0.0,63.63631498329091,6.544756405912575,65.98515960585141,0.0,0.0,0.0,0.0,0.0,33.61885371084689,5.601050810983688,0.0,57.20896200055676,0.0,0.0,36.36,5.601050810983688,5.106527394840706,0.0,0.0,18.50450328122193,24.222957515384042,19.26246486877803,6.196843571613076,48.53093654769288,23.731362651178934,0.0,0.0,0.0,7.063432854623331,11.534203042328043,0.6384322378642822,0.0,7.305983716585043,5.694363819601915,0.0,0.5,1,0,1,1,0,1,3,0,3,3,2,6,0,1,1,0,3,3,4.360600000000004,0,1,0,0,0,1,0,0,0,0,0,0,2,0,0,0,0,1,0,0,0,0,0,0,0,0,0,0,0,0,0,0,0,0,0,0,0,0,0,0,0,0,0,0,0,0,0,0,0,1,0,0,1,0,0,0,0,0,0,0,0,0,0,11,5.046666666666667,3,3,0.0,1514.0,4,0.09,0.17594202898550726,0.17594202898550726,0.1996875315861045,0.17594202898550726,0.20548226939912242,0.16121380404063598,0.16121380404063598,0.013582616561128559,0,0,0,0,0,2,1,0.12,0.88,0.04,0.08,0.0,0.5555555555555556,0.0,0,0,1,1,1,1,0,0,0,1,0,0,1,0,0,0,0,0,0,0,0,0,0,0,0,0,0,0,1,1,1,0,0,1,0,0,0,0,1,1,0,0,0,0,1,1,0,1,0,0,0,1,1,0,0,0,0,0,0,0,0,1,1,1,1,0,0,0,0,0,1,0,1,0,1,0,0,0,0,0,1,1,0,0,0,0,1,0,0,0,0,0,0,0,1,0,0,1,0,0,1,0,0,1,0,0,0,0,0,0,0,0,0,0,1,0,1,0,0,1,0,1,1,1,0,0,0,0,0,0,0,0,0,0,0,0,0,0,0,0,0,0,0,0,0,0,0,0,0,0,0,0,0,0,0,0,0,0,0,0,0,0,0,0,0,0,0,0,0,0,0,0,0,0,0,0,0,0,0,0,0,0,0,0,0,0,0,0,0,0,0,0,0,1,1,0,0,0,0,0,0,0,0,1,0,0,0,0,0,0,0,0,0,1,0,0,0,0,1,1,0,0,0,1,0,0,1,0,1,0,0,0,1,0,0,0,1,0,0,1,1,0,0,1,1,0,1,0,1,1,1,0,0,1,0,0,1,1,0,0,1,0,0,0,0,1,0,1,0,0,1,0,0,1,0,1,1,1,1,0,1,1,0,1,1,1,1,0,1,1,1,1,1,1,0
13.521327274367046,0.07278882695053324,-4.098861489040058,0.1618553539085383,23.02857142857143,508.6450000000003,1.3142857142857143,2.792280833335303,1.86540046884041,34746070.45418451,11.252174145340792,26.37368181086603,16.979165133813698,5.959554568743835,15.930470882759089,0.0,5.969305287951849,10.203820789863343,13.212334168400758,4.722094864452088,0.0,25.980208536304467,55.569738767111446,19.634269217737724,5.687386274683562,23.113398747313283,33.54671701413833,5.409283605791522,14.938793199308897,17.56947956948497,62.930747647825,24.951057821744058,23.762552697081826,0.0,21.089339549626935,5.687386274683562,0.0,0.0,67.97822457210096,26.033187144477235,17.24509569811431,45.09421238278229,0.0,0.0,177.71,33.98345782900686,23.113398747313283,0.0,36.28327852517417,37.41251359553556,11.984273114623004,10.966276799312087,6.06636706846161,12.990104268152233,22.279409272155373,11.142951082953708,29.529823318216174,0.0,26.758228224603045,22.844378884447515,6.7548665625176625,-1.3534798252788243,2.1868123887598854,5.196046194159365,-4.098861489040058,0.6086956521739131,7,0,2,2,1,0,4,0,6,12,2,9,0,1,1,0,1,3,0.9125700000000025,1,0,0,0,0,0,0,0,1,0,0,0,1,4,1,0,0,1,0,0,0,0,0,0,1,0,0,0,1,0,0,0,1,0,0,0,0,0,0,0,0,0,0,0,0,0,0,1,0,1,0,0,0,0,0,1,0,0,0,0,0,0,0,14,6.2252100840336135,3,3,0.0,3704.0,4,0.062184873949579826,0.1583396995161701,0.1583396995161701,0.18121990649551203,0.15833969951617008,0.16759859364898017,0.13499039007543973,0.13499039007543973,0.013462957464846438,0,0,0,0,0,1,1,0.34285714285714286,0.6571428571428571,0.14285714285714285,0.17142857142857143,0.02857142857142857,0.7027027027027027,0.13513513513513514,1,1,0,0,0,1,0,0,1,0,1,0,1,0,0,1,0,0,0,1,0,1,0,1,1,1,0,1,1,1,1,0,0,1,0,0,0,0,1,1,0,1,0,1,1,1,0,1,0,1,0,0,0,0,0,0,0,1,0,0,0,0,0,0,1,0,0,0,1,1,1,0,1,0,1,0,0,0,0,0,1,1,0,0,1,0,1,1,0,0,1,1,0,0,1,0,1,0,0,1,1,0,0,1,1,1,0,0,1,0,0,1,0,1,1,0,0,1,1,1,0,0,0,1,1,1,1,0,0,0,0,0,0,0,0,0,0,0,0,0,0,0,0,0,0,0,0,0,0,0,0,0,0,1,0,0,0,0,0,0,1,1,0,0,0,0,0,0,0,0,0,1,0,0,0,0,0,0,0,1,0,1,0,1,0,0,1,1,1,1,0,0,1,0,0,1,0,1,0,0,0,1,0,1,0,1,1,1,1,1,1,0,1,1,0,0,1,0,1,1,1,0,1,1,0,1,1,0,1,1,1,0,1,1,1,0,0,0,1,1,1,0,0,1,1,1,1,1,1,1,1,1,1,0,0,0,1,1,1,1,0,0,0,1,1,1,1,1,1,0,1,0,1,1,1,1,1,1,1,1,0,1,1,1,1,1,1,1,1,1,1,1,1,1,0
4.793981481481481,0.7638888888888891,0.7638888888888891,0.5004564356679512,9.285714285714286,114.173,1.8571428571428572,1.9053999311004344,3.391829211284276,49.54039820861129,1.4995195518462698,9.551078168738563,0.0,4.771065770590158,0.0,0.0,0.0,0.0,0.0,0.0,0.0,0.0,12.217873443046695,19.441359125903343,0.0,0.0,12.217873443046695,0.0,9.551078168738563,7.04767198267719,0.0,0.0,17.16475291381631,0.0,0.0,0.0,0.0,12.217873443046695,9.551078168738563,7.04767198267719,4.771065770590158,0.0,0.0,0.0,20.72,0.0,0.0,0.0,0.0,0.0,4.771065770590158,0.0,0.0,24.008458773694695,4.9839785209472085,12.217873443046695,2.606481481481482,4.793981481481481,2.846064814814815,0.0,0.0,0.0,3.685185185185185,0.0,1.9016203703703705,0.25,1,0,0,0,0,1,0,0,2,3,1,0,0,0,0,0,0,1,1.08269,0,0,0,0,0,2,1,0,0,0,0,0,1,1,0,0,0,0,0,0,0,0,0,0,0,1,0,0,0,0,0,0,0,0,0,1,0,0,0,0,0,0,0,0,0,0,0,0,0,0,0,0,0,0,0,0,0,0,0,0,0,0,0,3,1.9047619047619047,1,1,0.0,40.0,3,0.3333333333333333,0.18095238095238095,0.18095238095238095,0.18759729146278292,0.18095238095238095,0.5401978973407544,0.3634571149326166,0.3634571149326166,0.02719887318295157,0,0,0,0,1,1,0,0.42857142857142855,0.5714285714285714,0.0,0.2857142857142857,0.14285714285714285,0.14285714285714285,0.14285714285714285,0,1,0,0,0,0,0,0,1,1,0,0,0,0,0,0,0,0,0,0,0,0,0,0,0,0,0,0,0,0,0,0,0,1,0,0,1,0,1,1,0,0,0,0,0,0,0,0,0,0,0,0,0,1,0,1,0,0,0,0,0,0,0,0,0,0,0,0,0,0,0,0,0,0,0,0,0,1,0,0,0,1,0,0,0,0,0,1,0,0,1,0,0,0,0,0,0,1,1,0,1,0,0,0,0,0,0,0,0,0,0,0,0,0,0,0,0,1,0,0,0,1,0,0,0,0,0,0,0,0,0,0,0,0,0,0,0,0,0,0,0,0,0,0,0,0,0,0,0,0,0,0,0,0,0,0,0,0,0,0,0,0,0,0,0,0,0,0,0,0,0,0,0,0,0,1,0,0,0,0,0,0,0,0,0,0,0,1,0,0,0,0,1,1,0,0,0,0,0,0,0,1,0,1,0,1,0,1,0,1,0,1,0,1,0,0,1,0,0,0,0,1,0,0,1,0,0,0,0,0,0,0,0,0,1,0,0,0,0,0,0,0,0,0,0,0,0,0,1,1,1,0,0,0,0,0,0,0,0,0,0,0,0,0,0,1,0,0,0,0,1,0,1,0,0,0,1,0,1,1,0,0,0,0,1,0,1,0,1,1,1,0,0,1,0
11.54706748439649,0.08090768122471603,0.08090768122471603,0.6149801508040519,16.866666666666667,448.39400000000006,1.0,2.755340481072627,1.1543969516664407,8073775.827172481,9.90458795852269,14.953561288656857,5.749511833283905,0.0,5.907179729351506,0.0,0.0,9.694446914922299,0.0,0.0,0.0,35.33461391738825,49.56977397177243,44.35360058972148,22.339534866679134,9.53140013787187,40.48383205918366,0.0,4.899909730850478,0.0,25.683286491704038,49.5473623289326,52.006920529949305,5.749511833283905,14.953561288656857,11.374772549367124,5.749511833283905,23.20187978046503,50.13775345427777,11.21535880699783,0.0,24.825916360475023,10.045266627482652,0.0,44.81,0.0,4.794537184071822,0.0,5.907179729351506,23.072970214921583,69.11053128099192,5.563451491696996,0.0,30.33183534230805,21.182975134168895,27.938742734265084,5.890788191640256,12.502648897781196,16.344757653303947,4.175626149159894,3.0972571578001964,0.9030974070858401,3.467462302252992,5.711109737668954,0.0,0.43478260869565216,1,0,2,2,1,0,0,0,4,7,2,7,0,1,1,0,0,4,4.859300000000005,0,0,0,0,0,0,0,0,0,0,0,0,2,1,0,0,0,0,0,0,0,0,0,0,2,1,0,0,1,0,1,0,0,0,0,0,0,0,0,0,0,0,0,0,0,0,0,0,0,0,1,0,0,0,0,0,0,0,0,0,0,1,0,18,7.36551724137931,4,4,0.0,3204.0,3,0.07586206896551725,0.2273399014778325,0.2273399014778325,0.18549392832091316,0.22733990147783253,0.14012370805095256,0.0,0.0,0.010634484079306155,0,0,0,0,0,2,1,0.23333333333333334,0.7666666666666667,0.06666666666666667,0.1,0.0,0.6060606060606061,0.030303030303030304,0,1,0,1,0,0,0,0,0,0,1,0,0,1,0,1,0,0,0,1,0,0,0,1,0,0,0,0,0,0,1,0,0,0,0,0,1,0,0,1,0,0,0,0,1,0,0,0,0,1,0,0,0,0,0,1,0,0,1,0,1,0,1,0,1,0,1,0,0,0,0,0,1,0,1,0,0,1,1,0,1,1,0,0,1,0,1,0,0,0,1,0,1,1,0,0,1,1,1,0,1,0,0,1,0,0,0,1,0,0,1,1,0,0,0,1,0,1,0,1,0,1,0,0,0,1,0,1,0,0,0,0,0,0,0,0,0,0,0,0,0,0,0,0,0,0,0,0,0,0,0,0,0,0,0,0,0,0,0,0,0,0,0,0,0,0,0,0,0,0,0,0,0,0,0,0,0,0,0,0,0,0,0,0,0,0,0,0,0,0,1,0,0,0,0,0,0,0,0,0,0,0,0,1,0,0,0,1,0,0,0,0,0,1,1,1,0,0,1,1,1,0,0,0,0,1,1,0,1,1,0,1,1,1,0,1,0,1,1,1,0,1,0,0,0,1,1,0,1,1,1,0,0,1,1,1,1,1,0,0,1,1,1,1,0,1,1,0,0,0,1,1,1,1,0,1,1,0,1,1,1,1,1,1,1,1,1,1,0,1,1,1,1,1,0
13.085679304092782,0.09219664640547598,-0.7687146261547209,0.6786665483238244,41.41379310344828,399.5750000000003,1.103448275862069,2.963644268170808,1.6005826459768338,2464987.4108969243,6.71549798353883,10.423315998847038,0.0,0.0,5.907179729351506,0.0,5.969305287951849,4.794537184071822,4.794537184071822,0.0,0.0,19.92349450621513,105.94978667373483,17.029935828614008,0.0,14.69560176298435,11.876485017303356,0.0,5.316788604006331,34.501605123439134,85.10336261131854,0.0,23.2982492738063,0.0,5.316788604006331,0.0,0.0,0.0,22.521937664527407,9.589074368143644,34.501605123439134,79.5644373589352,0.0,0.0,66.4,5.969305287951849,14.69560176298435,0.0,28.193991966689808,29.74764429147946,38.524929737556064,5.573104530069267,0.0,6.076020106833881,46.01149470929333,0.0,0.0,0.0,24.558958480094063,12.675528226931874,1.8170383649495867,1.4158965409386342,11.354610467803333,10.927967919282509,0.0,0.76,2,4,0,4,1,0,6,0,2,4,0,2,2,0,2,0,0,4,5.101000000000004,1,0,0,0,0,0,0,0,1,0,0,0,0,1,0,0,0,0,0,0,0,0,3,0,0,0,0,0,5,0,0,0,0,0,0,0,0,0,0,0,0,0,0,0,0,0,0,0,0,0,0,0,0,0,0,0,0,0,0,0,0,0,0,14,5.305418719211823,4,4,0.0,2154.0,4,0.07881773399014778,0.15945995256340084,0.15945995256340084,0.14516644484449756,0.15945995256340081,0.19771101928281729,0.15493113366302314,0.15493113366302314,0.01713331591338217,0,0,0,0,1,0,4,0.13793103448275862,0.8620689655172413,0.10344827586206896,0.034482758620689655,0.0,0.875,0.125,1,0,0,0,1,1,0,1,1,0,1,0,0,1,0,0,0,1,1,1,0,0,0,1,0,0,0,0,0,0,1,1,0,1,1,0,1,0,0,1,0,0,0,0,0,1,1,0,1,1,1,0,0,0,0,0,0,0,0,0,0,0,0,0,0,0,1,0,0,1,0,0,1,0,1,0,0,0,1,0,0,1,0,0,1,0,1,0,1,0,0,1,1,0,0,0,0,0,1,0,1,0,0,1,0,1,0,0,0,0,1,1,1,0,1,0,0,1,0,0,1,1,1,1,0,1,0,0,0,0,0,0,0,0,0,0,0,0,0,0,0,0,0,0,0,0,0,0,0,0,0,0,0,0,1,0,0,0,0,0,0,0,0,0,0,0,0,0,0,0,0,0,0,0,0,0,0,0,1,0,0,0,0,0,0,0,0,0,0,0,0,0,0,0,1,0,0,0,0,0,0,0,1,0,1,0,0,0,0,0,0,0,0,0,0,0,0,0,1,1,1,0,0,0,1,0,0,1,0,1,0,0,0,1,0,0,1,0,1,0,1,0,0,1,1,1,1,0,0,0,0,1,0,0,0,0,1,1,0,1,0,0,0,0,1,0,0,1,0,1,0,0,0,1,1,1,0,1,1,1,0,0,1,0,1,1,1,1,1,1,0,1,1,1,0
11.800244551524312,0.05562397644242867,-0.05562397644242867,0.8976306233197457,16.5,268.74399999999997,1.2777777777777777,2.404187455043564,1.7229969855464158,15656.068707243689,6.731296123262332,10.05365155780638,0.0,0.0,0.0,5.907179729351506,0.0,9.694446914922299,0.0,0.0,0.0,11.600939890232516,24.26546827384644,36.76511042908862,13.213763929025836,9.53140013787187,17.508119619584022,0.0,10.216698334856808,0.0,0.0,39.392789552676135,34.85155307928476,0.0,5.316788604006331,0.0,0.0,11.600939890232516,50.199879012878114,4.736862953800049,0.0,10.357988675768818,5.022633313741326,0.0,41.57000000000001,0.0,4.794537184071822,0.0,5.907179729351506,17.130841211350898,32.84803314676356,0.0,24.26546827384644,0.0,10.216698334856808,16.337802844032566,5.266136692745049,5.7720348258028515,14.08361903712102,3.539968251061776,0.640164346602839,-0.05562397644242867,0.0,4.966311356915313,0.0,0.46153846153846156,1,0,1,1,1,0,0,0,3,5,1,4,0,1,1,0,0,2,1.4020000000000006,0,0,0,0,0,0,0,0,0,0,0,0,1,1,0,0,0,0,0,0,0,0,0,0,0,0,0,0,0,0,1,0,0,0,0,0,0,0,0,0,0,0,1,0,0,0,0,0,0,0,0,0,0,0,0,0,0,0,0,0,0,0,0,12,4.73202614379085,2,2,0.0,724.0,3,0.12418300653594769,0.23325163398692808,0.23325163398692808,0.2044227197003852,0.23325163398692808,0.21887834198330738,0.2051351162050092,0.2051351162050092,0.01267559707296112,0,0,0,0,0,1,1,0.2777777777777778,0.7222222222222222,0.1111111111111111,0.1111111111111111,0.0,0.631578947368421,0.05263157894736842,1,1,0,0,0,0,0,0,1,1,1,1,0,0,0,0,1,0,0,1,0,0,0,0,0,0,0,1,0,0,1,0,0,1,0,0,0,0,0,1,0,0,0,0,0,0,1,0,1,1,0,0,0,0,1,0,0,1,0,0,0,0,0,0,0,0,0,0,0,1,0,0,1,0,1,0,0,0,0,0,1,1,0,0,0,0,1,0,1,0,0,0,0,0,0,0,0,0,0,0,1,0,1,0,0,1,0,0,0,0,0,0,0,0,0,0,0,0,0,0,0,1,0,0,0,1,0,1,0,0,0,0,0,0,0,0,0,0,0,0,0,0,0,0,0,0,0,0,0,0,0,0,0,0,0,0,0,0,0,0,0,0,0,0,0,0,0,0,0,0,0,0,0,0,0,0,0,0,0,0,0,0,0,0,0,1,0,0,0,0,0,0,0,0,0,0,0,0,0,0,0,0,0,1,0,0,0,1,0,0,1,0,0,1,1,1,0,0,0,1,1,0,0,1,0,0,1,0,1,0,0,1,1,0,0,1,0,1,1,1,0,0,0,0,0,1,1,0,1,1,1,0,0,0,0,0,1,1,0,0,1,0,1,0,0,1,1,0,0,0,1,0,0,1,0,1,1,0,0,1,0,1,1,1,1,1,1,1,0,1,1,1,1,1,0
13.320047713529856,0.062268518518518556,-1.966112528344671,0.4084569903388224,59.172413793103445,408.40300000000013,1.0344827586206897,3.313933446728988,1.6835784650148211,3962844.6967333313,4.476195044430214,29.160506604881604,12.207932775496605,11.70501719873199,11.8910775403189,0.0,17.90791586385555,4.794537184071822,9.589074368143644,0.0,0.0,20.771211599071872,24.677455338174806,6.4208216229260096,16.747886984954953,43.54411815709707,17.90791586385555,0.0,0.0,28.080783500513128,76.34061955916201,0.0,0.0,0.0,0.0,0.0,0.0,0.0,63.92499816808445,33.33106336741566,28.080783500513128,40.53659204461451,0.0,0.0,128.59,70.459830363358,24.596666341896878,0.0,17.75371813848418,6.4208216229260096,0.0,6.923737199690624,0.0,20.771211599071872,0.0,18.947451815200196,22.892494567271356,0.0,38.1427686707399,23.03387881078357,-6.81430327223482,-3.5237153433904433,-3.955738614890402,7.474615181720836,0.0,0.85,2,2,4,6,0,0,10,0,9,9,4,0,2,4,6,2,0,6,-0.3402999999999995,0,2,1,0,0,0,0,0,0,0,0,0,0,0,0,0,0,0,0,0,0,0,0,0,0,0,0,0,1,3,4,0,0,0,0,0,0,0,0,0,0,0,0,0,0,0,0,0,0,0,0,0,0,0,0,0,0,0,0,0,0,0,0,9,3.9704433497536944,6,6,0.0,1612.0,4,0.08374384236453201,0.11001642036124794,0.11001642036124794,0.12749547460019606,0.11001642036124794,0.26226224089506933,0.1557991862472255,0.1557991862472255,0.020812152599459195,0,0,0,0,5,0,6,0.3103448275862069,0.6896551724137931,0.3103448275862069,0.0,0.0,0.9117647058823529,0.08823529411764706,0,0,1,1,0,0,0,0,1,1,1,0,1,0,0,0,1,0,0,0,0,0,0,0,0,0,0,0,1,1,1,0,0,1,0,0,1,0,0,1,0,1,0,1,0,1,1,0,1,0,0,0,0,0,1,0,1,0,1,1,0,0,0,0,0,0,1,0,0,0,1,0,1,0,0,0,0,0,0,0,1,0,1,0,0,1,0,0,1,0,1,1,0,0,0,0,0,0,0,1,1,0,0,0,0,1,0,0,1,1,1,1,0,0,1,0,0,0,0,0,0,0,0,1,0,0,1,1,0,0,0,0,0,0,0,0,0,0,0,0,0,0,0,0,0,0,0,0,0,0,0,0,0,0,0,0,0,0,0,0,0,0,0,0,0,0,0,0,0,0,0,0,0,0,0,0,0,0,0,0,0,0,0,0,0,1,0,0,0,0,0,0,0,0,1,0,0,0,0,0,1,0,1,0,0,0,0,0,0,0,0,1,0,0,0,0,0,1,1,1,0,0,0,0,1,0,0,0,0,1,0,0,0,1,0,0,1,0,0,0,1,0,0,0,1,0,0,0,1,0,0,1,0,0,0,1,1,1,0,1,1,0,0,0,1,1,0,1,1,1,0,1,0,0,1,0,0,1,1,0,1,0,1,0,0,1,0,1,1,0,0,0,1,1,0
13.3544921579743,0.22890613189720344,-2.244469009826153,0.3140501117996527,60.1,424.40200000000016,1.0333333333333334,3.351060739001575,1.7207684938482384,6123564.192475267,4.693578246809042,34.267033999722315,12.207932775496605,17.808983586480295,11.8910775403189,0.0,17.90791586385555,4.794537184071822,9.589074368143644,0.0,0.0,20.771211599071872,24.677455338174806,0.0,16.747886984954953,48.65064555193777,17.90791586385555,0.0,0.0,28.080783500513128,76.02376432398431,0.0,0.0,0.0,0.0,0.0,0.0,0.0,75.13549195067347,33.33106336741566,28.080783500513128,34.11577042168851,0.0,0.0,148.82,87.89669326666449,29.703193736737582,0.0,6.4208216229260096,0.0,0.0,6.923737199690624,0.0,20.771211599071872,0.0,18.947451815200196,22.51281864134543,0.0,38.236695352523725,34.677604717813054,-8.260761605568153,-4.31575238042748,-6.906433059334847,7.139161666981607,0.0,0.85,3,2,4,6,0,0,11,0,10,10,4,0,2,4,6,2,0,6,-1.3694999999999982,0,3,2,0,0,0,0,0,0,0,0,0,0,0,0,0,0,0,0,0,0,0,0,0,0,0,0,0,1,3,4,0,0,0,0,0,0,0,0,0,0,0,0,0,0,0,0,0,0,0,0,0,0,0,0,0,0,0,0,0,0,0,0,9,3.9793103448275864,6,6,0.0,1731.0,4,0.08045977011494251,0.10640394088669951,0.10640394088669951,0.12636342849047844,0.10640394088669952,0.2615097987174495,0.15228685038639841,0.15228685038639841,0.02092775128006139,0,0,0,0,5,0,6,0.3333333333333333,0.6666666666666666,0.3333333333333333,0.0,0.0,0.9142857142857143,0.08571428571428572,0,0,1,1,0,0,0,0,1,1,1,0,1,0,0,0,1,0,0,0,0,0,0,0,0,1,0,0,1,1,1,0,0,1,0,0,1,0,0,1,0,1,0,0,0,1,1,0,1,0,0,0,0,0,0,0,1,0,1,1,0,0,0,0,0,0,1,0,0,0,1,0,0,0,0,0,0,0,0,0,1,0,1,1,0,1,0,0,1,0,0,1,0,0,1,0,0,0,1,1,1,0,0,1,0,1,0,0,0,1,1,1,0,1,1,0,0,0,0,0,0,0,1,1,0,0,1,1,0,0,0,0,0,0,0,0,0,0,0,0,0,0,0,0,0,0,0,0,0,0,0,0,0,0,0,0,0,0,0,0,0,0,0,0,0,0,0,0,0,0,0,0,0,0,0,0,0,0,0,0,0,1,0,0,0,1,0,0,0,0,0,0,0,0,1,0,0,0,0,0,1,0,1,0,0,0,0,0,0,0,0,1,0,0,0,0,0,1,0,1,0,0,0,0,1,0,0,0,0,1,0,0,0,1,0,0,0,0,0,0,1,0,0,0,1,0,0,0,1,0,0,1,0,0,0,1,0,0,0,1,1,0,0,0,1,1,0,1,1,1,0,1,0,0,1,0,0,1,1,0,1,0,1,0,0,1,0,1,1,0,0,0,1,1,0
13.221356764928192,0.049623750734860916,-0.1554572940287231,0.8131189816830356,29.25925925925926,362.47300000000007,0.9259259259259259,2.741103569362016,1.4268266950352047,3320638.650410811,7.005744544324144,4.736862953800049,6.103966387748303,0.0,0.0,0.0,6.093240070938415,9.799819461700956,4.794537184071822,0.0,0.0,54.59730361615449,54.96023820185556,13.08951281182515,6.041840829147961,9.53140013787187,6.093240070938415,0.0,9.799819461700956,5.917906046161393,31.40827208567429,26.1790256236503,71.28765809124549,0.0,0.0,4.794537184071822,0.0,0.0,48.17605154403797,11.157684576726059,5.917906046161393,35.57383855009097,0.0,0.0,32.78,0.0,4.794537184071822,0.0,18.23904728783468,12.462662452073968,44.460185578212744,11.126902983393991,0.0,23.099010936235306,41.29811214162014,4.736862953800049,6.076823979591836,0.0,17.589816993155285,0.0,3.7033029677920557,0.5335204606533971,3.0892210008939798,3.914920753782587,0.0,0.43478260869565216,0,0,4,4,1,0,2,2,3,4,4,2,0,3,3,0,0,6,3.864900000000003,0,0,0,0,0,0,0,0,0,0,0,0,2,0,0,0,0,0,0,0,0,0,0,0,0,0,0,0,4,0,1,0,0,0,0,0,0,0,0,0,0,0,0,0,0,0,0,0,0,3,0,0,0,0,0,0,0,0,0,0,0,0,0,11,4.997150997150997,5,5,0.0,1754.0,3,0.08831908831908836,0.15988603988603986,0.15988603988603986,0.17793420322440792,0.15988603988603986,0.20761712107344618,0.16932937011549906,0.16932937011549906,0.01051467806228691,0,0,0,0,0,2,2,0.14814814814814814,0.8518518518518519,0.07407407407407407,0.07407407407407407,0.0,0.5806451612903226,0.03225806451612903,0,0,0,1,0,1,0,0,0,0,1,1,0,0,0,0,0,0,0,1,0,0,0,0,0,0,1,0,0,0,1,0,0,0,0,0,0,1,0,1,0,1,0,0,1,1,0,1,0,0,0,0,0,0,1,1,0,0,0,0,0,0,0,1,1,1,0,0,0,0,0,0,1,1,1,0,0,0,0,0,0,1,0,0,1,0,1,0,0,1,0,0,0,0,0,0,1,1,1,1,1,0,1,0,1,0,0,0,0,0,0,0,0,0,1,1,0,1,0,0,0,0,0,1,0,1,0,1,0,0,0,0,0,0,0,0,0,0,0,0,0,0,0,0,0,0,0,0,0,0,0,1,0,0,0,0,0,0,0,0,0,0,0,0,0,0,0,0,0,0,0,0,0,0,0,0,0,0,0,0,0,0,0,0,0,0,0,0,0,0,1,0,0,0,0,0,0,0,0,0,0,0,0,1,0,0,0,0,0,0,0,0,0,1,1,0,0,0,0,0,0,0,0,1,0,0,1,0,1,1,0,0,0,1,1,0,0,0,1,1,0,0,0,0,0,1,1,0,1,1,1,1,0,1,1,1,1,1,0,0,1,0,0,0,0,1,1,0,0,0,1,1,1,1,0,1,1,0,1,0,1,1,1,0,1,1,1,1,0,1,1,1,1,1,0
13.213615677752582,0.22801508566389606,-1.2622283810643602,0.4637535306291197,15.758620689655173,404.4910000000001,0.6896551724137931,3.031808214680532,1.602853267904459,6455568.595354963,8.50890981753951,4.552749873690364,11.670759652908181,4.895483475517775,0.0,11.814359458703011,0.0,9.589074368143644,10.017825047909064,0.0,0.0,54.59730361615449,47.57405688415495,6.4208216229260096,11.374772549367124,14.141824241834009,34.364986481455425,0.0,0.0,5.917906046161393,11.316305098443785,15.770678654655853,90.99550602692418,0.0,10.017825047909064,11.374772549367124,0.0,0.0,22.119962939140162,20.76492884152893,5.917906046161393,6.4208216229260096,0.0,0.0,63.68,17.09376051954668,14.141824241834009,0.0,23.98803468837581,16.270256024884898,0.0,10.017825047909064,36.39820241076966,54.59730361615449,0.0,0.0,12.579056507665815,-1.2622283810643602,27.126514587571585,2.8487522045855376,1.2525646001692181,-1.2032046275300248,0.22801508566389606,0.0,0.0,0.13043478260869565,0,0,1,1,2,0,1,0,3,6,1,6,0,1,1,0,1,4,3.795500000000003,0,0,0,0,0,0,0,0,0,0,0,0,2,0,0,0,0,0,0,0,0,0,0,0,2,0,0,0,0,0,0,0,0,1,0,0,0,0,0,0,0,0,0,0,0,0,0,2,0,0,0,0,0,0,0,0,0,0,0,0,0,0,0,13,5.495073891625616,4,4,0.0,2231.0,3,0.0788177339901478,0.16648421820835616,0.16648421820835616,0.16417621758545203,0.16648421820835616,0.1903629928488288,0.14044375884570245,0.14044375884570245,0.011872386819082618,0,0,0,0,1,3,1,0.20689655172413793,0.7931034482758621,0.10344827586206896,0.06896551724137931,0.034482758620689655,0.375,0.0625,0,1,0,0,0,1,0,1,0,0,1,0,0,0,0,0,0,0,0,0,0,0,0,0,0,1,0,0,0,0,0,0,0,1,0,0,0,0,1,1,0,0,0,0,0,1,0,1,1,0,1,0,0,1,0,0,0,0,1,0,0,0,0,0,1,0,0,0,0,0,0,1,0,0,0,1,0,0,0,1,1,1,0,0,0,1,1,0,0,0,0,0,0,0,0,0,0,0,0,0,1,0,0,0,0,0,1,0,0,0,0,0,0,0,0,0,0,0,0,0,0,0,0,1,0,0,1,0,0,0,0,0,0,0,0,0,0,0,0,0,0,0,0,0,0,0,0,0,0,0,0,0,0,0,0,0,0,0,0,0,0,0,0,0,0,0,0,0,1,0,0,0,0,0,0,0,0,1,0,1,1,0,0,0,0,0,0,1,0,1,1,0,1,0,0,1,0,0,0,0,0,0,0,1,0,0,0,0,1,1,0,1,0,0,0,0,1,1,0,0,1,0,1,1,1,1,0,0,0,0,1,0,0,0,0,0,0,0,1,0,0,0,0,0,0,1,1,0,1,1,1,0,1,1,0,1,0,0,1,0,1,1,0,1,1,1,0,0,0,0,1,1,0,1,1,1,1,0,1,0,0,1,1,1,1,0,1,1,0,1,1,1,1,1,0
12.812351441343804,0.17792517006802733,-0.5805357712435011,0.7898834049027826,10.090909090909092,304.32500000000005,1.2727272727272727,2.4934584464093277,1.9651802964718126,86712.51093233078,7.256316894851852,15.787319034968565,17.45294639671595,0.0,0.0,0.0,6.093240070938415,5.316788604006331,14.16893075269385,0.0,0.0,12.13273413692322,36.75265696523406,6.544756405912575,12.29426823919648,13.92181518554669,23.416351901292035,0.0,4.9839785209472085,0.0,13.4684936056032,22.974126649687765,47.778874743512546,0.0,16.367244685174846,26.508064062100264,0.0,0.0,17.68410055639854,11.281619359712625,5.817220841045895,12.487188691387619,0.0,0.0,89.27,6.093240070938415,9.184952231746642,0.0,18.241965583393842,18.050005458431166,5.563451491696996,12.13273413692322,31.18920547353706,0.0,15.617555728959871,10.470530430962235,17.578737318566137,0.0,15.466159146962823,5.569665145060166,7.076518688525814,0.4526899494084051,-0.5805357712435011,2.469744960086667,0.0,0.2,4,0,0,0,1,1,0,0,5,7,1,5,0,0,0,0,0,2,2.9834000000000005,0,0,0,1,0,1,0,0,0,0,0,0,1,2,1,0,0,0,0,0,0,0,0,0,3,0,0,0,0,0,1,0,0,0,0,0,0,0,0,0,0,0,0,0,0,0,0,0,0,0,0,0,1,0,0,0,0,0,0,0,0,0,0,15,5.4935064935064934,2,2,0.0,1269.0,3,0.09956709956709955,0.2246753246753247,0.2246753246753247,0.17105922431221648,0.2246753246753247,0.19044154834844135,0.18159676599416968,0.18159676599416968,0.013625353279915915,0,0,0,0,0,2,0,0.3181818181818182,0.6818181818181818,0.09090909090909091,0.18181818181818182,0.0,0.43478260869565216,0.043478260869565216,1,0,1,1,0,0,1,0,1,0,1,0,1,0,0,0,0,0,0,1,1,0,0,0,1,0,0,0,0,0,0,0,0,1,0,0,0,0,1,1,0,0,0,0,0,0,1,0,0,1,0,1,0,0,1,1,0,0,1,1,0,0,0,1,1,0,0,0,0,0,0,1,1,0,0,1,0,0,0,0,1,1,0,0,1,1,1,0,0,0,1,0,0,0,1,0,0,0,0,0,1,0,0,0,0,0,0,0,0,0,0,0,0,0,0,0,0,1,0,0,0,0,1,0,0,1,1,1,0,0,0,0,0,0,0,0,0,0,0,0,0,0,0,0,0,0,0,0,0,0,0,1,0,0,0,0,0,0,0,0,0,0,0,0,0,0,1,0,0,0,1,0,0,0,0,0,0,0,0,0,0,1,1,0,0,0,0,0,0,0,0,0,0,1,0,0,0,0,0,0,0,0,0,0,0,1,0,1,1,0,1,0,1,0,0,1,0,0,1,0,0,0,0,0,0,0,1,0,1,0,0,0,0,0,1,1,0,1,1,0,0,0,1,0,0,1,0,0,0,1,0,1,0,1,1,0,0,0,0,1,0,1,1,1,0,1,1,0,0,0,1,0,1,1,0,0,0,0,1,1,0,1,1,1,1,1,1,1,1,1,1,1,1,1,0
14.305086568339256,0.009881897847838106,-2.510254429686353,0.18495553644513674,40.96491228070175,804.0310000000001,0.9298245614035088,3.184144781239025,1.7776314240439026,1192347300534.8425,20.955266205731213,43.90380668437284,24.033018551009505,0.0,5.7871111525705965,11.690424675716445,5.969305287951849,14.383611552215466,4.794537184071822,0.0,6.578935683598497,44.572376449642775,95.46460725103343,52.04868879115536,30.51983193874151,58.18204568980965,23.442974910033232,0.0,4.899909730850478,29.589530230806965,159.8044405465959,27.874149029745176,35.953205064238674,0.0,0.0,0.0,0.0,0.0,126.09333255110766,42.86246350528753,29.589530230806965,105.24772385063925,0.0,0.0,178.35999999999996,83.86619841036084,34.4977309208094,0.0,49.53024470112662,56.93967751347735,5.573104530069267,19.119504813405545,27.03329204749266,32.923251812739636,6.578935683598497,23.684314769000245,29.74842313662892,0.0,57.816544800003605,34.14463729691938,1.609476327837776,-7.759827869931017,4.930503964732893,13.125079284823824,4.61112850260519,0.7727272727272727,3,1,3,4,1,0,14,2,12,13,3,7,1,2,3,0,0,4,4.639000000000004,0,3,2,0,0,0,0,0,0,0,0,0,1,0,0,0,0,0,0,0,0,0,4,0,0,0,0,0,3,1,5,0,0,0,0,0,0,0,2,2,1,3,0,0,0,0,0,0,0,1,0,0,0,0,0,0,0,0,0,0,0,0,0,19,7.912907268170426,4,4,0.0,12629.0,4,0.03759398496240601,0.12568922305764413,0.12568922305764413,0.1277300904666814,0.12568922305764413,0.12945947734389568,0.08509646006239026,0.08509646006239026,0.010998581067269314,0,0,0,0,0,0,4,0.22807017543859648,0.7719298245614035,0.21052631578947367,0.017543859649122806,0.0,0.8833333333333333,0.11666666666666667,1,1,1,0,1,0,0,1,0,0,1,0,1,0,0,1,1,0,1,0,0,0,1,0,0,0,0,0,0,1,1,0,1,1,0,1,1,0,0,1,1,1,0,0,1,1,1,0,0,1,0,0,1,1,1,1,0,1,1,1,0,0,0,1,1,0,1,0,0,0,1,0,1,1,0,0,0,0,1,1,1,1,0,0,0,1,1,0,0,0,0,0,0,1,1,0,0,0,0,1,1,0,0,1,1,1,1,0,1,1,1,1,1,0,1,0,0,0,0,0,1,1,1,1,1,1,0,0,0,0,0,0,0,0,0,0,0,0,0,0,0,0,0,0,0,0,0,0,0,0,0,0,0,0,0,0,0,0,0,0,0,0,1,0,0,0,0,0,0,0,0,0,0,0,0,0,0,0,1,0,0,0,0,0,0,1,0,0,0,0,0,0,0,0,0,0,0,0,0,0,1,0,0,0,1,0,0,0,0,0,0,0,0,1,0,0,0,1,1,0,1,1,0,1,0,1,1,1,1,0,0,0,1,1,0,0,1,0,1,1,1,0,0,1,1,1,1,0,1,1,1,1,0,0,1,1,1,1,0,1,1,0,0,0,1,1,0,1,1,1,0,1,0,1,1,1,1,1,1,0,1,1,1,1,1,1,1,1,1,1,0,1,1,1,0
12.403475056689343,0.11703703703703683,-0.11703703703703683,0.8617161250864191,17.05,266.30400000000003,1.2,3.2711651994369526,2.0018389097081015,110375.65615940165,4.030422454929436,10.216698334856808,5.817862777835028,5.817862777835028,0.0,5.907179729351506,0.0,4.794537184071822,9.967957041894417,0.0,0.0,0.0,43.52793314262446,18.435527972374114,11.250837766380558,4.794537184071822,23.230291559705122,0.0,9.967957041894417,0.0,25.807221274690605,10.216698334856808,41.71969133200497,0.0,10.216698334856808,17.323111830353618,0.0,0.0,21.916977600393885,0.0,6.923737199690624,28.763083413317833,0.0,0.0,58.120000000000005,0.0,4.794537184071822,0.0,5.907179729351506,17.423155098679985,29.910343790067603,0.0,18.460054211687762,19.056471336613843,20.184655376751227,0.0,0.0,0.0,23.42349584278156,2.9763888888888888,2.417598261526833,1.399305555555556,5.726640211640211,1.9814351851851852,0.0,0.26666666666666666,1,1,1,2,1,2,0,0,4,5,3,1,1,0,1,0,0,4,2.6512200000000004,0,0,0,0,0,2,0,0,0,0,0,0,3,1,0,0,0,0,0,0,0,0,0,0,3,1,0,0,2,0,0,0,0,0,0,0,0,0,0,0,0,0,0,0,0,0,0,0,0,0,0,0,2,0,0,0,0,0,0,0,0,0,0,7,3.557894736842105,4,4,0.11666666666666665,676.0,3,0.12105263157894734,0.14210526315789473,0.14210526315789473,0.13500541782931533,0.14210526315789473,0.2898931343374799,0.20478650308141622,0.20478650308141622,0.014786879726209503,0,0,1,0,0,2,1,0.25,0.75,0.05,0.2,0.0,0.43478260869565216,0.043478260869565216,0,0,1,0,0,0,0,0,0,0,1,0,0,0,0,1,0,0,1,1,0,0,0,1,0,0,0,0,0,0,1,0,0,1,0,0,1,0,0,1,0,1,1,0,1,1,0,0,0,1,0,0,0,0,0,0,0,0,1,0,0,0,0,0,1,0,0,1,0,0,0,0,1,0,1,0,0,1,0,0,0,1,1,0,0,0,1,0,1,0,1,0,0,0,0,0,1,0,0,0,1,0,0,0,0,0,0,0,0,0,0,1,0,0,0,0,0,0,1,0,0,1,1,1,1,1,0,0,0,0,0,0,0,0,0,0,0,0,0,0,0,0,0,0,0,0,0,1,0,0,1,0,0,0,0,0,0,0,0,0,0,0,0,0,0,0,1,0,0,0,0,0,0,0,0,0,0,0,0,0,0,0,0,0,0,0,0,0,0,0,1,0,0,1,0,0,0,0,0,0,0,0,0,1,0,1,0,1,1,0,0,0,0,1,0,0,0,0,0,0,1,0,0,0,0,1,1,0,0,1,0,0,0,1,0,0,0,0,1,1,0,0,0,0,0,1,0,0,1,1,1,0,0,1,0,1,0,0,0,0,0,1,0,1,0,1,0,0,0,0,1,1,1,1,0,1,1,0,0,1,0,0,1,0,1,0,1,0,1,1,1,1,1,1,0
12.991396627675694,0.08339983186442268,-0.651427246076486,0.6334640734356928,17.696969696969695,451.4830000000003,1.0303030303030303,2.8683230916730005,1.2831493867179924,45997301.0682881,8.530792550820328,34.48093875406334,12.424744742347947,22.99804733313562,12.052305668734796,5.907179729351506,0.0,4.794537184071822,4.9839785209472085,4.9839785209472085,0.0,12.13273413692322,18.19910120538483,37.63161690657671,19.736295800171327,23.741988999272017,28.576306720254085,0.0,14.867866772744893,0.0,6.103966387748303,57.63907987873095,36.39820241076966,22.99804733313562,29.58102902321286,11.766202058821523,22.99804733313562,0.0,73.88451556056297,4.794537184071822,0.0,0.0,0.0,10.902924932081056,112.27000000000001,6.103966387748303,4.794537184071822,0.0,12.514061693864424,71.84619994768849,0.0,0.0,37.318606018790376,23.099010936235306,9.967957041894417,24.681119292362382,22.29180629950053,0.0,25.96591199217413,0.6943909803843622,6.888474894031282,3.183564411056672,-0.651427246076486,2.3979243978490907,3.1430275276609914,0.34782608695652173,2,0,2,2,1,1,1,0,9,10,3,4,0,1,1,0,1,5,1.7177999999999993,0,0,0,1,0,2,0,0,0,0,0,0,4,0,1,0,0,0,0,0,0,0,0,0,2,0,0,0,2,0,4,0,0,0,0,0,0,0,0,0,0,2,0,0,0,0,0,2,0,0,1,0,0,0,0,0,0,0,0,0,0,0,0,18,6.734848484848484,5,5,0.0,3556.0,3,0.07007575757575757,0.18499511241446726,0.18499511241446726,0.1552942736127629,0.18499511241446726,0.1542971172708647,0.1430783916739,0.1430783916739,0.011400830303800109,0,0,0,0,0,3,1,0.30303030303030304,0.696969696969697,0.15151515151515152,0.15151515151515152,0.0,0.5135135135135135,0.02702702702702703,1,0,0,1,1,0,0,0,0,0,1,0,1,0,0,0,1,0,0,1,0,0,0,1,0,0,0,0,0,0,1,0,0,1,0,0,0,0,0,1,0,0,0,0,0,0,0,1,0,1,1,1,0,1,0,1,0,1,0,0,0,0,0,1,1,0,1,0,0,0,0,0,1,1,0,0,1,1,0,1,0,1,1,0,1,1,1,0,0,1,0,0,1,1,0,1,0,0,0,0,1,0,0,0,1,1,0,1,0,1,1,1,1,1,0,0,0,0,1,0,0,1,1,1,0,1,0,1,0,0,0,0,0,0,0,0,0,0,0,0,0,0,0,0,0,0,0,0,0,0,0,0,0,1,0,0,0,0,0,0,0,0,0,0,0,0,1,0,0,0,0,0,0,0,0,0,0,0,0,0,0,0,0,0,0,1,0,0,0,0,1,0,0,1,0,0,0,0,0,0,1,0,0,1,0,1,0,1,1,0,0,0,1,1,1,0,0,1,0,0,1,1,0,1,0,1,1,0,1,1,0,0,0,1,1,0,0,1,1,1,0,1,0,0,0,1,1,0,1,1,1,0,0,1,1,1,1,1,0,0,1,1,0,1,0,1,1,0,1,0,1,1,1,1,1,1,1,1,1,1,1,1,1,0,1,1,1,1,1,1,1,1,1,1,0
10.173379629629629,0.25385802469135843,-3.9048996913580254,0.39203873860249056,37.375,138.059,1.625,2.133053832927304,2.517285418866277,74.65688415245563,1.5443532196325054,14.523686159305,0.0,5.845054792290216,0.0,0.0,7.595762326787885,4.565048284931329,0.0,0.0,0.0,0.0,6.923737199690624,0.0,6.103966387748303,19.08873444423633,7.595762326787885,0.0,0.0,0.0,18.87275837972914,0.0,0.0,0.0,0.0,0.0,0.0,7.595762326787885,21.73584438554347,9.301911238731378,0.0,6.923737199690624,0.0,0.0,70.06,13.440817119078101,4.565048284931329,0.0,6.103966387748303,0.0,0.0,0.0,6.923737199690624,0.0,4.736862953800049,9.78682320550495,14.691512345679012,0.0,16.62787037037037,0.0,0.0,-0.81712962962963,-0.25385802469135843,1.6287268518518518,-3.9048996913580254,1.0,2,0,1,1,0,0,2,0,2,5,1,1,0,1,1,0,0,1,-0.09110000000000007,0,0,0,0,0,0,0,0,0,0,0,0,0,0,0,0,0,0,0,0,0,0,0,0,0,0,0,0,0,0,1,0,0,0,0,0,0,0,0,0,0,0,0,0,0,0,0,0,0,0,0,0,0,0,0,0,0,0,0,0,0,0,0,4,2.1785714285714284,1,1,0.20833333333333331,61.0,4,0.2857142857142857,0.1964285714285714,0.1964285714285714,0.27606472917393404,0.1964285714285714,0.4780860071301248,0.32279882641143387,0.32279882641143387,0.03694885849449055,0,0,1,0,0,0,1,0.625,0.375,0.5,0.0,0.0,0.875,0.125,0,1,1,0,0,0,0,0,0,0,1,0,0,0,0,0,1,0,0,0,0,0,0,1,0,0,0,0,0,1,0,0,1,1,0,0,0,0,0,1,0,0,0,0,0,0,1,0,0,0,0,0,0,0,0,0,0,0,0,0,0,0,0,0,1,0,0,0,1,0,0,0,0,0,0,0,0,0,0,0,0,0,1,0,0,0,0,0,0,0,0,0,0,0,0,0,0,1,0,0,0,0,1,0,0,0,0,0,0,0,0,0,0,0,0,0,0,0,0,0,0,0,0,1,0,0,0,0,0,0,0,0,0,0,0,0,0,0,0,0,0,0,0,0,1,0,0,0,0,0,1,0,0,0,0,0,0,1,0,0,0,0,0,0,0,0,0,0,0,0,0,1,0,0,0,0,1,0,0,0,0,0,0,0,0,1,0,0,0,0,0,0,0,0,0,0,0,1,0,0,1,0,0,0,0,0,0,0,0,0,0,0,0,0,0,0,0,1,0,0,0,0,0,0,0,0,0,0,0,0,1,0,0,0,1,0,0,0,0,0,1,0,0,0,0,0,0,0,0,0,0,0,1,0,0,0,0,0,1,1,0,0,0,0,0,1,0,1,1,0,0,0,0,0,1,0,1,0,1,0,1,0,0,0,0,1,0,1,1,0,0,0,1,1,0
13.180948286722096,0.3684985460233474,-1.0316555708601156,0.7301048006129894,24.724137931034484,414.4830000000001,1.2413793103448276,2.936963797640094,1.6396211372603273,2994610.5230601737,6.9471021121804615,20.06008868349756,23.207066304548565,0.0,5.907179729351506,5.907179729351506,5.969305287951849,9.589074368143644,4.794537184071822,0.0,11.761884949391115,30.33183534230805,37.61002709646307,4.74702245321756,12.170333456209914,24.227001900856216,40.31799812497557,0.0,10.216698334856808,0.0,42.975788523554094,6.606881964512918,41.96165390246666,5.749511833283905,10.05365155780638,0.0,5.749511833283905,11.761884949391115,56.601560761341176,9.589074368143644,0.0,31.129200274840688,0.0,10.772448428929591,95.94000000000001,34.08106194178558,19.490138947056174,0.0,5.907179729351506,17.919845289493818,10.772448428929591,16.66179468024159,19.913841467842857,37.255572541998674,5.316788604006331,4.736862953800049,5.018110932427762,1.3994326079197108,38.89159199222705,13.59228695275879,0.38263122532963845,-1.3486938807828495,0.0,5.854046646437485,0.0,0.38095238095238093,2,0,2,2,2,0,3,0,5,8,2,5,0,2,2,0,0,4,2.4837999999999996,1,0,0,0,0,0,0,0,1,0,0,0,1,1,0,0,0,0,0,0,0,0,0,0,0,0,0,0,2,0,1,0,0,0,0,0,0,0,0,0,0,0,0,0,0,0,0,0,0,0,0,0,0,0,1,0,0,0,0,0,0,0,0,12,5.352216748768473,4,4,0.0,2173.0,4,0.07881773399014778,0.16119321291735084,0.16119321291735084,0.17669435765870792,0.16119321291735084,0.19337829639955567,0.13335528147914383,0.13335528147914383,0.015862448942552235,0,0,0,1,1,2,2,0.27586206896551724,0.7241379310344828,0.1724137931034483,0.06896551724137931,0.034482758620689655,0.5625,0.09375,1,0,1,1,0,1,0,0,0,0,1,0,0,1,0,0,0,1,1,0,0,0,0,1,0,0,0,0,0,0,0,0,0,1,0,1,1,1,1,1,1,1,0,0,1,0,0,1,0,0,1,0,0,1,0,1,0,1,1,0,0,0,0,1,1,0,0,0,0,0,0,0,0,0,1,1,0,1,0,0,1,1,0,0,0,0,1,0,0,0,0,0,0,0,1,0,0,0,0,1,1,0,1,0,0,1,1,0,0,1,0,0,0,1,0,1,0,0,0,0,0,0,1,1,0,1,1,1,0,0,0,0,0,0,0,0,1,0,0,1,0,0,0,0,0,0,0,1,0,0,0,0,0,0,0,0,0,0,0,0,0,0,0,0,1,0,0,0,0,0,0,0,0,0,0,1,0,0,0,0,0,0,0,0,0,0,0,0,0,0,0,0,0,0,1,0,0,0,0,0,0,0,1,0,0,0,0,1,0,1,0,1,0,1,0,0,1,1,0,0,1,0,0,1,1,1,0,0,0,1,0,0,0,1,0,0,0,1,1,0,1,1,1,0,0,1,0,0,1,1,1,1,0,1,1,1,0,0,0,1,0,1,0,0,1,1,0,1,1,1,1,1,1,1,1,0,1,1,1,1,1,1,1,1,1,1,1,1,1,1,1,1,1,1,0
12.14287430713026,0.1339191232048378,-0.887671485260771,0.43419044029909815,10.909090909090908,302.23800000000006,0.8181818181818182,2.4477295335010476,2.3772579684492388,86490.52306625951,4.589937946900745,29.949787911256877,22.46826802267485,17.25927108544225,11.178302225184446,0.0,0.0,4.794537184071822,0.0,0.0,0.0,0.0,18.19910120538483,17.696185628620217,0.0,29.949787911256877,10.969244356107037,0.0,0.0,0.0,0.0,0.0,40.55516291828041,40.07125807699096,5.428790391900541,0.0,28.747559166419524,0.0,25.532636974203527,0.0,0.0,0.0,0.0,22.292943266678478,131.36,22.677325891752254,30.327174158275348,0.0,33.791966933246286,0.0,24.26546827384644,6.06636706846161,0.0,0.0,0.0,4.417150937053347,5.353238851095994,0.0,12.14287430713026,47.63361219952218,-0.8899886621315185,-2.713941746451665,0.0,0.0,0.0,0.0,5,0,0,0,0,1,0,0,7,7,1,1,0,0,0,0,0,3,1.988,0,0,0,0,0,0,0,5,0,0,0,0,0,0,0,0,0,0,0,0,0,0,0,0,0,0,0,0,1,0,0,0,0,0,0,0,0,0,0,0,0,0,0,0,0,0,0,0,0,0,0,0,0,0,0,0,0,0,0,0,0,0,0,10,4.268398268398268,3,3,0.0,986.0,3,0.10389610389610388,0.1634199134199134,0.1634199134199134,0.14787017791665996,0.16341991341991344,0.24301100542210294,0.18809247408312937,0.18809247408312937,0.017380000686716125,0,0,0,0,0,3,0,0.3181818181818182,0.6818181818181818,0.3181818181818182,0.0,0.0,0.25,0.041666666666666664,1,1,0,0,0,0,0,0,1,0,1,0,0,1,0,0,1,0,0,0,0,0,0,0,0,0,0,0,0,1,0,0,0,0,0,0,1,0,0,1,0,0,0,1,0,0,0,0,0,0,0,0,0,0,1,0,0,0,1,1,0,0,0,0,1,0,1,1,1,0,0,1,0,1,1,0,0,1,0,0,0,1,0,0,0,0,1,0,1,0,1,0,0,0,0,0,0,0,0,0,1,0,0,0,0,1,0,1,1,0,0,0,0,0,0,0,0,1,0,0,0,0,0,0,0,0,0,0,0,0,0,0,0,0,0,0,0,0,0,0,0,0,0,0,0,0,0,0,0,0,0,0,0,0,0,0,0,0,0,0,0,0,0,0,0,0,0,0,0,0,0,0,0,0,0,0,0,0,0,0,0,1,1,0,0,1,0,0,0,0,1,0,0,0,0,0,0,0,0,0,1,0,0,0,0,0,0,0,0,0,0,0,0,0,0,0,0,1,0,0,0,0,0,0,0,0,1,0,0,1,0,0,0,1,0,0,0,0,0,0,0,1,0,0,0,0,0,0,0,0,0,0,0,1,0,1,0,0,0,1,0,0,0,0,0,1,0,1,1,0,0,1,1,1,1,0,0,0,1,0,1,0,1,0,0,1,0,1,0,0,1,1,1,1,0
4.449595616024188,0.9330555555555555,0.9330555555555555,0.7967911857797698,10.833333333333334,261.394,1.1111111111111112,2.879326245028886,2.0732034269229183,19544.866551256076,6.517817714017332,9.799819461700956,5.817862777835028,0.0,0.0,0.0,0.0,0.0,4.9839785209472085,0.0,11.336785877934737,12.13273413692322,37.67450794120513,24.163503577139526,6.544756405912575,0.0,17.154648655769765,0.0,9.883888251797686,0.0,6.544756405912575,32.08476650803001,46.78588887808834,0.0,4.899909730850478,5.817862777835028,0.0,11.336785877934737,37.06874502897722,6.544756405912575,0.0,4.877147193701299,0.0,0.0,19.37,0.0,0.0,0.0,0.0,0.0,25.452131995572753,4.877147193701299,11.336785877934737,18.3295777085363,52.45830592385329,0.0,0.0,1.7971223072562357,10.348051776266061,2.1228977702191987,0.0,1.0488425925925928,1.853586545729403,2.9507766439909293,4.197904856386999,0.35714285714285715,0,0,0,0,0,2,0,0,4,4,2,6,0,0,0,0,0,2,2.7113000000000005,0,0,0,0,0,1,0,0,0,0,0,0,3,0,0,0,1,0,0,0,0,0,0,0,1,0,0,0,0,0,0,0,0,0,0,0,0,0,0,0,0,0,0,0,0,0,0,0,0,0,0,0,1,0,0,0,0,0,0,0,1,0,0,8,4.163398692810458,2,2,0.0,637.0,3,0.12418300653594769,0.19771241830065356,0.19771241830065356,0.19919232232232317,0.19771241830065356,0.25074091380025076,0.2122604193588911,0.2122604193588911,0.012896241219161967,0,0,0,0,1,2,0,0.2222222222222222,0.7777777777777778,0.0,0.16666666666666666,0.05555555555555555,0.42105263157894735,0.0,0,0,0,1,0,0,0,0,0,1,0,1,1,0,1,0,1,0,0,0,0,0,0,1,0,0,0,0,0,0,0,1,0,1,0,1,0,0,0,0,0,0,0,0,1,0,0,1,0,0,0,0,0,1,0,0,0,0,0,0,0,0,0,0,1,0,0,0,1,0,0,0,0,0,1,0,0,0,0,0,1,1,0,0,0,0,1,0,0,0,0,0,1,0,0,1,0,0,0,0,1,0,0,0,1,0,0,0,1,0,0,1,1,1,0,0,0,0,0,0,0,0,1,1,0,0,1,1,0,0,0,0,0,0,0,0,0,0,0,0,0,0,0,0,0,0,0,0,0,0,0,0,0,0,0,0,0,0,0,0,0,0,0,0,1,0,1,0,0,0,0,0,0,0,0,0,0,0,0,0,0,0,0,0,0,0,0,0,0,0,0,0,0,1,0,0,0,0,0,0,0,0,1,0,0,1,0,1,0,1,0,1,0,1,1,0,1,0,0,0,0,1,0,0,1,0,1,0,1,0,0,0,0,0,0,0,0,0,0,1,0,0,0,1,1,0,1,0,1,1,1,0,0,1,0,0,0,1,0,0,0,1,0,1,0,1,1,0,0,0,1,0,0,0,0,1,1,1,0,0,0,1,0,1,1,0,1,0,1,1,1,1,0,1,0
12.08010936318972,0.08189153439153407,-0.8839909297052158,0.7514859268568042,43.53846153846154,357.4500000000003,1.1923076923076923,2.93439285725243,1.5211875316710215,1324479.2976208858,4.944100417393698,20.056445138322168,6.103966387748303,11.49902366656781,0.0,0.0,0.0,4.899909730850478,0.0,0.0,0.0,12.487188691387619,62.61741074978863,18.150048726757532,17.12000766812877,20.056445138322168,0.0,0.0,4.899909730850478,5.917906046161393,74.21156624550711,13.08951281182515,23.259637120317212,11.49902366656781,4.736862953800049,0.0,11.49902366656781,0.0,57.159829142825984,11.83581209232279,5.917906046161393,49.651832720950054,0.0,0.0,73.16,23.223974055877076,15.319582184522117,0.0,11.791352662431866,18.591155079135923,37.41251359553556,24.825916360475023,6.06636706846161,6.06636706846161,4.899909730850478,4.736862953800049,6.156993024061476,0.0,2.5254246976568404,33.19257438415627,0.7116474421558752,1.420761176320339,5.679596630146548,2.0158739606953895,0.0,0.7142857142857143,3,3,2,5,0,0,5,2,5,5,2,2,2,1,3,1,0,6,1.7072999999999998,0,2,1,0,0,0,0,1,0,0,0,0,1,0,0,0,0,1,0,0,0,0,0,0,0,0,0,0,0,0,1,0,0,0,0,0,0,0,0,0,0,0,0,0,0,0,0,0,0,1,0,0,0,0,0,0,0,0,0,0,0,0,0,11,4.172307692307692,6,6,0.0,1356.0,4,0.0953846153846154,0.1321794871794872,0.1321794871794872,0.11196179936699749,0.1321794871794872,0.25045170105080905,0.16486934151876906,0.16486934151876906,0.0158838864850798,0,0,0,1,0,1,3,0.19230769230769232,0.8076923076923077,0.15384615384615385,0.038461538461538464,0.0,0.8064516129032258,0.0,0,0,1,1,1,1,0,0,1,1,1,0,1,0,1,1,1,0,0,0,0,0,1,0,0,0,0,0,0,1,1,0,0,0,0,0,1,0,0,1,0,0,1,0,1,1,0,0,0,0,0,0,0,0,0,1,0,0,0,0,1,1,0,0,0,0,1,1,0,0,0,1,1,0,0,0,0,0,0,0,1,1,0,1,1,0,1,0,0,0,1,0,0,0,0,0,1,0,0,0,1,0,1,1,0,1,0,0,0,0,1,0,0,1,0,0,0,0,0,0,1,1,0,1,0,0,0,0,0,0,0,0,0,0,0,0,0,0,0,1,0,0,0,0,0,0,0,0,0,0,0,0,0,0,0,0,0,0,0,0,0,0,0,0,0,0,0,0,0,0,0,0,0,0,0,0,0,0,0,0,0,0,0,0,0,1,0,0,0,0,0,0,0,0,1,0,0,0,0,0,1,0,0,1,0,0,0,0,0,0,0,1,0,1,1,0,0,1,1,1,0,0,0,1,1,0,1,0,1,1,0,0,1,1,0,0,0,0,0,1,1,1,0,0,0,0,1,0,1,1,1,0,0,0,0,1,1,1,0,1,1,0,0,0,0,1,1,1,1,0,0,1,1,1,1,1,1,0,0,0,1,1,0,1,1,1,1,1,0,1,1,1,1,1,0
12.261272570756697,0.07098870412362501,0.07098870412362501,0.7446971593088008,10.956521739130435,307.39700000000005,1.0434782608695652,2.8578837252115794,2.190011179114441,190014.9731218675,5.875869234240426,9.300604337112272,5.647177220767728,0.0,5.907179729351506,0.0,0.0,4.794537184071822,4.9839785209472085,0.0,0.0,35.89528683400505,25.477292959539852,25.855639028664452,17.80867761262293,4.794537184071822,11.554356950119233,0.0,14.28458285805948,0.0,20.268296022307258,14.09534396535438,59.41587696062519,11.257379486545457,0.0,0.0,0.0,0.0,34.287106552765366,11.21535880699783,13.847474399381248,16.82083097824245,0.0,16.904556707313183,37.61000000000001,0.0,4.794537184071822,0.0,5.907179729351506,6.4208216229260096,28.16193619385864,5.563451491696996,18.99525369620486,29.654009514488717,31.18920547353706,4.9839785209472085,2.033654572940287,0.0,18.638739082052574,0.0,6.075442649281936,0.07098870412362501,2.3741333616780045,4.106974022633745,3.560237150415722,0.2631578947368421,0,0,0,0,1,2,0,0,3,4,2,3,0,0,0,0,0,3,3.2488400000000013,0,0,0,0,0,2,0,0,0,0,0,0,3,0,0,0,1,0,0,0,0,0,0,0,0,2,0,0,1,0,0,0,0,0,0,1,0,0,0,0,0,0,0,0,0,0,0,0,0,0,0,0,1,0,0,0,0,0,0,0,0,0,0,10,4.4940711462450595,3,3,0.0,1137.0,3,0.09881422924901184,0.16638434029738378,0.16638434029738378,0.16125974316734093,0.16638434029738378,0.23275734205243637,0.17405510416857448,0.17405510416857448,0.015470054249718096,0,0,0,0,1,3,0,0.17391304347826086,0.8260869565217391,0.043478260869565216,0.13043478260869565,0.0,0.32,0.04,1,0,0,0,0,1,0,0,1,0,1,1,0,0,0,0,0,0,0,0,1,0,0,0,0,0,0,0,0,0,0,1,1,1,0,0,0,1,1,1,0,0,0,0,0,0,0,0,0,1,0,1,0,0,0,0,0,0,1,0,0,0,0,1,0,0,0,1,0,1,0,1,0,0,1,0,0,0,0,0,1,1,0,0,0,1,1,1,0,0,0,0,0,1,0,0,0,0,0,0,1,0,0,0,0,0,0,1,0,0,0,0,0,1,0,0,0,1,0,0,0,0,1,0,0,1,0,0,0,0,0,0,0,0,0,0,0,0,0,0,0,0,0,0,0,0,0,0,0,0,0,0,0,0,0,0,0,0,0,0,0,0,0,0,0,0,1,0,0,0,0,0,0,0,0,0,0,0,0,0,0,0,0,0,0,0,0,0,0,0,1,0,0,1,0,0,0,0,0,0,0,0,1,0,0,1,0,1,1,0,0,1,0,1,1,0,0,0,0,0,1,1,0,0,1,1,1,0,0,1,0,0,0,1,0,0,0,0,1,1,0,0,0,0,1,1,0,0,1,1,1,0,0,1,0,0,0,0,0,0,1,0,0,0,0,1,0,0,0,1,1,0,1,1,0,0,1,1,1,0,0,0,1,1,1,0,1,0,1,1,1,1,1,1,0
12.174763794406651,0.21895502645502685,-3.48361111111111,0.7916266736810947,11.294117647058824,248.30700000000002,0.6470588235294118,2.299425461378441,2.4961289671937283,6953.462595208406,4.101809822106994,11.46733495432437,0.0,0.0,9.837253136417502,0.0,0.0,0.0,8.417796984328938,0.0,0.0,0.0,48.53093654769288,11.374772549367124,9.79096695103555,8.417796984328938,21.212025685784624,0.0,0.0,0.0,9.79096695103555,11.46733495432437,48.53093654769288,0.0,11.46733495432437,11.374772549367124,0.0,0.0,8.417796984328938,9.837253136417502,0.0,0.0,0.0,0.0,86.18,9.837253136417502,8.417796984328938,0.0,9.79096695103555,11.374772549367124,0.0,24.26546827384644,24.26546827384644,0.0,0.0,11.46733495432437,24.349527588813302,0.0,0.4379100529100539,0.0,12.092172461577224,0.0,0.0,0.0,-3.48361111111111,0.0,4,0,0,0,0,0,0,0,4,5,0,2,0,0,0,0,0,2,1.6838000000000002,0,0,0,2,0,0,0,0,0,0,0,0,0,0,2,0,0,0,0,0,0,0,0,0,2,0,0,0,0,0,0,0,0,0,0,0,0,0,0,0,0,0,0,0,0,0,0,0,0,0,0,0,0,0,0,0,1,0,0,0,0,0,0,10,3.7941176470588234,2,2,0.0,516.0,4,0.1323529411764706,0.18627450980392157,0.18627450980392157,0.1875395639406799,0.18627450980392157,0.27451680813482887,0.21665914279525625,0.21665914279525625,0.019198653606750684,0,0,0,0,0,2,0,0.29411764705882354,0.7058823529411765,0.11764705882352941,0.11764705882352941,0.058823529411764705,0.2222222222222222,0.1111111111111111,0,0,0,0,0,0,0,0,0,0,1,0,1,0,0,0,1,0,0,1,0,0,0,0,0,0,0,0,0,0,0,0,0,0,0,1,0,0,0,0,0,0,0,0,0,0,0,0,0,1,0,0,0,0,0,0,0,0,0,0,1,0,0,1,0,0,0,0,1,0,0,0,0,0,0,1,0,0,1,0,0,1,0,0,0,0,1,0,0,0,0,0,0,0,1,0,0,0,0,0,1,0,0,0,0,0,0,0,0,0,0,0,0,0,0,0,0,0,0,0,1,0,0,0,0,0,0,0,0,0,0,0,0,0,0,0,0,0,0,0,0,0,0,0,0,0,0,0,0,0,0,0,0,0,0,0,0,0,0,0,0,0,0,0,0,0,0,0,0,0,0,0,0,0,0,0,0,0,0,1,0,0,0,1,0,0,1,1,1,1,0,0,1,0,0,1,0,0,0,0,0,1,0,0,0,0,0,0,0,1,0,0,1,0,0,0,1,0,0,0,0,0,0,0,0,0,0,0,0,0,1,0,0,0,0,0,0,0,0,0,1,0,0,0,0,0,0,0,0,0,0,0,1,1,0,0,0,0,1,1,0,1,0,1,1,0,0,0,0,0,1,0,0,1,0,0,1,0,0,1,0,0,0,0,1,0,1,1,0,1,1,1,1,1,0
12.801515820728525,0.06447939702238248,-1.1585013349296522,0.17439428838158272,20.122448979591837,705.6470000000002,0.9183673469387755,3.884754611566343,0.9252982702044733,199522788933.96674,14.242160394904474,24.010408323101103,43.98707681575133,0.0,5.7871111525705965,0.0,5.689743398203474,0.0,23.70922122310075,10.197363616602075,0.0,36.191984048617265,74.00822950723274,48.13988297845574,23.35874238208577,14.210588861400147,34.57665232983216,0.0,29.11204765563101,0.0,44.74597079768669,49.19260901437709,111.80499667882631,11.436898107967467,20.22642581370448,11.374772549367124,5.749511833283905,23.20187978046503,74.60880359605545,21.80559346608327,0.0,31.873588343152214,10.045266627482652,5.687386274683562,104.70000000000002,5.7871111525705965,4.794537184071822,0.0,24.380307021012314,28.822482048205487,55.4115179039109,11.009123009909725,34.03627686938884,44.179309741689295,49.24662987309668,37.41246864186518,23.656891928744855,12.73959322120534,21.589064250528764,9.50482828370203,3.6420225064515117,-0.4101879101813043,5.18787381189661,8.480846894761878,0.0,0.37142857142857144,0,0,2,2,0,2,3,0,12,14,4,11,0,2,2,0,3,7,5.5773000000000055,0,0,0,0,0,6,0,0,0,0,0,0,8,0,0,0,0,0,0,0,0,0,0,0,2,0,0,0,0,0,3,0,0,0,0,0,0,0,0,0,0,0,0,0,0,0,0,0,0,0,1,0,0,0,0,0,0,0,0,0,0,0,0,27,10.285714285714286,7,7,0.0,12096.0,4,0.046768707482993194,0.19756838905775073,0.19756838905775073,0.1696656297482931,0.19756838905775073,0.10090529796884244,0.08620746080419586,0.08620746080419586,0.009233496589106414,0,0,0,0,3,5,2,0.2857142857142857,0.7142857142857143,0.08163265306122448,0.16326530612244897,0.0,0.4727272727272727,0.01818181818181818,1,1,0,1,0,0,1,0,1,0,1,1,0,0,0,1,1,0,0,1,0,0,1,1,0,0,0,1,0,0,1,0,0,1,0,0,1,1,1,1,0,0,0,1,1,0,1,1,1,1,0,0,1,0,0,1,0,1,1,0,1,0,0,0,0,0,1,1,0,0,1,0,1,0,0,0,1,0,1,0,1,1,0,0,1,0,1,0,1,0,0,0,0,0,0,0,0,0,0,1,1,0,1,1,0,1,0,1,1,1,1,1,1,0,0,0,0,1,0,0,0,1,1,1,0,1,1,0,0,0,0,0,0,0,0,0,0,0,0,0,0,0,0,0,0,0,0,0,0,0,0,0,0,0,0,0,0,0,0,0,0,0,0,0,0,1,0,0,0,0,0,0,0,0,0,0,0,0,0,0,1,0,0,0,0,1,0,0,0,0,1,0,0,1,0,0,0,0,0,0,1,0,0,1,0,1,0,1,1,0,0,1,0,1,1,1,0,1,0,0,0,0,1,1,1,1,1,0,1,0,0,1,0,0,1,1,0,1,1,1,1,1,1,1,0,1,1,0,1,1,1,1,1,1,1,1,1,1,1,0,1,1,1,1,0,1,1,0,1,0,1,1,1,1,1,1,1,1,1,0,1,1,1,1,1,1,1,1,1,1,1,1,1,1,0
10.70832055393834,0.2847582217043203,-4.158239765299124,0.6508142768259144,13.842105263157896,287.21599999999995,1.4736842105263157,2.7075893984091013,2.092231413594251,17986.51637363166,5.217323238887101,24.82445328425854,18.19199116143563,11.465039998602755,0.0,0.0,7.595762326787885,4.565048284931329,14.951935562841626,0.0,0.0,0.0,6.923737199690624,0.0,18.976042868425417,19.08873444423633,24.577503043006903,0.0,19.51903521063298,0.0,19.5724599933515,12.081637846217014,12.654640149529083,0.0,5.733667477162185,5.817862777835028,0.0,7.595762326787885,41.75779517294105,15.846667644643954,0.0,6.923737199690624,0.0,11.16387793838399,136.38000000000002,20.047699083591016,4.565048284931329,0.0,5.817862777835028,17.708634344296563,0.0,12.654640149529083,11.49083684748198,0.0,14.951935562841626,20.257353636467187,17.473001518916924,0.0,29.43437274292433,0.0,6.700124675233577,0.2847582217043203,1.8503141446907971,2.0545573507180652,-4.158239765299124,0.4444444444444444,4,0,0,0,0,2,1,0,7,10,2,5,0,0,0,0,0,2,-0.051200000000000134,0,0,0,1,0,4,0,0,0,0,0,0,4,0,1,0,0,0,0,0,0,0,0,0,1,0,0,0,1,0,1,0,0,0,0,1,0,0,0,0,0,0,0,0,0,0,0,0,0,0,0,0,0,0,0,0,0,0,0,0,0,0,0,10,4.450292397660819,2,2,0.0,761.0,4,0.11695906432748533,0.20295837633298933,0.20295837633298933,0.2049585718847896,0.20295837633298933,0.2332601361274117,0.18517069381277265,0.18517069381277265,0.01812839168220362,0,0,0,0,1,2,0,0.5263157894736842,0.47368421052631576,0.21052631578947367,0.2631578947368421,0.0,0.45,0.05,0,1,1,0,0,0,0,0,0,1,1,0,0,1,0,0,0,0,1,1,0,1,1,0,0,0,1,1,0,0,0,0,1,1,0,0,1,0,0,1,0,0,0,0,1,0,1,1,0,1,0,1,0,0,0,1,0,0,1,0,1,1,0,0,1,0,1,0,0,0,0,1,0,0,0,0,0,0,0,0,1,1,0,0,0,0,0,0,0,0,0,0,0,1,0,1,0,0,0,0,1,1,1,0,0,1,0,0,0,0,0,0,0,0,0,0,1,0,0,0,0,0,1,0,0,0,0,0,0,0,0,0,0,0,0,0,0,0,0,0,0,0,0,0,0,0,0,0,0,0,0,0,0,0,0,0,1,1,0,0,0,0,0,0,0,0,1,0,0,0,0,1,0,0,0,0,1,0,0,0,0,0,0,0,0,0,0,0,0,0,0,0,0,1,0,0,0,1,0,0,1,0,0,1,0,1,0,1,1,0,0,1,1,1,0,0,0,0,0,0,0,0,0,1,1,0,1,0,1,1,1,0,1,1,1,0,0,1,0,0,1,0,0,1,1,0,0,0,1,1,1,0,1,1,1,0,0,1,1,1,1,1,0,1,0,1,1,1,1,0,1,0,0,0,1,0,1,0,0,1,1,1,0,1,1,1,1,1,1,1,1,1,1,1,0
9.54817932728647,0.025355200722263938,-0.2526700155370789,0.5430596720560048,11.5,253.26199999999994,1.2777777777777777,2.738081501817012,2.236656838534394,15234.685476109855,5.149312709485853,25.620349309475657,0.0,11.16387793838399,11.828327617421866,0.0,0.0,0.0,4.9839785209472085,9.967957041894417,0.0,0.0,6.4208216229260096,25.676426381099805,6.3273200747645415,15.319582184522117,17.112217219370482,0.0,19.51903521063298,5.917906046161393,12.965578028838586,18.94743140618802,6.3273200747645415,5.879988336435371,5.733667477162185,5.948339280986494,5.879988336435371,0.0,48.052381324180935,6.544756405912575,5.917906046161393,6.4208216229260096,0.0,11.16387793838399,130.31,0.0,5.106527394840706,0.0,36.47669831022536,18.612755249606312,0.0,6.3273200747645415,4.567099647791355,0.0,14.951935562841626,15.946722266843596,1.6998148148148147,0.0,11.613547335600908,27.51948307718149,6.183097442680776,-0.4629963991769548,2.0907190098261528,0.35633471907281444,0.0,0.5,5,0,0,0,0,2,0,0,8,8,2,5,0,0,0,0,0,2,-0.895,0,2,2,1,0,4,0,1,0,0,0,0,4,0,1,0,0,0,0,0,0,0,0,0,1,1,0,0,1,0,0,0,0,0,0,1,0,0,0,0,0,0,0,0,0,0,0,0,0,0,0,0,0,0,0,0,0,0,0,0,0,0,0,9,4.130718954248366,2,2,0.0,632.0,3,0.12418300653594769,0.19566993464052287,0.19566993464052287,0.1861719094515976,0.19566993464052287,0.25215325346663975,0.19475316170335363,0.19475316170335363,0.01756171484222981,0,0,0,0,1,2,0,0.4444444444444444,0.5555555555555556,0.16666666666666666,0.2777777777777778,0.0,0.47368421052631576,0.0,0,1,0,0,1,0,0,0,0,0,0,0,1,0,0,0,1,0,0,1,0,0,1,0,0,1,0,0,0,0,0,0,1,1,0,0,1,0,0,1,0,0,0,0,1,0,0,1,1,1,0,0,0,0,0,0,0,0,0,0,1,0,1,1,0,0,1,0,0,0,0,1,0,0,0,0,0,0,0,0,1,1,0,0,0,0,0,0,1,0,0,1,0,0,1,1,0,0,1,1,1,0,0,0,1,0,1,0,0,0,0,0,0,0,0,0,0,0,0,0,0,1,1,0,0,0,0,0,0,0,0,0,0,0,0,0,0,0,0,0,0,0,0,0,0,0,0,0,0,0,0,0,0,1,0,0,0,0,0,0,0,0,0,0,0,0,1,0,0,0,0,0,0,0,0,0,0,0,0,0,0,1,0,0,0,0,0,0,0,0,0,0,0,1,0,0,0,0,0,0,0,0,0,1,0,1,0,1,1,0,1,1,1,1,0,0,0,1,1,1,1,0,0,1,1,1,1,0,1,1,0,0,0,1,1,0,0,1,1,1,0,1,0,0,0,1,1,0,1,1,1,0,0,1,0,1,0,1,0,1,0,1,0,1,0,1,1,1,0,0,1,1,0,0,1,1,1,0,0,1,0,1,0,1,1,1,1,1,0,1,1,1,1,1,0
10.562764998382784,0.13936271730914584,-4.120878654188013,0.49226638125172284,12.11111111111111,273.1889999999999,1.3888888888888888,2.6806972569159297,2.0039042896376533,12331.207381813278,4.986884122406942,24.82445328425854,18.19199116143563,11.465039998602755,0.0,0.0,7.595762326787885,4.565048284931329,14.951935562841626,0.0,0.0,0.0,0.0,6.544756405912575,12.934202039277459,19.08873444423633,24.5775030430069,0.0,19.519035210632982,0.0,6.544756405912575,18.688519810729932,12.654640149529083,0.0,5.733667477162185,5.817862777835028,0.0,7.595762326787885,42.26071074970567,15.846667644643954,0.0,0.0,0.0,11.16387793838399,136.38000000000002,13.943732695842716,4.565048284931329,0.0,12.424744742347947,17.708634344296566,0.0,12.654640149529083,4.567099647791355,0.0,14.951935562841626,20.257353636467187,17.100594111509515,0.0,29.110901937935665,0.0,6.670982573948619,0.28693131316312614,2.249652296618235,0.507371976568405,-4.120878654188013,0.375,4,0,0,0,0,2,0,0,7,10,2,5,0,0,0,0,0,2,-0.4397000000000001,0,0,0,1,0,4,0,0,0,0,0,0,4,0,1,0,0,0,0,0,0,0,0,0,1,0,0,0,1,0,1,0,0,0,0,1,0,0,0,0,0,0,0,0,0,0,0,0,0,0,0,0,0,0,0,0,0,0,0,0,0,0,0,10,4.457516339869281,2,2,0.0,682.0,4,0.12418300653594766,0.21609477124183007,0.21609477124183007,0.20184740786699612,0.21609477124183007,0.233036131228523,0.1881027952615424,0.1881027952615424,0.017766523830184896,0,0,0,0,1,2,0,0.5555555555555556,0.4444444444444444,0.2222222222222222,0.2777777777777778,0.0,0.42105263157894735,0.05263157894736842,0,0,0,0,0,0,0,0,0,1,1,0,0,1,0,0,0,1,1,1,0,0,1,0,0,0,0,0,0,0,0,0,1,0,0,0,1,0,0,1,0,0,0,0,1,0,1,1,0,1,0,1,0,0,0,1,0,0,0,0,1,1,1,1,1,0,1,0,0,0,0,1,1,0,0,0,0,0,0,0,1,1,0,0,0,0,0,0,0,0,0,0,0,1,0,1,0,1,0,0,1,0,1,0,0,1,0,0,0,0,0,0,0,0,0,0,1,0,0,0,0,1,1,0,0,0,0,0,0,0,0,0,0,0,0,0,0,0,0,0,0,0,0,0,0,0,0,0,0,0,0,0,0,0,0,0,1,1,0,0,0,0,0,0,0,0,1,0,0,0,0,1,0,0,0,0,1,0,0,0,0,0,0,0,0,0,0,0,0,0,0,0,0,1,0,0,0,1,0,0,1,0,0,1,0,1,0,1,1,0,0,1,1,1,1,0,0,0,0,1,0,0,0,1,1,0,1,0,1,1,1,0,1,1,1,0,0,1,0,1,1,0,0,0,0,0,1,0,1,1,1,0,1,1,1,0,0,1,1,1,1,1,0,1,0,1,1,1,1,0,1,0,0,0,1,1,1,0,0,1,0,1,0,1,1,1,1,1,0,1,1,1,1,1,0
9.507363000755857,0.012083333333333446,-0.6849711829176124,0.5026750366633098,11.5,255.23399999999995,1.3333333333333333,2.738081501817012,2.236656838534394,15234.685476109855,5.123500477711226,25.790112615484347,12.834783135247786,11.16387793838399,11.828327617421866,0.0,0.0,4.567099647791355,4.9839785209472085,9.967957041894417,0.0,0.0,0.0,0.0,19.541084003790377,20.056445138322168,17.112217219370482,0.0,19.51903521063298,0.0,12.834783135247786,18.94743140618802,6.3273200747645415,5.879988336435371,5.733667477162185,5.948339280986494,5.879988336435371,0.0,54.15634771192923,11.467679701299534,0.0,0.0,0.0,11.16387793838399,139.54000000000002,6.103966387748303,5.106527394840706,0.0,37.28960901156345,5.647177220767728,0.0,10.894419722555895,0.0,0.0,14.951935562841626,20.683585220643646,6.690368480725623,0.0,11.412731009070296,27.228666750650877,5.937281116150164,-0.38913632737045356,0.7081986961451239,-0.5881097253716296,0.0,0.4444444444444444,5,0,0,0,0,2,0,0,9,9,2,5,0,0,0,0,0,2,-1.5586000000000002,0,2,2,1,0,4,0,1,0,0,0,0,4,0,1,0,0,0,0,0,0,0,0,0,1,0,0,0,1,0,1,0,0,0,0,1,0,0,0,0,0,0,0,0,0,0,0,0,0,0,0,0,0,0,0,0,0,0,0,0,0,0,0,9,4.130718954248366,2,2,0.0,632.0,3,0.12418300653594769,0.19566993464052287,0.19566993464052287,0.1861719094515976,0.19566993464052287,0.25215325346663975,0.19475316170335363,0.19475316170335363,0.01756171484222981,0,0,0,0,1,2,0,0.5,0.5,0.2222222222222222,0.2777777777777778,0.0,0.47368421052631576,0.0,0,1,0,0,0,0,1,0,0,0,0,0,0,0,0,0,0,0,0,1,0,0,1,0,0,1,0,0,0,0,0,0,1,1,0,0,1,0,0,1,0,0,0,0,1,0,1,1,1,1,0,0,0,0,0,1,1,0,0,0,1,0,0,1,0,0,1,0,0,0,0,1,0,0,0,0,1,0,0,0,1,1,0,0,1,0,0,0,1,0,0,0,0,0,1,1,0,0,1,1,1,0,0,0,1,0,1,0,0,0,0,0,0,0,0,0,0,0,0,0,0,0,1,0,0,1,0,0,0,0,0,0,0,0,0,0,0,0,0,0,0,0,0,0,0,0,0,0,0,0,0,0,0,1,0,0,1,0,0,0,0,0,0,0,0,0,1,0,0,0,0,0,0,0,0,0,0,0,0,0,0,1,0,0,0,0,0,0,0,0,0,0,0,1,0,0,0,0,0,0,1,0,0,1,0,1,0,1,1,0,1,1,1,1,0,0,0,1,1,1,1,0,0,1,1,1,1,0,1,1,0,0,0,1,1,0,0,1,1,0,0,1,0,0,0,1,0,0,1,1,1,0,0,1,1,1,0,1,0,1,1,1,0,1,0,1,1,1,1,0,1,1,0,0,1,0,1,0,0,1,1,1,0,1,1,1,1,1,0,1,1,1,1,1,0
9.449203278533636,0.03341834110187247,-0.26073315591668744,0.5753913260032537,11.0625,225.20799999999994,1.4375,2.6210368602518486,2.3222198454252303,5884.2277512654,4.289049481140565,20.683585220643643,6.730816747499484,11.16387793838399,11.828327617421866,0.0,0.0,4.567099647791355,4.9839785209472085,9.967957041894417,0.0,0.0,0.0,0.0,19.541084003790377,14.94991774348146,17.112217219370482,0.0,19.51903521063298,0.0,6.730816747499484,18.94743140618802,6.3273200747645415,5.879988336435371,5.733667477162185,5.948339280986494,5.879988336435371,0.0,42.94585392934023,11.467679701299534,0.0,0.0,0.0,11.16387793838399,119.31000000000002,0.0,5.106527394840706,0.0,37.28960901156345,5.647177220767728,0.0,6.3273200747645415,4.567099647791355,0.0,14.951935562841626,15.57705782580294,6.66342403628118,0.0,11.444874574829932,18.010086634962626,6.060629172965482,-0.2941514970185599,1.4542469765684052,0.3275567680776015,0.0,0.375,4,0,0,0,0,2,0,0,8,8,2,4,0,0,0,0,0,2,-0.9195,0,1,1,1,0,4,0,1,0,0,0,0,4,0,1,0,0,0,0,0,0,0,0,0,1,0,0,0,1,0,1,0,0,0,0,1,0,0,0,0,0,0,0,0,0,0,0,0,0,0,0,0,0,0,0,0,0,0,0,0,0,0,0,9,3.775,2,2,0.0,453.0,3,0.1416666666666667,0.19821428571428573,0.19821428571428573,0.1658387173091078,0.19821428571428573,0.27791894164068454,0.21338914874834358,0.21338914874834358,0.017761961555735666,0,0,0,0,1,2,0,0.5,0.5,0.1875,0.3125,0.0,0.4117647058823529,0.0,1,0,0,0,0,0,0,0,0,0,0,0,0,1,0,0,0,0,0,1,0,0,1,0,0,1,0,0,0,0,0,0,1,1,0,0,1,0,0,1,0,0,0,0,1,1,0,1,1,1,0,0,0,0,0,1,1,0,0,0,1,1,0,1,0,0,1,0,0,0,0,1,1,0,0,0,0,0,0,0,1,1,0,0,1,0,0,0,1,1,0,0,0,0,1,1,0,0,0,1,1,0,0,0,1,0,1,0,0,0,0,0,0,0,0,0,0,0,0,0,0,0,1,0,0,0,0,0,0,0,0,0,0,0,0,0,0,0,0,0,0,0,0,0,0,0,0,0,0,0,0,0,0,1,0,0,1,0,0,0,0,0,0,0,0,0,1,0,0,0,0,0,0,0,0,0,0,0,0,0,0,1,0,0,0,0,0,0,0,0,0,0,0,1,0,0,0,0,0,0,1,0,0,1,0,1,0,1,1,0,1,1,1,1,1,0,0,0,0,1,1,0,0,1,1,1,1,0,1,1,0,0,1,1,1,0,0,1,1,0,0,1,0,0,0,1,1,0,1,1,1,0,0,1,1,1,0,1,0,1,1,1,0,1,0,1,1,1,0,0,1,1,0,0,1,1,1,0,0,1,0,1,0,1,1,1,1,1,0,1,1,1,1,1,0
4.152270138771762,0.7581751543209877,0.7581751543209877,0.7695062288280017,11.55,269.35200000000003,1.3,3.0541157253313496,1.862527529162095,66536.96519206878,5.463887038515312,9.883888251797686,12.654640149529083,0.0,0.0,0.0,0.0,0.0,9.665781456092393,5.098681808301038,0.0,6.06636706846161,43.775802708597595,23.64452490960671,6.544756405912575,0.0,10.902924932081056,0.0,24.648351516191116,0.0,12.965578028838586,20.640100371266954,48.17748790992098,0.0,0.0,0.0,0.0,0.0,45.28845188745807,12.965578028838586,0.0,11.126902983393991,0.0,10.902924932081056,49.74,0.0,0.0,0.0,0.0,0.0,19.51033443475116,22.02982791547505,12.654640149529083,4.681802935145185,58.45783732339822,0.0,1.8405902777777778,0.0,9.528355772864701,5.4619602370332885,3.80920351473923,0.0,6.484918587805493,1.8139857331821618,4.20433810637815,0.3333333333333333,1,0,0,0,0,2,0,0,4,5,2,5,0,0,0,0,0,3,1.9118000000000002,0,0,0,0,0,4,1,0,0,0,0,0,4,1,0,0,1,0,0,0,0,0,0,0,0,0,0,0,1,0,0,0,0,0,0,0,0,0,0,0,0,0,0,0,0,0,0,0,0,0,0,0,0,0,0,0,0,0,0,0,0,0,0,11,4.58421052631579,3,3,0.0,871.0,3,0.11578947368421051,0.19912280701754387,0.19912280701754387,0.17840546890950845,0.19912280701754387,0.22802173274040616,0.1868040005187354,0.1868040005187354,0.0129728813162011,0,0,0,0,2,3,0,0.25,0.75,0.0,0.25,0.0,0.3181818181818182,0.0,1,0,0,1,0,0,0,0,0,1,0,1,1,0,0,0,0,1,0,1,0,0,0,0,0,0,0,0,0,0,0,1,0,1,0,0,1,1,1,1,0,0,0,1,0,0,0,0,0,0,0,0,0,1,1,0,0,0,0,0,0,0,0,0,0,0,0,1,0,1,0,0,1,0,0,0,0,1,0,0,1,1,0,0,0,0,1,1,1,0,1,1,1,0,0,0,0,0,0,0,1,1,0,0,1,1,0,1,1,0,0,0,0,1,1,0,0,0,0,1,0,0,1,0,0,0,0,0,0,0,0,0,0,0,0,0,0,0,0,0,0,0,0,0,0,0,0,0,0,0,0,0,0,0,0,0,0,0,0,0,0,0,0,0,0,0,0,0,0,0,0,0,0,0,0,0,0,0,0,0,1,0,0,0,0,0,0,0,0,0,0,0,0,1,0,0,0,0,0,0,0,0,1,1,0,1,0,1,1,0,0,1,0,1,1,0,0,0,1,1,0,1,1,0,1,0,0,0,1,1,0,0,0,1,0,0,0,0,0,1,0,0,0,1,1,0,1,0,1,1,1,0,1,1,0,0,0,0,0,0,0,0,0,0,0,1,1,0,0,0,1,0,0,0,0,1,1,1,0,1,0,1,0,1,1,0,1,0,1,1,1,1,0,1,0
12.831008991559585,0.07616258701215406,-1.6569607819979852,0.4097813290259421,23.678571428571427,427.4600000000002,1.4642857142857142,3.153789946063906,1.81030194245744,1725921.0093533108,7.813366165730109,25.63070938360932,17.67779409053749,0.0,5.907179729351506,11.63216532332176,12.062545358890265,14.488984098994122,9.589074368143644,0.0,23.098670827325854,6.06636706846161,11.446429838927525,23.31290287179489,6.4208216229260096,33.758402038728086,46.975575644919125,0.0,10.216698334856808,5.733667477162185,17.519680029865,19.469533112537242,33.66008794421553,0.0,11.050456081168516,4.794537184071822,0.0,23.098670827325854,64.45173346276069,30.27815908274157,0.0,4.877147193701299,0.0,0.0,148.26000000000002,34.97576322453227,24.284676131127995,0.0,30.05070103731082,0.0,9.777056924551777,30.208468368603384,6.06636706846161,11.446429838927525,10.05365155780638,10.470530430962235,10.018199773646966,2.601179230742514,49.61306388015959,13.22576714808098,3.203017009974999,-2.3114996753854067,-0.9734883661444427,-0.3420775915202323,1.2748948865588474,0.375,4,0,2,2,3,1,2,0,8,12,3,7,0,1,1,0,0,3,0.09859999999999991,1,0,0,0,0,0,0,0,1,0,0,0,1,1,1,0,0,0,0,0,0,0,0,0,0,0,0,0,1,0,2,0,0,0,0,0,0,0,0,0,0,1,0,0,0,0,0,0,0,0,0,1,0,0,1,0,0,0,0,0,1,0,0,14,5.478835978835979,3,3,0.0,2071.0,4,0.07936507936507935,0.1722629222629223,0.1722629222629223,0.16488855405610836,0.17226292226292225,0.19203235683063852,0.13623446754614915,0.13623446754614915,0.01612865916273738,0,0,0,1,1,1,2,0.42857142857142855,0.5714285714285714,0.25,0.10714285714285714,0.07142857142857142,0.6666666666666666,0.16666666666666666,1,0,1,0,0,1,0,0,1,0,1,0,1,0,1,1,1,0,0,1,0,0,0,0,0,0,0,0,0,0,1,1,0,1,0,1,1,0,0,1,1,1,0,0,1,0,0,0,0,0,0,1,0,0,1,1,1,0,1,0,0,0,0,0,1,0,0,1,1,1,0,0,1,1,1,0,0,0,1,0,1,1,0,1,0,0,1,0,1,0,0,1,0,0,0,0,0,0,0,0,1,0,1,1,1,1,0,0,0,0,0,0,1,1,1,0,0,0,0,0,0,0,1,1,0,1,0,1,0,0,0,0,0,0,0,0,1,0,0,1,0,0,0,0,0,0,0,0,0,0,0,1,0,0,0,0,0,0,0,0,0,0,0,0,1,0,0,0,0,0,0,0,0,1,0,1,0,0,1,0,0,0,0,0,0,0,0,0,0,0,0,0,0,0,0,0,0,0,0,0,1,0,0,0,1,0,0,1,0,1,0,1,1,1,0,0,1,1,1,1,1,1,0,1,1,1,1,1,0,1,0,0,1,1,1,0,0,1,1,1,1,0,0,0,0,1,0,0,1,1,1,1,0,0,1,1,0,0,0,1,1,1,0,0,1,1,1,1,1,0,1,1,0,0,1,0,1,0,1,1,1,1,1,1,1,1,1,1,1,1,1,1,1,1,0
12.42769109032502,0.16318909045099517,-1.2554035855618653,0.5344806106940523,21.73076923076923,396.4460000000001,1.4230769230769231,3.090277446538047,1.6915380267707594,697024.4391764427,7.502018008935549,15.160178952647087,23.719634919685454,0.0,5.907179729351506,5.907179729351506,11.938610575903699,19.28352128306594,4.794537184071822,0.0,23.098670827325854,6.06636706846161,11.446429838927525,23.12684253020798,6.4208216229260096,29.021539084928037,46.851640861932566,0.0,10.216698334856808,0.0,24.760272464733333,12.359735571259707,33.66008794421553,0.0,5.316788604006331,0.0,0.0,23.098670827325854,57.5348563736743,30.335833313013342,0.0,11.800884393391923,0.0,0.0,113.00999999999999,29.261503947371907,24.28467613112799,0.0,24.631922629846265,11.325958136816055,9.777056924551777,30.022408027016475,0.0,17.512796907389134,5.316788604006331,4.736862953800049,4.874784188277014,2.788076670273883,49.15532706141559,13.543659485571531,0.2031646936016529,-2.2268978456323394,0.17873203145659833,1.059112699694444,0.0,0.375,2,0,2,2,2,1,2,0,7,10,3,6,0,1,1,0,0,3,0.5923000000000007,1,0,0,0,0,0,0,0,1,0,0,0,1,1,0,0,0,0,0,0,0,0,0,0,0,0,0,0,1,1,1,0,0,0,0,0,0,0,0,0,0,0,0,0,0,0,0,0,0,0,0,0,0,0,1,0,0,0,0,0,1,0,0,14,5.507692307692308,3,3,0.0,1790.0,3,0.08615384615384616,0.18782051282051285,0.18782051282051285,0.16651089038336572,0.18782051282051285,0.19074266600923362,0.1443356787993363,0.1443356787993363,0.015131439518265842,0,0,0,1,1,1,2,0.38461538461538464,0.6153846153846154,0.23076923076923078,0.07692307692307693,0.07692307692307693,0.6428571428571429,0.17857142857142858,1,0,1,1,1,1,0,0,0,0,1,1,0,0,1,1,1,0,0,1,0,0,0,0,0,0,0,0,0,0,1,1,0,1,0,1,1,0,0,1,1,1,0,0,0,0,0,0,0,0,0,0,0,0,0,1,0,0,1,0,0,1,0,0,1,0,0,0,1,1,0,0,1,0,0,0,0,0,1,0,1,1,0,0,0,0,1,0,0,0,0,1,0,0,0,0,0,0,0,0,1,0,1,0,1,1,0,0,0,0,0,0,1,1,1,0,0,0,0,0,0,1,1,1,0,1,0,1,0,0,0,0,0,0,0,0,1,0,0,1,0,0,0,0,0,0,0,0,0,0,0,0,0,0,0,0,0,0,0,0,0,0,0,0,1,0,0,0,0,0,0,0,0,1,0,1,0,0,1,0,0,0,0,0,0,0,0,0,0,0,0,0,0,0,0,0,0,0,0,0,0,0,0,0,1,0,0,1,0,1,0,1,0,1,0,0,1,0,0,1,1,0,0,1,1,1,1,1,0,1,0,0,1,1,0,0,0,1,1,1,0,0,0,0,1,1,0,0,1,1,1,1,0,0,1,1,0,0,0,1,1,1,0,0,1,1,1,1,1,0,1,1,0,0,1,0,1,0,1,1,0,1,1,1,1,1,1,1,1,1,1,1,1,1,0
13.192006960191486,0.15418461829176144,0.15418461829176144,0.7550844098925956,16.0,370.9240000000001,1.0769230769230769,2.646341978381241,1.8002658661221993,845813.2377622987,8.698036455478109,9.799819461700956,0.0,0.0,5.907179729351506,0.0,0.0,4.794537184071822,0.0,0.0,0.0,41.932775232540564,56.5180374107767,35.88321405854596,6.4208216229260096,4.794537184071822,23.195505894267583,0.0,4.899909730850478,0.0,45.193620926455196,17.98942254267563,65.18338842159281,0.0,4.899909730850478,5.687386274683562,0.0,11.600939890232516,35.980283930323054,11.21535880699783,0.0,32.25256913693026,5.022633313741326,0.0,23.55,0.0,4.794537184071822,0.0,11.949020558499466,17.485295765815298,37.18199382405773,0.0,0.0,59.497213347004966,18.747384130231726,11.600939890232516,0.0,6.0553158350754845,17.67733329134123,0.6933661431361651,1.9948221984266963,0.15418461829176144,2.427116559586797,6.533503591510746,0.0,0.4090909090909091,0,0,1,1,1,0,0,0,2,4,1,5,0,1,1,0,0,3,4.788500000000004,0,0,0,0,0,0,0,0,0,0,0,0,2,0,0,0,0,1,0,0,0,0,0,0,1,0,0,0,0,0,0,0,0,0,0,0,0,0,0,0,0,0,0,0,0,0,0,0,0,1,0,0,0,0,0,0,0,0,0,0,0,0,0,12,5.206153846153846,3,3,0.0,1692.0,3,0.08615384615384616,0.17525641025641026,0.17525641025641026,0.17380648704102242,0.17525641025641026,0.20132314977234558,0.1683056003019914,0.1683056003019914,0.012688258294822154,0,0,0,0,0,2,1,0.15384615384615385,0.8461538461538461,0.038461538461538464,0.07692307692307693,0.0,0.5357142857142857,0.03571428571428571,0,1,0,0,0,1,0,0,1,0,1,0,0,0,0,0,0,1,0,1,0,0,0,0,0,0,0,1,1,1,1,0,0,1,0,0,0,0,0,1,0,1,1,0,0,1,1,1,1,1,0,0,0,0,0,0,1,0,0,1,0,0,0,0,1,0,0,0,0,1,0,0,1,0,0,0,0,0,1,0,1,1,0,0,0,0,1,0,1,0,1,0,0,0,0,0,0,0,1,0,1,0,0,0,0,0,0,0,0,0,0,0,0,1,0,0,0,0,0,0,0,0,0,1,0,1,0,0,0,0,0,0,0,0,0,0,0,0,0,0,0,0,0,0,0,0,0,0,0,0,0,0,0,0,0,0,0,0,0,0,0,0,0,0,0,0,0,0,0,0,0,0,0,0,0,0,0,0,0,0,0,0,0,0,0,0,0,0,0,0,0,0,0,0,0,0,0,0,0,0,0,0,1,1,0,0,0,0,1,0,0,0,0,1,1,1,0,0,0,0,1,0,0,0,0,0,1,0,1,0,0,1,0,0,0,1,1,0,1,1,0,0,0,0,1,1,1,0,0,1,1,0,0,1,0,0,1,1,0,0,1,1,1,1,0,1,1,0,0,0,1,0,0,1,0,1,1,1,0,0,0,1,1,1,1,0,1,0,1,1,1,1,1,1,0
5.739166666666667,0.12354875283446698,0.12354875283446698,0.8411561496817552,19.941176470588236,237.29899999999992,1.2941176470588236,2.3930764518460665,1.8827714968841787,11008.151678491906,6.469242706457041,19.527377465406477,12.71084835226122,11.49902366656781,0.0,0.0,0.0,0.0,0.0,0.0,0.0,12.13273413692322,19.056471336613843,13.08951281182515,13.213763929025836,14.210588861400147,0.0,0.0,5.316788604006331,0.0,13.027703587438927,32.910158705363905,24.26546827384644,11.49902366656781,14.790514511606428,0.0,11.49902366656781,0.0,39.014125093112206,4.736862953800049,0.0,6.923737199690624,0.0,0.0,39.72,0.0,0.0,0.0,6.103966387748303,13.213763929025836,31.19541844290588,0.0,0.0,31.18920547353706,5.316788604006331,14.210588861400147,16.805794674351223,0.0,0.0,3.274618291761149,0.0,1.5715667517006806,0.12354875283446698,5.674464049508693,0.0,0.5384615384615384,1,0,1,1,0,0,1,0,4,4,1,5,0,1,1,0,1,2,1.4525,0,0,0,0,0,0,0,0,0,0,0,0,0,1,0,0,0,0,0,0,0,0,0,0,0,0,0,0,0,0,3,0,0,0,0,0,0,0,0,0,0,0,1,0,0,0,0,2,0,0,0,0,0,0,0,0,0,0,0,0,0,0,0,10,4.205882352941177,2,2,0.0,572.0,3,0.1323529411764706,0.21372549019607845,0.21372549019607845,0.1982756790577338,0.21372549019607845,0.24696297401021566,0.21660288604038994,0.21660288604038994,0.011859747762326076,0,0,0,0,0,1,1,0.23529411764705882,0.7647058823529411,0.17647058823529413,0.058823529411764705,0.0,0.6666666666666666,0.0,0,0,1,0,0,0,0,0,0,1,0,0,0,0,0,0,1,0,0,0,1,0,0,0,0,0,0,1,1,0,1,0,0,1,1,0,0,0,1,0,0,1,0,0,1,0,0,1,0,1,1,0,0,0,1,1,0,0,0,0,0,0,0,0,1,1,0,0,0,0,0,0,0,0,0,0,0,0,0,1,1,1,0,0,0,0,1,0,0,0,1,0,0,0,0,0,0,0,0,0,1,0,0,0,0,0,0,0,0,1,0,1,1,0,0,1,0,0,0,0,1,0,0,1,0,0,1,0,0,0,0,0,0,0,0,0,0,0,0,0,0,0,0,0,0,0,0,0,0,0,0,0,0,0,0,0,0,0,0,0,0,0,0,0,0,0,0,0,0,0,0,0,0,0,0,0,0,0,0,0,0,0,0,0,0,1,0,0,0,0,0,0,0,0,0,0,0,0,0,0,1,0,0,0,0,0,0,0,0,0,1,0,0,0,1,0,0,0,1,1,0,0,0,1,0,1,1,0,1,0,0,0,1,0,0,0,0,1,0,1,0,1,1,0,0,0,1,0,1,1,0,0,0,0,1,1,1,1,0,0,1,0,0,0,0,1,1,0,0,0,0,1,1,1,1,1,0,0,1,1,1,1,0,1,0,1,1,1,1,1,1,1,1,1,0
4.094058641975309,0.6273148148148149,0.6273148148148149,0.43001493268881763,10.5,152.182,1.3,2.3571021521226503,2.950090305322589,372.42214003537873,1.9466849541949176,4.9839785209472085,16.869980771050045,5.647177220767728,0.0,0.0,0.0,0.0,14.951935562841626,0.0,12.628789148012991,0.0,0.0,0.0,6.3273200747645415,0.0,23.792667086396982,0.0,19.935914083788834,0.0,5.025959978669241,0.0,12.654640149529083,0.0,0.0,0.0,0.0,12.628789148012991,19.935914083788834,0.0,0.0,0.0,0.0,11.16387793838399,54.46,0.0,0.0,0.0,0.0,10.673137199436969,5.516700717616262,6.3273200747645415,6.3273200747645415,0.0,32.56470323180182,0.0,0.0,4.094058641975309,14.560354938271605,0.6273148148148149,1.4359567901234571,0.0,3.004537037037037,0.0,0.0,0.0,1,0,0,0,0,2,0,0,4,5,2,0,0,0,0,0,0,2,0.6416,0,0,0,0,0,4,1,0,0,0,0,0,3,1,0,0,0,0,1,0,0,0,0,0,0,0,0,0,1,0,0,0,0,0,0,1,0,0,0,0,0,0,0,0,0,0,0,0,0,0,0,0,0,0,0,0,0,0,0,0,0,0,0,4,2.3333333333333335,2,2,0.0,105.0,3,0.24444444444444446,0.16666666666666666,0.16666666666666666,0.13999559075949058,0.16666666666666666,0.4379694634010491,0.3026084316663744,0.3026084316663744,0.019022150788736612,0,0,0,0,1,2,0,0.5,0.5,0.0,0.4,0.1,0.09090909090909091,0.0,0,0,0,0,0,0,0,0,0,0,0,0,0,0,0,1,0,0,1,0,0,0,0,0,0,0,0,0,0,0,0,0,1,0,0,0,0,0,1,0,0,0,0,0,1,0,0,0,0,0,0,1,0,0,0,0,0,0,0,0,1,0,0,0,1,0,1,0,0,0,0,0,0,1,0,0,0,0,0,0,0,1,0,0,0,0,0,0,1,0,1,0,1,0,0,1,0,0,0,0,1,1,0,0,0,1,0,0,0,0,0,1,0,0,0,0,0,0,0,0,0,0,1,1,0,0,0,0,0,0,0,0,0,0,0,0,0,0,0,0,0,0,0,0,0,0,0,0,0,0,0,0,0,0,0,0,0,0,0,0,0,0,0,0,0,0,1,0,0,0,0,0,0,0,0,1,0,0,0,0,0,0,1,0,0,0,0,1,0,0,0,0,1,1,0,0,0,0,0,0,0,0,0,0,0,1,0,1,1,1,0,1,0,0,0,0,1,0,0,0,0,0,0,0,1,0,1,0,0,1,0,0,0,1,0,0,0,0,0,0,0,0,0,0,0,0,0,0,1,1,0,0,0,1,0,0,0,0,0,1,0,0,0,0,0,1,0,0,0,0,1,0,0,0,0,0,0,0,0,1,0,0,0,0,1,0,0,0,0,1,1,1,0,1,0
11.9494708994709,0.14296296296296296,-0.17916666666666736,0.8123400616112664,21.823529411764707,233.31099999999995,1.3529411764705883,2.4109386743184644,2.2116443428545427,10608.130167001244,5.823540847729735,10.05365155780638,0.0,0.0,0.0,0.0,5.969305287951849,4.794537184071822,0.0,0.0,0.0,36.75265696523406,24.94985114346159,6.041840829147961,13.027703587438927,9.53140013787187,5.969305287951849,0.0,5.316788604006331,0.0,31.22221174408738,13.65455394719011,35.89528683400505,0.0,5.316788604006331,0.0,0.0,0.0,25.66570006428992,9.53140013787187,0.0,30.74382240663642,0.0,0.0,38.33,0.0,4.794537184071822,0.0,17.929052163261204,0.0,18.52902952053558,19.951440787129552,0.0,30.33183534230805,5.316788604006331,4.736862953800049,4.941058201058201,0.0,11.9494708994709,3.432055933484505,1.0405092592592595,-0.3221296296296303,3.4085692239858907,0.9910659958427815,1.4594243669690097,0.5,1,0,1,1,0,0,2,0,3,3,1,3,0,1,1,0,2,2,2.0852999999999997,0,0,0,0,0,0,0,0,0,0,0,0,0,1,0,0,0,0,0,0,0,0,0,0,0,0,0,0,0,1,1,0,0,0,0,0,0,0,0,0,0,1,0,0,0,0,0,0,0,1,0,0,0,0,0,0,0,0,0,0,0,0,0,8,3.661764705882353,2,2,0.0,498.0,3,0.1323529411764706,0.17745098039215687,0.17745098039215687,0.19547087244948544,0.17745098039215687,0.2843871722067069,0.217291460567235,0.217291460567235,0.014971203889375315,0,0,0,0,0,1,1,0.17647058823529413,0.8235294117647058,0.11764705882352941,0.058823529411764705,0.0,0.6111111111111112,0.05555555555555555,1,1,0,0,1,1,0,0,0,0,1,0,1,0,0,0,1,0,0,1,0,0,0,0,0,0,0,0,0,0,1,0,0,1,0,0,0,0,0,1,0,0,0,0,0,1,0,1,0,1,0,0,1,0,1,1,0,1,0,0,0,0,0,0,1,0,0,1,0,1,0,0,1,1,0,0,0,1,0,0,0,1,0,0,0,1,1,0,0,0,1,0,1,0,0,0,0,0,0,1,1,0,0,0,0,0,0,0,0,0,0,0,0,0,0,0,0,0,0,0,1,0,1,1,0,1,0,0,0,0,0,0,0,0,0,0,0,0,0,0,0,0,0,0,0,0,0,0,0,0,0,0,0,0,0,0,0,0,0,0,0,0,0,0,0,0,0,0,0,0,0,0,0,0,0,0,0,0,0,0,0,0,0,0,0,0,0,0,0,0,0,0,0,0,0,0,0,0,0,0,0,0,0,0,0,0,0,0,0,0,1,0,0,0,0,0,0,0,1,1,0,1,0,0,0,1,1,0,1,0,0,0,1,0,0,0,0,0,0,1,0,0,0,0,0,0,1,0,0,1,0,1,0,0,1,0,1,1,0,0,0,0,0,0,0,1,0,0,0,0,0,0,0,1,0,1,0,0,0,1,0,1,1,0,1,1,1,1,1,1,1,1,1,1,0
12.243546390778533,0.09718631897203278,-0.8987869530528261,0.8528036890699656,11.842105263157896,254.285,0.9473684210526315,2.463074257573089,2.3400417314396122,22591.317090460372,5.481743927766793,5.106527394840706,0.0,5.783244946364939,0.0,0.0,5.969305287951849,9.589074368143644,0.0,0.0,0.0,48.53093654769288,18.55355575984923,11.126902983393991,5.917906046161393,14.69560176298435,11.75255023431679,0.0,0.0,0.0,12.841643245852017,0.0,71.28765809124549,0.0,0.0,0.0,0.0,0.0,16.859077629157493,4.794537184071822,0.0,34.326534905014825,0.0,0.0,54.37,11.887211334113243,9.589074368143644,0.0,5.783244946364939,16.690354475090988,0.0,0.0,55.4546737473835,6.06636706846161,0.0,5.106527394840706,0.0,0.0,23.209487626470853,8.997030199438209,1.7441751700680277,-1.6177109053497947,0.0,1.605595238095238,0.0,0.125,1,0,0,0,0,0,1,0,2,3,0,4,0,0,0,0,1,2,3.1057000000000015,1,0,0,0,0,0,0,0,1,0,0,0,0,0,0,0,0,0,0,0,0,0,0,0,0,0,0,0,0,0,0,0,0,0,0,0,0,0,1,0,0,0,0,0,0,0,0,0,0,0,0,0,0,0,0,0,0,0,0,0,0,0,0,10,4.233918128654971,2,2,0.0,724.0,3,0.11695906432748539,0.19023047815617472,0.19023047815617472,0.196923928005165,0.19023047815617472,0.24512582308497297,0.20796671166550104,0.20796671166550104,0.01621288087065808,0,0,0,0,0,2,0,0.15789473684210525,0.8421052631578947,0.15789473684210525,0.0,0.0,0.3,0.1,0,1,0,0,1,1,0,0,0,1,1,0,0,0,0,1,0,0,0,0,0,0,0,0,0,1,0,1,0,0,0,0,0,1,0,0,0,0,0,1,0,0,0,0,0,1,0,1,0,0,0,0,1,0,0,0,0,0,0,0,0,0,0,0,1,1,0,0,0,0,0,0,0,0,0,0,0,0,0,0,0,1,1,0,0,1,1,0,0,0,0,0,0,0,0,0,0,0,0,0,1,1,0,0,0,1,0,1,0,0,0,1,0,0,0,0,0,0,0,0,0,0,0,1,0,1,0,0,0,0,0,0,0,0,0,0,0,0,0,0,0,0,0,0,0,0,0,0,0,0,0,0,0,0,0,0,0,0,0,0,0,0,0,0,0,0,0,0,0,0,0,0,0,0,0,0,0,0,0,0,0,0,0,0,0,0,0,0,0,0,0,0,0,0,0,0,0,0,0,0,0,0,0,0,0,0,0,0,0,0,0,0,0,0,0,0,0,0,0,0,0,0,0,0,0,0,0,0,0,0,0,0,0,0,0,0,0,0,0,0,0,0,0,0,0,0,0,0,0,0,0,1,0,1,0,0,0,0,0,0,0,0,0,0,1,0,0,1,0,0,0,0,0,1,1,0,0,0,0,0,1,0,1,0,0,1,0,1,1,0,1,1,1,1,0
12.373703231292517,0.20110003569328927,-0.9815364173931991,0.6654785528464892,10.25,334.169,1.1,2.406834472940525,2.3946661536312703,29430.77193511674,5.878302341530973,10.84019487200289,0.0,5.783244946364939,0.0,0.0,5.969305287951849,9.589074368143644,0.0,0.0,0.0,28.06267803487257,35.89528683400505,21.287008773909967,6.4208216229260096,14.69560176298435,33.3698804069497,0.0,0.0,0.0,6.4208216229260096,5.733667477162185,63.62764347015467,0.0,5.733667477162185,5.687386274683562,0.0,15.929943897949348,16.859077629157493,11.21535880699783,0.0,21.48489165916281,0.0,0.0,80.39000000000001,5.969305287951849,9.589074368143644,0.0,17.89145284397451,16.690354475090988,4.472719515832414,0.0,42.46456947923127,0.0,15.929943897949348,10.84019487200289,0.8765276363580838,3.302767389720402,23.13756132495851,8.822724835189662,7.407947045330479,-1.2016856993281948,-0.20110003569328927,0.0,0.0,0.06666666666666667,3,0,0,0,0,0,0,0,3,5,0,4,0,0,0,0,0,2,2.889400000000001,1,0,0,1,0,0,0,0,1,0,0,0,0,0,1,0,0,0,0,0,0,0,0,0,1,0,0,0,0,0,0,0,0,0,0,0,0,0,1,0,0,0,0,0,0,0,0,1,0,0,0,0,0,0,0,0,0,0,0,0,0,0,0,11,4.368421052631579,2,2,0.0,830.0,3,0.11052631578947367,0.18713450292397663,0.18713450292397663,0.1889893455826286,0.18713450292397663,0.2385596829295904,0.1973310164368553,0.1973310164368553,0.01675843333977591,0,0,0,0,0,2,0,0.25,0.75,0.15,0.05,0.0,0.3333333333333333,0.09523809523809523,0,0,0,0,0,1,0,0,0,1,1,0,0,1,0,1,0,0,1,1,0,1,1,0,0,0,0,0,0,0,0,0,0,1,0,0,0,0,0,1,0,0,0,0,0,0,0,0,0,1,0,0,0,0,0,0,0,0,0,0,0,1,0,0,1,0,0,0,0,1,0,1,0,1,0,0,0,0,0,0,1,1,0,0,0,0,1,0,1,0,0,0,0,0,0,1,0,0,0,0,1,0,0,0,0,1,0,0,0,0,0,1,0,1,0,0,0,0,0,0,0,0,0,0,0,1,0,1,0,0,0,0,0,0,0,0,0,0,0,0,0,0,0,0,0,0,0,0,0,0,0,0,0,0,0,0,0,0,0,0,0,0,0,0,0,0,0,0,0,0,0,0,0,0,1,0,0,0,0,0,0,0,0,0,0,0,0,0,0,0,0,0,0,0,0,0,0,0,0,0,0,0,0,0,0,0,0,0,0,0,0,0,1,0,0,1,0,0,1,0,0,0,0,0,0,1,0,0,0,0,0,0,1,0,0,1,0,0,0,0,0,0,0,0,0,0,0,0,0,0,0,1,0,1,0,0,0,0,0,1,1,1,1,1,1,0,0,1,0,0,0,0,1,1,1,0,0,0,1,1,1,0,1,1,1,1,1,1,0,1,1,1,1,1,0
12.180597127739984,0.059395313681027684,-0.8601440329218106,0.38710486030618185,10.25,273.24399999999997,1.1,2.410746241936564,2.498650958063002,27193.217609044445,5.004554624716358,10.213054789681411,0.0,11.532756779648844,5.749511833283905,0.0,5.687386274683562,14.908855452837393,0.0,0.0,0.0,29.828919765543436,12.990104268152233,17.193270051855603,4.923311048817671,19.930903022570906,11.470631221048501,0.0,0.0,0.0,6.923737199690624,0.0,63.20287515462622,11.49902366656781,0.0,5.687386274683562,11.49902366656781,0.0,20.919610784864023,0.0,17.038055468456196,21.48489165916281,0.0,0.0,100.67,27.89296593643398,25.12191024251881,0.0,5.563451491696996,5.563451491696996,17.696185628620217,0.0,24.26546827384644,6.923737199690624,0.0,0.0,0.0,0.0,22.073566477146922,29.59435675469045,0.5485059208868748,-2.0198909255060045,0.0,1.866549137357218,0.0,0.07142857142857142,2,0,0,0,0,0,0,0,5,6,0,3,0,0,0,0,0,2,2.545420000000002,0,0,0,0,0,0,0,2,0,0,0,0,1,0,0,0,0,0,0,0,0,0,0,0,0,1,0,0,0,0,0,0,0,0,0,0,0,0,1,0,0,0,0,1,0,0,0,0,0,0,0,0,0,0,0,0,0,0,0,0,0,0,0,10,4.257894736842105,2,2,0.0,809.0,3,0.11052631578947367,0.1809941520467836,0.1809941520467836,0.17615812488470284,0.1809941520467836,0.24388417130781498,0.19885465198886473,0.19885465198886473,0.018057720560042047,0,0,0,0,0,2,0,0.3,0.7,0.25,0.05,0.0,0.3333333333333333,0.09523809523809523,1,0,0,0,0,0,0,0,0,1,1,0,0,0,0,0,0,0,0,0,0,0,0,0,1,0,0,0,0,0,0,1,0,1,0,0,0,0,0,1,0,0,0,1,0,0,0,0,1,0,0,0,0,0,0,1,0,0,1,0,0,0,0,0,0,0,1,0,0,0,1,1,0,0,1,1,1,0,0,0,0,1,0,0,0,0,1,0,0,0,0,0,0,0,0,0,0,0,1,0,1,0,0,0,0,1,0,1,0,0,0,1,0,1,0,0,0,0,0,0,0,0,0,0,0,1,0,0,0,0,0,0,0,0,0,0,0,0,0,0,0,0,0,0,0,0,0,0,0,0,0,0,1,0,0,0,0,0,0,0,0,0,0,0,0,0,0,0,0,0,0,0,0,0,0,0,0,1,0,0,0,0,1,0,1,0,0,0,0,0,0,1,0,0,0,0,0,0,1,1,1,0,0,0,0,0,0,0,0,0,0,0,0,0,0,0,0,1,0,0,0,0,1,1,0,1,0,0,0,0,1,0,0,0,0,0,0,0,0,0,0,1,0,0,0,0,0,1,0,0,1,0,1,1,0,1,0,0,1,1,0,1,0,1,1,0,0,1,1,0,0,1,1,1,1,0,1,0,1,0,1,0,1,0,1,1,1,1,1,1,1,1,1,1,0
12.950430474453684,0.05990147945185975,-0.3230292784262927,0.6509602460930518,15.892857142857142,381.4510000000002,1.1071428571428572,3.045171659027667,1.2789121714509162,3607724.490629802,8.103997225951055,10.006437125691184,5.817220841045895,5.783244946364939,0.0,6.010464839586836,0.0,9.361636831863176,4.39041504767482,4.9839785209472085,0.0,12.13273413692322,62.20542368546026,31.115626755596118,11.033401435232523,14.291479626587348,16.816646381597465,0.0,14.450987899589041,0.0,31.725127320852,19.634269217737724,59.91160888043577,6.010464839586836,0.0,4.39041504767482,6.010464839586836,0.0,44.97502945853241,0.0,5.817220841045895,42.08311599662082,0.0,11.033401435232523,58.36,0.0,14.291479626587348,0.0,23.65277145614563,11.984273114623004,49.93013552174828,12.13273413692322,12.13273413692322,28.832567921637793,9.883888251797686,0.0,14.899570572261746,0.0,18.808241522088146,10.257728559504285,2.3681935493714175,-0.26312779897443295,3.151076753933896,2.7351365457033743,0.0,0.36363636363636365,1,0,1,1,0,1,0,0,5,6,2,6,0,1,1,0,0,4,4.181000000000004,0,0,0,0,0,2,0,1,0,0,0,0,3,0,0,0,0,1,0,0,0,0,0,0,0,0,0,0,1,0,0,0,0,0,0,1,0,0,1,1,0,0,0,0,0,0,0,2,0,1,0,0,0,0,0,0,0,0,0,0,0,0,0,17,6.4867724867724865,4,4,0.0,2452.0,3,0.082010582010582,0.21102971102971102,0.21102971102971102,0.18246162340806008,0.21102971102971102,0.1599780978747724,0.13538215375229323,0.13538215375229323,0.011557415644748386,0,0,0,0,1,3,1,0.21428571428571427,0.7857142857142857,0.07142857142857142,0.10714285714285714,0.0,0.45161290322580644,0.03225806451612903,0,0,1,1,0,1,1,0,1,0,1,0,0,1,0,0,0,0,0,0,0,0,0,0,0,0,0,0,1,1,1,0,0,1,1,0,0,0,0,1,0,0,0,1,1,1,0,1,0,0,0,0,0,0,0,0,0,0,0,1,0,1,0,1,1,0,1,0,0,0,0,0,1,1,1,0,0,0,0,1,1,1,1,0,0,0,1,0,0,0,1,0,0,0,0,0,0,0,0,0,1,1,0,0,0,1,0,0,0,1,0,0,0,0,0,0,1,0,1,1,0,1,1,1,0,1,1,1,0,0,0,0,0,0,0,0,0,0,0,0,0,0,0,0,0,0,0,0,0,0,0,0,0,0,0,0,0,0,0,0,0,0,0,0,0,1,0,0,0,0,1,0,0,0,0,0,0,0,0,0,0,0,0,0,0,0,0,0,0,0,1,0,0,1,0,0,0,0,0,0,0,0,0,1,0,1,0,1,1,0,0,1,0,1,1,1,0,0,0,1,0,0,0,0,1,0,1,0,1,1,0,0,0,1,1,1,0,0,1,1,0,1,0,0,0,1,1,0,1,1,1,0,0,1,0,1,1,1,0,0,1,1,1,0,0,1,1,1,0,0,1,1,1,1,0,1,1,0,1,0,1,1,1,1,1,1,1,1,0,1,1,1,1,1,0
5.546260746595342,0.36190948601662887,0.36190948601662887,0.8371289360458547,12.368421052631579,259.35299999999995,1.4210526315789473,2.4449374120434855,2.2939285575857626,23720.782771645896,6.38396738750566,15.787319034968565,5.749511833283905,0.0,0.0,0.0,0.0,4.9839785209472085,0.0,0.0,0.0,6.06636706846161,38.44287098837844,23.691275683687444,18.313884533577358,4.736862953800049,16.59031120676462,0.0,4.9839785209472085,5.733667477162185,25.807221274690605,18.97134255119644,30.462311845459514,5.749511833283905,15.787319034968565,5.687386274683562,5.749511833283905,0.0,24.68037329728528,0.0,0.0,19.765380445542643,0.0,10.902924932081056,60.17,0.0,0.0,0.0,0.0,6.041840829147961,41.72622269181312,0.0,7.109797541277533,30.462311845459514,17.224504324644162,10.470530430962235,5.337889581758629,0.0,4.447158525447216,4.57539338729319,7.534566207668661,0.8416896835894851,3.871103237591333,2.8819821586041825,1.6797277668719768,0.4,3,0,0,0,0,1,1,0,4,4,1,6,0,0,0,0,1,2,2.782700000000001,0,0,0,0,0,1,0,0,0,0,0,0,1,1,1,0,0,0,0,0,0,0,0,0,1,0,0,0,1,0,1,0,0,0,0,0,0,0,0,0,0,1,0,0,0,0,0,0,0,0,0,0,1,0,0,0,0,0,0,0,0,0,0,10,4.245614035087719,2,2,0.0,726.0,3,0.11695906432748539,0.19091847265221876,0.19091847265221876,0.16678778692034982,0.1909184726522188,0.24666379854564532,0.19252846261927248,0.19252846261927248,0.01511324389139453,0,0,0,0,0,2,0,0.21052631578947367,0.7894736842105263,0.05263157894736842,0.15789473684210525,0.0,0.45,0.0,1,1,1,0,0,0,0,0,0,0,0,0,0,1,0,0,0,0,0,1,0,0,0,0,0,0,0,1,0,0,0,0,0,1,0,0,0,0,1,0,0,0,0,0,1,0,0,1,1,0,1,0,0,0,0,1,0,1,0,0,1,0,0,1,1,0,1,1,0,0,0,0,1,1,1,0,0,0,0,0,1,1,0,0,1,1,1,0,0,0,0,1,0,0,0,0,0,0,1,1,1,0,0,1,0,0,0,1,0,1,0,0,0,0,0,0,0,0,0,1,0,0,1,0,1,0,0,0,0,0,0,0,0,0,0,0,0,0,0,0,0,0,0,0,0,0,0,0,0,0,0,0,0,0,0,0,0,0,0,0,0,0,0,0,0,0,0,0,0,0,0,0,0,0,0,0,0,0,0,0,0,0,0,0,0,0,0,0,0,0,0,0,0,1,0,0,0,0,0,0,0,0,0,0,0,0,0,1,0,0,1,0,1,0,0,0,0,0,1,1,0,1,0,0,0,1,1,0,1,1,0,0,1,1,0,0,1,0,0,1,0,1,0,1,1,0,1,0,0,1,0,0,0,1,1,1,0,0,0,1,0,1,0,1,0,1,0,0,0,0,1,1,0,1,0,1,0,1,0,1,1,1,0,1,1,1,1,0,1,1,1,1,1,1,0
12.303463561350465,0.13256660997732483,-0.9275021182587919,0.48235981573967446,34.45454545454545,325.4339999999999,1.3181818181818181,2.604857861335797,1.6796733988781196,77377.30277097985,5.7556327193803725,14.906346856541662,11.4157136421167,6.041840829147961,0.0,5.907179729351506,5.969305287951849,9.786941916707491,4.794537184071822,0.0,11.761884949391115,12.841643245852019,26.689117645233267,17.83653526504271,6.338535362521884,14.69560176298435,29.97690532921635,0.0,9.799819461700956,4.992404732635669,61.73533781556752,13.08951281182515,0.0,0.0,0.0,0.0,0.0,11.761884949391115,68.41545697267426,9.589074368143644,0.0,39.53076089108529,0.0,0.0,73.21000000000001,22.80000939946533,14.69560176298435,0.0,11.281052542320246,0.0,13.08951281182515,30.583196222554516,11.761884949391115,20.186009761903133,9.892314463486148,0.0,-0.4731803508440411,1.548595154111027,31.90640307553998,9.253555020416492,0.0,-1.0788475453185045,6.66652986740559,5.763505205329249,0.0,0.8,1,0,3,3,1,0,3,0,4,7,3,3,0,3,3,0,0,3,1.4062000000000001,1,0,0,0,0,0,0,0,1,0,0,1,3,0,0,0,0,1,0,0,0,0,0,0,0,0,0,0,1,0,0,0,0,0,0,0,0,0,0,0,0,0,0,0,0,0,0,0,0,0,0,0,0,0,1,0,0,0,0,0,0,0,0,11,4.740259740259741,3,3,0.0,1095.0,4,0.10389610389610388,0.18701298701298705,0.18701298701298705,0.17216760983254698,0.18701298701298705,0.21922545453974498,0.16054438916318411,0.16054438916318411,0.017704035998808945,0,0,0,1,1,0,3,0.3181818181818182,0.6818181818181818,0.13636363636363635,0.13636363636363635,0.045454545454545456,0.875,0.125,0,0,1,0,1,1,0,0,1,0,1,0,0,0,0,0,0,1,0,0,0,0,0,1,0,0,0,0,0,0,1,0,0,1,0,1,1,0,0,1,0,0,0,0,0,0,0,1,0,0,0,0,0,0,1,0,0,1,1,0,0,0,0,0,0,0,0,0,0,0,0,0,1,0,0,0,0,0,1,0,0,0,0,0,0,1,0,1,0,0,0,0,0,0,1,0,0,0,0,1,1,0,0,0,0,0,1,0,0,0,0,1,0,0,0,0,0,0,1,0,0,0,1,1,0,1,1,1,0,0,0,0,0,0,0,0,1,0,0,1,0,0,0,0,0,0,0,1,0,0,0,0,0,0,0,0,0,0,0,0,0,0,0,0,1,0,0,0,0,0,0,0,0,0,0,1,0,0,0,0,0,0,0,0,0,0,0,0,0,0,0,0,0,0,1,0,0,0,0,0,0,0,1,1,0,1,1,1,0,1,0,1,0,1,1,0,1,0,0,0,1,0,0,1,1,1,0,0,1,0,0,0,0,1,0,0,0,0,1,1,1,0,0,0,0,1,1,1,1,1,1,1,0,0,0,1,1,1,0,0,0,1,0,0,1,1,1,1,0,0,1,1,0,0,1,1,1,1,1,0,0,1,1,0,1,1,1,1,1,1,0,0,1,1,0
12.612117819349962,0.06791666666666663,-1.775300925925926,0.5584575788015059,51.0,326.30100000000004,1.1304347826086956,2.996531999079888,2.0498904363654957,143749.6330598604,3.6968314362469417,24.423643651081555,16.933947326541862,6.103966387748303,0.0,6.290026729335213,17.90791586385555,9.589074368143644,4.794537184071822,0.0,0.0,20.771211599071872,5.41499046939678,6.4208216229260096,12.021872433909698,38.807255203297025,17.90791586385555,0.0,0.0,16.244971408190338,57.71186516073939,0.0,0.0,0.0,0.0,0.0,0.0,0.0,52.219980969352456,28.59420041361561,16.244971408190338,33.61285484492389,0.0,0.0,119.36,58.251897587861386,24.596666341896878,0.0,12.841643245852019,0.0,0.0,0.0,20.771211599071872,0.0,0.0,14.210588861400147,15.495638227513226,0.0,36.479794973544976,22.176058673469385,-5.905448790627361,-2.3573082010582,-4.578287037037038,5.189552154195011,0.0,0.8,2,1,3,4,0,0,6,0,8,8,3,0,1,3,4,2,4,4,-0.7438,0,2,1,0,0,0,0,0,0,0,0,0,0,0,0,0,0,0,0,0,0,0,0,0,0,0,0,0,0,3,3,0,0,0,0,0,0,0,0,0,0,0,0,0,0,0,0,0,0,0,0,0,0,0,0,0,0,0,0,0,0,0,0,7,3.450592885375494,4,4,0.0,873.0,4,0.1027667984189723,0.11669489930359495,0.11669489930359495,0.14747498955932803,0.11669489930359495,0.30128724777706506,0.17917792264988638,0.17917792264988638,0.023606129131062626,0,0,0,0,4,0,4,0.34782608695652173,0.6521739130434783,0.34782608695652173,0.0,0.0,0.8846153846153846,0.11538461538461539,0,0,1,0,0,0,0,0,1,0,1,0,0,0,0,0,1,0,0,0,0,0,0,1,0,0,0,0,1,0,1,1,0,1,0,0,1,0,0,1,0,0,0,0,1,1,0,0,0,0,0,0,0,0,0,0,0,0,1,1,1,0,1,1,0,0,1,0,0,0,0,0,1,0,1,0,0,0,0,0,0,0,0,0,0,1,1,0,0,1,0,0,0,0,0,0,0,0,1,0,1,0,0,0,0,1,0,0,0,1,1,1,0,0,1,0,0,0,0,0,1,0,0,1,0,0,1,0,0,0,0,0,0,0,0,0,0,0,0,0,0,0,0,0,0,0,0,0,0,0,0,0,0,0,0,0,0,0,0,0,0,0,0,0,0,0,0,0,0,0,0,0,0,0,0,0,0,0,0,0,0,1,0,0,0,1,0,0,0,0,0,0,0,0,1,0,0,0,0,0,1,0,1,0,0,0,0,0,0,0,0,1,0,0,0,0,0,1,0,1,0,0,0,0,1,0,0,0,0,1,0,0,1,1,0,0,0,0,0,0,1,0,0,0,1,0,0,0,1,0,0,1,0,0,0,1,1,1,0,1,1,0,0,0,1,1,0,1,1,1,0,1,0,0,1,0,0,1,1,0,1,0,1,0,0,1,0,1,1,0,0,0,1,1,0
15.70410486698089,0.028889847522692857,-1.691239492749294,0.21390163892435146,29.52054794520548,1022.2389999999991,0.8493150684931506,3.8946223877625687,1.19360465946801,1.2207150093553072e+16,23.121574415035646,50.29330481491215,47.84592731313695,11.735768823996422,29.535898646757527,5.907179729351506,5.969305287951849,33.561760288502754,9.77851570501903,11.761884949391115,0.0,49.38830667892189,93.42763542954766,82.4238559408083,0.0,48.19968782121533,64.64489983450049,0.0,40.53398325636812,11.835812092322787,106.39817515248157,64.51956131519171,89.74771230293327,5.749511833283905,20.850275542869472,5.687386274683562,5.749511833283905,11.761884949391115,178.0685335974272,44.71944486522881,11.835812092322787,80.02961312839955,0.0,0.0,231.20000000000002,101.12874090099072,29.079213315199812,14.383611552215466,50.119495741591116,23.341519305816366,43.7267502299703,47.00071608345554,49.01745749138979,43.2607219700513,25.83425406381668,4.736862953800049,5.971341767189825,1.7323103927309087,130.0258585211028,18.84762105245519,1.4852167704323929,-5.825368074513301,2.4044017872274654,6.110013005411428,5.330333792783995,0.5283018867924528,4,0,6,6,6,1,9,2,14,20,7,10,0,6,6,0,0,9,2.323500000000009,0,0,0,0,0,1,0,1,0,0,0,0,6,3,0,0,1,0,0,0,0,0,0,0,1,0,0,0,5,1,1,0,0,0,0,0,0,0,1,1,1,0,0,0,0,0,0,0,0,4,0,0,1,0,1,0,0,0,0,0,0,0,0,22,9.121004566210045,8,8,0.0,23970.0,3,0.030441400304414005,0.11438034600295838,0.11438034600295838,0.11611925382308247,0.11438034600295838,0.11375820753694975,0.08919149171409553,0.08919149171409553,0.008494254896980849,0,0,0,0,1,3,5,0.273972602739726,0.726027397260274,0.136986301369863,0.1232876712328767,0.0136986301369863,0.675,0.1,1,0,0,1,1,1,0,0,0,0,1,1,0,1,0,0,1,0,0,1,0,0,1,1,0,1,0,1,1,1,1,0,1,1,1,1,1,1,1,1,1,0,1,0,1,1,1,1,1,0,1,0,0,0,1,0,0,0,1,0,0,1,1,1,1,1,1,1,0,0,0,1,1,1,1,1,0,1,1,0,1,1,1,0,1,0,1,0,1,1,1,0,0,0,1,0,0,1,0,1,1,0,1,1,0,1,1,1,1,1,1,0,0,1,1,1,1,0,0,0,0,1,1,1,1,1,0,1,0,0,0,0,0,0,0,0,0,0,0,0,0,0,0,0,0,0,0,0,0,0,0,0,0,0,0,0,0,0,0,0,0,0,0,0,0,0,0,0,0,0,0,0,0,0,0,0,0,0,0,0,0,1,1,0,0,1,0,0,0,0,1,0,1,1,0,0,0,0,0,0,0,0,1,1,0,0,0,1,0,1,0,1,0,1,1,0,1,1,1,1,1,1,0,1,1,1,1,0,1,0,0,0,1,1,0,0,1,0,1,1,0,1,1,0,1,1,1,0,1,1,1,1,0,1,0,1,1,1,0,1,1,1,0,1,1,1,1,1,1,1,1,1,1,1,1,1,1,1,1,1,1,1,1,1,1,1,1,1,1,1,1,1,1,1,0
12.832152655445405,0.14391434660283875,-1.025896636432351,0.7705081180627319,19.925925925925927,388.8150000000001,1.1481481481481481,2.952747429952514,1.6312648776571461,1978765.9736980975,7.087061346581865,14.536682415501005,11.51179077268349,5.693927994848461,6.22790117073487,5.907179729351506,6.093240070938415,9.77851570501903,19.662403956816718,0.0,0.0,11.600939890232516,19.18040611960041,44.76955633848952,5.022633313741326,14.325937321943691,29.419222468357468,0.0,24.75175502454258,0.0,6.22790117073487,38.126607337177965,47.13375415520069,0.0,4.899909730850478,10.61239996190685,0.0,11.600939890232516,69.97887243116,4.736862953800049,0.0,22.410294344503612,5.022633313741326,0.0,91.75999999999999,18.22832097102479,9.589074368143644,0.0,5.693927994848461,29.623936898249966,13.08951281182515,23.490440445689707,17.032643867773697,7.04767198267719,19.8518452936921,16.337802844032566,5.678293414588058,5.891285904884008,43.006570475275616,0.43531611201746667,0.43718054505752924,-0.12085422440581128,2.7819493610201294,2.639015928455864,1.9980993740116562,0.35294117647058826,0,0,2,2,2,2,1,0,7,10,4,2,0,1,1,0,1,4,1.5679999999999998,0,0,0,0,0,3,0,0,0,0,0,0,6,0,0,0,1,0,0,0,0,0,0,0,1,0,0,0,1,0,1,0,0,0,0,0,0,0,0,0,0,0,0,0,0,0,0,0,0,0,1,0,1,0,0,0,0,0,0,0,0,0,0,13,5.076923076923077,4,4,0.0,1782.0,3,0.08547008547008549,0.1630769230769231,0.1630769230769231,0.1677260218598816,0.1630769230769231,0.20576227658340063,0.15171418452058202,0.15171418452058202,0.013205734799737408,0,0,0,0,1,2,1,0.37037037037037035,0.6296296296296297,0.1111111111111111,0.2222222222222222,0.0,0.5333333333333333,0.06666666666666667,1,0,1,1,0,0,0,0,0,0,1,0,1,0,1,1,0,0,0,1,1,0,0,0,0,0,0,0,0,0,1,0,0,1,0,0,0,0,0,1,0,1,0,0,1,1,0,1,1,1,0,0,0,1,0,1,0,0,1,1,0,0,0,1,1,1,0,1,0,0,0,0,1,0,1,1,0,0,0,1,0,1,0,0,1,0,1,0,1,1,0,0,0,0,0,1,0,0,0,0,1,0,1,0,0,1,0,0,0,0,0,1,0,0,0,0,0,0,0,0,0,1,1,1,0,1,0,1,0,0,0,0,0,0,0,0,0,0,0,0,0,0,0,0,0,0,0,0,0,0,0,1,0,0,0,0,0,0,0,0,0,0,0,0,0,0,1,0,0,0,0,0,0,0,0,0,0,0,0,0,0,0,0,0,0,0,0,0,0,0,1,0,0,1,0,0,0,0,0,0,0,0,0,1,0,1,0,1,1,0,0,1,0,1,1,1,0,1,0,0,1,1,0,1,1,1,1,0,1,1,0,1,0,1,1,1,0,0,1,1,0,0,0,1,1,1,1,0,1,1,1,1,0,1,1,1,1,1,0,0,0,1,1,1,1,1,1,0,0,0,1,1,1,1,1,1,1,0,1,0,0,1,1,0,1,1,1,1,1,1,1,1,1,1,0
12.370387140153797,0.013755321471853765,-1.29984144003521,0.29472034504927447,11.666666666666666,454.44700000000023,1.0909090909090908,2.7616596075412105,1.674622124193935,15580631.75408013,9.71963980458573,31.897088078862588,6.041840829147961,16.981740716219015,5.948339280986494,5.907179729351506,11.938610575903699,9.589074368143644,14.76249422596624,9.967957041894417,0.0,0.0,30.68628989677245,24.719331371983756,18.43552797237411,24.596666341896878,46.46325657714427,0.0,25.252702687795164,0.0,25.428240480912553,23.41491666785204,41.71969133200497,0.0,21.68403328918118,17.453588333505085,0.0,0.0,61.08427199055059,16.133830774056218,0.0,28.893559916469297,0.0,11.16387793838399,210.53999999999996,23.887631134403165,19.490138947056174,0.0,30.171296796370537,23.402562339145028,5.687386274683562,12.13273413692322,18.329577708536295,11.947581713527669,25.252702687795164,16.573862349165076,0.0,0.0,52.69354289457169,20.249152627912856,13.655717453172574,-2.9079754048014954,0.963954897116627,0.3696192219035348,1.8156287853383466,0.25,7,0,0,0,1,2,1,0,10,13,2,9,0,0,0,0,0,3,0.2684000000000012,2,0,0,2,0,4,0,0,2,0,0,0,5,1,2,0,0,0,0,0,0,0,0,0,3,0,0,0,1,0,0,0,0,0,0,0,0,0,0,0,0,0,0,0,0,0,0,0,0,0,0,0,0,0,0,0,0,0,0,0,0,0,0,19,7.257575757575758,3,3,0.0,3832.0,3,0.06628787878787878,0.2018572825024438,0.2018572825024438,0.1792677049716757,0.20185728250244378,0.14334139893703363,0.12843793973552278,0.12843793973552278,0.012803334614334798,0,0,0,0,0,3,0,0.3939393939393939,0.6060606060606061,0.15151515151515152,0.24242424242424243,0.0,0.42857142857142855,0.08571428571428572,1,1,0,0,0,1,0,1,0,0,1,1,0,0,0,0,0,0,0,1,0,1,0,1,0,1,0,1,1,0,0,0,0,1,0,0,0,1,0,1,0,0,1,0,1,0,0,0,0,1,0,1,1,0,0,0,0,0,0,1,1,0,0,1,1,1,0,0,0,0,0,0,1,1,0,0,0,1,1,0,1,1,0,0,1,0,1,1,1,0,0,0,0,0,0,0,1,1,0,1,1,1,1,0,0,1,0,0,0,0,0,0,0,1,0,1,0,1,0,0,0,1,1,1,0,1,0,1,0,0,0,0,0,0,0,0,0,0,0,0,0,0,0,0,0,0,0,0,0,0,0,0,0,1,0,0,0,0,0,0,0,0,0,0,0,0,1,0,0,0,0,0,0,0,0,0,0,0,0,0,0,1,1,0,0,0,0,0,0,0,0,0,0,1,0,0,0,0,0,0,0,0,0,0,0,1,0,1,1,0,0,0,1,1,1,0,0,0,1,1,1,1,0,1,0,0,1,0,1,1,0,0,1,1,1,0,0,0,1,1,0,0,0,1,0,1,1,0,1,1,1,1,0,1,0,0,0,0,0,1,1,1,0,1,1,1,0,1,1,0,1,0,0,1,1,1,1,0,0,1,0,1,1,1,1,1,1,1,1,1,1,1,1,1,0
11.930026769967245,0.00196759259259216,-3.8176174335474937,0.6692731436768522,11.818181818181818,368.19800000000015,1.2272727272727273,2.4006004493860513,2.9722463788970166,50470.22384789235,5.917252508596592,15.074484436735123,0.0,0.0,10.023291153407584,0.0,11.118533790104014,13.894290359439879,8.417796984328938,0.0,0.0,23.20187978046503,6.06636706846161,0.0,46.173461891335634,13.524324379169643,49.9459586437887,0.0,9.967957041894417,0.0,0.0,23.712623545233132,36.81924185419192,0.0,15.423749781400248,5.687386274683562,0.0,23.20187978046503,42.89968897500096,10.023291153407584,0.0,0.0,10.045266627482652,11.033401435232523,123.32999999999998,27.748706908024516,18.00687135247258,0.0,33.310810743311315,0.0,10.560985174807637,6.06636706846161,0.0,0.0,9.967957041894417,28.30840717530574,24.663429390274626,12.016390621063238,27.46853761180398,8.936110140043672,-1.887015752288568,0.0,0.9122184429327289,-0.777635345804988,-3.8176174335474937,0.2727272727272727,3,0,0,0,0,1,0,0,5,11,1,4,0,0,0,0,0,2,0.2814999999999999,0,1,1,0,0,2,2,0,0,0,0,0,1,2,0,0,0,0,0,0,0,0,0,0,1,0,0,0,1,0,0,0,0,0,0,0,0,0,0,0,0,0,0,0,0,0,0,0,0,0,0,0,0,0,0,1,0,0,0,0,0,0,0,9,4.008658008658009,2,2,0.0,926.0,4,0.09956709956709955,0.15043290043290045,0.15043290043290045,0.16601496430339246,0.15043290043290045,0.2591359338168621,0.186719216417717,0.186719216417717,0.019816263856516546,0,0,0,0,0,2,0,0.5,0.5,0.22727272727272727,0.13636363636363635,0.045454545454545456,0.34782608695652173,0.17391304347826086,0,0,0,0,0,0,0,0,0,1,1,0,0,0,0,0,0,0,0,1,1,0,0,1,0,0,0,0,1,0,0,1,0,1,0,0,1,0,0,1,0,0,0,0,0,0,0,1,0,1,0,0,1,0,0,0,0,1,1,0,0,0,1,0,1,0,1,0,1,0,0,0,0,0,0,0,0,0,0,0,1,1,0,0,0,1,0,1,0,1,1,0,0,0,1,0,0,0,0,0,1,0,0,0,1,0,0,1,0,0,1,0,0,1,0,1,0,0,0,1,0,0,1,1,0,0,0,0,0,0,0,0,0,0,0,0,0,0,0,0,0,0,0,0,0,0,0,0,0,0,0,0,0,0,0,0,0,0,0,0,1,1,0,0,0,0,0,0,0,0,0,0,0,0,0,0,0,0,0,1,0,0,1,1,0,0,1,0,1,1,0,0,0,1,0,1,0,0,0,0,1,1,0,0,0,0,0,1,1,1,1,0,0,0,0,1,1,0,0,1,1,1,1,1,0,0,1,0,1,1,1,1,1,1,1,1,1,1,1,1,1,1,0,0,1,1,1,0,1,1,1,0,1,1,0,1,0,0,1,1,1,1,1,1,1,1,1,1,1,0,1,1,1,1,1,1,1,0,1,1,0,1,1,1,1,1,1,1,1,1,1,1,1,1,0
12.18854938271605,0.41871527777777784,-2.842183641975309,0.605720669080109,29.285714285714285,261.08899999999994,1.4285714285714286,2.1929014972520733,2.545008652689994,1429.7717762083519,6.311144001092418,4.5237471617118175,0.0,0.0,0.0,0.0,7.670279738874966,4.565048284931329,9.757711252998451,0.0,23.20187978046503,0.0,6.4208216229260096,31.394276107678404,6.606881964512918,9.088795446643147,30.872159519339995,0.0,9.757711252998451,0.0,6.4208216229260096,38.00115807219132,0.0,0.0,5.0872950630771525,0.0,0.0,30.872159519339995,42.67157426211262,9.088795446643147,0.0,6.4208216229260096,0.0,0.0,41.57,7.670279738874966,4.565048284931329,0.0,0.0,31.456401666278747,12.965578028838586,0.0,4.6704161899212995,0.0,5.0872950630771525,27.725626942176852,19.24817901234568,11.14777092781557,0.0,2.851219135802469,0.0,0.8729861111111112,0.892295524691358,2.357510707986899,-2.842183641975309,1.0,1,0,1,1,0,0,1,0,2,7,1,5,0,1,1,0,1,1,1.884,0,0,0,0,0,0,0,0,0,0,0,0,1,1,0,0,0,0,0,0,0,2,0,0,0,0,0,0,0,0,0,0,0,0,0,0,0,0,0,0,0,0,0,0,0,0,0,0,0,0,0,0,0,0,0,0,0,0,0,0,0,0,0,8,3.3736263736263736,1,1,0.0,307.0,4,0.15384615384615383,0.19780219780219777,0.19780219780219777,0.1928694046590913,0.19780219780219777,0.31183318366694956,0.22906236202218677,0.22906236202218677,0.020727146162870826,0,0,0,0,0,0,1,0.5,0.5,0.14285714285714285,0.14285714285714285,0.0,0.9285714285714286,0.07142857142857142,1,0,0,0,1,1,0,0,0,0,1,0,0,1,0,0,1,0,1,1,0,0,0,0,0,0,0,1,0,0,1,0,0,0,1,0,0,1,0,1,0,0,1,0,1,0,0,0,1,0,0,0,0,0,1,0,0,0,0,0,0,0,0,1,0,0,0,0,0,0,0,0,1,0,0,0,0,0,0,0,1,0,1,0,0,1,0,0,0,0,0,0,0,0,0,1,0,0,1,0,0,0,0,0,0,0,0,0,0,0,0,0,1,0,0,1,0,0,0,0,1,1,0,0,0,0,0,0,0,0,0,0,0,0,0,0,0,0,0,0,0,0,0,0,0,0,0,0,0,0,0,0,0,0,0,0,0,1,0,0,0,0,0,0,0,0,0,0,0,0,0,0,0,0,0,0,0,0,0,0,0,0,0,0,0,1,0,0,0,0,0,0,0,0,0,0,0,1,0,0,0,0,0,1,0,1,0,0,0,0,1,0,0,0,1,0,0,0,1,1,0,0,1,0,0,1,1,0,1,0,1,1,1,0,1,0,0,1,0,1,1,0,0,0,0,1,1,0,1,1,1,0,1,0,0,1,1,1,1,0,1,1,1,0,0,1,1,0,0,0,1,1,0,0,0,1,1,0,1,1,0,1,0,1,1,1,1,1,0,1,0,1,1,1,0
12.188549382716051,0.4225385802469137,-2.842183641975309,0.6057206690801091,28.214285714285715,261.089,1.3571428571428572,2.186110700925019,2.5822640284816734,1442.8330626105126,6.311144001092418,4.5237471617118175,0.0,0.0,0.0,0.0,7.670279738874966,4.565048284931329,9.757711252998451,0.0,23.20187978046503,0.0,6.4208216229260096,31.394276107678404,6.606881964512918,9.088795446643147,30.872159519339995,0.0,9.757711252998451,0.0,6.4208216229260096,38.00115807219132,0.0,0.0,5.0872950630771525,0.0,0.0,30.872159519339995,42.671574262112614,9.088795446643147,0.0,6.4208216229260096,0.0,0.0,41.57000000000001,7.670279738874966,4.565048284931329,0.0,0.0,31.456401666278747,12.965578028838586,0.0,4.6704161899212995,0.0,5.0872950630771525,27.72562694217685,19.174876543209876,11.248020754598135,0.0,2.9071604938271607,0.0,0.8450771604938274,0.8884722222222223,2.3063542454018644,-2.842183641975309,1.0,1,0,1,1,0,0,1,0,2,7,1,5,0,1,1,0,1,1,1.884,0,0,0,0,0,0,0,0,0,0,0,0,1,1,0,0,0,0,0,0,0,2,0,0,0,0,0,0,0,0,0,0,0,0,0,0,0,0,0,0,0,0,0,0,0,0,0,0,0,0,0,0,0,0,0,0,0,0,0,0,0,0,0,7,3.3076923076923075,1,1,0.0,301.0,4,0.15384615384615383,0.1923076923076923,0.1923076923076923,0.2048991395010549,0.1923076923076923,0.31685432517029594,0.23152441720303893,0.23152441720303893,0.020716693244537274,0,0,0,0,0,0,1,0.5,0.5,0.14285714285714285,0.14285714285714285,0.0,0.9285714285714286,0.07142857142857142,0,0,0,0,1,0,0,0,0,0,1,0,0,0,0,0,1,1,0,1,0,0,0,0,0,0,0,0,0,0,1,1,0,0,0,0,0,0,0,0,0,0,1,1,1,0,0,0,1,1,0,0,1,0,1,0,0,0,0,0,0,0,0,1,0,0,0,0,0,0,0,0,0,0,0,0,0,0,0,0,1,0,0,0,0,1,0,0,0,0,1,0,0,0,0,0,0,0,0,0,0,0,0,0,0,0,0,0,0,1,0,0,1,1,0,0,0,0,0,0,1,0,0,0,0,0,0,0,0,0,0,0,0,0,0,0,0,0,0,0,0,0,0,0,0,0,0,0,0,0,0,0,0,0,0,0,0,1,0,0,0,0,0,0,0,0,0,0,0,0,0,0,0,0,0,0,0,0,0,0,0,0,0,0,0,1,0,0,0,0,0,0,0,0,0,0,0,1,0,0,0,0,0,0,0,1,0,0,0,0,1,0,0,0,1,0,0,0,1,1,0,0,1,0,0,1,1,0,1,0,1,1,1,0,1,0,0,1,0,1,1,0,0,0,0,1,1,0,1,1,1,0,1,0,0,1,1,1,1,0,1,1,1,0,0,1,1,0,0,0,1,1,0,0,0,1,1,0,0,1,0,1,0,1,1,1,1,1,0,1,0,1,1,1,0
12.52303587175611,0.1553675359032496,-0.1553675359032496,0.7862485122999675,18.217391304347824,315.3770000000001,1.608695652173913,3.196797537010178,1.711569515782538,295198.67816259386,6.784126911548037,10.05365155780638,11.266212550900168,0.0,0.0,5.907179729351506,0.0,14.793128723223337,0.0,0.0,11.677617491899536,11.289405202488748,25.452766720226204,25.19772070943472,18.18994975059079,9.53140013787187,16.94058116458403,0.0,25.62744704711375,0.0,18.88348407499998,26.744066759015258,30.351141419052592,5.749511833283905,10.05365155780638,0.0,5.749511833283905,0.0,59.00374576062215,0.0,0.0,23.199631921620835,0.0,11.033401435232523,83.14,0.0,4.794537184071822,0.0,5.907179729351506,29.416261277657696,31.44785677529343,0.0,19.242531678200756,6.076020106833881,32.20638273071225,4.736862953800049,5.315398529590899,0.0,14.861666010540018,13.464695947813006,1.859832361051247,0.35428022906693624,4.150639480769351,6.3165703931025075,1.5461624464600656,0.4375,2,0,1,1,1,1,1,0,5,7,2,6,0,1,1,0,1,3,1.3466999999999996,0,0,0,0,0,3,1,0,0,0,0,0,3,2,0,0,0,1,0,0,0,0,0,0,0,0,0,0,1,0,1,0,0,0,0,0,0,0,0,0,0,1,0,0,0,0,0,0,0,0,0,0,0,0,0,0,0,0,0,0,0,0,0,12,5.015810276679842,3,3,0.0,1269.0,3,0.09881422924901183,0.1912290607942782,0.1912290607942782,0.19353224927940998,0.1912290607942782,0.2067835695105811,0.16980997093877753,0.16980997093877753,0.013655031151334113,0,0,0,0,2,2,1,0.30434782608695654,0.6956521739130435,0.08695652173913043,0.21739130434782608,0.0,0.52,0.08,1,0,0,0,1,0,0,1,0,0,1,0,1,0,1,1,1,0,0,0,0,0,1,0,0,0,1,0,1,0,1,0,0,1,0,0,0,1,0,1,0,0,0,0,1,1,0,0,0,1,1,0,0,0,1,1,0,0,0,0,0,0,1,0,0,0,0,0,1,1,0,1,1,1,1,0,0,0,0,0,1,1,0,0,1,0,1,1,0,0,1,0,0,0,0,1,0,0,1,0,1,0,1,0,0,0,0,1,0,1,0,1,0,0,0,0,0,0,0,1,0,1,1,1,0,1,0,0,0,0,0,0,0,0,0,0,0,0,0,0,0,0,0,0,0,0,0,0,0,0,0,0,0,0,0,0,0,0,0,0,0,0,1,0,0,0,0,0,0,0,0,0,0,0,0,0,0,0,0,0,1,0,0,0,0,0,0,0,0,0,0,0,0,1,0,0,0,1,1,0,0,0,0,1,0,1,0,1,1,0,1,1,0,1,1,0,0,1,1,1,1,1,1,0,1,1,0,1,1,1,0,0,0,1,0,0,0,0,1,1,0,1,0,0,0,1,1,0,1,1,1,0,1,1,1,1,1,1,1,1,0,0,0,0,0,1,1,0,0,0,1,1,1,0,0,1,1,0,1,1,1,1,1,1,1,1,1,1,1,1,1,1,1,1,0
13.19560413150965,0.1372412761400854,-0.8172831283441848,0.6222713272119355,18.3125,426.5600000000003,1.0,3.489165927422118,1.3818341956647633,43023146.511414714,8.793068261159673,15.370440161812713,11.164502302680685,0.0,5.907179729351506,0.0,0.0,4.794537184071822,0.0,0.0,0.0,72.79640482153933,53.62447873317558,19.51033443475116,6.606881964512918,9.53140013787187,5.907179729351506,0.0,4.899909730850478,11.651573523323577,24.67745533817481,26.241151182250643,101.11657785678894,5.749511833283905,10.470530430962235,0.0,5.749511833283905,0.0,37.048240642452626,23.05117089932062,5.917906046161393,28.674627589713992,0.0,0.0,55.56,5.41499046939678,4.794537184071822,0.0,11.8250857755129,0.0,62.380030867706566,11.126902983393991,0.0,60.6636706846161,23.099010936235306,10.470530430962235,5.635187407586155,0.0,15.679694267564072,0.0,10.045207510046318,0.907910472666827,2.9536174122833296,3.614607874708295,0.0,0.32142857142857145,2,0,2,2,1,0,1,0,3,4,2,7,0,1,1,0,0,5,3.957500000000003,0,0,0,0,0,0,0,0,0,0,0,0,1,0,1,0,0,1,0,0,0,0,0,0,0,0,0,0,1,0,1,0,0,0,0,0,0,0,0,0,0,0,0,0,0,0,0,0,0,0,0,1,0,0,0,0,0,0,0,0,0,0,0,14,5.977822580645161,5,5,0.0,2965.0,4,0.07258064516129031,0.1659274193548387,0.1659274193548387,0.1864503489426159,0.1659274193548387,0.17426281932757534,0.13084145369968606,0.13084145369968606,0.01141947494194215,0,0,0,0,2,3,1,0.125,0.875,0.0625,0.0625,0.0,0.4722222222222222,0.027777777777777776,0,0,0,0,0,1,1,0,0,1,1,1,1,0,0,0,1,0,0,1,0,0,0,0,0,0,0,0,0,0,1,0,0,0,0,0,0,0,0,1,1,0,0,0,1,1,0,1,0,0,0,0,0,0,1,0,0,1,0,0,0,1,0,0,1,0,0,0,0,0,0,0,1,0,1,0,0,0,1,0,1,1,0,0,1,0,1,0,0,0,1,1,0,0,0,0,0,1,0,1,1,1,0,1,1,0,0,1,0,1,0,0,0,1,1,0,0,0,1,0,0,1,0,1,0,1,0,1,0,0,0,0,0,0,0,0,0,0,0,0,0,0,0,0,0,0,0,0,0,0,0,0,0,0,0,0,0,0,0,0,0,0,0,0,0,0,0,0,0,0,0,0,0,0,0,0,0,0,0,0,0,0,0,0,0,1,0,0,0,0,0,0,0,0,1,0,0,0,0,0,0,0,0,1,0,0,0,0,0,0,0,1,1,1,1,0,0,0,0,1,1,0,0,0,1,0,0,0,1,1,0,0,0,1,0,0,0,1,1,1,1,1,0,0,0,1,1,0,1,1,1,0,0,1,0,0,1,1,0,0,1,0,0,0,0,1,1,0,0,0,1,0,1,1,0,1,1,0,0,1,1,1,1,1,1,1,1,1,0,1,1,1,1,1,0
13.682778585481266,0.06267295585206822,-1.1585347648650324,0.442845274404938,13.757575757575758,459.5580000000002,1.0909090909090908,2.715097678349956,2.687230771582549,9958652.472466236,12.021539314867741,20.056445138322168,5.817220841045895,0.0,0.0,0.0,5.969305287951849,9.77851570501903,4.39041504767482,0.0,0.0,51.979723149353475,35.09544921264,30.351450142445994,30.929564357783992,29.24139737006881,12.045325394785731,0.0,4.9839785209472085,0.0,71.18721887694683,7.109797541277533,58.673468194817126,11.126902983393991,0.0,4.39041504767482,0.0,0.0,45.5905963101953,16.13828210238479,5.817220841045895,74.88716311002821,0.0,17.202923090227873,99.88000000000001,24.598059686374462,19.39800702142805,0.0,24.07385455629469,6.606881964512918,33.6416619564849,18.208754243757102,25.318551785034632,13.847474399381248,13.847474399381248,14.827368869587962,19.181705533314513,0.0,15.753281517089654,29.09270437759008,5.049763852753122,-1.2772515489009064,0.5410020353824454,8.487230211649473,1.6091379871408176,0.46153846153846156,3,0,0,0,0,1,2,0,5,7,1,11,0,0,0,0,0,2,4.8807000000000045,1,2,2,0,0,1,0,0,1,0,0,0,1,0,0,0,0,0,0,0,0,0,0,0,0,0,0,0,0,0,1,0,0,0,0,0,0,0,0,0,0,1,0,0,0,0,0,0,0,0,0,0,1,0,0,0,0,0,0,0,0,0,0,14,5.916666666666667,2,2,0.0,3124.0,3,0.06439393939393939,0.1586021505376344,0.1586021505376344,0.16409776141976387,0.1586021505376344,0.17745971354903226,0.13012563264440252,0.13012563264440252,0.014113551037413116,0,0,0,0,0,2,0,0.21212121212121213,0.7878787878787878,0.15151515151515152,0.030303030303030304,0.0,0.5882352941176471,0.058823529411764705,1,1,1,0,0,1,1,0,1,0,1,0,0,0,0,0,0,0,0,0,0,0,0,0,0,1,0,1,1,0,0,0,0,1,0,0,0,1,0,1,1,1,0,0,0,0,0,0,0,1,0,0,0,0,1,1,0,0,0,1,0,0,0,1,0,0,0,1,0,1,0,0,0,1,0,0,0,0,0,0,1,1,0,1,0,0,1,1,1,0,1,0,0,0,1,0,0,1,0,1,1,0,0,1,1,1,0,0,0,1,0,0,1,0,1,0,0,1,1,0,0,0,1,0,0,1,0,1,0,0,0,0,0,0,0,0,0,0,0,0,0,0,0,0,0,0,0,0,0,0,0,0,0,0,0,0,0,0,0,0,0,0,0,0,0,0,0,0,0,0,1,0,0,0,0,0,0,0,0,0,0,1,0,0,0,0,0,0,0,0,1,0,0,1,0,0,0,0,0,0,0,0,1,0,0,0,0,0,0,0,0,0,0,0,1,1,0,1,0,1,0,1,0,0,0,1,1,1,0,0,0,0,1,0,0,1,1,1,0,0,0,0,0,1,0,0,0,0,0,1,0,1,0,1,1,0,0,0,0,1,1,0,1,0,0,1,0,1,1,1,0,0,1,1,1,0,0,1,1,0,1,1,1,1,1,1,0,1,1,1,1,1,1,1,0
13.155177390400604,0.04451779940371181,-1.0028462511547833,0.17833858604326225,29.63888888888889,540.7080000000002,0.9444444444444444,2.8052071905418217,2.5523357390988037,40867756.332453005,14.315165593975907,26.004017369825373,29.92652818824802,0.0,17.721539188054518,5.907179729351506,5.969305287951849,19.178148736287287,4.794537184071822,0.0,0.0,61.43478496520369,31.256391021773297,11.505707213493578,6.4208216229260096,28.709548874159157,51.185820158131314,0.0,21.267154416025324,11.835812092322787,71.68981811949732,11.505707213493578,23.925099633557476,0.0,21.267154416025324,0.0,0.0,21.587795952773448,65.33322029404363,28.709548874159157,11.835812092322787,47.46032924430513,0.0,0.0,142.70000000000002,53.827513080550055,23.97268592035911,0.0,29.706526635051418,12.1736752296728,0.0,27.663816059607328,40.694706105287,6.076020106833881,21.267154416025324,4.736862953800049,5.650603137860083,0.0,65.18165435599553,10.669197973559896,-0.04451779940371181,-2.542464493028617,4.508708761843682,8.65950334227661,2.9481199457642453,0.625,4,0,2,2,4,0,4,2,8,12,2,2,0,1,1,0,0,2,1.4296000000000009,0,0,0,0,0,0,0,0,0,0,0,0,0,4,0,0,0,0,0,0,0,0,2,0,0,0,0,0,7,1,1,0,0,0,0,0,0,0,0,0,0,0,0,0,0,0,0,0,0,0,0,0,0,0,0,0,0,0,0,0,0,0,0,11,5.561904761904762,2,2,0.0,3504.0,3,0.058730158730158716,0.13417366946778714,0.13417366946778714,0.1063053811390272,0.13417366946778714,0.18239934581695447,0.15019434761339195,0.15019434761339195,0.01268456867543331,0,0,0,0,0,0,2,0.3333333333333333,0.6666666666666666,0.16666666666666666,0.1111111111111111,0.05555555555555555,0.8108108108108109,0.1891891891891892,0,1,0,1,0,0,0,1,0,1,1,1,0,0,0,0,1,0,0,0,0,1,1,0,0,1,0,1,0,1,1,0,0,1,0,1,1,0,0,1,0,0,0,0,0,1,0,0,0,1,0,0,0,1,1,0,0,0,1,1,0,0,0,0,0,1,1,0,0,0,1,0,1,1,0,1,1,0,0,0,0,1,1,0,0,0,0,0,1,0,1,0,0,1,1,1,0,0,1,0,1,0,0,1,1,0,1,0,0,0,1,0,0,0,0,0,0,0,0,0,0,1,0,1,1,1,0,0,0,0,0,0,0,0,0,0,0,0,0,0,0,0,1,0,0,0,0,0,0,0,0,0,0,0,0,0,0,0,0,0,0,0,0,0,1,0,0,0,0,0,0,0,0,1,0,0,0,0,0,0,0,0,1,0,0,1,0,0,0,0,0,0,0,0,0,1,0,0,0,0,0,0,1,0,1,0,0,1,0,0,0,0,0,0,0,0,1,1,1,0,1,0,0,1,0,1,0,1,0,0,0,0,1,1,0,0,0,0,1,1,0,0,0,0,0,1,1,0,1,1,0,1,1,0,0,1,1,1,0,1,1,0,0,0,1,1,1,0,1,1,1,1,0,0,1,1,0,1,1,1,1,1,1,0,1,1,1,1,1,1,0,0,1,1,0
13.468244022471676,0.03640857118318075,-0.4747555099301797,0.517854527865434,14.548387096774194,446.9100000000004,1.1612903225806452,2.794230401534003,1.5078739571774324,13732178.246809222,10.08499225416898,19.527377465406477,17.962403693645463,11.49902366656781,0.0,0.0,0.0,4.899909730850478,14.358372089569237,0.0,0.0,11.600939890232516,30.68628989677245,36.77424677534769,37.46977746617387,18.60100390907497,34.00911387483217,0.0,14.867866772744895,0.0,6.4208216229260096,51.881501256560334,47.49900957185981,11.49902366656781,14.790514511606428,15.89566410019341,11.49902366656781,11.600939890232516,61.4325794252989,4.736862953800049,5.817220841045895,6.4208216229260096,5.022633313741326,10.902924932081056,68.74000000000001,5.817220841045895,4.39041504767482,0.0,5.022633313741326,35.12785540121558,44.655078984154365,18.460054211687762,13.176164609739143,12.13273413692322,20.184655376751227,25.811528751632665,30.373687188141986,5.895463515763117,11.035060718058636,3.9656523368373766,1.3179841601243467,1.3111794738693126,2.350959873566399,5.004639048839564,1.5998250826202733,0.36363636363636365,1,0,1,1,0,1,0,0,7,9,2,8,0,1,1,0,0,4,4.275600000000003,0,0,0,0,0,2,0,0,0,0,0,0,3,1,0,0,0,0,0,0,0,0,0,0,2,0,0,0,1,0,3,0,0,0,0,0,0,0,0,0,0,1,1,0,0,0,0,0,0,0,0,0,0,0,0,0,0,0,0,0,0,0,0,17,6.494623655913978,4,4,0.0,3020.0,3,0.0731182795698925,0.18946978123841304,0.18946978123841304,0.1716675337188671,0.18946978123841304,0.16124094687576365,0.13703610058074506,0.13703610058074506,0.010574012930284463,0,0,0,0,0,3,1,0.2903225806451613,0.7096774193548387,0.0967741935483871,0.12903225806451613,0.0,0.5,0.0,1,0,0,0,0,1,0,0,1,0,0,1,1,1,0,0,1,0,1,1,0,0,0,0,0,0,1,0,0,0,1,0,0,1,0,0,0,0,0,1,0,0,0,0,1,1,0,0,1,1,1,0,0,0,1,1,0,1,0,1,0,0,0,1,0,0,0,0,1,0,0,0,1,1,1,1,0,1,0,0,1,1,0,0,0,0,1,1,1,0,0,0,0,1,0,0,0,0,0,0,1,0,0,0,0,1,0,1,0,0,1,0,1,0,0,0,0,0,0,1,1,1,1,0,0,1,0,1,0,0,0,0,0,0,0,0,0,0,0,0,0,0,0,0,0,0,0,0,0,0,0,0,0,0,0,0,0,0,0,0,0,0,0,0,0,0,1,0,0,0,1,0,0,0,0,0,0,0,0,0,0,0,0,0,0,1,0,0,0,0,0,0,0,1,0,0,0,0,0,0,1,0,0,1,0,1,0,0,1,0,0,0,0,1,1,1,0,0,0,0,0,1,0,1,0,1,1,0,1,1,0,1,0,1,0,1,0,1,0,1,0,1,0,0,0,0,1,0,1,1,1,0,0,1,1,1,1,1,0,0,1,1,1,1,0,1,1,0,0,0,1,1,1,1,1,1,1,0,1,1,1,1,0,1,1,1,1,1,1,1,1,1,1,1,0
12.369684586797682,0.007512860082304229,-3.8521785766775847,0.8677133347559903,16.318181818181817,337.38200000000006,1.3636363636363635,2.973662232559014,2.060666749584648,123740.03282124568,5.108907741732905,10.423315998847038,10.713346253352803,11.456204184712009,0.0,15.930470882759089,0.0,9.099753175368056,13.401775505276145,0.0,11.336785877934737,6.06636706846161,23.579163975850744,13.244515554290267,4.877147193701299,18.318861563241466,38.844284410185026,0.0,9.289194512243443,0.0,4.895483475517775,12.36446058668352,46.41656112268256,0.0,5.316788604006331,5.817862777835028,0.0,11.336785877934737,35.76837060344178,14.817828337479405,0.0,4.877147193701299,0.0,5.759164871656176,99.6,15.930470882759089,18.318861563241466,0.0,27.04669763176611,0.0,15.64200186923097,19.310882622751876,23.579163975850747,0.0,10.30076712495354,0.0,25.51284139581759,1.0559296527252875,16.41930358717561,14.27509448223734,-0.3327749433106577,-0.8540225812547231,1.4886449278785587,0.0,-2.6304571103132615,0.07692307692307693,2,0,1,1,1,2,0,0,6,9,3,2,0,0,0,0,0,3,1.6425,0,1,1,0,0,1,0,0,0,0,0,0,2,1,0,0,1,0,0,0,0,0,0,0,1,0,0,0,1,0,0,0,0,0,0,0,0,0,0,0,0,0,0,0,0,0,0,0,0,0,0,0,1,0,0,1,0,0,0,0,1,0,0,10,4.2770562770562774,3,3,0.0,988.0,4,0.10389610389610389,0.16385281385281386,0.16385281385281386,0.17868053861929212,0.16385281385281386,0.24258622584282064,0.17351482507242177,0.17351482507242177,0.017683033153206306,0,0,0,0,1,2,0,0.4090909090909091,0.5909090909090909,0.18181818181818182,0.13636363636363635,0.09090909090909091,0.375,0.16666666666666666,1,0,0,1,0,0,0,0,0,0,1,0,0,0,1,0,0,0,1,0,0,0,0,0,1,0,0,0,1,0,0,1,1,1,0,1,0,0,0,1,0,0,1,0,1,0,1,1,0,0,0,0,0,0,0,0,0,0,0,1,0,0,0,0,1,0,1,0,0,0,0,1,1,0,1,1,0,0,1,1,0,1,0,0,0,1,1,0,0,0,1,1,0,1,1,0,0,1,0,0,1,0,1,0,0,0,0,0,0,1,0,1,0,0,0,0,0,0,0,0,0,1,1,0,0,1,0,1,0,0,0,0,0,0,0,0,0,0,0,0,0,0,0,0,0,0,0,0,0,0,0,0,0,0,0,0,0,0,0,0,1,1,0,0,1,0,1,0,0,0,0,0,0,1,0,0,0,0,0,1,0,1,0,1,0,0,1,1,1,1,0,0,0,1,0,1,0,0,0,0,0,1,0,1,1,1,0,1,0,1,0,1,0,0,0,0,1,1,0,0,1,1,1,1,1,1,1,1,0,1,1,0,0,1,1,0,0,0,1,0,1,0,0,0,0,1,0,0,1,1,1,0,1,1,0,1,0,0,1,1,0,1,0,1,1,1,0,1,1,0,1,1,1,1,1,0,1,0,1,1,1,0,1,0,1,1,1,1,1,1,1,1,1,1,0
12.173658352229781,0.12878165154950816,-0.8980555555555558,0.7233587999857974,22.526315789473685,258.23299999999995,1.0,2.639663815863205,1.9609777993868625,29031.02264686353,4.012157586949831,0.0,6.041840829147961,0.0,11.814359458703011,11.814359458703011,0.0,29.394847071144092,0.0,0.0,0.0,12.13273413692322,18.55355575984923,6.4208216229260096,11.126902983393991,19.178148736287287,23.628718917406022,0.0,10.216698334856808,0.0,18.88348407499998,0.0,35.392371257240434,0.0,5.316788604006331,0.0,0.0,0.0,34.57046947740446,9.589074368143644,0.0,33.55762059738965,0.0,0.0,83.55000000000001,23.763380017202476,19.178148736287287,0.0,18.748822975203524,11.126902983393991,4.899909730850478,0.0,24.26546827384644,0.0,5.316788604006331,0.0,0.0,0.0,48.1488847946586,2.1501535336356765,0.6059259259259264,-1.9223952296968156,0.30550311791383167,0.0,0.0,0.23076923076923078,1,0,2,2,4,0,1,0,4,6,2,1,0,1,1,0,1,3,0.08779999999999993,0,0,0,0,0,0,0,0,0,0,0,0,1,1,0,0,0,0,0,0,0,0,0,0,0,0,0,0,1,0,0,0,0,0,0,0,2,0,0,0,0,0,0,0,0,0,0,0,0,1,0,0,0,0,0,0,0,0,0,0,0,0,0,9,3.760233918128655,3,3,0.0,643.0,3,0.12280701754385963,0.16236670106639148,0.16236670106639148,0.16118574622100015,0.16236670106639148,0.27594002236661186,0.2013047457835807,0.2013047457835807,0.017782357557530073,0,0,0,0,1,1,1,0.3157894736842105,0.6842105263157895,0.21052631578947367,0.10526315789473684,0.0,0.5238095238095238,0.19047619047619047,1,0,1,0,0,0,0,0,0,0,1,0,0,0,0,0,0,0,0,0,0,1,0,0,0,0,0,0,0,0,1,0,1,0,0,0,1,0,0,1,0,0,1,0,0,1,1,1,0,0,0,0,0,0,0,0,0,0,1,0,0,0,0,0,1,0,0,0,0,0,0,0,0,0,1,0,0,1,0,0,0,1,0,0,0,0,1,0,1,0,1,0,0,0,0,0,1,0,1,0,1,0,0,1,0,0,0,0,0,0,0,1,0,0,0,0,0,0,0,0,0,0,0,1,0,0,0,0,0,0,0,0,0,0,0,0,0,0,0,0,0,0,0,0,0,0,0,0,0,0,0,0,0,0,0,0,0,0,0,0,0,0,0,0,0,0,0,0,0,0,0,0,0,0,0,0,0,0,0,0,0,0,0,0,0,0,0,0,0,0,1,0,0,0,0,0,0,0,0,0,0,0,0,1,0,0,0,1,0,0,0,1,0,1,0,0,0,1,1,1,1,0,0,1,1,0,1,0,0,1,0,0,1,1,0,0,0,0,1,1,0,0,0,0,0,1,1,0,1,1,1,0,0,0,0,1,0,0,0,0,1,1,0,0,1,1,0,0,1,0,1,1,1,1,1,1,1,0,1,1,0,0,1,0,1,0,1,1,0,1,1,1,1,1,0
12.066983644250232,0.13985445245591377,-2.3835465554066744,0.06824479508490591,47.425,581.5800000000005,0.9,3.130220139184528,1.9644310693719826,309841678.95483994,12.713947053534865,82.94460209174022,60.91541276028234,36.38637393027133,0.0,0.0,0.0,4.794537184071822,9.984809465271338,0.0,0.0,0.0,13.971409182367815,0.0,18.75268918140918,59.48768076315695,18.205269660617226,0.0,5.316788604006331,32.919479373920076,98.16606144652333,13.654553947190108,0.0,0.0,28.251458512655073,0.0,0.0,0.0,158.84783961852497,23.741988999272017,0.0,6.923737199690624,0.0,0.0,336.43000000000006,109.76831534883331,40.540228947956756,0.0,6.286160523129555,0.0,0.0,13.971409182367815,0.0,0.0,15.30159806927767,41.88212172384894,22.94253289058383,0.0,19.68950597547466,76.63545537503171,19.379660756073754,-1.033988377539079,-17.319876642627715,0.6200089351018281,1.4179156661352939,0.8571428571428571,16,1,2,3,0,0,15,0,15,19,2,9,1,2,3,0,0,3,-8.161100000000008,0,7,6,0,0,0,0,0,0,0,0,2,2,1,4,0,1,0,0,1,0,0,0,0,0,0,0,0,0,0,4,0,2,0,0,0,0,0,0,0,0,0,0,0,0,0,0,0,0,0,0,0,0,0,0,0,0,0,0,0,0,0,0,15,6.3961538461538465,3,3,0.0,4989.0,4,0.05384615384615384,0.14200404858299595,0.14200404858299595,0.16985053211464587,0.14200404858299595,0.1622623459153889,0.1267932906388712,0.1267932906388712,0.014611612463641436,0,0,0,0,1,0,3,0.475,0.525,0.3,0.175,0.0,0.9285714285714286,0.07142857142857142,1,1,1,0,1,0,0,0,0,0,1,0,1,0,0,1,1,1,0,1,0,0,1,0,1,0,0,0,0,1,1,0,0,1,0,0,1,0,0,1,0,1,0,1,0,0,0,0,0,0,1,0,1,1,1,1,0,1,0,0,1,0,0,0,1,1,0,0,0,0,0,1,0,1,0,1,0,0,1,1,1,0,1,0,0,1,0,0,1,0,0,0,0,1,1,1,0,1,1,0,1,1,0,0,0,1,0,0,1,0,0,0,0,1,0,0,0,1,0,1,0,0,0,1,0,0,0,0,0,0,0,0,0,0,0,0,0,0,0,0,0,0,0,0,0,0,0,0,0,0,0,0,0,1,0,0,0,0,0,0,0,0,0,0,0,0,0,0,0,0,0,1,0,0,0,0,0,0,0,0,0,1,1,0,0,1,0,0,0,0,0,0,0,0,1,0,0,0,0,0,1,0,0,0,0,1,1,0,1,0,1,1,1,0,0,0,0,1,1,1,0,1,0,1,1,1,1,0,0,0,0,0,0,0,1,0,0,1,0,0,1,0,0,0,0,0,0,1,1,0,0,1,0,0,1,1,0,0,0,1,1,1,0,0,0,1,0,1,1,0,1,1,0,1,1,0,0,1,1,1,1,1,1,1,1,1,1,1,1,1,0,1,1,1,0
13.583774380381524,0.04269295448321264,-5.00893862714556,0.4376253118047192,20.216216216216218,534.4320000000001,1.0810810810810811,3.228143347200202,1.66329452167776,118959626.12128504,10.262970547743883,9.473725907600098,11.641625339045822,6.290026729335213,0.0,0.0,18.042340433090423,9.883888251797686,14.283634040047678,31.44117209434996,0.0,12.13273413692322,48.382475525392664,6.544756405912575,36.42434857071575,40.20663124132384,0.0,0.0,20.08125186839976,0.0,44.25692458672163,13.151638370425493,86.84428136734039,0.0,5.689743398203474,30.732905333723743,0.0,0.0,39.522916968160466,28.371079348399622,5.817220841045895,47.147754881374794,0.0,0.0,83.24000000000001,53.42229820376179,35.52744251779556,0.0,30.605861428584024,24.24094203453279,0.0,31.18920547353706,4.899909730850478,0.0,15.181342137549283,9.473725907600098,105.18903895610438,0.0,15.73365695176565,6.0980058271557045,-3.296605795850857,-0.23921409791799753,-12.429688819966772,1.81757293438751,0.0,0.391304347826087,2,0,1,1,0,1,3,0,5,14,2,6,0,1,1,0,0,4,4.952100000000003,0,0,0,0,0,3,2,0,0,0,0,0,2,2,0,0,0,0,0,0,0,6,0,0,0,0,0,0,0,0,2,0,0,0,0,0,0,0,0,0,0,0,1,0,0,0,0,0,0,0,0,0,0,0,0,0,0,0,0,0,0,0,0,14,6.418918918918919,4,4,0.0,4275.0,4,0.06006006006006004,0.15482625482625484,0.15482625482625484,0.1759302148608648,0.15482625482625484,0.16173430478578057,0.145859983540088,0.145859983540088,0.013058107495791359,0,0,0,0,1,3,1,0.3783783783783784,0.6216216216216216,0.08108108108108109,0.10810810810810811,0.0,0.55,0.025,0,1,1,0,0,0,1,1,1,1,1,1,0,0,0,0,1,0,0,1,0,0,1,0,0,0,0,1,0,0,1,0,0,1,1,0,0,0,0,1,0,1,0,1,0,1,0,0,0,0,1,0,0,0,1,1,0,0,1,1,1,0,0,1,0,0,0,0,0,0,0,0,1,0,1,0,0,0,0,0,1,1,0,1,1,1,1,0,0,0,1,0,0,0,0,0,0,1,0,0,1,1,1,0,0,0,0,1,1,0,0,0,1,0,1,0,0,1,0,0,0,1,1,1,0,1,0,1,0,0,0,0,0,0,0,0,0,0,0,0,0,0,0,0,0,0,0,0,0,0,0,0,0,0,0,0,0,0,0,0,0,0,0,0,0,1,1,0,0,0,1,1,0,0,0,0,0,0,0,0,1,0,1,0,0,1,0,0,0,0,1,0,0,1,0,0,0,1,0,0,0,0,0,1,0,1,0,1,1,0,0,1,0,1,1,1,0,0,1,1,0,0,1,1,1,1,1,0,1,0,0,0,1,0,1,1,0,1,1,1,1,1,0,0,0,1,1,0,1,1,1,1,1,1,1,1,0,1,0,1,1,0,1,0,0,1,1,0,0,0,1,1,0,1,1,1,1,0,1,1,1,1,1,1,1,1,1,1,1,1,1,1,1,1,0
11.977996267951625,0.018700869236583317,-4.191024712354077,0.6195581690411603,11.12,364.42300000000006,1.24,2.5556381318347183,2.5918035858395356,286067.90992505103,7.9968334466831505,15.160178952647087,10.644995308801679,5.749511833283905,10.023291153407584,0.0,5.969305287951849,0.0,18.3513079060087,0.0,0.0,31.54366002800146,30.686289896772447,6.544756405912575,11.250837766380558,23.055724517041515,21.679982716042996,0.0,0.0,5.138973737607942,24.660863921060418,11.861545009918906,48.02802097092827,11.49902366656781,15.192625295414322,5.687386274683562,11.49902366656781,0.0,26.03838607303407,10.023291153407584,0.0,30.12336912131146,0.0,0.0,118.71999999999998,15.992596441359433,18.318861563241466,0.0,21.89583307518224,12.29426823919648,18.90801031431363,6.06636706846161,30.33183534230805,6.923737199690624,5.316788604006331,9.87583669140799,29.67397793839758,0.0,10.948285733676697,17.55680037139588,0.07376223020072237,-0.8624794238683127,1.7453631153448521,2.542940838372386,-4.191024712354077,0.23529411764705882,4,0,0,0,0,0,0,0,5,8,0,8,0,0,0,0,0,2,3.036500000000001,0,0,0,0,1,0,0,0,1,0,0,0,0,1,1,0,0,0,0,0,0,0,0,0,1,0,0,0,0,0,1,0,0,0,0,0,0,0,0,0,0,0,0,0,0,0,0,1,0,0,0,0,0,0,0,1,0,0,0,0,0,1,0,11,4.82,2,2,0.0,1446.0,4,0.08666666666666666,0.16608695652173913,0.16608695652173913,0.15897064388265883,0.16608695652173913,0.21778368524918076,0.16205899286254877,0.16205899286254877,0.0155005453486357,0,0,0,0,0,2,0,0.32,0.68,0.2,0.08,0.04,0.4230769230769231,0.11538461538461539,1,0,0,1,0,1,0,0,1,0,1,0,0,0,0,1,0,0,0,1,0,0,0,0,0,0,1,1,0,0,0,0,0,1,1,0,0,0,1,1,0,0,0,0,0,0,0,1,0,0,1,1,1,0,0,1,0,0,0,0,0,0,0,0,1,1,1,0,1,0,0,1,1,0,0,0,0,1,0,1,1,1,0,0,0,0,1,0,0,0,0,0,0,0,1,0,0,0,0,0,1,0,1,0,0,1,0,1,0,0,0,0,0,0,1,1,0,0,0,1,0,0,0,0,0,1,1,1,0,0,0,0,0,0,0,0,0,0,0,0,0,0,0,0,0,0,0,0,0,0,0,0,0,0,0,0,0,0,0,0,1,1,0,0,0,0,0,0,0,0,0,0,0,0,0,0,0,0,0,1,0,0,0,1,0,0,1,1,1,1,0,0,1,0,0,1,0,1,0,0,0,1,0,0,0,0,0,0,0,1,1,0,1,0,0,0,1,1,1,0,0,0,1,1,0,1,0,0,1,0,1,0,1,0,1,0,0,0,0,1,1,1,1,1,1,1,1,0,0,0,0,1,1,1,1,1,0,0,1,1,0,1,0,1,1,0,0,1,1,0,1,1,1,1,1,1,1,0,1,1,1,1,1,1,1,1,1,1,1,1,1,1,1,1,0
14.425629624280763,0.05593958167176605,-2.042566017680001,0.10948484473140657,32.067796610169495,822.9530000000003,0.9491525423728814,3.4615674983505844,1.7035908752452276,3443399886748.2905,17.991844748290085,54.69678712426053,23.35250188760002,5.749511833283905,0.0,11.690424675716445,11.756416440522447,19.392524076169995,0.0,5.101407525739723,0.0,45.92300911926414,26.97116648889232,87.3307019851857,52.98909366374336,58.86370034161918,40.33416524681676,0.0,9.90882225480501,28.77303171038529,85.59287430108878,45.653283751611355,52.82961988091657,22.99804733313562,10.05365155780638,5.687386274683562,22.99804733313562,0.0,129.855261623381,23.79966322954379,30.595361384336194,69.95105205699716,0.0,10.772448428929591,220.14999999999995,88.78286635172938,39.91624852641899,0.0,44.47280554205731,13.08951281182515,13.08951281182515,59.43346758166389,44.85590153638479,7.04767198267719,15.318105860596532,18.947451815200196,23.596420517505617,0.0,42.62670316058528,66.84818411685347,-0.35005530822548714,-8.342717254488937,4.8603847953800585,15.090435620913437,3.4206443514765565,0.5348837209302325,6,0,4,4,1,0,9,5,15,16,4,4,0,1,1,0,0,6,4.335420000000004,0,2,2,0,0,0,0,3,0,0,0,0,3,1,0,0,1,0,0,0,0,0,2,0,1,0,0,0,14,1,4,0,0,0,1,0,0,0,1,1,0,1,0,0,0,0,0,0,0,0,1,0,0,0,0,0,0,0,0,0,0,0,0,21,8.118059614260666,5,5,0.0,13890.0,4,0.03682057276446523,0.1248782388466784,0.1248782388466784,0.11047448912384811,0.12487823884667837,0.12610572569192371,0.07910705623816587,0.07910705623816587,0.011346996162007395,0,0,0,0,1,2,1,0.2711864406779661,0.7288135593220338,0.2033898305084746,0.06779661016949153,0.0,0.7142857142857143,0.1111111111111111,0,0,1,0,1,0,0,0,1,1,1,1,0,1,1,1,1,1,1,0,1,0,0,0,0,0,1,0,1,1,1,0,0,1,0,0,1,1,0,1,0,1,0,0,0,0,0,0,0,1,0,0,1,0,1,1,0,0,1,1,0,0,1,0,1,0,1,1,0,0,1,0,1,1,1,0,0,1,1,1,0,1,1,1,1,1,0,1,0,0,1,0,0,1,1,0,1,1,1,1,1,0,1,0,1,1,0,0,0,0,0,0,0,0,0,0,1,0,0,0,1,1,1,1,1,1,0,0,0,0,0,0,0,0,0,0,0,0,0,0,0,0,0,0,0,0,0,0,0,0,0,0,0,0,0,0,0,0,0,0,0,0,0,0,0,0,0,0,0,0,0,0,0,0,0,0,0,0,1,0,1,1,1,0,0,1,0,0,0,0,0,0,0,0,0,0,0,0,0,0,1,0,0,1,1,0,1,1,1,0,0,1,0,1,1,0,0,1,0,0,1,1,1,1,1,1,1,1,1,1,0,0,0,1,0,0,0,0,1,1,1,1,0,1,1,1,1,1,1,1,1,1,1,1,1,1,1,1,0,1,0,1,0,1,1,1,1,1,1,1,1,1,1,1,1,1,1,1,1,1,1,1,1,0,1,1,1,1,1,1,1,1,1,1,0
12.023544214209608,0.05784386285378318,-3.601087932491708,0.3843022048921749,16.3,440.6060000000003,1.2,2.7308176093593226,1.7396898465462411,3766605.805318876,12.919619041819937,15.160178952647085,11.791352662431866,0.0,10.023291153407584,0.0,5.969305287951849,4.794537184071822,13.139891848781026,0.0,0.0,31.898114582465862,75.22853422416281,0.0,12.359735571259707,23.05572451704151,15.992596441359433,0.0,10.038883468458419,5.917906046161393,64.33215101224668,25.449248383084857,29.828919765543436,5.749511833283905,14.775746422258468,0.0,5.749511833283905,0.0,50.984718879354304,21.238649960405414,5.917906046161393,57.43294005186969,0.0,0.0,104.73,22.034437270507397,18.318861563241462,0.0,12.1736752296728,13.027703587438928,43.162025428819454,25.683286491704038,12.13273413692322,19.056471336613843,10.038883468458419,4.736862953800049,32.13812825544011,0.0,11.484365438214823,12.771716969227516,0.7489347031276632,0.35167077723921225,7.32543299695828,4.827875788367857,-3.601087932491708,0.6818181818181818,3,0,1,1,0,0,1,0,5,8,1,14,0,1,1,0,0,2,2.9505,1,0,0,0,0,0,0,0,1,0,0,0,0,2,0,0,0,0,0,0,0,0,0,0,0,0,0,0,0,0,1,0,0,0,0,0,0,0,0,0,0,0,0,0,0,0,0,0,0,1,0,0,0,0,0,1,0,0,0,0,0,2,0,20,7.436781609195402,2,2,0.0,3235.0,4,0.07126436781609194,0.2298850574712644,0.2298850574712644,0.18403353828910968,0.2298850574712644,0.14067142623334175,0.14117735380847318,0.14117735380847318,0.011669112913413802,0,0,0,0,0,1,1,0.26666666666666666,0.7333333333333333,0.16666666666666666,0.06666666666666667,0.03333333333333333,0.7096774193548387,0.0967741935483871,1,1,0,0,0,1,0,0,0,0,1,0,0,1,0,0,0,0,0,0,1,1,0,0,0,0,1,1,1,1,1,0,0,1,0,0,0,0,1,1,0,1,0,0,1,1,0,0,0,1,1,0,1,0,1,1,0,0,0,0,0,0,0,0,1,1,1,0,1,0,0,0,1,1,0,0,0,0,1,1,1,1,0,0,0,0,1,0,1,1,1,0,0,0,1,0,1,1,0,0,1,0,1,0,0,0,0,0,1,0,0,0,0,0,1,0,0,0,0,1,0,0,0,1,0,1,0,0,0,0,0,0,0,0,0,0,0,0,0,0,0,0,0,0,0,0,0,0,0,0,0,0,0,0,0,0,0,0,0,0,1,1,0,0,0,0,0,0,0,0,0,0,0,0,0,0,0,0,0,1,0,0,1,1,0,0,1,0,1,1,0,0,0,0,0,1,0,1,0,0,0,1,0,0,0,0,0,0,0,0,1,0,0,0,1,0,1,0,1,1,0,0,1,1,0,0,1,0,1,0,1,0,1,0,1,0,0,1,0,1,1,1,1,1,1,1,1,0,0,1,0,1,1,0,1,1,1,1,1,1,1,0,0,0,1,1,1,1,1,0,1,1,0,1,1,1,1,0,0,1,1,1,1,1,1,1,1,1,1,1,1,1,1,1,0
9.865260895910247,0.20680909863945596,0.20680909863945596,0.8335259245753123,31.61904761904762,285.43100000000004,1.4285714285714286,2.425472638010159,1.9568456537174728,53884.30012603369,5.1696143665860355,5.106527394840706,5.749511833283905,0.0,0.0,0.0,0.0,4.899909730850478,0.0,0.0,0.0,31.562966104746007,67.82640768702122,12.586597235060536,0.0,5.106527394840706,0.0,0.0,4.899909730850478,5.917906046161393,51.99342334315925,13.08951281182515,40.97512882568197,5.749511833283905,0.0,0.0,5.749511833283905,0.0,29.1377907666643,11.83581209232279,5.917906046161393,45.2426734050825,0.0,0.0,23.47,0.0,5.106527394840706,0.0,5.41499046939678,17.70925870859326,19.510334434751158,23.12082913638927,0.0,12.13273413692322,44.73724570490846,0.0,0.0,0.0,2.648029572940287,9.865260895910247,4.420266813630361,1.0404703226433927,4.641282176450828,11.365854134608643,0.0,0.5789473684210527,1,1,1,2,0,0,3,2,2,2,1,2,0,1,1,0,0,3,3.8826000000000027,0,0,0,0,0,0,0,1,0,0,0,0,1,0,0,0,0,1,0,0,0,0,1,0,0,0,0,0,4,0,0,0,0,0,0,0,0,0,0,0,0,0,0,0,0,0,0,0,0,1,0,0,0,0,0,0,0,0,0,0,0,0,0,11,4.142857142857143,3,3,0.0,870.0,4,0.10952380952380951,0.16541353383458646,0.16541353383458646,0.13088555013413833,0.16541353383458648,0.2530444160596345,0.18428903509804578,0.18428903509804578,0.01830684302295434,0,0,0,0,0,1,1,0.09523809523809523,0.9047619047619048,0.047619047619047616,0.047619047619047616,0.0,0.6956521739130435,0.043478260869565216,0,0,0,0,0,0,0,0,0,0,1,0,0,0,0,0,0,0,0,0,0,0,0,0,0,1,0,0,1,1,1,0,0,1,0,0,1,0,0,1,0,0,0,0,1,0,1,0,0,0,0,1,0,0,1,0,0,0,0,0,1,0,0,0,0,0,1,0,1,0,0,0,1,0,1,0,0,0,0,0,1,1,1,0,1,0,1,0,0,0,0,0,1,0,1,1,0,0,0,0,1,0,1,1,0,1,0,1,1,0,0,0,0,0,0,0,0,0,1,1,0,1,1,1,0,1,1,0,0,0,0,0,0,0,0,0,0,0,0,0,0,0,0,0,0,0,0,0,0,0,0,0,0,0,0,0,0,0,0,0,0,0,0,0,0,0,0,0,0,0,0,0,0,0,0,0,0,0,1,0,0,0,0,0,0,0,0,0,0,0,0,0,0,0,1,0,0,0,0,0,0,0,1,1,1,0,0,0,0,0,0,0,0,1,1,0,0,0,0,0,0,0,0,0,0,0,1,1,1,1,0,0,0,1,0,0,1,0,0,1,1,1,0,1,1,0,1,0,0,1,1,0,0,0,0,1,1,1,0,0,0,0,0,0,0,1,1,1,0,1,0,1,1,1,0,1,1,1,1,0,1,1,0,1,1,1,1,0,1,1,1,1,1,1,0
11.924333811080295,0.050995527840765664,-1.1937847484672874,0.45625255738920384,25.428571428571427,334.37500000000006,1.5714285714285714,2.6822580441277357,2.0447934180159053,36977.60939634497,6.1594002436145106,20.683585220643646,11.980754777481657,5.697039313055833,5.907179729351506,0.0,12.062545358890265,9.694446914922299,9.589074368143644,0.0,11.761884949391115,11.761884949391115,6.923737199690624,5.752853606746789,16.25904093162052,29.333529295696927,41.493494987024,0.0,4.899909730850478,11.651573523323577,18.401576400407667,12.359735571259707,9.93420781076666,0.0,5.733667477162185,4.794537184071822,0.0,23.52376989878223,56.9202643807504,14.325937321943693,5.917906046161393,6.923737199690624,0.0,0.0,130.16,24.08441779279996,24.596666341896878,0.0,23.584973819888994,9.990022104457616,0.0,35.347416829323336,0.0,0.0,4.736862953800049,5.733667477162185,5.034876963130932,2.410197467876039,34.880747578122666,18.431900005257685,4.750415924213272,-1.8427851788863685,-1.7230379000008331,1.557685140286601,0.0,0.5454545454545454,4,0,2,2,2,0,3,0,7,10,2,6,0,1,1,0,0,2,-0.019299999999999984,1,1,1,0,0,0,0,0,1,0,0,0,1,0,1,0,0,0,0,0,0,0,0,0,0,0,0,0,1,0,1,0,0,0,0,0,0,0,0,0,0,0,0,0,0,0,0,0,0,0,0,1,0,0,2,0,0,0,0,0,0,0,0,11,4.6761904761904765,2,2,0.0,982.0,3,0.10476190476190476,0.19348370927318292,0.19348370927318292,0.16047108431411908,0.19348370927318292,0.22520897043221838,0.16639774153382192,0.16639774153382192,0.019311899014812877,0,0,0,1,1,0,2,0.47619047619047616,0.5238095238095238,0.2857142857142857,0.09523809523809523,0.09523809523809523,0.8181818181818182,0.18181818181818182,0,1,1,0,0,1,0,0,0,0,1,0,1,1,0,0,0,0,0,1,1,0,0,0,0,0,0,1,0,0,1,0,0,1,0,1,0,0,0,1,1,0,0,0,0,1,1,1,0,0,0,1,0,0,0,1,0,1,1,0,0,0,0,1,0,0,0,1,0,0,0,0,1,0,0,0,0,0,0,0,1,0,0,0,0,1,1,0,0,0,0,0,0,0,0,0,0,0,1,1,1,0,0,1,0,0,1,0,0,0,0,0,0,0,0,0,1,0,0,0,1,0,0,1,0,1,0,1,0,0,0,0,0,0,0,0,1,0,0,1,0,0,0,0,0,0,0,1,0,1,0,1,0,0,0,0,0,0,0,0,0,0,0,0,1,0,0,0,0,0,0,0,0,1,0,1,0,0,0,0,0,0,0,0,0,0,0,0,0,0,0,0,1,0,0,0,0,0,0,0,0,0,0,0,1,0,0,0,0,1,0,1,1,1,0,0,1,1,1,1,1,0,0,1,1,1,0,1,0,0,0,0,0,1,1,0,0,1,1,0,0,0,0,0,0,1,1,0,1,1,1,1,0,0,1,1,0,0,0,1,1,0,0,0,1,1,1,1,1,0,1,1,0,0,1,1,1,0,1,1,1,1,1,1,1,1,1,1,1,1,0,0,1,1,0
12.413566468253968,0.03733323885109652,0.03733323885109652,0.5793796965472768,15.0,269.30800000000005,1.35,2.5353081536071937,1.8657641151320805,58190.39274159231,5.1623425569493895,10.742580001116718,0.0,5.48770695145777,0.0,5.907179729351506,0.0,9.893218992372859,0.0,10.200089334040761,0.0,18.19910120538483,23.762552697081826,25.073785926448156,5.693927994848461,4.794537184071822,5.907179729351506,0.0,15.097273347452553,10.944077796005962,12.965578028838586,6.544756405912575,58.70674034046988,0.0,11.330377221724008,0.0,0.0,0.0,27.549209482716634,12.965578028838586,0.0,21.615368162314272,0.0,0.0,87.37,0.0,4.794537184071822,0.0,5.907179729351506,24.140671254979917,17.678201109471466,0.0,0.0,41.29811214162014,15.2987711423418,5.842670270266239,0.0,0.0,14.232657549130764,10.58191751180117,3.1721217823549175,5.27900894618382,0.7314070767195767,1.2023244992441422,0.0,0.21428571428571427,3,0,1,1,1,1,0,0,4,6,2,1,0,0,0,0,0,3,0.38260000000000005,0,0,0,0,0,2,1,0,0,0,0,0,3,1,1,0,0,0,0,0,0,0,0,0,0,0,0,0,1,0,0,0,0,0,0,0,0,0,0,0,0,0,0,0,0,0,0,0,0,0,0,0,0,0,0,0,0,0,0,0,0,0,0,11,4.368421052631579,3,3,0.0,830.0,3,0.11578947368421051,0.1871345029239766,0.1871345029239766,0.16736286315715299,0.1871345029239766,0.2377674076126918,0.20065404385107616,0.20065404385107616,0.013488152942197202,0,0,0,0,0,2,0,0.3,0.7,0.05,0.25,0.0,0.36363636363636365,0.09090909090909091,0,1,0,0,0,1,0,0,0,0,1,0,0,1,1,0,0,0,0,1,0,0,0,0,0,0,1,1,1,0,1,0,0,0,0,0,0,1,0,1,0,0,0,0,0,0,0,1,0,0,0,0,0,0,0,0,0,0,1,0,0,0,0,0,1,1,0,0,0,0,0,0,1,0,1,0,0,0,0,0,0,1,0,0,1,1,1,0,0,1,1,0,1,0,1,0,1,0,0,0,1,0,0,1,0,1,0,1,0,0,0,1,0,1,0,1,0,0,0,0,0,0,1,0,0,1,0,0,0,0,0,0,0,0,0,0,0,0,0,0,0,0,0,0,0,0,0,0,0,0,0,0,0,0,0,0,0,0,0,0,0,0,0,0,0,0,1,0,0,0,0,0,0,0,0,0,0,0,0,0,1,0,1,0,0,0,0,0,0,0,0,0,0,1,0,0,0,1,0,0,0,0,0,1,0,1,1,1,1,0,0,0,1,1,1,0,0,0,1,1,1,0,1,0,0,0,1,0,1,1,0,0,0,1,0,0,0,0,1,1,0,0,0,0,0,1,1,1,1,1,1,0,1,1,0,0,1,1,1,1,0,1,0,1,0,1,1,0,0,0,1,0,1,1,0,1,1,0,0,1,0,1,1,0,1,0,1,0,0,1,1,1,1,1,0
3.3093399628369866,0.262685185185185,0.262685185185185,0.8254375445230729,25.476190476190474,277.41100000000006,1.0,2.55978378145988,1.8805976481796658,130037.0160981619,4.993710782028756,5.316788604006331,0.0,0.0,0.0,0.0,0.0,0.0,0.0,0.0,0.0,48.53093654769288,61.529520847081784,11.332896515558172,0.0,0.0,0.0,0.0,5.316788604006331,0.0,37.016183007262214,13.592428388589765,70.78474251448087,0.0,5.316788604006331,0.0,0.0,0.0,13.592428388589765,5.41499046939678,0.0,53.85499850465341,0.0,0.0,12.03,0.0,0.0,0.0,5.41499046939678,5.917906046161393,6.544756405912575,25.683286491704038,22.253805966787983,0.0,60.895397134376395,0.0,0.0,0.0,0.0,3.3093399628369866,6.6570568783068795,0.6283103164105146,5.126398573318216,1.1066591080876793,2.0529080320399764,0.4,1,3,0,3,0,0,0,2,1,1,0,4,0,0,0,0,0,5,4.211400000000004,0,0,0,0,0,0,0,0,0,0,0,0,0,1,0,0,0,0,0,0,0,0,0,0,0,0,0,0,1,0,0,0,0,0,0,0,0,0,0,0,0,0,0,0,0,0,0,0,0,0,0,0,0,0,0,0,0,0,0,0,0,0,0,9,3.857142857142857,4,4,0.0,810.0,4,0.1142857142857143,0.15037593984962408,0.15037593984962408,0.13571920327481068,0.15037593984962405,0.2717627474925309,0.1850551729989165,0.1850551729989165,0.015384617108325185,0,0,0,0,0,2,0,0.047619047619047616,0.9523809523809523,0.0,0.047619047619047616,0.0,0.5,0.0,1,0,0,1,0,0,0,1,0,0,1,0,0,0,1,0,0,0,0,0,0,0,1,0,0,0,0,1,0,0,1,1,0,1,0,0,1,0,0,0,0,0,0,0,0,1,0,1,0,0,0,0,1,0,0,0,0,0,0,0,1,0,0,0,1,0,0,0,0,1,0,0,0,0,0,1,0,0,1,0,1,1,0,0,0,0,1,0,0,0,0,1,0,0,0,0,0,0,0,0,1,0,0,0,1,0,0,0,0,0,0,0,0,0,0,1,0,0,0,1,0,0,0,1,1,0,0,1,0,0,0,0,0,0,0,0,0,0,0,0,0,0,0,0,0,0,0,0,0,0,0,0,0,0,0,0,0,0,0,0,0,0,0,0,0,0,0,0,0,0,0,0,0,0,0,0,0,0,0,0,0,0,0,0,0,0,0,0,0,0,0,0,0,0,1,0,0,0,0,0,0,0,0,0,0,0,0,0,0,0,1,0,0,0,1,0,0,0,1,0,0,1,0,0,0,0,0,0,1,1,0,0,1,1,0,0,1,0,0,1,1,0,0,1,1,0,1,0,0,0,0,0,0,1,0,0,1,1,0,0,0,0,0,0,0,0,0,0,0,0,0,0,1,1,0,1,0,0,0,1,0,1,0,1,0,0,1,0,1,1,1,1,0,1,0
12.828472458427816,0.30421414399092983,-4.992935563114135,0.6699841555806898,18.2,331.29699999999997,1.25,2.2433377367708736,2.867738791827909,14085.917649184315,4.3110501611482945,5.316788604006331,4.895483475517775,0.0,20.046582306815168,0.0,6.176298517443475,0.0,21.974567706265816,17.893340007476546,0.0,0.0,12.13273413692322,0.0,22.815012430797474,30.006839111682332,25.73396858149873,0.0,4.722094864452088,5.138973737607942,15.967265468479024,11.985479792905473,17.696185628620217,0.0,15.17785720606636,18.858631417708022,0.0,0.0,23.504285157557018,26.22288082425864,0.0,5.563451491696996,0.0,0.0,118.35999999999999,41.57729926699119,30.006839111682332,0.0,12.356077463582704,12.13273413692322,0.0,0.0,0.0,4.722094864452088,5.316788604006331,5.138973737607942,86.25005527210884,0.0,-1.9040740740740731,7.096029147770219,-1.8686805555555548,0.0,-4.992935563114135,-0.30421414399092983,-8.827221749811034,0.25,4,0,1,1,0,0,0,0,5,12,1,1,0,0,0,0,0,2,0.014100000000000557,0,0,0,0,0,0,0,0,0,0,0,0,0,2,1,0,0,0,0,0,0,3,0,0,1,0,0,0,1,0,0,0,0,0,0,0,0,0,0,0,0,0,0,0,0,0,0,0,0,0,0,0,0,0,0,2,0,0,0,0,0,0,0,7,3.7,2,2,0.0,703.0,4,0.11052631578947367,0.14999999999999997,0.14999999999999997,0.15996699855159371,0.14999999999999997,0.27954685716182254,0.20253208633603448,0.20253208633603448,0.022675245118807853,0,0,0,0,0,1,0,0.6,0.4,0.2,0.15,0.1,0.5238095238095238,0.19047619047619047,0,1,0,1,0,0,1,0,1,0,1,0,0,0,0,0,0,0,0,1,0,0,0,0,0,0,0,0,1,0,1,0,0,0,0,1,0,0,0,0,0,1,0,0,0,1,0,0,1,1,0,1,1,0,0,0,0,0,0,0,0,0,1,0,0,1,0,0,1,0,0,1,1,0,1,0,0,1,0,1,0,1,0,0,0,1,0,0,0,0,1,0,0,0,1,0,0,0,0,0,1,0,0,0,0,0,0,1,0,0,1,0,0,0,1,0,0,1,0,0,0,0,0,0,1,0,0,0,0,0,0,0,0,0,0,0,0,0,0,0,0,0,0,0,0,0,0,0,0,0,0,0,0,0,0,0,1,0,0,0,1,1,0,0,1,0,0,0,0,0,1,1,0,0,0,0,0,0,0,1,0,1,0,1,0,0,1,1,1,1,0,0,1,0,0,1,0,1,0,0,0,1,0,0,0,1,0,0,1,1,1,0,1,0,0,0,1,0,0,0,0,0,1,0,0,1,1,0,1,1,1,0,0,1,1,1,0,0,0,0,1,0,0,0,0,1,0,0,1,1,0,0,1,0,0,1,0,0,1,1,0,0,1,1,1,1,0,0,1,0,1,1,1,1,1,0,1,0,1,1,0,1,0,0,1,0,1,1,0,1,1,1,1,1,0
13.062231390643184,0.19419323014380718,-1.0658192198190737,0.615238723910451,17.633333333333333,410.4700000000002,1.0333333333333334,2.7494944159881727,1.6897378181914258,4982842.742229382,9.53912068952163,15.11296452053189,12.083681658295921,0.0,5.907179729351506,0.0,11.938610575903699,14.905862972149976,4.794537184071822,0.0,0.0,54.59730361615449,36.45573492063363,12.965578028838586,6.041840829147961,24.596666341896878,17.845790305255207,0.0,10.216698334856808,0.0,50.85648096182511,0.0,71.28765809124548,0.0,5.316788604006331,0.0,0.0,0.0,51.08427731323097,33.77001120398006,0.0,30.034913297707618,0.0,0.0,106.94000000000001,35.97131279269909,24.596666341896878,0.0,12.965578028838586,12.841643245852019,16.690354475090988,4.899909730850478,6.923737199690624,54.59730361615449,5.316788604006331,0.0,0.0,0.0,37.886820502810444,22.10154141491887,2.8457003520228152,-2.517467680001534,1.1141367823679253,1.777736314044034,0.0,0.34782608695652173,3,0,1,1,1,0,3,0,4,7,1,8,0,0,0,0,0,3,2.0885999999999996,2,0,0,0,0,0,0,0,2,0,0,0,1,1,0,0,0,0,0,0,0,0,0,0,0,1,0,0,1,0,0,0,0,0,0,0,0,0,0,0,0,0,0,0,0,0,0,0,0,0,0,0,0,0,0,0,0,0,0,0,0,0,0,15,5.983908045977011,3,3,0.0,2603.0,3,0.0735632183908046,0.1779967159277504,0.1779967159277504,0.19170714912674497,0.1779967159277504,0.17371108332883042,0.13833317846279894,0.13833317846279894,0.012888390107877042,0,0,0,0,0,2,0,0.23333333333333334,0.7666666666666667,0.16666666666666666,0.06666666666666667,0.0,0.53125,0.09375,1,1,0,0,0,1,0,0,0,0,1,0,0,0,0,0,0,0,0,1,0,1,0,1,1,1,1,1,1,0,1,0,0,1,0,0,0,0,0,1,1,0,1,0,1,0,0,1,0,0,1,0,1,0,0,0,0,0,0,0,0,1,0,0,1,0,0,0,0,0,0,0,0,1,0,0,0,0,1,0,1,1,0,1,1,0,1,0,1,0,1,1,0,1,0,0,1,0,0,1,1,0,0,1,0,0,0,0,1,0,0,0,0,0,1,0,1,0,0,1,0,0,0,1,0,1,0,0,0,0,0,0,0,0,0,0,0,0,0,0,0,0,0,0,0,0,0,0,0,0,0,0,0,0,0,0,0,0,0,0,0,0,0,0,0,0,0,0,0,0,0,0,0,0,0,0,0,0,0,0,0,0,1,0,0,0,0,0,0,0,0,0,0,0,0,0,0,0,0,0,0,0,0,1,0,0,0,1,0,0,0,0,0,1,0,0,0,0,1,1,1,0,0,1,0,0,1,0,1,1,0,0,1,1,0,0,1,0,1,1,0,0,0,0,0,1,1,0,0,1,1,1,0,1,0,0,0,1,0,1,0,0,0,0,1,1,0,1,1,0,1,0,1,1,1,1,1,0,1,1,0,1,1,1,1,1,1,1,1,1,1,1,1,1,0
11.60931648626551,0.1279624397968555,-3.1576550477156995,0.8790140987575411,17.82608695652174,335.4730000000001,1.3043478260869565,2.9689912142538244,1.8222823844320006,211677.19761144067,6.628798902868981,9.883888251797686,0.0,0.0,10.023291153407584,0.0,0.0,0.0,13.139891848781026,0.0,0.0,6.06636706846161,75.62486481243616,17.099768503694133,5.752853606746789,8.417796984328938,20.92621608548864,0.0,14.605983116249774,0.0,25.18037091493942,32.937710383926316,35.5228477603919,0.0,4.722094864452088,0.0,0.0,0.0,51.23939562005294,16.444112776333593,0.0,29.886452275407404,0.0,10.902924932081056,65.2,10.023291153407584,8.417796984328938,0.0,5.752853606746789,12.338727669087403,24.16966502113841,30.838990934691,0.0,6.06636706846161,39.98323280746326,0.0,25.59097693851794,0.0,5.737597308570658,1.2489895124716555,3.593220269589318,0.7217042119686872,5.037244547121215,2.272705897097131,0.4759149616777574,0.5294117647058824,2,0,1,1,0,1,0,0,3,6,2,5,0,1,1,0,0,3,2.0687999999999995,0,0,0,0,0,1,1,0,0,0,0,0,1,2,0,0,0,1,0,0,0,0,0,0,0,1,0,0,1,0,0,0,0,0,0,0,0,0,0,0,0,0,0,0,0,0,0,0,0,1,0,0,0,0,0,1,0,0,0,0,0,0,0,13,5.003952569169961,3,3,0.0,1266.0,4,0.09881422924901183,0.19066440805571236,0.19066440805571236,0.18116487118450295,0.19066440805571236,0.20853827717703077,0.17167388940724623,0.17167388940724623,0.014982260297040445,0,0,0,0,1,2,1,0.2608695652173913,0.7391304347826086,0.08695652173913043,0.13043478260869565,0.043478260869565216,0.52,0.08,1,0,0,1,0,0,0,0,1,0,1,0,0,0,0,1,0,1,0,1,0,0,1,0,0,0,0,0,1,0,1,0,0,1,1,0,0,0,1,1,0,1,0,0,0,1,1,0,0,0,0,0,1,1,1,0,0,0,0,0,0,0,1,0,0,0,0,0,1,0,0,0,1,0,0,0,0,1,0,1,1,1,0,0,1,0,1,1,0,0,1,1,0,0,1,0,0,1,0,0,1,0,0,0,1,0,0,1,0,0,0,0,0,0,0,0,0,0,0,1,0,1,0,1,0,0,0,0,0,0,0,0,0,0,0,0,0,0,0,0,0,0,0,0,0,0,0,0,0,0,0,0,0,0,0,0,0,0,0,0,1,1,0,0,0,0,0,0,0,0,0,0,0,0,0,0,0,0,0,1,0,0,0,1,0,0,1,0,1,1,1,0,0,1,0,1,0,1,0,0,0,1,0,1,0,0,0,0,0,0,0,1,0,1,1,0,1,0,1,1,0,1,1,0,1,0,1,0,1,1,1,0,1,1,1,0,1,0,0,1,1,0,0,1,1,1,1,0,1,1,1,0,1,1,0,0,1,1,1,1,1,0,0,0,1,1,1,0,0,0,1,0,0,1,0,1,1,1,0,1,0,1,0,1,1,0,1,1,1,1,1,1,1,1,0
11.71013875880624,0.3065147689126837,-0.9207855830474492,0.243238592025165,11.461538461538462,514.6290000000004,0.8717948717948718,3.46799858506794,1.4222648056159974,1139775407.903368,9.873860440409693,14.240726690423415,11.648808995999854,0.0,0.0,0.0,5.969305287951849,0.0,14.76249422596624,0.0,0.0,61.52104081584511,65.93020013171267,25.57670150321277,27.63025436216204,9.901064578912528,28.036108158416894,0.0,19.102156337477126,7.04767198267719,33.23387405114584,0.0,107.4438979315535,22.514758973090913,0.0,0.0,0.0,0.0,30.177989020269678,20.013250011515776,6.923737199690624,40.65385497977937,0.0,44.58156184355595,72.94,5.969305287951849,9.901064578912528,0.0,0.0,12.10820789760957,74.3745125708019,0.0,12.13273413692322,42.46456947923127,60.36118101994919,9.967957041894417,4.467738960064933,0.0,21.711529056757023,9.603517847023781,9.464001142099434,1.084298689777105,1.893558261364483,4.976660380513263,2.0635589926808255,0.18181818181818182,1,0,0,0,0,2,0,0,5,6,2,7,0,0,0,0,0,6,7.2644200000000065,0,0,0,0,1,4,0,0,1,0,0,0,4,0,0,0,0,0,0,0,0,0,0,0,0,3,0,0,2,0,0,0,0,0,0,2,0,0,0,0,0,0,0,0,0,0,0,2,0,0,0,0,0,0,0,0,0,0,0,0,0,0,0,17,7.05668016194332,6,6,0.0,5229.0,3,0.05937921727395411,0.16369405843090054,0.16369405843090054,0.16533344474673775,0.16369405843090054,0.14754925441890945,0.12400305128370097,0.12400305128370097,0.01088550081625888,0,0,0,0,2,6,0,0.15384615384615385,0.8461538461538461,0.05128205128205128,0.10256410256410256,0.0,0.25,0.022727272727272728,1,0,0,0,0,1,0,0,1,0,1,0,0,1,0,0,0,0,0,1,0,1,0,1,0,0,1,0,0,0,0,0,0,1,1,0,1,0,1,1,0,0,0,0,0,1,0,1,0,0,1,0,1,0,1,0,1,1,1,0,1,0,1,1,1,0,0,0,0,0,0,1,1,1,0,0,0,0,0,1,1,1,0,0,1,0,1,0,1,0,1,1,0,0,1,0,1,0,0,0,1,1,0,0,0,0,1,1,1,0,0,1,0,0,0,0,0,0,0,0,0,1,1,0,0,1,0,1,0,0,0,0,0,0,0,0,0,0,0,0,0,0,0,0,0,0,0,0,0,0,0,0,0,0,0,0,0,0,0,0,0,0,0,0,0,0,1,0,0,0,0,0,0,0,0,0,0,0,0,0,0,0,0,0,0,0,0,0,0,0,1,0,0,1,0,0,0,0,0,0,0,0,0,1,0,1,0,1,0,0,0,1,0,1,0,0,0,0,0,0,0,1,0,0,1,0,0,0,1,1,0,0,0,1,0,0,0,0,0,1,0,0,1,1,0,0,1,0,1,1,1,1,0,1,0,0,1,1,0,0,0,0,0,0,0,1,0,1,0,1,1,0,1,1,0,1,1,1,1,0,0,1,1,1,1,1,1,1,1,1,1,1,1,1,0
14.474976555245803,0.009734541979158129,-2.2935005120682037,0.06786862062184118,27.536585365853657,1140.2540000000004,0.6341463414634146,4.064641047382907,1.176092334797584,3.867217755625701e+17,27.478843434819495,87.07937198909903,66.06196780470047,6.22790117073487,35.443078376109035,5.907179729351506,0.0,33.561760288502754,0.0,0.0,0.0,87.35278832984939,84.4837558915619,37.41251359553556,31.022747515506126,84.25736979586917,41.35025810546054,0.0,36.38376248173261,5.917906046161393,145.00576777325327,19.696394776338067,108.1887760787798,33.752829633355795,31.3208059738317,0.0,11.49902366656781,0.0,195.90796336917833,28.76722310443093,5.917906046161393,81.82446346860665,0.0,22.253805966787983,377.41999999999996,151.86127466324726,79.52050684206911,0.0,23.42117122259047,12.170333456209914,77.48235917515834,31.18920547353706,12.13273413692322,48.53093654769288,33.507680219722275,4.736862953800049,5.840225336507929,0.0,101.61295629116326,111.24870202561942,3.373233637421743,-8.674021239805091,-13.606427729669491,5.4678570183508395,0.0,0.46551724137931033,14,0,3,3,7,0,15,0,17,24,3,14,0,3,3,0,0,7,-0.927099999999986,0,8,8,0,0,0,0,1,0,0,0,0,2,5,0,0,0,0,0,0,0,0,0,0,0,0,0,0,2,0,1,0,0,0,0,0,0,0,0,0,0,0,0,0,0,0,0,0,0,0,0,0,0,0,0,0,0,0,0,0,0,2,0,36,11.815115928937066,7,7,0.0,39238.0,3,0.02649804275820536,0.13518894911171334,0.13518894911171334,0.13049496268894295,0.13518894911171334,0.08885050757700409,0.06863540824138974,0.06863540824138974,0.008507542066513196,0,0,0,0,2,4,3,0.2926829268292683,0.7073170731707317,0.2073170731707317,0.08536585365853659,0.0,0.6477272727272727,0.07954545454545454,1,1,1,1,1,1,0,1,1,1,1,0,1,1,0,0,0,0,0,1,0,0,0,0,0,0,1,1,0,1,1,0,1,1,0,0,1,0,1,1,1,0,1,0,1,1,0,1,0,0,0,0,1,0,1,1,0,0,1,1,1,1,0,0,0,0,1,1,0,0,0,0,1,0,0,0,0,0,1,1,1,1,0,1,1,1,1,0,0,0,1,0,1,0,0,0,0,1,1,1,1,1,1,0,0,1,0,0,1,1,0,0,0,0,1,0,0,0,1,1,1,1,0,1,0,1,1,0,0,0,0,0,0,0,0,0,0,0,0,0,0,0,0,0,0,0,0,0,0,0,0,0,0,0,0,0,0,0,0,0,0,0,0,0,0,0,0,0,0,0,0,1,0,0,0,0,0,0,0,0,0,1,1,0,0,0,0,0,0,0,1,0,0,0,0,0,0,0,0,0,1,0,0,0,0,0,0,1,0,0,0,1,0,1,0,0,0,1,1,1,1,0,0,1,1,1,0,0,1,0,0,0,1,1,0,0,1,1,1,1,0,1,1,1,1,1,1,0,1,1,1,0,0,1,1,1,0,1,0,1,1,1,0,0,1,1,1,1,1,1,1,1,0,1,1,1,1,1,1,1,1,1,1,1,1,1,1,1,1,1,1,1,1,1,0
13.091761153112959,0.08984877815143855,-0.4567076880203238,0.03239500696932371,18.675675675675677,1035.2379999999998,0.4189189189189189,3.417377910718444,1.0839476643008208,8695834958289204.0,25.523903819321447,75.28214306858993,12.083681658295921,45.99609466627124,22.99804733313562,0.0,11.938610575903699,9.589074368143644,0.0,0.0,0.0,0.0,58.65200837755764,38.524929737556064,162.77425024260697,84.87121743673359,11.938610575903699,0.0,0.0,0.0,63.45025464170401,138.8057040133609,69.77891136095164,68.99414199940686,56.84235544560059,0.0,68.99414199940686,0.0,159.71037630465392,44.74608676744778,0.0,71.14767710018194,0.0,0.0,163.35999999999999,11.938610575903699,9.589074368143644,0.0,38.13908883317377,116.73300301832529,59.31186500785914,0.0,85.31757049533037,36.39820241076966,14.09534396535438,66.31608135320069,82.22481113444175,0.0,26.183522306225917,0.0,6.224025779279292,5.845026171143013,3.6904850632371002,3.3509575671344143,23.742850184127427,0.5357142857142857,0,0,2,2,0,0,4,0,16,18,2,27,0,0,0,0,4,6,7.709800000000011,0,0,0,0,0,0,0,0,0,0,0,0,2,0,0,0,2,0,0,0,0,0,0,0,0,0,0,0,2,2,14,0,0,0,0,0,0,0,0,0,0,12,0,0,0,0,0,0,0,0,0,0,0,2,0,0,0,0,0,0,0,0,0,29,12.465383191410588,6,6,0.0,33669.0,4,0.029248426508700485,0.15924143321403594,0.15924143321403594,0.19071157642777223,0.15924143321403594,0.08228988436549531,0.08786511985798903,0.08786511985798903,0.00940151569753871,0,0,0,0,0,4,0,0.24324324324324326,0.7567567567567568,0.21621621621621623,0.02702702702702703,0.0,0.6708860759493671,0.02531645569620253,1,0,0,1,0,1,0,0,0,1,1,1,0,1,0,1,0,0,1,1,0,0,0,0,0,0,1,0,1,0,1,0,1,1,0,1,0,1,0,1,0,0,1,0,0,0,1,1,0,0,1,0,0,0,0,1,0,0,0,0,0,0,0,1,0,0,0,0,0,0,1,1,0,1,1,0,0,1,0,0,1,1,0,0,1,0,0,0,0,0,1,0,0,0,0,0,1,0,0,0,1,0,0,0,0,0,1,1,0,0,0,0,1,0,0,0,0,0,1,1,0,1,0,1,1,1,0,0,0,0,0,0,0,0,0,0,0,0,0,0,0,0,0,0,0,0,0,0,0,0,0,0,0,0,0,0,0,0,1,0,0,0,0,0,0,0,0,0,0,0,0,0,0,0,0,0,0,1,0,0,0,0,0,0,0,0,0,0,0,0,0,0,0,0,0,0,0,0,0,0,1,0,0,1,0,0,0,0,0,0,0,0,0,1,1,0,0,1,0,0,0,1,0,0,0,1,1,0,1,1,0,0,0,1,0,0,1,1,0,1,1,1,0,1,1,0,1,0,1,1,1,1,0,1,1,1,1,1,0,0,1,0,0,0,1,1,1,0,1,1,1,1,1,1,1,1,1,1,1,0,1,1,1,1,1,1,1,1,1,1,1,1,1,1,0
4.137037037037037,0.6099074074074073,0.6099074074074073,0.6261518225795569,24.583333333333332,162.236,1.5833333333333333,2.53042684663605,2.194591657785846,1072.9009829736851,3.2329339260923793,0.0,0.0,0.0,0.0,0.0,0.0,9.883888251797686,0.0,0.0,0.0,6.06636706846161,38.06389019460039,18.435527972374114,0.0,0.0,0.0,0.0,9.883888251797686,0.0,18.88348407499998,13.592428388589765,30.08987277184637,0.0,0.0,0.0,0.0,0.0,23.476316640387452,0.0,0.0,24.446935566696975,0.0,0.0,16.130000000000003,0.0,0.0,0.0,0.0,6.041840829147961,0.0,24.94985114346159,0.0,18.460054211687762,22.997927302936485,0.0,0.0,0.0,6.536851851851852,0.0,1.3587962962962965,0.0,6.405944822373394,1.2217866591080877,2.185185185185185,0.5,0,0,1,1,0,1,1,0,2,2,2,1,0,1,1,0,0,2,1.8483,0,0,0,0,0,1,0,0,0,0,0,0,2,0,0,0,0,1,0,0,0,0,0,0,0,0,0,0,0,0,0,0,0,0,0,0,0,0,0,0,0,0,0,0,0,0,0,0,0,0,0,0,1,0,0,0,0,0,0,0,0,0,0,6,2.893939393939394,2,2,0.0,191.0,3,0.19696969696969693,0.18939393939393942,0.18939393939393942,0.19532530375846832,0.18939393939393942,0.35673710865495584,0.26958090567629517,0.26958090567629517,0.016245939321203117,0,0,0,0,1,1,1,0.16666666666666666,0.8333333333333334,0.0,0.16666666666666666,0.0,0.5384615384615384,0.0,0,0,0,0,1,0,0,0,0,0,0,0,0,0,0,0,0,0,0,1,0,0,0,0,0,0,0,0,0,0,1,0,1,1,0,0,0,0,0,1,1,0,0,0,0,1,0,0,0,0,1,0,0,1,0,0,1,0,0,0,0,0,1,0,1,0,0,1,0,0,0,0,1,0,1,0,0,0,0,0,0,1,0,0,0,0,1,0,0,0,0,0,0,0,0,0,0,0,0,0,1,0,1,1,0,0,0,0,0,1,0,0,1,0,0,0,0,0,0,0,0,1,1,1,0,0,0,1,0,0,0,0,0,0,0,0,0,0,0,0,0,0,0,0,0,0,0,0,0,0,0,0,0,0,0,0,0,0,0,0,0,0,0,0,0,0,0,0,0,0,0,0,0,0,0,0,0,0,0,0,0,0,0,0,0,0,0,0,0,0,1,0,0,1,0,0,0,0,0,0,0,0,0,1,0,0,0,0,1,0,0,1,0,1,1,0,0,0,0,0,0,1,0,0,1,0,1,0,1,0,0,0,0,0,0,0,1,0,0,1,0,0,0,1,1,0,1,0,1,1,1,0,0,0,0,0,0,1,0,0,0,0,0,0,0,1,0,0,0,0,1,0,0,0,0,1,1,0,1,0,0,1,0,0,1,0,1,0,1,1,1,1,0,1,0
11.06953656462585,0.14893518518518545,-1.138657407407407,0.5513115228370621,32.5,199.16199999999998,1.7142857142857142,2.3906832021568163,2.260380417872786,1541.9906653911464,2.984456401438413,14.94991774348146,5.759164871656176,12.26974199988283,5.907179729351506,0.0,5.969305287951849,9.694446914922299,4.794537184071822,0.0,0.0,0.0,6.076020106833881,0.0,13.027703587438928,24.538992111625106,11.876485017303356,0.0,4.899909730850478,0.0,18.69056362280884,6.606881964512918,11.835184978490057,0.0,0.0,0.0,0.0,0.0,45.86607350223099,14.325937321943691,0.0,6.4208216229260096,0.0,0.0,87.07000000000001,18.23904728783468,9.589074368143644,0.0,24.694048188446608,0.0,0.0,10.975929837684358,0.0,0.0,0.0,14.94991774348146,5.170462962962963,0.0,23.06587065381708,17.48609079743008,0.0,-1.222370559334844,1.026033635676492,-0.297754157218443,0.0,0.5,2,0,2,2,1,0,2,0,4,6,2,2,0,2,2,0,0,2,-1.0956,1,1,1,0,0,0,0,0,1,0,0,0,1,0,0,0,0,0,0,0,0,0,0,0,0,0,0,0,1,0,1,0,0,0,0,0,0,0,0,0,0,0,0,0,0,0,0,0,0,0,0,0,0,0,0,0,0,0,0,0,0,0,0,7,3.131868131868132,2,2,0.0,285.0,3,0.16483516483516486,0.17765567765567766,0.17765567765567766,0.16971065983004666,0.17765567765567766,0.33448392468818117,0.23191029457857493,0.23191029457857493,0.022975338551107134,0,0,0,1,1,0,2,0.42857142857142855,0.5714285714285714,0.35714285714285715,0.07142857142857142,0.0,0.8,0.2,0,0,1,0,1,1,0,0,0,0,1,0,0,0,0,0,1,0,0,0,0,0,0,1,1,0,0,0,0,0,1,0,0,0,0,0,0,0,0,1,0,1,0,0,0,1,0,1,0,0,0,0,0,0,1,0,0,0,1,0,0,0,0,1,0,0,0,1,0,0,0,0,0,1,0,0,0,0,0,0,1,0,0,0,1,0,0,0,0,0,0,0,0,0,1,0,0,1,0,0,1,0,0,1,0,0,0,0,0,0,1,0,0,0,0,0,0,0,0,0,0,1,0,1,0,1,1,0,0,0,0,0,0,0,0,0,1,0,0,1,0,0,0,0,0,0,0,1,0,0,0,0,0,0,0,0,0,0,0,0,0,0,0,0,0,0,0,0,0,0,0,0,0,0,0,0,0,0,0,0,0,0,0,0,0,1,0,0,0,0,0,0,0,0,0,0,0,0,0,0,0,0,0,0,1,0,0,0,0,0,1,1,0,1,0,0,0,1,0,0,1,0,0,1,1,1,0,1,0,0,0,0,0,1,0,0,0,1,1,1,0,0,0,0,0,1,0,0,1,1,1,1,0,0,0,1,0,0,0,1,1,0,0,0,1,1,0,1,1,0,0,1,0,0,1,0,1,0,1,0,1,1,1,1,1,1,1,1,0,1,0,0,1,1,0
11.603429705215419,0.010370370370370585,0.010370370370370585,0.6656235641878139,10.428571428571429,188.23000000000002,1.1428571428571428,2.4270916215247973,2.6880057866501375,2116.4238939696234,3.178135834949779,0.0,0.0,0.0,0.0,5.559266895052007,0.0,9.476340119217006,4.681802935145185,0.0,0.0,18.19910120538483,19.056471336613843,18.80796704598726,5.687386274683562,0.0,0.0,0.0,9.36360587029037,7.04767198267719,6.923737199690624,0.0,52.44593448474195,5.687386274683562,5.559266895052007,0.0,0.0,0.0,9.36360587029037,7.04767198267719,6.923737199690624,5.693927994848461,0.0,5.687386274683562,26.93,0.0,4.794537184071822,0.0,5.559266895052007,0.0,11.381314269532023,0.0,10.748170003606795,48.98504745982105,0.0,0.0,3.4930555555555554,0.0,11.603429705215419,0.0,1.8640306122448984,0.0,0.0,1.9175,1.8787037037037038,0.18181818181818182,0,0,0,0,0,1,0,0,3,3,1,1,0,0,0,0,0,2,1.4844199999999999,0,0,0,0,0,2,0,0,0,0,0,0,2,0,0,0,0,0,0,0,0,0,0,0,0,1,0,0,0,0,0,0,0,0,0,0,0,0,0,0,0,0,0,0,0,0,0,1,0,0,0,0,0,0,0,0,0,0,0,0,0,0,0,7,3.120879120879121,2,2,0.0,284.0,3,0.16483516483516483,0.17673992673992672,0.17673992673992672,0.18567174448276028,0.17673992673992672,0.33205806569674995,0.24053996959662455,0.24053996959662455,0.01993239289966241,0,0,0,0,1,2,0,0.21428571428571427,0.7857142857142857,0.07142857142857142,0.14285714285714285,0.0,0.2,0.06666666666666667,0,0,0,0,0,1,0,0,0,0,1,0,0,0,0,0,0,0,0,0,0,0,0,0,0,1,0,0,0,0,0,0,0,1,0,0,0,0,0,1,0,0,0,1,0,0,0,1,0,0,0,0,0,0,0,0,0,0,1,0,0,0,0,0,1,0,0,0,0,0,0,1,0,0,0,1,1,0,0,0,0,1,0,0,0,0,1,0,0,0,1,0,0,0,0,0,0,0,0,0,1,0,0,0,0,0,0,1,0,0,1,0,0,0,0,1,0,1,0,0,0,1,0,0,1,0,0,0,0,0,0,0,0,0,0,0,0,0,0,0,0,0,0,0,0,0,0,0,0,0,0,0,0,0,0,0,0,0,0,0,0,0,0,0,0,0,0,0,0,0,0,0,0,0,0,0,0,0,0,0,1,0,0,0,0,0,0,0,0,0,1,0,0,1,0,0,0,0,0,0,0,0,0,1,0,0,0,0,1,0,0,1,0,0,0,0,0,0,0,0,1,1,1,1,1,1,0,0,0,0,0,0,0,0,0,0,0,0,1,0,0,1,0,0,0,1,0,0,1,1,1,0,1,1,0,1,0,0,0,0,0,1,0,1,0,1,0,0,0,0,1,1,1,0,0,0,1,1,1,0,0,0,1,0,1,0,1,0,1,1,1,1,1,1,0
12.9775,0.02028549382715994,-4.02466793430335,0.8553020577996142,17.416666666666668,365.8420000000001,1.25,2.4693561527938965,2.1674137972904455,186246.24911217406,5.767518337625222,5.316788604006331,11.061259087652303,0.0,10.023291153407584,5.907179729351506,0.0,9.694446914922299,13.556770721936878,0.0,0.0,29.800041095617345,37.61002709646307,5.687386274683562,16.273471080121883,13.212334168400758,38.90618332235873,0.0,0.0,5.138973737607942,24.90873348703355,10.216698334856808,52.547738707904976,0.0,15.355672072464749,11.374772549367124,0.0,11.600939890232516,20.49075232581497,10.023291153407584,6.923737199690624,22.845177367156438,5.022633313741326,0.0,92.5,10.023291153407584,13.212334168400758,0.0,27.554523622442133,5.687386274683562,11.250837766380558,12.13273413692322,4.899909730850478,38.112942673227685,5.316788604006331,16.73991362784046,23.328306108740815,5.995814633687709,14.29299345972957,8.326087588591196,2.3781030022605756,-0.3128549382716046,-0.31712931468883876,3.747276300180566,-4.02466793430335,0.1875,3,0,1,1,1,0,1,0,4,8,1,2,0,0,0,0,1,3,2.714120000000001,0,0,0,0,0,0,0,0,0,0,0,0,1,1,1,0,0,0,0,0,0,0,0,0,2,1,0,0,1,0,0,0,0,0,0,0,0,0,0,0,0,0,0,0,0,0,0,1,0,0,0,0,0,0,0,1,0,0,0,0,0,0,0,10,4.449275362318841,3,3,0.0,1228.0,4,0.09420289855072465,0.15678524374176547,0.15678524374176547,0.1568226060153551,0.15678524374176547,0.23302216756001903,0.1809218843658503,0.1809218843658503,0.017710501811361936,0,0,0,0,0,2,0,0.3333333333333333,0.6666666666666666,0.125,0.125,0.041666666666666664,0.4230769230769231,0.11538461538461539,0,1,1,0,0,0,0,0,1,0,1,0,0,0,0,1,0,0,0,1,0,0,1,0,0,0,0,0,0,1,0,1,1,1,1,0,1,0,0,1,0,0,0,0,0,1,1,1,1,1,0,1,0,0,0,0,1,0,1,0,0,1,1,0,1,1,0,0,1,0,0,1,0,0,0,0,0,0,0,1,0,1,0,0,0,0,1,1,0,0,1,0,0,0,1,0,1,0,0,0,1,0,0,0,0,0,0,1,0,0,1,1,0,0,0,0,0,0,0,0,0,0,0,1,0,0,0,0,0,0,0,0,0,0,0,0,0,0,0,0,0,0,0,0,0,0,0,0,0,0,0,0,0,0,0,0,0,0,0,0,1,1,0,0,0,0,1,0,0,0,0,0,0,0,0,0,0,0,0,1,0,0,0,1,0,0,1,1,1,1,1,0,1,0,0,1,0,1,0,0,0,1,0,1,0,1,0,0,1,1,0,0,1,1,0,1,1,0,0,0,1,0,1,0,0,1,1,0,0,1,1,1,0,1,1,1,0,0,1,0,1,0,0,0,0,1,0,0,1,1,1,0,1,1,0,1,0,0,1,1,0,1,1,1,1,1,0,0,0,0,1,1,1,1,1,0,1,1,1,1,0,0,1,0,1,0,1,1,1,1,1,1,1,1,0
11.779328546233309,0.049172335600906614,-0.3353878495842777,0.776550261358108,12.11111111111111,244.294,1.3888888888888888,2.882074967365051,2.291432767601567,19286.845681606923,5.489653133998208,9.303962601591405,5.693927994848461,0.0,0.0,0.0,5.969305287951849,0.0,9.77851570501903,0.0,0.0,30.33183534230805,19.410925891078243,0.0,25.1728864400385,9.53140013787187,5.969305287951849,0.0,9.551078168738563,0.0,19.88931522852921,6.606881964512918,54.11337847523112,0.0,0.0,0.0,0.0,0.0,22.12726542120333,4.736862953800049,0.0,35.94123189914649,0.0,0.0,44.12,0.0,4.794537184071822,0.0,12.011146117099809,12.300809959361379,5.563451491696996,6.196843571613076,13.251057274455166,41.822672189790026,4.9839785209472085,4.736862953800049,6.8399050453514745,0.0,15.813492850844042,0.0,1.6057884542705974,-0.3353878495842777,3.195787037037037,4.183237276392038,0.0,0.2857142857142857,0,0,0,0,0,1,1,0,4,4,1,4,0,0,0,0,0,2,2.669100000000001,0,0,0,0,0,2,0,0,0,0,0,0,2,0,0,0,0,0,0,0,0,0,0,0,0,0,0,0,0,1,1,0,0,0,0,1,0,0,0,0,0,0,0,0,0,0,0,0,0,0,0,0,0,0,0,0,0,0,0,0,0,0,0,10,4.006535947712418,2,2,0.0,613.0,3,0.12418300653594769,0.18790849673202614,0.18790849673202614,0.20462709984095542,0.18790849673202614,0.2602873205796241,0.20519980995099998,0.20519980995099998,0.016112370111386432,0,0,0,0,1,2,0,0.2222222222222222,0.7777777777777778,0.1111111111111111,0.1111111111111111,0.0,0.3684210526315789,0.05263157894736842,0,1,0,0,0,1,0,0,0,0,1,0,0,0,1,0,0,1,0,1,0,0,0,0,0,0,0,1,0,0,0,1,0,1,0,0,1,0,1,1,0,0,0,1,0,1,0,1,0,0,0,0,0,0,0,1,0,0,1,0,0,0,0,0,1,0,1,1,0,0,0,0,0,0,0,0,0,0,0,0,1,1,0,0,0,1,1,0,0,0,1,0,1,0,1,0,0,0,0,0,1,0,0,0,1,0,0,0,0,0,0,0,0,0,0,0,0,0,0,1,0,0,1,0,0,1,0,1,0,0,0,0,0,0,0,0,0,0,0,0,0,0,0,0,0,0,0,0,0,0,0,0,0,0,0,0,0,0,0,0,0,0,0,0,0,0,0,0,0,0,0,0,0,0,0,0,0,0,0,0,0,0,0,0,0,0,0,0,0,0,0,0,0,1,0,0,0,0,0,0,0,0,0,1,0,1,0,1,0,0,0,1,0,1,0,0,0,0,0,0,0,0,0,1,1,1,0,0,0,0,0,0,0,0,0,0,0,1,0,0,0,0,1,0,0,0,0,0,1,1,1,1,0,1,1,0,0,0,0,0,0,0,0,0,0,1,0,0,0,0,1,0,1,0,0,0,1,1,1,0,0,1,1,1,1,1,1,1,1,1,1,1,1,1,0
13.31949337414029,0.02002000582867658,-1.261721545099521,0.3448074018268864,25.694444444444443,517.5640000000003,1.1111111111111112,3.1029078753752044,1.5080340161046575,71779220.35537256,9.4490900004599,25.53992406455432,23.499395300412623,0.0,11.814359458703011,0.0,23.81477925899293,24.07805846713776,9.589074368143644,0.0,11.761884949391115,30.33183534230805,26.334663090768867,24.381291670955285,0.0,33.87375049927164,47.391023667087055,0.0,25.333306400564094,0.0,49.017629352702045,19.634269217737724,35.89528683400505,0.0,10.633577208012662,4.794537184071822,0.0,11.761884949391115,97.27424144730804,23.97268592035911,0.0,32.37650391991683,0.0,0.0,156.43,63.87555647132612,33.87375049927164,0.0,13.08951281182515,12.10820789760957,4.899909730850478,21.561704411092073,51.10304694137992,0.0,10.633577208012662,0.0,-0.7577200229490999,1.282009679525046,78.81073304647796,14.180077381949076,0.4034866701310158,-4.120721688231451,0.0,5.674209371025758,0.0,0.4782608695652174,3,0,3,3,6,0,4,0,7,13,3,6,0,3,3,0,0,4,-0.24029999999999685,1,0,0,0,0,0,0,0,1,0,0,0,3,2,0,0,1,0,0,0,0,0,0,0,0,0,0,0,1,0,0,0,0,0,0,0,1,0,0,0,0,0,0,0,0,0,0,0,0,0,1,0,0,0,1,0,0,0,0,0,0,0,1,16,6.468253968253968,4,4,0.0,4075.0,4,0.06190476190476191,0.1608309990662932,0.1608309990662932,0.18149588376331396,0.1608309990662932,0.16041694093451772,0.10432315363995073,0.10432315363995073,0.014415943510866025,0,0,0,1,1,1,3,0.3611111111111111,0.6388888888888888,0.19444444444444445,0.1388888888888889,0.027777777777777776,0.6923076923076923,0.15384615384615385,1,1,1,1,0,1,0,0,0,0,1,0,0,0,0,0,0,1,1,0,0,0,0,1,0,0,0,0,1,0,1,0,0,1,1,1,1,0,1,1,0,0,1,0,0,1,0,1,0,0,1,0,0,1,0,0,0,1,1,0,0,1,0,0,1,1,0,0,0,0,0,0,1,1,0,0,0,0,1,0,1,1,1,0,0,1,1,1,0,0,1,0,0,0,0,0,0,0,0,1,1,0,0,0,0,1,1,1,0,0,0,1,0,1,0,0,0,1,0,0,0,1,1,1,0,1,1,1,0,0,0,0,0,0,0,0,1,0,0,1,0,0,0,0,0,0,0,1,0,0,0,0,0,0,0,0,0,0,0,0,0,0,0,0,1,1,0,0,0,0,0,0,0,0,0,1,0,0,0,0,0,0,1,0,0,0,0,0,0,0,0,0,0,0,1,0,0,0,0,0,1,0,1,1,0,1,0,1,0,1,0,1,0,1,1,0,1,1,1,1,1,0,0,1,1,1,1,0,1,0,0,0,0,1,1,0,1,0,1,1,1,0,1,0,1,1,1,0,1,1,1,1,0,0,0,1,0,1,0,1,0,1,0,0,1,1,1,1,1,1,1,1,0,1,1,1,1,1,1,1,0,1,1,1,1,1,1,1,1,1,1,1,1,1,0
15.654900163769211,0.05999807098765442,-4.602117530654237,0.7998531036451688,19.833333333333332,359.706,1.125,2.7782297871798938,2.2104918476627895,214884.96111921605,5.374435745509186,10.05365155780638,5.749511833283905,0.0,5.668759818745678,5.907179729351506,6.176298517443475,4.794537184071822,4.39041504767482,13.171245143024459,0.0,17.667306958694127,30.33183534230805,21.836922571818878,12.673249032974528,27.093060328571156,23.195505894267583,0.0,0.0,0.0,11.845058336189153,12.426586145283864,58.11119019960197,5.749511833283905,10.05365155780638,23.24904646538284,5.749511833283905,11.600939890232516,13.016977270629038,16.639595520260976,0.0,16.690354475090988,5.022633313741326,0.0,38.33,23.315689557237654,17.96578232709628,4.39041504767482,27.586434405102782,6.06636706846161,12.13273413692322,25.30889874666236,0.0,0.0,5.316788604006331,16.337802844032566,59.10577195566779,5.87137580684418,12.227862339380195,2.320108602082809,-4.3118643882450085,-1.039639747102545,-4.602117530654237,0.0,1.288310300142912,0.1875,1,0,1,1,1,0,1,0,2,8,1,2,0,0,0,0,0,3,4.532600000000002,0,0,0,0,0,0,0,0,0,0,0,0,0,1,0,0,0,0,0,0,0,4,0,0,1,0,0,0,1,0,1,0,0,0,0,0,0,0,0,0,0,1,0,0,0,0,0,0,0,0,0,0,0,0,0,0,0,0,0,0,0,0,0,10,4.420289855072464,3,3,0.0,1220.0,4,0.09420289855072465,0.15546772068511197,0.15546772068511197,0.16246320129475894,0.15546772068511197,0.23605020567319965,0.1714905874999514,0.1714905874999514,0.018816603845557226,0,0,0,0,1,2,0,0.3333333333333333,0.6666666666666666,0.08333333333333333,0.041666666666666664,0.0,0.5,0.038461538461538464,1,1,1,0,1,0,0,0,1,1,1,0,0,0,0,0,0,0,0,1,0,0,0,0,0,0,0,0,0,0,0,0,0,1,0,0,1,1,0,0,0,1,0,0,0,1,1,0,1,1,1,0,0,0,0,1,0,0,1,1,1,0,1,0,0,0,0,0,0,0,0,0,0,1,0,1,0,0,0,0,1,1,0,0,1,0,1,0,1,0,1,0,0,0,1,1,0,0,0,0,1,0,0,0,0,0,0,1,1,0,0,0,0,0,1,0,0,0,0,0,0,1,1,1,0,1,0,0,0,0,0,0,0,0,0,0,0,0,0,0,0,0,0,0,0,0,0,0,0,0,0,0,0,0,0,0,0,0,0,0,0,0,0,0,0,0,0,0,0,0,1,0,0,0,0,0,0,0,0,0,0,0,0,0,0,0,0,0,0,0,1,0,0,0,1,0,0,0,0,0,0,0,0,0,0,0,0,0,0,0,0,1,0,0,0,1,0,0,0,0,1,1,0,0,1,0,0,0,0,1,0,1,0,1,1,1,0,0,1,0,1,1,0,0,0,1,0,0,0,1,0,0,0,1,1,1,0,0,0,0,0,0,1,1,0,1,0,0,0,0,0,1,1,1,0,0,0,0,1,1,1,0,1,0,1,1,1,1,1,1,1,1,1,1,0
11.247552441693543,0.017292657647962395,-0.7751154782900815,0.5968389616111595,13.416666666666666,328.4120000000001,1.2083333333333333,2.58516038297155,1.8473022986610148,222954.57206899836,8.47316831573415,21.263510870849927,5.749511833283905,0.0,0.0,5.907179729351506,0.0,4.794537184071822,0.0,0.0,0.0,36.39820241076966,43.025017565859855,12.586597235060536,11.6674178794453,15.007591973753232,5.907179729351506,0.0,5.316788604006331,5.733667477162185,31.911187662438905,6.544756405912575,65.22129102278387,5.749511833283905,11.050456081168516,0.0,5.749511833283905,0.0,28.70683175409345,6.4208216229260096,0.0,40.93341686952774,0.0,0.0,95.57999999999998,12.011146117099809,15.007591973753232,0.0,17.35480415412886,12.10820789760957,12.841643245852019,17.696185628620217,6.06636706846161,18.19910120538483,24.373259940620173,5.733667477162185,0.0,0.0,11.247552441693543,23.12667474440871,7.055716623929037,-0.8950215905267791,1.1504617990702044,2.430806668346351,0.0,0.3157894736842105,5,0,0,0,1,0,2,0,4,5,0,8,0,0,0,0,2,2,2.1353999999999997,0,1,1,0,0,0,0,1,0,0,0,0,0,1,1,0,0,0,0,0,0,0,0,0,0,1,0,0,0,0,0,0,0,0,0,0,0,0,0,0,0,0,0,0,0,0,0,0,0,0,0,1,0,0,0,0,0,0,0,0,0,0,0,14,5.822463768115942,2,2,0.0,1607.0,3,0.09057971014492754,0.2192028985507246,0.2192028985507246,0.20510711036458548,0.2192028985507246,0.1780797901657548,0.15378580501768604,0.15378580501768604,0.01376849191527248,0,0,0,0,0,2,0,0.20833333333333334,0.7916666666666666,0.125,0.08333333333333333,0.0,0.48,0.04,1,1,0,0,1,1,0,0,0,0,1,0,1,0,1,0,0,0,0,1,0,1,0,0,0,0,1,1,0,0,0,0,0,1,0,0,0,0,0,1,0,0,1,0,0,0,0,1,0,0,0,0,0,1,0,0,0,0,0,1,0,1,0,0,1,0,1,1,0,0,0,1,0,0,0,0,0,0,0,0,1,1,1,0,0,1,1,0,1,0,1,1,1,0,1,0,0,0,1,1,1,0,0,0,0,0,0,1,1,0,1,0,0,0,0,0,0,0,0,0,1,0,0,0,0,1,0,0,0,0,0,0,0,0,0,0,0,0,0,0,0,0,0,0,0,0,0,0,0,0,0,0,0,0,0,0,0,0,0,0,0,0,0,0,0,0,0,0,0,0,0,0,0,0,0,0,0,0,0,0,0,1,1,0,0,0,0,0,0,0,0,0,0,0,0,0,0,0,0,0,0,0,0,0,0,0,0,0,0,0,1,0,1,0,0,0,0,1,1,0,1,0,0,1,0,1,0,0,1,0,0,0,1,0,0,0,0,0,1,1,0,1,0,1,1,1,1,0,0,0,0,0,0,1,0,1,1,1,0,1,1,0,0,0,0,0,0,1,0,0,1,1,1,1,1,1,0,0,1,1,1,1,1,1,1,1,1,1,1,1,1,1,1,1,0
11.247552441693543,0.017292657647962395,-0.7751154782900815,0.5968389616111595,13.416666666666666,328.4120000000001,1.2083333333333333,2.58516038297155,1.8473022986610148,222954.57206899836,8.47316831573415,21.263510870849927,5.749511833283905,0.0,0.0,5.907179729351506,0.0,4.794537184071822,0.0,0.0,0.0,36.39820241076966,43.025017565859855,12.586597235060536,11.6674178794453,15.007591973753232,5.907179729351506,0.0,5.316788604006331,5.733667477162185,31.911187662438905,6.544756405912575,65.22129102278387,5.749511833283905,11.050456081168516,0.0,5.749511833283905,0.0,28.70683175409345,6.4208216229260096,0.0,40.93341686952774,0.0,0.0,95.57999999999998,12.011146117099809,15.007591973753232,0.0,17.35480415412886,12.10820789760957,12.841643245852019,17.696185628620217,6.06636706846161,18.19910120538483,24.373259940620173,5.733667477162185,0.0,0.0,11.247552441693543,23.12667474440871,7.055716623929037,-0.8950215905267791,1.1504617990702044,2.430806668346351,0.0,0.3157894736842105,5,0,0,0,1,0,2,0,4,5,0,8,0,0,0,0,0,2,2.1353999999999997,0,1,1,0,0,0,0,1,0,0,0,0,0,1,1,0,0,0,0,0,0,0,0,0,0,1,0,0,0,0,0,0,0,0,0,0,0,0,0,0,0,0,0,0,0,0,0,0,0,0,0,1,0,0,0,0,0,0,0,0,0,0,0,14,5.822463768115942,2,2,0.0,1607.0,3,0.09057971014492754,0.2192028985507246,0.2192028985507246,0.20510711036458548,0.2192028985507246,0.1780797901657548,0.15378580501768604,0.15378580501768604,0.01376849191527248,0,0,0,0,0,2,0,0.20833333333333334,0.7916666666666666,0.125,0.08333333333333333,0.0,0.48,0.04,1,1,0,0,1,1,0,0,0,0,1,0,1,0,1,0,0,0,0,1,0,1,0,0,0,0,1,1,0,0,0,0,0,1,0,0,0,0,0,1,0,0,1,0,0,0,0,1,0,0,0,0,0,1,0,0,0,0,0,1,0,1,0,0,1,0,1,1,0,0,0,1,0,0,0,0,0,0,0,0,1,1,1,0,0,1,1,0,1,0,1,1,1,0,1,0,0,0,1,1,1,0,0,0,0,0,0,1,1,0,1,0,0,0,0,0,0,0,0,0,1,0,0,0,0,1,0,0,0,0,0,0,0,0,0,0,0,0,0,0,0,0,0,0,0,0,0,0,0,0,0,0,0,0,0,0,0,0,0,0,0,0,0,0,0,0,0,0,0,0,0,0,0,0,0,0,0,0,0,0,0,1,1,0,0,0,0,0,0,0,0,0,0,0,0,0,0,0,0,0,0,0,0,0,0,0,0,0,0,0,1,0,1,0,0,0,0,1,1,0,1,0,0,1,0,1,0,0,1,0,0,0,1,0,0,0,0,0,1,1,0,1,0,1,1,1,1,0,0,0,0,0,0,1,0,1,1,1,0,1,1,0,0,0,0,0,0,1,0,0,1,1,1,1,1,1,0,0,1,1,1,1,1,1,1,1,1,1,1,1,1,1,1,1,0
11.349448425235312,0.1625510204081626,-4.105997483098177,0.768936392874182,11.333333333333334,330.749,1.4285714285714286,2.8690096274557706,2.406625749127726,47413.253103334064,5.761535947024768,14.840466935900384,10.655730894392217,0.0,10.023291153407584,0.0,5.969305287951849,0.0,18.3513079060087,0.0,0.0,11.600939890232516,24.26546827384644,0.0,29.081390481673516,22.73601250029481,33.28092260627551,0.0,0.0,5.138973737607942,11.440239881430351,5.316788604006331,46.874963493798255,0.0,10.455762341614273,5.687386274683562,0.0,11.600939890232516,19.493629667121493,16.56804755932016,0.0,16.118236094643258,5.022633313741326,0.0,122.63000000000001,20.88807991687721,13.212334168400758,0.0,22.81822748603446,5.760247418874442,6.06636706846161,12.329530064100666,12.13273413692322,0.0,5.316788604006331,26.263591959734512,27.803894068493637,5.8357995909269045,10.791697268413538,16.808307021895587,-0.09140636810279568,-0.7254669390904505,1.4783664787548867,0.22056602733686081,-4.105997483098177,0.08333333333333333,4,0,0,0,0,1,0,0,5,9,1,5,0,0,0,0,0,2,1.8907,0,0,0,0,1,0,0,0,1,0,0,0,0,1,1,0,0,0,0,0,0,0,0,0,1,0,0,0,0,0,0,1,0,0,0,0,0,0,0,0,0,0,0,0,0,0,0,0,0,0,0,0,0,0,0,1,0,0,0,0,0,0,0,10,4.4714285714285715,2,2,0.0,939.0,4,0.10476190476190475,0.1827067669172932,0.1827067669172932,0.17482833351630017,0.1827067669172932,0.23329267799298992,0.18333906873580705,0.18333906873580705,0.017939578593671776,0,0,0,0,1,2,0,0.42857142857142855,0.5714285714285714,0.23809523809523808,0.09523809523809523,0.047619047619047616,0.36363636363636365,0.13636363636363635,1,0,1,0,0,1,1,0,1,0,1,0,0,0,1,1,1,0,0,1,0,0,0,1,0,0,0,1,0,0,0,0,1,0,0,0,0,0,0,1,0,0,0,0,0,0,0,0,1,1,0,1,0,0,0,0,1,0,1,0,0,0,0,0,1,1,0,0,1,0,0,1,1,0,0,0,0,0,0,0,1,1,0,0,0,0,1,0,0,0,1,0,0,0,1,0,0,0,0,0,1,0,0,0,0,0,0,1,0,0,1,0,0,0,0,0,0,0,0,0,0,0,0,0,0,1,0,1,0,0,0,0,0,0,0,0,0,0,0,0,0,0,0,0,0,0,0,0,0,0,0,0,0,0,0,0,0,0,0,0,1,1,0,0,0,0,0,0,0,0,0,0,0,0,0,0,0,0,0,1,0,1,0,1,0,1,1,1,1,1,0,0,1,0,0,1,0,1,0,0,0,1,0,0,0,0,0,0,0,1,1,1,1,0,0,1,1,0,0,0,0,0,1,1,1,1,0,0,1,0,1,1,0,0,1,1,0,0,0,0,1,0,0,0,0,1,0,0,0,0,0,1,1,1,0,0,0,0,1,1,1,1,1,1,1,1,0,1,1,0,1,0,1,0,1,0,1,0,1,1,1,1,1,1,1,1,1,1,0,1,1,1,1,1,0
11.442129157218442,0.057224033131771046,-0.4313057445200299,0.7038615838122526,25.666666666666668,229.261,1.8,2.656999263425458,2.2042997522549417,3818.107941542383,4.213446893102682,15.577057825802939,17.481762320138984,0.0,0.0,0.0,5.689743398203474,4.567099647791355,4.794537184071822,4.9839785209472085,11.761884949391115,0.0,6.06636706846161,11.949697178359866,6.606881964512918,9.843390348640755,17.57974772722614,0.0,9.551078168738563,0.0,11.663899542303952,18.09340304842189,22.74749122234998,0.0,11.423410875365658,5.817862777835028,0.0,11.761884949391115,32.453339506408064,4.736862953800049,0.0,6.22790117073487,0.0,0.0,90.36999999999999,5.689743398203474,4.794537184071822,0.0,24.088644284651902,5.752853606746789,0.0,16.32898459718247,12.263210640074686,0.0,4.9839785209472085,15.577057825802939,6.786462585034014,1.467232379062736,15.044570105820105,8.87527893256068,4.6734825365331325,0.816764954438566,1.1834136432350713,-0.057224033131771046,0.0,0.5,3,0,1,1,0,1,2,0,7,7,2,2,0,1,1,0,0,2,-0.5941000000000001,0,1,1,1,0,2,0,0,0,0,0,0,2,0,1,0,0,0,0,0,0,0,0,0,1,0,0,0,0,0,1,0,0,0,0,0,0,0,0,0,0,0,0,0,0,0,0,0,0,0,0,0,0,0,1,0,0,0,0,0,0,0,0,9,3.5142857142857142,2,2,0.0,369.0,3,0.15238095238095237,0.1934065934065934,0.1934065934065934,0.17496585367925166,0.1934065934065934,0.29620591154117376,0.23789947512252466,0.23789947512252466,0.018223521115987996,0,0,0,0,1,1,1,0.4666666666666667,0.5333333333333333,0.2,0.2,0.06666666666666667,0.5625,0.0625,0,1,0,1,1,0,0,0,0,0,1,0,0,0,0,0,1,0,0,1,0,0,0,0,0,0,0,0,0,1,1,0,0,0,0,1,1,0,0,1,1,0,0,0,0,0,0,0,0,1,0,0,0,1,1,0,0,0,1,0,0,0,1,1,0,1,0,0,0,0,0,0,0,0,0,0,0,1,0,0,1,1,0,0,0,0,1,0,0,0,0,0,0,0,1,1,0,1,0,0,1,1,1,0,0,0,0,0,1,0,0,0,0,0,1,0,0,0,0,0,0,0,1,1,0,0,0,1,0,0,0,0,0,0,0,0,0,0,0,0,0,0,0,0,0,0,0,0,0,0,0,0,0,0,0,0,0,0,0,0,0,0,0,0,1,1,1,0,0,0,0,0,0,0,0,0,0,0,0,0,0,0,0,0,0,1,0,0,0,0,1,0,0,1,0,0,0,0,0,0,1,0,0,1,0,1,0,0,1,1,1,1,1,1,0,0,1,1,0,1,1,0,0,0,1,1,1,0,0,0,0,0,0,0,1,0,0,1,1,1,0,1,0,0,0,1,0,0,1,1,1,0,0,0,0,1,1,1,0,1,1,1,0,1,0,1,1,1,0,0,1,1,1,0,1,0,1,0,1,1,0,1,1,1,1,1,1,1,0,1,1,1,1,1,0
11.541034580498867,0.44097505668934245,-0.6207638888888884,0.8863958351409401,24.047619047619047,287.4470000000001,0.9523809523809523,3.0772567555311636,1.7530078068956165,128998.60319186638,6.933140526690529,10.006437125691184,0.0,0.0,0.0,0.0,0.0,0.0,0.0,0.0,0.0,49.59430021108608,56.67497846431358,6.544756405912575,5.601050810983688,5.106527394840706,0.0,0.0,4.899909730850478,5.917906046161393,56.96762379439177,19.634269217737724,35.89528683400505,0.0,0.0,0.0,0.0,0.0,29.64070634342891,5.601050810983688,5.917906046161393,56.930024475105085,0.0,0.0,23.47,5.601050810983688,5.106527394840706,0.0,0.0,5.917906046161393,18.52902952053558,58.03526417230724,0.0,6.06636706846161,29.165378004696915,0.0,0.0,0.0,2.5245401077097505,11.541034580498867,0.5145110544217695,0.44097505668934245,9.81884975749559,3.479133912824389,0.0,0.6842105263157895,1,1,1,2,0,0,1,0,2,2,1,5,1,1,2,0,1,3,3.940400000000003,0,1,0,0,0,0,0,0,0,0,0,0,1,0,0,0,0,1,0,0,0,0,0,0,0,0,0,0,0,0,0,0,0,0,0,0,0,0,0,0,0,0,0,0,0,0,0,0,0,0,0,0,0,0,0,0,0,0,0,0,0,0,0,9,4.3,3,3,0.0,903.0,4,0.10952380952380954,0.17368421052631577,0.17368421052631577,0.19411605991533978,0.17368421052631577,0.24270546913931032,0.18446231163920823,0.18446231163920823,0.013050500185754968,0,0,0,0,1,1,2,0.09523809523809523,0.9047619047619048,0.047619047619047616,0.047619047619047616,0.0,0.7391304347826086,0.0,0,0,1,0,1,1,0,0,0,1,1,0,0,0,1,0,0,0,0,0,1,0,0,0,0,0,0,0,1,0,1,1,0,0,0,0,0,0,0,1,0,1,0,0,0,1,0,1,0,0,0,0,0,0,0,0,0,0,0,0,0,0,0,0,1,0,0,0,0,0,0,0,1,0,1,0,0,0,1,0,1,1,0,0,0,0,1,0,0,0,0,0,0,0,0,0,0,1,0,0,1,0,0,0,0,0,0,0,0,0,0,0,1,0,1,0,1,0,1,0,0,1,1,1,0,0,0,1,0,0,0,0,0,0,0,0,0,0,0,0,0,0,0,0,0,0,0,0,0,0,0,0,0,0,0,0,0,0,0,0,0,0,0,0,0,0,0,0,0,0,0,0,0,0,0,0,0,0,0,0,0,0,0,0,0,0,0,0,0,0,0,0,0,0,1,0,0,0,0,0,0,0,0,1,0,0,0,0,0,0,0,1,0,1,1,0,0,0,1,1,0,0,0,0,1,1,0,0,1,0,0,0,1,0,0,0,0,0,0,1,1,0,0,0,0,0,1,0,0,1,1,0,0,0,0,0,1,1,0,0,1,0,0,0,0,1,1,1,0,0,0,0,0,1,0,1,1,0,0,0,1,1,0,1,0,1,1,0,0,1,1,1,1,1,0
11.822743095179199,0.0867481202893352,-0.6585668194172887,0.48774191921086135,15.791666666666666,339.3920000000002,1.25,2.6125669569971706,1.5005148678380487,275845.26958758925,9.964547226017558,35.220267636144655,24.209872018829028,0.0,0.0,0.0,6.031114512338072,0.0,4.794537184071822,0.0,0.0,0.0,24.26546827384644,32.72378202956288,13.213763929025836,24.481317881353334,6.031114512338072,0.0,15.53348693886314,0.0,6.103966387748303,52.54442792310162,24.26546827384644,11.49902366656781,15.370440161812711,4.794537184071822,11.49902366656781,0.0,79.79247334371989,4.736862953800049,0.0,0.0,0.0,0.0,103.29,6.103966387748303,9.901064578912528,0.0,18.387508310134894,51.68705779187261,0.0,12.13273413692322,17.0326438677737,0.0,10.633577208012662,14.580253302440804,10.601975494401488,0.0,13.548776134810723,24.882543239098865,0.0,0.7576999654444616,-0.6585668194172887,3.9667041472340947,0.0,0.5625,4,0,1,1,2,0,1,0,6,8,1,8,0,1,1,0,1,2,-0.23669999999999924,0,1,1,0,0,0,0,1,0,0,0,0,1,2,0,0,0,0,0,0,0,0,0,0,0,0,0,0,0,0,2,0,0,0,0,0,0,0,0,0,0,0,1,0,0,0,0,0,0,0,0,0,0,0,0,0,0,0,0,0,0,0,1,17,6.5978260869565215,2,2,0.0,1821.0,3,0.09057971014492754,0.2544466403162055,0.2544466403162055,0.21045749065286515,0.2544466403162055,0.15679162741779687,0.0,0.0,0.011004305960669149,0,0,0,0,0,1,1,0.3333333333333333,0.6666666666666666,0.20833333333333334,0.125,0.0,0.72,0.04,1,1,0,0,1,0,0,0,0,0,1,1,0,0,0,0,1,0,1,0,0,0,0,0,0,0,0,1,0,0,1,0,0,1,0,1,0,1,0,1,0,0,0,0,1,0,1,0,0,0,0,0,0,0,1,1,0,0,0,0,1,0,0,0,0,0,1,0,0,1,0,0,1,1,0,0,0,0,1,1,1,1,0,0,0,0,1,0,0,1,1,0,0,0,1,0,0,0,0,1,1,0,1,0,1,1,0,0,1,0,0,0,0,0,1,0,0,0,1,0,0,0,0,0,0,1,0,0,0,0,0,0,0,0,0,0,0,0,0,0,0,0,0,0,0,0,0,0,0,0,0,0,0,0,0,0,0,0,0,0,0,0,0,0,0,1,0,0,0,0,0,0,0,0,0,0,0,0,0,0,0,0,1,0,0,1,0,0,0,0,0,0,0,0,0,0,0,0,0,0,1,0,0,1,0,1,0,1,0,0,1,0,0,1,1,0,0,0,1,1,0,0,0,1,0,1,1,0,1,0,0,0,1,0,1,0,0,1,1,1,0,1,0,0,0,1,1,0,1,1,1,0,0,0,1,1,1,1,0,1,1,0,0,0,0,1,1,1,1,0,1,1,0,1,1,1,1,0,0,1,1,1,1,1,1,1,1,1,0,1,1,1,1,1,0
11.704907407407408,0.09268518518518487,-0.900727513227513,0.6816110954453929,23.571428571428573,217.28999999999996,1.6428571428571428,2.6330332327029877,2.6669696816932777,1627.2145378104465,4.682872740708367,10.006437125691184,6.041840829147961,0.0,5.907179729351506,0.0,5.969305287951849,4.794537184071822,4.794537184071822,12.628789148012991,0.0,6.923737199690624,12.841643245852019,18.215516058820757,0.0,14.69560176298435,24.505274165316344,0.0,4.899909730850478,5.917906046161393,25.807221274690605,12.297610012659364,0.0,0.0,0.0,0.0,0.0,12.628789148012991,40.222372984801865,9.589074368143644,5.917906046161393,19.765380445542643,0.0,0.0,57.61,12.011146117099809,9.589074368143644,0.0,11.8250857755129,18.718431635585375,6.4208216229260096,4.899909730850478,6.923737199690624,0.0,12.628789148012991,5.106527394840706,0.0,4.033962112622827,23.980813492063493,8.874048091458805,0.0,-0.7294542076089692,1.3495663265306121,2.3338110985134795,0.0,0.7777777777777778,1,0,1,1,1,0,2,0,3,5,1,3,0,1,1,0,0,1,0.6279000000000001,1,0,0,0,0,0,0,0,1,0,0,0,1,0,0,0,0,1,1,0,0,0,0,0,0,0,0,0,0,0,0,0,0,0,0,0,0,0,0,0,0,0,0,0,0,0,0,0,0,0,0,0,0,0,0,0,0,0,0,0,0,0,0,7,3.2637362637362637,1,1,0.0,297.0,3,0.15384615384615388,0.18864468864468864,0.18864468864468864,0.220808036235276,0.18864468864468864,0.3192451045035835,0.23719683679087417,0.23719683679087417,0.02281093017917566,0,0,0,0,1,0,1,0.35714285714285715,0.6428571428571429,0.21428571428571427,0.07142857142857142,0.07142857142857142,0.8571428571428571,0.14285714285714285,0,1,0,0,1,1,0,0,1,0,1,0,0,0,0,0,0,0,0,1,0,0,0,1,0,1,0,1,0,0,1,0,0,1,0,0,0,0,0,1,0,0,0,0,0,1,0,1,0,0,0,1,0,0,0,0,0,0,0,0,0,0,1,0,0,1,0,0,0,0,0,0,1,0,0,0,0,0,0,0,1,0,0,0,0,0,0,0,0,0,0,0,0,0,0,0,1,1,1,0,0,1,0,0,1,0,0,0,1,0,0,0,0,0,1,0,0,0,0,0,0,0,0,1,0,1,0,0,0,0,0,0,0,0,0,0,0,0,0,0,0,0,0,0,0,0,0,0,0,0,0,0,0,0,0,0,0,0,0,0,0,0,0,0,0,0,0,0,0,0,0,0,0,0,0,0,0,0,0,0,0,0,0,0,0,0,0,0,0,0,0,0,0,0,0,0,0,0,0,0,0,0,0,1,0,0,0,0,0,0,1,1,0,1,0,0,1,0,1,1,1,0,0,1,1,0,0,0,1,0,0,0,0,0,0,0,1,0,1,1,0,0,0,1,0,1,1,0,0,1,1,1,0,0,0,0,1,1,0,1,0,0,0,0,1,1,1,1,0,0,0,0,0,0,1,1,1,0,1,0,0,1,1,1,1,1,1,1,1,1,0,0,1,1,0
11.074862611131689,0.08251572079449021,-0.3107458136300125,0.8831305051919813,18.238095238095237,287.36299999999994,1.380952380952381,3.025871062102797,1.773954929663153,92019.76486960816,5.773843252852653,19.937539809604065,6.606881964512918,0.0,0.0,0.0,6.093240070938415,0.0,4.794537184071822,0.0,0.0,6.06636706846161,50.1966243315236,23.64452490960671,6.041840829147961,9.53140013787187,16.996165003019474,0.0,15.200676855804016,0.0,18.88348407499998,27.246982335779872,35.5228477603919,0.0,5.316788604006331,4.794537184071822,0.0,0.0,49.26595148766393,17.578506199652068,0.0,11.126902983393991,0.0,10.902924932081056,57.36,0.0,4.794537184071822,0.0,12.135080900086376,6.606881964512918,19.386399651764595,22.02982791547505,0.0,0.0,53.69196559815631,4.736862953800049,4.937067423617748,0.0,16.590295929967333,4.100692577574342,3.731920561434451,0.0,3.617936657815356,1.4872988803724734,4.172713952883367,0.4375,2,0,1,1,1,1,1,0,3,5,2,5,0,1,1,0,0,3,1.9229,0,0,0,0,0,1,1,0,0,0,0,0,1,2,0,0,1,0,0,0,1,0,0,0,0,0,0,0,1,0,1,0,0,0,0,0,0,0,0,0,1,0,0,0,0,0,0,0,0,0,0,0,0,0,0,0,0,0,0,0,0,0,0,12,4.785714285714286,3,3,0.0,1005.0,3,0.10952380952380951,0.19924812030075187,0.19924812030075187,0.17848817476228376,0.19924812030075187,0.2183123513694774,0.1827064864043467,0.1827064864043467,0.013757624336677543,0,0,0,0,2,2,1,0.23809523809523808,0.7619047619047619,0.09523809523809523,0.14285714285714285,0.0,0.5217391304347826,0.043478260869565216,0,0,0,1,0,0,0,0,1,0,1,1,1,0,0,0,1,1,0,1,0,0,0,0,0,0,0,0,0,0,1,1,0,1,1,0,0,0,1,0,0,0,0,0,0,1,0,0,0,0,0,0,0,1,1,0,1,1,1,0,0,0,0,1,0,0,0,0,0,1,0,0,1,0,1,0,0,1,0,0,1,1,0,0,0,1,1,1,1,0,1,1,1,0,0,0,0,0,0,0,1,0,0,0,0,0,0,1,1,0,0,0,0,1,1,0,1,0,0,1,0,0,0,1,0,0,1,0,0,0,0,0,0,0,0,0,0,0,0,0,0,0,0,0,0,0,0,0,0,0,0,1,0,0,0,0,0,0,0,0,0,0,0,0,0,0,0,0,0,0,0,0,0,0,0,0,0,0,0,0,0,0,0,0,0,1,0,0,0,0,0,0,0,1,0,0,0,0,0,0,0,0,1,0,0,0,0,0,0,0,0,1,0,1,1,0,0,0,1,1,0,1,0,1,1,0,0,0,1,1,0,0,1,1,1,0,0,1,1,1,0,0,0,1,1,1,1,0,1,1,1,1,0,1,0,1,0,0,0,1,0,0,0,0,0,1,1,0,0,0,1,1,0,0,0,1,1,1,0,1,0,1,1,1,1,1,1,1,1,1,1,1,1,1,0
12.427215281818562,0.002704880046600744,-0.7905352313027281,0.5099245254177376,24.03125,440.5400000000003,1.15625,3.5220651808650776,1.472792901196485,28524409.91309539,10.298035859685053,19.577329889700433,6.263162995639057,5.693927994848461,5.890723922025908,5.907179729351506,5.969305287951849,9.589074368143644,4.9839785209472085,0.0,0.0,44.030848719389084,43.23101109802404,18.883484074999977,18.125838821658,23.849615653837745,11.876485017303356,0.0,10.30076712495354,5.917906046161393,76.4161490047567,6.544756405912575,53.240186169753855,0.0,5.316788604006331,0.0,0.0,0.0,40.71968011450045,22.37304338372389,5.917906046161393,78.87266506774826,0.0,0.0,101.66000000000001,5.969305287951849,9.589074368143644,0.0,36.37174622009691,24.550229945712953,49.651832720950054,6.263162995639057,0.0,18.19910120538483,23.29087139310577,14.260541285694103,12.026380582618788,0.0,28.026526619480094,11.99372868004189,2.5381487767693933,-0.21976289377814928,8.168564537333918,2.769791400670421,0.0,0.56,2,0,2,2,1,1,4,2,5,7,3,11,0,2,2,0,0,4,4.1155000000000035,1,0,0,0,0,1,0,0,1,0,0,0,1,1,0,0,0,0,0,0,0,0,0,0,0,1,0,0,2,0,1,0,0,0,0,0,0,0,0,0,0,0,0,0,0,1,0,0,0,0,0,0,0,0,0,0,0,0,0,0,0,2,0,18,6.516129032258065,4,4,0.0,3232.0,3,0.07056451612903225,0.18387096774193545,0.18387096774193545,0.18350431909208031,0.18387096774193545,0.16167137156443714,0.12766669430834632,0.12766669430834632,0.011461769263956681,0,0,0,0,3,2,2,0.21875,0.78125,0.15625,0.0625,0.0,0.6285714285714286,0.05714285714285714,1,1,0,0,1,1,1,1,1,0,1,0,0,0,0,0,1,0,0,1,0,1,0,0,0,0,1,1,1,0,1,0,0,1,0,0,1,0,1,1,0,0,0,0,0,1,0,1,0,1,0,0,0,0,0,0,0,1,0,0,0,1,0,1,1,0,0,0,1,1,0,1,0,1,1,0,1,0,0,1,1,1,0,1,1,0,1,1,0,1,0,1,0,0,0,0,0,0,0,0,1,0,1,0,0,0,0,0,0,0,0,0,0,0,0,0,0,1,0,1,0,1,1,1,0,1,0,0,0,0,0,0,0,0,0,0,0,0,0,0,0,0,0,0,0,0,0,0,0,0,0,0,0,0,0,0,0,0,0,0,0,0,0,0,0,0,0,0,0,0,0,0,0,0,0,0,0,0,0,0,0,0,0,0,0,1,0,0,0,0,1,0,0,1,0,0,0,0,0,0,0,0,0,0,0,0,0,1,0,0,1,1,0,0,0,0,0,1,1,1,1,0,0,1,1,1,0,0,1,0,0,0,1,1,0,0,1,0,1,1,0,0,1,1,1,1,1,0,1,1,0,1,0,1,0,0,1,1,0,1,1,0,0,0,1,1,0,1,1,0,1,0,1,1,1,1,0,0,1,1,1,1,1,1,1,1,1,1,1,1,1,1,1,1,0
6.043289526877398,0.16916472530826954,0.16916472530826954,0.6069831028443925,10.666666666666666,369.4250000000001,0.9629629629629629,2.654110783726351,1.9203540423868497,1140338.6982280267,7.44583257827686,30.99471241973085,5.817862777835028,11.49902366656781,11.6978511142704,0.0,0.0,0.0,4.9839785209472085,4.9839785209472085,0.0,6.06636706846161,24.117007251546227,29.751101031984152,26.84609334144886,14.210588861400147,28.356513265586145,0.0,9.967957041894417,0.0,13.4684936056032,38.1135161821633,35.392371257240434,17.248535499851716,30.99471241973085,17.453588333505085,17.248535499851716,0.0,31.297349665727015,6.544756405912575,6.923737199690624,11.126902983393991,0.0,10.902924932081056,117.54,0.0,0.0,0.0,5.948339280986494,29.611154683599317,27.71721419015861,0.0,21.3293926238326,31.189205473537065,15.284745645900749,25.67792381572452,16.130038913726995,0.0,8.303986692566445,4.189511939162463,15.360255870962597,2.271006245860317,0.0,2.564159160577811,4.747232794235063,0.2631578947368421,5,0,0,0,0,1,0,0,8,8,1,6,0,0,0,0,0,3,2.740520000000001,0,0,0,2,0,2,0,0,0,0,0,0,2,1,2,0,0,0,0,0,0,0,0,0,3,1,0,0,1,0,3,0,0,0,0,0,0,0,0,0,0,3,0,0,0,0,0,0,0,0,0,0,0,0,0,0,0,0,0,0,0,0,0,14,5.561253561253562,3,3,0.0,1952.0,3,0.08262108262108263,0.18245014245014243,0.18245014245014243,0.17256613217859804,0.18245014245014243,0.18589432071377518,0.15510635939829717,0.15510635939829717,0.014769631977495593,0,0,0,0,0,3,0,0.2962962962962963,0.7037037037037037,0.1111111111111111,0.18518518518518517,0.0,0.41379310344827586,0.0,1,0,0,0,1,0,0,0,1,0,0,0,0,0,0,0,0,0,0,1,0,0,0,0,1,1,1,0,0,0,0,0,0,1,0,0,0,0,0,0,0,1,1,0,0,0,0,0,0,1,1,1,0,0,0,1,0,0,1,1,0,0,0,1,1,1,0,0,0,1,0,0,0,1,0,0,0,1,0,0,1,1,0,1,0,0,1,1,1,0,0,0,0,0,0,0,0,0,0,0,1,0,0,0,0,0,0,1,0,0,0,0,0,0,0,0,0,0,1,0,0,1,1,0,1,0,0,1,0,0,0,0,0,0,0,0,0,0,0,0,0,0,0,0,0,0,0,0,0,0,0,0,0,1,0,0,0,0,0,0,0,0,0,0,0,0,1,0,0,0,0,0,0,0,0,0,0,0,0,0,0,1,0,0,0,0,0,0,0,0,0,0,0,1,0,0,0,0,0,0,1,0,0,0,0,1,0,0,1,0,1,0,1,0,0,0,0,1,0,0,0,1,0,0,0,1,1,0,1,1,0,0,0,1,1,0,0,0,0,0,0,1,0,0,1,0,0,0,1,1,0,0,0,1,1,1,0,0,0,1,0,1,0,1,0,1,0,0,0,1,1,1,1,1,1,0,0,1,1,1,1,1,0,1,1,1,1,1,1,1,1,1,1,1,0
14.835016061980348,0.027180702527924483,-1.559006800378553,0.6764188399093582,22.4,416.3590000000001,1.1333333333333333,3.095001983053413,1.7617670554909077,7858767.135329565,6.2971904266389185,15.74010460285337,17.197893173788785,17.28226083964865,5.428790391900541,0.0,5.969305287951849,9.361636831863176,22.94976084804349,0.0,0.0,0.0,30.034913297707618,31.394564281047796,11.073610489148358,23.07230972193699,22.8205695010194,0.0,9.551078168738563,17.56947956948497,6.041840829147961,17.98942254267563,63.70075343626656,5.687386274683562,16.062367599913205,18.98910792085949,0.0,0.0,39.758264492504225,0.0,29.287474615460468,10.357988675768818,0.0,16.720787709916085,101.44999999999999,34.41320969468707,27.86684690600881,0.0,40.41630340922186,19.15587988028676,28.96304442478926,0.0,4.899909730850478,0.0,4.9839785209472085,5.733667477162185,43.696059075558324,0.0,30.07456436871466,9.045335046493262,3.9398366469106842,-3.7029356761903385,0.9120739900898631,1.00716463317293,0.0,0.25,3,1,1,2,0,2,3,0,6,10,3,3,1,1,2,0,0,5,1.8944999999999996,0,0,0,0,1,2,0,0,1,0,0,0,3,0,1,0,0,0,0,0,0,0,0,0,1,0,0,0,2,0,0,0,0,0,0,0,0,0,0,0,0,0,0,0,0,0,0,0,0,1,0,0,2,0,0,0,0,0,0,0,0,0,0,13,5.2091954022988505,5,5,0.03333333333333333,2266.0,3,0.0781609195402299,0.15032840722495894,0.15032840722495894,0.14163023242754996,0.15032840722495894,0.2004648006223321,0.14568555673577016,0.14568555673577016,0.014662720103443069,0,0,1,0,1,3,2,0.3333333333333333,0.6666666666666666,0.1,0.13333333333333333,0.0,0.4411764705882353,0.058823529411764705,0,0,1,0,0,1,1,0,1,0,1,1,0,1,0,1,0,0,0,1,0,1,0,1,0,0,0,0,0,0,1,0,1,0,0,0,1,0,0,1,1,1,0,0,0,0,0,0,1,0,0,0,1,0,0,0,0,0,1,1,0,0,1,1,0,1,1,0,0,1,0,1,1,1,0,0,0,1,0,1,1,1,0,0,0,0,1,0,0,0,0,0,0,0,0,0,0,0,0,1,1,0,0,1,0,0,0,1,0,0,1,0,0,0,1,0,0,0,0,0,0,0,1,1,0,1,0,0,0,0,0,0,0,0,0,0,0,0,0,0,0,0,0,0,0,0,0,0,0,0,1,0,0,0,0,0,0,0,0,0,0,0,0,0,0,0,1,0,0,0,1,0,0,0,0,0,0,0,0,0,0,0,0,0,0,0,0,0,0,0,1,0,0,1,0,0,0,0,0,0,0,0,0,1,0,1,0,0,1,0,0,1,1,1,1,1,0,1,1,1,0,0,0,0,1,1,1,0,1,1,0,0,0,1,0,1,0,0,0,0,0,1,0,0,0,0,0,0,1,1,1,1,0,1,0,1,1,1,0,1,0,1,1,1,1,1,1,1,0,0,1,1,1,1,1,0,1,0,1,1,1,1,1,0,1,1,1,1,0,1,1,1,1,1,0
13.809625991907424,0.07124852016408312,-0.833277682731598,0.2628234200956571,21.933333333333334,613.8030000000003,1.0,3.317933722622015,1.285219856564186,9690025118.395958,14.643085866126452,20.846631997694075,6.041840829147961,0.0,11.814359458703011,0.0,0.0,24.372872350791805,0.0,0.0,0.0,60.6636706846161,61.93302788017348,62.99512209425977,18.249773604644567,19.802129157825057,11.814359458703011,0.0,25.417375190660824,5.917906046161393,76.40897255993835,26.1790256236503,101.37753086309188,0.0,10.633577208012662,0.0,0.0,0.0,86.77893671171081,28.975474019908237,5.917906046161393,55.48768001793382,0.0,0.0,118.03000000000002,35.74844573233727,19.802129157825057,0.0,24.779937487541595,32.475912463589744,28.798562372700555,0.0,6.196843571613076,93.69809292376269,25.417375190660824,0.0,0.0,0.0,35.887265478181696,28.5052082583052,3.6766292690542652,-0.7813825973835404,3.2603443654366497,8.742259043051524,0.0,0.4722222222222222,4,1,1,2,2,1,5,0,7,9,2,11,0,1,1,0,0,5,2.8669000000000016,0,2,2,0,0,1,0,0,0,0,1,0,3,2,0,0,0,0,0,0,0,0,0,0,0,0,0,0,1,0,0,0,0,0,0,0,0,0,0,0,0,0,0,0,0,0,0,0,0,0,1,0,1,0,0,0,0,0,0,0,0,0,0,19,7.866666666666666,5,5,0.0,7788.0,4,0.04949494949494951,0.15968992248062017,0.15968992248062017,0.17659435514172125,0.15968992248062017,0.13213504562885986,0.0944981307303527,0.0944981307303527,0.009973901318466377,0,0,0,0,1,3,1,0.2,0.8,0.08888888888888889,0.1111111111111111,0.0,0.5918367346938775,0.04081632653061224,1,1,1,1,0,1,0,0,1,0,1,0,1,0,0,0,0,0,1,1,0,0,0,0,0,0,0,0,1,0,1,1,0,1,0,0,0,1,0,1,1,0,1,0,1,0,0,1,0,1,1,0,0,1,0,1,1,1,0,0,0,1,0,0,1,0,0,1,0,0,0,0,1,1,1,0,0,0,0,1,1,1,0,0,1,1,1,0,0,1,1,1,0,0,0,0,1,0,1,1,1,1,1,1,0,1,0,1,1,0,0,0,0,0,1,1,1,0,1,0,0,0,1,1,1,1,0,1,0,0,0,0,0,0,0,0,0,0,0,0,0,0,0,0,0,0,0,0,0,0,0,0,0,0,0,0,0,0,0,0,0,0,0,0,0,0,0,0,0,0,0,0,0,0,0,0,0,0,0,0,0,0,1,0,0,0,0,0,0,0,0,0,0,1,1,0,0,0,0,0,0,0,1,1,0,0,0,1,1,0,0,0,0,1,1,0,0,0,1,1,1,0,0,1,1,1,1,0,1,1,0,0,1,1,0,0,0,0,1,1,1,0,0,0,0,1,1,0,1,1,1,0,0,1,0,1,1,1,0,1,1,1,0,0,1,1,1,1,1,1,1,1,1,1,1,1,1,1,1,1,1,1,1,1,1,1,1,1,1,1,1,1,1,1,0
12.7721910430839,0.15930555555555515,-0.6096182917611495,0.7856488020836657,20.0,300.3620000000001,1.1818181818181819,2.7209240424963492,2.1749452813953205,103876.71717038313,5.119926717336136,4.899909730850478,5.917906046161393,0.0,5.959554568743835,11.814359458703011,0.0,9.589074368143644,10.001317256590202,5.008912523954532,0.0,19.410925891078243,31.040744451236847,14.09534396535438,11.374772549367124,9.589074368143644,29.14868657681397,0.0,9.90882225480501,10.910310778797061,26.689117645233267,19.10425648930891,23.762552697081826,0.0,5.008912523954532,11.374772549367124,0.0,0.0,41.77808024760623,9.589074368143644,12.841643245852017,25.328831937239638,0.0,0.0,56.220000000000006,5.917906046161393,9.589074368143644,0.0,11.814359458703011,23.75514874103697,11.984273114623004,10.017825047909064,4.899909730850478,46.14191957012046,4.992404732635669,0.0,0.0,0.0,31.798912037037038,2.9144444444444444,2.4238843484924844,-0.4774773242630381,1.3526448727639204,3.938427001973629,3.6410719009826154,0.4375,0,0,2,2,2,0,1,0,4,6,2,2,0,1,1,0,1,3,2.0642199999999997,0,0,0,0,0,0,0,0,0,0,0,1,4,0,0,0,0,0,0,0,0,0,0,0,1,1,0,0,3,0,0,0,1,1,0,0,0,0,0,0,0,0,0,0,0,0,0,0,0,0,0,0,0,0,0,0,0,0,0,0,0,0,0,9,3.965367965367965,3,3,0.0,916.0,3,0.10389610389610388,0.1482683982683983,0.1482683982683983,0.1226951169834436,0.14826839826839827,0.26329426319051574,0.182972069725931,0.182972069725931,0.018258169141978912,0,0,0,0,1,1,1,0.2727272727272727,0.7272727272727273,0.09090909090909091,0.18181818181818182,0.0,0.625,0.125,0,0,0,0,0,1,0,0,1,0,1,1,0,0,0,1,0,0,0,0,0,0,0,0,0,0,1,0,0,0,0,1,0,1,0,0,1,0,1,1,0,0,1,0,0,1,0,0,0,0,0,0,0,1,1,0,1,0,1,0,1,0,0,0,1,0,0,0,0,1,0,0,0,0,0,0,0,0,0,0,1,1,0,0,0,1,1,0,0,0,1,0,0,0,1,0,0,0,0,0,1,0,0,0,0,0,0,1,1,0,0,1,0,1,0,0,0,1,0,0,0,0,1,1,0,0,0,0,0,0,0,0,0,0,0,0,0,0,0,0,0,0,0,0,0,0,0,0,0,0,0,0,0,1,0,0,0,0,0,0,0,0,0,0,0,0,0,0,0,0,0,0,0,0,0,0,0,0,0,0,1,0,0,0,0,0,0,0,0,0,0,0,0,0,0,0,0,0,0,0,0,0,1,0,0,1,1,1,1,0,0,1,0,1,1,0,0,1,0,0,1,1,1,1,1,1,1,0,0,1,0,0,0,1,1,0,0,0,1,0,0,0,1,1,0,1,1,1,1,1,1,0,1,0,0,1,0,0,0,0,0,1,0,1,1,1,0,0,0,1,1,1,1,1,0,1,1,1,1,0,0,0,1,1,1,0,1,1,1,1,1,1,1,1,0
12.419707734945831,0.09849384815654627,-0.4069850718065007,0.797387625303995,30.0,317.385,1.2173913043478262,2.7963758006337507,1.7819506824019689,214079.34579331742,6.705375387990387,9.473725907600098,12.021872433909696,0.0,0.0,0.0,11.938610575903699,9.694446914922299,4.794537184071822,0.0,0.0,18.19910120538483,38.94578656514305,18.50450328122193,12.170333456209914,19.06280027574374,11.938610575903699,0.0,4.899909730850478,5.917906046161393,44.37385011451288,13.654553947190108,35.89528683400505,0.0,0.0,0.0,0.0,0.0,48.6807222999885,14.268263091671919,5.917906046161393,36.54419074423747,0.0,0.0,55.84,12.021872433909696,9.589074368143644,0.0,17.98045140505166,24.63299590828388,12.841643245852019,0.0,31.18920547353706,13.1140390511388,4.899909730850478,9.473725907600098,10.961112528344671,0.0,27.030441940665156,0.0,0.5151702517426728,-1.0178005060048707,2.2691545414462073,2.140303998333851,2.045432728647014,0.5555555555555556,0,0,2,2,0,0,4,2,5,5,2,4,0,2,2,0,2,3,2.2578000000000005,0,0,0,0,0,0,0,0,0,0,0,0,1,0,0,0,0,0,0,0,0,0,0,0,0,0,0,0,2,2,2,0,0,0,0,0,0,0,0,0,0,0,0,0,0,0,0,0,0,1,0,0,0,0,0,0,0,0,0,0,0,0,0,11,4.592885375494071,3,3,0.0,1162.0,3,0.09881422924901183,0.17108977978543197,0.17108977978543197,0.18086955330885274,0.17108977978543197,0.22685837206527018,0.16627373438952922,0.16627373438952922,0.01497729245840343,0,0,0,0,1,1,2,0.21739130434782608,0.782608695652174,0.17391304347826086,0.043478260869565216,0.0,0.68,0.08,0,1,0,0,0,1,0,0,0,0,1,0,1,0,0,1,0,1,0,1,0,0,1,0,0,1,1,0,0,0,1,0,0,1,0,0,0,1,1,1,0,1,0,0,0,1,1,1,0,0,0,0,0,0,0,1,0,0,1,0,0,0,0,0,1,1,0,0,0,1,1,0,0,0,0,0,0,0,0,1,1,1,1,1,0,0,1,0,0,0,0,0,0,0,1,0,1,0,1,0,1,0,1,0,0,1,0,0,0,0,0,0,0,1,0,0,0,0,1,0,0,1,0,1,0,1,0,0,0,0,0,0,0,0,0,0,0,0,0,0,0,0,0,0,0,0,0,1,0,0,0,0,0,0,0,0,0,0,0,0,0,0,0,0,0,0,0,0,0,0,0,0,0,0,0,0,0,0,0,0,0,0,0,0,0,0,0,0,0,0,0,0,0,0,0,0,0,0,0,0,0,0,0,1,0,0,0,0,0,0,0,1,0,1,0,0,0,1,0,0,0,1,0,0,1,1,1,0,0,0,0,0,0,1,0,0,1,1,0,1,0,0,1,0,1,0,1,0,0,1,1,1,0,0,1,1,1,1,0,0,1,0,0,0,1,1,0,0,1,0,0,1,0,1,1,1,1,1,1,0,1,1,1,1,1,1,1,1,1,1,1,1,1,1,0
12.29670918367347,0.09701236667506485,-0.4084665532879823,0.7979361284429697,30.818181818181817,303.35800000000006,1.1818181818181819,2.784087646572413,1.7896528798720672,134560.52413413787,6.084896581778482,9.473725907600098,12.021872433909696,0.0,0.0,0.0,11.938610575903699,9.694446914922299,4.794537184071822,0.0,0.0,18.19910120538483,32.02204936545243,18.504503281221933,12.673249032974528,19.06280027574374,11.938610575903699,0.0,4.899909730850478,5.917906046161393,37.45011291482225,14.157469523954724,35.89528683400505,0.0,0.0,0.0,0.0,0.0,49.183637876753124,14.268263091671919,5.917906046161393,29.620453544546848,0.0,0.0,55.84,12.021872433909696,9.589074368143644,0.0,17.98045140505166,18.026113943770966,12.841643245852019,7.109797541277533,24.26546827384644,13.1140390511388,4.899909730850478,9.473725907600098,10.624944727891158,0.0,26.715762156714536,0.0,0.5114729780801213,-1.0621018098597468,2.2579118638196016,0.0,3.4235723733938017,0.5294117647058824,0,0,2,2,0,0,4,2,5,5,2,3,0,2,2,0,0,3,1.8677,0,0,0,0,0,0,0,0,0,0,0,0,1,0,0,0,0,0,0,0,0,0,0,0,0,0,0,0,2,2,2,0,0,0,0,0,0,0,0,0,0,1,0,0,0,0,0,0,0,1,0,0,0,0,0,0,0,0,0,0,0,0,0,10,4.41991341991342,3,3,0.0,1021.0,3,0.10389610389610388,0.170995670995671,0.170995670995671,0.18328643404683617,0.170995670995671,0.23503777036870702,0.17233817866586196,0.17233817866586196,0.015548095908465856,0,0,0,0,1,1,2,0.22727272727272727,0.7727272727272727,0.18181818181818182,0.045454545454545456,0.0,0.6666666666666666,0.08333333333333333,1,1,0,0,0,1,0,0,0,0,1,0,1,0,0,1,0,1,0,0,0,0,1,0,0,1,1,0,0,0,1,0,0,1,0,0,0,1,0,1,0,1,1,0,0,1,1,1,0,0,0,0,0,0,0,1,0,0,0,0,0,0,0,0,1,1,0,0,0,1,1,0,0,1,0,0,0,0,0,1,0,1,1,0,0,0,1,0,0,0,0,0,0,0,1,0,1,0,1,0,1,0,1,0,0,1,0,0,0,0,0,0,0,1,0,0,0,0,1,0,0,1,0,1,0,1,0,0,0,0,0,0,0,0,0,0,0,0,0,0,0,0,0,0,0,0,0,1,0,0,0,0,0,0,0,0,0,0,0,0,0,0,0,0,0,0,0,0,0,0,0,0,0,0,0,0,0,0,0,0,0,0,0,0,0,0,0,0,0,0,0,0,0,0,0,0,0,0,0,0,0,0,0,1,0,0,0,0,0,0,0,1,0,1,0,0,0,1,0,0,0,1,0,0,1,1,1,0,0,0,0,0,0,1,0,0,1,0,0,1,0,0,0,0,1,0,1,0,0,1,1,1,0,0,1,1,1,1,0,0,1,0,0,0,1,1,0,0,1,0,0,1,0,1,1,1,1,1,1,0,1,0,1,0,1,1,1,1,1,1,1,1,1,1,0
12.720234298596493,0.044820307625141664,-1.4088427307882851,0.39896703324328125,21.35483870967742,478.57700000000017,1.3225806451612903,3.1955663746859173,1.4529746039010103,10764572.107501483,8.986756081799548,15.529843393687743,22.1203766520253,10.443622068421849,0.0,11.814359458703011,5.969305287951849,14.48898409899412,4.794537184071822,0.0,21.959248565993192,53.4305061696339,18.060293221456888,11.505707213493578,0.0,24.596666341896878,52.64422052337183,0.0,20.414061951458883,0.0,28.783072910229173,11.505707213493578,52.17305437398291,0.0,5.316788604006331,0.0,0.0,34.860555776716964,66.0154137393991,14.383611552215466,6.923737199690624,16.675041576298064,0.0,0.0,132.71999999999997,35.303344776519864,24.596666341896878,0.0,5.697039313055833,22.64226323525984,9.347279377526311,39.760465507567446,30.33183534230805,6.923737199690624,15.514152220608405,0.0,0.7331830366515822,4.187669656194074,38.27814442506691,30.7960170443924,0.9888098782584511,-1.591893944702247,-1.4088427307882851,1.8399083759131003,0.0,0.3157894736842105,3,0,2,2,2,1,3,0,9,12,3,7,0,1,1,0,0,4,1.4108200000000002,1,1,1,0,0,2,0,0,1,0,0,0,3,1,0,0,0,0,0,0,0,0,0,0,0,1,0,0,1,0,0,0,0,0,0,0,0,0,0,0,0,0,0,0,0,0,0,0,0,0,0,0,0,0,2,0,0,0,0,0,0,0,0,17,6.320430107526882,4,4,0.0,2939.0,3,0.07311827956989249,0.18346310715609937,0.18346310715609937,0.17011302449239427,0.18346310715609934,0.16582438021491794,0.12625266142460653,0.12625266142460653,0.013268935432626106,0,0,0,1,1,2,2,0.3870967741935484,0.6129032258064516,0.16129032258064516,0.12903225806451613,0.0967741935483871,0.5588235294117647,0.11764705882352941,1,1,1,1,0,1,1,0,0,0,1,0,1,0,0,0,0,0,0,0,0,0,0,0,0,1,0,0,0,1,1,1,0,1,1,1,0,0,0,1,1,0,0,0,0,1,0,1,0,1,0,0,0,0,0,0,0,0,1,0,0,1,0,0,1,0,0,1,1,0,0,0,1,1,0,0,0,0,0,0,1,1,0,0,0,1,1,0,0,1,0,1,0,0,0,1,0,0,0,1,1,0,1,1,1,1,0,0,0,0,0,1,0,1,1,0,1,0,0,0,0,0,1,1,0,1,0,1,0,0,0,0,0,0,0,0,1,0,0,1,0,0,0,0,0,0,0,0,0,0,0,0,0,0,0,0,0,0,0,0,0,0,0,0,1,0,0,0,0,0,0,0,0,1,0,1,0,0,1,0,1,0,1,0,0,0,0,1,0,0,0,0,1,1,0,0,0,0,0,0,1,0,0,0,1,0,0,1,1,1,0,1,0,1,0,0,1,0,0,1,1,0,1,1,1,1,1,1,0,1,0,0,0,1,1,0,0,0,1,0,0,0,0,0,0,1,0,0,1,1,1,1,1,1,0,1,0,0,0,1,0,1,0,0,1,1,1,1,1,0,1,1,0,1,1,0,1,0,1,1,1,1,1,1,1,1,1,1,1,1,1,1,1,1,0
11.479043954898101,0.06096290131959381,-1.7900953464808536,0.3591442443848132,45.39393939393939,461.4670000000001,1.1818181818181819,3.141586433650757,1.3806890539873478,40752426.739921525,7.144089926172018,44.64313556645415,30.51983193874151,23.893016783651326,0.0,0.0,5.969305287951849,0.0,4.794537184071822,0.0,0.0,18.218407282129373,38.06389019460039,22.938188836403132,0.0,44.53776301967549,5.969305287951849,0.0,4.899909730850478,5.917906046161393,67.21229960022178,13.592428388589765,35.411677333984976,11.49902366656781,4.736862953800049,0.0,11.49902366656781,0.0,98.94994626656862,26.10407518399471,5.917906046161393,17.54772460632,0.0,0.0,149.15,54.298120813173654,30.327174158275348,0.0,17.70925870859326,5.749511833283905,30.513302635158585,0.0,6.06636706846161,12.142387175295491,18.02360182036155,14.210588861400147,17.735762235449737,0.0,13.821796495333722,50.52354194105652,1.691410077875401,-0.8240079793459563,-4.158914595714067,0.8379674487002228,2.1071935846507457,0.6086956521739131,5,2,3,5,0,0,10,2,9,10,3,3,0,2,2,1,0,6,-0.8853999999999989,1,3,3,0,0,0,0,1,1,0,0,0,1,0,0,0,1,1,0,0,0,0,0,0,0,0,0,0,0,0,3,0,0,0,0,0,0,0,0,0,0,0,0,0,0,0,0,0,0,1,0,0,0,0,0,0,0,0,0,0,0,0,0,12,5.306818181818182,6,6,0.0,2802.0,4,0.07196969696969698,0.13892961876832846,0.13892961876832846,0.1482874949066203,0.13892961876832846,0.1951143615292665,0.1320816398047303,0.1320816398047303,0.014710258482492355,0,0,0,0,1,0,3,0.30303030303030304,0.696969696969697,0.2727272727272727,0.030303030303030304,0.0,0.7894736842105263,0.05263157894736842,0,1,1,0,0,1,0,1,1,0,1,0,0,1,1,1,1,0,0,1,0,0,1,1,0,1,0,1,0,1,1,0,0,1,0,0,1,0,0,1,1,0,1,1,1,0,0,0,0,0,0,0,0,0,1,1,0,0,0,1,1,0,0,0,1,1,1,1,1,0,0,1,1,0,0,0,0,0,0,1,1,1,0,1,1,0,1,0,0,0,0,0,0,0,0,0,0,0,0,0,1,1,1,1,0,1,0,0,0,0,1,0,0,1,0,0,1,0,0,0,0,1,0,1,0,1,0,0,0,0,0,0,0,0,0,0,0,0,0,0,0,0,0,0,0,0,0,0,0,0,0,0,0,0,0,0,0,0,0,0,0,0,0,0,0,0,0,0,0,0,0,0,0,0,0,0,0,0,0,0,0,1,1,0,0,1,0,0,0,0,0,0,0,0,1,0,0,0,0,0,1,0,0,1,0,0,0,0,0,0,0,1,0,1,1,0,0,1,0,0,0,1,0,0,1,0,1,1,1,1,0,0,0,1,0,0,0,0,0,1,1,1,0,1,1,0,1,0,1,1,1,1,0,0,1,1,1,1,0,1,0,0,0,0,0,1,0,1,1,0,0,1,1,1,1,1,1,0,1,0,1,1,1,0,1,1,1,1,1,1,1,1,1,1,0
11.0043573239481,0.07272114839127686,-1.2936501116191907,0.19640185726231915,48.74193548387097,447.53300000000024,1.096774193548387,2.707520338937889,1.6931595503747752,5276902.990183167,9.931514386607942,62.518492512377385,35.77608123363307,6.290026729335213,6.290026729335213,0.0,0.0,0.0,0.0,0.0,0.0,0.0,32.889072535053714,12.083681658295921,25.235320028721414,34.267033999722315,0.0,0.0,5.316788604006331,22.93466990864874,86.5297135827818,20.199310353102682,11.835184978490057,0.0,28.251458512655073,0.0,0.0,0.0,102.28322567486397,18.947451815200196,0.0,19.765380445542643,0.0,0.0,213.72,66.76433313723915,15.319582184522117,0.0,13.151638370425493,18.600808117508194,0.0,0.0,20.047429289201695,0.0,5.316788604006331,41.88212172384894,23.060251036875318,0.0,0.0,34.91515656041667,22.851680735511437,0.5545925252142996,-3.562519320702702,1.68216350300641,1.6173361920364222,0.8947368421052632,12,1,2,3,0,0,11,0,12,12,2,6,1,1,2,0,0,3,-3.851499999999994,0,3,2,0,0,0,0,0,0,0,0,0,0,1,4,0,1,0,0,0,0,0,0,0,0,0,0,0,0,0,4,0,0,0,0,0,0,0,0,0,0,0,0,0,0,0,0,0,0,0,0,0,0,0,0,0,0,0,0,0,0,0,0,14,5.806451612903226,3,3,0.0,2700.0,4,0.07096774193548387,0.16573971078976638,0.16573971078976638,0.17990721878717386,0.16573971078976638,0.17874332784282415,0.15581418705379046,0.15581418705379046,0.01533379296852936,0,0,0,0,0,0,3,0.3870967741935484,0.6129032258064516,0.22580645161290322,0.16129032258064516,0.0,0.9696969696969697,0.030303030303030304,1,0,1,0,0,0,0,1,0,1,1,0,1,0,0,0,1,0,0,1,0,0,1,1,0,0,1,1,0,1,1,0,0,1,1,1,1,0,0,1,1,1,0,1,0,0,0,0,0,1,0,0,0,1,0,1,0,0,0,0,0,0,0,1,0,1,0,0,0,0,0,0,1,0,0,0,0,0,0,1,1,1,0,0,1,1,1,0,1,0,0,0,0,0,0,0,0,0,1,0,1,1,0,1,0,1,0,0,0,0,1,0,1,0,0,0,0,1,0,0,0,0,1,1,0,0,0,0,0,0,0,0,0,0,0,0,0,0,0,0,0,0,0,0,0,0,0,0,0,0,0,0,0,0,0,0,0,0,0,0,0,0,0,0,0,0,0,0,0,0,0,0,0,0,0,0,0,0,0,0,0,1,1,0,0,1,0,0,0,0,0,0,0,0,1,0,0,0,0,0,1,0,0,0,1,0,0,0,1,0,1,0,1,0,0,0,0,1,1,1,0,1,0,1,0,1,1,1,1,0,0,0,1,0,0,0,1,1,0,1,1,0,0,1,0,0,0,0,1,0,0,1,0,0,1,1,0,1,0,1,1,1,0,0,0,1,1,1,1,0,1,1,0,1,1,0,0,1,1,1,1,1,0,1,1,1,1,1,1,1,0,1,1,1,0
11.270989977009325,0.048281742999490396,-1.2807990313722777,0.17503537053091334,46.515151515151516,475.58700000000016,1.1515151515151516,2.7634549957255294,1.7504812144143047,14505668.19879285,11.225816231807842,62.10161363922153,35.77608123363307,6.290026729335213,6.290026729335213,0.0,0.0,0.0,0.0,0.0,0.0,6.923737199690624,39.433828940966286,12.083681658295921,25.235320028721414,34.26703399972231,0.0,0.0,10.633577208012662,17.201002431486554,93.45345078247242,26.744066759015258,11.835184978490057,0.0,27.834579639499218,0.0,0.0,0.0,108.82798208077655,18.947451815200196,0.0,26.689117645233267,0.0,0.0,199.72999999999996,60.7224923080912,15.319582184522117,0.0,19.193479199573453,25.14556452342077,0.0,0.0,13.971409182367815,12.999757306524504,10.633577208012662,36.148454246686754,23.55063754796123,0.0,0.0,38.75552609539141,16.93162772083313,0.5720228894628459,-3.053029865970192,4.3031516587738485,1.640854710554941,0.9047619047619048,11,1,2,3,0,0,11,0,12,12,2,8,1,1,2,0,0,3,-3.200699999999992,0,3,2,0,0,0,0,0,0,0,0,0,0,2,3,0,2,0,0,0,0,0,0,0,0,0,0,0,0,0,4,0,0,0,0,0,0,0,0,0,0,0,0,0,0,0,0,0,0,0,0,0,0,0,0,0,0,0,0,0,0,0,0,14,5.946969696969697,3,3,0.0,3140.0,4,0.06628787878787878,0.1595796676441838,0.1595796676441838,0.17018313626262532,0.1595796676441838,0.17498883884097294,0.1488977419389003,0.1488977419389003,0.014610890892925627,0,0,0,0,0,0,3,0.36363636363636365,0.6363636363636364,0.21212121212121213,0.15151515151515152,0.0,0.9714285714285714,0.02857142857142857,1,0,1,0,0,1,0,1,0,1,1,0,1,0,0,0,1,0,0,1,0,0,1,1,0,0,1,1,0,1,1,0,0,1,1,1,1,1,1,1,1,1,0,1,0,0,0,0,0,1,0,0,0,1,0,1,0,0,0,0,0,0,1,0,0,1,0,0,0,0,0,0,1,0,0,0,0,0,0,1,1,1,1,0,1,1,1,0,1,0,0,0,0,0,0,0,0,0,1,0,1,1,0,1,0,1,0,0,0,0,1,0,1,0,0,0,0,1,0,0,0,0,1,1,0,0,0,1,0,0,0,0,0,0,0,0,0,0,0,0,0,0,0,0,0,0,0,0,0,0,0,0,0,0,0,0,0,0,0,0,0,0,0,0,0,0,0,0,0,0,0,0,0,0,0,0,0,0,0,0,0,1,1,0,0,1,0,0,0,0,0,0,0,0,1,0,0,0,0,0,1,0,0,0,1,0,0,0,1,0,1,0,1,0,0,0,0,1,1,1,0,1,0,1,0,1,1,1,1,0,0,0,1,0,0,0,1,1,0,1,1,0,1,1,0,0,0,0,1,0,0,1,0,0,1,1,0,1,0,1,1,1,0,0,0,1,1,1,1,1,1,1,0,1,1,0,0,1,1,1,1,1,0,1,1,1,1,1,1,1,0,1,1,1,0
12.539545862536935,0.05375077976042997,-0.5981232194566433,0.4865357366381187,11.92,341.4510000000001,1.12,2.655201967576752,1.8899771393046099,475089.9776545731,10.644512318042269,15.160178952647087,18.460360185545124,5.783244946364939,0.0,0.0,0.0,4.794537184071822,0.0,0.0,0.0,49.38830667892189,37.08258528038481,12.965578028838586,5.563451491696996,14.637927532712578,5.783244946364939,0.0,5.316788604006331,0.0,32.29016845621695,19.696394776338067,65.72420659954848,5.749511833283905,10.05365155780638,0.0,5.749511833283905,0.0,36.69013350529202,6.4208216229260096,0.0,35.68682061300846,0.0,0.0,58.559999999999995,6.103966387748303,9.901064578912528,0.0,12.390126910877857,30.699362976745494,18.52902952053558,0.0,12.13273413692322,42.46456947923127,12.240525803696954,4.736862953800049,5.691969718442933,0.0,12.539545862536935,13.096239347288298,1.7211284619399427,0.5908833750825098,1.5634768298301374,3.5937058426618167,0.0,0.38095238095238093,2,0,0,0,0,0,1,0,4,4,0,11,0,0,0,0,1,2,3.2414000000000023,0,1,1,0,0,0,0,0,0,0,0,0,0,1,0,0,0,0,0,0,0,0,0,0,0,1,0,0,0,0,1,0,0,0,0,0,0,0,1,1,0,0,0,0,0,0,0,1,0,0,0,0,0,0,0,0,0,0,0,0,0,0,0,16,5.953333333333333,2,2,0.0,1786.0,3,0.08666666666666666,0.21536231884057971,0.21536231884057971,0.19697640961325644,0.21536231884057971,0.17627270201624123,0.15683705688163793,0.15683705688163793,0.011227142055578185,0,0,0,0,0,2,0,0.16,0.84,0.12,0.04,0.0,0.5,0.038461538461538464,1,1,1,0,0,1,0,0,0,0,1,0,0,1,0,0,0,0,1,0,0,1,0,0,0,0,1,1,1,1,1,0,0,1,0,1,0,0,1,1,0,0,1,0,1,0,1,1,0,0,1,0,0,0,0,1,0,0,0,0,0,0,0,0,1,0,1,0,0,0,0,1,0,1,0,0,0,0,0,0,1,1,0,0,0,0,1,0,0,0,1,1,0,0,1,0,0,0,0,1,1,0,0,0,0,0,0,0,1,0,0,0,0,0,0,0,1,0,1,0,0,0,1,0,0,1,0,0,0,0,0,0,0,0,0,0,0,0,0,0,0,0,0,0,0,0,0,0,0,0,0,0,0,0,0,0,0,0,0,0,0,0,0,0,0,0,0,0,0,0,0,0,0,0,0,0,0,0,0,0,0,0,1,0,0,0,0,0,0,0,0,0,0,0,0,0,0,0,0,0,1,0,0,0,0,0,0,0,0,0,1,0,0,0,1,0,0,1,1,1,0,0,0,1,0,1,0,0,1,0,0,0,1,0,0,0,1,1,0,1,0,1,1,1,0,0,1,0,0,0,0,0,0,1,1,1,1,1,0,1,1,0,0,0,0,0,1,1,0,0,0,1,1,1,1,1,0,0,1,1,1,1,1,1,0,1,1,1,1,1,1,1,1,1,0
12.624690490636107,0.02153633233577623,-0.6358315527899765,0.5875016457828689,12.592592592592593,369.5050000000001,1.1111111111111112,2.6970546064626566,1.8947460048961007,946385.6731893204,10.238325116976444,15.160178952647087,18.460360185545124,5.783244946364939,0.0,0.0,0.0,4.794537184071822,0.0,0.0,0.0,49.38830667892189,44.38530327385348,18.50450328122193,5.563451491696996,14.637927532712578,5.783244946364939,0.0,5.316788604006331,0.0,51.67656810798155,13.151638370425493,65.72420659954848,5.749511833283905,10.05365155780638,0.0,5.749511833283905,0.0,35.68430235176279,6.4208216229260096,0.0,49.534295012389705,0.0,0.0,58.559999999999995,6.103966387748303,9.901064578912528,0.0,17.9290521632612,30.699362976745494,11.984273114623004,0.0,12.13273413692322,42.46456947923127,26.088000203078202,4.736862953800049,5.760138652683295,0.0,12.624690490636107,13.502072680621632,1.693059264864838,0.5819885023185891,1.4665145938338107,6.899285451917196,0.0,0.43478260869565216,2,0,0,0,0,0,1,0,4,4,0,11,0,0,0,0,1,2,4.020000000000003,0,1,1,0,0,0,0,0,0,0,1,0,0,1,0,0,0,0,0,0,0,0,0,0,0,1,0,0,0,0,1,0,0,0,0,0,0,0,1,1,0,0,0,0,0,0,0,1,0,0,0,0,0,0,0,0,0,0,0,0,0,0,0,16,6.250712250712251,2,2,0.0,2194.0,4,0.07977207977207978,0.21002849002849,0.21002849002849,0.20416627892262623,0.21002849002849,0.16698219869734438,0.1518788350097285,0.1518788350097285,0.013010003205966993,0,0,0,0,0,2,0,0.14814814814814814,0.8518518518518519,0.1111111111111111,0.037037037037037035,0.0,0.5357142857142857,0.03571428571428571,1,1,1,0,0,1,0,0,1,0,1,0,0,1,0,0,0,0,1,0,0,1,0,0,0,0,0,1,1,1,1,0,0,1,0,1,0,0,1,1,0,0,1,0,1,0,1,1,0,0,1,0,0,0,0,1,0,0,0,0,0,0,0,0,1,0,1,0,0,0,0,1,0,1,0,0,0,0,0,0,1,1,0,0,0,0,1,0,0,1,1,1,0,0,1,0,0,0,0,1,1,0,0,0,0,1,0,0,0,0,0,0,0,0,1,0,1,0,1,1,0,0,0,0,0,1,0,0,0,0,0,0,0,0,0,0,0,0,0,0,0,0,0,0,0,0,0,0,0,0,0,0,0,0,0,0,0,0,0,0,0,0,0,0,0,0,0,0,0,0,0,0,0,0,0,0,0,0,0,0,0,0,1,0,0,0,0,0,0,0,0,0,0,0,1,0,0,0,0,0,1,0,1,0,0,0,0,0,0,0,1,0,0,0,0,0,0,1,1,0,0,0,0,1,0,1,0,0,1,0,0,0,1,0,0,0,1,1,0,1,1,1,1,1,1,0,1,0,0,0,0,0,0,1,1,1,0,1,0,1,1,0,0,0,0,0,1,1,0,1,0,1,1,1,1,1,0,1,1,1,1,1,1,1,1,1,1,1,1,1,1,1,1,1,0
14.58157956813577,0.025749020190878102,-2.278499976205487,0.04771559004774137,28.636363636363637,1093.3310000000001,0.7142857142857143,3.9857906686326863,1.7284931418878824,1.457587772807438e+16,31.48852484658041,88.70331659478265,60.37426519580279,0.0,41.35025810546054,0.0,0.0,38.87854889250908,0.0,0.0,0.0,77.84969709647719,68.68377781825023,45.44149049242832,30.51983193874151,74.4139794472284,41.35025810546054,0.0,41.700551085738944,23.303147046647158,202.73103682098704,32.72378202956288,29.828919765543436,5.749511833283905,43.36806657836236,0.0,5.749511833283905,0.0,203.76669766896208,33.561760288502754,11.835812092322787,129.25386939917198,0.0,0.0,412.03,145.88124305848555,74.4139794472284,0.0,56.75445381740922,24.677455338174806,55.24848639894765,30.686289896772447,0.0,0.0,52.671943223109864,11.46733495432437,0.0,0.0,101.94559033069208,104.44877681683839,11.481137772390094,-6.433898095605358,-6.945233936918253,6.734213624600862,0.0,0.75,18,0,3,3,7,0,16,0,18,25,3,23,0,3,3,0,2,4,-3.31190000000001,0,7,7,0,0,0,0,1,0,0,0,0,2,6,2,0,0,0,0,0,0,0,0,0,0,0,0,0,2,0,0,0,0,0,0,0,0,0,0,0,0,0,0,0,0,0,0,0,0,0,0,0,0,0,0,0,0,0,0,0,0,5,0,31,10.667464114832535,4,4,0.0,31213.0,3,0.027341079972658913,0.12889952153110043,0.12889952153110043,0.126410124126233,0.12889952153110043,0.0983960627743626,0.08348146291486591,0.08348146291486591,0.008919173441808386,0,0,0,0,2,1,3,0.3246753246753247,0.6753246753246753,0.19480519480519481,0.12987012987012986,0.0,0.8375,0.0875,1,1,1,1,0,1,0,1,1,1,1,1,1,0,0,1,0,0,0,1,0,0,1,0,0,0,1,1,1,0,1,0,1,1,0,0,0,0,1,1,1,1,1,0,1,1,0,1,1,1,0,0,1,1,1,0,0,0,1,0,1,1,0,0,1,0,1,0,0,0,0,0,1,0,0,1,1,0,1,1,1,1,1,1,1,1,1,1,0,1,1,1,1,0,0,0,1,0,1,1,1,1,0,0,0,1,0,0,1,1,0,0,0,0,1,1,0,0,1,1,0,1,0,1,0,1,0,0,0,0,0,0,0,0,0,0,0,0,0,0,0,0,0,0,0,0,0,0,0,0,0,0,0,0,0,0,0,0,0,0,0,0,0,0,0,0,1,0,0,0,0,1,0,0,0,0,0,0,0,0,0,1,1,0,0,0,0,0,0,0,0,0,0,0,0,0,0,0,0,0,1,0,0,0,0,1,0,1,0,0,1,1,1,1,0,0,0,1,1,1,1,0,0,1,1,1,0,0,1,0,0,0,1,1,0,0,1,0,1,1,0,1,1,1,1,1,1,0,1,1,1,0,0,0,0,1,1,1,0,1,1,1,0,0,1,1,1,1,1,1,1,1,0,0,1,1,1,1,1,1,1,1,1,1,1,1,1,1,1,1,1,1,1,1,0
14.112474962207104,0.05564814814814789,-1.6952546296296296,0.7515159753061997,11.772727272727273,306.276,1.0,3.1162095051325753,2.0062012637427222,150450.59490780073,5.6024467573223475,5.106527394840706,42.54477279213365,0.0,0.0,0.0,0.0,0.0,28.11239300753443,10.197363616602075,0.0,6.06636706846161,6.06636706846161,11.629818560158606,13.08951281182515,13.887357490190345,0.0,0.0,29.52892652878686,0.0,18.69056362280884,0.0,60.70627467823178,0.0,0.0,8.78083009534964,0.0,0.0,34.635453923627566,18.69056362280884,11.63444168209179,5.563451491696996,0.0,0.0,81.64999999999999,17.235492493075476,13.887357490190345,0.0,18.652964303522147,0.0,12.13273413692322,40.739253237810146,0.0,0.0,20.16532065849649,0.0,29.947713687326782,0.0,7.57163055345595,18.772242378432857,-1.7509027777777775,-1.5621830645838575,5.398096917779457,-0.14799130763416501,0.0,0.23076923076923078,1,0,0,0,0,2,0,0,7,9,2,5,0,0,0,0,0,3,0.7357999999999993,0,1,0,0,0,6,0,0,0,0,0,0,6,0,0,0,0,0,0,0,0,0,0,0,0,0,0,0,0,0,0,0,0,0,0,0,0,0,0,0,0,0,0,0,0,0,0,0,0,0,0,0,0,0,0,0,0,0,0,0,0,0,0,9,4.329004329004329,3,3,0.0,1000.0,4,0.10389610389610388,0.1664502164502165,0.1664502164502165,0.18958654399465402,0.1664502164502165,0.24100281625062522,0.18600450616029773,0.18600450616029773,0.014682147550860634,0,0,0,0,2,3,0,0.4090909090909091,0.5909090909090909,0.045454545454545456,0.2727272727272727,0.0,0.3333333333333333,0.0,1,0,1,1,0,0,1,0,1,0,0,1,0,0,0,0,0,0,0,1,0,0,0,0,0,0,1,0,0,0,0,0,0,0,0,1,1,1,0,1,1,0,0,1,0,0,0,0,1,0,0,0,1,1,0,0,0,0,0,1,0,0,0,0,0,0,0,1,0,0,0,0,0,0,0,0,0,0,0,1,1,1,0,0,0,0,1,0,0,0,0,0,0,0,0,0,0,0,0,0,1,0,0,0,0,1,0,1,0,0,0,1,0,0,1,0,1,0,0,0,0,0,1,0,0,0,0,0,0,0,0,0,0,0,0,0,0,0,0,0,0,0,0,0,0,0,0,0,0,0,0,0,0,0,0,0,0,0,0,0,0,0,0,0,0,0,0,0,0,0,1,0,0,0,0,0,0,0,0,0,1,0,0,0,0,0,0,0,0,0,0,0,0,1,1,0,0,0,0,0,0,0,0,1,0,1,0,1,1,0,0,1,0,0,0,1,0,0,0,0,0,0,1,1,1,1,0,0,1,0,0,0,1,0,0,1,0,0,0,1,1,0,0,0,0,0,0,0,1,1,1,0,1,1,0,0,0,0,1,0,1,0,1,0,0,1,1,1,0,0,1,0,1,0,0,0,1,0,1,0,1,1,0,1,1,1,1,0,0,1,1,1,1,1,0
14.51436145754598,0.28405092592592585,-5.104458577412445,0.572269925574477,12.461538461538462,386.25500000000005,1.0769230769230769,3.1861628804754463,2.160274411152948,729873.4480077933,6.99878719684009,9.78682320550495,42.54477279213365,0.0,0.0,0.0,7.822697123132171,4.5237471617118175,32.67744129246576,10.197363616602075,0.0,6.06636706846161,6.06636706846161,11.629818560158606,13.08951281182515,27.65644874749774,7.822697123132171,0.0,29.52892652878686,0.0,18.69056362280884,0.0,60.70627467823178,0.0,0.0,8.78083009534964,0.0,7.822697123132171,39.31574973429181,27.779359069451985,11.63444168209179,5.563451491696996,0.0,0.0,128.18,25.05818961620765,23.132701585785924,0.0,18.652964303522147,6.06636706846161,12.13273413692322,34.67288616934854,0.0,0.0,20.16532065849649,4.5237471617118175,46.906947397014356,0.0,26.32582871420173,7.727734945830184,-2.2580478395061725,-1.8921093684387333,4.915234420928866,-0.6656301965230542,-5.104458577412445,0.23076923076923078,2,0,0,0,0,2,0,0,8,13,2,7,0,0,0,0,0,3,0.8527999999999999,0,0,0,0,0,6,0,0,0,0,0,0,6,0,0,0,0,0,0,0,0,0,0,0,0,0,0,0,0,0,0,0,0,0,0,0,0,0,0,0,0,0,0,0,0,0,0,0,1,0,0,0,0,0,0,0,0,0,0,0,0,0,0,9,4.538461538461538,3,3,0.0,1475.0,4,0.08615384615384616,0.14743589743589744,0.14743589743589744,0.17915234335664582,0.14743589743589744,0.22991958820733405,0.16637443252861642,0.16637443252861642,0.01511995433468451,0,0,0,0,2,3,0,0.5,0.5,0.15384615384615385,0.23076923076923078,0.0,0.39285714285714285,0.03571428571428571,1,0,1,0,1,0,1,0,1,0,1,1,0,1,1,1,0,0,0,1,0,0,0,0,0,0,1,1,0,0,0,0,0,0,0,1,1,1,0,1,1,0,0,1,0,0,1,0,1,0,0,0,0,0,0,1,0,0,0,1,0,0,0,0,1,0,0,1,0,0,0,0,0,0,0,0,0,0,0,1,1,1,0,0,0,1,1,0,0,0,0,0,0,0,0,0,0,0,0,0,1,0,1,0,0,1,0,1,0,0,0,1,0,0,1,0,0,0,0,0,0,0,1,0,0,0,0,0,0,0,0,0,0,0,0,0,0,0,0,0,0,0,0,0,0,0,0,0,0,0,0,0,0,0,0,0,0,1,0,0,0,0,0,0,0,0,0,0,0,0,1,1,0,0,0,0,1,0,0,0,1,0,0,0,0,0,0,0,0,0,0,0,0,1,1,0,0,1,0,0,0,0,0,1,0,1,0,1,1,0,0,1,0,0,0,1,0,0,0,1,0,0,1,1,1,1,0,0,1,0,1,0,0,0,1,1,0,0,0,1,1,0,0,0,0,0,0,0,1,1,1,0,1,1,1,0,0,0,1,1,1,0,1,0,0,1,1,1,1,0,1,0,1,0,1,0,1,0,1,0,1,1,0,1,1,1,1,1,0,1,1,1,1,1,0
13.81324436255984,0.24942360586209822,-0.5924436649659865,0.7740303952237003,22.535714285714285,378.5160000000001,0.9642857142857143,3.0614744393192104,1.7378936555711126,4438893.01905771,8.457968130553809,9.636772684650527,5.41499046939678,0.0,5.907179729351506,0.0,0.0,9.694446914922299,0.0,0.0,0.0,60.6636706846161,31.0162182119232,32.096931669811696,13.213763929025836,9.53140013787187,5.907179729351506,0.0,9.799819461700956,5.917906046161393,18.759549292013414,45.93754595858871,71.7905736680101,0.0,0.0,0.0,0.0,0.0,61.64454514964117,14.94639060726865,5.917906046161393,24.471461806010623,0.0,0.0,32.78,5.41499046939678,4.794537184071822,0.0,11.8250857755129,0.0,63.4852705649087,0.0,0.0,17.032643867773697,60.35458347823398,4.736862953800049,5.498610494568963,0.0,18.334385235575713,0.0,1.6466813245359875,0.5064559187872681,1.0059807256235827,8.282839150888393,0.0,0.4583333333333333,0,0,2,2,1,0,1,0,3,4,2,6,0,2,2,0,1,4,3.173300000000001,0,0,0,0,0,0,0,0,0,0,0,0,2,0,0,0,1,1,0,0,0,0,0,0,0,0,0,0,0,0,1,0,0,0,0,0,0,0,0,0,0,0,1,0,0,0,0,0,0,0,0,0,0,0,0,0,0,0,0,0,0,0,0,11,4.875661375661376,4,4,0.0,1843.0,4,0.082010582010582,0.14906389906389908,0.14906389906389908,0.16607870292253324,0.14906389906389908,0.21501781073474496,0.1440593981162054,0.1440593981162054,0.01296796997254554,0,0,0,0,1,2,2,0.14285714285714285,0.8571428571428571,0.07142857142857142,0.07142857142857142,0.0,0.5806451612903226,0.03225806451612903,0,1,0,1,1,1,0,0,0,0,1,1,0,0,0,0,1,0,0,0,1,0,0,0,0,0,0,1,0,0,1,0,0,1,1,0,1,0,1,1,0,0,1,0,1,0,0,1,1,0,0,0,1,0,1,0,0,1,1,0,0,0,0,0,1,1,0,0,0,0,0,0,1,0,1,0,0,0,0,0,1,1,0,0,0,0,1,0,0,0,0,0,0,0,0,0,0,0,0,1,1,0,1,0,0,0,0,0,0,0,0,0,0,0,0,0,0,0,0,1,0,1,0,1,0,1,0,1,0,0,0,0,0,0,0,0,0,0,0,0,0,0,0,0,0,0,0,0,0,0,0,0,0,0,0,0,0,0,0,0,0,0,0,0,0,0,0,0,0,0,0,0,0,0,0,0,0,0,0,0,0,0,0,0,0,1,0,0,0,0,1,0,0,0,1,0,0,0,0,0,0,0,0,1,0,0,0,0,0,0,0,1,0,1,1,0,0,0,0,0,1,0,0,1,1,0,1,0,1,0,0,0,0,0,0,0,0,1,1,1,1,0,1,0,1,1,1,0,1,1,1,0,0,1,0,1,1,1,0,0,1,0,0,0,0,1,1,0,0,0,1,1,0,1,0,1,1,0,1,0,0,1,1,1,1,1,1,1,1,1,1,1,1,1,0
10.878333333333334,0.08740740740740738,-0.6371759259259262,0.49031399166066975,24.272727272727273,158.15699999999995,1.8181818181818181,2.093514055974219,2.46832825639117,278.4373694445711,2.874846022462606,15.74010460285337,0.0,0.0,11.814359458703011,0.0,0.0,9.589074368143644,0.0,0.0,0.0,0.0,0.0,6.544756405912575,19.069544416586886,14.69560176298435,11.814359458703011,0.0,4.899909730850478,5.733667477162185,12.524788010674312,13.08951281182515,0.0,0.0,5.733667477162185,0.0,0.0,0.0,41.01427578396765,9.589074368143644,0.0,6.4208216229260096,0.0,0.0,83.63,12.011146117099809,9.589074368143644,0.0,25.417514164102663,0.0,0.0,4.899909730850478,0.0,0.0,0.0,10.84019487200289,0.0,0.0,22.48948223733938,8.968278533635676,4.865479969765683,-0.7604166666666656,-0.5327314814814819,0.13657407407407418,0.0,0.6666666666666666,3,0,1,1,2,0,1,0,3,5,1,2,0,1,1,0,1,1,-1.9350999999999996,0,1,1,0,0,0,0,0,0,0,1,0,1,0,1,0,0,1,0,0,0,0,0,0,0,0,0,0,0,0,0,0,0,0,0,0,0,0,0,0,0,0,0,0,0,0,0,0,0,0,0,1,0,0,0,0,0,0,0,0,0,0,0,6,2.8545454545454545,1,1,0.0,157.0,3,0.2,0.20606060606060606,0.20606060606060606,0.19787669960381224,0.20606060606060606,0.364993981841808,0.27219069990394007,0.27219069990394007,0.024351165061491334,0,0,0,0,1,0,1,0.45454545454545453,0.5454545454545454,0.2727272727272727,0.18181818181818182,0.0,0.8181818181818182,0.18181818181818182,0,0,0,0,0,0,0,0,0,0,1,0,1,0,0,0,1,0,0,1,0,1,0,0,0,0,0,0,0,0,1,0,1,0,0,0,0,0,0,1,0,0,0,0,0,0,0,0,0,0,0,0,0,0,0,1,0,0,1,0,0,0,0,0,0,1,0,0,0,0,0,0,0,0,0,0,0,0,1,0,1,1,0,0,0,0,0,1,0,0,0,0,0,0,0,1,0,0,0,1,1,0,0,1,0,1,1,0,0,0,0,0,0,0,0,0,0,0,0,0,0,0,0,1,0,1,0,0,0,0,0,0,0,0,0,0,0,0,0,0,0,0,0,0,0,0,0,0,0,0,0,0,0,0,0,0,0,0,0,0,0,0,0,0,0,0,0,0,0,0,0,0,0,0,0,0,0,0,0,0,0,0,0,0,0,0,0,0,0,0,0,0,0,0,0,0,0,0,0,0,0,0,0,1,0,0,0,1,0,0,0,1,1,1,1,0,0,1,0,1,1,0,0,1,1,1,0,0,1,0,0,0,1,0,0,0,0,0,1,1,0,0,0,0,0,1,0,0,0,1,1,0,0,0,0,1,1,1,0,1,1,0,0,0,1,1,1,1,0,0,1,1,0,0,1,0,1,0,1,1,1,1,1,1,1,1,1,1,0,1,0,0,1,1,0
11.949692696523055,0.1266334797808013,-0.6031344482237337,0.875191488403328,38.958333333333336,327.46800000000013,1.0833333333333333,2.5262122984777684,1.5916226237354656,367619.4660990818,5.21754132725791,10.213054789681411,5.749511833283905,0.0,0.0,0.0,0.0,4.899909730850478,0.0,0.0,0.0,25.328831937239638,74.24722930994726,18.001587704457314,5.601050810983688,10.213054789681411,0.0,0.0,4.899909730850478,5.917906046161393,74.84527671586252,13.08951281182515,29.32600418877882,5.749511833283905,0.0,0.0,5.749511833283905,0.0,39.845368972488686,11.83581209232279,5.917906046161393,62.49347596680208,0.0,0.0,43.7,5.601050810983688,10.213054789681411,0.0,11.45683129854474,5.749511833283905,44.56677056670401,43.35494588101061,0.0,12.13273413692322,10.966276799312087,0.0,0.0,0.0,2.6281684618291763,22.024439216687597,1.8877585532669865,1.2058346100148045,10.464600682514869,2.286752409297052,0.0,0.7142857142857143,2,3,1,4,0,0,3,2,3,3,1,2,2,1,3,0,0,5,3.3656000000000015,0,1,0,0,0,0,0,1,0,0,0,0,1,0,0,0,0,1,0,0,0,0,0,0,0,0,0,0,1,0,0,0,0,0,0,0,0,0,0,0,0,0,0,0,0,0,0,0,0,1,0,0,0,0,0,0,0,0,0,0,0,0,0,11,4.148550724637682,5,5,0.0,1145.0,4,0.10144927536231885,0.1431159420289855,0.1431159420289855,0.12553042888190727,0.1431159420289855,0.25217520070873345,0.1716518084645052,0.1716518084645052,0.015493013169551966,0,0,0,1,0,1,3,0.125,0.875,0.08333333333333333,0.041666666666666664,0.0,0.7857142857142857,0.0,0,0,1,0,1,0,0,0,0,1,1,0,1,0,0,0,0,0,0,0,0,0,0,0,0,0,0,0,1,1,1,1,0,1,0,0,1,0,0,1,0,1,1,0,1,1,0,1,0,0,0,1,0,0,0,0,0,0,0,0,1,1,0,1,0,0,1,0,0,0,0,0,1,0,0,0,0,0,0,0,1,1,0,0,1,1,1,0,0,0,1,0,0,0,0,0,1,0,0,0,1,0,1,1,0,1,0,1,0,0,0,0,0,0,0,0,0,0,0,0,1,1,0,1,0,1,0,0,0,0,0,0,0,0,0,0,0,0,0,1,0,0,0,0,0,0,0,0,0,0,0,0,0,0,0,0,0,0,0,0,0,0,0,0,0,0,0,0,0,0,0,0,0,0,0,0,0,0,0,0,0,0,0,0,0,0,0,0,0,0,0,0,0,0,1,0,0,0,0,0,0,0,0,1,0,0,0,0,0,0,0,0,0,1,1,0,0,0,1,1,0,0,0,1,0,0,1,0,1,1,0,0,1,1,0,0,0,0,0,1,1,1,0,0,0,0,1,0,0,1,1,0,0,0,0,1,1,1,0,1,1,0,0,0,0,1,1,1,0,0,0,1,1,1,0,1,1,0,0,0,1,1,0,1,1,1,1,1,0,1,1,1,1,1,0
12.711546857940705,0.045410052910052734,-0.9397222222222221,0.8536215236957835,41.4,341.4070000000001,1.28,3.3230461229939956,1.5787879801585996,1400624.0642884932,4.383338659775405,14.94991774348146,0.0,23.386235000681054,0.0,0.0,0.0,9.694446914922299,0.0,0.0,0.0,6.06636706846161,56.19658912686262,24.570870349683542,11.016041280380467,19.744454927553285,5.783244946364939,0.0,4.899909730850478,5.917906046161393,61.686778234832786,13.08951281182515,23.259637120317212,11.49902366656781,4.736862953800049,0.0,11.49902366656781,0.0,51.732580306601925,16.63034927639461,5.917906046161393,43.23101109802404,0.0,0.0,70.0,17.12000766812877,15.007591973753234,0.0,17.574597608796804,18.591155079135923,42.97596508723255,12.841643245852019,6.06636706846161,6.06636706846161,4.899909730850478,4.736862953800049,6.0374559870244395,0.0,15.187304133072981,22.29678568305192,0.453679138321996,1.3885130070546738,4.327120737541012,1.952335128495843,0.0,0.65,2,3,2,5,0,0,4,2,5,5,2,2,2,1,3,1,0,6,1.5253999999999999,0,1,0,0,0,0,0,1,0,0,0,0,1,0,0,0,0,1,0,0,0,0,0,0,0,0,0,0,0,0,1,0,0,0,0,0,0,0,1,1,0,0,0,0,0,0,0,0,0,1,0,0,0,0,0,0,0,0,0,0,0,0,0,10,3.9633333333333334,6,6,0.09333333333333332,1189.0,4,0.1,0.12884057971014493,0.12884057971014493,0.10744148701143459,0.12884057971014493,0.26301807453970477,0.17159679180608706,0.17159679180608706,0.01632745335218458,0,0,1,0,1,0,3,0.2,0.8,0.16,0.04,0.0,0.7666666666666667,0.03333333333333333,0,0,1,0,0,1,0,1,1,1,1,1,1,0,1,1,1,0,0,0,0,0,1,0,0,0,0,0,0,1,1,0,0,0,0,0,1,0,1,1,0,0,1,0,1,1,0,0,0,0,0,0,0,0,0,1,0,1,1,0,1,0,0,0,0,0,1,1,0,0,0,1,1,0,1,0,0,0,0,0,1,1,0,0,1,0,1,0,0,0,1,0,0,1,0,0,1,1,0,0,1,0,1,1,0,0,0,0,0,0,1,0,0,0,1,0,0,0,0,0,1,1,0,1,0,0,0,0,0,0,0,0,0,0,0,0,0,0,0,0,0,0,0,0,0,0,0,0,0,0,1,0,0,0,0,0,0,0,0,0,0,0,0,0,0,0,0,0,0,0,0,0,0,0,0,0,0,0,0,0,0,0,0,0,0,1,0,0,0,0,0,0,0,0,1,0,0,0,0,0,1,0,0,1,0,0,0,0,0,0,0,1,0,1,1,0,0,1,1,1,0,0,0,1,1,0,1,0,1,1,0,0,1,1,0,0,0,0,0,1,1,1,0,0,0,0,1,0,1,1,1,0,0,0,0,1,1,1,0,1,1,0,0,0,0,1,1,1,1,0,0,1,1,1,1,1,1,0,0,0,1,1,1,1,1,1,1,1,0,1,1,1,1,1,0
10.827338400380729,0.0642410714285715,-0.8893467078189301,0.8807285394160607,10.210526315789474,296.153,1.0526315789473684,2.3509148477009196,2.3558879442321037,18978.935565489523,5.9544053534163845,10.423315998847038,0.0,0.0,0.0,0.0,5.969305287951849,4.794537184071822,0.0,0.0,0.0,47.46734805431147,23.762552697081826,5.687386274683562,22.153474525092225,9.901064578912528,40.545957617784005,0.0,0.0,0.0,6.4208216229260096,5.316788604006331,58.073287598410914,0.0,5.316788604006331,11.374772549367124,0.0,23.20187978046503,11.075832682792555,11.21535880699783,0.0,5.563451491696996,10.045266627482652,0.0,49.33,5.969305287951849,4.794537184071822,0.0,6.4208216229260096,26.983490668546775,0.0,0.0,36.39820241076966,6.06636706846161,5.316788604006331,28.30840717530574,0.0,12.148457175051089,10.827338400380729,12.941774656364606,1.9255171327790386,-0.8893467078189301,-0.0642410714285715,0.0,0.0,0.07142857142857142,2,0,0,0,0,0,0,0,2,5,0,4,0,0,0,0,0,2,4.364100000000001,1,0,0,0,0,0,0,0,1,0,0,0,0,1,0,0,0,0,0,0,0,0,0,0,2,0,0,0,0,0,0,0,0,0,0,0,0,0,0,0,0,0,0,0,0,0,0,2,0,0,0,0,0,0,0,0,0,0,0,0,0,0,0,9,4.128654970760234,2,2,0.0,706.0,3,0.11695906432748536,0.18403852769177848,0.18403852769177848,0.19923796762960508,0.18403852769177848,0.2511925931605719,0.20787405894045094,0.20787405894045094,0.016054226283681448,0,0,0,0,0,2,0,0.2631578947368421,0.7368421052631579,0.10526315789473684,0.05263157894736842,0.0,0.35,0.05,1,0,0,0,0,1,0,0,0,0,1,0,0,0,0,1,0,0,1,1,0,0,0,0,0,0,0,0,0,0,0,0,1,0,0,0,0,0,0,1,0,0,0,1,0,0,0,1,0,1,0,0,0,0,0,0,0,0,0,0,0,1,0,0,1,0,0,0,0,1,0,0,1,1,0,0,0,0,1,0,1,1,0,0,0,0,1,0,0,0,0,0,0,0,0,0,0,0,0,0,1,0,0,0,0,0,0,1,0,0,1,0,0,0,0,0,0,0,0,0,0,0,0,0,0,1,0,1,0,0,0,0,0,0,0,0,0,0,0,0,0,0,0,0,0,0,0,0,0,0,0,0,0,0,0,0,0,0,0,0,0,0,0,0,0,0,0,0,0,0,0,0,0,0,0,0,0,0,0,0,0,0,0,0,0,0,0,0,0,0,0,0,0,0,0,0,0,0,0,0,0,0,0,0,0,0,0,0,0,0,0,0,0,0,0,1,0,0,1,0,0,0,0,0,0,0,0,0,0,0,0,1,1,0,0,1,0,0,0,0,0,0,0,0,0,0,0,0,0,0,0,1,0,1,0,0,0,0,0,1,1,1,1,1,0,0,0,1,0,0,0,0,1,1,0,0,0,0,1,1,0,0,1,1,1,1,1,1,0,1,1,1,1,1,0
10.349270408450499,0.4091368971703573,-0.4850179440335465,0.38410287831471035,11.714285714285714,314.411,1.4761904761904763,2.8278152211004666,2.218277243493725,43242.95036106833,9.299837768091132,19.950637875916488,11.520494837748885,5.8209740960423995,0.0,6.199954889820448,0.0,10.114318268765572,0.0,11.761884949391115,0.0,0.0,26.2280781022776,19.345281995336553,17.220921061477036,9.340461985871018,11.761884949391115,0.0,15.53348693886314,0.0,12.297610012659364,33.44062596069093,45.78847622930053,0.0,10.633577208012662,0.0,0.0,11.761884949391115,43.26384674035908,12.297610012659364,10.114318268765572,11.520494837748885,0.0,0.0,83.58,4.923311048817671,10.114318268765572,0.0,0.0,12.365730501954975,35.77091334697548,0.0,18.809556932068304,26.2280781022776,15.53348693886314,4.417150937053347,5.699983621126749,1.7152125850340134,11.920410614277754,16.05722535941692,0.0,3.946424533158841,0.9213502019265003,1.4443257728784702,5.644271868263466,0.5384615384615384,2,0,0,0,0,1,0,0,7,8,1,10,0,0,0,0,0,1,1.4589999999999999,0,0,0,0,0,0,0,0,0,0,0,0,2,2,0,0,0,0,0,0,0,0,0,0,0,0,0,0,0,0,0,1,0,0,0,0,0,0,0,0,0,0,0,1,0,0,0,0,0,0,0,0,0,0,1,0,0,0,0,0,0,0,0,14,5.8428571428571425,1,1,0.0,1227.0,3,0.10000000000000002,0.25488721804511283,0.25488721804511283,0.20757690516218638,0.25488721804511283,0.17771267062938748,0.1589157615384911,0.1589157615384911,0.014257869431473497,0,0,0,0,1,1,0,0.38095238095238093,0.6190476190476191,0.14285714285714285,0.19047619047619047,0.047619047619047616,0.6666666666666666,0.09523809523809523,1,0,0,0,0,0,0,0,0,0,1,1,1,0,1,0,1,0,1,0,0,0,1,0,0,0,0,1,0,0,1,0,0,1,0,0,0,0,0,1,0,1,0,1,0,0,1,0,0,0,0,0,0,0,1,0,0,1,0,0,0,0,0,0,0,0,0,0,1,1,1,0,0,0,1,1,1,0,0,0,1,1,0,0,0,1,1,1,0,1,0,0,0,1,0,0,0,0,0,0,1,0,0,0,0,0,0,0,1,0,0,0,0,1,0,0,1,0,0,0,0,0,1,1,0,1,0,1,0,0,0,0,0,0,0,0,0,0,0,0,0,0,0,0,0,0,0,0,0,1,0,0,1,0,0,0,0,0,0,0,0,0,0,0,0,0,1,0,0,0,0,1,0,1,0,0,0,1,0,0,0,0,0,0,1,1,0,0,0,0,0,1,0,0,0,0,0,0,1,1,0,0,1,0,1,1,0,1,0,0,1,1,0,1,1,0,1,0,1,1,0,1,1,1,1,1,0,1,1,0,1,0,1,0,0,0,1,0,0,1,0,0,0,1,0,0,1,1,0,0,1,0,1,0,0,0,1,1,1,1,1,0,0,0,0,1,1,0,0,1,1,0,0,0,1,1,1,1,0,1,1,1,0,1,1,0,1,1,1,1,1,0,1,1,0
12.400532587615228,0.11071748114635738,-0.11071748114635738,0.7265621787893097,14.357142857142858,383.40800000000024,1.1071428571428572,3.2691265431683525,1.5561913356619825,3978710.0741223022,7.2590390510378,29.424363783516586,5.817862777835028,17.25927108544225,5.948339280986494,5.907179729351506,0.0,4.794537184071822,4.9839785209472085,4.9839785209472085,0.0,0.0,18.19910120538483,37.63161690657671,25.999458795810387,18.685414028725265,28.576306720254085,0.0,14.867866772744893,0.0,0.0,51.03219791421803,36.28887868835994,11.49902366656781,20.107303115612762,11.766202058821523,11.49902366656781,0.0,61.173667208301765,0.0,0.0,10.554784602946263,0.0,10.902924932081056,106.95,0.0,4.794537184071822,0.0,5.907179729351506,66.10742369999514,0.0,6.263162995639057,43.38497308725198,4.899909730850478,9.967957041894417,19.62454432181563,15.868040783909914,0.0,25.26121031915831,0.7018824961113925,6.842660018552875,2.2865702110542356,1.4984604445188305,2.3005034363250454,3.1418682091517587,0.3157894736842105,2,0,1,1,1,2,0,0,8,9,3,4,0,1,1,0,0,4,1.7845999999999997,0,0,0,1,0,2,0,0,0,0,0,0,4,0,1,0,0,0,0,0,0,0,0,0,2,0,0,0,1,0,2,1,0,0,0,0,0,0,0,0,0,2,0,0,0,0,0,0,0,0,1,0,0,0,0,0,0,0,0,0,0,0,0,15,5.806878306878307,4,4,0.0,2195.0,3,0.082010582010582,0.18487993487993487,0.18487993487993487,0.1497234336698109,0.18487993487993487,0.1794666236302692,0.1583217886524078,0.1583217886524078,0.012851315743225738,0,0,0,0,1,3,1,0.32142857142857145,0.6785714285714286,0.14285714285714285,0.17857142857142858,0.0,0.45161290322580644,0.03225806451612903,1,0,0,0,1,0,1,0,0,0,1,0,1,0,0,0,1,0,0,1,0,1,0,1,0,0,0,0,0,0,1,0,0,1,0,0,0,0,0,1,0,0,1,0,0,0,1,0,0,1,1,1,0,1,0,1,0,0,0,0,0,0,0,1,1,0,0,0,0,0,0,0,1,1,0,0,0,1,0,1,0,1,1,0,1,1,1,0,0,1,1,0,0,1,0,0,1,0,0,0,1,0,0,0,1,0,0,1,0,1,0,0,1,0,0,0,1,0,0,0,0,1,1,1,0,1,0,0,0,0,0,0,0,0,0,0,0,0,0,0,0,0,0,0,0,0,0,0,0,0,0,0,0,1,0,0,0,0,0,0,0,0,0,0,0,0,1,0,0,0,0,0,0,0,0,0,0,0,0,0,0,0,0,0,0,1,0,0,0,0,1,0,0,1,0,0,0,0,0,0,1,0,0,1,0,1,0,1,1,0,0,1,1,1,1,0,0,0,0,0,1,1,0,1,1,1,1,0,1,1,0,0,0,1,1,0,0,0,1,1,0,1,0,0,0,1,1,0,1,1,1,0,0,1,1,1,1,1,0,0,0,1,0,1,0,1,1,0,1,0,1,1,1,1,1,1,1,1,1,1,1,1,1,0,1,1,1,1,1,1,1,1,1,1,0
13.190521800930348,0.04253734782487362,-2.1442569759385237,0.13379526381178464,22.0,520.4800000000004,1.3055555555555556,3.253856853006798,1.5823981461303234,88447430.27433339,9.556060926329392,30.110096696128544,11.446551146339738,12.145807216896262,11.063616211172214,11.63216532332176,11.938610575903699,19.283521283065944,9.476340119217006,0.0,5.098681808301038,23.894619086314336,33.69606034999922,19.910323130701514,6.606881964512918,43.971456828409494,35.51485498399783,0.0,30.423953269612767,7.04767198267719,23.027229292687228,19.469533112537242,41.09906360866854,5.749511833283905,5.316788604006331,0.0,5.749511833283905,11.761884949391115,95.60213676197762,35.69954662656457,0.0,11.48135753785839,0.0,0.0,206.29999999999998,41.62376284547322,34.4977309208094,0.0,34.94284273936571,5.156436481820707,23.77159222151913,28.947271208991626,7.04767198267719,0.0,20.842240603617103,9.473725907600098,12.373365332802356,1.135618507667084,50.950435058264006,42.61711794126229,-2.1732418207812243,-6.727209168023389,-1.356891271940875,-0.21263717363284407,2.7134489091259217,0.35,4,0,2,2,2,1,3,0,12,16,3,9,0,1,1,0,1,4,-1.127699999999999,2,0,0,0,0,4,0,1,2,0,0,0,5,1,0,0,0,0,0,0,0,0,0,0,0,1,0,0,1,0,2,0,0,0,0,0,0,0,0,0,0,1,0,0,0,0,0,0,0,0,0,0,0,0,1,0,0,0,1,0,0,0,0,17,6.53015873015873,4,4,0.0,4114.0,4,0.06190476190476189,0.16265172735760972,0.16265172735760972,0.17015568779665843,0.16265172735760972,0.1603099826273213,0.11180730011582282,0.11180730011582282,0.01413175687261347,0,0,0,1,1,2,2,0.4444444444444444,0.5555555555555556,0.25,0.16666666666666666,0.027777777777777776,0.5897435897435898,0.1282051282051282,1,1,1,1,0,1,0,1,0,0,1,0,1,0,0,1,1,0,0,0,0,1,0,0,0,1,1,0,0,0,1,0,0,1,1,0,1,0,0,1,1,0,0,0,1,0,0,0,0,0,0,0,1,0,1,1,1,0,1,0,0,1,0,0,1,0,1,1,0,0,1,0,1,1,0,0,0,0,1,0,1,1,0,0,0,1,1,1,1,0,0,0,0,0,1,0,0,1,0,0,1,1,0,0,1,1,0,1,0,0,0,0,0,0,1,0,1,0,0,1,0,1,1,1,0,1,0,1,0,0,0,0,0,0,0,0,1,0,0,1,0,0,0,0,0,0,0,0,0,0,0,0,0,0,0,0,0,0,0,0,0,0,0,0,0,0,0,0,0,0,0,0,0,1,0,1,0,0,1,0,1,1,0,0,0,1,0,1,0,0,0,0,1,1,0,0,0,0,1,0,1,0,0,1,1,1,0,1,1,1,0,1,0,1,0,0,1,1,0,1,1,1,1,1,1,1,1,1,0,1,0,0,0,1,1,0,1,1,1,0,1,1,0,0,0,1,0,0,1,1,1,1,1,1,1,1,0,0,1,1,0,1,0,0,1,1,1,1,1,0,1,1,1,1,1,0,1,1,1,1,1,1,1,1,1,1,1,1,1,1,1,1,1,1,0
13.385114087700737,0.030064203260243172,-1.4362704986978982,0.4298292584463983,36.45238095238095,588.5620000000004,0.8809523809523809,3.611670585826154,1.3182370054389008,5287664732.043723,10.435801723225586,57.95134876872255,24.41586555099321,35.57810079180605,12.542454139383732,0.0,5.969305287951849,4.794537184071822,0.0,0.0,0.0,0.0,47.87955994862805,11.835812092322787,39.4552314454906,62.745885952794374,5.969305287951849,0.0,0.0,11.835812092322787,55.94152864326395,34.226301317680736,40.95582274893743,28.747559166419524,18.947451815200196,0.0,28.747559166419524,0.0,92.51110779981833,28.478851953072066,11.835812092322787,35.63596410869131,0.0,0.0,160.83,66.82290882384797,20.11411936859394,0.0,37.25524173497738,28.189378141658796,0.0,14.219595082555067,31.189205473537065,0.0,0.0,42.63176658420044,51.526191497067586,0.0,13.385114087700737,32.515426995072225,2.0136756704618017,-1.0248544372798765,-6.797222420589437,1.928629031845175,2.8594588482073915,0.5517241379310345,3,1,4,5,0,0,10,0,13,13,4,5,0,3,3,0,0,7,1.3385999999999993,0,2,2,0,0,0,0,1,0,0,0,0,0,0,0,0,0,0,0,0,0,0,0,0,0,0,0,0,4,1,9,0,0,0,0,0,0,0,0,0,1,2,0,0,0,0,0,0,0,0,0,0,0,0,0,0,0,0,0,0,0,0,0,16,6.346109175377468,7,7,0.0,5464.0,3,0.055749128919860634,0.1336527293844367,0.1336527293844367,0.13924373579071134,0.1336527293844367,0.16431346388064888,0.12191227048459354,0.12191227048459354,0.011461360035529,0,0,0,0,2,2,3,0.30952380952380953,0.6904761904761905,0.30952380952380953,0.0,0.0,0.7291666666666666,0.020833333333333332,1,1,0,1,0,0,1,1,1,0,1,0,0,0,0,0,1,0,0,0,1,0,0,0,0,0,0,1,0,1,1,0,1,1,1,0,0,0,0,1,0,0,0,1,0,1,0,0,0,1,1,1,1,0,0,1,1,1,1,0,0,0,1,1,0,0,1,0,0,1,0,1,0,1,1,0,0,0,0,1,0,1,1,1,0,0,0,1,0,0,0,1,0,1,1,0,0,1,1,1,1,1,0,0,0,1,1,1,0,0,1,0,0,1,0,0,1,0,1,0,0,1,0,1,0,0,0,1,0,0,0,0,0,0,0,0,0,0,0,0,0,0,0,0,0,0,0,0,0,0,0,0,0,0,0,0,1,0,0,0,0,0,0,0,0,0,0,0,0,0,0,0,0,0,0,0,0,0,0,0,0,0,1,0,0,1,0,0,0,0,1,0,0,0,0,0,0,0,0,0,1,0,0,0,0,0,0,0,0,0,0,1,0,0,0,0,0,1,0,1,0,1,0,0,1,0,1,0,0,1,0,0,0,1,0,0,0,1,0,0,0,1,0,0,1,0,0,0,1,0,0,1,0,1,1,1,0,0,0,1,1,0,0,0,0,1,1,1,1,1,0,1,1,1,1,0,0,1,1,0,1,1,1,0,0,1,0,1,1,0,1,1,1,1,0
13.409805445725429,0.05006420326024319,-1.0677349329046593,0.4290081505310787,36.45238095238095,587.5780000000003,0.9523809523809523,3.611670585826154,1.3182370054389008,5287664732.043723,10.435801723225586,58.578488851044035,18.31189916324491,35.57810079180605,12.542454139383732,0.0,5.969305287951849,4.794537184071822,0.0,0.0,0.0,0.0,47.87955994862805,11.835812092322787,45.497072274638555,57.63935855795367,5.969305287951849,0.0,0.0,17.56947956948497,55.87940308466361,34.226301317680736,40.95582274893743,28.747559166419524,24.681119292362382,0.0,28.747559166419524,0.0,87.34245484637728,28.478851953072066,11.835812092322787,35.63596410869131,0.0,0.0,166.62,66.76078326524762,15.007591973753234,0.0,37.25524173497738,17.062475158264807,11.126902983393991,14.219595082555067,19.056471336613843,12.13273413692322,0.0,48.36543406136263,52.000726959400666,0.0,13.409805445725429,21.60744438899872,8.582748301737471,-0.7630944570404585,-4.575951921891538,2.085817240461955,2.883127487260646,0.5517241379310345,4,1,4,5,0,0,10,0,13,13,4,5,0,3,3,0,8,7,1.304999999999999,0,1,1,0,0,0,0,1,0,0,0,0,0,0,1,0,0,0,0,0,0,0,0,0,0,0,0,0,4,1,9,0,0,0,0,0,0,0,0,0,1,2,0,0,0,0,0,0,0,0,0,0,0,0,0,0,0,0,0,0,0,0,0,16,6.346109175377468,7,7,0.0,5464.0,3,0.055749128919860634,0.1336527293844367,0.1336527293844367,0.13924373579071134,0.1336527293844367,0.16431346388064888,0.12191227048459354,0.12191227048459354,0.011461360035529,0,0,0,0,2,2,3,0.30952380952380953,0.6904761904761905,0.2857142857142857,0.023809523809523808,0.0,0.7291666666666666,0.020833333333333332,1,1,0,1,0,0,1,1,1,0,1,0,0,0,0,0,1,0,0,1,1,1,0,0,0,0,0,1,0,1,1,0,1,1,1,0,0,0,0,1,1,0,0,1,0,1,0,0,0,1,1,1,1,0,0,1,1,1,1,0,0,0,1,1,0,0,1,0,0,1,0,1,0,1,1,0,0,0,0,1,0,1,1,1,0,0,0,1,0,0,0,1,0,1,1,0,0,1,1,1,1,1,0,0,0,1,1,1,0,0,1,0,0,1,0,0,1,0,1,0,0,1,0,1,0,0,0,1,0,0,0,0,0,0,0,0,0,0,0,0,0,0,0,0,0,0,0,0,0,0,0,0,0,0,0,0,1,0,0,0,0,0,0,0,0,0,0,0,0,0,0,0,0,0,0,0,0,0,0,0,0,0,1,0,0,1,0,0,0,0,1,0,0,0,0,0,0,0,0,0,1,0,0,0,0,0,0,0,0,0,0,1,1,0,0,0,0,1,0,1,0,1,0,1,1,1,1,0,0,1,0,0,0,1,0,0,0,1,0,0,0,1,0,0,1,0,0,0,1,0,0,1,0,1,1,1,0,0,0,1,1,1,0,0,0,1,1,1,1,1,0,1,1,1,1,0,0,1,1,1,1,1,1,0,1,1,1,1,1,1,1,1,1,1,0
13.360507217529431,0.20151088636658643,-0.4796135906851058,0.5867441988589208,17.34375,428.5400000000001,1.03125,3.5754900569996533,1.3836088791531862,44096039.75730909,8.648957288465539,0.0,11.374545038140614,0.0,5.824404497999927,5.907179729351506,0.0,14.686851647557969,0.0,5.213385095654868,10.197363616602075,74.71713861616153,41.16620443952388,11.984273114623004,6.544756405912575,4.794537184071822,11.742799515108775,0.0,25.52404353876229,4.992404732635669,63.95317021846862,0.0,54.09438803938988,22.514758973090913,0.0,0.0,0.0,0.0,42.80576830625441,11.339293589984397,0.0,57.43294005186969,0.0,22.514758973090913,87.13000000000001,5.538925252383345,4.794537184071822,0.0,5.907179729351506,12.369160903912501,73.03517711302732,0.0,0.0,23.099010936235306,57.87970634991048,4.992404732635669,0.0,0.0,20.298826380757784,14.466062022724639,3.688079662647769,1.7536014072222659,7.011854056790336,2.7579878092187915,0.0,0.4,1,1,1,2,1,1,0,0,5,7,2,7,1,0,1,1,0,5,4.777400000000004,0,0,0,0,0,4,1,0,0,0,0,1,5,1,0,0,0,0,0,0,0,0,0,1,0,0,0,0,0,0,0,0,0,0,0,0,0,0,0,0,0,0,0,0,0,0,0,0,0,0,0,0,0,0,0,0,0,0,1,0,0,1,0,15,6.300403225806452,5,5,0.0,3125.0,4,0.07258064516129031,0.1766801075268817,0.1766801075268817,0.17201033743423955,0.1766801075268817,0.16471548035089906,0.12309305903564152,0.12309305903564152,0.011252578050801253,0,0,0,0,3,3,2,0.21875,0.78125,0.03125,0.1875,0.0,0.4722222222222222,0.05555555555555555,1,1,0,0,1,0,0,0,1,0,1,0,1,0,0,0,0,0,0,1,0,0,0,0,1,0,1,0,0,0,1,0,0,1,1,0,1,0,1,1,0,0,0,0,0,0,0,1,1,1,0,0,0,1,1,0,0,0,1,0,0,0,0,0,1,1,1,0,0,0,0,0,0,1,0,0,1,0,0,1,1,1,0,0,1,0,1,0,1,0,1,1,0,0,1,0,1,0,0,0,1,1,1,0,0,1,0,0,0,0,0,0,0,0,1,0,0,0,0,1,0,0,1,0,0,0,0,1,0,0,0,0,0,0,0,0,0,0,0,0,0,0,0,0,0,0,0,0,0,0,0,0,0,0,0,0,0,0,0,0,0,0,0,0,0,0,1,0,0,0,0,0,0,0,0,0,0,0,0,0,1,0,0,0,0,0,0,0,0,0,1,0,0,1,1,0,0,1,1,0,0,0,0,1,0,1,1,1,1,0,0,1,0,1,0,0,0,0,0,0,1,0,1,1,1,1,0,0,1,0,0,0,0,1,0,0,0,0,1,1,1,0,1,1,1,1,1,1,1,1,1,0,1,1,0,1,1,1,1,0,0,0,0,0,0,1,0,0,0,0,1,1,1,1,0,1,1,0,1,1,0,1,1,1,1,0,1,0,1,1,1,1,1,1,0
12.491328526498878,0.017413016259967495,-0.20905788183290208,0.32490282166161777,48.526315789473685,529.7860000000004,1.105263157894737,3.4783800599425523,1.2991897622475732,516463067.5888729,10.151627411619552,19.063284160135428,6.041840829147961,6.103966387748303,0.0,0.0,5.969305287951849,9.694446914922299,0.0,0.0,0.0,20.426410082979746,73.6875644984323,50.73254617883855,38.95199953451186,23.85782134420725,5.969305287951849,0.0,4.899909730850478,34.501605123439134,102.85022063919848,45.93754595858871,12.654955790432378,0.0,0.0,0.0,0.0,0.0,90.6879336637189,14.268263091671919,34.501605123439134,78.55860620540597,0.0,0.0,59.00000000000001,0.0,9.901064578912528,0.0,35.049059831389975,29.71346501379353,56.59352887323621,51.6144425493812,6.923737199690624,0.0,31.402339920664105,9.473725907600098,13.091312662318142,0.0,15.02420290193831,11.27437237247604,0.34323775661167455,2.5378253788853424,12.672107949629751,17.727030176009972,0.0,0.90625,1,4,2,6,0,0,10,0,5,6,2,5,4,2,6,0,0,6,4.407500000000003,0,1,1,0,0,0,0,0,0,0,0,0,2,0,0,0,0,1,0,0,0,0,0,0,0,0,0,0,5,1,2,0,0,0,0,0,0,0,0,0,0,0,1,0,0,0,0,0,0,0,0,0,0,1,0,0,0,0,0,0,0,0,0,15,5.982930298719772,6,6,0.0,4206.0,4,0.061166429587482224,0.13841473051999367,0.13841473051999367,0.13952364725084637,0.13841473051999367,0.17436430663290958,0.1309252355859203,0.1309252355859203,0.01343490551172853,0,0,0,0,2,0,6,0.15789473684210525,0.8421052631578947,0.10526315789473684,0.05263157894736842,0.0,0.9534883720930233,0.046511627906976744,0,0,0,0,1,1,0,1,0,1,1,1,1,0,1,0,1,1,0,0,0,0,0,0,0,1,0,0,0,0,1,1,0,1,0,0,1,0,0,1,0,0,1,0,1,1,0,0,0,0,0,1,1,0,1,1,0,0,0,1,1,0,1,1,0,0,0,0,1,1,0,1,1,1,0,0,0,0,0,0,1,1,0,0,0,0,1,0,0,0,1,0,0,0,1,0,0,0,0,0,0,0,1,1,0,1,0,0,1,1,1,0,0,0,1,0,0,0,0,0,0,1,1,1,0,1,0,1,0,0,0,0,0,0,0,0,0,0,0,0,0,0,0,0,0,0,0,0,0,0,0,0,0,0,0,0,0,0,1,0,0,0,1,0,0,0,0,0,0,0,0,0,0,0,0,0,0,1,0,0,0,0,0,0,0,1,0,0,0,0,1,0,0,0,1,0,0,0,0,0,0,0,0,1,0,0,0,0,0,0,0,1,0,1,1,0,0,0,1,1,0,0,0,1,1,0,1,1,1,1,0,0,1,1,0,0,1,1,0,1,1,0,0,1,1,0,1,0,1,1,1,1,0,0,1,1,1,1,0,0,1,1,0,0,0,1,1,1,1,1,1,1,0,1,1,1,1,1,1,0,1,1,1,1,1,1,1,1,1,1,0,1,1,1,0
14.70864260377138,0.016446220435182735,-1.9674693839819164,0.2630753883136941,33.83606557377049,847.0190000000003,0.9836065573770492,3.7098400616910965,1.4908639254314913,10968644285980.875,17.504165990091828,49.80052093858545,28.962889402741858,0.0,5.783244946364939,11.690424675716445,11.756416440522447,24.170553468922954,0.0,0.0,0.0,59.77048351864538,25.841400552376523,93.80481610235735,47.10960691088622,53.44518273600959,29.154659912803936,0.0,15.533486938863138,34.58193496344263,117.94485198169195,26.74406675901526,69.78714999872523,11.49902366656781,15.37044016181271,0.0,11.49902366656781,0.0,111.98405532612551,23.79966322954379,36.513267430497585,106.99815837799925,0.0,0.0,205.54999999999995,88.72994766689644,34.4977309208094,0.0,50.68218595902352,18.75954929201341,19.634269217737724,34.143089588770195,58.92276642578864,0.0,29.380961338244386,23.939856547835866,23.959941279856785,0.0,63.27341877342655,41.04828677866286,-0.19153084439578083,-6.783240803164092,5.05618901013826,19.505862075369965,1.4644070634387845,0.5869565217391305,5,1,4,5,1,0,9,5,14,15,4,4,0,1,1,1,0,6,4.615720000000003,0,2,2,0,0,0,0,1,0,0,0,1,2,2,0,0,0,1,0,0,0,0,4,0,0,0,0,0,3,1,4,0,0,0,0,0,0,0,2,2,0,1,0,0,0,0,0,0,0,1,0,0,0,0,0,0,0,0,0,0,0,0,0,21,8.213661202185792,6,6,0.0,15031.0,4,0.03606557377049179,0.12226544410484395,0.12226544410484395,0.1041925075205023,0.12226544410484397,0.12498485029248904,0.08246458616433808,0.08246458616433808,0.01133122970166719,0,0,0,0,2,0,2,0.2459016393442623,0.7540983606557377,0.18032786885245902,0.06557377049180328,0.0,0.7727272727272727,0.13636363636363635,1,1,1,1,0,0,1,0,1,1,1,1,0,1,1,1,1,1,0,0,1,0,0,0,1,0,1,1,1,1,1,0,0,1,0,1,1,1,0,1,0,1,0,0,0,0,0,0,0,1,0,0,1,0,1,1,0,0,1,1,0,0,1,0,1,0,1,0,1,0,0,0,1,1,1,0,0,1,0,1,1,1,1,1,1,1,0,1,0,0,1,0,0,1,1,0,1,1,1,1,1,0,1,0,1,1,0,0,0,0,0,0,0,0,1,0,1,0,0,1,0,1,1,1,1,1,0,1,0,0,0,0,0,0,0,0,0,0,0,0,0,0,0,0,0,0,0,0,0,0,0,0,0,0,1,0,0,0,0,0,0,0,0,0,0,0,1,0,0,0,0,0,0,1,0,0,0,0,1,0,0,1,1,0,0,1,0,0,0,0,0,0,0,0,0,0,0,0,0,0,1,0,1,1,1,1,1,1,1,0,0,1,0,1,1,0,0,1,1,0,1,1,0,1,1,1,1,1,1,1,0,0,1,1,0,0,1,0,1,1,1,1,0,1,0,1,1,1,1,1,1,1,0,0,1,1,1,1,0,1,0,0,0,0,1,1,1,1,1,1,1,1,1,1,1,1,1,1,1,1,1,1,1,1,1,1,1,1,1,1,1,1,1,1,0
10.91137940812995,0.04642017300747536,-0.7768164307734113,0.8078931457737033,20.458333333333332,327.4240000000001,0.9583333333333334,2.624774765485726,1.6437115712619184,317156.7844631712,6.931717456841758,15.319582184522117,5.749511833283905,0.0,0.0,0.0,0.0,4.899909730850478,0.0,0.0,0.0,42.46456947923127,43.025017565859855,19.13135364097311,11.70501719873199,15.319582184522117,0.0,0.0,4.899909730850478,0.0,37.5122384734226,13.08951281182515,65.72420659954848,5.749511833283905,0.0,0.0,5.749511833283905,0.0,39.3508455563457,5.601050810983688,0.0,36.99624981668494,0.0,0.0,63.93000000000001,11.70501719873199,15.319582184522117,0.0,11.791352662431866,12.841643245852019,24.21641579521914,0.0,24.26546827384644,37.255572541998674,4.899909730850478,0.0,0.0,0.0,2.217196239606954,30.87670140223795,0.987610133189589,0.19861184372180318,0.695687095825984,3.479984410430839,0.0,0.4,3,0,1,1,0,0,2,0,4,4,1,4,0,1,1,0,0,3,2.7977000000000007,0,2,1,0,0,0,0,1,0,0,0,0,1,0,0,0,0,1,0,0,0,0,0,0,0,0,0,0,0,0,0,0,0,0,0,0,0,0,0,0,0,0,0,0,0,0,0,0,0,1,0,0,0,0,0,0,0,0,0,0,0,0,0,14,5.239130434782608,3,3,0.0,1446.0,4,0.09420289855072465,0.1926877470355731,0.1926877470355731,0.17998029249097808,0.1926877470355731,0.19876794236784487,0.17575605873573327,0.17575605873573327,0.0147170646849385,0,0,0,0,0,2,1,0.16666666666666666,0.8333333333333334,0.125,0.041666666666666664,0.0,0.5384615384615384,0.0,1,1,1,0,1,1,0,0,0,0,1,0,0,1,0,0,0,0,0,0,0,0,0,0,1,0,0,1,0,0,1,0,0,1,0,0,1,0,0,1,0,0,0,0,1,0,0,1,0,0,0,0,0,1,0,0,0,1,0,0,0,1,0,0,1,0,1,0,0,0,1,0,1,0,0,0,0,0,0,0,0,1,0,0,0,1,1,0,0,0,0,0,1,0,0,0,0,0,0,1,1,0,0,0,0,1,0,0,0,0,0,0,0,1,1,0,0,1,1,0,0,0,0,0,0,0,0,0,0,0,0,0,0,0,0,0,0,0,0,0,0,0,0,0,0,0,0,0,0,0,0,0,0,0,0,0,0,0,0,0,0,0,0,0,0,0,0,0,0,0,0,0,0,0,0,0,0,0,0,0,0,0,0,0,0,0,0,0,0,0,1,0,0,0,1,0,0,0,0,0,0,0,0,1,0,0,0,0,0,0,0,0,0,1,1,0,0,0,1,1,0,0,0,1,0,1,1,0,1,0,0,0,1,0,0,0,1,0,0,1,1,1,0,0,1,0,1,0,0,1,1,0,0,1,0,1,1,1,0,1,1,0,0,0,0,1,1,1,0,0,0,1,0,1,1,1,1,0,0,0,1,1,0,0,1,1,1,1,1,1,1,1,1,1,0
13.266821337733134,0.13577215608465676,-0.8767144892979128,0.329448552641207,15.628571428571428,479.5330000000002,1.0285714285714285,2.832732546929254,1.839003616428837,46735509.32853685,11.435107574340066,14.790514511606428,6.606881964512918,0.0,0.0,5.687386274683562,11.938610575903699,15.01422799961605,9.589074368143644,0.0,0.0,42.46456947923127,32.02204936545243,36.616325574860035,29.09722369639513,23.98611132456141,17.62599685058726,0.0,10.216698334856808,0.0,26.31013685145522,27.30910789438022,98.37881255456428,0.0,5.316788604006331,5.687386274683562,0.0,0.0,49.07093924995207,25.607556681656316,10.114318268765572,30.89228342893663,0.0,0.0,111.00999999999999,22.779827670882764,19.703392636909218,0.0,23.440477299335015,30.04704292963381,5.563451491696996,25.30889874666236,19.913841467842857,42.279417055835715,5.316788604006331,9.473725907600098,10.5696086467437,0.0,38.84696868742975,14.426789390772832,2.8494780063085043,-2.1124359222114224,0.0,4.740717592538689,3.18029782716641,0.3076923076923077,1,0,1,1,0,0,1,0,8,9,1,9,0,0,0,0,1,3,3.677800000000002,0,0,0,0,0,0,0,0,0,0,0,0,2,1,0,0,1,0,0,0,0,0,2,0,0,0,0,0,0,2,2,0,0,0,0,0,0,0,0,0,0,1,0,1,1,0,0,0,0,0,0,0,0,0,0,0,0,0,0,0,0,0,0,16,6.527731092436975,3,3,0.0,3884.0,3,0.06218487394957981,0.16750700280112044,0.16750700280112044,0.1819631659860661,0.16750700280112044,0.16043966884421107,0.1227204602404093,0.1227204602404093,0.012705700659517472,0,0,0,0,0,2,1,0.2571428571428571,0.7428571428571429,0.17142857142857143,0.08571428571428572,0.0,0.5405405405405406,0.13513513513513514,1,0,0,0,1,1,1,0,0,0,1,1,1,1,0,1,0,1,0,1,1,0,0,0,0,0,0,0,0,0,0,1,0,1,0,0,1,0,0,1,0,1,1,1,0,0,0,1,0,0,0,0,0,0,0,1,1,0,1,0,0,0,0,0,1,0,0,0,0,0,1,0,0,1,1,1,0,0,0,0,1,1,0,0,1,0,1,0,0,0,1,1,0,0,0,0,0,0,0,0,1,0,0,1,0,0,0,1,0,1,1,0,0,1,0,1,0,0,0,0,0,0,1,1,0,1,0,1,0,0,0,0,0,0,0,0,0,0,0,0,0,0,0,0,0,0,0,0,0,0,0,0,1,0,0,0,0,0,0,0,0,0,0,0,0,0,0,0,0,0,0,0,0,1,0,0,0,1,1,0,0,0,0,0,1,0,0,0,0,0,1,1,0,0,0,0,0,0,1,1,0,0,0,0,1,0,0,0,0,0,0,0,0,1,1,0,0,0,0,0,0,1,1,1,0,1,1,1,1,0,1,0,0,0,0,0,0,1,0,1,0,0,0,1,1,0,1,1,0,1,1,1,1,1,1,0,0,1,1,0,1,1,0,1,1,1,1,0,1,1,1,0,0,1,1,1,1,1,1,1,0,1,1,1,1,1,1,1,1,1,1,1,1,1,0
14.558804446149571,0.016296657237353962,-1.772648940195335,0.027500717327745408,21.72972972972973,1069.2379999999998,0.7297297297297297,3.846400118944697,1.6805257860651002,4001322116121411.0,29.78737444215039,75.47541586639058,48.042397637319624,5.959554568743835,64.97897702286656,0.0,0.0,58.14919263058155,0.0,0.0,0.0,64.05236543200472,55.36374523494726,50.27850651702278,12.965578028838586,57.84643641963074,92.52632754438388,5.409283605791522,47.43421856290113,22.93466990864874,106.50110203329582,31.139976431231304,65.72420659954848,5.749511833283905,65.4689787406994,0.0,5.749511833283905,21.587795952773448,154.37783095256862,65.58155227064206,5.409283605791522,62.49347596680208,0.0,0.0,435.40999999999985,133.07908410159294,57.84643641963074,0.0,74.82921616490253,17.54772460632,21.587795952773448,17.032643867773697,42.46456947923127,0.0,42.53430883205065,28.343953514440265,0.0,0.0,148.98229221163726,37.744638620217884,22.65489937367409,-9.897103754795099,-1.3284062476334477,-0.343262087902513,2.1844893257365157,0.4782608695652174,18,0,2,2,11,0,7,0,15,28,2,19,0,2,2,0,0,4,-4.13203000000001,0,0,0,0,0,0,0,1,0,0,0,0,1,9,4,0,0,1,0,0,0,0,0,0,0,0,0,0,0,0,0,0,1,0,0,0,0,0,0,0,0,0,0,0,0,0,0,0,0,0,0,3,0,0,0,0,0,0,0,0,0,0,0,26,10.550907071455017,4,4,0.0,28498.0,3,0.028507960014809337,0.13265148710354188,0.13265148710354188,0.13590085874204555,0.13265148710354188,0.09840697926059275,0.0675611002203837,0.0675611002203837,0.008176115920457127,0,0,0,0,1,2,2,0.3783783783783784,0.6216216216216216,0.16216216216216217,0.1891891891891892,0.02702702702702703,0.6883116883116883,0.15584415584415584,1,1,0,1,1,1,0,0,1,0,1,0,1,0,0,1,0,0,1,1,0,1,0,0,0,1,0,1,1,0,1,0,1,1,0,1,1,0,0,1,0,0,1,1,1,1,0,1,1,1,0,1,0,1,1,0,0,0,1,0,1,1,1,0,1,1,1,0,1,1,0,0,1,1,1,0,0,0,1,0,1,1,1,0,1,1,1,1,0,0,1,0,0,0,1,0,1,0,1,1,1,0,0,0,1,1,1,0,1,0,0,1,1,1,1,1,0,1,0,1,0,0,0,1,0,1,1,1,0,0,0,0,0,0,0,0,0,0,0,0,0,0,1,0,0,0,0,0,0,0,0,0,0,1,0,0,0,0,0,0,0,0,0,0,1,0,0,0,0,0,0,1,0,0,0,0,0,0,0,0,0,1,1,0,0,0,0,0,0,0,0,0,0,0,0,1,0,0,0,0,0,0,0,1,0,1,1,1,1,0,1,1,1,1,0,0,1,0,1,1,1,0,0,1,1,1,0,0,1,0,0,0,1,0,1,0,0,0,1,1,0,1,0,0,0,1,1,1,1,1,1,0,1,1,0,1,1,1,0,1,1,0,0,0,1,1,1,1,1,0,1,1,0,1,1,1,1,0,1,1,1,1,1,1,1,1,1,1,0,1,1,1,1,1,0
14.598862906273618,0.10382175401024596,-1.298469998983166,0.9243839877881742,15.875,333.36300000000006,1.25,2.556383584788097,2.183159031345674,254288.58794604157,6.238342898078794,19.473446504333015,11.38067233274289,0.0,5.428790391900541,0.0,5.969305287951849,4.794537184071822,9.184952231746642,0.0,0.0,0.0,26.104143319291033,44.306849815640746,11.204086992299825,14.291479626587348,22.559616494716465,0.0,9.467009378641833,0.0,13.4684936056032,38.12660733717797,39.93357761725155,0.0,10.32870012275102,10.077801322358383,0.0,0.0,53.76953966776187,6.544756405912575,5.817220841045895,17.28172587545944,0.0,10.902924932081056,65.78,17.215316520898284,19.086016810659167,0.0,10.949675706161791,30.838356210037553,13.08951281182515,12.263210640074686,10.633466716252965,18.871318913218293,4.899909730850478,0.0,16.278622921390777,0.0,27.723143033362255,9.281541917637211,0.03261838390085181,-1.7898173156876256,1.3320101095993953,5.454675995334364,2.0240728682949656,0.4117647058823529,1,0,1,1,0,1,0,0,5,7,2,3,0,1,1,0,0,3,1.6105000000000003,0,0,0,0,1,1,0,0,1,0,0,0,3,0,0,0,1,0,0,0,0,0,0,0,1,1,0,0,1,0,0,0,0,0,0,0,0,0,0,0,0,0,0,0,0,0,0,0,0,0,1,0,1,0,0,0,0,0,0,0,0,0,0,12,4.6268115942028984,3,3,0.0,1277.0,3,0.09420289855072465,0.1648550724637681,0.1648550724637681,0.1385467077064857,0.1648550724637681,0.2255968438913842,0.1753896911296838,0.1753896911296838,0.01629458115496646,0,0,0,0,0,2,1,0.2916666666666667,0.7083333333333334,0.125,0.125,0.0,0.5,0.07692307692307693,0,0,0,0,0,1,0,0,1,0,1,0,0,1,1,1,0,0,0,0,0,0,0,1,0,0,0,0,0,0,1,0,0,1,1,0,1,0,1,1,0,0,0,0,0,1,0,1,1,0,0,0,1,0,0,0,0,0,1,1,0,1,0,0,0,1,0,0,0,1,0,1,1,1,0,0,0,1,1,1,1,1,0,0,1,1,0,0,0,0,0,0,0,0,0,0,0,0,0,0,1,0,0,1,0,0,0,1,0,0,0,0,1,0,0,0,0,0,0,0,0,1,0,0,0,1,0,0,0,0,0,0,0,0,0,0,0,0,0,0,0,0,0,0,0,0,0,0,0,0,0,0,0,0,0,0,0,0,0,0,0,0,0,0,0,0,0,0,0,0,1,0,0,0,0,0,0,0,0,0,0,0,0,0,0,0,0,0,0,0,1,0,0,1,0,0,0,0,0,0,0,0,0,1,0,0,0,1,1,0,0,0,0,1,1,1,0,1,0,0,0,1,0,0,0,1,1,0,1,1,0,0,0,1,0,1,0,0,0,1,0,1,1,1,1,0,1,0,1,1,1,1,0,1,0,1,1,1,0,0,0,1,1,1,1,1,1,1,0,0,1,1,1,1,1,1,1,1,1,0,1,1,1,1,1,1,1,1,1,1,1,1,1,1,0
15.183436791383219,0.2771452191987904,-1.5338252521955618,0.8887969358156733,15.615384615384615,369.3430000000002,1.2307692307692308,2.584371049285323,2.2737659413800606,599532.7334974064,6.986799011094744,19.473446504333015,23.742649579701357,5.817220841045895,5.428790391900541,0.0,5.969305287951849,4.794537184071822,17.96578232709628,0.0,0.0,0.0,13.1140390511388,32.37586919526338,17.447681337993632,23.07230972193699,22.559616494716465,0.0,9.467009378641833,0.0,6.544756405912575,44.80119830945287,39.68443138983584,0.0,10.32870012275102,18.858631417708022,0.0,0.0,60.444130640036775,6.544756405912575,11.63444168209179,10.357988675768818,0.0,10.902924932081056,65.78,40.65680404038088,18.369904463493285,4.39041504767482,17.7488433982124,26.1790256236503,16.83031028786604,0.0,4.899909730850478,11.947581713527669,0.0,5.106527394840706,43.72379115768591,0.0,27.109749094749162,8.721326498136078,-2.2119498322745073,-3.452314008809317,0.9040934429327285,0.7962170286056462,1.899591154121693,0.4117647058823529,1,0,1,1,0,1,0,0,5,9,2,4,0,1,1,0,0,3,1.6991999999999998,0,0,0,0,1,1,0,0,1,0,0,0,3,0,0,0,1,0,0,0,0,1,0,0,1,1,0,0,1,0,0,0,0,0,0,0,0,0,0,0,0,0,0,0,0,0,0,0,0,0,1,0,1,0,0,0,0,0,0,0,0,0,0,12,4.729230769230769,3,3,0.0,1537.0,3,0.08615384615384616,0.1553846153846154,0.1553846153846154,0.13906252131519362,0.1553846153846154,0.22113467409196533,0.16512590013383813,0.16512590013383813,0.016281178063708986,0,0,0,0,0,2,1,0.34615384615384615,0.6538461538461539,0.11538461538461539,0.11538461538461539,0.0,0.5357142857142857,0.07142857142857142,0,0,0,0,0,1,0,0,1,0,1,0,0,1,1,0,0,0,1,0,0,0,0,1,0,0,0,0,0,0,1,0,1,1,0,0,0,1,0,1,0,0,0,0,0,0,0,1,1,0,0,0,1,0,0,0,0,1,1,1,0,1,0,0,0,1,0,0,0,1,0,1,1,0,0,0,1,1,0,1,1,1,0,1,1,1,0,1,0,0,0,0,0,0,0,0,0,0,0,0,1,0,0,0,0,0,0,1,0,0,1,0,0,0,0,0,0,0,0,0,0,1,0,0,1,1,0,1,0,0,0,0,0,0,0,0,0,0,0,0,0,0,0,0,0,0,0,0,0,0,0,0,0,0,0,0,0,0,0,0,0,0,0,0,0,0,0,0,0,0,1,0,0,0,0,0,0,0,0,0,0,0,0,0,0,0,0,0,0,0,1,0,0,1,0,0,0,0,0,0,0,0,0,1,0,0,0,1,1,0,0,0,0,1,1,1,0,1,0,0,0,1,0,0,0,1,1,0,1,1,0,0,0,1,0,1,0,0,0,1,0,1,0,1,1,0,1,0,1,1,1,1,0,1,0,1,1,1,0,0,0,1,1,1,1,1,1,1,0,0,1,1,1,1,1,1,1,0,1,0,1,1,1,1,1,1,1,1,1,1,1,1,1,1,0
10.975203292018278,0.2294543244007321,-0.6023553710332215,0.5680521002826907,11.76,344.41100000000006,1.16,2.6088334115253824,1.5896910404126836,395739.1578611083,9.659507846186258,25.63070938360932,30.81675398334195,0.0,5.907179729351506,0.0,0.0,4.794537184071822,0.0,0.0,0.0,18.19910120538483,42.81902403369567,18.652964303522147,0.0,19.374790486512627,5.907179729351506,0.0,5.316788604006331,5.733667477162185,13.027703587438927,26.303276740850986,59.65783953108687,11.49902366656781,20.524181988768614,0.0,11.49902366656781,0.0,43.4209502527915,0.0,6.923737199690624,15.921440167465814,0.0,0.0,93.81,12.011146117099809,9.901064578912528,0.0,6.606881964512918,31.009358101318966,11.3129633249809,0.0,24.26546827384644,31.18920547353706,5.316788604006331,15.207393384762284,11.1364853304053,0.0,10.975203292018278,13.034984325094909,6.664851033256575,0.9811531349455944,-0.6023553710332215,3.6356189838600828,0.0,0.3157894736842105,4,0,0,0,1,0,1,0,5,6,0,10,0,0,0,0,1,2,1.5022199999999999,0,1,1,0,0,0,0,0,0,0,0,0,0,1,1,0,0,0,0,0,0,0,0,0,0,1,0,0,0,0,2,0,0,0,0,0,0,0,0,0,0,0,0,0,0,0,0,1,0,0,0,1,0,0,0,0,0,0,0,0,0,0,0,17,6.8,2,2,0.0,2040.0,3,0.08666666666666666,0.2521739130434783,0.2521739130434783,0.20342839721000205,0.2521739130434783,0.15211415982370194,0.0,0.0,0.011952536596689293,0,0,0,0,0,2,0,0.24,0.76,0.16,0.08,0.0,0.5,0.038461538461538464,1,1,1,0,0,0,0,0,0,0,1,0,1,1,0,0,0,0,1,1,0,0,0,0,0,0,0,1,0,0,0,0,0,1,0,1,0,0,0,1,0,0,0,0,1,0,1,1,1,0,1,0,1,1,0,1,0,0,1,0,0,0,0,1,1,0,1,0,0,0,0,0,0,1,0,0,0,0,1,1,1,1,0,0,0,0,1,0,0,0,0,0,1,0,1,0,0,0,0,1,1,0,1,0,0,1,1,0,1,0,0,1,0,0,0,0,0,0,1,0,0,0,0,0,0,1,0,0,0,0,0,0,0,0,0,0,0,0,0,0,0,0,0,0,0,0,0,0,0,0,0,0,0,0,0,0,0,0,0,0,0,0,0,0,0,0,0,0,0,0,0,0,0,0,0,0,0,0,0,0,0,0,1,0,0,0,0,0,0,0,0,0,0,0,0,0,0,0,0,0,1,0,0,0,0,0,0,0,0,0,1,0,1,0,1,0,0,0,1,1,1,0,0,1,0,1,0,0,1,0,0,0,1,0,0,0,1,1,1,1,0,1,0,0,0,1,1,0,0,0,0,0,0,1,1,1,1,1,0,1,1,0,0,0,0,0,1,1,1,0,1,1,1,1,1,1,0,0,1,1,1,1,1,1,1,1,1,1,1,1,1,1,1,1,0
13.555265810027715,0.20803883744855955,-0.9162433862433865,0.6757916364888925,18.93103448275862,414.52700000000016,1.1379310344827587,2.812118854571921,2.0558523189198885,3020643.091876138,9.325064666284545,19.273545369301054,5.749511833283905,6.103966387748303,0.0,5.907179729351506,5.969305287951849,9.589074368143644,0.0,0.0,11.761884949391115,24.26546827384644,43.92426373089781,24.90873348703355,18.04712184594327,19.06280027574374,29.32575624137803,0.0,4.899909730850478,0.0,23.17312509293888,39.19456404930754,54.09438803938988,5.749511833283905,9.636772684650527,5.687386274683562,5.749511833283905,11.761884949391115,57.17501545435919,14.325937321943691,0.0,17.737126721369794,0.0,0.0,59.080000000000005,12.073271675700152,9.589074368143644,0.0,11.15711775933368,13.08951281182515,21.89583307518224,6.923737199690624,23.771592221519125,67.52619024389773,0.0,9.473725907600098,10.828902890675838,1.54208734882842,30.158230889080457,-0.3585071806500377,1.7473855190224241,0.052814670748924986,-0.9162433862433865,2.548077373881396,5.540471876588988,0.36363636363636365,0,0,1,1,1,0,2,0,6,7,1,6,0,0,0,0,0,3,3.368500000000002,0,0,0,0,0,0,0,0,0,0,0,0,2,0,0,0,1,0,0,0,0,0,0,0,1,0,0,0,1,1,2,0,0,0,0,0,0,0,0,0,0,1,0,0,0,0,0,1,0,0,0,0,0,0,1,0,0,0,0,0,0,0,0,13,5.115763546798029,3,3,0.0,2077.0,3,0.07635467980295567,0.15243568691844556,0.15243568691844556,0.1392624732006346,0.15243568691844556,0.20520304695389127,0.15367028726990836,0.15367028726990836,0.013609560496126083,0,0,0,0,0,2,0,0.2413793103448276,0.7586206896551724,0.13793103448275862,0.06896551724137931,0.034482758620689655,0.5483870967741935,0.06451612903225806,1,0,0,0,0,1,0,1,0,1,1,1,1,1,0,1,0,0,0,0,0,1,0,0,0,1,0,0,0,0,0,1,0,1,0,1,0,0,0,1,0,0,0,0,0,0,0,1,0,0,0,0,0,1,0,1,0,0,1,0,0,0,0,1,1,0,1,0,0,0,0,1,0,1,0,0,1,0,1,0,1,1,0,0,0,0,1,0,0,0,0,0,0,0,0,0,0,0,0,0,1,0,1,0,1,0,0,0,1,0,0,1,0,1,0,0,0,0,0,0,1,1,1,1,0,1,0,1,0,0,0,0,0,0,0,0,0,0,0,0,0,0,0,0,0,0,0,1,0,0,0,0,0,0,0,0,0,0,0,0,0,0,0,0,1,0,0,0,0,0,0,0,0,0,0,0,0,0,0,0,0,0,0,0,0,0,0,1,0,0,1,0,0,0,0,0,0,0,0,0,1,0,1,1,0,0,0,1,0,1,0,0,0,1,1,0,1,0,0,0,1,1,0,1,0,0,0,0,1,1,0,0,0,1,0,0,0,0,1,1,0,1,0,1,1,1,1,0,1,1,1,1,0,1,1,1,0,0,0,0,0,0,0,1,1,1,1,0,1,1,1,1,1,1,1,1,1,1,1,0,1,1,1,1,1,1,1,1,1,1,1,1,1,1,0
12.345358402620308,0.13945011337868451,-0.6805787037037034,0.6725578996267864,14.76,339.47900000000016,1.04,2.6157496200144097,2.5262965181365464,360052.70369574346,8.816460640135487,9.636772684650527,5.601050810983688,0.0,0.0,0.0,5.969305287951849,4.794537184071822,0.0,0.0,0.0,74.51114508399735,25.22224694874837,25.304305697925987,0.0,9.53140013787187,5.969305287951849,0.0,4.899909730850478,5.917906046161393,32.29016845621695,20.640100371266954,71.7905736680101,0.0,0.0,0.0,0.0,0.0,31.509315390069283,21.55327257178157,5.917906046161393,31.395199005701247,0.0,0.0,29.54,5.601050810983688,4.794537184071822,0.0,11.887211334113243,12.841643245852019,12.10820789760957,5.563451491696996,0.0,43.321939610460284,50.18445916974191,4.736862953800049,6.174362244897959,0.0,14.491322593852356,0.0,1.5378150982615277,-0.02222552910052955,1.038350733812044,4.84208167989418,4.103993291761149,0.4090909090909091,0,0,0,0,0,0,2,0,3,3,0,8,0,0,0,0,0,2,4.275500000000004,0,0,0,0,0,0,0,0,0,0,0,0,1,0,0,0,0,0,0,0,0,0,0,0,0,0,0,0,0,1,1,0,0,0,0,0,0,0,0,0,0,0,0,0,0,0,0,0,0,0,0,0,0,0,0,0,0,0,0,0,0,0,0,9,4.546666666666667,2,2,0.0,1364.0,4,0.08666666666666666,0.15420289855072464,0.15420289855072464,0.18134795986082577,0.15420289855072464,0.2302717380252079,0.16187999180027235,0.16187999180027235,0.01508832602435548,0,0,0,0,0,2,0,0.12,0.88,0.08,0.04,0.0,0.5,0.038461538461538464,0,1,1,0,0,1,0,1,0,1,1,1,1,0,0,0,0,1,0,0,0,0,0,0,0,0,0,1,0,0,0,0,0,1,0,0,0,0,1,1,0,0,1,0,0,0,0,1,0,0,0,0,0,1,0,1,0,0,0,0,0,0,1,0,1,0,0,0,1,0,0,0,1,0,0,0,0,0,0,0,1,1,0,0,0,0,1,0,1,0,1,0,0,0,0,0,0,1,1,0,1,0,0,1,0,0,1,0,0,0,0,0,0,1,1,0,1,0,0,0,1,0,0,0,0,1,0,0,0,0,0,0,0,0,0,0,0,0,0,0,0,0,0,0,0,0,0,0,0,0,0,0,0,0,0,0,0,0,0,0,0,0,0,0,0,0,0,0,0,0,0,0,0,0,0,0,0,0,0,0,0,0,0,0,0,0,0,0,0,0,0,0,0,0,1,0,0,0,0,0,0,0,1,0,0,0,0,0,0,0,0,0,0,1,1,0,0,0,0,0,0,1,0,0,0,1,0,0,1,0,0,0,0,0,0,0,0,0,0,0,1,0,1,1,1,0,0,0,0,0,1,1,0,1,1,0,1,1,0,0,1,0,0,0,0,0,0,0,0,1,0,0,0,1,0,0,1,1,0,0,1,1,1,1,0,1,1,1,1,1,1,1,1,1,0
13.365426594459333,0.005378302670420387,0.005378302670420387,0.3672266768763943,12.620689655172415,394.47900000000016,1.1379310344827587,3.0857118982893215,1.7931892017465085,5424039.689117783,8.280963176829435,20.640014333703846,5.693927994848461,5.783244946364939,0.0,0.0,0.0,14.460318640164214,0.0,5.098681808301038,0.0,0.0,32.29444517073921,60.773226239418804,24.23179057973875,9.901064578912528,22.37355615312956,0.0,24.98116159925024,0.0,6.544756405912575,52.19804015752392,41.71969133200498,11.257379486545457,10.633577208012662,5.687386274683562,0.0,0.0,77.43539688996715,6.544756405912575,0.0,15.921440167465814,0.0,22.160304418626513,95.31,0.0,4.794537184071822,0.0,12.390126910877857,30.761172201131714,40.93720350513522,0.0,18.460054211687762,30.909881037422785,20.517465459810346,10.205209203141743,1.9280968915343915,0.0,19.682174797449697,21.26791544299512,4.676198257310271,0.005378302670420387,3.3702929608147305,3.591816514965796,4.048168983570665,0.38095238095238093,3,1,0,1,0,2,0,0,8,8,2,9,0,0,0,0,0,4,1.1981,0,1,1,0,0,3,0,0,0,0,0,0,4,2,0,0,1,0,0,0,0,0,0,0,1,0,0,0,2,0,0,0,0,0,0,0,0,0,1,0,0,0,0,0,0,0,0,0,0,0,0,0,1,0,0,0,0,0,0,0,0,0,0,15,5.4655172413793105,4,4,0.0,2219.0,3,0.07881773399014778,0.16538952745849295,0.16538952745849295,0.11742249673843924,0.16538952745849295,0.19446770996440016,0.14397282441230003,0.14397282441230003,0.013159077730503696,0,0,0,0,1,2,0,0.27586206896551724,0.7241379310344828,0.06896551724137931,0.20689655172413793,0.0,0.46875,0.03125,1,1,0,1,0,0,0,0,1,1,1,1,1,0,1,0,0,0,0,0,0,1,0,1,0,0,0,1,0,0,1,1,1,1,0,0,1,0,0,1,0,0,1,0,0,1,0,0,0,0,1,0,0,1,0,0,1,0,1,1,0,0,1,0,1,0,0,1,1,0,0,0,1,0,1,0,0,1,0,0,1,1,0,1,0,0,1,0,0,1,0,0,0,0,1,1,1,0,0,0,1,1,0,0,0,1,0,0,1,0,0,0,0,1,0,0,0,1,0,0,0,1,1,0,0,0,0,1,0,0,0,0,0,0,0,0,0,0,0,0,0,0,0,0,0,0,0,0,0,0,0,0,0,0,0,0,0,0,0,0,0,0,0,0,0,0,0,0,0,0,0,0,0,0,0,0,0,0,0,0,1,0,1,0,0,0,0,0,0,0,0,0,0,1,0,0,0,0,0,0,0,0,1,1,0,0,0,1,1,0,1,1,0,1,1,0,0,0,0,1,0,1,1,1,1,1,1,0,1,1,0,0,1,1,0,0,0,1,0,1,0,0,0,1,1,0,1,0,1,1,1,0,1,1,0,1,1,1,0,1,1,1,0,1,0,1,1,1,0,0,1,1,1,1,0,1,1,1,0,1,1,1,1,1,1,1,1,1,1,1,1,1,1,1,0
13.044693618876614,0.04800285672351201,-0.4073392903993549,0.6735760490733903,15.620689655172415,395.43400000000014,1.0,2.7393469342874144,1.3759557752840657,4734336.604814778,8.126207150619834,9.883888251797686,5.817220841045895,5.783244946364939,0.0,5.559266895052007,5.689743398203474,14.156174015934997,9.184952231746642,0.0,0.0,12.13273413692322,62.32935846844683,24.570870349683542,10.902924932081056,9.184952231746642,16.686169878445998,0.0,14.450987899589041,5.917906046161393,19.386399651764595,19.634269217737724,80.74969354183492,0.0,11.24901029325548,4.39041504767482,0.0,0.0,39.86850206369171,6.544756405912575,11.735126887207288,23.19963192162084,0.0,10.902924932081056,75.17,5.689743398203474,18.774026599890284,0.0,23.07763872862423,42.39753248145523,13.08951281182515,28.832567921637796,24.26546827384644,0.0,9.883888251797686,0.0,14.278909785601176,0.0,42.353451271850965,0.4960210392641158,0.38774710287931513,-0.3836684531478076,1.4150516537601676,2.309561004421664,0.0,0.3181818181818182,1,0,1,1,0,1,0,0,5,7,2,5,0,1,1,0,0,4,2.423800000000001,0,0,0,0,0,2,1,0,0,0,0,0,2,1,0,0,0,1,0,0,0,0,0,0,0,0,0,0,1,0,0,0,0,0,0,0,0,0,1,1,0,0,0,0,0,0,0,1,0,1,0,0,0,0,0,0,0,0,0,0,0,0,0,17,6.394088669950739,4,4,0.0,2596.0,3,0.0788177339901478,0.19978106185002736,0.19978106185002736,0.17681912848436818,0.19978106185002742,0.16214469334385692,0.13887802452393752,0.13887802452393752,0.012065670700881607,0,0,0,0,0,3,1,0.2413793103448276,0.7586206896551724,0.10344827586206896,0.10344827586206896,0.0,0.375,0.09375,0,0,1,0,0,1,1,0,1,0,1,0,0,0,0,0,0,0,0,1,0,0,0,0,0,0,0,0,0,0,1,0,1,1,1,0,0,1,0,1,0,0,1,0,0,1,0,1,0,0,0,0,0,0,0,0,0,0,1,1,0,0,0,1,1,0,0,0,0,0,0,0,1,0,1,0,0,1,1,0,1,1,0,0,0,0,1,0,0,0,1,1,0,0,0,0,0,0,0,0,1,0,0,0,1,1,0,1,0,1,0,0,0,0,0,1,0,1,1,1,1,1,0,1,0,1,0,1,0,0,0,0,0,0,0,0,0,0,0,0,0,0,0,0,0,0,0,0,0,0,0,0,0,0,0,0,0,0,0,0,0,0,0,0,0,1,0,0,0,0,1,0,0,0,0,0,0,0,0,0,0,0,0,0,0,0,0,0,0,0,0,0,0,1,0,0,0,0,0,0,0,0,0,1,0,1,0,1,1,0,0,0,0,1,1,1,0,1,1,1,1,0,0,0,0,1,1,0,1,1,0,0,0,1,1,1,0,0,1,1,0,1,0,0,0,1,1,0,1,1,1,0,0,1,0,1,1,1,0,0,0,0,1,0,1,1,1,0,0,0,1,1,1,1,1,1,1,0,1,1,1,1,1,1,1,0,1,1,0,1,1,1,1,1,0
11.117970521541949,0.3692592592592592,-0.3692592592592592,0.5934152756520555,9.461538461538462,181.21499999999997,1.5384615384615385,2.0352492644510884,2.6927851604506556,726.5839874090386,3.8886672016230377,9.636772684650527,7.04767198267719,11.94635540489698,6.196843571613076,0.0,6.093240070938415,0.0,9.361636831863176,0.0,0.0,0.0,6.06636706846161,20.16171103381599,0.0,14.098499785663225,6.093240070938415,0.0,4.899909730850478,7.04767198267719,0.0,14.09534396535438,24.526421280149375,5.749511833283905,9.303962601591405,4.794537184071822,5.749511833283905,0.0,25.088493767143273,7.04767198267719,0.0,0.0,0.0,0.0,33.42,0.0,4.794537184071822,0.0,6.093240070938415,5.749511833283905,0.0,4.899909730850478,26.358554605429067,23.87798227054323,0.0,4.736862953800049,6.840509259259259,0.0,12.499914965986394,0.0,0.0,0.5450925925925929,3.236292517006803,0.0,5.156292517006802,0.3333333333333333,0,0,0,0,1,1,0,0,2,4,1,1,0,0,0,0,0,1,0.5714999999999999,0,0,0,0,0,1,0,0,0,0,0,0,2,0,0,0,0,0,0,0,0,0,0,0,0,1,0,0,0,0,1,0,0,0,0,0,0,0,0,0,0,0,0,0,0,0,0,0,0,0,0,0,1,0,0,0,0,0,0,0,0,0,0,7,3.358974358974359,1,1,0.0,262.0,3,0.16666666666666666,0.21445221445221446,0.21445221445221446,0.2113995511212021,0.21445221445221446,0.3083280218960706,0.2578326999991363,0.2578326999991363,0.020424700779405287,0,0,0,0,0,1,0,0.3076923076923077,0.6923076923076923,0.15384615384615385,0.15384615384615385,0.0,0.46153846153846156,0.07692307692307693,0,0,0,0,0,0,0,0,0,0,1,1,0,0,0,0,0,0,1,0,0,0,1,0,0,0,0,0,0,0,0,0,0,1,0,0,0,0,0,1,0,0,0,0,0,0,0,0,0,0,1,1,0,1,0,1,0,0,0,0,0,0,0,0,1,1,1,0,0,0,0,0,1,0,0,0,0,0,0,1,0,1,0,0,0,0,1,0,0,0,0,0,0,0,1,0,0,0,0,0,1,0,0,0,0,0,0,1,0,0,0,1,0,1,0,0,1,1,0,0,1,0,0,0,0,1,1,0,0,0,0,0,0,0,0,0,0,0,0,0,0,0,0,0,0,0,0,0,0,0,0,1,0,0,0,0,0,0,0,0,0,0,0,0,0,0,0,0,0,0,0,0,0,0,0,0,0,1,0,0,0,0,0,0,0,0,0,0,0,0,0,0,0,1,0,0,0,0,0,0,0,0,1,1,0,0,0,0,0,0,0,0,0,1,1,0,0,0,0,0,0,1,0,1,0,0,1,0,0,0,0,0,0,0,1,0,0,0,1,0,0,1,0,0,0,1,0,0,0,1,1,1,0,0,1,1,0,0,0,0,0,0,0,0,0,1,0,0,0,1,1,1,0,0,0,0,1,1,0,0,1,0,1,0,1,1,1,1,1,1,1,1,1,1,0
15.171731877595493,0.02841434066025439,-2.2744897120699434,0.19568989046031227,34.91228070175438,778.9469999999999,1.0,3.8653005140500163,1.3697089390408743,7495124316908.953,13.188750570201027,33.937867461838586,11.164502302680685,6.103966387748303,5.601050810983688,0.0,17.90791586385555,19.388893829844598,4.794537184071822,0.0,0.0,55.84774045533699,61.40558606409522,90.93631433573132,27.37123345298056,38.43759076225636,34.49822707062016,0.0,14.783797982648164,11.332896515558172,87.61793429250997,59.45599996101056,82.58364973128002,5.749511833283905,9.636772684650527,5.687386274683562,5.749511833283905,0.0,116.14303032853242,45.968937758321744,11.332896515558172,68.83878056071536,0.0,10.902924932081056,133.87,45.93044001197398,14.69560176298435,4.794537184071822,17.929052163261204,50.20969741149666,52.92147661975823,26.716436812314956,7.109797541277533,37.070420118603124,58.13469670822526,18.947451815200196,23.885237508424268,0.0,53.11960515592329,14.351386813894859,1.0481408140075348,-1.3108556147384665,7.67191080620672,9.19119204355776,6.224229164874214,0.5333333333333333,2,1,5,6,0,1,9,2,11,12,6,7,1,1,2,1,1,9,4.753600000000004,0,1,0,0,0,1,1,0,0,0,0,0,3,1,0,0,1,0,0,0,0,0,0,0,1,0,0,0,6,3,4,0,0,0,0,0,0,0,0,0,0,3,0,0,0,0,0,1,0,0,0,0,0,0,0,0,0,0,0,0,0,0,0,16,6.695488721804511,9,9,0.0,10686.0,4,0.040726817042606514,0.10355434039644568,0.10355434039644568,0.13650203578602502,0.10355434039644566,0.15451944893066144,0.09050457857789172,0.09050457857789172,0.011968952090808508,0,0,0,0,3,3,3,0.21052631578947367,0.7894736842105263,0.14035087719298245,0.07017543859649122,0.0,0.676923076923077,0.07692307692307693,1,0,1,0,0,0,0,1,1,1,1,1,0,0,1,1,0,0,0,1,1,0,1,1,0,0,1,0,0,1,1,0,1,1,1,1,1,1,1,1,0,0,1,0,0,0,1,1,0,0,1,1,0,1,1,1,0,0,1,0,1,0,1,0,1,1,0,1,0,1,1,1,1,1,1,0,1,1,0,0,1,1,1,0,1,0,1,1,0,0,1,0,0,0,0,1,1,0,1,1,1,0,1,1,1,1,1,1,1,0,1,0,1,0,0,0,0,0,0,1,1,1,1,1,1,1,1,0,0,0,0,0,0,0,0,0,0,0,0,0,0,0,0,0,0,0,0,0,0,0,0,0,0,0,0,0,0,0,0,0,0,0,0,0,0,0,0,0,0,0,0,0,0,0,0,0,0,0,1,0,0,0,0,0,0,0,0,0,0,0,1,0,0,1,1,0,0,0,0,0,1,0,0,1,1,0,0,0,1,0,0,1,0,1,1,0,0,1,1,1,0,1,0,1,1,1,1,1,1,1,0,0,0,1,0,0,1,0,0,1,1,1,1,0,1,0,1,0,1,1,1,1,0,1,1,1,1,1,0,1,0,0,0,1,1,1,1,1,1,1,1,1,1,1,1,1,1,1,1,1,1,1,1,1,1,1,1,1,1,1,1,1,1,1,0
15.171731877595493,0.02841434066025439,-2.2744897120699434,0.19568989046031227,34.91228070175438,778.9469999999999,1.0,3.8653005140500163,1.3697089390408743,7495124316908.953,13.188750570201027,33.937867461838586,11.164502302680685,6.103966387748303,5.601050810983688,0.0,17.90791586385555,19.388893829844598,4.794537184071822,0.0,0.0,55.84774045533699,61.40558606409522,90.93631433573132,27.37123345298056,38.43759076225636,34.49822707062016,0.0,14.783797982648164,11.332896515558172,87.61793429250997,59.45599996101056,82.58364973128002,5.749511833283905,9.636772684650527,5.687386274683562,5.749511833283905,0.0,116.14303032853242,45.968937758321744,11.332896515558172,68.83878056071536,0.0,10.902924932081056,133.87,45.93044001197398,14.69560176298435,4.794537184071822,17.929052163261204,50.20969741149666,52.92147661975823,26.716436812314956,7.109797541277533,37.070420118603124,58.13469670822526,18.947451815200196,23.885237508424268,0.0,53.11960515592329,14.351386813894859,1.0481408140075348,-1.3108556147384665,7.67191080620672,9.19119204355776,6.224229164874214,0.5333333333333333,2,1,5,6,0,1,9,2,11,12,6,7,1,1,2,1,1,9,4.753600000000004,0,1,0,0,0,1,1,0,0,0,0,0,3,1,0,0,1,0,0,0,0,0,0,0,1,0,0,0,6,3,4,0,0,0,0,0,0,0,0,0,0,3,0,0,0,0,0,1,0,0,0,0,0,0,0,0,0,0,0,0,0,0,0,16,6.695488721804511,9,9,0.0,10686.0,4,0.040726817042606514,0.10355434039644568,0.10355434039644568,0.13650203578602502,0.10355434039644566,0.15451944893066144,0.09050457857789172,0.09050457857789172,0.011968952090808508,0,0,0,0,3,3,3,0.21052631578947367,0.7894736842105263,0.14035087719298245,0.07017543859649122,0.0,0.676923076923077,0.07692307692307693,1,0,1,0,0,0,0,1,1,1,1,1,0,0,1,1,0,0,0,1,1,0,1,1,0,0,1,0,0,1,1,0,1,1,1,1,1,1,1,1,0,0,1,0,0,0,1,1,0,0,1,1,0,1,1,1,0,0,1,0,1,0,1,0,1,1,0,1,0,1,1,1,1,1,1,0,1,1,0,0,1,1,1,0,1,0,1,1,0,0,1,0,0,0,0,1,1,0,1,1,1,0,1,1,1,1,1,1,1,0,1,0,1,0,0,0,0,0,0,1,1,1,1,1,1,1,1,0,0,0,0,0,0,0,0,0,0,0,0,0,0,0,0,0,0,0,0,0,0,0,0,0,0,0,0,0,0,0,0,0,0,0,0,0,0,0,0,0,0,0,0,0,0,0,0,0,0,0,1,0,0,0,0,0,0,0,0,0,0,0,1,0,0,1,1,0,0,0,0,0,1,0,0,1,1,0,0,0,1,0,0,1,0,1,1,0,0,1,1,1,0,1,0,1,1,1,1,1,1,1,0,0,0,1,0,0,1,0,0,1,1,1,1,0,1,0,1,0,1,1,1,1,0,1,1,1,1,1,0,1,0,0,0,1,1,1,1,1,1,1,1,1,1,1,1,1,1,1,1,1,1,1,1,1,1,1,1,1,1,1,1,1,1,1,0
11.984814814814815,0.7070370370370369,-1.0011574074074072,0.482564502908463,9.444444444444445,130.078,1.4444444444444444,1.7965675742516067,3.5238977189940166,104.20091930659319,1.8479763724759504,4.9839785209472085,0.0,0.0,5.817220841045895,5.559266895052007,5.689743398203474,9.77851570501903,4.794537184071822,4.39041504767482,0.0,0.0,0.0,6.196843571613076,0.0,4.39041504767482,0.0,0.0,9.967957041894417,0.0,0.0,0.0,32.8521490740581,0.0,11.24901029325548,4.39041504767482,0.0,0.0,9.967957041894417,0.0,5.817220841045895,0.0,0.0,0.0,65.72,17.066231134301376,13.979489415818463,0.0,0.0,6.196843571613076,0.0,0.0,4.9839785209472085,4.9839785209472085,0.0,0.0,11.984814814814815,0.0,24.005000000000003,0.0,-1.7081944444444441,-0.9911111111111108,0.7094907407407407,0.0,0.0,0.0,2,0,0,0,0,1,0,0,2,5,1,0,0,0,0,0,0,1,-0.7977000000000001,0,0,0,0,0,2,2,0,0,0,0,0,0,2,0,0,0,0,0,0,0,0,0,0,0,0,0,0,0,0,0,0,0,0,0,0,0,0,0,0,0,0,0,0,0,0,0,0,0,0,0,0,0,0,0,0,0,0,0,0,0,0,0,5,2.3333333333333335,1,1,0.0,84.0,3,0.25,0.19047619047619047,0.19047619047619047,0.15567496226930977,0.19047619047619047,0.44041667025469244,0.31808757630403367,0.31808757630403367,0.025626952972635477,0,0,0,0,0,1,0,0.5555555555555556,0.4444444444444444,0.2222222222222222,0.2222222222222222,0.0,0.1111111111111111,0.2222222222222222,0,0,0,0,0,0,0,0,1,0,1,0,0,0,0,0,0,0,0,0,0,0,0,1,0,0,0,0,0,0,0,0,0,0,0,0,0,0,1,0,0,0,0,0,0,0,0,0,1,0,0,0,0,0,0,0,0,1,1,1,0,0,0,0,0,0,0,0,0,0,0,0,0,0,0,0,0,0,0,0,0,1,0,0,1,0,0,1,0,0,1,0,0,1,0,0,0,0,0,0,1,0,0,0,0,0,0,0,0,0,1,0,1,0,0,1,0,0,0,0,0,0,0,0,0,0,0,0,0,0,0,0,0,0,0,0,0,0,0,0,0,0,0,0,0,0,0,0,0,0,0,0,0,0,0,0,0,0,0,0,0,0,0,0,0,1,0,0,0,0,1,1,0,0,0,0,0,0,0,0,0,1,0,0,0,0,0,0,0,0,0,0,0,1,0,0,0,0,0,0,0,0,0,0,0,1,0,0,1,0,0,0,0,0,0,1,0,1,0,0,1,0,0,0,0,1,1,0,0,0,0,0,0,0,1,1,0,0,1,0,0,1,0,0,0,1,0,0,1,1,0,0,0,0,0,1,0,0,0,1,0,0,1,0,1,1,0,0,0,0,1,1,1,0,0,0,0,0,1,1,0,0,1,0,1,0,0,1,0,1,1,1,1,1,0
12.934877409297052,0.01528821290018434,-1.6370638857394813,0.2011276719859027,22.9,471.54600000000016,1.5333333333333334,3.1373901207732593,1.776867738570852,4691364.546713221,9.247366615633545,15.160178952647085,11.070912126024574,0.0,11.063616211172214,11.63216532332176,5.969305287951849,14.488984098994122,9.476340119217006,5.261891554738487,28.622451707083272,11.761884949391115,15.999874721379003,25.663176737448303,17.574928526285852,24.227001900856216,53.06931959482821,5.261891554738487,30.423953269612767,7.04767198267719,16.2552948887597,30.121211968264692,11.270143843125101,6.069221312792274,5.316788604006331,0.0,0.0,35.285654848173344,89.21742718230568,26.168146488692702,11.33111286753076,0.0,0.0,0.0,163.32999999999998,28.88252315359386,19.490138947056174,0.0,22.9556001332962,16.482394618636764,16.66179468024159,35.31537037520495,7.04767198267719,6.069221312792274,20.842240603617103,9.998754508538536,6.828858950880749,3.6694047625259465,38.2243379350158,31.809513067535292,-1.208487627642119,-1.613492657506629,0.0,0.0,2.957396039142342,0.5333333333333333,2,0,2,2,2,1,2,0,12,15,3,9,0,1,1,0,0,3,-0.7283199999999983,1,0,0,0,0,4,0,0,1,0,0,0,6,1,0,0,0,0,0,0,0,0,0,0,0,1,0,0,1,0,1,0,0,0,0,0,0,0,0,0,0,1,0,0,0,0,0,0,0,0,0,0,0,0,3,0,0,0,1,0,0,0,0,16,5.95632183908046,3,3,0.0,2591.0,4,0.07356321839080461,0.17701149425287355,0.17701149425287355,0.16186832825141842,0.17701149425287355,0.177239176385091,0.12712655000307815,0.12712655000307815,0.0153561375819614,0,0,0,1,1,1,2,0.5,0.5,0.16666666666666666,0.23333333333333334,0.1,0.6875,0.125,1,1,1,1,0,1,0,1,1,0,1,0,1,0,0,1,0,0,0,1,0,0,1,0,1,0,0,0,0,0,1,0,0,1,1,1,1,0,0,1,1,1,0,0,1,0,1,0,0,0,0,0,0,0,1,1,1,1,1,0,0,0,0,0,1,1,0,1,0,0,0,0,1,1,1,0,0,0,1,0,1,1,0,1,0,1,1,1,1,1,0,1,0,0,0,0,0,0,0,0,1,0,1,0,1,0,0,1,0,0,0,0,0,0,1,0,1,0,0,1,0,1,1,1,0,1,0,1,0,0,0,0,0,0,0,0,1,0,0,1,0,0,0,0,0,0,0,0,0,0,0,0,0,0,0,0,0,0,0,0,0,0,0,0,1,0,0,0,0,1,0,0,0,1,0,1,0,0,1,0,1,0,0,0,0,0,0,1,0,0,0,0,1,1,0,0,0,0,1,0,1,0,0,1,1,1,0,1,1,1,0,1,0,1,1,0,1,1,0,1,1,1,1,1,1,1,1,1,0,1,0,0,1,1,1,0,1,0,1,1,1,0,0,0,0,1,0,0,1,1,1,1,1,0,1,1,0,0,1,1,1,1,0,0,1,1,1,1,1,0,1,1,1,0,1,0,1,1,1,1,1,1,1,1,1,1,1,1,1,1,1,1,1,1,0
13.825139125094484,0.19409958427815632,-3.738557203745694,0.4389076668455802,16.558823529411764,489.6260000000002,1.1470588235294117,3.546746725360057,1.6175075656133553,93240665.84176786,9.425999025555683,9.883888251797686,4.2091791775220795,0.0,0.0,10.023291153407584,0.0,0.0,13.401775505276145,9.56710754603472,11.336785877934737,36.39820241076966,47.19325565063235,31.01558348726975,30.19867728001485,8.417796984328938,27.047463306025882,5.261891554738487,14.273173033190652,0.0,29.7613544414212,11.444666136763054,100.9521795713991,6.069221312792274,4.899909730850478,5.687386274683562,0.0,11.336785877934737,35.27756725258013,29.533625588158746,11.33111286753076,22.38428246993945,0.0,0.0,93.08999999999999,10.023291153407584,13.679688539067424,0.0,12.586597235060536,29.282965103970238,22.508217252926016,11.336785877934737,40.27806711037313,42.59504598238274,20.937088085537166,0.0,29.581212627026122,1.2224802316090193,9.550166392308121,11.277992252624026,4.174327777534848,0.0,4.059557368395526,1.2137814153439161,-3.738557203745694,0.2,1,0,1,1,0,2,1,0,6,9,3,6,0,0,0,0,0,5,4.165280000000002,0,0,0,0,0,2,1,0,0,0,0,0,4,1,0,0,0,0,0,0,0,0,0,0,1,0,0,0,1,0,0,0,0,0,0,1,0,0,0,0,0,0,0,0,0,0,0,0,0,0,0,0,0,0,0,1,0,0,0,0,1,0,0,12,5.506238859180035,5,5,0.0,3089.0,4,0.0677361853832442,0.1408199643493761,0.1408199643493761,0.14087222131662316,0.1408199643493761,0.18982751689168073,0.14200924229409817,0.14200924229409817,0.010971009855302355,0,0,0,0,2,4,0,0.2647058823529412,0.7352941176470589,0.058823529411764705,0.14705882352941177,0.058823529411764705,0.34210526315789475,0.05263157894736842,0,0,1,1,0,1,0,0,0,0,1,0,0,0,1,1,1,0,1,0,0,0,1,0,0,0,1,0,0,0,1,1,1,0,1,1,0,0,0,1,0,0,1,0,1,1,0,1,1,1,0,0,0,0,0,1,0,0,0,0,0,0,0,1,1,1,0,0,1,0,0,0,0,1,1,0,0,0,1,0,1,1,0,1,1,0,1,1,0,0,1,0,0,0,1,0,0,0,1,1,1,1,1,0,1,0,1,1,1,0,0,0,1,1,0,0,0,0,0,0,0,1,1,1,0,0,0,1,0,0,0,0,0,0,0,0,0,0,0,0,0,0,0,0,0,0,0,1,0,0,0,0,0,0,0,0,0,0,0,0,1,1,0,0,1,0,0,0,0,1,0,0,0,0,0,0,0,0,0,1,0,0,0,1,0,0,1,1,1,1,0,0,1,1,0,1,0,0,0,0,0,1,0,1,0,1,0,1,1,1,0,1,0,1,1,0,1,0,1,1,0,0,1,0,1,0,0,0,1,1,1,0,0,1,1,0,0,0,0,1,1,0,0,0,0,1,0,0,1,1,1,0,1,1,0,0,1,1,1,0,0,0,0,1,1,1,1,0,0,0,1,0,1,1,0,0,1,0,1,1,0,1,0,1,1,0,1,1,0,1,1,1,1,1,0
12.527690879296667,0.04615510890357566,-0.0998384015375362,0.30133279842362654,46.8780487804878,572.8750000000001,0.6829268292682927,3.2138529847168456,1.306114612552273,1356211455.6248648,10.786724576322717,18.439787622989346,12.083681658295921,12.207932775496605,0.0,0.0,11.938610575903699,9.589074368143644,0.0,0.0,0.0,13.847474399381248,99.71565250622848,32.10410811463005,40.27436958900468,28.028861991132985,11.938610575903699,0.0,0.0,34.501605123439134,135.45724433059314,40.27436958900468,0.0,0.0,0.0,0.0,0.0,0.0,85.47065631409015,19.06280027574374,34.501605123439134,111.16562989680064,0.0,0.0,52.6,0.0,9.589074368143644,0.0,29.56153382079708,35.25239026617688,21.30478938447665,103.22888509876245,13.847474399381248,0.0,27.94281836473563,9.473725907600098,14.746293128718081,0.0,24.82838914648949,0.0,0.37702997429458496,2.5188518240644746,16.432124208996765,13.309669955258457,4.941164410715675,0.9428571428571428,0,4,2,6,0,0,10,0,4,6,2,4,4,2,6,0,0,6,6.110500000000007,0,0,0,0,0,0,0,0,0,0,0,0,2,0,0,0,2,2,0,0,0,0,0,0,0,0,0,0,5,2,2,0,0,0,0,0,0,0,0,0,0,0,0,0,0,0,0,0,0,2,0,0,0,2,0,0,0,0,0,0,0,0,0,15,6.296341463414634,6,6,0.0,5163.0,4,0.05609756097560975,0.1358036272670419,0.1358036272670419,0.1351591708949833,0.1358036272670419,0.1655484575812557,0.12511791227332247,0.12511791227332247,0.013515348056047097,0,0,0,0,1,0,6,0.14634146341463414,0.8536585365853658,0.0975609756097561,0.04878048780487805,0.0,0.9565217391304348,0.043478260869565216,0,0,1,0,1,1,0,1,0,1,1,1,1,0,0,1,1,1,0,0,0,0,0,0,0,0,0,0,0,0,1,1,0,1,0,0,1,0,0,1,0,0,1,0,0,1,0,0,0,0,0,0,1,0,0,1,0,0,1,1,1,0,0,1,0,1,0,0,1,1,0,1,0,1,0,0,0,0,0,0,0,1,0,0,1,0,0,0,0,0,0,0,0,0,1,0,0,0,0,0,0,0,1,1,0,1,0,0,0,0,1,0,0,0,0,0,0,0,0,0,1,1,1,1,0,1,0,1,0,0,0,0,0,0,0,0,0,0,0,0,0,0,0,0,0,0,0,0,0,0,0,0,0,0,0,0,0,0,1,0,0,0,0,0,0,0,0,0,0,0,0,0,0,0,0,0,0,1,0,0,0,0,0,0,0,0,0,0,0,0,1,0,0,0,1,0,0,0,0,0,0,0,0,1,0,0,0,0,0,0,0,0,0,1,1,0,0,0,0,0,0,1,0,1,1,0,1,0,1,1,0,0,0,1,0,0,1,0,0,1,1,0,0,1,1,0,1,0,1,1,1,1,0,0,1,1,1,1,0,0,1,1,0,0,1,1,1,0,1,1,1,1,0,1,1,1,1,1,1,0,1,1,1,0,1,1,1,1,1,1,0,1,1,1,0
10.679840718694887,0.17723359945830164,-0.17723359945830164,0.5673159936374234,25.130434782608695,314.46900000000005,1.2608695652173914,2.4550054638976895,1.9891758863693303,138339.5578906348,6.220672056037987,9.843390348640755,17.100074477551498,0.0,0.0,0.0,0.0,0.0,0.0,0.0,0.0,31.414505082445793,64.15068371939613,17.399263584019785,0.0,9.843390348640755,0.0,0.0,0.0,5.917906046161393,77.73883539346363,0.0,34.90876175722036,11.49902366656781,4.736862953800049,0.0,11.49902366656781,0.0,10.707578205824394,6.4208216229260096,5.917906046161393,76.84386594294793,0.0,0.0,29.46,0.0,5.106527394840706,0.0,11.518956857145081,11.6674178794453,30.575428193758928,30.399020890544293,0.0,6.06636706846161,39.837335974057986,4.736862953800049,6.362539682539683,0.0,0.0,10.679840718694887,3.4564699374482486,2.0434075391966804,9.26364470289023,8.813666107816818,0.0,0.6190476190476191,1,1,1,2,0,0,2,0,2,2,1,4,0,0,0,0,0,3,5.735800000000006,0,0,0,0,0,0,0,1,0,0,0,0,0,0,0,0,0,0,0,0,0,0,2,0,0,1,0,0,3,0,1,0,0,0,0,0,0,0,0,0,0,0,0,0,0,0,0,0,0,0,0,0,0,0,0,0,0,0,0,0,0,2,0,12,4.545454545454546,3,3,0.0,1150.0,4,0.09881422924901183,0.16883116883116883,0.16883116883116883,0.12627026587268647,0.16883116883116883,0.2312044504241959,0.1751866724397857,0.1751866724397857,0.01678140397923593,0,0,0,0,0,1,1,0.08695652173913043,0.9130434782608695,0.08695652173913043,0.0,0.0,0.72,0.04,0,0,1,0,0,0,0,1,0,1,0,0,0,0,0,0,1,1,0,0,0,0,1,0,0,1,1,0,0,0,1,0,1,1,0,0,1,0,1,1,0,0,0,0,0,1,0,0,0,0,0,0,0,0,0,0,0,0,1,1,0,1,0,0,0,1,1,1,0,0,0,1,0,1,1,0,1,0,0,1,1,1,1,0,0,0,1,0,0,0,1,1,0,0,0,0,0,0,0,0,1,0,1,0,0,0,1,1,0,0,0,0,1,1,0,0,0,0,0,1,0,0,1,1,0,0,0,0,0,0,0,0,0,0,0,0,0,0,0,0,0,0,0,0,0,0,0,0,0,0,0,0,0,0,0,0,0,0,0,0,0,0,0,0,0,0,0,0,0,0,0,0,0,0,0,0,0,0,1,0,0,0,0,0,0,1,0,0,0,0,0,0,0,0,1,0,0,0,0,0,0,0,1,0,1,0,0,0,0,0,0,0,0,0,0,0,0,1,0,1,0,0,0,0,0,0,1,1,0,1,0,0,0,1,0,0,1,0,0,0,1,1,1,1,1,0,1,0,0,0,0,0,0,0,0,1,0,1,0,0,0,0,0,0,0,1,0,1,0,1,0,1,1,1,0,1,0,1,0,0,1,0,0,1,0,1,0,1,1,0,1,1,1,1,0
12.141064814814815,0.282407407407407,-0.7133333333333332,0.4952172017431901,9.444444444444445,129.094,1.7777777777777777,1.7965675742516067,3.3360928870055955,104.20091930659319,1.8479763724759515,5.733667477162185,5.817862777835028,5.817220841045895,0.0,0.0,5.689743398203474,4.9839785209472085,9.184952231746642,4.9839785209472085,0.0,0.0,0.0,0.0,6.196843571613076,4.39041504767482,5.817862777835028,0.0,9.967957041894417,0.0,0.0,5.733667477162185,22.498344994934268,0.0,11.423410875365658,10.208277825509848,0.0,0.0,9.967957041894417,0.0,5.817220841045895,0.0,0.0,0.0,71.77000000000001,11.506964239249369,9.184952231746642,0.0,5.817862777835028,0.0,6.196843571613076,0.0,0.0,4.9839785209472085,4.9839785209472085,5.733667477162185,12.141064814814815,0.0,15.277129629629629,0.0,4.305555555555555,-0.9957407407407401,0.7719907407407409,0.0,0.0,0.0,3,0,0,0,0,1,0,0,3,5,1,0,0,0,0,0,0,1,-0.5088000000000001,0,0,0,1,0,2,1,0,0,0,0,0,1,1,1,0,0,0,0,0,0,0,0,0,1,0,0,0,0,0,0,0,0,0,0,0,0,0,0,0,0,0,0,0,0,0,0,0,0,0,0,0,0,0,0,0,0,0,0,0,0,0,0,5,2.3333333333333335,1,1,0.0,84.0,3,0.25,0.19047619047619047,0.19047619047619047,0.15567496226930977,0.19047619047619047,0.44041667025469244,0.31808757630403367,0.31808757630403367,0.025626952972635477,0,0,0,0,0,1,0,0.5555555555555556,0.4444444444444444,0.1111111111111111,0.3333333333333333,0.0,0.2222222222222222,0.1111111111111111,0,0,0,0,0,0,0,0,1,0,1,0,1,0,0,0,0,0,0,1,0,0,0,1,0,0,0,0,0,0,0,0,1,0,0,0,0,0,0,0,0,0,0,1,1,0,0,0,1,1,0,0,0,0,0,0,0,0,1,1,0,0,0,0,1,0,0,0,0,0,0,0,0,0,0,0,0,0,0,0,0,1,0,0,0,0,0,0,0,0,1,1,0,0,0,0,0,0,0,0,1,0,0,0,0,0,0,0,0,0,0,0,0,0,0,0,0,0,0,0,0,1,1,0,0,0,0,1,0,0,0,0,0,0,0,0,0,0,0,0,0,0,0,0,0,0,0,0,0,0,0,0,0,0,0,0,0,0,0,0,0,0,0,0,0,1,1,0,0,0,1,1,0,0,0,0,0,0,0,0,0,0,0,0,0,0,0,0,0,0,0,0,0,1,0,0,0,0,0,0,0,0,0,0,0,1,0,0,1,0,0,0,1,0,0,1,0,0,0,0,0,0,0,0,0,1,1,0,0,0,0,0,0,0,1,1,0,0,1,0,0,1,0,0,0,1,0,0,1,1,0,0,0,0,0,1,0,0,0,1,0,1,1,1,0,1,0,0,0,0,1,1,1,0,0,0,0,0,1,1,0,0,1,0,1,0,1,0,0,1,1,1,1,1,0
11.373715947026959,0.0629021181517877,-4.313547549935613,0.45197128428898714,13.5,279.18899999999996,1.5555555555555556,2.2533403299766817,2.681021614453369,6417.513259773589,6.074875346260388,25.36388103130789,12.165833146889858,0.0,0.0,0.0,13.28550572499136,9.132147932722685,4.794537184071822,4.9839785209472085,0.0,0.0,6.06636706846161,6.196843571613076,19.255604758173796,24.195261839077034,13.413625104622913,0.0,9.551078168738563,0.0,12.648722793660877,18.688519810729932,22.74749122234998,0.0,11.423410875365658,5.817862777835028,0.0,7.595762326787885,43.50324749040026,15.846667644643954,0.0,0.0,0.0,0.0,147.89999999999998,32.34432444630741,9.35958546900315,0.0,12.362619183747604,0.0,4.567099647791355,12.263210640074686,0.0,0.0,4.9839785209472085,25.36388103130789,16.541021736250364,0.0,32.0903508564047,8.991230631141345,4.667238360985656,0.0629021181517877,-0.38467679201310223,-0.570010156840514,-4.313547549935613,0.5,5,0,0,0,0,1,1,0,7,10,1,6,0,0,0,0,0,1,-1.6618000000000002,0,1,1,1,0,2,0,0,0,0,0,0,2,0,1,0,0,0,0,0,0,0,0,0,1,0,0,0,0,0,1,0,0,0,0,0,0,0,0,0,0,0,0,0,0,0,0,0,0,0,0,0,0,0,0,0,0,0,0,0,0,0,0,10,4.34640522875817,1,1,0.0,665.0,4,0.11764705882352938,0.20915032679738563,0.20915032679738563,0.20837257736234205,0.20915032679738563,0.239046313895612,0.20571019672804527,0.20571019672804527,0.01912998804429281,0,0,0,0,0,1,0,0.5555555555555556,0.4444444444444444,0.3333333333333333,0.16666666666666666,0.0,0.5555555555555556,0.1111111111111111,0,1,1,0,0,0,0,0,0,0,1,0,1,0,0,1,0,0,0,1,0,0,1,0,0,0,0,0,0,0,0,0,0,0,0,0,0,0,0,1,1,0,0,0,0,0,1,1,1,1,0,0,0,0,0,1,0,1,1,1,1,1,1,1,1,0,0,0,0,0,0,0,0,0,0,0,0,1,0,0,1,1,0,0,0,0,1,0,0,0,0,0,0,1,1,1,0,0,1,0,1,1,1,0,0,0,0,0,1,0,0,0,0,0,0,0,0,0,1,0,0,0,1,0,0,1,0,0,0,0,0,0,0,0,0,0,0,0,0,0,0,0,0,0,0,0,0,0,0,0,0,0,0,0,0,0,1,1,0,0,0,0,0,0,0,1,1,0,0,0,0,1,0,0,0,0,1,0,0,0,0,0,0,0,0,0,0,0,0,0,0,0,0,1,0,0,0,1,0,0,1,0,0,1,0,1,0,0,1,0,1,0,1,1,0,0,0,0,1,1,0,0,0,1,0,1,1,0,1,0,1,0,1,0,1,0,0,1,1,0,1,1,0,0,0,1,0,0,1,1,1,0,1,0,1,1,0,1,1,1,1,1,0,1,1,1,1,1,1,0,1,1,1,0,1,0,1,0,1,1,1,1,1,1,1,1,1,1,0,1,1,1,1,1,0
10.576064342403628,0.07928240740740722,-0.7061574074074068,0.6737273296978754,22.083333333333332,171.23999999999992,1.3333333333333333,2.0484490301472014,2.532630281022175,491.62776723532835,3.895613316930221,10.84019487200289,0.0,0.0,0.0,0.0,5.969305287951849,4.794537184071822,0.0,0.0,0.0,19.26246486877803,24.801390121161372,0.0,6.4208216229260096,9.901064578912528,5.969305287951849,0.0,0.0,11.148657946558965,38.524929737556064,6.544756405912575,0.0,0.0,5.733667477162185,0.0,0.0,0.0,17.62058908870513,4.794537184071822,5.41499046939678,38.524929737556064,0.0,0.0,63.32000000000001,5.969305287951849,4.794537184071822,0.0,11.83581209232279,6.544756405912575,25.683286491704038,6.4208216229260096,0.0,0.0,0.0,10.84019487200289,0.0,0.0,10.576064342403628,8.706489512471656,5.543912037037037,-0.7061574074074068,5.76927484882842,0.5270833333333333,0.0,0.8888888888888888,3,1,0,1,0,0,0,0,2,3,0,3,1,0,1,0,0,1,1.3702999999999994,1,0,0,0,0,0,0,0,1,0,0,0,0,0,1,0,0,0,0,0,0,0,0,0,0,0,0,0,0,0,0,0,0,0,0,0,0,0,0,0,0,0,0,0,0,0,0,0,0,0,0,0,0,0,0,0,0,0,0,0,0,0,0,6,2.9242424242424243,1,1,0.0,193.0,4,0.1818181818181818,0.19242424242424241,0.19242424242424241,0.20921713361740174,0.19242424242424241,0.35667733247935285,0.2594895410260543,0.2594895410260543,0.023031629708771418,0,0,0,0,0,0,1,0.25,0.75,0.16666666666666666,0.08333333333333333,0.0,0.9166666666666666,0.08333333333333333,0,0,1,0,1,1,0,0,0,0,1,0,0,0,0,0,0,0,0,1,1,0,0,0,0,0,0,0,0,0,1,0,0,0,0,0,1,0,0,1,0,0,0,0,0,0,0,0,0,0,0,0,0,0,0,0,0,0,0,1,0,0,0,0,0,0,0,1,0,0,1,0,0,1,0,0,0,1,0,0,1,0,0,0,0,1,0,0,0,1,1,0,0,0,0,0,0,0,0,0,0,0,1,0,0,0,0,0,0,0,0,0,0,0,0,0,0,0,0,0,0,0,0,0,0,1,0,0,0,0,0,0,0,0,0,0,0,0,0,0,0,0,0,0,0,0,0,0,0,0,0,0,0,0,0,0,0,0,0,0,0,0,0,0,0,0,0,0,0,0,0,0,0,0,0,0,0,0,0,0,0,0,0,0,0,0,0,0,0,0,0,0,0,0,1,0,0,0,0,0,0,0,0,0,0,0,0,0,0,0,1,0,1,0,0,0,0,0,1,1,0,0,0,0,0,0,0,0,1,0,0,0,1,0,0,0,0,0,0,0,1,0,0,0,0,0,1,0,0,0,0,1,0,0,0,0,1,1,0,1,1,0,0,0,0,0,0,1,0,0,0,0,0,0,0,1,0,0,0,1,0,1,1,1,0,1,1,1,0,1,0,1,1,1,0
10.518101379440665,0.0992592592592596,-0.638452380952381,0.6238523859342106,31.727272727272727,157.21299999999997,1.3636363636363635,2.0456060352867365,2.297820229194632,335.4793897870248,3.715479048307071,10.84019487200289,0.0,0.0,0.0,0.0,5.969305287951849,4.794537184071822,0.0,0.0,0.0,0.0,38.14594894377801,0.0,5.917906046161393,9.901064578912528,5.969305287951849,0.0,0.0,17.56947956948497,25.683286491704038,6.544756405912575,0.0,0.0,5.733667477162185,0.0,0.0,0.0,17.62058908870513,4.794537184071822,11.835812092322787,25.683286491704038,0.0,0.0,63.32000000000001,5.969305287951849,4.794537184071822,0.0,5.917906046161393,12.462662452073968,25.683286491704038,0.0,0.0,0.0,0.0,10.84019487200289,0.0,0.0,10.518101379440665,8.665957105064248,5.477364417989419,-0.16308201058201122,3.6203703703703702,0.7146220710506426,0.0,0.875,3,1,0,1,0,0,0,0,2,3,0,2,1,0,1,0,0,1,0.8361000000000001,1,0,0,0,0,0,0,0,1,0,0,0,0,0,1,0,0,0,0,0,0,0,0,0,0,0,0,0,0,0,0,0,0,0,0,0,0,0,0,0,0,0,0,0,0,0,0,0,0,0,0,0,0,0,0,0,0,0,0,0,0,0,0,7,2.9454545454545453,1,1,0.0,162.0,3,0.20000000000000007,0.21616161616161617,0.21616161616161617,0.16180544471240052,0.21616161616161617,0.3537763877684826,0.28136380880875667,0.28136380880875667,0.021717735833778735,0,0,0,0,0,0,1,0.2727272727272727,0.7272727272727273,0.18181818181818182,0.09090909090909091,0.0,0.9090909090909091,0.09090909090909091,0,0,1,0,0,1,0,1,0,0,1,0,0,0,0,0,0,0,0,1,0,0,0,1,0,0,0,0,0,1,1,0,0,0,0,0,0,0,0,1,0,0,0,0,0,1,0,0,0,0,0,0,0,0,0,0,0,0,0,0,0,0,0,0,0,0,0,0,0,0,1,0,0,0,0,0,0,0,1,0,1,0,0,0,0,1,0,0,0,0,0,0,0,0,0,0,0,0,1,0,0,0,0,0,0,0,1,0,0,0,0,0,0,0,0,0,0,0,0,0,0,0,0,1,0,1,0,1,0,0,0,0,0,0,0,0,0,0,0,0,0,0,0,0,0,0,0,0,0,0,0,0,0,0,0,0,0,0,0,0,0,0,0,0,0,0,0,0,0,0,0,0,0,0,0,0,0,0,0,0,0,0,0,0,0,0,0,0,0,0,0,0,0,0,0,0,0,0,0,0,0,0,0,0,0,0,0,0,0,0,1,0,1,0,0,0,0,0,1,1,0,0,0,0,0,0,0,0,1,0,0,0,0,0,0,0,0,0,0,0,0,0,0,0,0,0,1,0,0,0,0,1,0,0,0,0,1,1,0,1,0,0,0,0,0,0,0,1,0,0,0,0,0,0,0,1,0,0,0,1,0,1,1,1,0,1,1,1,0,1,0,1,1,1,0
14.432408824640966,0.01098663076341655,-1.3280651933510879,0.863919065170168,15.130434782608695,320.324,1.434782608695652,2.554556529077141,2.243584852361737,179503.57818519254,5.958730697592291,19.890325377488868,11.210628712464723,11.635083618880923,5.428790391900541,0.0,5.969305287951849,4.794537184071822,14.16893075269385,0.0,0.0,0.0,12.990104268152233,38.92062560117595,5.386224214464796,14.291479626587348,22.8205695010194,0.0,14.867866772744893,0.0,13.4684936056032,31.078935354500782,33.86721054878994,0.0,15.64548872675735,10.208277825509848,0.0,0.0,46.80593647518142,6.544756405912575,5.817220841045895,17.28172587545944,0.0,11.033401435232523,87.46000000000001,17.215316520898284,13.979489415818463,0.0,16.76753848399682,25.28144643850545,19.15587988028676,6.196843571613076,4.567099647791355,11.823646930541102,10.30076712495354,5.106527394840706,15.993245228647012,0.0,29.58752206017087,12.299520057346985,-0.7885500125976317,-1.73976256674489,1.2633372700932224,4.953503155828192,0.0,0.4,2,0,1,1,0,2,0,0,6,8,3,3,0,1,1,0,0,3,0.6633000000000002,0,0,0,0,1,2,0,0,1,0,0,0,3,1,0,0,0,0,0,0,0,0,0,0,1,1,0,0,1,0,0,0,0,0,0,0,0,0,0,0,0,0,0,0,0,0,0,0,0,0,1,0,2,0,0,0,0,0,0,0,0,0,0,11,4.41106719367589,3,3,0.0,1116.0,3,0.09881422924901183,0.1624317711274233,0.1624317711274233,0.13911008096660374,0.1624317711274233,0.2363160802165154,0.1803942138010655,0.1803942138010655,0.016107355391388044,0,0,0,0,0,2,1,0.34782608695652173,0.6521739130434783,0.13043478260869565,0.17391304347826086,0.0,0.48,0.08,0,0,1,0,0,1,0,0,1,0,1,0,0,1,0,0,0,0,0,0,0,0,0,1,0,0,0,0,1,0,1,0,1,1,1,0,1,0,1,1,0,0,0,1,0,1,0,1,1,1,0,0,1,0,0,0,0,0,1,1,0,1,0,1,1,1,1,0,0,1,0,1,1,1,0,0,0,1,0,0,1,1,0,0,0,0,0,0,0,0,1,0,0,0,0,0,0,0,0,0,1,0,0,1,0,0,0,1,1,0,1,0,0,0,0,0,0,0,0,0,0,0,1,0,0,1,0,0,0,0,0,0,0,0,0,0,0,0,0,0,0,0,0,0,0,0,0,0,0,0,0,0,0,0,0,0,0,0,0,0,0,0,0,0,0,0,1,0,0,0,1,0,0,0,0,0,0,0,0,0,0,0,0,0,0,0,0,0,0,0,1,0,0,1,0,0,0,0,0,0,0,0,0,1,0,1,0,1,1,0,1,0,0,1,1,1,0,1,0,1,0,0,0,0,0,1,1,0,1,1,0,0,1,1,0,1,0,0,0,1,0,1,1,0,0,0,1,0,1,1,1,1,0,1,0,1,1,1,0,1,0,1,1,1,1,1,1,1,0,0,1,1,1,1,1,1,1,0,1,1,1,1,1,1,1,1,1,1,1,1,1,1,1,1,0
14.447913991622055,0.18943753219047332,-0.5380791236247584,0.8915973887511962,20.916666666666668,337.35100000000006,1.375,2.9438326535437573,1.692165277075504,354672.9580989519,7.041659619940431,19.690424242456906,11.921187228794198,0.0,5.907179729351506,0.0,6.093240070938415,9.694446914922299,9.184952231746642,0.0,0.0,0.0,18.19910120538483,20.013250011515776,37.67804929021811,23.45321532341856,23.375192349657045,0.0,5.316788604006331,0.0,13.027703587438927,49.192609014377084,24.016322046430723,0.0,15.116608065707286,20.559724781113765,0.0,0.0,57.497175740714354,14.268263091671919,5.817220841045895,6.923737199690624,0.0,0.0,71.11,12.197206458686718,13.979489415818463,0.0,24.81391338222255,37.67804929021811,0.0,17.89001399900271,12.13273413692322,4.899909730850478,5.316788604006331,9.473725907600098,24.90424579306083,0.0,26.201736333055116,2.6081289826197693,0.9483750651571727,-0.5713718197944033,-0.9793930140926896,4.33950018409767,0.0,0.5,1,0,2,2,2,0,1,0,5,8,2,4,0,2,2,0,0,3,1.1235999999999997,0,0,0,0,0,0,0,0,0,0,0,0,2,1,0,0,0,0,0,0,0,0,0,0,2,0,0,0,0,0,2,0,0,0,0,0,0,0,0,0,1,0,1,0,0,0,0,0,0,0,0,0,0,0,0,0,0,0,0,0,0,0,0,14,5.315217391304348,3,3,0.0,1467.0,3,0.09420289855072463,0.19614624505928854,0.19614624505928854,0.16338074471490988,0.19614624505928854,0.19715796264749072,0.1754764527233673,0.1754764527233673,0.013714127841834563,0,0,0,0,1,1,2,0.3333333333333333,0.6666666666666666,0.16666666666666666,0.125,0.0,0.6923076923076923,0.07692307692307693,1,0,0,0,0,0,0,0,1,0,1,1,1,0,0,1,1,0,0,0,0,0,0,1,0,0,0,0,0,0,1,0,0,1,0,0,1,0,0,1,0,0,0,0,0,0,0,0,1,1,0,0,0,0,1,0,1,0,1,1,0,0,1,0,0,0,0,0,1,1,0,0,1,0,0,0,1,0,0,0,1,1,0,0,0,0,1,0,0,0,0,1,0,0,1,0,1,0,0,1,1,0,0,1,1,1,0,1,0,0,1,1,0,0,0,0,0,1,1,1,0,1,0,1,0,1,0,0,0,0,0,0,0,0,0,0,0,0,0,0,0,0,0,0,0,0,0,0,0,0,0,1,0,0,0,0,0,0,0,0,0,0,0,0,0,0,0,0,0,0,1,0,0,0,0,0,0,0,0,0,0,0,0,0,0,1,0,0,0,0,1,0,0,0,0,0,0,0,0,0,0,0,0,1,0,0,0,0,1,0,1,1,0,1,1,1,0,0,1,0,1,0,0,1,1,0,1,0,1,0,0,0,0,0,1,1,0,1,1,1,0,0,0,0,1,1,1,0,1,1,1,1,0,0,0,1,1,1,0,0,1,1,1,1,1,1,1,0,1,0,1,1,1,1,1,1,1,0,1,1,1,1,1,1,1,1,1,1,1,1,1,1,1,1,0
6.376748310692589,0.48652336860670187,0.48652336860670187,0.6146348588152641,13.318181818181818,393.69700000000006,1.2272727272727273,3.001144883919123,2.0004285306477514,186818.26787908148,5.295675461218012,0.0,17.37024288060037,5.824404497999927,0.0,0.0,0.0,9.559504380427024,0.0,0.0,21.534149494536813,29.800041095617345,34.98641523456319,16.149536297135317,9.49810022060742,0.0,44.579354668887305,0.0,14.76446326439343,4.992404732635669,13.4684936056032,0.0,61.91659585327994,5.001081976687867,0.0,0.0,0.0,38.867669666116605,20.476148267164135,6.544756405912575,6.923737199690624,22.775711979393844,5.022633313741326,5.001081976687867,43.07,0.0,0.0,0.0,0.0,11.567389719653901,37.27489417668913,0.0,11.336785877934737,31.18920547353706,36.76077423080439,16.593344622868184,3.107567554799698,11.599294252680494,4.758333333333333,10.179630871896086,2.8807009007306634,1.7049649890820526,0.0,2.4392948300719466,0.0,0.13333333333333333,0,0,1,1,0,2,0,0,5,7,3,1,0,0,0,0,0,4,4.404120000000002,0,0,0,0,0,3,0,0,0,0,0,1,4,0,0,0,0,0,0,0,0,0,0,0,0,1,0,0,3,0,0,0,0,0,0,0,0,0,0,0,0,0,0,0,0,0,0,0,0,0,0,0,0,0,0,0,0,0,0,0,1,0,0,9,3.987012987012987,4,4,0.0,921.0,3,0.10822510822510822,0.14935064935064934,0.14935064935064934,0.14803074453871315,0.14935064935064934,0.25981648835467425,0.18996507864528453,0.18996507864528453,0.01477520436683794,0,0,0,0,2,3,0,0.3181818181818182,0.6818181818181818,0.0,0.18181818181818182,0.045454545454545456,0.32,0.04,1,0,0,0,0,0,0,1,0,0,0,0,1,0,0,0,0,0,0,1,0,1,0,0,0,0,0,0,0,0,1,0,1,1,1,1,0,1,0,1,1,0,0,0,0,0,0,1,0,1,0,0,0,0,0,0,0,0,1,0,0,0,0,0,1,0,0,0,0,0,0,0,0,1,0,0,1,0,1,0,0,1,0,0,1,1,1,1,1,0,0,0,0,0,0,1,1,0,0,0,1,0,0,1,1,0,0,1,0,0,1,0,1,1,0,0,1,0,0,0,0,0,1,0,1,0,0,0,0,0,0,0,0,0,0,0,0,0,0,0,0,0,0,0,0,0,0,1,0,0,0,0,0,0,0,0,0,0,0,0,0,0,0,0,1,0,1,0,0,0,0,0,0,0,1,1,0,0,0,0,1,0,0,0,0,0,0,0,0,0,1,0,0,1,0,0,0,0,0,0,0,0,0,0,0,1,1,1,1,1,0,1,0,1,0,1,1,0,0,0,0,0,1,0,1,0,0,0,1,1,0,1,0,1,0,1,1,0,0,1,0,0,0,0,0,0,0,1,1,1,1,0,1,1,0,0,0,0,0,0,0,0,1,1,0,1,0,0,0,0,1,0,1,0,0,0,1,0,1,0,0,1,0,0,1,0,1,0,1,1,1,1,0,1,0
13.679461187892965,0.0007829202490095,-4.644555837721909,0.6216377742511342,15.464285714285714,407.31800000000015,1.1071428571428572,3.0256848690734643,1.6262839581617268,1435297.1570272483,7.414058798688895,15.20067685580402,5.817220841045895,17.45884618009172,11.731584227351433,0.0,6.176298517443475,4.794537184071822,13.171245143024459,13.171245143024459,10.197363616602075,0.0,18.050640183084614,31.618542332360732,6.544756405912575,31.137027470120742,5.907179729351506,0.0,19.66437299524391,5.733667477162185,38.14929540426861,6.544756405912575,46.79665714775775,0.0,5.733667477162185,26.34249028604892,0.0,0.0,38.15814995965595,30.481170136266456,17.451662523137685,23.63308211062286,0.0,0.0,77.04,41.40138609708055,31.137027470120742,0.0,43.86376845328667,12.13273413692322,4.567099647791355,4.899909730850478,0.0,0.0,10.197363616602075,5.733667477162185,79.26135838781249,0.0,13.626120467477111,6.5954664399086305,5.640151990382421,-5.147753026926144,-5.107136854179865,-0.3022441385874819,0.0,0.4375,2,0,1,1,1,1,1,0,5,12,2,4,0,0,0,0,0,3,2.0164999999999997,0,0,0,0,0,3,0,0,0,0,0,0,4,0,1,0,0,0,0,0,0,3,0,0,0,0,0,0,1,0,0,0,0,0,0,0,0,0,0,0,0,0,0,0,0,0,0,0,0,0,0,0,0,0,0,0,0,0,0,0,0,0,0,15,6.034391534391534,3,3,0.0,2281.0,4,0.07936507936507937,0.19363044363044365,0.19363044363044365,0.18894999374266214,0.19363044363044365,0.17161846373681672,0.13954271528239778,0.13954271528239778,0.015607171852980356,0,0,0,0,1,2,0,0.42857142857142855,0.5714285714285714,0.03571428571428571,0.17857142857142858,0.0,0.6,0.03333333333333333,0,1,0,1,1,1,0,0,1,1,1,0,1,0,1,0,0,0,1,1,0,0,0,1,0,1,1,0,0,0,1,0,0,0,0,0,0,1,0,1,0,1,0,0,0,1,0,0,1,0,0,0,0,1,1,0,1,0,0,1,0,0,0,0,0,0,0,0,0,1,0,0,1,0,0,0,0,0,0,1,1,1,1,0,0,0,0,0,1,1,0,1,0,0,0,0,0,0,0,1,1,0,0,0,0,0,0,1,1,0,0,0,0,1,1,0,1,0,1,0,0,0,1,0,1,1,0,0,0,0,0,0,0,0,0,0,0,0,0,0,0,0,0,0,0,0,0,0,0,0,0,0,0,0,0,0,0,0,0,0,0,0,0,0,0,0,1,0,0,0,1,0,0,0,0,0,0,0,0,0,1,0,0,0,0,0,0,0,0,0,0,0,0,1,0,0,0,0,0,0,0,0,0,1,0,1,0,1,1,0,0,1,1,1,1,1,0,0,0,0,1,0,1,0,1,1,1,0,1,1,0,0,1,1,1,1,0,0,1,1,1,0,0,0,0,1,1,0,1,1,1,0,1,1,0,0,1,1,0,0,1,0,1,0,0,1,1,0,0,0,1,0,1,1,0,1,1,0,1,1,0,1,1,1,1,0,1,0,0,1,1,1,1,1,0
11.891624149659865,0.07351851851851876,-1.0933333333333333,0.7067836690245719,21.3125,226.276,1.125,2.175546730729908,3.0460336908423664,2793.4020022572017,4.6342425942537355,0.0,5.41499046939678,0.0,11.814359458703011,0.0,6.031114512338072,20.222651576156306,4.794537184071822,0.0,0.0,27.19203322199788,18.75954929201341,0.0,0.0,14.383611552215466,17.845473971041084,0.0,10.633577208012662,11.332896515558172,40.0336764678499,0.0,0.0,0.0,10.633577208012662,4.794537184071822,0.0,0.0,17.845473971041084,9.589074368143644,11.332896515558172,40.0336764678499,0.0,0.0,75.27000000000001,23.26046444043786,14.383611552215466,0.0,5.917906046161393,6.4208216229260096,12.841643245852019,0.0,6.923737199690624,13.847474399381248,10.633577208012662,0.0,0.0,0.0,34.78742591017888,4.362074829931973,-1.0933333333333333,-1.009259259259259,2.082744945200302,5.673334435626103,0.0,0.7272727272727273,2,0,1,1,4,0,1,0,3,5,1,4,0,1,1,0,1,1,1.1849999999999998,0,0,0,0,0,0,0,0,0,0,0,0,0,2,0,0,0,0,0,0,0,0,0,0,0,0,0,0,0,0,0,0,0,0,0,0,2,0,0,0,0,0,0,0,0,0,0,0,0,0,0,0,0,0,0,0,0,0,0,0,0,0,1,8,3.316666666666667,1,1,0.0,398.0,4,0.13333333333333333,0.1654761904761905,0.1654761904761905,0.18716996653278026,0.1654761904761905,0.31568661273406967,0.21519504890679342,0.21519504890679342,0.024317377819443438,0,0,0,0,0,0,1,0.3125,0.6875,0.1875,0.125,0.0,0.8125,0.1875,0,1,0,0,0,0,1,0,0,0,1,0,1,0,0,0,0,0,0,0,0,0,0,0,0,0,1,1,0,0,0,0,1,1,0,0,1,0,1,0,0,0,0,0,0,0,0,0,0,0,0,0,0,0,1,0,1,0,1,0,0,0,0,0,0,0,0,0,0,0,0,1,0,1,0,0,0,0,0,0,1,0,0,0,0,1,0,0,0,0,1,0,0,0,0,0,0,0,0,1,1,0,0,0,0,0,0,0,0,0,0,0,0,0,0,1,0,1,0,0,0,0,0,0,0,0,0,0,0,0,0,0,0,0,0,0,0,0,0,0,0,0,0,0,0,0,0,0,0,0,0,0,0,0,0,0,0,0,0,0,0,0,0,0,0,1,0,0,0,0,0,1,0,0,0,0,0,0,0,0,0,1,0,0,0,0,0,0,0,0,0,0,0,0,1,0,0,0,0,0,0,0,0,0,0,1,0,0,1,0,0,0,0,0,0,0,0,1,1,1,1,0,0,0,0,1,1,0,0,0,0,0,0,0,1,0,1,0,1,0,1,0,1,1,1,1,1,0,1,1,0,0,0,0,0,1,1,1,0,1,0,0,0,0,1,1,0,0,0,1,1,1,0,0,1,1,0,1,1,1,0,0,1,1,1,0,1,1,1,1,0,1,1,1,0
12.391342120181406,0.14766628873771714,-1.368472222222222,0.47348972477403223,24.36842105263158,262.30899999999997,1.4736842105263157,2.3815356475170217,3.29817508926682,12293.487012482867,5.700041419282036,0.0,5.41499046939678,0.0,11.814359458703011,0.0,6.031114512338072,19.805772703000454,4.794537184071822,0.0,12.499370002454143,18.92019162538015,13.344558822616634,19.38639965176459,0.0,14.383611552215466,17.845473971041084,0.0,10.216698334856808,11.332896515558172,26.689117645233267,7.04767198267719,12.654955790432378,11.840868637711289,5.316788604006331,4.794537184071822,0.0,0.0,29.793055684568753,9.589074368143644,23.17376515326946,26.689117645233267,0.0,0.0,66.48,29.178370486599253,14.383611552215466,0.0,6.4208216229260096,6.4208216229260096,4.899909730850478,13.12369208951107,6.923737199690624,6.923737199690624,23.736592925316117,0.0,0.0,0.0,36.95401116465104,2.2041928854875286,-1.368472222222222,4.162664162887378,2.2908513636936254,7.19435521122029,1.349121551398337,0.5,1,0,1,1,4,0,2,0,3,5,1,3,0,1,1,0,2,1,1.3066,0,0,0,0,0,0,0,0,0,0,0,0,1,1,0,0,0,0,0,0,0,0,1,0,0,0,0,0,0,0,0,0,0,0,0,0,2,0,0,0,0,0,0,0,0,0,0,0,0,0,0,0,0,0,0,0,0,0,0,0,0,0,1,9,3.7777777777777777,1,1,0.0,646.0,4,0.11111111111111109,0.16339869281045752,0.16339869281045752,0.17982141505969051,0.16339869281045752,0.27822630404215937,0.19033215681087792,0.19033215681087792,0.022128414433385486,0,0,0,0,0,0,1,0.2631578947368421,0.7368421052631579,0.15789473684210525,0.10526315789473684,0.0,0.7368421052631579,0.21052631578947367,0,1,0,0,0,0,0,0,0,0,1,0,0,0,0,0,0,0,0,0,0,0,0,1,0,0,0,1,0,0,0,1,0,1,1,1,1,0,1,1,0,0,0,0,1,0,0,1,0,0,0,0,1,0,1,1,1,0,1,0,0,1,0,0,0,0,0,0,1,0,0,0,0,1,0,0,1,0,0,0,1,0,0,0,0,1,1,0,0,0,1,1,0,0,0,0,0,0,0,0,1,0,1,0,0,0,0,0,0,1,0,0,0,0,0,0,0,1,0,0,0,1,0,0,0,0,0,1,0,0,0,0,0,0,0,0,0,0,0,0,0,0,0,0,0,1,0,0,0,0,0,0,0,0,0,0,0,0,0,0,0,0,1,0,0,1,0,0,0,0,0,0,0,0,0,0,0,0,0,0,0,0,0,0,0,0,0,0,0,0,0,0,0,0,1,0,0,0,0,0,0,0,0,1,0,1,0,0,1,0,0,0,0,1,0,0,0,1,1,0,1,1,0,0,0,1,1,1,0,0,0,0,0,0,1,0,1,0,1,0,1,0,1,0,1,1,0,0,1,1,1,0,0,0,0,1,0,0,0,0,0,0,0,0,1,1,0,0,0,1,1,1,0,0,1,0,1,1,1,1,0,0,1,1,1,0,1,1,1,1,0,1,1,1,0
3.2441748551272362,1.0563827475434617,1.0563827475434617,0.8516371541172786,13.55,266.388,0.9,2.6554311444917134,1.9961712661354012,64665.059230662206,6.101275951557094,10.216698334856808,0.0,0.0,0.0,0.0,0.0,0.0,0.0,0.0,0.0,36.39820241076966,56.11453037768501,17.9195289552797,0.0,0.0,11.374772549367124,0.0,5.316788604006331,0.0,19.26246486877803,25.037094525352817,59.65783953108687,0.0,10.216698334856808,11.374772549367124,0.0,0.0,20.13718479450234,12.841643245852019,0.0,17.54772460632,0.0,0.0,15.27,0.0,0.0,0.0,0.0,0.0,32.351977680603184,22.501675532761116,0.0,7.04767198267719,58.74763488254968,0.0,0.0,0.0,2.4950462962962963,3.2441748551272362,5.697612433862435,0.0,3.4212276392038294,2.1207345993953135,2.018173343411439,0.3333333333333333,1,0,1,1,0,0,0,0,2,2,1,4,0,0,0,0,0,3,3.5328000000000026,0,0,0,0,0,0,0,0,0,0,0,0,1,1,0,0,0,0,0,0,0,0,0,0,2,2,0,0,2,0,0,0,0,0,0,0,0,0,0,0,0,0,0,0,0,0,0,2,0,0,0,0,0,0,0,0,0,0,0,0,0,0,0,9,3.9947368421052634,3,3,0.0,759.0,3,0.11578947368421051,0.16637426900584798,0.16637426900584798,0.14754323382640497,0.16637426900584798,0.2617555100190218,0.19555338086006718,0.19555338086006718,0.012639831175441433,0,0,0,0,0,2,0,0.1,0.9,0.0,0.1,0.0,0.45454545454545453,0.0,1,1,0,0,0,0,0,0,0,0,1,0,0,0,0,1,0,0,0,0,0,0,1,0,0,0,0,1,0,0,1,0,0,1,0,0,0,0,0,1,0,0,0,0,1,0,0,1,0,1,0,0,0,0,0,0,0,0,0,1,0,0,1,0,1,0,0,0,0,0,0,0,0,0,1,1,1,1,1,0,1,1,0,0,1,0,1,0,0,0,0,0,0,0,1,0,0,0,0,0,1,0,0,0,0,0,0,0,0,0,0,1,0,0,0,0,0,0,0,1,0,1,0,0,0,0,0,0,0,0,0,0,0,0,0,0,0,0,0,0,0,0,0,0,0,0,0,1,0,0,0,0,0,0,0,0,0,0,0,0,0,0,0,0,0,0,0,0,0,0,0,0,0,0,0,0,0,0,0,0,0,0,0,0,0,0,0,0,0,0,0,0,0,0,0,0,0,0,0,0,0,0,0,1,0,0,0,0,1,0,1,0,0,1,1,0,0,0,1,0,0,1,0,0,0,0,0,0,1,1,0,0,1,1,0,0,1,0,0,1,0,0,0,1,1,0,1,0,0,1,1,0,0,1,0,0,1,0,0,0,0,0,0,1,0,1,1,0,0,0,1,0,1,1,0,1,1,0,0,1,0,1,0,1,1,0,1,0,1,1,1,1,0,1,0
11.823180901990426,0.2250658226253459,-0.2250658226253459,0.6318517900046072,14.227272727272727,296.41400000000004,0.9090909090909091,2.642269269999665,1.9193297283294015,113385.05891422562,6.109351501200465,14.753501607437265,0.0,0.0,0.0,0.0,0.0,0.0,0.0,0.0,0.0,36.39820241076966,36.101280366169235,24.340350578205708,20.640100371266954,4.646338851809496,11.374772549367124,0.0,0.0,0.0,19.26246486877803,32.08476650803001,64.86509255586417,0.0,4.899909730850478,11.374772549367124,0.0,0.0,31.83119562898903,12.841643245852019,5.20725302477729,17.54772460632,0.0,0.0,26.299999999999997,0.0,5.20725302477729,0.0,4.646338851809496,6.544756405912575,25.807221274690605,22.501675532761116,14.09534396535438,0.0,53.430846278543356,0.0,-0.2250658226253459,0.0,2.3961574074074075,11.823180901990426,5.385608465608467,0.0,3.0404406021667927,1.5265679327286468,3.425235575711766,0.3684210526315789,0,0,1,1,0,0,0,0,2,3,1,4,0,0,0,0,0,3,3.8876000000000026,0,0,0,0,0,0,0,0,0,0,0,0,2,0,0,3,0,0,0,0,0,0,0,0,2,2,0,0,2,0,0,0,0,0,0,0,0,0,0,0,0,0,0,0,0,0,0,2,0,0,0,0,0,1,0,0,0,0,0,0,0,0,0,9,4.359307359307359,3,3,0.0,1007.0,4,0.10389610389610392,0.16796536796536798,0.16796536796536798,0.16727891145030938,0.16796536796536798,0.23898226537240222,0.18207003352415538,0.18207003352415538,0.014455728577991364,0,0,0,0,0,2,0,0.13636363636363635,0.8636363636363636,0.045454545454545456,0.09090909090909091,0.0,0.5,0.0,0,1,0,0,0,0,0,0,0,0,0,0,0,0,0,1,0,1,0,0,0,0,0,0,0,0,0,0,0,0,1,0,0,1,0,0,0,0,0,1,0,0,1,1,1,0,0,1,0,1,0,0,0,0,0,0,0,0,0,1,0,0,1,0,1,0,0,0,0,0,0,0,0,0,1,1,1,1,0,0,1,1,0,0,1,0,1,0,0,0,1,0,0,1,0,0,0,0,0,0,1,0,0,0,0,0,0,0,0,0,0,1,0,0,0,0,1,0,1,1,0,1,0,0,0,0,0,0,0,0,0,0,0,0,0,0,0,0,0,0,0,1,0,0,0,0,0,1,0,0,0,0,1,0,0,0,0,0,1,0,0,0,0,0,0,0,0,0,0,0,0,0,0,0,0,0,0,1,0,0,0,0,0,0,0,0,0,0,0,0,0,0,0,0,0,0,0,0,0,1,0,0,1,1,0,0,0,0,1,0,0,0,0,1,1,0,0,0,0,0,0,1,1,0,0,0,0,0,1,1,1,0,0,1,0,0,1,0,0,1,1,0,0,1,1,0,1,0,0,1,1,0,1,1,0,0,1,0,0,0,1,0,0,1,0,1,1,0,0,0,1,0,1,1,0,1,1,1,0,0,0,1,0,1,1,0,1,0,1,1,1,1,1,1,0
2.533564814814815,0.6196409674981104,0.6196409674981104,0.8366473557753505,15.181818181818182,294.442,0.9090909090909091,2.6492720383100536,1.9850866170180108,126062.9606709456,6.533333333333334,9.799819461700956,0.0,0.0,0.0,0.0,0.0,0.0,0.0,0.0,0.0,43.321939610460284,56.11453037768501,24.464285361192275,0.0,0.0,11.374772549367124,0.0,4.899909730850478,5.917906046161393,19.765380445542643,32.08476650803001,59.65783953108687,0.0,4.899909730850478,11.374772549367124,0.0,0.0,32.08476650803001,12.841643245852019,5.917906046161393,18.050640183084614,0.0,0.0,6.48,0.0,0.0,0.0,0.0,5.917906046161393,25.931156057677168,22.501675532761116,0.0,0.0,79.34983717443886,0.0,0.0,0.0,4.811637849584278,0.0,5.710757747543463,0.6196409674981104,2.2614051083396323,4.517022392290249,4.307180020156211,0.4,0,0,1,1,0,0,1,0,2,2,1,4,0,0,0,0,1,3,4.121000000000003,0,0,0,0,0,0,0,0,0,0,0,0,2,0,0,0,0,0,0,0,0,0,0,0,2,2,0,0,2,0,0,0,0,0,0,0,0,0,0,0,0,0,0,0,0,0,0,2,0,0,0,0,0,0,0,0,0,0,0,0,0,0,0,9,4.238095238095238,3,3,0.0,979.0,3,0.10389610389610392,0.16190476190476194,0.16190476190476194,0.16466954346396293,0.16190476190476194,0.24579630657450435,0.18387215164347745,0.18387215164347745,0.013850488093452146,0,0,0,0,0,2,0,0.09090909090909091,0.9090909090909091,0.0,0.09090909090909091,0.0,0.5,0.0,0,1,1,0,0,0,0,0,0,0,0,1,1,0,0,1,0,0,0,0,0,0,0,0,0,0,0,1,0,0,1,0,0,1,0,0,0,0,0,1,0,0,0,1,1,0,0,1,0,1,0,0,0,0,0,0,0,0,0,1,0,0,0,0,1,0,0,0,1,0,0,0,0,0,1,1,1,0,0,0,1,1,0,0,1,0,1,1,0,0,0,0,0,0,0,0,0,1,1,0,1,0,0,0,0,0,0,0,0,0,1,1,0,1,0,0,0,0,0,0,0,0,0,0,0,0,0,0,0,0,0,0,0,0,0,0,0,0,0,0,0,0,0,0,0,0,0,1,0,0,0,0,0,0,0,0,0,0,0,0,0,0,0,0,0,0,0,0,0,0,0,0,0,0,0,0,0,0,0,0,0,0,0,0,0,0,0,0,0,0,0,0,0,0,0,0,0,0,0,0,0,0,1,1,0,0,0,0,1,0,0,0,0,1,1,0,0,0,0,0,0,1,0,0,0,0,0,0,1,1,0,0,0,1,0,0,1,0,0,0,0,0,0,1,0,0,1,0,0,1,1,0,0,1,0,0,1,0,0,0,0,0,0,1,0,1,1,0,0,1,1,0,1,1,0,1,1,1,0,0,0,1,0,1,1,0,1,0,1,1,1,1,0,1,0
6.27193117318944,0.8155006508776352,0.8155006508776352,0.8178744322781549,13.727272727272727,314.86,1.0,2.6463223217502385,1.9836353241232163,125552.11623311831,6.719552325532733,9.799819461700956,0.0,0.0,0.0,0.0,0.0,0.0,0.0,0.0,0.0,35.866408164078955,69.2285694288238,22.942162269021026,0.0,0.0,22.97571243959964,0.0,4.899909730850478,0.0,19.26246486877803,32.08476650803001,58.614105776366586,0.0,4.899909730850478,11.374772549367124,0.0,11.600939890232516,32.08476650803001,12.841643245852019,0.0,17.54772460632,5.022633313741326,0.0,6.48,0.0,0.0,0.0,0.0,0.0,37.37461099434451,22.501675532761116,0.0,6.06636706846161,60.29336583782499,11.600939890232516,0.0,6.27193117318944,4.6901349346322885,0.8155006508776352,5.4338958175862935,0.0,3.3015575396825394,2.108235622952885,4.252354917275552,0.3684210526315789,0,0,1,1,0,0,0,0,2,3,1,4,0,0,0,0,0,3,4.528400000000004,0,0,0,0,0,0,0,0,0,0,0,0,2,0,0,0,0,0,0,0,0,0,0,0,2,2,0,0,2,0,0,0,0,0,0,0,0,0,0,0,0,0,0,0,0,0,0,1,0,0,0,0,0,0,0,0,0,0,0,0,0,0,0,9,4.307359307359308,3,3,0.0,995.0,3,0.10389610389610389,0.16536796536796539,0.16536796536796539,0.15469150458832334,0.16536796536796539,0.24272627249065007,0.18303921157673478,0.18303921157673478,0.013827316367962491,0,0,0,0,0,2,0,0.13636363636363635,0.8636363636363636,0.0,0.09090909090909091,0.0,0.5,0.0,0,1,0,0,0,0,0,0,0,0,0,1,1,0,0,1,0,0,0,1,0,0,0,0,1,0,0,0,0,0,1,1,0,1,0,0,0,1,0,1,0,0,0,0,1,0,0,1,1,1,1,0,0,1,0,0,0,0,0,1,1,0,1,0,1,0,0,0,0,0,0,0,0,0,1,0,1,1,0,0,1,1,0,0,1,1,1,0,1,0,0,0,0,0,0,0,0,0,0,0,1,0,0,0,0,0,0,1,0,0,0,1,0,1,0,0,0,0,0,1,0,1,0,0,0,0,0,0,0,0,0,0,0,0,0,0,0,0,0,0,0,0,0,0,0,0,0,1,0,0,0,0,0,0,0,0,0,0,0,0,0,0,0,0,0,0,0,0,0,0,0,0,0,0,0,0,0,0,0,0,0,0,0,0,0,0,0,0,0,0,0,0,0,0,0,0,0,0,0,0,0,0,1,1,0,0,0,0,1,0,0,0,0,1,1,1,0,0,0,0,0,1,0,0,0,0,0,0,1,1,0,1,0,1,0,1,1,0,0,1,0,0,0,1,1,0,1,0,0,1,1,0,0,1,0,0,1,0,0,0,0,0,1,1,0,1,1,0,0,0,1,0,1,1,0,1,1,1,0,0,0,1,0,1,1,0,1,0,1,1,1,1,0,1,0
2.5150462962962963,1.0756018518518518,1.0756018518518518,0.8384623265941307,13.761904761904763,280.415,0.8571428571428571,2.6503485522006267,1.946085728189517,89136.52250761147,6.314843310189529,9.799819461700956,0.0,0.0,0.0,0.0,0.0,0.0,0.0,0.0,0.0,36.39820241076966,63.162202360362194,17.9195289552797,0.0,0.0,11.374772549367124,0.0,4.899909730850478,0.0,19.26246486877803,32.08476650803001,59.65783953108687,0.0,4.899909730850478,11.374772549367124,0.0,0.0,32.08476650803001,12.841643245852019,0.0,17.54772460632,0.0,0.0,6.48,0.0,0.0,0.0,0.0,0.0,25.931156057677168,28.92249715568712,0.0,0.0,72.42609997474823,0.0,0.0,0.0,4.7746008125472414,0.0,5.7217762660619815,0.0,3.448812515747039,2.2014290438397577,4.286346686822878,0.3684210526315789,0,0,1,1,0,0,0,0,2,2,1,4,0,0,0,0,0,3,3.8750000000000027,0,0,0,0,0,0,0,0,0,0,0,0,2,0,0,0,0,0,0,0,0,0,0,0,2,2,0,0,2,0,0,0,0,0,0,0,0,0,0,0,0,0,0,0,0,0,0,2,0,0,0,0,0,0,0,0,0,0,0,0,0,0,0,9,4.2,3,3,0.0,882.0,3,0.10952380952380954,0.16842105263157892,0.16842105263157892,0.15723336842462818,0.16842105263157892,0.2487849925275128,0.1877144005098956,0.1877144005098956,0.013146703002226853,0,0,0,0,0,2,0,0.09523809523809523,0.9047619047619048,0.0,0.09523809523809523,0.0,0.4782608695652174,0.0,0,1,0,0,0,0,0,0,0,0,0,1,1,0,0,1,0,0,0,0,0,0,0,0,0,0,0,0,0,0,1,1,0,1,0,0,0,0,0,1,0,0,0,0,1,0,0,1,0,1,1,0,0,1,0,0,0,0,0,1,0,0,1,0,1,0,0,0,0,0,0,0,0,0,1,0,1,1,0,0,1,1,0,0,1,0,1,0,0,0,0,0,0,0,0,0,0,0,0,0,1,0,0,0,0,0,0,0,0,0,0,1,0,1,0,0,0,0,0,1,0,1,0,0,0,0,0,0,0,0,0,0,0,0,0,0,0,0,0,0,0,0,0,0,0,0,0,1,0,0,0,0,0,0,0,0,0,0,0,0,0,0,0,0,0,0,0,0,0,0,0,0,0,0,0,0,0,0,0,0,0,0,0,0,0,0,0,0,0,0,0,0,0,0,0,0,0,0,0,0,0,0,1,1,0,0,0,0,1,0,0,0,0,1,1,0,0,0,0,0,0,1,0,0,0,0,0,0,1,1,0,0,0,1,0,0,1,0,0,1,0,0,0,1,1,0,1,0,0,1,1,0,0,1,0,0,1,0,0,0,0,0,0,1,0,1,1,0,0,0,1,0,1,1,0,1,1,1,0,0,0,1,0,1,1,0,1,0,1,1,1,1,0,1,0
9.806956673126857,0.35921078462249123,0.35921078462249123,0.933931377408455,13.681818181818182,296.414,1.0,2.644975381554509,1.9703951908902704,125173.45993206714,6.40582726326743,14.906346856541662,5.749511833283905,0.0,0.0,0.0,0.0,0.0,0.0,0.0,0.0,18.19910120538483,75.29493649728542,17.9195289552797,0.0,5.106527394840706,11.374772549367124,0.0,4.899909730850478,0.0,19.26246486877803,32.08476650803001,53.59147246262526,5.749511833283905,4.899909730850478,11.374772549367124,5.749511833283905,0.0,37.19129390287071,12.841643245852019,0.0,17.54772460632,0.0,0.0,26.71,0.0,5.106527394840706,0.0,0.0,5.749511833283905,32.351977680603184,22.501675532761116,6.06636706846161,6.06636706846161,54.226998769363384,0.0,0.0,0.0,4.640938261106911,9.806956673126857,5.177127739984884,0.35921078462249123,3.114469403502141,2.0685043461829173,4.226897651010205,0.3684210526315789,1,0,1,1,0,0,0,0,3,3,1,4,0,0,0,0,0,3,3.5806000000000022,0,0,0,0,0,0,0,1,0,0,0,0,2,0,0,0,0,0,0,0,0,0,0,0,2,2,0,0,2,0,0,0,0,0,0,0,0,0,0,0,0,0,0,0,0,0,0,1,0,0,0,0,0,0,0,0,0,0,0,0,0,0,0,10,4.341991341991342,3,3,0.0,1003.0,3,0.10389610389610389,0.16709956709956714,0.16709956709956714,0.14888376739037143,0.16709956709956714,0.24103360854750777,0.18305659813530054,0.18305659813530054,0.013822640945407546,0,0,0,0,0,2,0,0.13636363636363635,0.8636363636363636,0.045454545454545456,0.09090909090909091,0.0,0.5,0.0,0,1,0,0,0,0,0,0,0,0,0,1,1,0,0,1,0,0,0,0,0,0,0,0,0,0,0,0,0,0,1,1,0,1,0,0,0,0,0,1,0,0,0,0,1,0,0,1,0,1,1,0,0,1,0,0,0,0,0,1,0,0,1,0,1,0,1,0,0,0,0,0,0,0,1,0,1,1,0,0,1,1,0,0,1,0,1,0,0,0,0,0,0,0,0,0,0,0,0,0,1,0,0,0,1,1,0,1,0,0,0,1,0,1,0,0,0,0,0,1,0,1,0,1,0,1,0,0,0,0,0,0,0,0,0,0,0,0,0,0,0,0,0,0,0,0,0,1,0,0,0,0,0,0,0,0,0,0,0,0,0,0,0,0,0,0,0,0,0,0,0,0,0,0,0,0,0,0,0,0,0,0,0,0,0,0,0,0,0,0,0,0,0,0,0,0,0,0,0,0,0,0,1,1,0,0,0,0,1,0,0,0,0,1,1,0,0,0,0,1,0,1,0,0,0,0,0,0,1,1,0,0,0,1,0,0,1,0,0,1,0,1,0,1,1,0,1,0,0,1,1,0,0,1,0,1,1,0,0,0,0,0,0,1,0,1,1,1,0,0,1,1,1,1,0,1,1,1,0,0,1,1,0,1,1,1,1,0,1,1,1,1,1,1,0
11.395832860922148,0.16099397938187643,-0.6810619803476954,0.6323216792380669,25.666666666666668,213.19299999999998,1.7333333333333334,2.656999263425458,2.2042997522549417,3818.107941542383,3.970626958773033,20.313920779602988,5.817862777835028,12.517927900070083,0.0,0.0,5.689743398203474,4.567099647791355,4.794537184071822,4.9839785209472085,0.0,0.0,6.06636706846161,6.196843571613076,13.213763929025836,14.580253302440804,5.817862777835028,0.0,9.551078168738563,0.0,12.517927900070083,18.94743140618802,22.74749122234998,0.0,11.423410875365658,5.817862777835028,0.0,0.0,34.16139622194032,9.473725907600098,0.0,6.22790117073487,0.0,0.0,99.60000000000001,18.207671298273556,4.794537184071822,0.0,19.031626706860866,0.0,0.0,16.83031028786604,0.0,0.0,4.9839785209472085,20.313920779602988,11.560509495464853,0.0,14.951977513227515,8.771112265894011,4.8451695168808255,0.16099397938187643,0.2504998110355241,-0.03731851536911068,0.0,0.5,3,0,1,1,0,1,2,0,7,7,2,2,0,1,1,0,0,2,-1.3107000000000002,0,1,1,1,0,2,0,0,0,0,0,0,2,0,1,0,0,0,0,0,0,0,0,0,1,0,0,0,0,0,2,0,0,0,0,0,0,0,0,0,0,0,0,0,0,0,0,0,0,0,0,0,0,0,0,0,0,0,0,0,0,0,0,9,3.5142857142857142,2,2,0.0,369.0,3,0.15238095238095237,0.1934065934065934,0.1934065934065934,0.17496585367925166,0.1934065934065934,0.29620591154117376,0.23789947512252466,0.23789947512252466,0.018223521115987996,0,0,0,0,1,1,1,0.4666666666666667,0.5333333333333333,0.26666666666666666,0.2,0.0,0.5625,0.0625,0,1,0,1,1,0,0,0,0,0,1,0,0,0,0,0,1,0,1,1,1,0,0,0,0,0,0,0,0,0,1,0,0,0,1,0,0,0,0,1,1,0,0,0,0,0,0,0,0,1,0,1,0,0,0,0,0,0,1,0,0,0,1,1,0,1,0,0,0,0,0,0,0,0,0,0,0,1,0,0,1,1,0,0,1,0,1,0,0,0,0,0,0,0,1,1,0,0,0,0,1,1,0,0,0,0,0,0,1,0,0,1,0,0,1,0,0,0,0,0,0,0,1,1,0,0,0,0,0,0,0,0,0,0,0,0,0,0,0,0,0,0,0,0,0,0,0,0,0,0,0,0,0,0,0,0,0,0,0,0,0,0,0,0,0,1,1,0,0,0,0,0,0,0,0,0,0,0,0,0,0,0,0,0,0,1,0,0,0,0,1,0,0,1,0,0,0,0,0,0,1,0,0,1,0,1,0,0,1,0,1,1,1,1,0,0,0,1,0,1,1,0,0,1,1,1,1,0,0,0,0,0,0,0,1,0,0,1,1,1,0,1,0,0,0,1,0,0,1,1,1,1,0,0,0,1,1,1,0,1,1,1,0,1,0,1,1,1,1,0,1,1,1,0,1,0,1,0,1,1,0,1,1,1,1,1,1,1,0,1,1,1,1,1,0
11.590913730292737,0.21492114939913654,-0.34139779957840366,0.8208547527827771,16.6,357.435,1.2,2.9403236738977303,1.46180970166057,630076.0794321968,8.023966431445743,9.636772684650527,18.17425657563185,0.0,5.907179729351506,5.239211713172287,0.0,14.905862972149976,4.9839785209472085,0.0,0.0,29.960986154775945,36.249741388469445,13.244515554290267,11.79469443589475,14.325937321943691,28.726139169749935,0.0,10.30076712495354,0.0,11.670759652908185,25.099220083953163,54.22486454254134,5.749511833283905,14.953561288656857,10.61239996190685,5.749511833283905,11.761884949391115,41.57961834655586,11.21535880699783,0.0,5.563451491696996,0.0,0.0,71.53,0.0,9.589074368143644,0.0,16.396329472505965,13.027703587438928,35.43746745811961,0.0,6.196843571613076,54.412151192758934,10.30076712495354,4.736862953800049,5.753253390862518,1.0454146905308934,29.094484530330085,1.6883752265449479,1.0002811219631207,1.4666613238545478,2.298423626466573,1.2654436450761306,1.9726167460927146,0.2777777777777778,1,0,1,1,2,1,1,0,6,7,2,7,0,1,1,0,1,3,2.490900000000001,0,0,0,0,0,1,0,0,0,0,0,0,2,1,0,0,1,0,0,0,0,0,0,0,1,0,0,0,0,0,1,0,0,0,0,0,1,0,0,0,0,0,0,0,0,0,0,0,0,0,0,0,1,0,1,0,0,0,0,0,0,0,0,16,6.276666666666666,3,3,0.0,1883.0,3,0.09,0.22942028985507246,0.22942028985507246,0.18620712630787978,0.22942028985507246,0.16542777150467874,0.15509489776962906,0.15509489776962906,0.011622277241736262,0,0,0,0,1,2,1,0.28,0.72,0.12,0.12,0.04,0.48148148148148145,0.07407407407407407,1,0,0,1,0,0,0,0,1,0,1,1,0,1,0,0,0,0,0,0,0,0,0,0,0,0,0,0,0,0,0,1,0,1,1,1,1,0,0,1,1,0,0,0,1,0,0,1,1,0,0,0,0,0,1,1,0,0,1,0,0,0,0,0,1,0,1,0,0,0,0,0,0,0,1,0,0,1,1,0,1,1,0,0,0,0,1,0,0,0,1,1,0,0,0,0,0,0,0,0,1,0,1,0,1,0,0,0,1,0,0,1,0,1,0,0,0,0,0,0,0,0,1,1,1,0,1,0,0,0,0,0,0,0,0,0,0,0,0,0,0,0,0,0,0,0,0,0,0,0,0,0,0,0,0,0,0,0,0,0,0,0,0,0,1,0,1,0,0,0,0,0,0,0,0,1,0,0,0,0,0,0,0,0,0,0,0,0,0,0,0,0,0,1,0,0,0,0,0,0,0,0,0,0,0,1,0,0,0,1,0,1,0,1,1,0,1,1,1,1,1,1,0,1,1,0,1,0,1,0,0,0,0,0,1,0,0,1,1,1,0,1,0,1,1,1,1,0,1,1,1,0,0,1,1,1,0,0,0,0,1,1,0,1,1,1,1,0,0,0,1,1,0,1,1,1,1,0,1,1,1,1,1,1,1,1,1,1,1,1,1,1,1,1,0
10.843707482993198,0.12759259259259226,-0.12759259259259226,0.6587322532597096,9.909090909090908,170.237,1.5454545454545454,1.8467910438952897,3.088124235677758,271.47828345260757,3.4791154361633936,4.9839785209472085,0.0,4.771065770590158,0.0,5.559266895052007,0.0,9.77851570501903,0.0,0.0,0.0,13.344558822616634,18.638695065972705,11.760295063310071,0.0,0.0,12.217873443046695,0.0,9.967957041894417,0.0,19.765380445542643,0.0,26.88516491302406,0.0,5.559266895052007,0.0,0.0,12.217873443046695,9.967957041894417,6.4208216229260096,4.771065770590158,19.038486817465095,0.0,0.0,48.65,0.0,4.794537184071822,0.0,5.559266895052007,4.771065770590158,18.53557124070048,0.0,6.06636706846161,0.0,16.89169424158504,12.217873443046695,0.40365740740740774,4.790124716553287,16.224652305366593,0.0,0.7763425925925931,0.0,1.8772685185185183,2.053648904006047,0.0,0.42857142857142855,2,0,0,0,0,1,0,0,2,4,1,2,0,0,0,0,0,1,1.38499,0,0,0,0,0,2,2,0,0,0,0,0,0,2,0,0,0,0,0,0,0,0,0,0,0,1,0,0,0,0,0,0,0,0,0,0,0,0,0,0,0,0,0,0,0,0,0,0,0,0,0,0,0,0,0,0,0,0,0,0,0,0,0,6,2.8727272727272726,1,1,0.0,158.0,3,0.2,0.20808080808080806,0.20808080808080806,0.1591990974128933,0.20808080808080806,0.36187662604774906,0.27733097983970595,0.27733097983970595,0.021402029221546603,0,0,0,0,0,1,0,0.36363636363636365,0.6363636363636364,0.09090909090909091,0.18181818181818182,0.09090909090909091,0.2727272727272727,0.18181818181818182,0,0,0,0,1,0,0,0,0,0,1,0,0,0,0,0,0,0,0,0,0,0,0,0,0,0,1,0,0,0,0,0,0,1,0,0,0,0,1,1,0,0,0,0,0,1,0,0,0,0,0,0,0,1,0,0,0,0,1,0,1,0,1,0,0,0,0,0,0,0,0,0,0,0,0,0,0,1,0,1,1,1,0,0,0,0,0,0,0,0,1,1,0,0,0,0,0,1,0,0,1,0,0,1,0,0,0,1,0,0,0,0,0,0,0,0,0,0,0,0,0,0,0,0,1,0,0,0,0,0,0,0,0,0,0,0,0,0,0,0,0,0,0,0,0,0,0,0,0,0,0,0,0,0,0,0,0,0,0,0,0,0,0,0,0,0,0,0,0,0,0,1,0,0,0,1,0,0,0,0,0,1,0,0,0,0,0,1,0,0,0,0,1,1,0,0,0,0,0,0,0,1,0,0,0,1,0,0,1,1,0,0,0,0,0,0,1,0,1,1,1,0,0,0,0,1,1,0,0,0,0,0,1,0,1,0,0,0,1,1,0,1,1,1,0,1,1,0,1,1,0,0,0,0,0,1,0,0,0,1,0,0,0,0,0,1,0,0,0,0,1,1,0,0,0,1,0,0,0,1,0,0,1,1,1,0,0,0,1,1,1,1,1,1,0
