smiles,target
COC(=O)c1cccc(CCc2ccc(OC)c(O)c2)c1,4
CCCCCC(=Cc1ccccc1)COC(=O)CC(C)C,4
CC=C(C)C(CCC(C)CCCC(C)C(C)CCC(C)C)OC1C(CO)OC(Oc2cc(O)c3c(=O)c(O)c(-c4ccc(OC)c(OC)c4)oc3c2)C(O)C1O,2
CCC(C)C(N)C(=O)NC(Cc1ccccc1)C(=O)NC(CC(=O)O)C(=O)NC(CC(N)=O)C(=O)O,2
CCOC1OC(CO)C(O)C(OC2OC(CO)C(O)C(O)C2O)C1O,2
COc1cc(-c2cc(=O)c3c(O)cc(OC4OC(C)C(O)C(O)C4OC4OC(C)C(O)C(O)C4O)cc3o2)ccc1OC=CCC(C)=O,2
COC(=O)C(CN)NC(=O)CCc1ccccc1,2
CC(C)=CCCC(C)=CC(C)O,4
C=CCOC(=O)CCC1CCCCC1,2
C=C1CC23CCC4C(C)(C(=O)OC5OC(CO)C(O)C(O)C5O)CCCC4(C)C2CCC1(OC)C3,2
CCCCCC1OCC(C)O1,4
O=C(O)c1ccc(C2CCC2)cc1,1
C=CCSSSC,4
CCCCCOCC1(O)OCC(O)C(O)C1O,2
CC(=O)OC1CC(C)(C(=O)O)CC2C3=CCC4C5(C)CCC(OC6OC(C(=O)O)C(O)C(O)C6OC6OC(CO)C(O)C(O)C6OC6OC(C)C(O)C(O)C6O)C(C)(CO)C5CCC4(C)C3(C)CCC12C,2
CSc1ccc(C2CSc3ccccc3O2)cc1O,4
CCC(C)C(NC(=O)C(N)C(C)C)C(=O)NC(Cc1ccccc1)C(=O)NC(CC(C)C)C(=O)NC(C)C(=O)NC(CC(=O)O)C(=O)NC(C(=O)NC(CCCCN)C(=O)O)C(C)C,2
CCCCCCCCOC=O,4
COC(=O)c1ccc(CCc2ccc(OC)c(O)c2)cc1,4
COc1ccc(C2CC(=O)c3c(O)cc(OC4OC(COC5OC(C)C(O)C(O)C5OC)C(O)C(O)C4O)cc3O2)cc1OC,2
COc1ccc(-c2coc3cc(OC4OC(COC(=O)CC(=O)O)C(O)C(O)C4O)ccc3c2=O)cc1O,2
O=C(O)C1(O)CCCCCC1,1
O=c1o[nH]c(-c2ccccc2)c1Br,1
CCCCCCOC1OC(CO)C(O)C(O)C1OC1OC(CO)C(O)C(O)C1O,2
OCC(O)C(O)C(O)C1OC(O)C(O)C1O,2
Cc1ccc(N=NC(=NNc2ccccc2)c2ccccc2)cc1,2
O=C(O)C1C2CCC(CC2)C1C(=O)O,1
Oc1cncnc1,1
CCC(C)C(NC(=O)C(Cc1ccccc1)NC(=O)C(N)CC(=O)O)C(=O)NC(CC(=O)O)C(=O)O,2
Nc1nc(F)nc2c1ncn2C1OC(COP(=O)(O)OP(=O)(O)OP(=O)(O)OP(=O)(O)O)C(O)C1O,2
COc1ccc(-c2coc3cc(OC4OC(CO)C(O)C(O)C4O)ccc3c2=O)cc1O,2
OCC(O)C(O)C(O)C=[Se],2
O=C(O)CS,1
CCCCCCCCOC(=O)CCCCCCC,4
CCCOC(=O)c1ccccc1,4
CCCCCC1C(=O)CCC1CC(=O)OC,4
OCCCCC(O)COC1OC(CO)C(O)C(O)C1O,2
COC1OC(CO)(OC)C2OC(C)(C)OC2C1O,2
CSCCC(NC(=O)C(N)CC(=O)O)C(=O)NC(Cc1ccccc1)C(=O)O,2
SCS,4
CC(=O)OC1C2C(Cc3occc3C2(C)O)C2(C)C(=O)CCC(C)(C)C2(O)C1OC(C)=O,0
CC(C)CC(NC(=O)C(Cc1ccccc1)NC(=O)C(CC(N)=O)NC(=O)C(N)CC(=O)O)C(=O)O,2
CCCCC(=O)C(CCC)Sc1ccoc1C,4
CCN(CC)CCN1C(=O)c2ccccc2S1(=O)=O,0
CC(C)CC(N)C(=O)NC(C(=O)NC(Cc1ccccc1)C(=O)O)C(C)C,2
Nc1ncnc2c1ncn2C1CC(OP(O)(=S)S)C(CO)O1,2
CC(=O)NC(Cc1ccccc1)C(=O)NC(CCCC[NH3+])C(=O)[O-],2
CC(=O)OC1CC(C)(C=O)CC2C3=CC(=O)C4C5(C)CCC(OC6OC(C(=O)O)C(O)C(O)C6OC6OC(C(=O)O)C(O)C(O)C6O)C(C)(C)C5CCC4(C)C3(C)CCC12C,2
CCCCCCCCCCCCOC1OC(CO)C(OC2OC(CO)C(O)C(O)C2O)C(O)C1O,2
CC1OC(OC2C(Oc3c(O)cc4oc(-c5ccccc5)cc(=O)c4c3O)OC(CO)C(O)C2O)C(O)C(O)C1O,2
N[C@@H](CO)C(=O)N[C@@H](CCC(=O)O)C(=O)O,1
O=C(C(O)CO)C(O)C(O)C(O)CO,2
O=C(C=Cc1ccccc1)OCC1CCCO1,2
CC1CC(O)C(=O)C2(C)C1CC1OC(=O)CC3C(C)C(=O)C(O)C2C13C,0
CC(C)(C(=O)O)S(=O)(=O)c1ccccc1,4
OCC1OC(OC2OC(CO)C(O)C(OC3OC(CO)C(O)C(O)C3O)C2O)C(O)C(O)C1O,2
c1ccc(N=NC(=NNc2ccccc2)c2ccccc2)cc1,2
Nc1nc(P(=O)(O)O)nc2c1ncn2C1OC(CO)C(O)C1O,2
CC(C)CC(N)C(=O)NC(CC(=O)O)C(=O)NC(Cc1ccccc1)C(=O)NC(C)C(=O)O,2
O=C1C(O)C(CO)OC(OC2(CO)OC(CO)C(O)C2O)C1O,2
C/C1=C\CC(O)/C(C)=C/C2OC(=O)C(C)C2CC1,0
OCC1OC(O)(COC2OCC(O)C(O)C2O)C(O)C1O,2
CC1(C)CCC2(C(=O)O)CCC3(C)C(=CCC4C5(C)CCC(OC6OC(C(=O)O)C(O)C(OC7OC(CO)C(O)C(O)C7O)C6OC6OCC(O)C(O)C6O)C(C)(C)C5CCC43C)C2C1,2
COc1ccc(C(=O)c2ccccc2C(=O)O)cc1O,2
OCC1OC(Oc2ccc3ccccc3c2)C(O)C(O)C1O,0
NC(Cc1ccccc1)C(=O)NC(CC(=O)O)C(=O)O,2
C=C1C(=O)OC2CC3(C)CCCC(C)C3=CC12,0
C=CC1CN2CCC1CC2C(O)c1ccnc2ccccc12,0
CCCC(=O)CC(=O)OCC,2
O=C(C(O)CO)C(O)CCO,2
CC(C)C(NC(=O)C(N)CC(=O)O)C(=O)NC(Cc1ccccc1)C(=O)NC(CC(N)=O)C(=O)O,2
CCC(C)C(NC(=O)C(NC(=O)C(Cc1ccccc1)NC(=O)C(N)CC(=O)O)C(C)C)C(=O)O,2
CCC(C)C(N)C(=O)NC(CC(N)=O)C(=O)NC(Cc1ccccc1)C(=O)NC(CC(N)=O)C(=O)O,2
Nc1ncnc2c1ncn2C1OC(COP(=O)(O)OP(=O)(O)C(F)(P(=O)(O)O)P(=O)(O)O)C(O)C1O,2
CC(C)CC(NC(=O)C(Cc1ccccc1)NC(=O)C(CC(N)=O)NC(=O)CN)C(=O)O,2
CC1OC(OC2C(Oc3ccc4c(=O)cc(-c5ccc(O)c(O)c5)oc4c3)OC(CO)C(O)C2O)C(O)C(O)C1O,2
NCC(=O)NC(Cc1ccccc1)C(=O)NC(CC(=O)O)C(=O)NCC(=O)O,2
CCCSC(C)=O,4
OCC1OC(Oc2ccc(O)cc2)C(O)C(O)C1O,0
COc1ccc(Cc2ccccc2C(=O)O)cc1,4
CC1CCC(C(C)C)C(OCCO)C1,4
COCCOCCOCCOC1OC(CO)C(O)C(O)C1O,2
CCCCOC(=O)CC(C)C,2
CCCCCC=CC=CC(=O)NCC(C)C,4
COC1CC(OC2C(O)CC(OC3C(C)OC(O)CC3OC)OC2C)OC(C)C1O,2
COC(=O)C(CC(C)C)NC(=O)C(CC(C)(C)O)NC(=O)C(Cc1ccccc1)NC(=O)OC(C)(C)C,2
CC(NC(=O)C(Cc1ccccc1)NC(=O)C(CC(=O)O)NC(=O)CNC(=O)C(CC(N)=O)NC(=O)CNC(=O)C(N)CC(=O)O)C(=O)O,2
NC(CC(=O)O)C(=O)NCC(=O)NC(CS)C(=O)NC(Cc1ccccc1)C(=O)O,2
O=C(O)[C@H]1C[C@@H](C(=O)O)C1,1
COc1cc(-c2cc(=O)c3c(O)cc(OC4OC(CO)C(O)C(O)C4OC4OC(C)C(O)C(O)C4O)cc3o2)cc(OC)c1O,2
O=[N+]([O-])c1cccc([N+](=O)[O-])c1O,1
CC(C)=CCc1c(O)c(O)c(O)c2c1OC(C)(C)CC2=O,0
O=C(C=CC=CCCc1ccc2c(c1)OCO2)N1CCCCC1,0
CCCCCCCCCCCOC1C(O)C(O)OC(CO)C1O,2
CCC(C)C(N)C(=O)NC(Cc1ccccc1)C(=O)NC(CC(N)=O)C(=O)NC(CCCCN)C(=O)O,2
COc1cc(C2Oc3cc(O)cc(OC4OC(CO)C(O)C(O)C4O)c3C(=O)C2O)ccc1O,2
CC(C)CC(N)C(=O)NC(CC(N)=O)C(=O)NC(CCCCN)C(=O)NC(Cc1ccccc1)C(=O)O,2
CCCCCCCCCCCCCCCCCC=O,4
NC(=O)CCC(NC(=O)C(N)CCC(=O)O)C(=O)NC(CC(=O)O)C(=O)NC(Cc1ccccc1)C(=O)O,2
OCC1OC(OC2C(O)C(CO)OC2(O)CO)C(O)C(O)C1O,2
CCCCS,4
COC(=O)C(Cc1ccccc1)NC(=O)C(CC(=O)O)NCCC(C)(C)CCCO,2
CC1=CC(=O)C2CC1C2(C)C,4
COC(=O)NC1(C(=O)NC(Cc2ccccc2)C(=O)O)CCCCC1,2
CC(N)C(=O)NC(CC(N)=O)C(=O)NC(CC(N)=O)C(=O)NC(Cc1ccccc1)C(=O)O,2
CC(=O)CCC1=C(C)C=CCC1(C)C,4
O=C1CC(c2ccccc2)Oc2cc(OC3OC(CO)C(O)C(O)C3O)c(O)c(O)c21,2
CCCC(=O)NCCCCC(CC(=O)O)C(=O)NC(Cc1ccccc1)C(=O)NC,2
OCC(O)C(O)C(O)C(O)COCC1OC(OC2(CO)OC(COCC(O)C(O)C(O)C(O)CO)C(O)C2O)C(O)C(O)C1O,2
NCCCNP(=O)(O)OCC1OC(n2cnc3c(N)ncnc32)CC1O,2
Cc1ccc2c(c1)OC(=O)C2C,4
OCC1OC(OC2C(O)C(CO)OC(OF)C2O)C(O)C(O)C1O,2
COC1C(CO)OC(n2cnc3c(N)ncnc32)C1O,2
OCC1OC(O)C(O)CC1O,2
COP(O)(=S)OCC1OC(n2cnc3c(N)ncnc32)C(O)C1O,2
Nc1ncnc2c1ncn2C1OC(CO)C(O)C1OP(O)(O)=S,2
COc1ccccc1[Se]CC(=O)O,1
CCCCCCOS(=O)(=O)OC1OC(CO)C(O)C(O)C1O,2
CCCCCCCCOC1OC(CO)CC(O)C1O,2
CC(=O)OC(C)CCc1ccccc1,4
O=C(Oc1ccccc1)c1ccccc1O,2
CC(C)C(NC(=O)C(CC(N)=O)NC(=O)C(N)CC(=O)O)C(=O)NC(Cc1ccccc1)C(=O)O,2
C=C1C(=O)OC2C1C(OC(=O)C(C)CO)CC1(CC)COC(=O)C(=C)C21,0
CCOC1C(COP(=O)(O)O)OC(n2cnc3c(N)ncnc32)C1O,2
OCC1OC(CO)(OCC2OC(OC3(CO)OC(CO)C(O)C3O)C(O)C(O)C2O)C(O)C1O,2
C[Si](C)OC1C(O)OC(CO)C(O)C1O,2
OC1OCC(C2OC(O)C(O)OC2C2COC(O)C(O)O2)OC1O,2
CC(C=O)=Cc1ccccc1,2
CSCC(C=O)=Cc1ccccc1,4
CCOC(C)OCC,2
CC1OC(OC2C(Oc3ccc(-c4cc(=O)c5c(O)cc(O)cc5o4)cc3O)OC(CO)C(O)C2O)C(O)C(O)C1O,2
Nc1ncnc2c1ncn2C1OC(C(O)P(=O)(O)O)C(O)C1(O)P(=O)(O)O,2
CCOC1=C(C)OC(C)C1=O,4
CCC(C)C(N)C(=O)NC(C(=O)NC(Cc1ccccc1)C(=O)O)C(C)C,2
CCc1nccs1,4
COc1cc(O)c2c(=O)c(OC3OC(CO)C(O)C(OC4OC(CO)C(O)C(O)C4O)C3O)c(-c3ccc(O)c(O)c3)oc2c1,2
CCCc1cc(=O)n2[nH]cnc2n1,1
NCCCCC(N)C(=O)NC(Cc1ccccc1)C(=O)O,2
CC(=O)OCC(C)OC(C)=O,4
CC(=O)OC1C(OC2CCC3(C)C(CCC4(C)C3CCC3C5=CC(C)(C)CCC5(C(=O)OC5OC(CO)C(O)C(O)C5O)CCC34C)C2(C)C)OC(C(=O)O)C(OC2OCC(O)C(O)C2O)C1O,2
O=c1cc(-c2ccc(O)c(O)c2)oc2cc(OC3OCC(O)C(O)C3O)cc(OC3OC(CO)C(O)C(O)C3O)c12,2
N#Cc1ncc(Br)cn1,2
C=C1CC23CCC4C(CCCC4(C)C(=O)OC4OC(CO)C(O)C(O)C4O)C2CCC1(OC1OC(CO)C(O)C(OC2OC(CO)C(O)C(O)C2O)C1OC1OC(CO)C(O)C(O)C1O)C3,2
O=C(O)Cc1ccc(Cl)cc1,1
CC1(C)OC(=O)C=CC2(C)C1CC(=O)C1(C)C2C(O)CC2(C)C(c3ccoc3)OC(=O)C3OC321,0
CCC(C)C(NC(=O)C(NC(=O)C(Cc1ccccc1)NC(=O)C(N)CC(=O)O)C(C)CC)C(=O)O,2
COc1cc(O)c2c(=O)c(OC3OC(C)C(O)C(O)C3O)c(-c3ccc(OC)c(OC)c3)oc2c1,2
[O-][N+]12CCCCC1CCCC2CO,0
O=C(O)CCC(=O)NCCOC(=O)C(Cc1ccccc1)NC(=O)CCC(=O)O,2
CCCCC(=O)C(C)C,4
Nc1ncnc2c1ncn2C1OC(COP(=O)(O)C(Br)P(=O)(O)OP(=O)(O)O)C(O)C1O,2
CC(C)C(NC(=O)C(CC(=O)O)NC(=O)C(N)CO)C(=O)NC(Cc1ccccc1)C(=O)O,2
CC(N)C(=O)NC(C(=O)NC(CC(=O)O)C(=O)NC(Cc1ccccc1)C(=O)O)C(C)O,2
COC1OC(CO)C(O)C(O)C1OC1OC(C(O)CO)C(O)C1O,2
COC1C=CC2=CCN3CCC4=C(CC(=O)OC4)C23C1,0
Cc1ccc(OC(=O)Cc2ccccc2)cc1,4
CC1OC2OC(CO)C(O)C(O)C2O1,2
CCCCOC1OC(CO)CC(O)C1O,2
COC1(C)OCC2OC(OC3(CO)OC(CO)C(O)C3O)C(O)C(O)C2O1,2
COc1cccc(OC)c1,1
CCCCCCOC(C)OCCCCCC,2
OCC(O)COC1OC(CO)(CO)C(O)C(O)C1O,2
CC(N)C(=O)NC(CCCCN)C(=O)NC(CC(N)=O)C(=O)NC(Cc1ccccc1)C(=O)O,2
COC(C(O)CO)C(CO)OC1OC(C)C(O)C(O)C1O,2
Nc1ncnc2c1nc(Br)n2C1OC(COP(=O)(O)OP(=O)(O)O)C(O)C1O,2
N#Cc1ccc(N=C(NCC(=O)O)Nc2cccc3ccccc23)cc1,2
CCCCCCCCCCCCCCCC(CC(=O)O)C(=O)NC(Cc1ccccc1)C(=O)NC,2
COC(=O)C1OC(OC2CCC3(C)C(CCC4(C)C3CC=C3C5CC(C)(C)CCC5(C(=O)OC5OCC(O)C(OC6OC(C)C(O)C(O)C6O)C5OC5OC(C)C(O)C(O)C5O)C(O)CC34C)C2(C)C)C(O)C(O)C1O,2
CC(N)C(=O)NC(CC(=O)O)C(=O)NC(Cc1ccccc1)C(=O)NC(C)C(=O)O,2
COC(=O)CC(C)(C(=O)O)c1ccccc1,1
Cc1ccccn1,0
CCOC(=O)CCC(C)C,4
Cc1ccc(C)c(C)c1,4
CC1CCC(C(=O)O)(S(=O)(=O)c2ccccc2)CC1C,2
OCC1OC(OC2(CO)OC3(CO)OOC3C2O)C(O)C(O)C1O,2
CC1(O)CC(N2CCCC2)=C(N2CCCC2)C1=O,0
CCCCCCCCOCC1(OC2OC(CO)C(O)C(O)C2O)OC(CO)C(O)C1OCCCCCCCC,2
OCC(O)C(OC1OC(CO)C(O)C(O)C1O)C(CO)OC1OC(CO)C(O)C(O)C1O,2
COCC1OC(OC)C(O)C(O)C1OC1(O)COC(CO)C(O)C1O,2
COC1OC(CO)C(O)C(O)C1OC1OC(C)C(O)C(O)C1O,2
NCCNc1ncnc2c1ncn2C1OC(COP(=O)(O)O)C(O)C1O,2
OCC1OC1CCCOC1CCCCO1,2
CC1OCC(OC2OC(CO)C(O)C(O)C2O)C(O)C1O,2
CCC(C)C(NC(=O)C(N)Cc1ccccc1)C(=O)NC(C)C(=O)NC(CC(N)=O)C(=O)O,2
CC(=O)c1ccc(NS(=O)(=O)c2ccccc2)cc1,1
NC(=O)Nc1ccc(OCC=CCBr)cc1,2
COC(=O)C(Cc1ccccc1)NC(=O)C(C(C)C)N(C(C)=O)C(=O)C(N)CC(C)C,2
CCCCOC(=O)OC1OC(CO)C(O)C(O)C1O,2
Nc1ncnc2c1ncn2C1OC(COP(=O)(O)OS(=O)(=O)O)C(OP(=O)(O)O)C1O,2
O=S(=O)(NC1CCCCC1)NC1CCCCC1,2
CC(O)C(OC1OC(CO)C(O)C(O)C1O)C(CO)OC(O)OO,2
NC(=O)CCC(N)C(=O)NC(CC(=O)O)C(=O)NC(Cc1ccccc1)C(=O)NCC(=O)O,2
CCCC(=O)OCc1ccc(OC)cc1,2
COC(=O)CC(=O)OC,4
C=C(C=O)C1CCC(C)C1C=O,0
Nc1ccc(CC(=O)O)cc1,1
COCC1CCC=C(C=NO)C1,0
CCCCCP(=O)(O)OP(=O)(O)OP(=O)(O)OP(=O)(O)OCC1OC(n2cnc3c(N)ncnc32)C(O)C1O,2
CC1=CC2OC(=O)CC2CC1,2
O=C(O)[C@@H](O)[C@H](O)[C@@H](O)[C@H](O)C(=O)O,1
COC1C(O)OC(C)(OC)C(O)C1O,2
CC(C)CC(NC(=O)C(N)C(C)C)C(=O)NC(CC(=O)O)C(=O)NC(Cc1ccccc1)C(=O)O,2
CC(C)(C#N)C(=O)O,1
O=c1c(-c2ccc(O)c(O)c2)coc2cc(OC3OC(CO)C(O)C(O)C3O)cc(O)c12,2
CCCC(=O)c1ccco1,4
COC1C(O)C(COP(=O)(O)CP(=O)(O)O)OC1n1cnc2c(N)ncnc21,2
C=CCOC(=O)C(C)=CC,4
CC1=CC2=CC(=O)CCC2CC1,4
Cc1cc2ccccc2c(C(=O)O)c1C,1
CCCOc1ccc(NC(=O)Nc2ccc(OCCC)cc2)cc1,2
CCCCCOC1CC(O)C(O)C(CO)O1,2
CC1OC(OC2C(OC3C(OC4CCC5(C)C(CCC6(C)C5CC=C5C7CC(C)(C)CC(O)C7(C)C(=O)CC56C)C4(C)C)OC(C(=O)O)C(O)C3O)OCC(O)C2O)C(O)C(O)C1O,2
CCCCCC(CC)OC(C)=O,4
CC(=CCO)COC1OC(COC(=O)Cc2ccc(O)c(O)c2)C(O)C(OC(=O)Cc2ccc(O)cc2)C1OC(=O)Cc1ccc(O)c(O)c1,0
OCC1OC(O)(COC2OC(CO)C(Cl)C(O)C2O)C(O)C1O,2
CCCOC1C(OC)OC(C)C(O)C1O,2
O=C(C=Cc1ccc(O)c(O)c1)NC(Cc1ccc(O)c(O)c1)C(=O)O,4
COc1cc(C2CC(=O)c3c(O)cc(OC4OC(CO)C(O)C(O)C4O)cc3O2)ccc1OC1OCC(O)(CO)C1O,2
NC(=O)CC(N)C(=O)NC(CC(=O)O)C(=O)NC(CC(=O)O)C(=O)NC(Cc1ccccc1)C(=O)O,2
C=C1CC23CCC4C(C)(C(=O)OC5OC(CO)C(O)C(OC6OC(CO)C(O)C(O)C6O)C5OC(O)C(O)C(OC5OC(CO)C(O)C(O)C5O)C(O)C(C)I)CCCC4(C)C2CCC1(OC1OC(CO)C(O)C(OC(CO)OC(CO)C(O)CO)C1OC1OC(CO)C(O)C(O)C1O)C3,2
O=P(O)(O)Nc1ncnc2c1ncn2C1OC(CO)C(O)C1O,2
O=C(O)c1ccc([N+](=O)[O-])c2ccccc12,1
O=C(O)C1CCCCC1O,1
CC1OC(OC2C(OC3C(OC4CCC5(C)C(CCC6(C)C5CC=C5C7CC(C)(C)CCC7(C(=O)O)CCC56C)C4(C)C)OC(C(=O)O)C(O)C3O)OC(CO)C(O)C2O)C(O)C(O)C1O,2
COc1cc2c(c(O)c1OC)C(=O)CC(c1ccc(OC3OC(CO)C(O)C(O)C3O)cc1)O2,2
C=C1C(=O)OC2C1CC(O)C(C)=CCCC1(C)OC21,4
CC(C)CCN=C=S,4
CSCC1OC(O)(CSC)C(O)C1O,2
NC(=O)CC(NC(=O)C(Cc1ccccc1)NC(=O)C(CC(N)=O)NC(=O)C(N)CC(=O)O)C(=O)O,2
COC(=O)C(Cc1ccccc1)NCCNC(C)=O,2
COC(COC1OC(C)C(O)C(O)C1O)C(CO)OC(C)O,2
COc1ccc(-c2coc3cc(OC4OC(COC5OC(CO)C(O)C(O)C5O)C(O)C(O)C4O)c(OC)c(O)c3c2=O)cc1O,2
CC(NC(=O)C(N)CCC(N)=O)C(=O)NC(Cc1ccccc1)C(=O)NC(CC(N)=O)C(=O)O,2
C=C1C(=O)OC2C=C(C)C(O)CC=C(C)CC(OC(=O)C(C)=CC)C12,0
COc1c(OC2OC(COC3OC(CO)C(O)C(O)C3O)C(O)C(O)C2O)cc2occ(-c3ccc(O)cc3)c(=O)c2c1O,2
NCCNc1nc2c(N)ncnc2n1C1OC(COP(=O)(O)O)C(O)C1O,2
C=CC(C)(CCC=C(C)C)OC(=O)Cc1ccccc1,2
CCN(CC)CCCN1C(=O)c2ccccc2S1(=O)=O,0
CC1(C)CCC2(C(=O)OC3OC(COC4OCC(O)C(O)C4O)C(O)C(O)C3O)CCC3(C)C(=CCC4C5(C)CCC(OC6OC(C(=O)O)C(O)C(OC7OC(CO)C(O)C(O)C7O)C6O)C(C)(C)C5CCC43C)C2C1,2
COc1c(OC2OC(COC3OC(C)C(O)C(O)C3O)C(O)C(O)C2O)cc2oc(-c3ccc(O)c(O)c3)cc(=O)c2c1O,2
Nc1nc(Cl)nc2c1ncn2C1OC(CO[P+](=O)[O-])C(O)C1O,2
COc1ccc(OC(C)C(=O)O)cc1,4
CCC(C)C(NC(=O)C(CC(=O)O)NC(=O)C(CC(=O)O)NC(=O)C(N)Cc1ccccc1)C(=O)O,2
CCc1ccco1,2
CCC=CCCOC(=O)CC,4
CC(Cl)(CC([N+](=O)[O-])[N+](=O)[O-])[N+](=O)[O-],1
COc1cc(C2CC(=O)c3c(O)cc(OC4OC(COC5OC(C)C(O)C(O)C5O)C(O)C(O)C4O)cc3O2)ccc1O,2
NC(CC(=O)O)C(=O)NC(Cc1ccccc1)C(=O)NCC(=O)O,2
O=C(O)COc1ccccc1O,1
COC1OC(CO)C(OC2CC(O)C(O)C(CO)O2)C(O)C1O,2
NC(=O)CC(N)C(=O)NCC(=O)NC(CC(N)=O)C(=O)NC(Cc1ccccc1)C(=O)O,2
O=C1c2c(O)cc(O)cc2OC(c2ccc(O)c(O)c2)C1OC1OCC(O)C(O)C1O,2
COc1cc(O)c2c(=O)c(-c3ccc(O)cc3)coc2c1,0
O=c1cnc2[nH]cnc(=O)c2[nH]1,1
CC1OC(OC2C(C(=O)O)OC(OC3CCC4(C)C(CCC5(C)C4CC=C4C6CC(C)(C)CCC6(C(=O)O)CCC45C)C3(C)C)C(OC3OCC(O)C(O)C3O)C2O)C(O)C(O)C1O,2
O=C(O)CNC(Cc1ccccc1)C(=O)NC(CC(=O)O)C(=O)O,2
CCC(CC(=O)OC)(C(=O)O)c1ccccc1,1
Nc1ncnc2c1ncn2C1OC(C(OP(=O)(O)O)OP(=O)(O)O)C(O)C1O,2
COc1ccc(-c2cc(=O)c3c(O)c(O)c(OC4OC(CO)C(O)C(O)C4O)cc3o2)cc1,2
COC(=O)C=CC=CCCc1ccc2c(c1)OCO2,0
CCCCCOCC(O)COC1OC(CO)C(O)C(O)C1O,2
CC1=NOC(=O)C1=NNc1ccc(Cl)cc1,1
CCCOC1OC(COC2OC(CO)C(O)C(O)C2O)C(O)C(O)C1O,2
COc1ccc(/C=C/C(=O)O)cc1OC,1
CCC(=O)N(C(=O)C(N)CC(N)=O)C(Cc1ccccc1)C(=O)O,2
COc1cc2c(c(OC3OC(CO)C(O)C(O)C3O)c1)C(=O)CC(c1ccc(OC)c(O)c1)O2,2
COc1c(C)c(OC2OC(CO)C(O)C(O)C2O)cc2c1C(=O)CC(c1ccc(O)c(O)c1)O2,2
C=CC1C(OC2OC(CO)C(O)C(O)C2OC(=O)c2c(O)cc(O)cc2-c2cccc(O)c2)OC=C2C(=O)OCCC21O,0
Nc1ncnc2c1ncn2C1OC(C(O)OP(=O)(O)O)C(O)C1O,2
COc1ccc(-c2oc3cc(O)cc(O)c3c(=O)c2OC2OC(OC(=O)O)C(O)C(O)C2O)cc1O,2
COc1ccc(CCC(=O)c2c(O)cc(OC3C(OC4C(O)OC(CO)C(O)C4O)OC(C)C(O)C3O)cc2O)cc1O,2
O=C(O)CCNC(=S)Nc1ccc([N+](=O)[O-])cc1,2
O=c1c2c(OC3OC(CO)C(O)C(O)C3O)cc(O)cc2oc2ccc(O)c(O)c12,2
CC(N)C(=O)NC(CC(=O)O)C(=O)NC(Cc1ccccc1)C(=O)NC(C(=O)O)C(C)C,2
C[As](C)(=O)CC1OC(OCC(O)C(O)C(O)C(O)CO)C(O)C1O,2
CC(O)CC1OC(CO)C(OC2OC(CO)C(O)C(O)C2O)C(O)C1O,2
COc1cc(C(=O)OCC(C#N)=CCOC2OC(CO)C(O)C(O)C2O)ccc1O,4
COC1OC(COC2OC(CO)C(O)C(O)C(O)C2O)C(O)C(O)C1O,2
OCC1OC(OCC2OCC(O)(O)C(O)C2O)C(O)C(O)C1O,2
CC(C)CC(NC(=O)C(N)Cc1ccccc1)C(=O)NC(CC(=O)O)C(=O)NC(CCCCN)C(=O)O,2
CC(SCC(=O)O)C(=O)O,1
CC(NC(=O)C(CC(=O)O)NC(=O)C(CCC(N)=O)NC(=O)C(N)Cc1ccccc1)C(=O)O,2
C=C1C(=CC=C2CCCC3(C)C2CCC3C(C)CCC=CC(O)(CC)CC)CC(O)CC1O,4
CC(C)N,4
COc1cc(O)cc2oc(-c3ccc(O)c(O)c3)c(OC3OCC(OC4OC(C)C(O)C(O)C4O)C(O)C3O)c(=O)c12,2
COC1OC(CO)C(OC2OC(CO)C(O)C(O)C2O)C(O)C1OC1OC(C)C(O)C(O)C1O,2
NS(=O)(=O)NC1CCCCC1,2
NC(CC(=O)O)C(=O)NC(CO)COC(=O)C1CCC1,2
OCC1OC(O)C(O)OC1C1COC(O)C(O)O1,2
COc1ccc(C)cc1,4
Cc1ccc(S)cc1,1
OCC(O)C(O)C(O)C(O)(O)CO,2
CC1(CO)CCC2(C)CCC3(C)C(=CC(=O)C4C5(C)CCC(OC6OC(C(=O)O)C(O)C(O)C6OC6OC(C(=O)O)C(O)C(O)C6O)C(C)(C)C5CCC43C)C2C1,2
CC(NC(=O)C(Cc1ccccc1)NC(=O)C(CO)NC(=O)C(N)CC(=O)O)C(=O)O,2
COC1(O)C(CO)OC(O)C(O)C1O,2
CCC=CCCOC(C)OCCC=CCC,4
CCC(C(=O)O)=C(C)C(=O)O,1
CN(C)C(CC(=O)O)C(=O)NC(Cc1ccccc1)C(=O)O,2
CCOP(=O)(COCC1OC(n2cnc3c(N)ncnc32)CC1O)OCC,2
CC1OC(C)C(OC2OC(CO)C(O)C(O)C2O)C(O)C1O,2
CC(NC(=O)C(N)CC(=O)O)C(=O)NC(CCC(=O)O)C(=O)NC(Cc1ccccc1)C(=O)O,2
COc1c(OC)c2occc2c2oc(=O)ccc12,0
COC(=O)C1OC(OC2CCC3(C)C(CCC4(C)C3CC=C3C5CC(C)(C(=O)OC)CCC5(C(=O)OC5OC(CO)C(O)C(O)C5O)CCC34C)C2(C)C)C(O)C(OC2OCC(O)C(O)C2O)C1O,2
CCCCOC(C)OCCc1ccccc1,4
COC1CC(O)C(O)C(COC2OC(CO)C(O)C(O)C2O)O1,2
COC(=O)C(Cc1ccccc1)NC(=O)C(CC(=O)O)NC(=O)C(N)CC(N)=O,2
COc1cc(O)c2c(=O)c(O)c(-c3ccc(O)c(O)c3)oc2c1,0
CCOc1ccc(NC(=O)NC(F)(F)F)cc1,2
CC(CC(=O)O)(Cc1ccc([N+](=O)[O-])cc1)C(=O)O,1
NCCCCC(NC(=O)C(CO)NC(=O)C(CC(=O)O)NC(=O)C(N)Cc1ccccc1)C(=O)O,2
OCC1OC(OCCCCCCCl)C(O)C(O)C1O,2
CC1(C)OC2CC(=O)OC2(C)C1CC(=O)CC1=CCCC23CC12C(=O)OC3c1ccoc1,0
OCC1CC(O)C(O)C(O)(CO)O1,2
COc1ccc(C2Oc3ccccc3CS2)cc1O,2
COC1OC(CO)C(O)C(O)C1OC1OC(CO)C(O)C(O)C1O,2
COc1cc2oc(-c3ccc(O)c(OC4OC(CO)C(O)C(O)C4O)c3)cc(=O)c2c(O)c1C1OC(CO)C(O)C(O)C1O,2
COc1cnc(C)s1,4
COC(=O)C(Cc1ccccc1)NC(=O)C(CC(=O)O)NC(C)=O,2
CSc1nccnc1C,4
COC(=O)C(Cc1ccccc1)NC(=O)C(CC(=O)O)NC(=O)CC(N)C(=O)O,2
O=[As](O)(O)c1ccc(O)cc1,1
COc1ccc(C2CC(=O)c3c(O)cc(O)cc3O2)cc1OC1OC(C)C(O)C(O)C1OC1OC(C)C(O)C(O)C1O,2
CC1OC(OCC23C(O)CC(C)(C)CC2C2=CCC4C5(C)CCC(OC6OC(C(=O)O)C(O)C(OC7OC(CO)C(O)C(O)C7O)C6O)C(C)(C)C5CCC4(C)C2(C)CC3O)C(O)C(O)C1O,2
OCC1(O)OCC(OC2(CO)OCC(O)C(O)C2O)C(O)C1O,2
C=Cc1cccc(NN=C(N=Nc2ccccc2)c2ccccc2)c1,2
COCC1OC(OC)CCC1O,2
OCC1OC(OCC(O)COCC(O)COC2OC(CO)C(O)C(O)C2O)C(O)C(O)C1O,2
CC(O)C(NC(=O)CNC(=O)C(N)CC(=O)O)C(=O)NC(Cc1ccccc1)C(=O)O,2
COc1cccc2c(=O)c3c(OC4OC(CO)C(O)C(O)C4O)cc(O)cc3oc12,2
CC1OC(Oc2cc3oc(-c4ccc(O)cc4)cc(=O)c3c(O)c2O)C(O)C(O)C1OC1OC(CO)C(O)C(O)C1O,2
COC(=O)C(NC(=O)C(CC(=O)O)NC=O)C(Cl)c1ccccc1,2
CCCCCCCCCCOC(C)=O,4
CC(NC(=O)C(CCCCN)NC(=O)C(N)CC(=O)O)C(=O)NC(Cc1ccccc1)C(=O)O,2
COC(=O)C(Cc1ccccc1)NC(=O)C(CC(=O)O)NC(=O)C(F)(F)F,2
CC1OC(OC2C(C(=O)O)OC(OC3CCC4(C)C(CCC5(C)C4CC=C4C6CC(C)(C)CCC6(C(=O)O)CCC45C)C3(C)C)C(O)C2O)C(O)C(O)C1O,2
NCCCCNc1ncnc2c1ncn2C1OC(COP(=O)(O)O)C(O)C1O,2
COC(=O)C(Cc1ccccc1)NC(=O)C(CC(=O)O)NCCCc1ccc(C)cc1,2
CNc1nc2c(N)ncnc2n1C1OC(COP(=O)(O)OP(=O)(O)O)C(O)C1O,2
CC1OC(OC2C(Oc3ccc4c(=O)c(-c5ccc(O)c(O)c5O)coc4c3)OC(CO)C(O)C2O)C(O)C(O)C1O,2
CC1OC(O)C(O)C(O)C1O,2
OCC1CC(O)C(O)C(OC2OC(CO)C(O)C(O)C2O)O1,2
COc1cc(O)c2c(=O)c(OC3OC(CO)C(O)C(O)C3OC3OC(CO)C(O)C(O)C3O)c(-c3ccc(O)c(O)c3)oc2c1,2
C=CC(C=CC)SSC(C=C)C=CC,4
CC(O)CC(O)C(O)CO,2
CC(C)CC(NC(C)C(=O)NC(Cc1ccccc1)C(=O)O)C(=O)O,2
CC(NC(=O)C(CCCCN)NC(=O)C(Cc1ccccc1)NC(=O)C(N)CC(=O)O)C(=O)NCC(=O)O,2
CC(C)(Cc1ccccc1)NC(=O)C(N)CC(=O)O,2
CC(C)CC(NC(=O)C(N)Cc1ccccc1)C(=O)NC(CC(=O)O)C(=O)NC(Cc1ccccc1)C(=O)O,2
CC(C)(O)C(O)COc1c2ccoc2cc2oc(=O)ccc12,0
Cc1ncc2nn[nH]c2n1,1
CC1=CC(=O)C(O)C2(C)C1CC1OC(=O)CC3C(C)C4(O)C(=O)OCC13C42,0
Sc1ccc(Cl)cc1,1
C=C1CC23CCC4C(C)(C(=O)OC5OC(CO)C(O)C(OC6OC(CO)C(O)C(O)C6O)C5OC5OC(CO)C(O)C(O)C5O)CCCC4(C)C2CCC1(OC1OC(CO)C(O)C(OC2OC(CO)C(O)C(O)C2O)C1OC1OC(C)C(O)C(O)C1O)C3,2
COc1ccc(-c2oc3cc(OC4OC(CO)C(O)C(O)C4O)cc(O)c3c(=O)c2OC2OC(CO)C(O)C(O)C2O)cc1OC,2
OCC1SC(O)(CO)C(O)C1O,4
O=C1C=CC(=Nc2c(Cl)cc(O)cc2Cl)C=C1,1
CC(CO)NC(=O)C1C=C2c3cccc4[nH]cc(c34)CC2N(C)C1,0
Nc1ncnc2c1ncn2C1OC(COP(=O)(O)OP(=O)(O)OP(=O)(O)O)C(O)C1O,2
COc1ccc(C2Oc3cc(O)cc(O)c3C(=O)C2OC(C)=O)cc1O,2
CC(NC(=O)C1CCCN1)C(=O)NC(CC(=O)O)C(=O)NC(Cc1ccccc1)C(=O)O,2
O=C(O)CSc1cccc(F)c1,1
C=C1CC23CCC4C(C)(C(=O)OC5OC(CO)C(OC6OC(CO)C(O)C(O)C6O)C(O)C5O)CCCC4(C)C2CCC1(OC1OC(CO)C(O)C(OC2OC(CO)C(O)C(O)C2O)C1OC1OC(CO)C(OC2OC(CO)C(O)C(O)C2O)C(O)C1O)C3,2
CC(C)CC(N)C(=O)NC(CC(N)=O)C(=O)NC(CC(=O)O)C(=O)NC(Cc1ccccc1)C(=O)O,2
CC1OC(OC2COC(Oc3cc4oc(-c5ccc(O)c(O)c5)cc(=O)c4c(O)c3O)C(O)C2O)C(O)C(O)C1O,2
OCC1OC(O)C(O)CC1OC1OC(CO)C(O)C(O)C1O,2
CC(=CCO)COC1OC(CO)C(O)C(O)C1OC(=O)Cc1ccc(O)c(O)c1,0
CC1(C(=O)O)CCC2(C)CCC3(C)C(=CC(=O)C4C5(C)CCC(OC6OC(C(=O)O)C(O)C(OC7OCC(O)C(O)C7O)C6OC6OC(CO)C(O)C(O)C6O)C(C)(C)C5CCC43C)C2C1,2
CC1(C(=O)OC2OC(CO)C(O)C(O)C2O)CCC2(C)CCC3(C)C(=CCC4C5(C)CCC(OC6OC(C(=O)O)C(O)C(O)C6O)C(C)(C)C5CCC43C)C2C1,2
CCCC(C)COc1ccc([N+](=O)[O-])cc1N,2
C=Cc1ccc(O)cc1,2
CC1(C)CC2C3=CCC4C5(C)CCC(OC6OC(COC7OCC(O)C(O)C7O)C(O)C(O)C6OC6OC(CO)C(O)C(O)C6O)C(C)(C)C5CCC4(C)C3(C)CC(O)C23CC1OC3=O,2
CC1(C)CCC2(C(=O)O)CCC3(C)C(=CCC4C5(C)CCC(OC6OC(CO)C(O)C(OC7OC(CO)C(O)C(OC8OC(C(=O)O)C(O)C(O)C8O)C7O)C6O)C(C)(CO)C5CCC43C)C2C1,2
COc1ccc(C=CC(=O)c2c(O)cc(OC3OC(COC4OC(C)C(O)C(O)C4O)C(O)C(O)C3O)cc2O)cc1O,2
C=CCOC(=O)COc1ccccc1,2
COC(=O)COC(OC1C(OC(C)=O)C(OC2CCC3(C)C(CCC4(C)C3CC=C3C5CC(C)(C)CCC5(C(=O)OC)CCC34C)C2(C)C)OC(C(=O)OC)C1OC(C)=O)C(O)C(=O)OC,2
Clc1nc2ncncc2[nH]1,1
CCC(C)C(NC(=O)CNC(=O)C(N)Cc1ccccc1)C(=O)NC(CC(=O)O)C(=O)O,2
OCC1OC(CO)(OC2OC(COCC3CO3)C(O)C(O)C2O)C(O)C1O,2
CCCSSCc1ccco1,4
COC(=O)C1OC(OC2CCC3(C)C(CCC4(C)C3CC=C3C5CC(C)(C)CCC5(C(=O)O)C(O)CC34C)C2(C)C=O)C(OC2OC(CO)C(O)C(O)C2O)C(O)C1O,2
COc1ccc(C(=O)Cc2ccccc2)cc1O,4
Nc1ncnc2c1ncn2C1CC(O)C(COP(=O)(O)F)O1,2
CCC=CCCC=CC=O,4
COc1ccc(C=CC(=O)c2c(O)cc(OC3OC(COC4CC(C)C(O)C(O)C4O)C(O)C(O)C3O)cc2OC)cc1O,2
COC(Cc1ccccc1)OC,0
N[C@@H](Cc1cnc[nH]1)C(=O)NCC(=O)O,1
CC1OC(OCC2OC(Oc3c(-c4ccc(O)c(O)c4)oc4cc(O)cc(O)c4c3=O)CC(O)C2O)C(O)C(O)C1O,2
CC(=O)CC(C)S,4
Nc1ncnc2c1ncn2C1(P(=O)(O)O)OC(CO)C(O)(P(=O)(O)O)C1(OP(=O)(O)O)P(=O)(O)O,2
CC1(C(=O)O)CCC2(C)CCC3(C)C(=CC(=O)C4C5(C)CCC(OC6OC(C(=O)O)C(O)C(O)C6O)C(C)(CO)C5CCC43C)C2C1,2
COc1cc(/C=C/C(=O)OCC2OC(OC3(CO)OC(COC(C)=O)C(OC(C)=O)C3OC(=O)/C=C/c3ccc(O)c(OC)c3)C(O)C(O)C2O)ccc1O,0
Fc1ccc(C(N=Nc2ccccc2)=NNc2ccccc2)cc1,2
C#COC1OC(CO)C(OC2OC(CO)C(O)C(O)C2O)C(O)C1O,2
COc1ccc(C2CC(=O)c3c(O)cc(OC4OC(COC(CO)CC5CCC(O)C5O)C(O)C(O)C4O)cc3O2)cc1O,2
CC(C)C(NC(=O)C(N)CC(=O)O)C(=O)NC(CC(=O)O)C(=O)NC(Cc1ccccc1)C(=O)O,2
COC(=O)C(Cc1ccccc1)NC(=O)C(CC(=O)O)NC(=O)C(C)NC(=O)C(C)N,2
COC1=C(C)OC(C)C1=O,2
CC(O)C1CC(CC(=O)O)C1(C)C,1
OCC(O)CC(O)(O)O,2
Nc1ncnc2c1ncn2C1CC(O)C(COP(=O)(O)OP(=O)(O)NP(=O)(O)O)O1,2
Nc1ncnc2c1ncn2C1OC(COP(=O)(O)O)C(N)C1O,2
COC(CCO)C(OC1OC(CO)C(O)C(O)C1O)C(C)O,2
CCCCCOCC1OC(OC)C(O)C(O)C1O,2
CCC(C)(S(=O)(=O)CC)S(=O)(=O)CC,0
CC(NC(=O)C(N)Cc1ccccc1)C(=O)NC(C(=O)NC(CC(=O)O)C(=O)O)C(C)C,2
CCOC(=O)C=Cc1ccc(O)cc1,0
CCC(C)C(=O)OC(C)C1(O)CCC2(O)C3CCC4CC(OC5CC(O)C(OC6CC(OC)C(OC7CC(OC)C(OC8CC(OC)C(OC9CC(OC)C(OC%10OC(CO)C(O)C(O)C%10O)C(C)O9)C(C)O8)C(C)O7)C(C)O6)C(C)O5)CCC4(C)C3CC(OC(C)=O)C12C,2
COC(=O)C1OC(OC2C(O)C(CO)OC(OC3CCC4(C)C(CCC5(C)C4CC=C4C6CC(C)(C)CCC6(C(=O)OC6OC(CO)C(O)C(O)C6O)CCC45C)C3(C)CO)C2O)C(O)C(O)C1O,2
CC(C)CC(=O)C(=O)O,4
O=C1C=C(O)C(=O)C=C1O,1
O=C(C=Cc1ccc(O)cc1O)c1ccccc1O,0
NC(=O)CC(N)C(=O)NC(CC(=O)O)C(=O)NC(Cc1ccccc1)C(=O)O,2
OC[C]1OC(O)C(O)C(O)C1OC1OC(CO)C(O)C(O)C1O,2
CCCCOC(=O)C(C)OC(=O)CCC,4
COC1C(Oc2c(-c3ccc(O)c(O)c3)oc3cc(O)cc(O)c3c2=O)OC(C)C(O)C1OC,2
Cc1c(C)c([N+](=O)[O-])c(C(C)(C)C)c([N+](=O)[O-])c1C,4
Cc1ccc(CS)o1,4
CCCC=C1OC(=O)c2ccccc21,4
OCC(O)C(O)C(O)C1OC(O)C(O)C(O)C1O,2
OCc1ccccc1OC1OC(CO)C(O)C(O)C1O,0
CC(=O)OCC12C(CCC(C)(C)C1C(=O)O)OC(=O)C13CC(CC(O)C12)C(C)C3=O,0
OCC(O)C(O)C(O)C1COC(O)C(O)O1,2
COc1ccc(-c2oc3cc(O)cc(O)c3c(=O)c2O)cc1OC1OC(CO)C(O)C(O)C1O,2
CCCCOC(=O)C1OC(OC2CCC3(C)C(CCC4(C)C3CC=C3C5CC(C)(C)CCC5(C(=O)O)CCC34C)C2(C)C)C(O)C(OC2OC(CO)C(O)C(O)C2O)C1O,2
CC(O)(P(=O)(O)OP(=O)(O)OCC1OC(n2cnc3c(N)ncnc32)C(O)C1O)[P+]([O-])(O)O,2
CC(O)C(O)C(O)C(=O)NCCc1ccc(O)cc1,3
COc1c(OC2OC(CO)C(O)C(O)C2O)cc(O)c2c(=O)cc(-c3ccccc3O)oc12,2
Cc1nc(O)nc2[nH]nnc12,1
NCCNc1nc2c(N)ncnc2n1C1OC2COP(=O)(O)OC2C1O,2
CC1OC(OCC2OC(Oc3cc(O)c4c(=O)cc(-c5ccc(O)cc5)oc4c3)C(O)C(O)C2O)C(O)C(O)C1O,4
CC(=O)NCCNC(Cc1ccccc1)C(=O)O,2
COC(OC)C(O)C1OCC(O)C1O,2
COCC1(OC2OC(CO)C(O)C(O)C2O)OC(CO)C(O)C1O,2
CC1(C(=O)O)CCC2(C)CCC3(C)C(=CC(=O)C4C5(C)CCC(OC6OC(C(=O)O)C(O)C(O)C6OC6OCC(O)(CO)C6O)C(C)(C)C5CCC43C)C2C1,2
O=C(O)c1cccc(O)c(=O)c1C(=O)O,1
Nc1ncnc2c1ncn2C1OC(COP(O)(=S)OCP(=O)(O)COP(O)(O)=S)C(O)C1O,2
C=CC1C(OC2OC(COC(C)=O)C(OC(=O)c3cccc(OC4OC(CO)C(O)C(O)C4O)c3O)C(OC(C)=O)C2OC(C)=O)OC=C2C(=O)OCCC21O,0
CCCCOP(=O)(O)OCC1OC(n2cnc3c(N)ncnc32)C(O)C1O,2
CC(N)C(=O)NC(CCC(N)=O)C(=O)NC(Cc1ccccc1)C(=O)NC(CC(N)=O)C(=O)O,2
CC(=O)c1nccnc1C,4
COc1ccc(-c2cc(=O)c3c(OC)cc(OC4OC(COC5OCC(O)C(O)C5O)C(O)C(O)C4O)cc3o2)cc1OC,2
CNC(CC(=O)O)C(=O)NC(Cc1ccccc1)C(=O)O,2
CC1OC(OC2C(OC3CCC4(C)C(CCC5(C)C4CC=C4C6CC(C)(C)CCC6(C(=O)OC6OC(C(=O)O)C(O)C(O)C6O)CCC45C)C3(C)C)OC(CO)C(O)C2O)C(O)C(O)C1O,2
COc1c(O)cc(C2CC(=O)c3ccc(OC4OC(COC5OC(C)C(O)C(O)C5O)C(O)C(O)C4O)cc3O2)cc1O,2
OCC1OC(OC2C(O)C(O)OC(CO)C2O)C(O)CC1O,2
COC1C(O)C(CO)OC(OCC2OC(O)C(O)C(O)C2O)C1O,2
CCC(=O)OCCNC(=O)C(N)CC(=O)O,2
CCCCOC(=O)C(C)CC,4
CCC(C)OC1OC(CO)C(OC)C(O)C1O,2
CCOOC1OC(C)C(O)C(O)C1O,2
O=C(O)OCC1OC(OC2C(CO)OC(O)C(O)C2O)C(O)C(O)C1O,2
C=CCC(C)C(=O)OCC,2
CCC(C)C(N)C(=O)NC(CC(C)C)C(=O)NC(Cc1ccccc1)C(=O)NC(CC(N)=O)C(=O)O,2
C=CC12COC(=O)C(=C)C1C1OC(=O)C(=C)C1C(OC(=O)C(=C)CO)C2,0
CC(NC(=O)C(CC(N)=O)NC(=O)C(Cc1ccccc1)NC(=O)C(N)CC(=O)O)C(=O)O,2
Nc1ncnc2c1ncn2C1OC(CO)C(OP=O)C1O,2
NCCCCC(N)C(=O)NC(CC(N)=O)C(=O)NC(Cc1ccccc1)C(=O)O,2
O=C(O)c1ccc(Cl)s1,1
COC1C(CO)OC2OC(C)(C)OC2C1OC,2
CC1(C)OC(=O)C=CC2(C)C1CC(=O)C1(C)C2CCC2(C)C(c3ccoc3)OC(=O)C3OC321,0
CCC(=O)OCc1ccco1,2
CC(N)C(=O)NC(CC(=O)O)C(=O)NC(CC(N)=O)C(=O)NC(Cc1ccccc1)C(=O)O,2
CC1(COC2OC(CO)C(O)C(O)C2O)CC(=O)C2(C)CCC3(C)C(=CCC4C5(C)CCC(OC6OC(C(=O)O)C(O)C(O)C6OC6OC(CO)C(O)C(O)C6O)C(C)(CO)C5CCC43C)C2C1,2
OCC1OC(OC2OC(CO)C(O)C(O)(OO)C2O)C(O)C(O)C1O,2
OCC1OC(OC2(CO)OCC(O)C2O)C(O)C(O)C1O,2
O=[Si](O)OC1C(O)C(CO)OC1(CO)OC1OC(CO)C(O)C(O)C1O,2
O=C(O)CCCl,1
CCCCOC(=O)c1ccccc1,4
CCOCC1OC(O)CCC1OCC,2
CC=C(C)C(=O)OCC(C)C,2
COC1OC(CCC2OC(OC)C(O)C(O)C2O)C(O)C(O)C1O,2
CC1OC(O)C(OC2C(O)OC(CO)C(O)C2O)C(O)C1O,2
CC1OC(Oc2cc(O)c3c(c2)OC(c2ccc(O)c(O)c2)CC3=O)C(O)C(O)C1O,2
COc1ccc(-c2cc(=O)c3c(O)c(OC4OC(CO)C(O)C(OC5OC(C)C(O)C(O)C5O)C4O)c(O)cc3o2)cc1,2
COc1ccc(CCNC(=O)/C=C/c2ccc3c(c2)OCO3)cc1OC,0
COC(C)C1=CCC(C)=CC1,2
CC1OC(OC2C(OC3C(OC4CCC5(C)C(CCC6(C)C5C(=O)C=C5C7CC8(C)CC(OC8=O)C7(C)CCC56C)C4(C)C)OC(C(=O)O)C(O)C3O)OC(C(=O)O)C(O)C2O)C(O)C(O)C1O,2
CSc1cccc(SCC(=O)O)c1,1
CC(CO)OC(C)Oc1cc(O)cc(O)c1C(=O)CCc1ccc(O)c(O)c1,2
CC(O)CC(C)(C)S,4
CC(O)CCOCCC(C)O,0
NC(CC(=O)O)C(=O)NC(CO)COC(=O)C1CC1,2
CC(C)=C1CCC(C)C2=C(C1)C(C)CC2,2
COC1OC(CF)C(O)C(OC)C1OC,2
CCCCCCCOc1ccc(NC(N)=O)cc1,2
CC(=O)OC1CCCCC1,2
CCCCOC(=O)C1OC(OC2CCC3(C)C(CCC4(C)C3CC=C3C5CC(C)(C)CCC5(C(=O)OC5OC(CO)C(O)C(O)C5O)CCC34C)C2(C)C)C(OC2OC(CO)C(O)C(O)C2O)C(OC2OC(CO)C(O)C(O)C2O)C1O,2
CCCOC1OC(CO)C(O)C(O)C1OC1OCC(O)C(O)C1O,2
OCC1OC(OC(CO)C2OC(O)C(O)C2O)C(O)C(O)C1O,2
OC1OCC(Cc2ccc3c(c2)OCO3)C1Cc1ccc2c(c1)OCO2,0
CC1OC(OC2C(O)COC(OC3C(OC4CCC5(C)C(CCC6(C)C5CC=C5C7CC(C)(C)CCC7(C(=O)OC7OC(CO)C(O)C(O)C7O)CCC56C)C4(C)C)OC(C(=O)O)C(O)C3O)C2O)C(O)C(O)C1O,2
COC1OC(CCC2OC(CO)C(O)C(O)C2O)C(O)C(O)C1O,2
COC(=O)C(CC(C)C)NC(=O)C(N)CC(=O)O,0
COC(=O)C(Cc1ccccc1)NC(=O)C(CC(=O)O)NC(=O)CCCN,2
O=c1c(O)c(-c2cc(O)c(O)c(OC3OCC(O)C(O)C3O)c2)oc2cc(O)cc(O)c12,2
C=C(C)C1CCC2(C)CCC=C(C)C2C1,4
CC1(C(=O)OC2OC(CO)C(O)C(O)C2O)CCCC2(C)C3CCC4(OC5OC(CO)C(O)C(O)C5O)CC3(CCC12)CC4=O,2
CC(NC(=O)C(N)Cc1ccccc1)C(=O)NC(CCCCN)C(=O)NC(CC(N)=O)C(=O)O,2
CC1(C)C(=O)CCC2(C)C3CCC4CC3(CCC12)CC4(O)COC1OC(CO)C(O)C(O)C1O,0
COC(=O)C(Cc1ccccc1)NC(=O)CC(N)C(=O)O,2
C/C=C/C(=O)O,1
CSc1ccccc1O,4
NC(=O)CCC(NC(=O)C(N)CC(=O)O)C(=O)NC(CCC(=O)O)C(=O)NC(Cc1ccccc1)C(=O)O,2
CCCOC1C(O)C(C)OC(OC)C1O,2
CCCCCC(CC)OC(=O)CCC,4
CCC(Br)(CC)C(=O)NC(=O)NC(C)=O,0
Cc1cc(C)c(C=CC(=O)O)c(O)c1,1
CC1OC(OC2C(OC3C(OC4CCC5(C)C(CCC6(C)C5CC=C5C7CC(C)(C)CC(C)C7(C)CCC56C)C4(C)CO)OC(C(=O)O)C(O)C3O)OC(CO)C(O)C2O)C(O)C(O)C1O,2
Nc1ncnc2c1ncn2C1OC(COP(=O)(O)OP(=O)(O)CP(=O)(O)O)C(O)C1O,2
CCOC(=O)C(C)(O)CC,4
CCC(C)C(N)C(=O)NC(CC(N)=O)C(=O)NC(C)C(=O)NC(Cc1ccccc1)C(=O)O,2
COc1cc(O)c(C(=O)CCc2ccc(O)c(O)c2)c(OC2OC(CO)C(O)C(O)C2O)c1,2
CCOC(=O)C=Cc1ccc(O)c(O)c1,0
COC1CC2OC(C)(C)OC2C(CO)O1,2
CCOC1OC(CO)C(OC)C(O)C1O,2
OCCCOCC1OC(OCC2OC(OCCCO)C(OCCCO)C(OCCCO)C2OCCCO)C(OCCCO)C(OCCCO)C1OCCCO,2
CC1OC(Oc2cc3oc(-c4ccccc4)cc(=O)c3c(O)c2O)C(O)C(O)C1O,2
COC1C(O)OC(CO)C(O)C1O,2
NCCCCC(NC(=O)C(N)CC(=O)O)C(=O)N1CCCC1C(=O)NC(Cc1ccccc1)C(=O)O,2
CCCOC1OC(COC(C)=O)C(OC(C)=O)C(OC(C)=O)C1O,2
O=c1[nH]c(SCc2ccco2)nc2c1ncn2C1OC(COP(=O)(O)O)C(O)C1O,3
CCCCCCCCCCCCCCCCCCOCC(COC1OC(CO)C(O)C(O)C1O)OC,2
COC1CC2OC3OC(CO)C(O)C(O)C3OC2C(C)O1,2
O=c1cc(-c2ccccc2)oc2c(O)c(O)cc(OC3OC(CO)C(O)C(O)C3O)c12,2
CC(=O)CCCC(C)CCCC(C)CCCC(C)C,4
O=c1ccccc(O)c1O,1
CC1(Oc2cc3c(c(O)c2O)C(=O)CC(c2ccc(O)c(O)c2)O3)OCC(O)C(O)C1O,2
COC(OC1OC(CO)C(O)C(O)C1O)C(O)C(O)C(O)CCO,2
COC(=O)C(CC1CCCCC1)NC(=O)C(CC(=O)O)NC(=O)Nc1ccc([N+](=O)[O-])cc1,2
C=CC(=C)CCC=C(C)CCC=C(C)C=O,2
COc1ccc(CC=CC=CC(=O)NCC(C)C)cc1,4
CC(=O)Nc1ccccc1C(=O)CC(N)C(=O)O,2
CC12CCC(C)(C(=O)O)C(C3OC(CO)C(O)C(O)C3O)C1C1=CC(=O)C3C4(C)CCC(OC5OC(C(=O)O)C(O)C(O)C5OC5OC(C(=O)O)C(O)C(O)C5O)C(C)(C)C4CCC3(C)C1(C)CC2,2
O=C(C=Cc1ccccc1)c1ccc(O)cc1,0
Cc1ccc(NC(=Nc2ccc(C#N)cc2)NCC(=O)O)cc1,2
CC(=O)CC(=O)O,1
CCCOC1OC(CO)C(OC2OC(CO)C(OC)CC2O)C(O)C1O,2
CCC(C)C(N)C(=O)NC(Cc1ccccc1)C(=O)NC(CC(=O)O)C(=O)NC(C)C(=O)O,2
COc1cc2oc(-c3ccc(O)cc3)cc(=O)c2c(O)c1OC1OC(CO)C(O)C(O)C1OC1OC(CO)C(O)C(O)C1O,2
CC=Cc1ccc(OCc2ccccc2)c(OC)c1,4
CC1OC(OC2C(OC3CCC4(C)C(CCC5(C)C4CC=C4C6CC(C)(C)CCC6(C(=O)OC6OC(COC7OC(CO)C(O)C(O)C7O)C(O)C(O)C6O)CCC45C)C3(C)CO)OC(C(=O)O)C(O)C2O)C(O)C(O)C1O,2
NCCCCC(N)C(=O)NC(CC(N)=O)C(=O)NC(CCCCN)C(=O)NC(Cc1ccccc1)C(=O)O,2
COC1CC(OC2CCC3(C)C(CCC4C3C(O)CC3(C)C(C5=CC(=O)OC5)CCC43O)C2)OC(C)C1O,0
CCOC1CCC(O)OC1C,2
O=C1OCC2OC(=O)c3cc(O)c(O)c(O)c3-c3c(O)c(O)c(O)c4c3C(=O)OC(C2OC(=O)c2cc(O)c(O)c(O)c2-c2c1cc(O)c(O)c2O)C1OC(=O)c2c-4c(O)c(O)c(O)c2C1c1c(O)c(O)c(O)c2c1C(=O)OCC1OC(=O)c3cc(O)c(O)c(O)c3-c3c(O)c(O)c(O)c4c3C(=O)OC(C1OC(=O)c1cc(O)c(O)c(O)c1-2)C1OC(=O)c2c-4c(O)c(O)c(O)c2C1O,0
CC(C)=CCCC(C)(O)C1CC=C(C)CC1,4
C=CC(C)(O)CCC=C(C)C(=O)OCC1OC(Oc2ccc(O)cc2)C(O)C(O)C1O,0
Nc1ncnc2c1nc(Br)n2C1CC(O)C(COP(=O)(O)O)O1,2
COc1c(OC2OC(CO)C(O)C(O)C2OC2OC(C)C(O)C(O)C2O)cc(O)c2c(=O)cc(-c3ccc(O)cc3)oc12,2
c1ccc(CC(N=Nc2ccccc2)=NNc2ccccc2)cc1,2
CC(C)OC1CC(O)C(O)C(C)O1,2
O=C1NS(=O)(=O)c2ccccc21.[Ca+2].[F-].[F-],2
OCC1OC(OC2(CO)OC(O)(CO)C(O)C2O)C(O)C(O)C1O,2
CC1(C)CCC2(C(=O)OC3OC(CO)C(O)C(O)C3O)CCC3(C)C(=CCC4C5(C)CCC(OC6OC(C(=O)O)C7OC(O)(C(=O)O)C(OCC(=O)O)OC7C6O)C(C)(CO)C5CCC43C)C2C1,2
N#Cc1ccc(N=C(N)NCC(=O)O)cc1,2
OC1COC2(COC3(CCCCC3)O2)C(O)C1O,2
CC1(C)CCC2(C(=O)OC3OC(CO)C(O)C(O)C3O)CCC3(C)C(=CCC4C5(C)CCC(OC6OC(C(=O)O)C(OC7OC(CO)C(O)C(O)C7O)C(O)C6OC6OCC(O)C(O)C6O)C(C)(C)C5CCC43C)C2C1,2
CCOC1C(O)C(O)C(O)OC1(C)C,2
OCC(O)C(O)C(O)(O)C(O)CO,2
CNP(=O)(O)OCC1OC(n2cnc3c(N)ncnc32)C(O)C1O,2
CC(C)CC(NC(=O)C[NH3+])C(=O)NC(Cc1ccccc1)C(=O)[O-],2
COc1c(O)c(OC2OC(CO)C(O)C(O)C2O)cc2oc(-c3ccccc3)cc(=O)c12,2
CC(N)C(=O)NC(CCC(=O)O)C(=O)NC(CC(=O)O)C(=O)NC(Cc1ccccc1)C(=O)O,2
CCOC(C)OC1OC(CO)C(O)C(O)C1O,2
Nc1ncnc2c1ncn2C1OC(COOO)C(O)C1O,2
CC(=O)c1oc(C)cc1C,2
O=C1CCCCCCCC=CCCCCCCC1,2
OCC1OC(OC2C(OC3CCCCC3)OC(CO)C(O)C2O)C(O)C(O)C1O,2
OCC1OC(O)C(OC2(CO)OC(CCl)C(O)C2O)C(O)C1O,2
COC(=O)C(Cc1ccccc1)NC(=O)C(C)(C)NC(=O)C(N)CC(C)C,2
CC(O)C(N)C(=O)NC(CCC(=O)O)C(=O)O,3
O=C1O[C@H]([C@@H](O)CO)C(O)=C1O,1
O=COCC1OC(O)C(O)C(O)C1O,2
CSCc1ccccc1,4
COC(=O)C1OC(OC2CCC3(C)C(CCC4(C)C3CC=C3C5CC(C)(C)CCC5(C(=O)OC5OC(COC6OC(COC(C)=O)C(OC7OC(C)C(O)C(O)C7O)C(O)C6O)C(O)C(O)C5O)CCC34C)C2(C)C)C(O)C(O)C1O,2
COc1ccc(-c2coc3cc(OC4OC(CO)C(O)C(O)C4O)cc(O)c3c2=O)cc1O,2
CC1(C)[C@H](C(=O)O)[C@@H]1C(=O)O,1
CC1=C(O)C(=O)CC(OC2CC(C)(C)CC3C4=CCC5C6(C)CCC(OC7OC(C(=O)O)C(O)C(O)C7OC7OC(CO)C(O)C(O)C7OC7OC(C)C(O)C(O)C7O)C(C)(CO)C6CCC5(C)C4(C)CCC23C)C1,2
CC(C)CC(N)C(=O)NC(CCCCN)C(=O)NC(CC(=O)O)C(=O)NC(Cc1ccccc1)C(=O)O,2
OCC1OC(O)C([As])C(O)C1O,2
CCC1OC(OC2C(CC)OC(OC3CCC4(C)C(CCC5C4CC(OC4OC(CC)C(OC6OC(CC)C(O)C(O)C6O)C(O)C4O)C4(C)C(C(C)CCC(=O)O)CCC54)C3)C(O)C2O)C(O)C(O)C1O,2
CC1(C)CCC2(C(=O)OC3OC(CO)C(O)C(O)C3O)CCC3(C)C(=CCC4C5(C)CCC(OC6OC(C(=O)O)C(OC7OC(CO)C(O)C(O)C7O)C(O)C6OC6OCC(O)C(O)C6O)C(C)(CO)C5CCC43C)C2C1,2
O=c1cccc2n1CC1CNCC2C1,0
CCC(C)C(NC(=O)C(N)CC(=O)O)C(=O)NC(Cc1ccccc1)C(=O)NC(CCCCN)C(=O)O,2
Cc1ccc(S(=O)(=O)CCC(=O)O)cc1,0
NCC(O)CNc1nc2c(N)ncnc2n1C1OC(COP(=O)(O)O)C(O)C1O,2
CC1SSC(C)S1,4
COC(=O)C(Cc1ccccc1)N1CC(N)C1=O,2
O=C(O)CN(CC(=O)O)C1(C(=O)O)CCCCC1,1
COc1ccc(NC(=O)N[SeH])cc1,2
COCCOc1ccc([N+](=O)[O-])cc1N,2
OCCOC(OC1C(CO)OC(O)C(O)C1O)C(O)CO,2
COc1ccc2c(c1)S(=O)(=O)NC2=O,4
OC(O)C1OC(O)C(O)C(O)C1O,2
CCCCCCCCCC(=O)CCc1ccc(O)c(OC)c1,4
CC(C)C(NC(=O)C(CO)NC(=O)C(N)CC(=O)O)C(=O)NC(Cc1ccccc1)C(=O)O,2
CCC(C)C(N)C(=O)NCC(=O)NC(CC(N)=O)C(=O)NC(Cc1ccccc1)C(=O)O,2
O=C(O)C(O)c1ccc(Br)cc1,1
OCC1OC(OC2COC(CO)C(O)C2OC2OC(CO)C(O)C(O)C2O)C(O)C(O)C1O,2
N#CC(O)c1ccc(OC2OC(CO)C(O)C(O)C2O)cc1,0
CCOC1C(O)C(COP(=O)(O)O)OC1n1cnc2c(N)ncnc21,2
Cn1nnc2[nH]c(S(C)(=O)=O)nc(=O)c21,1
CCC(C)C(N)C(=O)NC(Cc1ccccc1)C(=O)NC(C(=O)NC(C(=O)NC(CC(=O)O)C(=O)NC(CC(=O)O)C(=O)NC(CCCCN)C(=O)O)C(C)CC)C(C)C,2
CC(C)OC1OC(COC2OC(CO)C(O)C(O)C2O)C(O)C(O)C1O,2
COc1cc(O)c2c(=O)cc(-c3ccc(O)c(O)c3)oc2c1C1OC(CO)C(O)C(O)C1OC1OC(C)C(O)C(O)C1O,2
O=c1c(-c2ccc(O)c(OC3OC(CO)C(O)C(O)C3O)c2)coc2cc(OC3OC(CO)C(O)C(O)C3O)cc(O)c12,2
CC1OC(OC2C(O)C(CO)OC(OC3C(OC4CCC5(C)C(CCC6(C)C5CC=C5C7CC(C)(C)CCC7(C(=O)OC7OC(CO)C(O)C(O)C7O)CCC56C)C4(C)C)OC(C(=O)O)C(O)C3O)C2O)C(O)C(O)C1O,2
O=P(O)(O)OCC1OC(n2cnc3c([Se])ncnc32)C(O)C1O,2
Nc1ncnc2c1ncn2C1OC(CO[P+](=O)[O-])C(O)C1O,2
OCC(O)C(O)C(O)COO,2
OC1COC2OC(C(O)COC3OC1C(O)C3O)C(O)C2O,2
C=C1CC23CCC4C(C)(C(=O)OC5OC(CO)C(O)C(O)C5OC5OC(C)C(O)C(O)C5O)CCCC4(C)C2CCC1(OC1OC(CO)C(O)C(OC2OC(CO)C(O)C(O)C2O)C1OC1OC(CO)C(O)C(O)C1O)C3,2
CC1OC(OCCO)C(O)C(O)C1O,2
C/C=C(/C)C(=O)OC(C)C(=O)c1cc(OC)c2c(c1)OCO2,0
CC(C)C(NC(=O)C(N)Cc1ccccc1)C(=O)NC(CC(=O)O)C(=O)NC(Cc1ccccc1)C(=O)O,2
C=C(C)C1=CC=C(C)CC1,4
CC(C)C1CCC(C)C2C(C(=O)NC3CCCC3)C12,3
OCC1(O)SCC(O)C(O)C1O,2
O=C(C1CCCCC1)N1CC(=O)N2CCc3ccccc3C2C1,0
CCCC(NC(=O)C(N)CC(=O)O)C(=O)OC,2
COc1ccc(-c2oc3c(CC=C(C)C)c(O)cc(O)c3c(=O)c2OC2OC(C)C(O)C(O)C2O)cc1O,2
CC(NC1C(C)(C)SC1(C)C)C(=O)NC(=O)C(N)CC(=O)O,2
CC1CO1,2
CCN(CC)c1nc2c(N)ncnc2n1C1OC2COP(=O)(O)OC2C1O,2
C=C(C)C1CC=C(C=O)CC1,2
OC[C]1OC(CO)(OC2OC(CO)C(O)C(O)C2O)C(O)C1O,2
Nc1ncnc2c1ncn2C1OC(CCOP(=O)(O)O)C(O)C1O,2
Nc1ccc(Br)cc1C(=O)O,1
CC(SC(C)C(=O)O)C(=O)O,1
COC(=O)C(Cc1ccccc1)NC(=O)C(N)C(C)(C)C(=O)O,2
OCC1OC(OC2OC(CO)C(O)C(OS)C2O)C(O)C(O)C1O,2
COc1cc(O)c2c(=O)cc(-c3ccc(OC4OC(C)C(O)C(O)C4O)c(O)c3)oc2c1,2
CC1OC(Oc2oc3cc(O)cc(O)c3c(=O)c2-c2ccc(O)c(O)c2)C(O)C(O)C1O,2
Cc1cc(C)c(O)c(C)c1,4
Cc1ccc2c(c1)S(=O)(=O)NC2=O,2
CCCCO[P+]([O-])(OCCCC)OCC1OC(n2cnc3c(N)ncnc32)C(O)C1O,2
Nc1ncnc2c1ncn2C1CC(O)C(COP(=O)(O)OP(=O)(O)CP(=O)(O)O)O1,2
CC(=CC(C)C)C(=O)O,1
CCCCOC(=O)Cc1ccccc1,4
COc1cc(-c2cc(=O)c3c(O)cc(OC4OC(CO)C(O)C(O)C4OC4OC(CO)C(O)C(O)C4OC4OC(CO)C(O)C(O)C4O)cc3o2)ccc1O,2
CCC(C)C(NC(=O)C(Cc1ccccc1)NC(=O)C(CC(=O)O)NC(=O)C(N)CC(=O)O)C(=O)O,2
Nc1ncnc2c1ncn2C1OC(CO)C(O[P+](O)(O)[S-])C1O[P+](O)(O)[S-],2
CC(C)(C)OC(=O)C(Cc1ccccc1)NC(=O)CCC(=O)O,2
Nc1ncnc2c1ncn2C1CC(OP(=O)(O)OCC(O)CO)C(CO)O1,2
COC(=O)COC(OC1C(O)C(OC2CCC3(C)C(CCC4(C)C3CC=C3C5CC(C)(C)CCC5(C(=O)O)CCC34C)C2(C)C)OC(C(=O)OC)C1O)C(O)C(=O)OC,2
COc1c(O)cc2occ(-c3ccc(OC4OC(CO)C(O)C(O)C4O)cc3)c(=O)c2c1O,2
Nc1ncnc2c1ncn2C1OC(COP(=O)(O)CO)C(O)C1O,2
Cc1ccc(S(=O)(=O)C2(C(=O)O)CCCC2)cc1,4
COc1ccc(O)cc1,0
CC(=O)OC1CC(C)=C2C=CC(C)(O)C2C2OC(=O)C(C)C12,0
C#CC#CCCCCC=CC(=O)NCC(C)CC,0
CCCCCCCCCCCCCCCCCCOC(=O)C1OC(OC2C(OC3CCC4(C)C(CCC5(C)C4C(=O)C=C4C6CC(C)(C(=O)OCCCCCCCCCCCCCCCCCC)CCC6(C)CCC45C)C3(C)C)OC(C(=O)OCCCCCCCCCCCCCCCCCC)C(O)C2O)C(O)C(O)C1O,2
Nc1ncnc2c1nc(NCCP(=O)(O)O)n2C1OC(CO)C(O)C1O,2
CC1CCC(C(C)C)OC(=O)C1,4
Nc1ncnc2c1nc(Cl)n2C1OC(COP(=O)(O)OP(=O)(O)O)C(O)C1O,2
CC1(C(=O)O)CCC2(C)CCC3(C)C(=CC(=O)C4C5(C)CCC(OC6OC(C(=O)O)C(O)C(O)C6OC6OC(C(=O)O)C(OC7OC(CO)C(OC8OC(CO)C(O)C(O)C8O)C(O)C7O)C(O)C6O)C(C)(C)C5CCC43C)C2C1,2
CCC(C)C(NC(=O)CNC(=O)C(N)CC(=O)O)C(=O)NC(Cc1ccccc1)C(=O)O,2
O=[N+]([O-])c1cc(Br)cc(Br)c1O,1
CC1(C(=O)OC2OC(CO)C(O)C(O)C2O)CCC2(C)CCC3(C)C(=CCC4C5(C)CCC(OC6OC(C(=O)O)C(O)C(O)C6OC6OCC(O)C(O)C6O)C(C)(C)C5CCC43C)C2C1,2
CC(=O)OCC1(C)CC2C3=CCC4C5(C)CCC(OC6OC(C(=O)O)C(O)C(O)C6OC6OC(C)C(O)C(O)C6O)C(C)(C)C5CCC4(C)C3(C)CCC2(C(=O)OC2OC(C)C(O)C(O)C2O)CC1O,2
NC(=O)CCC(NC(=O)C(N)CC(N)=O)C(=O)NC(CC(=O)O)C(=O)NC(Cc1ccccc1)C(=O)O,2
COOC1OC(CO)C(O)C(O)C1O,2
CC(CCC(=O)O)C1CCC2C3C(O)CC4CC(O)CCC4(C)C3CC(O)C12C,0
CC(C)(O)CCNc1ncnc2nc[nH]c12,1
CC(C)CC(N)C(=O)NC(CC(N)=O)C(=O)NC(C(=O)NC(Cc1ccccc1)C(=O)O)C(C)C,2
COc1ccc2c(c1)[nH]c1c(C)nccc12,0
CC1(O)C(O)C(COP(=O)(O)O)OC1n1cnc2c(N)ncnc21,2
CCC(C)C(N)C(=O)NC(Cc1ccccc1)C(=O)NC(CC(N)=O)C(=O)O,2
CC1OC(OC2C(OC(=O)C34CCC(C)(C)CC3C3=CCC5C6(C)CCC(OC7OC(C(=O)O)C(O)C(O)C7O)C(C)(C)C6CCC5(C)C3(C)CC4)OCC(O)C2O)C(O)C(O)C1O,2
CC1OC(OC2C(OC3C(OC4CCC5(C)C(C4)C(C)(CO)CC4(C)C5CC=C5C6CC(C)(C)C(O)CC6(C)CCC54C)OC(C(=O)O)C(O)C3O)OCC(O)C2O)C(O)C(O)C1O,2
Nc1ncnc2c1ncn2C1OC2COP(=O)(O)OP(=O)(O)OC2C1O,2
CC1(C)CCC2(C(=O)OC3OC(CO)C(O)C(O)C3O)CCC3(C)C(=CCC4C5(C)CCC(OC6OC(C(=O)O)C(OC7OCC(O)C(O)C7O)C(O)C6OC6OC(CO)C(O)C(O)C6O)C(C)(C)C5CCC43C)C2C1,2
CCCCCCC(OC1OC(CO)C(O)C(O)C1O)C(O)CO,2
COC1OC(OC2OC(CO)C(O)C(O)C2O)C(O)C(O)C1O,2
CCCCCCCCOC1OC(C(C)O)C(O)C1O,2
CC1(C)CCC2(C(=O)OC3OC(CO)C(O)C(O)C3O)CCC3(C)C(=CCC4C5(C)CC(O)C(OC6OC(C(=O)O)C(OC7OC(CO)C(O)C(O)C7O)C(O)C6O)C(C)(CO)C5CCC43C)C2C1,2
O=C(O)CSc1ccc(F)cc1,1
OCC1(O)OC(COC2(CO)OCC(O)C(O)C2O)C(O)C1O,2
C=C1CC23CCC4C(C)(C(=O)OC5OC(CO)C(O)C(O)C5O)CCCC4(C)C2CCC1(OC1OC(CO)C(O)C(O)C1OC1OCC(O)C(O)C1O)C3,2
OC1C(OC2(CCl)OC(CCl)C(O)C2O)OC(CCl)C(Cl)C1O,2
Cc1nc2c([nH]c1=O)c(=O)[nH]c(=O)n2C,1
Nc1ncnc2c1ncn2C1OC(COP(=O)(O)OS(=O)(=O)O)C(O)C1OP(=O)(O)O,2
Oc1ccc(C=Cc2cc(O)cc(O)c2)cc1,0
CCC(C)C(NC(=O)C(Cc1ccccc1)NC(=O)C(CCC(N)=O)NC(=O)C(N)CC(=O)O)C(=O)O,2
OCC(O)CC(O)C1(OC2OC(CO)C(O)C(O)C2O)OC(CO)C(O)C1O,2
CC(=CC(=O)O)c1cc(C)cc(C)c1O,1
O=CC(OS(=O)(=O)O)C(O)C(O)C(O)CO,2
CC(NC(=O)C(CCCCN)NC(=O)C(CC(=O)O)NC(=O)C(N)Cc1ccccc1)C(=O)O,2
CCOC(=O)c1nc2cnc[nH]c-2nc1=O,1
NCCCCC(NC(=O)C(Cc1ccccc1)NC(=O)CN)C(=O)NC(CC(N)=O)C(=O)O,2
CC1C(=O)C23CC1CCC2C12COC(=O)C1C(C)(C)C(O)CC2OC3=O,4
COc1ccc2c(=O)cc(-c3ccc4c(c3)OCO4)n(C)c2c1,0
OCC1OC(OC2OC(COC3OC(CO)C(O)C(O)C3O)C(O)C(O)C2O)C(O)C1O,2
CCNc1nc(=O)n(C)cc1C,1
CCCCCCCC(=O)CCc1ccc(O)c(OC)c1,4
COc1cc(C(=O)OCC2OC(Oc3cc(O)ccc3C(=O)CCc3ccc(O)cc3)C(O)C(O)C2O)cc(OC)c1O,2
COC(=O)C(Cc1ccccc1)N(Cl)C(=O)C(N)CC(=O)O,2
Cc1c(O)c(OC2OC(CO)C(O)C(O)C2O)cc2c1CCC1C2(C)C(=O)CC2(C)C(C(C)(O)C(=O)CCC(C)(C)O)C(O)CC12C,0
OCC(O)CC(OC1OC(CO)C(O)C(OC2OC(CO)C(O)C(O)C2O)C1O)C(O)CO,2
[N-]=[N+]=NC1C(COP(=O)(O)O)OC(n2cnc3c(N)ncnc32)C1O,2
CCCO,4
OCC1OC(O)C(OF)C(O)C1O,2
CC(O)CCC(=O)NCCc1ccccc1,3
C(=Cc1ccc(N=NC(=NNc2ccccc2)c2ccccc2)cc1)c1ccccc1,2
COc1ccc(COc2ccccc2)cc1O,2
CC(N)C(=O)NC(C(=O)O)C(C)C,0
CC(C)CC(N)C(=O)NC(Cc1ccccc1)C(=O)NC(CC(=O)O)C(=O)NC(C(=O)O)C(C)C,2
CC(NC(=O)C(N)CCCN=C(N)N)C(=O)NC(CC(=O)O)C(=O)NC(Cc1ccccc1)C(=O)O,2
[AlH2+].[O-]CC1OC(OC2(CO)OC(CO)C(O)C2O)C(O)C(O)C1O,2
O=C1c2c(O)cc(OC3OC(O)C(O)C(O)C3O)cc2OC(c2ccc(O)c(O)c2)C1O,2
CC(N)C(=O)NCC(=O)NCC(=O)NC(Cc1ccccc1)C(=O)O,2
CC(NC(=O)C1CCCN1C(=O)C(N)CC(=O)O)C(=O)NC(Cc1ccccc1)C(=O)O,2
CC=CCOc1ccc(NC(=O)N(C)C)cc1,2
O=c1cc(-c2ccc(O)c(O)c2)oc2cc(O)c(C3OC(COC4OCC(O)C(O)C4O)C(O)C(O)C3O)c(O)c12,2
C=C(CO)C(=O)OC1CC23OC2CCC(=CC2OC(=O)C(=C)C21)COC3O,0
OCC1OC(OC2C(CO)OC(O)C(O)C2O)C(O)C(O)C1O.[Cl-].[K+],2
NC(CS)C(=O)NCC(=O)NC(CC(=O)O)C(=O)NC(Cc1ccccc1)C(=O)O,2
COc1c(OC2OC(C)C(O)C(O)C2O)c(OC)c2oc(-c3ccc(O)cc3)cc(=O)c2c1O,2
COc1ccccc1-c1cc(=O)c2c(O)cc(OC3OC(CO)C(O)C(O)C3O)c(OC)c2o1,2
Ic1cccc(C(N=Nc2ccccc2)=NNc2ccccc2)c1,2
CC(N)C(=O)NC(C)C(=O)NC(Cc1ccccc1)C(=O)NC(CC(N)=O)C(=O)O,2
COc1cc(O)cc2oc(-c3ccc(O)c(O)c3)c(OC3OC(CO)C(O)C(O)C3OC3OC(CO)C(O)C(O)C3O)c(=O)c12,2
COC1OC(CO)CC2OC(C)(C)OC21,2
CCCC(=O)c1c(O)oc(CCC)cc1=O,1
CCC1C2C(CCCN3C(C4CC(C)C(=O)O4)CCC23)OC12C=C(C)C(=O)O2,0
CCC(C)C(NC(=O)C(CC(N)=O)NC(=O)C(Cc1ccccc1)NC(=O)C(N)CC(=O)O)C(=O)O,2
O=C(O[C@@H]1C[C@](O)(C(=O)O)C[C@@H](O)[C@H]1O)c1cc(O)c(O)c(O)c1,3
O=c1c(-c2ccccc2)coc2ccccc12,0
OCC1OC(OC2C(CO)OC(OC3CCCCC3)C(O)C2O)C(O)C(O)C1O,2
CC1CCC(=O)O1,2
CC(C)CC(NC(=O)C(N)CC(N)=O)C(=O)NC(Cc1ccccc1)C(=O)NC(CCCCN)C(=O)O,2
O=S(=O)([O-])[O-].OCC1OC(OC2(CO)OC(CO)C(O)C2O)C(O)C(O)C1O.[K+].[K+],2
NC(=O)CCC(N)C(=O)NC(CC(N)=O)C(=O)NCC(=O)NC(Cc1ccccc1)C(=O)O,2
CC1(C(=O)O)CCC2(C)CCC3(C)C(=CC(=O)C4C5(C)CCC(OC6OC(C(=O)O)C(O)C(O)C6OOC6OC(C(=O)O)C(O)C(O)C6O)C(C)(C)C5CCC43C)C2C1,2
CC(=O)OCC1OC(OC2CCC3(C)C4CC(OC5OC(C)C(O)C(O)C5O)C5C(C6(C)CCC(C(C)(C)O)O6)CCC5(C)C4C(C)CC3C2(C)C)C(O)C1O,2
CCC(=O)OCC=Cc1ccccc1,2
O.O=C1[N-]S(=O)(=O)c2ccccc21.O=C1[N-]S(=O)(=O)c2ccccc21.[Ca+2],2
COc1cc(O)c2c(c1C(=O)C=Cc1ccc(O)cc1)OC(C)(C)CC2,0
Nc1ncnc2c1ncn2C1CC(O)C(COP(=O)(O)OCC(O)CO)O1,2
CC(C)=CCC1=C(O)C(CC=C(C)C)(CC=C(C)C)C(=O)C(C(=O)CC(C)C)=C1O,0
CCC(C)(C)CNC(CC(=O)O)C(=O)NC(Cc1ccccc1)C(=O)OC,2
Cc1cccc(O)c1,4
O=C1NS(=O)(=O)c2cscc21,2
CC=C1C(OC2OC(CO)C(O)C(O)C2O)OC=C(C(=O)OC)C1CC(=O)OCCc1ccc(O)cc1,0
CN(CC([N+](=O)[O-])[N+](=O)[O-])[N+](=O)[O-],1
NC(=O)CCC(N)C(=O)NC(CC(=O)O)C(=O)NC(CC(N)=O)C(=O)NC(Cc1ccccc1)C(=O)O,2
CC1OC(OC2CC3C(=O)CC4(C)C(=CCC5C6(C)CCC(OC7OCC(O)C(O)C7O)C(C)(C=O)C6CCC54C)C3CC2(C)C)C(O)C(O)C1OC1OC(C(=O)O)C(O)C(O)C1O,2
CC1(C)CCC2(C(=O)O)CCC3(C)C(=CCC4C5(C)CCC(OC6OC(C(=O)O)C(O)C(OC7OCC(O)C(O)C7O)C6OC6OCC(O)C(O)C6O)C(C)(C)C5CCC43C)C2C1,2
COc1cc(C2Cc3cccc(O)c3C(=O)O2)cc(OC)c1OC,2
COc1ccc(-c2cc(=O)c3c(O)c(OC)c(OC4OC(COC5OC(C)C(O)C(O)C5O)C(O)C(O)C4O)cc3o2)cc1,2
CCCCC1OCC(C)O1,4
CSC=CCCN=C=S,4
COc1cc(-c2coc3cc(OC4OC(COC5OCC(O)(CO)C5O)C(O)C(O)C4O)ccc3c2=O)ccc1O,2
Nc1ncnc2c1ncn2C1OC(CO)C2OP(=O)([O-])OC21.O.[Na+],2
CC1(CCCCC(=O)O)N=N1,1
COCC1OC(OC2C(C)OC(O)C(O)C2O)C(O)C(OC)C1O,2
OCC1OC(OCCF)C(O)C(O)C1O,2
COc1ccc(C2COc3ccccc3C2)cc1O,2
CC(COC(=O)C1CCCCC1)NC(=O)C(N)CC(=O)O,4
CC1OC(OC2C(OC3C(OC4CCC5(C)C(CCC6(C)C5CC=C5C7CC(C)(C)CC(=O)C7(C)CCC56C)C4(C)C)OC(C(=O)O)C(O)C3O)OCC(O)C2O)C(O)C(O)C1O,2
CCCSSCCC,4
O=c1cc(-c2ccc(O)c(O)c2)oc2cc(OC3OC(CO)C(O)C(O)C3O)c(C3OC(CO)C(O)C(O)C3O)c(O)c12,2
CCOC1CC(O)C(O)C(CO)O1,2
CC#C/C=C/C(=O)O,1
COC(CO)C(OC)C(OC)C(O)C=O,2
O=C(O)CCNNC(=O)c1ccc([N+](=O)[O-])cc1,4
CC(CC1CCCCC1)NC(=O)C(N)CC(=O)O,2
O=CC(O[Si](O)(O)O)C(O)C(O)C(O)CO,2
CCCCCC=CCC1CCCC1=O,4
CCCC/C=C/C(=O)O,1
CC1OC(OC2C(C)OCC(O)C2O)C(O)C(O)C1O,2
O=C(O)c1ccccc1C(=O)Nc1ccc(S(=O)(=O)Nc2nccs2)cc1,0
NC(CC(=O)O)C(=O)NCCc1ccc(F)cc1,2
CC1(C)CCC2(C(=O)OC3OCC(O)C(O)C3O)C(O)CC3(C)C(=CCC4C5(C)CCC(OC6OC(C(=O)O)C(O)C(O)C6O)C(C)(C)C5CCC43C)C2C1,2
C=CCSCC(N)C(=O)O,4
COC(C)(CO)C1CC=C(C=NO)CC1,0
CCCOC(=O)C(CO)NC(=O)C(N)CC(=O)O,2
COC(CO)C(O)C(O)CO,2
Cc1cc(C)cc(OCC(=O)O)c1,1
CCC1(C2=CCCCC2)C(=O)NC(=O)NC1=O,0
CCOC(=O)C(NC(=O)C(N)CC(=O)O)C(=O)OC(=O)OC(C)(C)C,2
OCC(O)C1OC(OCC(O)C2OC(O)C(O)C(O)C2O)C(O)C(O)C1O,2
COc1cc(-c2cc(=O)c3c(O)c(OC)c(O)cc3o2)ccc1O,0
Nc1cc([N+](=O)[O-])ccc1OCC(F)(F)F,2
CCOc1cc(O)cc2oc(-c3ccc(O)c(O)c3)c(OC3OC(COC4OC(C)C(O)C(O)C4O)C(O)C(O)C3O)c(=O)c12,2
CCC(C)C(NC(=O)C(N)Cc1ccccc1)C(=O)NC(CC(N)=O)C(=O)O,2
Cc1cscn1,4
COC(=O)CC(N)C(=O)NC(Cc1ccccc1)C(=O)OC(=O)C(N)CC(=O)O,2
CC(C)C(NC(=O)C(Cc1ccccc1)NC(=O)C(N)CC(=O)O)C(=O)NC(CCCCN)C(=O)O,2
Nc1ncnc2c1ncn2C1OC(COP(=O)(O)OOP(=O)(O)OP(=O)(O)OO)C(O)C1O,2
OCC1OC(O)C(O)C(O)C1(O)F,2
COc1cc(O)c2c(c1)CC(C)OC2=O,0
CC1CC2CC(=O)C3CCCN4CCCC2C34C1,0
COc1ccc(C2OCc3ccccc3S2)cc1,4
CCCCCC=CC=CC(=O)OCCC,4
CNC(=S)S,1
CCC1CCC(=O)O1,2
CCCCCOC1OC(CO)CC(O)C1O,2
NC(C(=O)O)c1cccc(Cl)c1,1
CCCCOC(=O)C1OC(OC2CCC3(C)C(CCC4(C)C3CC=C3C5CC(C)(C)CCC5(C(=O)OC5OC(CO)C(O)C(O)C5O)CCC34C)C2(C)C)C(O)C(OC(OCC(=O)OC)C(=O)O)C1O,2
CCOS(=O)(=O)NCC(C)C,0
O=C1C[C@H](C(=O)O)[C@H](C(=O)O)C1,1
CC(=O)OC(C)(CCC=C(C)C)C1CCC(C)=CC1=O,4
CCCCCC1OC(C)C(C)O1,2
CSCc1ccsc1,4
C=CC1C(OC2OC(CO)C(O)C(O)C2O)OC=C2C(=O)OCCC21,0
O=C1OCc2ccccc21,2
OCC1OC(O)C(O)C(O)C1OF,2
CC1(C)C2CC=C(COC=O)C1C2,4
COCC1OC(COC)(OC2OC(CO)C(O)C(O)C2OC)C(OC)C1OC,2
CCCC(=O)OCC(COC(=O)CCC)OC(=O)CCC,0
OCC1OC(OC2C(O)C(CO)OC(OC3C(O)C(O)OC(CO)C3O)C2O)C(O)C(O)C1O,2
COCCc1ccccc1,4
CC1(C)OC2CC(=O)OCC23C1CC(=O)C1(C)C3CCC2(C)C(C3=CC(=O)OC3O)OC(=O)C3OC321,0
CCCCOC(=O)C1OC(OC2CCC3(C)C(CCC4(C)C3CC=C3C5CC(C)(C)CCC5(C(=O)OC5OC(CO)C(O)C(O)C5O)CCC34C)C2(C)C)C(OC2OCC(O)C(O)C2O)C(OC2OC(CO)C(O)C(O)C2O)C1O,2
CC(C)=CCCC(C)c1ccc(C)cc1,4
CCCCCCCCCCOCC1OC(COC2OC(CO)C(O)C(O)C2O)C(O)C1O,2
CC(=O)NCC(C)C,0
OC1C2CCOC(O2)C1O,2
CSP(=O)(OCC1OC(n2cnc3c(N)ncnc32)C(O)C1O)OP(=O)(O)O,2
CC=C(C)C(=O)OCCCC,4
COCCOC1C(OP(=O)(O)O)C(CO)OC1n1cnc2c(N)ncnc21,2
O=Cc1cc([N+](=O)[O-])cc([N+](=O)[O-])c1O,1
COc1cc(-c2oc3cc(OC4OCC(O)C(O)C4O)cc(O)c3c(=O)c2OC2OC(CO)C(O)C(O)C2O)ccc1O,2
CCCCC=O,4
OCC1OC(OCC2OC(O)(CO)C(O)C2O)C(O)C(O)C1O,2
COc1ccc(CC(=O)O)cc1,1
CC(=O)Nc1ccc([N+](=O)[O-])c(O)c1,1
Nc1ncnc2c1nc(N)n2C1OC(COP(=O)(O)N2CCOCC2)C(O)C1O,2
O=C(CO)CCC(O)CO,2
OCC1(O)OC(O)C(O)C(O)C1O,2
CC(O)COC1OC(CO)C(O)C(OC2OC(CO)C(O)C(O)C2O)C1O,2
O=C(O)c1cccc(S)c1,1
CCCCCC,4
OCCCCCCCCCCCCOC1OC(CO)C(OC2OC(CO)C(O)C(O)C2O)C(O)C1O,2
O=c1c(CO)c(-c2ccc(O)c(O)c2)oc2cc(OC3OC(CO)C(O)C(O)C3O)cc(O)c12,2
C=C(C)c1ccc(C(=O)O)cc1,1
CCc1cc2c(cc1C(C)=O)C(C)(C)CCC2(C)C,4
O=[N+]([O-])c1ccc(N=NNc2ccc(N=Nc3ccc(S(=O)(=O)O)cc3)cc2)c([As](=O)(O)O)c1,1
C=CC(C)(O)CCCC(C)C,4
Cc1c(C)c2c(c(C)c1O)CCC(C)(CCCC(C)CCCC(C)CCCC(C)C)O2,2
C=C1CC23CCC4C(C)(C(=O)OC5OC(CO)C(OC6OC(CO)C(O)C(O)C6O)C(O)C5OC5OC(CO)C(O)C(O)C5O)CCCC4(C)C2CCC1(OC1OC(COC2OC(CO)C(O)C(O)C2O)C(O)C(O)C1OC1OC(COC2OC(CO)C(OC4OC(CO)C(O)C(O)C4O)C(O)C2OC2OC(CO)C(O)C(O)C2O)C(O)C(O)C1O)C3,2
COc1ccc(C2CC(=O)c3c(O)cc(OC4OC(COC5OC(CO)C(O)C(O)C5O)C(O)C(O)C4O)cc3O2)cc1O,2
CC1C(=CC(=O)OCCN(C)C)CCC2C1C(=O)CC1C(C)(C)C(OC(=O)CC(C)(C)O)CCC21C,0
O=CC(ONBr)C(O)C(O)C(O)CO,2
CC(O)C(O)C(O)C(O)C1OC(Oc2c(-c3ccc(O)c(O)c3)oc3cc(O)cc(O)c3c2=O)C(O)C(O)C1O,2
CCCCCCC1OC(C)C(C)O1,4
NC(CC(=O)O)C(=O)NC(CC(=O)O)C(=O)NC(Cc1ccccc1)C(=O)NC(Cc1ccccc1)C(=O)O,2
COc1cc(CC=O)ccc1O,4
CC(C)c1ccc(C(O)C(=O)O)cc1,1
O=C(C=Cc1ccc(O)c(O)c1)c1c(O)cc(O)cc1OC1OC(CO)C(O)C(O)C1O,2
C=C1C2CCC3(CCC4C5(C)CCCC4(C4OCCN4C5)C3C2)C1O,0
CCCCCCCCCO,0
OCCCCOC1OC(COC2OC(CO)C(O)C(O)C2O)C(O)C(O)C1O,2
CCC(C)C(NC(=O)C(N)Cc1ccccc1)C(=O)NC(CC(N)=O)C(=O)NC(CC(N)=O)C(=O)O,2
Nc1ncnc2c1ncn2C1OC(C(O)OP(=O)(O)OP(=O)(O)OP(=O)(O)O)C(O)C1O,2
CSCCCN=C=S,4
CC1(C(=O)O)CCC2(C)CCC3(C)C(=CC(=O)C4C5(C)CCC(OC6OC(C(=O)ON)C(O)C(OC7OC(C(=O)ON)C(O)C(O)C7O)C6O)C(C)(C)C5CCC43C)C2C1,2
C=CC(O)CCCCCCC,4
CCCc1nc(C)cnc1C,4
C=C1CC23CCC4C(C)(C(=O)OC5OC(O)C(O)C(O)C5O)CCCC4(C)C2CCC1(OC1OC(O)C(O)C(O)C1O)C3,2
Nc1nc(F)nc2c1ncn2C1OC(C(O)OP(=O)(O)O)C(O)C1O,2
CCC1CN2CCC1CC2C(O)c1ccnc2ccc(OC)cc12,0
CCC(O)COC1OC(COC2OC(CO)C(O)C(O)C2O)C(O)C(O)C1O,2
CC(NC(=O)C(N)CC(N)=O)C(=O)NC(C)C(=O)NC(Cc1ccccc1)C(=O)O,2
CC(C)CC(=O)O,1
CCC(C)C(N)C(=O)NC(CC(=O)O)C(=O)NC(Cc1ccccc1)C(=O)NC(C)C(=O)O,2
NC(=O)CC(NC(=O)CNC(=O)C(N)Cc1ccccc1)C(=O)O,2
COC(CO)C(OC1OC(CO)C(O)C(O)C1O)C(O)C(C)O,2
O=c1cc(-c2ccc(O)cc2)oc2c(OC3OCC(O)C(O)C3O)c(O)c(OC3OCC(O)C(O)C3O)c(O)c12,2
CC1(C(=O)O)CCC2(C)CCC3(C)C(=CC(=O)C4C5(C)CCC(OC6OC(C(=O)O)C(O)C(O)C6COCC6OC(C(=O)O)C(O)C(O)C6O)C(C)(C)C5CCC43C)C2C1,2
COC1OC(C)C(O)C(OC2OC(C)C(O)C(OC3OC(CO)C(O)C(O)C3O)C2O)C1O,2
CC(=CCO)COC1OC(CO)C(O)C(OC(=O)Cc2ccc(O)c(O)c2)C1OC(=O)Cc1ccc(O)c(O)c1,0
CC(C)CC(N)C(=O)NC(Cc1ccccc1)C(=O)NC(CC(=O)O)C(=O)NCC(=O)O,2
CCC(C)C(NC(=O)CN)C(=O)NC(CC(N)=O)C(=O)NC(Cc1ccccc1)C(=O)O,2
COC(=O)C(Cc1ccccc1)NC(=O)CN1CCC(C(N)=O)CC1,2
C=C1C(=O)OC2CC3(C)CCCC(=C)C3(O)CC12,0
CCCCCCC(=O)OCC,4
CC(N)C(=O)NC(Cc1ccccc1)C(=O)NC(CC(=O)O)C(=O)NCC(=O)O,2
CCCCNC(=O)C(C)Nc1nc2c(ncn2C2OC(COP(=O)(O)O)C(O)C2O)c(=O)[nH]1,3
CCCC1COC2OC(CO)C(O)C(O)C2O1,2
Cc1cnc(C)c(C)n1,4
CC1CCC2(C)CCC3(C)C(=CCC4C5(C)CCC(O)C(C)(C(=O)O)C5CCC43C)C2C1C,0
CCCCCC(=Cc1ccccc1)COC=O,2
CCCC1CC(C)(OC(C)=O)CCO1,4
O=S(=O)(O)c1cc(I)c(O)c2ncccc12,1
NCC(=O)NC(CC(N)=O)C(=O)NC(Cc1ccccc1)C(=O)O,2
O=C1c2c(O)cc(O)cc2OC(c2ccc(OC3OC(CO)C(O)C(O)C3O)c(O)c2)C1O,2
CC1OC(Oc2c(O)ccc3c(=O)c(O)c(-c4ccc(O)c(O)c4)oc23)C(O)C(O)C1O,2
CCOc1ccc(NC(N)=O)cc1,2
COc1ccc2c3c1OC1C(O)C=CC4C(C2)N(C)CCC341,0
O=C(O)CC(NC(=O)C1CCCN1)C(=O)NC(Cc1ccccc1)C(=O)O,2
O=C(Cc1ccc(O)c(O)c1)OCC1OC(OCC(=CCO)CO)C(O)C(O)C1O,0
CC(NC(=O)C(N)CC(N)=O)C(=O)NC(Cc1ccccc1)C(=O)NC(CCCCN)C(=O)O,2
CC1C(=O)C23CC1CC(O)C2C12COC(O)C1C(C)(C)CCC2OC3=O,0
COc1cc(OC2OC(CO)C(O)C(O)C2O)c2c(c1)OC(c1ccc(O)c(O)c1)C(O)C2=O,2
CC1OC(CO)C(O)C(O)C1OC1OC(CO)C(O)C(O)C1O,2
COc1cc(O)c2c(=O)c(OC3OC(COC4OC(C)C(O)C(O)C4O)C(O)C(O)C3O)c(-c3ccc(OC)c(O)c3)oc2c1,2
CC(C)C(N)C(=O)NC(Cc1ccccc1)C(=O)NC(CC(N)=O)C(=O)NC(CCCCN)C(=O)O,2
CC(=O)C1=CSCCN1,4
Cc1cc(O)[nH]c(=O)c1CCO,1
CN(C)CCC=C1c2ccccc2COc2ccccc21,0
COCC1OC(OC)C(OC)C(OC)C1OC1OC(CO)C(OC)C(O)C1O,2
Nc1ncnc2c1nc(NCCCP(=O)(O)O)n2C1OC(CO)C(O)C1O,2
C=CCN1C(=O)c2ccc([N+](=O)[O-])cc2S1(=O)=O,0
Nc1ncnc2c1ncn2C1OCC(OP(=O)(O)O)C1O,2
OCC1OC(OC2(CCl)OC(CCl)C(O)C2O)C(O)C(O)C1O,2
CCC(C)C(NC(=O)C(N)Cc1ccccc1)C(=O)NC(C(=O)NC(CC(N)=O)C(=O)O)C(C)C,2
CC(C)OC1CCC(O)C(CO)O1,2
CCC(C)C(NC(=O)C(N)CC(C)C)C(=O)NC(CC(N)=O)C(=O)NC(Cc1ccccc1)C(=O)O,2
COc1cc(C=CC(=O)Nc2ccc(O)cc2C(=O)O)cc(OC)c1O,0
CC(NC(=O)C(CC(=O)O)NC(=O)CNC(=O)C(N)Cc1ccccc1)C(=O)O,2
Cc1nc(O)cc(O)n1,1
O=C(O)c1cc(Cl)cc(Cl)c1O,1
COC(=O)c1ccccc1C(=O)c1ccc(OC)cc1,4
O=c1cc(-c2ccc(O)c(O)c2)oc2cc(O)c(O)c(OC3OC(CO)C(O)C(O)C3O)c12,2
Cc1c(Cl)cc([N+](=O)[O-])c(O)c1[N+](=O)[O-],1
CC1OC(Oc2cc(O)c3c(=O)cc(-c4ccc(O)c(O)c4)oc3c2)C(O)C(O)C1OC1OC(CO)C(O)C(O)C1O,2
CCN1C(=O)c2ccccc2S1(=O)=O,4
Nc1ncnc2c1ncn2C1CC(O)C(COP(=O)(O)OCC(N)(CO)CO)O1,2
CCCOC(=O)C(C)NC(=O)C(N)CC(=O)O,2
NC(=O)CC(NC(=O)C(CC(N)=O)NC(=O)C(N)Cc1ccccc1)C(=O)O,2
CCC(C)(O)C(=O)O,1
COc1cc(C(O)C(O)COc2c(OC)cc(-c3cc(=O)c4c(O)cc(OC5OC(CO)C(O)C(O)C5O)cc4o3)cc2OC)ccc1O,2
CC1C(=O)OC2CC34C5CC(C(C)(C)C)C36C(OC(=O)C6O)OC4(C(=O)O5)C21O,0
Nc1ccccc1N=NC(=NNc1ccccc1)c1ccccc1,2
OCC1OC(OC2(CO)OC(CCl)C(O)C2O)CCC1O,2
CC1OC(OC2(C)CC(O)C(O)C(C)O2)CC(O)C1O,2
COc1cc(O)c2ccoc2c1C(=O)C=Cc1ccc(O)cc1,0
CC(NC(=O)C(N)CCCCN)C(=O)NC(CC(=O)O)C(=O)NC(Cc1ccccc1)C(=O)O,2
NC(=O)CCC(N)C(=O)NC(CC(=O)O)C(=O)NC(CCC(=O)O)C(=O)NC(Cc1ccccc1)C(=O)O,2
CC(C)CC(O)Cc1ccccc1,4
O=C(O)c1ccccc1C(=O)c1ccc(Cl)cc1,2
OCC1OC(OC2C(CO)OC(OC(F)(F)F)C(F)C2O)C(O)C(O)C1O,2
Nc1ncnc2c1ncn2C1CC(O)C(COP(=O)([O-])[O-])O1.O.[Na+].[Na+],2
Oc1cc(O)c2c(c1)OC(c1ccc(O)c(O)c1)C(O)C2c1c(O)cc(O)c2c1OC1(c3ccc(O)c(O)c3)Oc3cc(O)c4c(c3C2C1O)OC(c1ccc(O)c(O)c1)C(O)C4,4
COc1cc(O)c2c(=O)c(OC3OC(OC)C(OC4OC(C)C(O)C(O)C4O)C(O)C3O)c(-c3ccc(O)c(O)c3)oc2c1,2
CCCCC(=O)OCC,2
COC1(CO)OCC(O)C(O)C1OC1OC(CO)C(O)C(O)C1O,2
CC(O)[C@H]1OC(OC(=O)c2c(O)cc(O)cc2-c2cccc(O)c2)C(O)C(O)C1O,0
Cc1nc2c(=O)[nH]c(=O)[nH]c2n1C,1
Nc1ncnc2c1ncn2C1OC(COP(=O)(O)SSSSP(=O)(O)O)C(O)C1O,2
COc1ccc(-c2cc(=O)c3c(O)c(OC4OC(CO)C(O)C(O)C4O)c(O)c(OC4OC(CO)C(O)C(O)C4O)c3o2)cc1O,2
COc1ccc(C2NC(=O)c3ccccc3N2)cc1O,4
O=Cc1ccc(O)c2ccccc12,1
CCCCCCCCCCOCC(O)COC1OC(CO)C(O)C(O)C1O,2
C=CCCC(=O)O,4
Nc1ncnc2c1ncn2C1OC(CO)C(O[P+](=O)[O-])C1O,2
CCC(C)C(NC(=O)C1CCCN1)C(=O)NC(CC(=O)O)C(=O)NC(Cc1ccccc1)C(=O)O,2
CCC(C)C(NC(=O)C(N)C(C)C)C(=O)NC(Cc1ccccc1)C(=O)NC(CC(N)=O)C(=O)O,2
O=CC(O)C(O)C(O)C(O)CO.[Na+].[OH-],2
CCn1cnc2c(=O)[nH]c(=O)[nH]c21,1
C=CC1C(OC2OC(CO)C(O)C(O)C2O)OC=C2C(=O)OC(OC(=O)C(C)=CCCC(C)=CCO)CC21,0
CC(N)C(=O)NCC(=O)NC(CCCCN)C(=O)NC(Cc1ccccc1)C(=O)O,2
COc1ccc(-c2cc(=O)c3cc(OC4OC(COC5OC(C)C(O)C(O)C5O)C(O)C(O)C4O)c(OC)c(O)c3o2)cc1,2
CC1NC(=O)C(Cc2ccc(O)cc2)NC1=O,0
O=CC(OO)C(O)C(O)C(O)CO,2
O=c1cc(-c2ccc(O)c(O)c2)oc2cc(OC3(O)OC(COC4OCC(O)C(O)C4O)C(O)C(O)C3O)cc(O)c12,2
CCCCCC1OCC(O)C(C(O)C(O)CO)O1,2
Nc1ncnc2c1ncn2C1OC(C(O)CP(=O)(O)O)C(O)C1O,2
COC1CC(OC2C(C)OC(OC3C(C)OC(O)CC3OC)CC2OC)OC(C)C1O,2
CN(C)c1ccn(C)c(=O)n1,1
COC(OC)c1ccccc1,4
COC1CC(C)OC(C)C1OC1OC(CO)C(O)C(O)C1O,2
COc1cc(-c2cc(=O)c3c(O)cc(OC4OC(CO)C(O)C(O)C4OC4OC(CO)C(O)C(O)C4O)c(O)c3o2)ccc1O,2
COC(=O)CNC(=O)C(N)Cc1ccccc1,2
O=Cc1nc2c(=O)nc[nH]c2[nH]c1=O,1
CC1=CCC23OC2(C)CCC2C(C)C(=O)OC2C13,0
CCC=CCC1C(=O)CCC1CC(=O)OC,4
CC(C(=O)O)C(N)C(=O)NC(Cc1ccccc1)C(=O)O,2
CCC1C(OC2(C)CCC(C)CO2)CC2C3CCC4CC(OC5OC(CO)C(OC6OC(CO)C(O)C(O)C6OC6OC(CO)C(O)C(O)C6O)C(O)C5O)CCC4(C)C3CC(=O)C12C,2
COC1C(O)C(C)OC(OC2OC(C(C)C3CCC4C5=CC(=O)C6CC(OC7OC(CO)C(O)C(O)C7O)CCC6(C)C5CCC43C)CCC2C)C1O,4
Cc1nc(SCC(=O)O)nc2c1ncn2C,1
CCCCOc1ccc(NC(=O)Nc2ccc(OC)cc2)cc1,2
N#Cc1ccc(Br)c(N)c1,2
CCc1ccccn1,4
COC(=O)CC1C2(C)C3=C(C)C(C4=CC(O)OC4=O)CC3OC2C(O)C2C(C)(C(=O)OC)C=CC(=O)C21C,0
Nc1ncnc2c1ncn2C1OC(COCCP(=O)(O)O)C(O)C1O,2
CC(C)C(N)C(=O)NCC(=O)NC(Cc1ccccc1)C(=O)NC(CC(N)=O)C(=O)O,2
COC1C(O)C(C)OC(O)C1F,2
OCC(O)C1OC(OC2CCCCC2)C(O)C(O)C1O,2
Cc1nc(C)c(C)s1,4
COc1ccc2c(=O)c3c(O)c(OC4OC(CO)C(O)C(O)C4O)ccc3oc2c1OC,2
CCCCC(NC(=O)C(CC(C)C)NC(=O)CCCc1ccccc1)C(=O)OC,2
CC12CC(=O)c3occc3C1CCC13CC(CC(OC4OC(CO)C(O)C(O)C4O)C12)C(O)(CO)C3,0
COC(=O)C(CCC(C)(C)C)(Cc1ccccc1)NC(=O)C(N)CC(=O)O,2
CC(NC(=O)C(CC(=O)O)NC(=O)C(Cc1ccccc1)NC(=O)C1CCCN1)C(=O)O,2
COCC(O)CCCCc1ccccc1,0
CC(C)CC1SC(C)NC(C)S1,4
CC(NC(=O)C(Cc1ccccc1)NC(=O)C(N)CCCCN)C(=O)NC(CC(=O)O)C(=O)O,2
CC(C)=CCN=C(N)N,0
Cc1ncoc1C(=O)O,1
CSS(C)(=O)=O,4
Nc1ncnc2c1ncn2C1CC(O)C(CO[P+](O)(O)[S-])O1,2
C=C1C2CCC(C2)C1(C)CCC=C(C)C,4
CCCCCCCC(=O)OCc1ccco1,2
CC(NC(=O)C(CC(=O)O)NC(=O)C(CC(N)=O)NC(=O)C(N)Cc1ccccc1)C(=O)O,2
[O-][O+]=CC(O)C(O)C(O)C(O)CO,2
CC1(C)CCC2(C(=O)OC3OC(CO)C(O)C(O)C3O)C(O)CC3(C)C(=CCC4C5(C)CCC(OC6OC(C(=O)O)C(O)C(OC7OC(CO)C(O)C(O)C7O)C6O)C(C)(C)C5CCC43C)C2C1,2
Cc1cccc(C(=O)O)c1C,1
NCCCCC(NC(=O)C(CC(=O)O)NC(=O)C(N)Cc1ccccc1)C(=O)NCC(=O)O,2
COc1cc(C(O)C(CO)Oc2c(OC)cc(-c3cc(=O)c4c(O)cc(OC5OC(CO)C(O)C(O)C5O)cc4o3)cc2OC)ccc1O,2
CCCCCCCOCC1OC(OC)C(OCCC)C(OCCC)C1O,2
CC(NC(=O)C(Cc1ccccc1)NC(=O)C(CC(=O)O)NC(=O)CNC(=O)C(CC(=O)O)NC(=O)CNC(=O)C(N)CC(N)=O)C(=O)O,2
COc1ccc(-c2coc3c(OC)c(OC4OC(COC5OC(C)C(O)C(O)C5O)C(O)C(O)C4O)ccc3c2=O)cc1,2
COC(=O)CC1OC(Oc2cc(O)c3c(=O)cc(-c4ccc(O)c(O)c4)oc3c2)C(O)C(O)C1O,2
Cc1ccc(N)cc1[N+](=O)[O-],4
OCC1CCC(O)C(O)(O)O1,2
CC(C)C(NC(=O)C(CC(=O)O)NC(=O)CN)C(=O)NC(Cc1ccccc1)C(=O)O,2
Fc1cccc(C(N=Nc2ccccc2)=NNc2ccccc2)c1,2
COC(=O)C(Cc1ccccc1)NC(=O)C1CCN(C(=O)C(N)CC(C)C)CC1,2
CC(C)C(NC(=O)C(N)Cc1ccccc1)C(=O)NC(CCCCN)C(=O)NC(CC(N)=O)C(=O)O,2
CC(C)=CCCC(C)(O)C1CCC(C)=CC1O,4
CC(C)CS,4
COC(=O)CCCC(C)OC(C)=O,4
Nc1ncnc2c1ncn2C1OC(CO)C(OCP(=O)(O)O)C1O,2
C=C1CC23CCC4C(C)(C(=O)O)CCCC4(C)C2CCC1(OC1OC(COC(C)=O)C(OC(C)=O)C(OC2OC(COC(C)=O)C(OC(C)=O)C(OC(C)=O)C2OC(C)=O)C1OC1OC(COC(C)=O)C(OC(C)=O)C(OC(C)=O)C1OC(C)=O)C3,2
CNc1nc(N)c2ncn(C3OC(COP(=O)(O)OP(=O)(O)O)C(O)C3O)c2n1,2
NC(=O)CC(NC(=O)C(CC(=O)O)NC(=O)C(N)Cc1ccccc1)C(=O)NC(Cc1ccccc1)C(=O)O,2
Cn1cccc1,4
CCCCCCCCCCCCCCOCC(O)C1OCC(O)C1OC1OC(CO)C(O)C(OCCCCCCCCCCCCCC)C1O,2
COc1cc(/C=C/C(=O)OCC2OC(OC3(CO)OC(CO)C(O)C3OC(=O)/C=C/c3ccc(O)c(OC)c3)C(O)C(O)C2OC(C)=O)ccc1O,0
CC1(CO)CC(O)C2(C)CCC3(C)C(=CCC4C5(C)CCC(OC6OC(C(=O)O)C(O)C(O)C6OC6OC(CO)C(O)C(O)C6O)C(C)(CO)C5CCC43C)C2C1,2
C=C(Br)CC1(C(C)C)C(=O)NC(=O)N(C)C1=O,0
CCCCCCOCC1(O)OCC(O)C(O)C1O,2
C[NH2+]CC(=O)NC(Cc1ccccc1)C(=O)[O-],2
O=C1c2ccccc2S(=O)(=O)N1CCl,2
CC1=CC2C(CC1)C(C)=CCC2C(C)C,4
CCCC=CCOC(=O)CCCC,4
COC(=O)C1OC(OC2C(OC3CCC4(C)C(CCC5(C)C4C(=O)C=C4C6CC(C)(C(=O)OC7OC(CO)C(O)C(O)C7O)CCC6(C)CCC45C)C3(C)C)OC(C(=O)O)C(O)C2O)C(O)C(O)C1O,2
CC1=COS(=O)(=O)NC1=O,2
COCOCC1OC(O)C(OCOC)C(OCOC)C1OCOC,2
COc1ccc(-c2cc(=O)c3c(OC)cc(OC)cc3o2)cc1,0
O=c1c(-c2ccccc2)coc2cc(O)cc(O)c12,0
CCCCCCCCCCCCCCCCOCC(COC1OC(CO)C(O)C(O)C1OC)OC,2
COc1ccc2c(=O)cc(-c3ccc(O)cc3)oc2c1,0
CC(C)CC(NC(=O)C(N)CC(=O)O)C(=O)NC(Cc1ccccc1)C(=O)NC(C(=O)O)C(C)C,2
CC(C)(O)C=CC(=O)C(C)(O)C1C(O)CC2(C)C3CC=C4C(CC(O)C(O)C4(C)C)C3(C)C(=O)CC12C,0
O=C(COCl)C(OCl)C(OCl)C(O)CO,2
OCC1CC(O)C(OC2OC(CO)C(O)C(O)C2O)O1,2
CCC(C)C1NC(=O)C(C)NC1=O,0
CC(C)c1cccc(C(=O)O)c1O,1
CC1OC(OCC2OC(Oc3c(-c4ccc(O)cc4)oc4cc(O)cc(O)c4c3=O)C(O)C(O)C2O)C(O)C(OC2OC(CO)C(O)C(O)C2O)C1O,4
COC(=O)c1ccc(C(=O)NC2CC(C)CCC2C(C)C)cc1,3
CS(C)(=O)=O,4
CC(C)C(N)C(=O)NC(CC(N)=O)C(=O)NC(C(=O)NC(Cc1ccccc1)C(=O)O)C(C)C,2
O=C(O)[C@@H]1CCC[C@H]1C(=O)O,1
COC(=O)C1=C(C(=O)O)C2CCC1C2,1
CC(C)CC(NC(=O)C(CC(=O)O)NC(=O)C(N)CC(N)=O)C(=O)NC(Cc1ccccc1)C(=O)O,2
CC1OCCC1=O,2
CCOc1nccs1,4
CCC(N)C(=O)NC(Cc1ccccc1)C(=O)O,2
CCCCCCCCCCCCOC(=O)c1cc(O)c(O)c(O)c1,4
O=Cc1ccc(O)c(O)c1,0
CC(C=O)CC1=CCC(C(C)C)CC1,4
OCC(O)C1OC(O)C(O)C(O)C1OC1OC(CO)C(O)C(O)C1O,2
N#Cc1ccc(N=C(NCC(=O)O)NC23CC4CC(CC(C4)C2)C3)cc1,2
CC=C1C(OC2OC(CO)C(O)C(O)C2O)OC=C(C(=O)OC)C1CC(=O)OCC1OC(OCCc2ccc(O)cc2)C(O)C(O)C1O,0
COC(=O)C1=COC(OC2OC(CO)C(O)C(O)C2O)C2C1C=CC21C=C(C(C)O)C(=O)O1,0
CCOC(=O)c1c[nH]c(=S)[nH]c1=O,1
Cc1ccc(Br)c(O)c(=O)c1,1
CCCC1CC(C(=O)NC(C(C)Cl)C2OC(SC)C(O)C(O)C2O)N(C)C1,0
CC1(C)CC(O)C2(C)CCC3(C)C(=CCC4C5(C)CCC(OC6OC(C(=O)O)C(O)C(O)C6OC6OC(CO)C(O)C(O)C6O)C(C)(C)C5CCC43C)C2C1,2
C=C1CCC2(C(=O)O)CCC3(C)C(=CCC4C5(C)CCC(OC6OCC(O)C(OC7OC(C(=O)OC)C(O)C(O)C7O)C6O)C(C)(CO)C5CCC43C)C2C1,2
CCC1OC(Oc2cc(O)cc3oc(-c4ccc(O)c(OC)c4)c(O)c(=O)c23)C(O)C(O)C1O,2
COc1ccc([Se]CC(=O)O)cc1,1
COC(=O)C1OC(OC2CCC3(C)C(CCC4(C)C3CC=C3C5CC(C)(C)CCC5(C(=O)OC5OC(CO)C(O)C(O)C5O)CCC34C)C2(C)C)C(OC2OC(CO)C(O)C(O)C2O)C(OC2OC(CO)C(O)C(O)C2O)C1O,2
O=CC(OBr)C(O)C(O)C(O)CO,2
CCOC(=O)C(Cc1ccccc1)NC(=O)C(C)NC(N)=O,2
CC1OC(OC2C(OC3CCC4(C)C(CCC5(C)C4CC=C4C6CC(C)(C)CCC6(C(=O)O)CCC45C)C3(C)C)OCC(O)C2OC2OC(C(=O)O)C(O)C(O)C2O)C(O)C(O)C1O,2
C=C1CC23CCC4C(C)(C(=O)OC5OC(CO)C(O)CC5O)CCCC4(C)C2CCC1(OC1OC(CO)C(O)CC1O)C3,2
CC(=O)OC(CC(=O)O)C1(C)C(C(C)(C)O)CC(=O)C2(C)C1CCC1(C)C(c3ccoc3)OC(=O)C3OC312,0
COCOC(CO)C1CC(C)OC(C)(C)O1,2
CCOC1OC(COC(CO)OC(CO)C(O)CO)C(O)C(O)C1O,2
CC(NC(=O)C(Cc1ccccc1)NC(=O)CN)C(=O)NC(CC(=O)O)C(=O)O,2
Nc1ccccc1[N+](=O)[O-],0
Nc1nc2c(ncn2C2OC(COP(=O)(O)O)C(O)C2O)c(=O)[nH]1,3
CC(O)C1NC(=O)C2CCCN2C1=O,0
CC(C)(C)c1cc([N+](=O)[O-])cc(C(C)(C)C)c1O,1
CC(=O)OCCc1scnc1C,4
CON1C(=O)c2ccccc2S1(=O)=O,2
Cc1cc(N=C(NCC(=O)O)NC(C)c2ccccc2)ccc1C#N,2
CC1(C)CCC2(C)CCC3(C)C(=CC(=O)C4C5(C)CCC(OC6OC(C(=O)O)C(O)C(O)C6OCC6OC(C(=O)O)C(O)C(O)C6O)C(C)(C)C5CCC43C)C2C1,2
CCCCCCCC1CC(C)OC1=O,4
CC(O)CC(=O)OC1CC(C)CCC1C(C)C,4
CCC(NC(=O)C(C)NC(=O)Cc1ccccc1)C(=O)OC,2
[CH]C(O)C(O)C(O)C(O)CO,2
OCC(O)C(O)C(O)C(O)COC1OC(CO)C(O)C(O)C1O,2
Nc1ncnc2c1ncn2C1OC(CO)C(O)C1O.O=P([O-])(O)OP(=O)(O)O.[Na+],2
OCC(O)C1OC(O)CC(O)C1O,2
CCCCOC(=O)C(CO)NC(=O)C(N)CC(=O)O,2
O=c1c(OC2OCC(O)C(O)C2O)c(-c2cc(O)c(O)c(O)c2)oc2cc(O)cc(O)c12,0
CCCCCCCCCCCCCCCCCCCCOC1C(O)C(O)OC(CO)C1O,2
CCC=CCCC1CCCC(=O)O1,4
COC1OC(CO)C(OC2(CO)OC(CO)C(O)C2O)C(O)C1O,2
O=c1c(-c2cccc(O)c2O)coc2cc(OC3OC(CO)C(O)C(O)C3O)ccc12,2
CCC(C)C(N)C(=O)NC(CC(=O)O)C(=O)NC(C)C(=O)NC(Cc1ccccc1)C(=O)O,2
O=C1CC2OCC=C3CN4CCC56c7ccccc7N1C5C2C3CC46,0
CSCCC=O,4
COC1OC(COC(C)CO)C(OC(C)CO)C(OC(C)CO)C1OC(C)CO,2
O=C1CCCS1,4
O=C(F)C(O)C(O)C(O)C(O)CO,2
OCC1OC2(COCC(O)C(O)C(O)C(O)COCC3OC(O2)C(O)C(O)C3O)C(O)C1O,2
COC1C(CO)OC(O)C(OC2OC(C)C(O)C(O)C2O)C1O,2
CC1OC(OC2C(OC3C(OC4CCC5(C)C(CCC6(C)C5C(=O)C=C5C7CC(C)(C)CC(O)C7(C)CCC56C)C4(C)C)OC(C(=O)O)C(O)C3O)OCC(O)C2O)C(O)C(O)C1O,2
COc1cc(O)c2c(=O)c3c(OC4OCC(O)C(O)C4OC4OC(C)C(O)C(O)C4O)ccc(O)c3oc2c1,2
CCC(C)C(=O)C1=C(O)C2(CC=C(C)C)CC3C(C)(C)CCC3(C1=O)C2=O,0
COc1ccc(C2CC(=O)c3c(O)cc(OC4OC(COC5OC(C)C(O)C(O)C5O)C(O)C(O)C4OC)cc3O2)cc1OC,2
OCC(O)C(O)C(O)COC1OC(CO)C(O)C(O)C1O,2
CC(C)C(NC(=O)C(N)CC(N)=O)C(=O)NC(Cc1ccccc1)C(=O)NC(CCCCN)C(=O)O,2
CCCCC=CCOC(=O)CC(C)C,2
COc1ccc(C2OCc3ccccc3O2)cc1O,2
COC1C(OC(CO)C(C)O)OC(C)C(O)C1OC,2
CC(CC1CCCCC1)N(C)C(=O)C(N)CC(=O)O,0
C=CCOC(=O)CCCCCCCC,2
O[C]C1(O)OCC(O)C(O)C1O,2
CN(C=O)c1ccccc1S,1
CCC1=CC(=O)NS(=O)(=O)O1,2
CC(=O)OC1CC2OC(=O)C34CC(CCC3C23COC(=O)C3C1(C)C)C(C)C4=O,0
O=C(O)/C=C\c1ccc(O)cc1O,1
COc1cc2c(cc1OC)C1c3ccc(OC)c(O)c3OCC1(O)C2,4
O=Cc1ccc(CO)o1,4
CC(CCC(OC1OC(COC2OC(CO)C(O)C(O)C2O)C(O)C(O)C1O)C(C)(C)O)C1CCC2(C)C3CC=C4C(CCC(OC5OC(COC6OC(CO)C(O)C(O)C6O)C(O)C(O)C5O)C4(C)C)C3(C)C(O)CC12C,2
COc1cc2ccc(=O)oc2cc1OC1OC(COC2OCC(O)(CO)C2O)C(O)C(O)C1O,0
O=C(CCO)C(O)C(O)CO,2
CC1(C)CCC2(CO)CCC3(C)C(=CCC4C5(C)CCC(O)C(C)(C)C5CCC43C)C2C1,0
COc1cc(OC2OC(CO)C(O)C(O)C2O)c2c(=O)cc(-c3cc(OC)c(O)c(OC)c3)oc2c1,2
CCCCCC1=C(C)CCC1=O,4
CC1OC(OCC2OC(Oc3c(-c4ccc(OCCO)c(O)c4)oc4cc(O)cc(OCCO)c4c3=O)C(O)C(O)C2O)C(O)C(O)C1O,2
CCC1(CC)C(=O)NC(=O)NC1=O,0
COC1OC(CO)C(OC2OC(CO)C(O)C(OC)C2O)C(O)C1O,2
CC(C)C(N)C(=O)NC(Cc1ccccc1)C(=O)NC(CC(=O)O)C(=O)NCC(=O)O,2
Nc1ncnc2c1ncn2C1OC(COP(=O)(O)OP(=O)(O)O)C(OP(O)(O)=S)C1O,2
NCCCCC(NC(=O)C(CC(=O)O)NC(=O)C(Cc1ccccc1)NC(=O)C(N)CCC(N)=O)C(=O)O,2
NCC(=O)NC(Cc1ccccc1)C(=O)NC(CC(N)=O)C(=O)NC(CC(N)=O)C(=O)O,2
O=c1cc(-c2ccc(O)c(O)c2)oc2c(O)c(OC3OC(CO)C(O)C(O)C3O)cc(O)c12,2
CCC=CCC=CC=CC=O,4
O=C(O)OC1C(O)C(CO)OC(OC2C(CO)OC(O)C(O)C2O)C1O,2
CCC1OC(Oc2ccc3c(c2)OC(c2ccc(OC)c(OC)c2)CC3=O)C(O)C(O)C1O,2
OCC1OC(OC2OC(O)C(O)C(O)C2O)C(O)C(O)C1O,2
c1ccnnc1,0
COc1cc(-c2cc(=O)c3c(O)cc(OC4OC(CO)C(O)C(O)C4OC4OC(C)C(O)C(O)C4O)c(O)c3o2)ccc1O,2
CC1(OC2OC(CO)C(O)C(O)C2O)OC(CO)C(O)C1O,2
NC(CCC(=O)O)C(=O)NC(CC(=O)O)C(=O)NC(Cc1ccccc1)C(=O)O,2
C=C1CC23CCC4C(C)(C(=O)OC5OC(COC6OCC(O)C(O)C6O)C(O)C(O)C5O)CCCC4(C)C2CCC1(OC1OC(CO)C(O)C(OC2OC(CO)C(O)C(O)C2O)C1OC1OC(CO)C(O)C(O)C1O)C3,2
CC(=O)c1ccc(OCC(=O)O)cc1,1
NC(CC(=O)O)C(=O)NC(CC(=O)O)C(=O)NCC(=O)NC(Cc1ccccc1)C(=O)O,2
CCCOCCOCC1OC(OC)C(O)C(O)C1OC,2
O=C(O)CCSCSCCC(=O)O,1
CCC(O)C(O)C1CCOC(C)(C)O1,2
NCCCCC(NC(=O)C(Cc1ccccc1)NC(=O)C(CC(=O)O)NC(=O)C(N)Cc1ccccc1)C(=O)O,2
Nc1ncnc2c1nc(N)n2C1OC(COP(=O)(O)OP(=O)(O)O)C(O)C1O,2
O=C(O)C(O)c1ccccc1Br,1
CCC=CCC=CCC=CCC=CCC=CCC=CCCC(=O)O,0
Cc1nc2c(=O)[nH]c(=O)[nH]c2[nH]c1=O,1
Sc1cnc2ncncc2n1,1
C=C1CC23CCC4C(C)(C(=O)OC5OC(CO)C(O)C(O)C5O)CCCC4(C)C2CC(OC2OC(CO)C(O)C(OC4OC(CO)C(O)C(O)C4O)C2OC2OC(CO)C(O)C(O)C2O)C1C3,2
C=C1CCC2C3(C)CCCC24C(OC3=O)OC(c2ccoc2)CC14,0
O=C(C=Cc1ccc(O)c(OC2OC(CO)C(O)C(O)C2O)c1)c1ccc(O)cc1OC1OC(CO)C(O)C(O)C1O,2
CCCCP(=O)(O)OCC1OC(n2cnc3c(N)ncnc32)C(O)C1O,2
CC1(C(=O)O)CCC2(C)CCC3(C)C(=CC(=O)C4C5(C)CCC(OC6OC(C(=O)O)C(O)C(OC7OC(C(=O)O)C(O)C(O)C7O)C6O)C(C)(C)C5CCC43C)C2C1,2
COC(=O)C1(C)CCC2(C(=O)OC3OC(CO)C(O)C(O)C3O)CCC3(C)C(=CCC4C5(C)CCC(OC6OC(C(=O)O)C(O)C(O)C6OC6OC(CO)C(O)C(O)C6O)C(C)(C)C5CCC43C)C2C1,2
CC(NC(=O)C(Cc1ccccc1)NC(=O)C(N)CC(=O)O)C(=O)NC(CCC(N)=O)C(=O)O,2
OCCOCC1OC(OC2(CO)OC(CO)C(O)C2O)C(O)C(O)C1O,2
Cn1cnc2c(=O)[nH]c(=O)[nH]c21,1
N[C@@H](COP(=O)(O)O)C(=O)O,1
CC(CC=O)CC(C)(C)C,4
Cc1nc(N)c2ncn(C3OC(COP(=O)(O)OP(=O)(O)O)C(O)C3O)c2n1,2
CC(=O)OCC1OC(OC2OC=C3C(=O)OCCC3(O)C2C2CO2)C(OC(C)=O)C(OC(C)=O)C1OC(=O)c1cccc(OC2OC(CO)C(O)C(O)C2O)c1O,0
NC(=O)Nc1ccc(Oc2ccccc2)cc1,2
CC1=C(CCc2ccoc2)C2(C)CCC(O)C(C)(C)C2CC1,2
OCC(O)C(O)C(O)C(O)C(O)[Pb],2
CC(Nc1nc2c(ncn2C2OC(COP(=O)(O)O)C(O)C2O)c(=O)[nH]1)C(=O)O,3
O=C(Cc1ccc(O)c(O)c1)OCC1OC(OCC(=CCO)CO)C(OC(=O)Cc2ccc(O)c(O)c2)C(OC(=O)Cc2ccc(O)c(O)c2)C1O,0
COC(=O)C(NC(=O)CC(N)C(=O)O)C(Cl)c1ccccc1,2
C=C1CCC2C(C3C(C)CCC13)C2(C)C,4
O=C1C[C@@H](C(=O)O)[C@H](C(=O)O)C1,1
OCCOCCOCCOC1CC(O)C(O)C(CO)O1,2
O=c1c2c(OC3OC(CO)C(O)C(O)C3O)cc(O)cc2oc2c(O)ccc(O)c12,2
NC(CC(=O)O)C(=O)NC(CCC(=O)O)C(=O)NC(CC(=O)O)C(=O)NC(Cc1ccccc1)C(=O)O,2
Nc1ncnc2c1ncn2C1OC(CO[P+]([S-])(S)OP(=O)(O)O)C(O)C1O,2
Nc1ccc(Oc2ccc([N+](=O)[O-])cc2N)cc1,2
COc1ccc(-c2coc3cc(OC4OC(CO)C(O)C(O)C4O)c(OC)c(O)c3c2=O)cc1,2
CC1(C)CCC2(C(=O)O)CCC3(C)C(=CCC4C5(C)CCC(OC6OC(CO)C(O)C(O)C6OC6OC(C(=O)O)C(O)C(O)C6O)C(C)(CO)C5CCC43C)C2C1,2
Cc1ccccc1OC(=O)C(C)C,4
CC1OC(OC2CC(C)(CO)CC3C4=CC(=O)C5C6(C)CCC(OC7OC(C(=O)O)C(OC8OC(C(=O)O)C(O)C(O)C8O)C(O)C7O)C(C)(C)C6CCC5(C)C4(C)CCC23C)C(O)C(O)C1O,2
CC(C)C(NC(=O)C(N)CC(=O)O)C(=O)NC(Cc1ccccc1)C(=O)NC(CC(=O)O)C(=O)O,2
COC1OC(COCCOCCO)C(OC)C(O)C1O,2
CC1(C)CCC2(C(=O)OC3OCC(O)C(O)C3O)C(O)CC3(C)C(=CCC4C5(C)CCC(OC6OC(C(=O)O)C(O)C(O)C6OC6OC(CO)C(O)C(O)C6O)C(C)(C)C5CCC43C)C2C1,2
OC(I)C1OC(O)C(O)C(O)C1O,2
CC=C(C)CO,4
COC1CC(OC2C(C)OC(OC3CCC4(C)C(=CCC5C4CCC4(C)C5CC(OC5OC(COC6OC(CO)C(O)C(O)C6OC6OC(CO)C(O)C(O)C6O)C(O)C(O)C5O)C4C(C)=O)C3)C(O)C2OC)OC(C)C1OC1CC(O)C(OC(=O)C=C(C)C)C(C)O1,2
CC(CCC(=O)C(C)C1C(=O)CC2C3CCC4CC(OC5OC(CO)C(O)C(OC6OCC(O)C(O)C6OC6OC(C)C(O)C(O)C6O)C5O)CCC4(C)C3CCC21C)COC1OC(CO)C(O)C(O)C1O,2
O=C(O)[C@@H](O)[C@H](O)[C@H](O)[C@@H](O)C(=O)O,1
CCOC(=O)c1ccccc1O,2
O=CC(O)C(O)C(O)C(=O)CO,2
CCCOC1CC(OC2CC(O)C(O)C(C)O2)C(O)C(C)O1,2
Cc1nc2c(=O)n(C)c(=O)[nH]c2[nH]c1=O,1
COC(=O)C1OC(OC2CCC3(C)C(CCC4(C)C3CC=C3C5CC(C)(C)CCC5(C(=O)O)CCC34C)C2(C)C)C(O)C(O)C1OC1OCC(O)C(O)C1O,2
CC1=C(O)C(=O)CC(OC2CC(C)(C)CC3C4=CCC5C6(C)CCC(OC7OC(C(=O)O)C(O)C(O)C7OC7OCC(O)C(O)C7O)C(C)(CO)C6CCC5(C)C4(C)CCC23C)O1,2
C=C(C)CCCC(C)CCOC(=O)CC,4
CC(C)C(NC(=O)C(NC(=O)C(CC(=O)O)NC(=O)C(N)Cc1ccccc1)C(C)C)C(=O)O,2
Nc1nc(Br)nc2c1ncn2C1OC(COP(=O)(O)O)C(O)C1O,2
NC(=O)CN(CC(=O)O)CC(=O)O,1
NCCCCC(NC(=O)C(N)CC(N)=O)C(=O)NC(CC(N)=O)C(=O)NC(Cc1ccccc1)C(=O)O,2
CCCOCC1OC(O)CCC1OCCC,2
OCC1OC(OC2C(O)COCC2O)C(O)C1O,2
CCCc1nc(O)cc(O)n1,1
C=C1CC23CCC4C(C)(C(=O)OC5OC(CO)C(O)C(O)C5O)CCCC4(C)C2CCC1(OC1OC(CO)C(O)C(OC2(CO)OC(CO)C(O)C2O)C1OC1OC(CO)C(O)C(O)C1O)C3,2
Nc1ncnc2c1nc(Br)n2C1OC(COP(=O)(O)O)C(OP(=O)(O)O)C1O,2
COC(=O)OCC1OC(O)C(O)C(O)C1O,2
ON=CC1=CCCCC1,2
O=C(O)c1cc(I)ccc1O,1
CC1(C)CCC2(C(=O)OC3OC(CO)C(O)C(O)C3O)CCC3(C)C(=CCC4C5(C)CCC(OC6OC(C(=O)O)C(O)C(OCC7OC(CO)C(O)C(O)C7O)C6OC6OCC(O)C(O)C6O)C(C)(C)C5CCC43C)C2C1,2
O=C(O)CSCc1ccccc1,1
CC1(COC2OC(CO)C(O)C(O)C2O)OC1C#N,0
COC(C)C1=CC=C(C)CC1,2
C=C1C(=O)C23CC1CC(OC(C)=O)C2C12COC3(O)C(O)C1C(C)(C)CCC2OC(C)=O,0
CCC(C(=O)NC(Cc1ccccc1)C(=O)N(C)C)C(C)C(=O)OC,2
CCOP(=O)(COCC1OC(n2cnc3c(N)nc(F)nc32)C(O)C1O)OCC,2
Nc1ncnc2c1ncn2C1OC(C(O)P(=O)(O)O)C(O)C1O,2
COc1cc(-c2cc(=O)c3c(OC4OC(COC5OC(CO)C(O)C(O)C5O)C(O)C(O)C4O)cc(O)cc3o2)ccc1O,2
Nc1ncnc2c1ncn2C1OC(COP(=O)(O)OP(=O)(O)OP(=O)(O)OCCCO)C(O)C1O,2
COC(=O)C(Cc1ccc(O)cc1)NC(=O)C(N)CC(=O)O,2
O=S(=O)(O)OC1C(O)C(O)OC(CO)C1OC1OC(CO)C(O)C(O)C1O,2
NCCCCC(NC(=O)CNC(=O)C(Cc1ccccc1)NC(=O)C(N)CC(N)=O)C(=O)O,2
[O-2].[O-]CC1(OC2OC(CO)C(O)C(O)C2O)OC(CO)C(O)C1O.[Sn+2].[SnH3+],2
CC(C)=CCCC(C)c1ccc(C)c(O)c1,4
OCCC(O)C(O)C(O)CCO,2
COCC1=C(C(=O)OC(C)OC(=O)OC(C)C)N2C(=O)C(NC(=O)C(=NOC)c3csc(N)n3)C2SC1,0
CCC=CCC=CCC=CCC=CCC=CCCCOCC1OC(Oc2c(-c3ccc(O)c(O)c3)oc3cc(O)cc(O)c3c2=O)C(O)C(O)C1O,2
CCCOc1ccc(C2CC(=O)c3c(O)cccc3O2)cc1O,2
CNC(=O)C(Cc1ccccc1)NC(=O)C(CC(=O)O)CC(C)C,2
CC(N)C(=O)NC(CCCCN)C(=O)NCC(=O)NC(Cc1ccccc1)C(=O)O,2
OCC(O)C(O)C(O)C1COC2(CCCCC2)O1,2
NC(=O)c1ccccc1S(=O)(=O)Cl,2
NNC(=O)Cc1ccccc1,1
CCC1OC(O)C(O)C(O)C1O,2
COc1ccc(C2CC(=O)c3c(O)cc(OC4OC(CO)C(O)C(O)C4O)cc3O2)cc1O,2
CCCCCOC(=O)CC,2
Nc1ncnc2c1ncn2C1OC(COP(=O)(O)N2CCOCC2)C(O)C1O,2
COC(=O)C1CCCCC1,4
CCCCc1nc(N)c2ncn(C3OC(COP(=O)(O)O)C(O)C3O)c2n1,2
COc1cc2oc(-c3ccc(O)c(OC4OC(CO)C(O)C(O)C4O)c3)c(C)c(=O)c2c(O)c1O,2
O=CSCc1ccco1,4
O=C1OCC2OC(=O)c3cc(O)c(O)c(O)c3-c3c(O)c(O)c(O)c4c3C(=O)OC(C3Cc5c(O)c(O)c(O)c-4c5C(=O)O3)C2OC(=O)c2cc(O)c(O)c(O)c2-c2c1cc(O)c(O)c2O,4
CCCCCCCO,2
CCC(C)C(NC(=O)C(N)CC(N)=O)C(=O)NC(CC(C)C)C(=O)NC(Cc1ccccc1)C(=O)O,2
COC(=O)C1OC(OC2CCC3(C)C(CCC4(C)C3C(=O)C=C3C5CC(C)(C(=O)OC)CCC5(C)CCC34C)C2(C)C)C(OC2OC(CO)C(O)C(O)C2O)C(O)C1O,2
OCC(O)C1OC(CCC2OC(O)C(O)C(O)C2O)C(O)C1O,2
CC(C)=CCC1C(=O)C(C(=O)C(C)C)=C(O)C1(O)C(=O)C=CC(C)(C)O,0
O=c1cc(-c2cccc(O)c2)oc2cc(O)c(OC3OC(CO)C(O)C(O)C3O)c(O)c12,2
COc1ccc(O)c(C(=O)O)c1,1
COc1cc2occ(-c3ccc(OC4OC(CO)C(O)C(O)C4O)cc3)c(=O)c2c(O)c1OC,2
OCC(O)C(O)C(O)C(O)C(O)OC1C(CO)OC(O)C(O)C1O,2
CC1=CC(C)C(C=O)C(C)C1,4
COC1=CC(C)C2CC3OC(O)CC4C(C)C(O)C(O)C(C2(C)C1=O)C34C,0
O=c1[nH]c(=S)[nH]c2c1ncn2C1OC(COP(=O)(O)O)C(O)C1O,3
CC(NC(CCc1ccccc1)C(=O)O)C(=O)NCCCC(=O)O,2
CC(C(=O)O)N(CC(=O)O)CC(=O)O,1
COC(=O)C(Cc1ccccc1)N(C(=O)C(N)CC(=O)O)C1CC1C(C)(C)C,2
COC1C(O)C(COP(O)(O)=S)OC1n1cnc2c(N)ncnc21,2
O=c1cc(-c2ccc(O)c(OC3OC(CO)C(O)C(O)C3O)c2)oc2cc(O)c(C3OC(OC4OC(CO)C(O)C(O)C4O)C(O)C(O)C3O)c(O)c12,2
COC1CC(OC2C(O)CC(OC3C(C)OC(OC4CCC5(C)C(=CCC6C5CCC5(C)C6CC(OC6OC(COC7OC(COC8OC(CO)C(O)C(O)C8O)C(O)C(O)C7OC7OC(CO)C(O)C(O)C7O)C(O)C(O)C6O)C5C(C)=O)C4)C(O)C3OC)OC2C)OC(C)C1OC(=O)C=C(C)C,2
C=CC(=O)O,1
CC(C=CC=C(C)C=CC1=C(C)CCCC1(C)C)=CC=CC=C(C)C=CC=C(C)C=CC1=C(C)CCCC1(C)C,0
CCC(O)OC1OC(CO)C(O)C(O)C1O,2
CCCCOC(=O)C1OC(OC2CCC3(C)C(CCC4(C)C3CC=C3C5CC(C)(C)CCC5(C(=O)OC5OC(CO)C(O)C(O)C5O)CCC34C)C2(C)C)C(O)C(O)C1O,2
C=C1C(=O)C23C(O)CC4C(C)(C)CC(=O)CC4(C)C2CCC1C3O,0
CC(C)C(NC(=O)C(N)CCC(N)=O)C(=O)NC(CC(=O)O)C(=O)NC(Cc1ccccc1)C(=O)O,2
CCC(C)C(NC(=O)C(NC(=O)C(CC(=O)O)NC(=O)C(N)Cc1ccccc1)C(C)CC)C(=O)O,2
O=c1c2cc(O)ccc2oc2cc(O)c(OC3OC(CO)C(O)C(O)C3O)c(O)c12,2
CCCN(CCC)C(=S)S,1
COc1ccc(C(=O)C(C)=CC(=O)O)cc1,4
CC(C)(C)P(=O)(O)OP(=O)(O)OP(=O)(O)OCC1OC(n2cnc3c(N)ncnc32)C(O)C1O,2
O=C(O)C(CC(O)C(O)CO)Nc1nc2c(ncn2C2OC(COP(=O)(O)O)C(O)C2O)c(=O)[nH]1,3
COC1C(O)C(O)OC(CO)C1OC1OC(CO)C(O)C(O)C1O,2
CC(O)C(NC(=O)C(CO)NC(=O)C(N)CC(=O)O)C(=O)NC(Cc1ccccc1)C(=O)O,2
O=[N+]([O-])c1cc(O)cc([N+](=O)[O-])c1,1
CC1(C)CCC2(C(=O)OC3OC(CO)C(O)C(O)C3O)CCC3(C)C(=CCC4C5(C)CCC(OC6OC(C(=O)O)C(O)C(OC7OC(CO)C(O)C(O)C7O)C6OC6OCC(O)C(O)C6O)C(C)(C)C5CCC43C)C2C1,2
CCCC(C(=O)O)S(=O)(=O)c1ccccc1,4
Nc1c(NCC(=O)O)nc(Cl)nc1C(=O)O,1
C[S+](C)[O-],0
CC1(C)CCC2(C(=O)OC3OCC(O)C(OC4OC(CO)C(O)C(O)C4O)C3O)C(O)CC3(C)C(=CCC4C5(C)CCC(OC6OC(C(=O)O)C(O)C(O)C6O)C(C)(C)C5CCC43C)C2C1,2
CC(COC1OC(CO)C(O)C(O)C1O)OC(CO)C(O)CO,2
CC(NC(=O)C(NC(=O)C(N)CC(=O)O)C(C)C)C(=O)NC(Cc1ccccc1)C(=O)O,2
COC1OC(CO)C(OC(C)=O)C(OC(C)=O)C1OC(C)=O,2
BO[P+]([O-])(OCC1CC(O)C(n2cnc3c(N)ncnc32)O1)OP(=O)(O)OP(=O)(O)O,2
OCC12OCC(O1)C(O)C(O)C2O,2
CC1(C)CCCC2(C)OC(=O)C=C12,4
Cc1c(C(C)C)c(=O)n(-c2ccccc2)n1C,0
O=C1OCC2OC(=O)c3cc(O)c(O)c(O)c3-c3c(O)c(O)c(O)c4c3C(=O)OC(C2OC(=O)c2cc(O)c(O)c(O)c2-c2c1cc(O)c(O)c2O)C1OC(=O)c2c-4c(O)c(O)c(O)c2C1c1c(O)cc(O)c2c1OC(c1ccc(O)c(O)c1)C(O)C2,4
CC1CC2C(C)(C)C(OC3OC(CO)C(O)C3O)CCC2(C)C2CC(OC3OC(C)C(O)C(O)C3O)C3C(C4(C)CCC(C(C)(C)O)O4)CCC3(C)C12,2
O=Cc1cccc2cccc(C(=O)O)c12,0
CC(C)CCCNC(=O)C(N)CC(=O)O,4
C=C1CCCC2(C)CCC(=C(C)C)CC12,4
O=C(O)CCN(CCC(=O)O)CCC(=O)O,1
COC1=CC(C)C2CC3OC(=O)CC4C(C)(O)C(O)C(O)C(C2(C)C1=O)C34C,0
CC(O)C(O)CC(O)CO,2
COC(C)(CO)C1CC=C(C)CC1,0
Cc1cccc2c1S(=O)(=O)NC2=O,2
CCCCC(C(=O)O)S(=O)(=O)c1ccccc1,4
O=C1c2ccccc2S(=O)(=O)N1S(=O)(=O)c1ccc(F)cc1,2
CC1CCC(C(=O)O)(S(=O)(=O)c2ccccc2)CC1,4
CC1=C(O)C(=O)CC(OC2CC(C)(C)CC3C4=CCC5C6(C)CCC(OC7OC(C(=O)O)C(O)C(O)C7OC7OC(CO)C(O)C(O)C7O)C(C)(CO)C6CCC5(C)C4(C)CCC23C)C1,2
CCCCCC(=O)/C=C/C(O)C(O)CCCCCCCC(=O)O,0
OCCOC1C(O)C(O)OC(CO)C1O,2
COC(=O)c1ccccc1N(C)C,4
COc1cccc2c(=O)c3c(O)cc(OC4OC(CO)C(O)C(O)C4O)c(OC)c3oc12,2
CCCOP(C)(=O)O,1
CCCCCCCCCCCCOC(=O)CC,4
CCC([N+](=O)[O-])[N+](=O)[O-],1
Oc1cc(O)c2c(c1)OC(c1ccc(O)c(O)c1)C(O)C2O,4
CC(C)CC(N)C(=O)NC(C)C(=O)NC(Cc1ccccc1)C(=O)O,2
CC(=O)N(c1c(C)cccc1C)N1CCN(C(=O)OCc2ccccc2)CC1,1
CCCCCC=CC=CC(=O)OC,4
Nc1ncnc2c1ncn2C1OC(COP(=O)(O)SP(=O)(O)OP(=O)(O)O)C(O)C1O,2
CC(NC(=O)C(N)CC(=O)O)C(=O)NC(CCCN=C(N)N)C(=O)NC(Cc1ccccc1)C(=O)O,2
CC(C)CC(N)C(=O)NC(Cc1ccccc1)C(=O)NC(CC(C)C)C(=O)NCC(=O)NC(CC(N)=O)C(=O)O,2
OCC1OC2(CO)OC3OC(COOC1C2O)C(O)C(O)C3O,2
OCC1OC(O)(C2(OC3(CO)OC(CO)C(O)C3O)OC(CO)C(O)C(O)C2O)C(O)C(O)C1O,2
OCC1OC(CCl)(OC2OC(CO)C(Cl)C(O)C2O)C(O)C1O,2
O=C(O)CC(S)C(=O)O,1
C=CC(C)=CCCC(=C)C,4
COc1ccc(-c2oc3cc(O)cc(O)c3c(=O)c2OC2OC(COC3OC(C)C(O)C(O)C3O)C(O)C(O)C2O)cc1O,2
COC1C(OCC2(O)OC(O)(CO)C(O)C2O)OC(CO)C(O)C1O,2
CC(=O)C(=O)O,1
CCC(C)C(=O)OC(C)C1(O)CCC2(O)C3CCC4CC(OC5CC(O)C(OC6CC(OC)C(OC7CC(OC)C(OC8CC(OC)C(OC9CC(OC)C(O)C(C)O9)C(C)O8)C(C)O7)C(C)O6)C(C)O5)CCC4(C)C3CC(OC(C)=O)C12C,2
OCCC1OC(O)C(O)C(OC2OCC(O)CC2O)C1O,2
OCC1OC(O)C(O)C(O)C1O.[Cl-].[NH4+],2
COC(=O)C1OC(OC2C(OC3CCC4(C)C(CCC5(C)C4CC=C4C6CC(C)(CO)CCC6(C)CCC45C)C3(C)C)OC(CO)C(O)C2O)C(O)C(O)C1O,2
Nc1nc(Cl)nc2c1ncn2C1OC2COP(O)(=S)OC2C1O,2
CCC=CCCC(OCC)OCC,4
COC1C(O)OC(CO)C(OC2OC(CO)C(O)C(OC)C2OC)C1OC,2
Cc1nc2c(N)ncnc2n1C1OC(COP(=O)(O)O)C(O)C1O,2
COC1=CC(C)C2CC3OC(O)CC4C(C)=C(OC)C(=O)C(C2(C)C1=O)C34C,0
O=CC(O)C(O)C1O[Sb]OC1CO,2
O=C=NCCc1ccccc1,0
CC(C)C(=O)OCc1ccc2c(c1)OCO2,4
CC(NC(=O)CNC(=O)C(N)CCC(N)=O)C(=O)NC(Cc1ccccc1)C(=O)O,2
[B]C1C(CCl)OC(CCl)(OC2OC(CO)C(Cl)C(O)C2O)C1O,2
COCCC=C(C)C=NO,0
OCC1OC(OC2COC(O)C(O)C2O)CC(O)C1O,2
OCC(O)C(O)C(O)C(O)C(O)(O)OC1OC(CO)C(O)C(O)C1O,2
COc1ccc(-c2cc(=O)c3c(O)cc(OC4OC(COC5OC(CO)C(O)C(O)C5O)C(O)C(O)C4O)cc3o2)cc1O,2
CCC=CCCCCC=O,4
CC(C)OC1OC(CO)C(OC2OC(CO)C(O)C(O)C2O)C(O)C1O,2
CC(C=O)Cc1ccc(C(C)C)cc1,4
CNC(C)C(O)c1ccccc1,0
COCC1OC(OC2C(C)OC(O)C(OC)C2OC)C(O)C(OC)C1O,2
CCCC=CC(=O)OC,4
O=c1cnc2c(=O)[nH]c(=O)n(-c3ccccc3)c2[nH]1,1
CCC(C)C(NC(=O)C(CC(C)C)NC(=O)C(CCCCN)NC(=O)C(CC(C)C)NC(=O)C(N)CCCCN)C(=O)NC(CC(=O)O)C(=O)NC(Cc1ccccc1)C(=O)NCC(=O)NC(CC(C)C)C(=O)O,2
COC(=O)C(Cc1ccccc1)NC(=O)C(CC(C)C)NC(C)=O,2
CCCCCOCC(O)COC1C(O)OC(CO)C(O)C1O,2
CCCCOC(=O)CCC,2
CC(C)CC(NC(=O)C(CC(=O)O)NC(=O)C1CCCN1)C(=O)NC(Cc1ccccc1)C(=O)O,2
CCCCCCCCCC(C)C=O,4
CC(C)(C)OC(=O)C(Cc1ccccc1)NC(=O)CNC(=O)CN,2
CC(C)C(OC1OC(C)C(O)C(O)C1O)C(O)CC(C)C1C(O)CC2C3CC(=O)C4CC(OC5OC(COC6OC(CO)C(O)C(O)C6O)C(O)C(O)C5O)CCC4(C)C3CCC21C,2
C=CC(C)(CCC=C(C)C)OC(=O)c1ccccc1N,4
CCCCOC1C(O)C(CO)OC(OC)C1O,2
CCCCN(CC)c1ncnc2c1ncn2C1OC2COP(=O)(O)OC2C1O,2
COc1cc(-c2cc(=O)c3c(O)cc(O)c(C4OC(CO)C(O)C(O)C4OC4OCC(O)C(O)C4O)c3o2)ccc1O,2
COc1cc(OC2OC(CO)C(O)C(O)C2O)c2c(c1)OC(c1ccc(O)c(OC)c1)C(O)C2=O,2
CCC(C)C(NC(=O)C(C)N)C(=O)NC(CC(=O)O)C(=O)NC(Cc1ccccc1)C(=O)O,2
COc1ccc(C2CC(=O)c3c(O)cc(OC4OC(COC5OC(C)C(O)C(C)C5O)C(O)C(O)C4O)cc3O2)cc1O,2
O=C(C=Cc1cccc(O)c1)c1ccccc1O,0
COc1c(OC2OC(CO)C(O)C(O)C2O)ccc2c(=O)c3c(O)cccc3oc12,2
COC(=O)C(Cc1ccccc1)NC(=O)C(C)(C)NC(=O)C(C)NC(C)=O,2
CC(C)OC(=O)C(NC(=O)C(N)CC(=O)O)C(C)C,2
COC(=O)Cc1ccccc1,2
CCCCC(CC=O)SC,4
CCCOC1(CO)OCC(OC2OC(CO)C(O)C(O)C2O)C(O)C1O,2
Fc1ccccc1N=NC(=NNc1ccccc1)c1ccccc1,2
O=C1NS(=O)(=O)c2c1cccc2[N+](=O)[O-],0
C=CCNC(N)=S,0
CCCCOC(=O)CCNC(=O)C(N)CC(=O)O,4
CC(O)OC1OC(CO)C(O)C(O)C1O,2
CC(=O)c1ccc(C)cc1C,2
N#CC(OC1OC(CO)C(O)C(O)C1O)c1ccccc1,0
OCC1OC(OCC2OC(OCC3OC(OC4(CO)OC(CO)C(O)C4O)C(O)C(O)C3O)C(O)C(O)C2O)C(O)C(O)C1O,2
O=c1cc(-c2ccccc2)oc2cc(OC3OC(CO)C(O)C(O)C3O)c(O)c(O)c12,2
NC(CCC(=O)O)C(=O)NC(CC(=O)O)C(=O)NC(CC(=O)O)C(=O)NC(Cc1ccccc1)C(=O)O,2
CCC(C)C(=O)OC1CC2CCC1(C)C2(C)C,4
COC1OC(C)C(O)C(O)C1OC1OC(C)C(O)C(O)C1O,2
COc1ccc(C2OCc3ccccc3S2)cc1S,2
CCOP(=O)(O)OC1C(CO)OC(n2cnc3c(N)ncnc32)C1O,2
O=c1c(Cl)c[nH]c(Cl)c1Cl,1
CC(N)C(=O)NC(CO)C(=O)NC(CC(=O)O)C(=O)NC(Cc1ccccc1)C(=O)O,2
CCCCCOC=O,4
CC(NC(=O)C(Cc1ccccc1)NC(=O)C(CC(=O)O)NC(=O)C1CCCN1)C(=O)O,2
Cc1ccc(C(=O)NN)cc1,1
COC1OC(CO)C(O)C2OC(C)(C)OC12,2
O=CC(OI)C(O)C(O)C(O)CO,2
CC1OC(Oc2ccc(C3Oc4cc(O)cc(O)c4C(=O)C3O)cc2O)C(O)C(O)C1O,2
CC(=O)OCC12C(O)CC(C)C3(CC(c4ccoc4)OC3O)C1CCC(=O)C21CO1,0
CCCCOc1ccc(NC(=O)NO)cc1,2
OC1CCCN2CC3CC(CN4CCCCC34)C12,0
COC(=O)C1OC(OC2CCC34CC35CCC3(C)C(C(C)C6CC=C(C)C(=O)O6)CCC3(C)C5CCC4C2(C)C(=O)O)C(OC2OC(CO)C(O)C(O)C2O)C(O)C1O,2
C=C(C)C1CCC(C)C(O)C1,4
CCCCOCc1ccccc1,4
COC(=O)CC(N)C(=O)N(C=O)C(Cc1ccccc1)C(=O)O,2
OCC1OC(O)(OO)C(O)C(O)C1O,2
O=C1OCC2OC(=O)c3cc(O)c(O)c(O)c3-c3c(O)c(O)c(O)c4c3C(=O)OC(C2OC(=O)c2cc(O)c(O)c(O)c2-c2c1cc(O)c(O)c2O)C1OC(=O)c2c-4c(O)c(O)c(O)c2C1c1c(O)cc2c(c1O)CC(O)C(c1ccc(O)c(O)c1)O2,4
O=c1c2cccc(OC3OC(CO)C(O)C(O)C3O)c2nc2n1CCc1c-2[nH]c2ccccc12,0
CCOC(=O)CC(C)SC,4
O=c1cc(-c2ccc(O)cc2)oc2c(OC3OC(CO)C(O)C(O)C3O)c(O)cc(O)c12,2
CCCCCCCOC(=O)C=Cc1ccccc1,4
CC(C)CC(NC(=O)C(Cc1ccccc1)NC(=O)C1CCCCC1C(=O)O)C(=O)O,2
COCC(C)OC1OC(CO)C(O)C(O)C1O,2
CC1OC(OC2C(O)OCC(O)C2O)C(O)C(O)C1O,2
CCCCCCCCC1OCC(O)C(C(O)C(O)CO)O1,2
Cc1ccc(=O)c(O)c(Br)c1,1
Cc1c(O)c(OC2OC(CO)C(O)C(O)C2O)cc2c1C=CC1C2(C)C(=O)CC2(C)C(C(C)(O)C(=O)CCC(C)(C)O)C(O)CC12C,0
CCOP(=O)(O)c1nc2c(N)ncnc2n1C1OC(CO)C(O)C1O,2
NC(=O)OP(=O)(O)OCC1OC(n2cnc3c(N)ncnc32)C(O)C1O,2
[CH]P(=O)(O)CP(=O)(O)OCC1OC(n2cnc3c(N)ncnc32)C(O)C1O,2
COc1ccc2c(=O)c(OC3OC(C)C(O)C(O)C3OC3OC(CO)C(O)C(O)C3O)c(-c3ccc(O)c(O)c3)oc2c1,2
[NH3+]C(CO)C(=O)NC(Cc1ccccc1)C(=O)[O-],2
O=c1oc2cc(O)ccc2c2oc3cc(O)ccc3c12,0
Cc1ccccc1C=O,4
COc1cc(O)cc2c1C(=O)C(OC1OC(C)C(O)C(O)C1O)C(c1cc(O)c(OC)c(O)c1)O2,2
CC(C)CC(NC(=O)C(CCCCN)NC(=O)C(Cc1ccccc1)NC(=O)C(N)CC(=O)O)C(=O)O,2
CC1(C)CCC2(C(=O)O)CCC3(C)C(=CCC4C5(C)CC(O)C(OC6OC(C(=O)O)C(O)C(OC7OC(CO)C(O)C(O)C7O)C6O)C(C)(CO)C5CCC43C)C2C1,2
C[N+](C)(C)[O-],4
COC1OC(C)C(OC2OC(C)C(O)C(OC)C2O)C(OC)C1OC,2
Cc1cc(CN(C)C)c(O)c(CN(C)C)c1,1
Cc1cc(C)n(O)c(=O)n1,1
Nc1ccc(S(=O)(=O)c2ccc(N)cc2)cc1,0
C=C1C(=O)C23CC1CCC2C12COC(O)C1C(C)(C)C(O)CC2OC3=O,0
N#CC=Cc1ccccc1,4
COC1(CO)OC(CO)C(O)C(O)C1O,2
CC(=O)C(CC(=O)O)NC(=O)C(Cc1ccccc1)NCC(=O)O,2
O=C(O)CNC(=Nc1ccc2ccccc2n1)NC1CCCCCCC1,2
CCCCCCCCCCCC(OC)OC,4
OCC1CC(O)C(O)C(OC2C(CO)OC(OC3C(CO)OCC(O)C3O)C(O)C2O)O1,2
N#CC(OC1OC(CO)C(O)C(O)C1O)c1ccc(O)cc1,0
Nc1nc(Cl)nc2c1nc(N)n2C1OC2COP(=O)(O)OC2C1O,2
COc1c2c(cc3oc(CO)cc(=O)c13)OC(C(C)(C)O)C2,0
CCOC(=O)c1cc(OC)c(O)c(OC)c1,0
CCCCC(=O)O,1
COC(=O)C(CC(=O)OC(C)(C)C)NC(=O)C(N)CC(=O)O,2
CCC(C)C(N)C(=O)NC(Cc1ccccc1)C(=O)NC(C(=O)NC(CC(N)=O)C(=O)O)C(C)CC,2
OCC1OC(O)C(O)(OO)C(O)C1O,2
Cc1ncsc1CCO,4
OC(O)C1OCC(O)C(O)C1O,2
C=C1C(O)C2(O)OCC34C1CC(=O)OC3C(O)C1C(C)=CC(=O)C(O)C1(C)C24,0
OCCCC(O)C(O)CCO,2
Cn1c(=O)c2nc(C(=O)O)c(=O)[nH]c2n(C)c1=O,1
CCC(C)C(N)C(=O)NC(CC(=O)O)C(=O)NC(Cc1ccccc1)C(=O)NC(C(=O)O)C(C)CC,2
CC1OC(OC2C(Oc3c(-c4ccc(O)c(O)c4)oc4cc(O)cc(O)c4c3=O)OCC(O)C2O)C(O)C(O)C1O,2
O=Cc1cc(Cl)c(O)c(Cl)c1,1
CCCC(C)=O,2
CC(C)C(NC(=O)C(N)CCCCN)C(=O)NC(CC(=O)O)C(=O)NC(Cc1ccccc1)C(=O)O,2
COCOC1C(OC)OC(CO)C(O)C1OCOC,2
COC1OC(CO)C(OC(C)C)C(O)C1O,2
CC1OC(OCC2OC(Oc3ccc(-c4oc5cc(O)cc(O)c5c(=O)c4O)cc3O)C(O)C(O)C2O)C(O)C(O)C1O,2
CC1=CCC2(C(C)C)CC12,4
C=C(C)C1C2CC3(C)C4(CO4)C4OC4C3(O)C1C(=O)O2,0
CSOC(C(O)CO)C(O)C(O)C=O,2
CC1OC(Oc2c(O)cc3oc(-c4ccccc4)cc(=O)c3c2O)C(O)C(O)C1O,2
CC1(C)CC(=O)C2OC2(C)C1=O,2
COC(=O)C1OC(OC2CCC3(C)C(CCC4(C)C3CC=C3C5CC(C)(C(=O)OC)CC(OC6OC(C)C(O)C(O)C6O)C5(C)CCC34C)C2(C)CO)C(OC2OC(CO)C(O)C(O)C2OC2OC(C)C(O)C(O)C2O)C(O)C1O,2
C=C1CC2OC(=O)C(=C)C2C(O)C=C(C)CCC1O,0
CC1OC(OC2C(OC3C(OC4CCC5(C)C(CCC6(C)C5CC=C5C7CC(C)(C)C(O)CC7(C)CCC56C)C4(C)CO)OC(C(=O)O)C(O)C3O)OC(C(=O)O)C(O)C2O)C(O)C(O)C1O,2
OCC1OC(OC2(CBr)OC(CBr)C(O)C2O)C(O)C(O)C1Br,2
CC1(C)CCC2(C(=O)OC3OC(CO)C(O)C(O)C3O)CCC3(C)C(=CCC4C5(C)CCC(OC6OC(C(=O)O)C(O)C(OC7OCC(O)C(O)C7O)C6OC6OC(CO)C(O)C(O)C6O)C(C)(C)C5CCC43C)C2C1,2
CCOCCOC1OC(CO)C(O)C(O)C1O,2
O=C(O)C=Cc1ccc(OC2OC(CO)C(O)C(O)C2O)cc1,4
O=C(O)c1ccc2ccccc2c1,1
CC(=O)c1ncc(C)nc1C,4
COc1ccc(CCC(=O)c2c(O)cc(OC3OC(CO)C(O)C(O)C3OC3CC4CC4C(O)C3O)cc2O)cc1O,2
COc1cc(-c2oc3cc(O)c(C4OC(CO)C(O)C(O)C4O)c(O)c3c(=O)c2OC2OC(C)C(O)C(O)C2O)ccc1O,2
Nc1cc([N+](=O)[O-])ccc1Cl,2
Nc1ncnc2c1ncn2C1OC(COC(=[P+]([O-])O)P(=O)(O)O)C(O)C1O,2
CC1(C)OC2OC(C(O)CC(O)CO)C3OC(C)(C)OC3C2O1,2
COCC1OC(O)C(OC2OC(CO)C(O)C(O)C2O)C(O)C1OC,2
CCC(C)C(=O)OCC1OC(Oc2cc(O)c3c(=O)cc(-c4ccc(O)c(O)c4)oc3c2)C(O)C(O)C1O,2
C=C1CC23CCC4C(C)(C(=O)OC5OC(CO)C(OC6OC(CO)C(O)C(O)C6O)C(O)C5O)CCCC4(C)C2CCC1(OC1OC(CO)C(OC2OC(CO)C(O)C(O)C2O)C(O)C1O)C3,2
COc1ccc(CCC(=O)c2c(O)cc(O)cc2O)cc1O,2
O=c1cc(-c2ccc(O)c(O)c2)oc2cc(O)cc(OC3OC(CO)C(O)C(O)C3O)c12,2
CC(=O)OCC(CO)OC1OC(CO)C(O)C(O)C1O,2
C=CC(OC(C)=O)c1ccc(OC(C)=O)cc1,4
CC(C)C(N)C(=O)NC(CO)C(=O)NC(CC(=O)O)C(=O)NC(Cc1ccccc1)C(=O)O,2
C[N+](C)(C)CCOP(=O)([O-])OCC1OC(n2cnc3c(N)ncnc32)C(O)C1O,2
Cc1nc(C(=O)O)co1,1
CC1=C2C(=O)C=C(CO)C2C2OC(=O)C(C)C2C(O)C1,0
COc1ccc(C=CC(=O)c2ccc(OC3OC(CO)C(O)C(O)C3O)c(O)c2O)cc1OC,2
CC(=O)c1cccs1,4
CCCCC(C)C(=O)O,4
CCOC(=O)C(CCc1ccccc1)NC(C)C(=O)N(C)C(C)C(=O)O,2
CC(C)CC(NC(=O)C(N)CC(=O)O)C(=O)NC(CC(=O)O)C(=O)NC(Cc1ccccc1)C(=O)O,2
OCCCCOC1OC(CO)C(O)C(O)C1O,2
CC(=O)OCC1OC(Oc2cc(O)c3c(=O)cc(-c4ccc(O)c(O)c4)oc3c2)C(O)C(O)C1O,2
O=c1c(O)c(-c2ccc(OC3OC(CO)C(O)C(O)C3O)c(O)c2)oc2cc(O)cc(O)c12,2
C=C1CCC2(C(=O)O)CCC3(C)C(=CCC4C5(C)CCC(OC6OC(C(=O)O)C(O)C(O)C6O)C(C)(CO)C5CCC43C)C2C1,2
NC(=O)c1c(Br)cc(Br)c(CCC(=O)O)c1Br,2
CC1(C)CCC2(C(=O)O)CCC3(C)C(=CCC4C5(C)CCC(OC6OC(C(=O)O)C(O)C(OC(OCC(=O)O)C(=O)O)C6O)C(C)(C)C5CCC43C)C2C1,2
O=CC(O)C(O)C(O)CCO,2
CCOC(=O)C(Cc1ccccc1)NC(=O)CC(=O)O,2
CCC(C)C(NC(=O)C(CC(=O)O)NC(=O)C(N)CCCCN)C(=O)NC(Cc1ccccc1)C(=O)O,2
COC1COC(O)CC1O,2
Oc1c(Br)cccc1Br,1
COCC1CC=C(C=NO)CC1,2
C#CCOCC1OC(OC)C(OCC#C)C(O)C1O,2
COC(=O)C1=CC(=O)CC2C1(C)CCC1C(=O)OC(c3ccoc3)CC12C,0
COC(=O)C(Cc1ccccc1)NC(=O)C(CC(=O)O)NC(=O)C(N)C(C)C(=O)O,2
CC(=O)NCC(=O)NC(Cc1cn(Cc2ccccc2)cn1)C(=O)NCC(=O)O,1
O=C1C=CCCC1,4
OC1OCC(C(O)C(O)C2COC(O)C(O)O2)OC1O,2
CC(=O)OC1CC2CC3(C(=O)OC4CCC(C)(C)C5C(OC(C)=O)OCC45C13)C(=O)C2C,0
CNc1nc(=O)c(C)n[nH]1,1
COc1cc(CNC(=O)CCCCO)ccc1O,3
COc1c(O)c(OC2OC(CO)C(O)C(O)C2O)cc2c1C(=O)CC(c1ccccc1)O2,2
C=C(C)C1CC2(O)C(CC3C(=O)C(C(=O)C(C)CC)=C(O)C32O)C1(C)C,0
COc1ccc(-c2cc(=O)c3c(O)c(OC4OC(COC5OCC(O)C(O)C5O)C(O)C(O)C4O)c(O)cc3o2)cc1,2
Nc1ncc(Sc2ccccc2N)c(O)n1,1
O=C(C=Cc1ccc(O)c(OC2OC(CO)C(O)C(O)C2O)c1)c1ccc(O)cc1O,2
CCCC(=O)OC(=O)CCC,4
COC(C)C1OC(OC)C(OC)C1O,2
CC(=O)OC1C(=O)C(C)C2CC(=O)OC3CC4C(C)CC(OC5OC(CO)C(O)C(O)C5O)C(=O)C4(C)C1C32C,0
CC(=O)OCC1OC(OC2(CCl)OC(CCl)C(O)C2OC(C)=O)C(O)C(O)C1Cl,2
[CH]C1OC(O)C(O)C(O)C1O,2
Nc1cccc2c1C(=O)NS2(=O)=O,2
CC(C)CC(NC(=O)C(Cc1ccccc1)NC(=O)C(N)CC(=O)O)C(=O)NC(Cc1ccccc1)C(=O)O,2
CCNC(=S)S,1
CC(C)C(NC(=O)C(N)CC(=O)O)C(=O)NC(Cc1ccccc1)C(=O)NC(Cc1ccccc1)C(=O)O,2
O=C(O)CCC(C(=O)O)N(CC(=O)O)CC(=O)O,1
COC1OC(COC2OC(CF)C(O)C(O)C2O)C(O)C(O)C1O,2
COc1cc(CCC(=O)c2c(O)cc(OC3OC(CO)C(O)C(O)C3OC3OC(C)C(O)C(O)C3O)cc2O)ccc1O,4
CC1OC(OC2C(Oc3cc(O)c4c(=O)c5ccc(O)c(O)c5oc4c3)OC(CO)C(O)C2O)C(O)C(O)C1O,2
OCC(O)COC1OC(CO)C(OC2OC(CO)C(O)C(O)C2O)C(O)C1O,2
COc1cc(C(=O)c2ccccc2C(=O)O)ccc1O,4
CCC(C)C(=O)OC(C)C1(O)CCC2(O)C3CCC4CC(OC5CC(O)C(OC6CC(OC)C(OC7CC(OC)C(O)C(C)O7)C(C)O6)C(C)O5)CCC4(C)C3CC(OC(C)=O)C12C,4
CC(O)(CO)C(CO)OC1OC(CO)C(O)C(O)C1O,2
Nc1ncnc2c1ncn2C1CC(O)C(COP(=O)(O)OP(=O)(O)OP(=O)(O)OS)O1,2
CC(C)CC(=O)OCc1ccccc1,2
CC(C)CC(NC(=O)CNC(=O)C(Cc1ccccc1)NC(=O)C(N)CC(N)=O)C(=O)O,2
COc1cc(-c2cc(=O)c3c(O)cc(O)c(C4OC(COC5OC(CO)C(O)C(O)C5O)C(O)C(O)C4O)c3o2)ccc1O,2
CCOCCOCCOC1OC(CO)C(O)CC1O,2
Nc1ncnc2c1ncn2C1OC(COP(=O)(O)OP(=O)(O)O)C(O)C1OP(=O)(O)OP(=O)(O)O,2
Nc1ncnc2c1ncn2C1OC(COP(=O)(O)OCC(CO)OP(=O)(O)O)C(O)C1O,2
COC(=O)C1OC(OC2CCC3(C)C(CCC4(C)C3CC=C3C5CC(C)(C)CCC5(C(=O)OC5OC(CO)C(O)C(O)C5O)CCC34C)C2(C)C)C(OC2OCC(O)C(O)C2O)C(OC2OC(CO)C(O)C(O)C2O)C1O,2
O=C(CO)C(O)C(O)C(O)CO.[Ca+2].[OH-].[OH-],2
C=C1CC23CCC4C(C)(C(=O)OC5OC(COC6OC(CO)C(O)C(O)C6O)C(O)C(O)C5O)CCCC4(C)C2CCC1(OC1OC(CO)C(O)C(O)C1OC1OC(CO)C(O)C(O)C1O)C3,2
C=C(C)C1CCC2=CC(=O)CC(C)C2(C)C1,4
CCC=CCCOC(=O)C(C)O,2
C=C(C)COc1ccc([N+](=O)[O-])cc1N,2
CC1(C(=O)O)CCC2(C)CCC3(C)C(=CC(=O)C4C5(C)CC(OC6OC(C(=O)O)C(OC7OC(C(=O)O)C(O)C(O)C7O)C(O)C6O)CC(C)(C)C5CCC43C)C2C1,2
NNC(=O)c1ccccc1,1
CC12CC(OC1=O)C1(C)CCC3(C)C(=CC(=O)C4C5(C)CCC(OC6OC(C(=O)O)C(O)C(O)C6OC6OC(C(=O)O)C(O)C(O)C6O)C(C)(C)C5CCC43C)C1C2,2
CC1(C)OCC(CCC2OCCCC2O)O1,2
CC(NC(=O)C(N)CC(=O)O)C(=O)NC1C(C)(C)S(=O)(=O)C1(C)C,2
N#Cc1cc(Cl)ccc1O,1
NCCCCC(NC(=O)C(N)Cc1ccccc1)C(=O)NC(CC(=O)O)C(=O)NC(CC(=O)O)C(=O)O,2
CC1OC(OC2C(C(=O)O)OC(OC3CCC4(C)C(CCC5(C)C4CC=C4C6CC(C)(C)CCC6(C(=O)OC6OC(CO)C(O)C(O)C6O)CCC45C)C3(C)C)C(O)C2O)C(O)C(O)C1O,2
COc1ccc(CCC(=O)c2c(O)cc(OC3OC(COC4OC(CO)C(O)C(O)C4O)C(O)C(O)C3OC3OC(C)C(O)C(O)C3O)cc2O)cc1O,2
CCCCCC(C)OC(=O)CCC,4
NC(CC(=O)O)C(=O)NC(Cc1ccccc1)C(=O)NC(CO)C(=O)O,2
O=C(O)CSCCSCC(=O)O,1
O=c1nc[nH]c2c1ncn2C1OC(COP(=O)(O)O)C(O)C1O,4
CC1=CCC(C(C)CO)CC1,4
O=C(O)C(Cc1ccccc1)NC(=O)C(Cc1ccccc1)NC(=O)C1NC1C(=O)O,2
CCOC=O,0
CCC(C)C(NC(=O)C(CC(=O)O)NC(=O)C(N)Cc1ccccc1)C(=O)NC(C)C(=O)O,2
S=C(S)NC1CCCCC1,1
CC(C)=CCC1C(=O)C(C(=O)CC(C)C)=C(O)C(CC=C(C)C)(CC=C(C)C)C1=O,0
CC(=O)c1ccccn1,4
S=C(S)N1CCCCC1,1
CC=C1C(OC2OC(CO)C(O)C(O)C2O)OC=C(C(=O)OC)C1CC(=O)OCCc1ccc(O)c(O)c1,0
COc1ccc(C2=COc3ccccc3O2)cc1O,4
OC(O)C1CC(O)C(O)C(F)O1,2
Nc1ncnc2c1ncn2C1OC(CO[P+](=O)[O-])CC1O,2
Cc1c(O)cc2c(c1O)C(=O)C(O)C(c1cc(O)c(O)c(O)c1)O2,0
CCC(C)C(NC(=O)C(C)NC(=O)C(Cc1ccccc1)NC(=O)C(NC(=O)C(CC(=O)O)NC(=O)C(N)CC(C)C)C(C)CC)C(=O)O,2
COC(=O)C(Cc1ccccc1)NC(=O)C(CC(=O)OC(C)(C)C)NC(=O)OC(C)(C)C,2
O=C(CCc1ccc(O)c(O)c1)NCCCCNCCCNC(=O)CCc1ccc(O)c(O)c1,0
COP(=O)(OC)C1C(CO)OC(n2cnc3c(N)ncnc32)C1O,2
CC(C)(C)N1C(=O)c2ccccc2S1(=O)=O,2
CCOC(=O)c1n[nH]c(=O)[nH]c1=O,1
COc1ccc(-c2cc(=O)c3c(O)c(OC4OC(CO)C(O)C(O)C4O)c(OC)cc3o2)cc1O,2
OCC(O)C(O)C(O)C(O)C1OC(O)C(O)C(O)C1O,2
COC(=O)C(CC(C)C)NC(=O)CNC(=O)CNC(=O)CCc1ccccc1,2
O=c1ccc2ccc(O)cc2o1,0
O=C(NCCc1ccc(O)cc1)C(O)C(O)C(O)C(O)CO,3
CC(N)P(=O)(O)OC1C(CO)OC(n2cnc3c(N)ncnc32)C1O,2
CC(=O)OC1C(OC2OC(CO)C(O)C(O)C2O)C(OC2CCC3(C)C(CCC4(C)C3CC=C3C5CC(C)(C)CCC5(C(=O)OC5OC(CO)C(O)C(O)C5O)CCC34C)C2(C)C)OC(C(=O)O)C1OC1OCC(O)C(O)C1O,2
COc1cc(-c2cc(=O)c3c(O)c(CC=C(C)C)c(OC4OC(CO)C(OC)C(O)C4O)cc3o2)ccc1O,2
CC(N)C(=O)NC(CC(N)=O)C(=O)NC(C)C(=O)NC(Cc1ccccc1)C(=O)O,2
Nc1ncnc2c1ncn2C1OC(COP(=O)(O)N(OP(=O)(O)O)OP(=O)(O)O)C(O)C1O,2
NCCCCC(N)C(=O)NC(CC(N)=O)C(=O)NC(Cc1ccccc1)C(=O)NC(CC(N)=O)C(=O)O,2
CC(C)C1CCC(C)C23CCC(C)(O)C2C13,4
CCCC(C)(S)CO,4
CC(N)C(=O)NC(Cc1ccccc1)C(=O)NC(CC(=O)O)C(=O)NC(Cc1ccccc1)C(=O)O,2
CCC(=O)OCCc1scnc1C,4
C#CC1OC(OC2C(CO)OC(OC)C(O)C2O)C(O)C(O)C1O,2
NC(=S)Nc1ccccc1,0
NC(=O)P(=O)(O)OCC1OC(n2cnc3c(N)ncnc32)C(O)C1O,2
CC(NC(=O)C(NC(=O)C(N)CC(=O)O)C(C)O)C(=O)NC(Cc1ccccc1)C(=O)O,2
CCC12COC(=O)C(C)C1C1OC(=O)C(C)C1C(OC(=O)C(C)CO)C2,0
CC1(C)CCC2(C(=O)OC3OC(CO)C(O)C(O)C3O)CCC3(C)C(=CCC4C5(C)CCC(OC6OC(C(=O)O)C(O)C(OC(OCC(=O)O)C(O)(CO)C(=O)O)C6O)C(C)(C)C5CCC43C)C2C1,2
COC(=O)CC(NC(C)=O)C(=O)NC(C)C(=O)NC(C(=O)NC(CC(=O)O)C(=O)CCCc1ccccc1)C(C)C,2
O=C(CO)[C@@H](O)[C@H](O)[C@H](O)COP(=O)(O)O,1
CC(C)(C)OC(=O)NC(CC(=O)O)C(=O)NC(Cc1ccccc1)C(=O)O,2
CC1OC(OC2C(CO)OC(O)C(O)C2O)C(O)C(O)C1O,2
C=C1C(=O)OC2C3C(CO)=CC(=O)C3=C(C)CC(O)C12,0
Cc1cccc(C(N=Nc2ccccc2)=NNc2ccccc2)c1,2
CC(C)CC(NC(=O)C(NC(=O)C(CC(=O)O)NC(=O)C(N)Cc1ccccc1)C(C)C)C(=O)O,2
O=C(C=Cc1ccc(O)c(O)c1)c1ccc2c(c1O)OC1C(O2)OC(CO)C(O)C1O,2
C=C1C(=O)OC2C=C(C)CCC=C(C(=O)OC3OC(CO)C(O)C(O)C3O)CCC12,0
Nc1ncnc2c1nc(Cl)n2C1CC(O)C(COP(=O)(O)OP(=O)(O)OP(=O)(O)O)O1,2
CC(=O)c1cccnc1,2
C=C(C(=O)OC1CC(C)=CCCC(CO)=CC2OC(=O)C(=C)C21)C(O)CO,0
Nc1nc(N)c2ncn(C3CC(O)C(CO[P+](=O)[O-])O3)c2n1,2
CC(C)C(NC(=O)C(N)CC(N)=O)C(=O)NC(C(=O)NC(Cc1ccccc1)C(=O)O)C(C)C,2
CCC(C)C(NC(=O)C(N)Cc1ccccc1)C(=O)NC(CC(=O)O)C(=O)NC(CC(=O)O)C(=O)O,2
O=S(O)OCC1OC(OC2C(CO)OC(O)C(O)C2O)C(O)C(O)C1O,2
CC(=O)NC(Cc1ccccc1)C(=O)NC(CC(=O)O)C(=O)NC(CC(C)C)C(N)=O,2
CC1CC(O)C(O)C(OC2(CO)OC(CO)C(O)C2O)O1,2
CCC(C)C(NC(=O)C(N)CC(=O)O)C(=O)OC(C)C,2
CCN(Cc1ccccc1)C(=Nc1ccc(C#N)cc1)NCC(=O)O,2
CC(=O)C1=C(C)OC(C)C1=O,4
COC(=O)C(Cc1ccccc1)NC(=O)C(NC(=O)C(F)(F)F)C(=O)O,2
COC1(C)OC2OC(C)C(O)C(OC3OC(CO)C(O)C(O)C3O)C2O1,2
CCOC(=O)C1OC(OC2CCC3(C)C(CCC4(C)C3CC=C3C5CC(C)(C)CCC5(C(=O)O)CCC34C)C2(C)C)C(OC2OC(CO)C(O)C(O)C2OC2OC(CO)C(O)C(O)C2O)C(O)C1O,2
CC1=CC2C(CCC(C)=CCC1)C2(C)C,4
CCCCCOCC1OC(n2cnc3c(N)ncnc32)C(O)C1OP(=O)(O)O,2
Cc1o[nH]c(=O)c1C,1
C=CCCCCO,4
CC1CCC2(C(=O)O)C(O)CC3(C)C(=CCC4C5(C)CCC(OC6OC(C(=O)O)C(O)C(O)C6OC6OC(CO)C(O)C(O)C6O)C(C)(C=O)C5CCC43C)C2C1,2
CCCCN(CCC(=O)OCC)C(=O)C(CC(=O)O)NC(=O)Cc1ccccc1,2
OCC1OC(OC2C(O)CCOC2CO)C(O)C(O)C1O,2
COc1nc(C)cnc1C,4
COC(=O)c1ccc([N+](=O)[O-])c(O)c1,1
CC1(C(=O)O)CCC2(C)CCC3(C)C(=CC(=O)C4C5(C)CCC(OC6OC(C(=O)[O-])C(O)C(O)C6OC6OC(C(=O)[O-])C(O)C(O)C6O)C(C)(C)C5CCC43C)C2C1.O.[K+].[K+],2
CCCCCCCCCCCCCCCCCCOCC1(OC2OC(CO)C(O)C(O)C2O)OC(CO)C(O)C1O,2
CCC(C)C(N)C(=O)NCC(=O)NC(CC(=O)O)C(=O)NC(Cc1ccccc1)C(=O)O,2
Nc1ncnc2c1ncn2C1OC(CO)C(OP2(=O)O[B]O2)C1O,2
CCCCCCCCOCC1(OC2OC(CO)C(O)C(O)C2O)OC(CO)C(OCCCCCCCC)C1OCCCCCCCC,2
CC(C)CC(N)C(=O)NC(Cc1ccccc1)C(=O)NC(CC(=O)O)C(=O)NC(CCCCN)C(=O)O,2
N#CN(C(=O)C(N)CC(=O)O)C(Cc1ccccc1)C(=O)O,2
Cc1c(O)c(OC2OC(CO)C(O)C(O)C2O)cc2c1CCC1C2(C)C(=O)CC2(C)C(C(C)(O)C(O)C=CC(C)(C)O)C(O)CC12C,0
O=C(CCc1ccc(O)c(O)c1)c1ccc(O)c(OC2OC(CO)C(O)C(O)C2O)c1O,2
CC(=O)NC(C)C(=O)NC(Cc1ccccc1)C(=O)O,2
CC1CCC(C(C)C)C(OC(=O)OCCO)C1,4
NC(=S)S,1
CSCCNc1nc2c(ncn2C2OC(COP(=O)(O)O)C(O)C2O)c(=O)[nH]1,3
c1ccc(CCCc2ccccn2)cc1,4
O=C(CO)C(O)C(F)C(O)CO,2
COC1=CC(C)C2CC3OC(=O)CC4C(C)C(OC)C(O)C(C2(C)C1=O)C34C,0
COC(=O)C(Cc1ccccc1)NC(=O)CCC(=O)NCCC(C)C,2
O=C1c2ccccc2C(=O)C1c1ccc(Br)cc1,1
CC1OC(OC2C(OC3C(OC4CCC5(C)C(CCC6(C)C5CC=C5C7CC(C)(C)CC(=O)C7(C)CCC56C)C4(C)CO)OC(C(=O)O)C(O)C3O)OC(CO)C(O)C2O)C(O)C(O)C1O,2
[N-]=[N+]=Nc1nc2c(N)ncnc2n1C1OC(COP(=O)(O)O)C(OP(=O)(O)O)C1O,2
C1CSCCS1,4
Cn1cc2[nH]c(S)nc2nc1=O,1
OCCC(O)COC1CCCCO1,2
Cc1cc(C2CC(=O)c3c(O)cc(O)cc3O2)cc(OC2OC(C)C(OC3OC(CO)C(O)C(O)C3O)C(O)C2O)c1O,2
COc1cc(C2Oc3cc(O)cc(O)c3C(=O)C2OC2OC(COC3OC(C)C(O)C(O)C3O)C(O)C(O)C2O)ccc1O,2
CCCC(C(=O)O)C(=O)O,1
CC(C)COP(=O)(O)OP(=O)(O)OCC1OC(n2cnc3c(N)ncnc32)C(O)C1OP(=O)(O)O,2
CC1=CCSCC1,0
NC(CC(=O)O)C(=O)NC(Cc1ccccc1)C(=O)NC(Cc1ccccc1)C(=O)NCC(=O)O,2
Nc1ncnc2c1ncn2C1CC(OP(=O)(O)OP(=O)(O)OP(=O)(O)O)C(CO)O1,2
COc1cc2oc(CO)c(-c3cccc(OC4OC(CO)C(O)C(O)C4O)c3O)c(=O)c2c(O)c1C,2
CCOc1ccc(NC(N)=S)cc1,0
COC1OC(COC(C)=O)C(OC(C)=O)C(OC(C)=O)C1O,2
CC(CC([N+](=O)[O-])[N+](=O)[O-])C(N)=O,1
CC1OC(C)(OC2COC(CO)C(O)C2O)C(O)C(O)C1O,2
Nc1nc(F)nc2c1ncn2C1OC(CO)C(O)C1O.O=P([O-])([O-])O.[K+].[K+],2
CC=C(C)C(=O)OCCc1ccccc1,2
CC(=O)C(C)Sc1ccoc1C,4
C=C(C)CCCC(C)CCOC(C)=O,0
CC(N)C(=O)NC(C)C(=O)NC(Cc1ccccc1)C(=O)O,2
CCC(C)C(N)C(=O)NC(CC(N)=O)C(=O)NC(CC(C)C)C(=O)NC(Cc1ccccc1)C(=O)O,2
COC(=O)C(Cc1ccccc1)N(C)C(=O)C(CC(C)C)NC(=O)CNC(=O)O,2
CC(=O)NC1C(O)OC(CO)C(O)C1O,2
Nc1ccc(NC(=O)c2ccc(Cl)cc2)cc1,1
CC(CC(=O)O)C(=O)O,1
O=C(Cc1ccccc1)OCCc1ccccc1,2
COc1cc2oc(-c3ccc(OC4OC(C)C(O)C(O)C4O)c(O)c3)cc(=O)c2c(O)c1C1OC(CO)C(O)C(O)C1O,2
C=C1CCC2C(C1)C2(C)C,4
COC(CCCO)C1OC(OC2C(CO)OC(O)C(O)C2O)C(O)C(O)C1O,2
CC=CC(=O)C(C)CC,2
Cn1cnc2c1c(=O)[nH]c(=O)n2C,0
CCC(C)(O)CC,4
OC1OC2COC(C2)C1O,2
CCOCC=C(C)C,4
COC(=O)C(NC(=O)C(N)CC(=O)O)C(=O)OC1CCCCC1C,2
CC1(C)CC1(C(=O)O)S(=O)(=O)c1ccccc1,2
OCCC(O)C(O)C(O)CO,2
C=C1CC23CCC4C(CCCC4(C)CC(=O)OC4OC(CO)C(O)C(O)C4O)C2CCC1(OC1OC(CO)C(O)C(O)C1O)C3,2
C=CC1(C)C=C2CCC3C(C)(C(=O)O)CCCC3(C)C2CC1,0
Cc1ccc(C=O)s1,2
CCCCCCCCCCOC(=O)C1OC(OC2CCC3(C)C(CCC4(C)C3CC=C3C5CC(C)(C)CCC5(C(=O)OC5OC(CO)C(O)C(O)C5O)CCC34C)C2(C)C)C(O)C(O)C1O,2
O=C(O)c1nc2ncncc2[nH]1,1
COC(=O)C(Cc1cccc(CC(NC(C)=O)C(=O)O)c1)NC(=O)CN,2
CC1=CC2OCC(C)C2CC1,4
CC(=O)C=CCC(C)C,4
OCC1OC(OC2(COO)OC(CO)C(O)C2O)C(O)C(O)C1O,2
COc1ccc2oc3cc(OC4OC(CO)C(O)C(O)C4O)c(OC)c(O)c3c(=O)c2c1,2
CCOC1OC(C(O)(O)CO)C(O)C1OC,2
CCCCCSSC,4
CCCCCCCCCCCCCO,4
CC1(C)CC2C3=CCC4C5(C)CCC(OC6OC(C(=O)O)C(O)C(O)C6OC6OC(CO)C(O)C(O)C6O)C(C)(C)C5CCC4(C)C3(C)CC(O)C2(C(=O)O)CC1OC1OC(CO)C(O)C(O)C1O,2
COC(=O)C(Cc1ccccc1)NC(=O)C(N)CC(=O)OC(=O)CN,2
CCC(CC)COC(C)=O,2
Nc1ncnc2c1ncn2C1OC(COP(=O)(O)O[Se](=O)(=O)O)C(OP(=O)(O)O)C1O,2
CC1OC(OC2C(CO)OC(Oc3cc4occ(-c5ccc(O)cc5)c(=O)c4c(O)c3O)C(O)C2O)C(O)C(O)C1O,2
COC1OC(CO)C(O)C(O)C1OCOCCOC1OC(CO)C(O)C(O)C1O,2
OCCO,2
CC1CCC2(C)CCC3(C)C(=CC(=O)C4C5(C)CCC(OC6OC(C(=O)O)C(O)C(O)C6OC6OC(C(=O)O)C(O)C(O)C6O)C(C)(C)C5CCC43C)C2C1,2
CC(=O)C(O)CC([N+](=O)[O-])[N+](=O)[O-],1
COc1ccc(-c2coc3cc(O)cc(O)c3c2=O)cc1,0
CN(C)C12CCC(C(=O)O)(CC1)C2,1
COC(=O)NCC(=O)NC(CC(C)C)C(=O)NC(Cc1ccccc1)C(=O)OC,2
O=S(=O)(O)C(O)c1ccccn1,1
Cc1cc(=O)[nH]c(=S)[nH]1,0
COC(=O)C(NC(=O)C(CC(=O)O)NC(=O)Nc1ccc([N+](=O)[O-])cc1)C(=O)OC,2
CC1OC(Oc2ccc(-c3cc(=O)c4c(O)cc(O)c(OC5OC(CO)C(O)C(O)C5O)c4o3)cc2)C(O)C(O)C1O,2
COC1CC(C)OC(O)C1O,2
OCC1OC(O)C(OC2(CCl)OC(CCl)C(O)C2O)C(O)C1OCl,2
CC(CCC(OC1OC(CO)C(O)C(O)C1O)C(C)(C)O)C1CCC2(C)C3CC=C4C(CCC(OC5OC(CO)C(O)C(O)C5O)C4(C)C)C3(C)C(=O)CC12C,0
CCN=C=S,4
O=C(O)c1c[nH]cn1,1
COC(=O)C(Cc1ccccc1)NC(=O)C(N)C(CC=C(C)C=CC=C(C)C=CC1=C(C)CCCC1(C)C)C(=O)O,2
CC(=O)OC(C)(C)C=CC(=O)C(C)(O)C1C(O)CC2(C)C3CC=C4C(CC(OC5OC(CO)C(O)C(O)C5O)C(=O)C4(C)C)C3(C)C(=O)CC12C,0
CC1OC(OCC2OC(Oc3cc(O)cc4c3C(=O)CC(c3ccc(O)c(O)c3)O4)C(O)C(O)C2O)C(O)C(O)C1O,2
CC(C)CC1NC(=O)C(Cc2ccccc2)NC1=O,0
C=CC(C)(CCC=C(C)C)OC(=O)CC(C)C,2
NCCCCC(N)C(=O)NC(Cc1ccccc1)C(=O)NC(CC(=O)O)C(=O)NC(CC(N)=O)C(=O)O,2
COC(=O)CC([N+](=O)[O-])[N+](=O)[O-],1
Nc1cc(C(=O)O)c2ccccc2c1,1
CCCCCCc1cccs1,4
COC1OC(C)C(O)C(O)C1[Hg],2
O=CCC(O)C(O)C(O)C(=O)O,2
C=C(C)OC(C)=O,2
CCCCOS(N)(=O)=O,2
CC(C)C(NC(=O)CNC(=O)C(CC(=O)O)NC(=O)C(N)Cc1ccccc1)C(=O)O,2
COc1ccc(-c2cc(=O)c3c(O)cc(O)cc3o2)cc1OC1OC(CO)C(O)C(O)C1O,2
CC(C)CC(N)C(=O)NC(CC(C)C)C(=O)NC(Cc1ccccc1)C(=O)NC(CC(N)=O)C(=O)O,2
COC(=O)C(NC(=O)C(N)CC(=O)O)C(C)O,2
CC(NC(=O)C(N)CC(N)=O)C(=O)NC(C(=O)NC(Cc1ccccc1)C(=O)O)C(C)C,2
Nc1nc(Cl)nc2c1ncn2C1OC(COP(=O)(O)OP(=O)(O)O)C(O)C1O,2
O=c1[nH]ncc(=S)[nH]1,1
OCC1OC(OC2COC(O)(CO)C2O)C(O)C(O)C1O,2
COC1OC(O)(CO)C(O)C(O)C1OC,2
CSSSSC,4
CC(O)C(O)(O)CCO,2
CSCC(C)=O,4
CCCCCC=CCCC(=O)O,4
CCCC=CCCC(=O)OCC,4
NOCC(=O)O,1
Ic1ccc(N=NC(=NNc2ccccc2)c2ccccc2)cc1,2
CC(C)=CC1CC(C)=CCO1,4
CC(NC(=O)C(CO)NC(=O)C(N)CC(N)=O)C(=O)NC(Cc1ccccc1)C(=O)O,2
Nc1ncnc2c1ncn2C1CC(O)C(COP(N)O)O1,2
CCCC=CC(C)=O,4
CCCC(CCO)SC,4
CC(NC(=O)C(CC(=O)O)NC(=O)C(N)Cc1ccccc1)C(=O)NC(CC(N)=O)C(=O)O,2
CC12CCCC(O)(C1)C1CC(C)(C)C1CC2,4
CCC(C)C(=O)C1=C(O)C(O)(CC=C(C)C)C(=O)C(CC=C(C)C)C1=O,0
Nc1ncnc2c1ncn2C1OC(COSP(=O)(O)OP(=O)(O)O)C(O)C1O,2
S=C(S)N1CCOCC1,1
CC1(C)CCC2(C(=O)OC3OC(CO)C(O)C(O)C3O)CCC3(C)C(=CCC4C5(C)CCC(OC6OC(C(=O)O)C(O)C(OC(OCC(=O)O)C(O)C(=O)O)C6O)C(C)(CO)C5CCC43C)C2C1,2
C=CCOC(=O)CC1CCCCC1,2
O=C(O)CCc1ccccc1F,1
CC(C)CC(NC(=O)C(Cc1ccccc1)NC(=O)CNC(=O)CNC(=O)C(N)CC(=O)O)C(=O)NC(CCCCN)C(=O)O,2
CC(O)C(NC(=O)C(N)CC(N)=O)C(=O)NC(CC(=O)O)C(=O)NC(Cc1ccccc1)C(=O)O,2
O=c1c(OC2OC(CO)C(O)C(O)C2O)c(-c2ccc(O)c(O)c2)oc2cc(O)cc(O)c12,4
C=CC(OC(C)=O)c1ccc(OC(C)=O)c(OC)c1,4
Nc1ncnc2c1ncn2C1OC(COP(=O)(O)OS(=O)O)C(OP(=O)(O)O)C1O,2
OCC1OC(OCC(O)C2OC(O)C(O)C2O)C(O)C(O)C1O,2
COc1cc(-c2cc(=O)c3c(O)cc(O)c(C4OC(COC(C)=O)C(O)C(OC5OC(CO)C(O)C(O)C5O)C4O)c3o2)ccc1O,2
CC1(C)C=C2C3CCC4C5(C)CCC(OC6OC(C(=O)O)C(O)C(OC7OCC(O)C(O)C7O)C6OC6OC(CO)C(O)C(O)C6O)C(C)(C)C5CCC4(C)C3(C)CCC2(C(=O)O)C(O)C1,2
COC(=O)C(Cc1ccccc1)NC(=O)C(N)C(C)C,2
CC(C)CC(NC(=O)CNC(=O)C(N)CC(N)=O)C(=O)NC(Cc1ccccc1)C(=O)O,2
O=c1cc(-c2cc(OC3OC(CO)C(O)C(O)C3O)c(O)c(OC3OC(CO)C(O)C(O)C3O)c2)oc2cc(O)cc(O)c12,2
CC12CC(=O)c3occc3C1CCC13CC(CC(O)C21)C(O)(COC1OC(CO)C(O)C(O)C1O)C3O,0
O=C(O)CC(CC(=O)O)C(=O)O,1
CCCCCC(=O)CC(=O)CCc1ccc(O)c(OC)c1,4
CCC(C)C(NC(=O)C(CC(=O)O)NC(=O)C(N)Cc1ccccc1)C(=O)NC(CC(N)=O)C(=O)O,2
OCC1OC(OC2OC(CO)C(O)C(O)C2O)C(O)C1O,2
OCC1OC(OC2(COCC3CO3)OC(CO)C(O)C2O)C(O)C(O)C1O,2
CCC(C)C(=O)C1=C(O)C(O)(C(=O)CC=C(C)C)C(CC=C(C)C)C1=O,0
NCC(=O)NC(CCC(N)=O)C(=O)NC(CC(=O)O)C(=O)NC(Cc1ccccc1)C(=O)O,2
COc1cc2c(=O)c(-c3ccc(O)cc3)coc2cc1OC1OC(COC2OCC(O)C(O)C2O)C(O)C(O)C1O,2
OCC(O)CC(O)OCC1OC(OC2(CO)OC(CO)C(O)C2O)C(O)C(O)C1O,2
Nc1nc(Cl)nc2c1ncn2C1OC(COP(=O)(O)OP(=O)(O)OP(=O)(O)O)C(O)C1O,2
COc1cc2c(cc1O)C1CCC3(C)CCCC3C1CC2,2
OCC1OC(O)C(OCl)C(O)C1O,2
COC(=O)C(CCC(C)C)NC(=O)C(N)CC(=O)O,2
CC1(C)OCC(C(O)C2OC(C)(C)OCC2O)O1,2
Cc1ccc(C(=O)O)s1,1
CC1(C(=O)O)CCC2(C)CCC3(C)C(=CC(=O)C4C5(C)CCC(OC6OC(C(=O)O)C(O)C(OC(=O)C(O)C(O)C(O)C(O)CO)C6OC6OC(C(=O)O)C(O)C(O)C6O)C(C)(C)C5CCC43C)C2C1,2
CC1=CCC2(O1)C(C)=CC(=O)CC2(C)C,4
O=c1[nH]sc2ccccc12,2
OCC1OC(OCC(O)O)C(O)C(O)C1O,2
CCOC1C(CO)OC(OC)C(O)C1O,2
O=C1CC(c2ccc(OC3OC(CO)C(O)C(O)C3O)cc2)Oc2cc(O)ccc21,2
NCCCC(N)C(=O)NCCS(=O)(=O)O,4
C=Cc1nc2c(N)ncnc2n1C1OC(COP(=O)(O)OP(=O)(O)O)C(O)C1O,2
CCCSCCC,4
CCCCCCCOC1C(O)C(O)OC(CO)C1O,2
O=C1NC(=O)C(c2ccccc2)(c2ccccc2)C1=O,1
CCC=CCC1=C(C)CCC1=O,4
COC(=O)C1OC(OC2CCC3(C)C(CCC4(C)C3CC=C3C5CC(C)(C)CCC5(C(=O)O)CCC34C)C2(C)C)C(OC2OC(CO)C(O)C(O)C2O)C(O)C1O,2
CC1=C(C=O)C(C)(C)CC=C1,2
COc1ccc(C2CC2C(=O)O)cc1,1
CC1(CO)CC2C3=CCC4C5(C)CCC(OC6OC(C(=O)O)C(O)C(O)C6OC6OC(CO)C(O)C(O)C6O)C(C)(CO)C5CCC4(C)C3(C)CCC2(C)C(O)C1O,2
COP(=O)(O)OP(=O)(O)OCC1OC(n2cnc3c(N)ncnc32)C(O)C1O,2
COC1C(COP(=O)(O)O)OC(n2cnc3c(N)ncnc32)C1O,2
OCC1OC(O)C(O)C(OC2C(O)C(O)OC(CO)C2O)C1O,2
CC(OC=O)c1ccccc1,4
CNC(=O)C(Cc1ccccc1)NC(=O)C(CCCCNCCCC=O)CC(=O)O,2
COCC1OC(OC2C(COC)OC(O)C(O)C2O)C(O)C(O)C1O,2
Cc1ccc(C)s1,4
CC1=CCC2C(C)=CCC(C(C)C)C2C1,4
COc1ccc(C2CC(=O)c3c(OC)cc(OC4OC(COC5OC(C)C(O)C(O)C5O)C(O)C(O)C4O)cc3O2)cc1OC,2
CC(Cc1cc2ccccc2[nH]1)NC(=O)C(N)CC(=O)O,0
CC1CCC(C(C)C)CC1,4
CC(O)C(O)C(O)C(OCCO)Oc1ccc2c(c1)OC(c1ccc3c(c1)OCCO3)CC2=O,2
CCOc1ccc(CCc2ccccc2)cc1O,2
COC1CC(O)C(OC)C(C)O1,2
CCCCCCCCCC(CC(=O)O)C(=O)NC(Cc1ccccc1)C(=O)NC,2
CCCCC([N+](=O)[O-])[N+](=O)[O-],1
COC(=O)C(Cc1ccccc1)NC(=O)C(N)C(=O)O,2
O=COCCCc1ccccc1,2
CC(C)C(C=O)c1ccccc1,0
CC(=O)OCC=C(C)CCCC(C)CCCC(C)CCCC(C)C,4
CC1=C(O)C(=O)CC(C)(C)C1,4
CCCCOC1OC(C)C(O)C(O)C1O,2
CCC1CN2CCc3cc(OC)c(OC)cc3C2CC1CC1=C2C=C(OC)C(=O)C=C2CCN1,0
Nc1ncnc2c1ncn2C1OC(CO[P+](O)([S-])OP(=O)(O)OP(=O)(O)OP(=O)(O)O)C(O)C1O,2
C=C(COC(C)=O)C1CC=C(C)CC1,2
COC(=O)CN1CC1C(=O)NC(Cc1ccccc1)C(=O)OC,2
C[C@@]1(C(=O)O)C[C@H]1C(=O)O,1
O=[PH](O)Cc1ccc(Cl)cc1,1
CC(C)C(NC(=O)C(N)CC(N)=O)C(=O)NC(Cc1ccccc1)C(=O)NC(CC(N)=O)C(=O)O,2
O=C(C=Cc1ccccc1)OCC1OC(OC2OC=CC3C(O)C4OC4(CO)C23)C(O)C(O)C1O,0
CC(N)C(=O)NC(CC(N)=O)C(=O)NC(Cc1ccccc1)C(=O)NC(CC(N)=O)C(=O)O,2
COc1ccc(C2CSc3ccccc3S2)cc1O,2
COc1cc2c3cc1Oc1c(OC)c(OC)cc4c1C(Cc1ccc(OC)c(c1)-c1cc(ccc1O)CC3N(C)CC2)N(C)CC4,0
CC(NC(=O)C(CC(=O)O)NC(=O)C(N)CCCN=C(N)N)C(=O)NC(Cc1ccccc1)C(=O)O,2
CC(O)C(O)CCCCCCCCCCCCCCCCC(OC1OC(CO)C(O)C(O)C1O)C(C)O,2
COC1OC(C)C(OC2OC(COO)C(OC)C(O)C2O)C(OC)C1O,2
NC(=O)CC(NC(=O)C(N)CC(=O)O)C(=O)NCC(=O)NC(Cc1ccccc1)C(=O)O,2
Nc1ncnc2c1ncn2C1OC(COP(=O)(O)N(P(=O)(O)O)P(=O)(O)O)C(O)C1O,2
CC(N)C(=O)NC(Cc1ccccc1)C(=O)NC(CC(N)=O)C(=O)O,2
COC1OC(CO)C(O)C(OC2OCC(O)C(O)C2O)C1O,2
CC(C)=CCCC(C)CCOC(=O)C(C)C,2
OCC1OC(OSOC2OC(CO)C(O)C(O)C2O)C(O)C(O)C1O,2
CC(C)C(NC(=O)C(N)CC(N)=O)C(=O)NC(Cc1ccccc1)C(=O)O,2
CC1OC(OC2C(O)COC(OC(=O)C34CCC(C)(C)CC3C3=CCC5C6(C)CCC(OC7OC(C(=O)O)C(O)C(O)C7O)C(C)(C)C6CCC5(C)C3(C)CC4O)C2OC2OC(C)C(O)C(O)C2O)C(O)C(O)C1O,2
COc1cc(O)c2c(c1)OC(c1ccc(OC3OC(CO)C(O)C(O)C3OC3OCC(O)(CO)C3O)c(OC)c1)CC2=O,2
O=S(=O)(O)OC1C(OC2OC(CO)C(O)C(O)C2O)OC(CO)C(O)C1O,2
CC(C)OC=O,4
COc1cc(-c2coc3cc(OC4OC(COC5OC(CO)C(O)C(O)C5O)C(O)C(O)C4O)c(OC)c(O)c3c2=O)cc(O)c1OC,2
CC1OC(OC2C(Oc3ccc(-c4cc(=O)c5c(O)cc(OC6OC(CO)C(O)C(O)C6O)cc5o4)cc3O)OC(CO)C(O)C2O)C(O)C(O)C1O,2
CC(O)CCc1ccccc1,2
COc1ccc(C2CC(=O)c3ccc(OC4OC(COC(C)=O)C(O)C(O)C4O)c(O)c3O2)cc1O,2
On1ccccc1=S,1
CCCCCC(=O)OCCC(C)C,4
CCCCOP(=O)(CC(=O)O)OCCCC,1
CCCOC1CC(O)C(O)C(CO)O1,2
Cc1cnc(CC(C)C)c(C)n1,4
O=C(O)C[Se]CC(=O)O,1
COC(=O)C(Cc1ccccc1)NC(=O)C(C)NC(=O)Cc1ccccc1,2
O[B]OCC(O)C(O)C(O)C(O)CO,2
OCC1OC(OCC2(OCC3(O)OC(CO)C(O)C3O)OC(CO)C(O)C2O)C(O)C(O)C1O,2
CN(C)c1ncnc2c1ncn2[C@@H]1O[C@H](CO)[C@@H](O)[C@H]1O,1
CC(=O)OC1OC(C)C(O)C(OC(C)=O)C1OC(C)=O,2
CCC(C)C(=O)O,1
CCCCC1(CCCC)CCC(=O)O1,4
CNC(CC(C)C)C(=O)NC(Cc1ccccc1)C(=O)OC,2
CCOC(=O)C1OC(OC2CCC3(C)C(CCC4(C)C3CC=C3C5CC(C)(C)CC(O)C5(C)CCC34C)C2(C)CO)C(OC2OC(CO)C(O)C(O)C2OC2OC(C)C(O)C(O)C2O)C(O)C1O,2
CC1OC(OC2C(C)OC(Oc3cc(-c4cc(=O)c5c(O)cc(O)cc5o4)cc(O)c3O)C(O)C2O)C(O)C(O)C1O,2
CCCCCN,4
SCc1cnccn1,4
C=C1C(=O)OCC2(CC)C[C@H](OC(=O)C(C)CO)C3C(C)C(=O)OC3C12,0
CC1OC(Oc2cc(-c3oc4cc(O)cc(O)c4c(=O)c3O)cc(O)c2O)C(O)C(OC2OC(CO)C(O)C(O)C2O)C1O,2
OCC1OC(OC2COC(O)(CO)C(O)C2O)C(O)C(O)C1O,2
OCCCCCCOC1OC(COC2OC(CO)C(O)C(O)C2O)C(O)C(O)C1O,2
CC(N)C(=O)NC(C)C(=O)NC(CC(=O)O)C(=O)NC(Cc1ccccc1)C(=O)O,2
Nc1ncnc2c1ncn2C1OC(COP(=O)(O)C(Br)(Br)P(=O)(O)O)C(O)C1O,2
COC(=O)C(COC(C)=O)NC(=O)C(N)CC(=O)O,2
CC(NC(=Nc1cccc(Cl)c1)NCC(=O)O)c1ccccc1,2
COCC1OC(OC2C(CO)OC(O)C(O)C2O)C(OC)C(O)C1O,2
O=c1cc(-c2ccccc2)oc2cc(OC3OC(CO)C(O)C(O)C3O)c(O)c(OC3OC(CO)C(O)C(O)C3O)c12,2
O=C(O)CSc1ccccc1C(=O)O,1
CCCCCOC1C(O)C(O)OC(CO)C1O,2
O=C1c2ccc(O)cc2OC(c2ccc(O)c(O)c2)C1O,0
COC1CC(O)C(OC2C(CO)OC(OC)C(O)C2O)OC1CO,2
Nc1ncnc2c1ncn2C1OC(COP(=O)(O)CP(=O)(O)OP(O)(O)=S)C(O)C1O,2
CC1OC(OC2C(OC3C(OC4CCC5(C)C(CCC6(C)C7CCC8(C)C(O)CC(C)(C)CC8C7=CCC65)C4(C)CO)OC(C(=O)O)C(O)C3O)OC(CO)C(O)C2O)C(O)C(O)C1O,2
COc1cc(-c2cc(=O)c3c(O)c(OC4CC(O)C(O)C(C)O4)c(O)cc3o2)ccc1O,2
COc1cc(CNC(=O)CCCCC=CC(C)C)ccc1O,4
OCC1CC(OC2OC(CO)C(O)C(O)C2O)C(O)C(O)O1,2
O=CC(O)C(O)C(O)C(CO)OF,2
CCC(C)C(N)C(=O)NC(C(=O)NC(C(=O)NC(Cc1ccccc1)C(=O)NC(CC(=O)O)C(N)=O)C(C)CC)C(C)C,2
COC(=O)C1OC(OC2CCC3(C)C(CCC4(C)C3CC=C3C5CC(C)(C)CCC5(C(=O)O)C(O)CC34C)C2(C)CO)C(O)C(O)C1O,2
COC(=O)C(Cc1ccccc1)NC(=O)C(C)(C)NC(=O)C(CC(C)C)NC(=O)C(C)(C)N,2
COc1ccc(C=CC(=O)c2c(O)cc(OC3CC(O)C(O)C(COC(C)CC(C)C(O)C(O)CO)O3)cc2OC)cc1O,2
Cc1c(C#N)c(O)nc2c1CCO2,1
CC1(C)CCC2(C)C(=O)C(O)C3(C)C(=CCC4C5(C)CCC(OC6OC(C(=O)O)C(O)C(OC7OC(CO)C(O)C(O)C7O)C6O)C(C)(C)C5CCC43C)C2C1,2
CC(=O)OCC1OC(OC(C)=O)C(O)C(OC(C)=O)C1OC(C)=O,2
OCCCCOC1C(O)OC(CO)C(O)C1O,2
O=C(O)CCS(=O)(=O)c1ccccc1,0
C=CCSSCCC,4
O=CC(O)C(O)C(O)C(O)C(O)F,2
COC(=O)C1OC(OC2CCC3(C)C(CCC4(C)C3CC=C3C5CC(C)(C)CCC5(C(=O)O)CCC34C)C2(C)C)C(OC2OC(CO)C(O)C(O)C2O)C(O)C1OC1OC(CO)C(O)C1O,2
Cn1c(N)nncc1=O,1
NC(Cc1ccccc1)C(=O)NCC(=O)NC(CC(=O)O)C(=O)NC(CCC(=O)O)C(=O)O,2
CNCCOC(=O)/C=C1\CCC2C(C(O)CC3C(C)(C)C(O)CCC23C)C1C,0
CCCCCOC1OC(CO)C(O)(O)C(O)C1O,2
COC1OCC(O)C(O)C1OC1OC(C)C(O)C(O)C1O,2
CC(C)CC(NC(=O)CNC(=O)C(CC(=O)O)NC(=O)C(N)Cc1ccccc1)C(=O)O,2
CCC(C)C(C(=O)O)S(=O)(=O)c1ccccc1,2
OCC1O[C](O)C(O)C(O)C1O,2
NC(=O)CC(NC(=O)C(Cc1ccccc1)NC(=O)C(N)CC(=O)O)C(=O)NC(Cc1ccccc1)C(=O)O,2
OCC1OC(OCC2OC(O)C(O)CC2O)C(O)C(O)C1O,2
CC(C=O)c1ccccc1,4
CC(C)=O,4
OCC1OC(OC2(CO)OC(CO)C(Cl)C2O)C(O)C(O)C1O,2
CCCCCCCCCCCCCCCCCCOC(=O)C1(C)CCC2(C)CCC3(C)C(=CC(=O)C4C5(C)CCC(OC6OC(C(=O)O)C(O)C(O)C6OC6OC(C(=O)O)C(O)C(O)C6O)C(C)(C)C5CCC43C)C2C1,2
CC1CCC(C(=O)O)(S(=O)(=O)c2ccccc2)C(C)C1,4
O=C(O)C1=CCC(C(=O)O)C1,1
CCC(C)C(NC(=O)C(N)C(C)C)C(=O)NC(CC(N)=O)C(=O)NC(Cc1ccccc1)C(=O)O,2
CCC(C)C(N)C(=O)NC(CC(=O)O)C(=O)NC(Cc1ccccc1)C(=O)O,2
OCC(O)C(O)C(O)C(CO)OC1OC(CO)C(O)C(OC2OC(CO)C(O)C(O)C2O)C1O,2
CC1C(=O)OC2C(O)C34C5OC(=O)C3(OC3OC(=O)C(O)C34C(C(C)(C)C)C5O)C12O,0
O=c1c(C2OC(COC3OCC(O)C(O)C3O)C(O)C(O)C2O)c(-c2ccc(O)c(O)c2)oc2cc(O)cc(O)c12,2
CC1=CC(=O)CC2(C)C1C(O)C1OC(=O)C(O)C3C4(C)OCC13C2C(O)C4O,0
COC1OC(C)C(O)C(O)C1OC1OC(CO)C(O)C(O)C1O,2
CNc1nc(N)c2ncn(C3OC(COP(=O)(O)O)C(O)C3O)c2n1,2
COC1C(O)OC(CO)C(OC)C1OC,2
CC1CC23CCCN4CCCC(C(=O)CC2)C43C1,0
CC(N)C(=O)NC(CCC(N)=O)C(=O)NC(CC(=O)O)C(=O)NC(Cc1ccccc1)C(=O)O,2
CC(C)OC(=O)C(NC(=O)C(N)CC(=O)O)C(C)O,2
CC(N)C(=O)NC(CC(=O)O)C(=O)NC(CS)C(=O)NC(Cc1ccccc1)C(=O)O,2
CCC(N)C(=O)N(C(=O)C(N)CC(=O)O)C(Cc1ccccc1)C(=O)OC,2
O=[N+]([O-])c1cccc(S)c1,1
OC1COC(O)C(O)C1,2
CC=C(C)CSC,4
CCCCCCCCCC1OC(O)C(O)C(O)C1O,2
COc1cc(-c2oc3cc(O)cc(O)c3c(=O)c2OC2OC(OC(=O)O)C(O)C(O)C2O)ccc1O,2
CC1=C(O)C(=O)CC(OC2CC(C)(C)CC3C4=CCC5C6(C)CCC(OC7OC(C(=O)O)C(O)C(O)C7OC7OC(CO)C(O)C(O)C7OC7OC(C)C(O)C(O)C7O)C(C)(CO)C6CCC5(C)C4(C)CCC23C=O)O1,2
Nc1ncnc2c1ncn2C1OC(COP(=O)(O)O)C(O)C1N,2
CC(N)C(=O)NC(CC(=O)O)C(=O)NC(CO)C(=O)NC(Cc1ccccc1)C(=O)O,2
CCCCCCC(=O)OCC(C)C,4
CC1(C)CCC2(C(=O)OC3OC(CO)C(O)C(O)C3O)CCC3(C)C(=CC(=O)C4C5(C)CCC(OC6OC(C(=O)O)C(O)C(O)C6O)C(C)(C)C5CCC43C)C2C1,2
CCCCC1OC(=O)c2ccccc21,4
OCC1OC(OC2C(CO)OC(O[Si])C(O)C2O)C(O)C(O)C1O,2
O=c1c(-c2ccc(O)c(O)c2)coc2cc(OC3OC(CO)C(O)C(O)C3O)ccc12,2
COc1ccc(C2CC(=O)c3c(O)cc(OC4OC(COC5OC(C)C(O)C(O)C5O)CC(O)C4O)cc3O2)cc1O,2
CC1OC(OCC2OC(Oc3cc(O)c4c(c3)OC(c3ccc(O)c(O)c3)C(O)C4=O)C(O)C(O)C2O)C(O)C(O)C1O,2
CC1(C)OCC2OC(OC3C(CO)OCC(O)C3O)C(O)C(O)C2O1,2
COC(=O)C1Cc2cccc(c2)CC(NC(C)=O)C(=O)NCCCC(=O)N1,2
CCC=CCCC=CC(=O)NCC,4
OC1OC(CF)C(O)C(O)C1O,2
CC(C)C1=CC2=CCC3C(C)(C(=O)O)CCCC3(C)C2CC1,0
COC(=O)C1OC(OC2CCC3(C)C(CCC4(C)C3CC=C3C5CC(C)(C)CCC5(C(=O)OC5OC(CO)C(O)C(O)C5O)CCC34C)C2(C)C)C(O)C(O)C1O,2
CCCOC1OC(C)C(O)C(O)C1OC1OC(C)C(O)C(O)C1O,2
COCC1CCC=C1C=NO,0
OCC1OC(O)C(OCC2CO2)C(O)C1O,2
Cc1nc2c(=O)[nH]c(=O)[nH]c2n(C)c1=O,1
O=[N+]([O-])c1cc(-c2ccccc2)c(O)c([N+](=O)[O-])c1,1
NC(=O)CC(N)C(=O)NC(CC(=O)O)C(=O)NCC(=O)NC(Cc1ccccc1)C(=O)O,2
CCCCC(C)O,4
CC1OC(OCC2OC(Oc3cc(O)cc4oc(-c5ccc(O)c(O)c5)c(O)c(=O)c34)C(O)C(O)C2O)C(O)C(O)C1O,2
OCC1OC(O)C(O)C(OO)C1O,2
OCC1OC(OC2C(CO)OC(OC3C(CO)OC(O)C(F)C3O)C(O)C2O)C(O)C(O)C1O,2
COc1ccc(-c2cc(=O)c3c(O)cc(OC4OC(COC5OC(C)C(O)C(O)C5O)C(O)C(O)C4O)cc3o2)cc1O,2
COC(=O)C1OC(OC2CCC3(C)C(CCC4(C)C3CC=C3C5CC(C)(C)CCC5(C(=O)OC5OC(CO)C(O)C(O)C5O)CCC34C)C2(C)CO)C(O)C(O)C1OC1OCC(O)C(O)C1O,2
COc1cc(/C=C/C(=O)OCC2OC(OC3(CO)OC(COC(C)=O)C(OC(C)=O)C3OC(=O)/C=C/c3ccc(O)c(OC)c3)C(O)C(OC(C)=O)C2O)ccc1O,0
Cc1cc(C)c(C(=O)O)cc1C,1
OC1COCOC1C(O)C1OCOCC1O,2
CCC=CSC,4
OC(CCCN1CCCCC1)(c1ccccc1)c1ccccc1,0
COc1cc(-c2coc3cc(OC4OC(CO)C(O)C(O)C4O)ccc3c2=O)ccc1OC1OC(CO)C(O)C(O)C1O,2
CC(C)c1nc(N)c2ncn(C3OC(COP(=O)(O)OP(=O)(O)O)C(O)C3O)c2n1,2
O=C(O)c1cccccc1=O,1
O=CC(O)C(O)C(O)C(O)COS(=O)(=O)O,2
CCCCCCCCC=CCCCCCCCCO,4
CCOC(=O)P(=O)(O)OCC1OC(n2cnc3c(N)ncnc32)C(O)C1O,2
COC(=O)C1OC(OC2CCC3(C)C(CCC4(C)C3CC=C3C5CC(C)(C)CCC5(C(=O)OC5OCC(O)C(O)C5OC5OC(C)C(OC6OCC(O)C(O)C6O)C(O)C5O)C(O)CC34C)C2(C)C)C(O)C(O)C1O,2
ClC(Cl)C(Cl)Cl,2
CCOc1ccc(C2CC(=O)c3c(O)cccc3O2)cc1O,2
CCOc1ccc2ccccc2c1,4
C=CC(C)=CCC(C)(C)C(=NO)C(C)C,4
OCOC1C(O)COC(OC(C(O)CO)C(O)C(O)CO)C1O,2
CCSC(=O)CNC(C)=O,4
CC(N)C(=O)NC(C(=O)NC(Cc1ccccc1)C(=O)NC(CC(=O)O)C(=O)O)C(C)C,2
CC12CC(c3ccoc3)OC13CC(OC3=O)C1C3CC(CC12)OC3=O,0
OCC1OC(O)C(O)C(O)[C]1O,2
CC(C)c1csc(C(=O)O)c1,1
CCCCCOc1ccc(NC(=O)NC(F)(F)F)cc1,2
O=COCC(COC1OC(CO)C(O)C(O)C1O)OC=O,2
CC(=O)OCC1OC(Oc2ccc3c(c2O)OC(c2ccc(O)c(O)c2)CC3=O)C(OC(C)=O)C(O)C1OC(C)=O,2
CC1(C(=O)O)CCC2(C)CCC3(C)C(=CC(=O)C4C5(C)CCC(OC6OC(C(=O)O)C(O)C(OS(=O)(=O)O)C6OC6OC(C(=O)O)C(O)C(O)C6O)C(C)(C)C5CCC43C)C2C1,2
COC(=O)C(Cc1ccccc1)NC(=O)CC([NH3+])C(=O)[O-],2
OCC(O)C(F)C(O)CO,2
CC(C)(C)C(C(=O)O)C(C(=O)O)C(C)(C)C,1
OCC1OC(OC2OC(CO)C(O)C(OC3(CO)OC(CO)C(O)C3O)C2O)C(O)C(O)C1O,2
CC1OC(OCC2OC(Oc3cc4oc(-c5ccc(O)cc5)cc(=O)c4c(O)c3O)C(O)C(O)C2O)C(O)C(O)C1O,2
CC1(C)CCC2(C(=O)O)CCC3(C)C(=CCC4C5(C)CC(O)C(OC6OC(CO)C(O)C(OC7OC(C(=O)O)C(O)C(O)C7O)C6O)C(C)(CO)C5CCC43C)C2C1,2
COC1OC(CO)C(OC2(O)OC(CO)C(OC)C(O)C2O)C(O)C1O,2
O=c1cc(O)[nH]cn1,1
O=c1c(O)c(-c2ccc(O)c(OC3OCC(O)C(O)C3O)c2)oc2cc(O)cc(O)c12,2
COC(=O)C(Cc1ccccc1)NC(=O)C(CC(C)C)NC(=O)C(CC(N)=O)NC=O,2
CCC(=O)OCC=C(C)CCC=C(C)C,0
CCCCCCCOC1C(OC)OC(C(O)CO)C1O,2
CC(C)C(NC(=O)C(CC(N)=O)NC(=O)C(N)CC(N)=O)C(=O)NC(Cc1ccccc1)C(=O)O,2
COc1ccc(CCc2ccccc2C)cc1O,2
CCC(C)C(N)C(=O)N1CCCC1C(=O)NC(CC(=O)O)C(=O)NC(Cc1ccccc1)C(=O)O,2
OCC1OC(CO)(OC2OCC(O)C(O)C2O)C(O)C1O,2
CC1OC(OC2C(O)C(CO)OC2(O)CO)C(O)C(O)C1O,2
COC(=O)CCNC(=O)C(CC1CCCCC1)NC(=O)C(CCCc1ccccc1)CC(=O)O,2
N#Cc1ccc(N=C(NCC(=O)O)NS(=O)(=O)c2ccccc2)cc1,2
N#Cc1cccc(CC([N+](=O)[O-])[N+](=O)[O-])c1,1
CC1(C)CCC2(C(=O)O)CCC3(C)C(=CCC4C5(C)CCC(OC6OC(C(=O)O)C(O)C(OC7OC(CO)C(O)C(O)C7O)C6OC6OC(CO)C(O)C(O)C6O)C(C)(C)C5CCC43C)C2C1,2
O=[N+]([O-])C(CO)[N+](=O)[O-],1
CC(C)(C)c1ccc(S(=O)(=O)CC(=O)O)cc1,1
OCC1OC(OC2COC(O)C(O)C2)C(O)C(O)C1O,2
NC(=O)CC(NC(=O)C(N)CC(=O)O)C(=O)NC(Cc1ccccc1)C(=O)O,2
CCOC(=O)CC(C)=O,4
OCC1OC(O)C(OC2OC(CF)C(O)C(O)C2O)C(O)C1O,2
CC(C)CC(NC(=O)C(Cc1ccccc1)NC(=O)C(N)CC(=O)O)C(=O)NC(C)C(=O)O,2
COc1cc(OC2OC(CO)C(O)C(O)C2O)c2c(=O)c(O)c(-c3ccc(O)c(O)c3)oc2c1,2
CC1(O)OCC(O)C(O)C1O,2
COc1cc2c(cc1O)C(Cc1ccc(OC)c(OC)c1)N(C)CC2,0
COc1ccc(C(O)C(=O)O)cc1,1
COC1C(OC(C)=O)C(C)OC(O)C1OC(C)=O,2
CC1(C)OCC(C2OC(O)C(O)C3OC(C)(C)OC23)O1,2
CC(=O)c1ccc[nH]1,4
N[C@@H](Cc1cc(Cl)c(O)c(Cl)c1)C(=O)O,1
Nc1ncnc2c1ncn2C1CC(O)C(CO[PH+](O)[S-])O1,2
COC1OC(CO)C(OC2OC(COS(=O)(=O)O)C(O)C(O)C2O)C(O)C1O,2
COC(=O)c1ccccc1CCc1ccc(OC)c(O)c1,0
CCC(C)C=O,4
CC(=O)CC1CCCN1C,4
CCCCCCOC1OC(COC2OC(CO)C(O)C(O)C2O)C(O)C(O)C1O,2
CC(C)(C)OC(=O)CC1NCCN(C(Cc2ccccc2)C(=O)OC(C)(C)C)C1=O,2
CC(C)=CC1OC(C)(C)C2CC3C(=O)C(C(=O)C(C)C)=C(O)C3(O)C12O,0
OCC(O)COC1CC(O)C(O)C(CO)O1,2
C=CCCN(CC(=O)N(CC=C)CC(=O)NC(Cc1ccccc1)C(=O)OC)C(C)=O,2
CC(C)OCC1OC(OCC2OC(OC(C)C)C(O)C(O)C2O)C(O)C(O)C1O,2
CC(C)CC(NC(=O)C(N)Cc1c[nH]c2ccccc12)C(=O)O,0
O=C(O)CCc1ccc(Cl)cc1,1
OCC1=CC(O)C2C=COC(OC3OC(CO)C(O)C(O)C3O)C12,0
OCC1OC(OCCOCCOCCOCCOC2OC(CO)C(O)C(O)C2O)C(O)C(O)C1O,2
NCCCCC(NC(=O)C(CC(=O)O)NC(=O)C(Cc1ccccc1)NC(=O)C(N)CC(N)=O)C(=O)O,2
COC(=O)C1=CC(O)CC2C3(C)CC(c4ccoc4)OC(=O)C3CC(O)C12C,0
COC1OC(COC2OCC(O)C(O)C2O)C(O)C(O)C1O,2
CC(CCC(OC1OC(COC2OC(CO)C(O)C(O)C2O)C(O)C(O)C1OC1OC(CO)C(O)C(O)C1O)C(C)(C)O)C1CCC2(C)C3CC=C4C(CCC(OC5OC(CO)C(O)C(O)C5O)C4(C)C)C3(C)C(O)CC12C,2
CC(=CC=O)CCC1CC1(C)C,4
CCCc1ccn(-c2ccccc2)n1,4
CCCCCCCCCCCCCC(=O)NCC(=O)NC(CC(=O)NC(Cc1ccccc1)C(=O)O)C(=O)O,2
OCC1OC(O)C(OI)C(O)C1O,2
Nc1ncnc2c1ncn2C1OC(CO)C(O)C1OP(N)O,2
COc1ccc(C2CC(=O)c3c(OC)cc(OC4OC(COC5OCC(O)C(O)C5O)C(O)C(O)C4O)cc3O2)cc1OC,2
COC(=O)C1OC(OC2C(OC(C)=O)C(COC(C)=O)OC(OC3CCC4(C)C(CCC5(C)C4C(=O)C=C4C6CC(C)(C(=O)OC)CCC6(C)CCC45C)C3(C)C)C2OC(C)=O)C(OC(C)=O)C(OC(C)=O)C1OC(C)=O,2
CCOC(=O)C(C)C(C)S,4
CC(N)C(=O)NC(Cc1ccccc1)C(=O)NC(C)C(=O)NC(CC(=O)O)C(=O)O,2
C=CCC1(C2C=CCC2)C(=O)NC(=O)NC1=O,0
OCCCOC1C(O)OC(CO)C(O)C1O,2
NC(CC(=O)O)C(=O)NCC(=O)NC(CCC(=O)O)C(=O)NC(Cc1ccccc1)C(=O)O,2
C=CCSSSCC=C,4
CC(=O)OC1C(OC(C)=O)C2(C)C(C(OC(C)=O)C3C2C(C)C=C2OC(=O)C(C)(O)C23C)C2C(O)C(=O)C3CC4OC4C(OC(C)=O)C3(C)C12,0
OCC1OC(OC2C(CO)OC(F)C(O)C2O)C(O)C(O)C1O,2
CC(=O)N(C)N(C(=O)C(=O)N(C)C)c1ccccc1,0
OCC1OC(OC2C(CO)OC(O)C2O)C(O)C(O)C1O,2
Nc1ncnc2c1ncn2C1CC(OP(N)O)C(CO)O1,2
CC1OC(OC2C(O)CC(O)OC2C)C(O)CC1O,2
OCC1OC(OC2(CCl)OC(CCl)C(F)C2O)C(O)C(O)C1Cl,2
Cc1c(OC2OC(CO)C(O)C(O)C2O)cc2c(c1O)C(=O)CC(c1ccc(O)c(O)c1)O2,2
CCCCCCCCCCCCCC(=O)NCC(=O)NC(C)C(=O)NC(Cc1ccccc1)C(=O)O,2
CC(NC(=O)CN)C(=O)NC(C)C(=O)NC(Cc1ccccc1)C(=O)O,2
CCCCCCCCCC(=O)O,1
CCC(C)C(NC(=O)C(Cc1ccccc1)NC(=O)C(CC(=O)O)NC(=O)C(N)C(C)C)C(=O)O,2
CCCCCCOC1OC(CO)C(O)C(O)C1O,2
Cc1csc(C)n1,4
COC(=O)C(Cc1ccccc1)(N(C(=O)C(N)CC(=O)O)C1CC1)C(C)(C)C,2
CCCCc1cccc2c1S(=O)(=O)NC2=O,2
O=S(O)CCCc1ccccc1,1
COC(=O)C(C)CC(NC(=O)C(N)CC(=O)O)C(=O)OC,2
CC(NC(=O)C(CC(N)=O)NC(=O)C(N)Cc1ccccc1)C(=O)NC(CC(=O)O)C(=O)O,2
O=c1[nH]sc2cc(F)ccc12,2
CCC(C)(OC)OC1OC(CO)C(O)C(O)C1O,2
CCCC(=O)c1ccccc1C(=O)O,1
CC[C@@]1(C(=O)O)C[C@]1(CC)C(=O)O,1
OCC(O)CO,2
CCCCCCCC(C)OC1OC(CO)C(O)C(O)C1O,2
O=C(O)c1ccccc1C(=O)c1ccc([N+](=O)[O-])cc1,0
COc1cc(C2c3c(cc(OC)c(O)c3OC)CC(CO)C2COC2OC(COC(=O)c3cc(O)c(O)c(O)c3)C(O)C(O)C2O)cc(OC)c1O,0
CCC(C)C(NC(=O)C(N)CC(=O)O)C(=O)NC(CC(N)=O)C(=O)NC(Cc1ccccc1)C(=O)O,2
CC1(C)CCC2(C(=O)OC3OC(C(=O)O)C(O)C(O)C3O)CCC3(C)C(=CCC4C5(C)CCC(O)C(C)(C)C5CCC43C)C2C1,2
CCNC(=O)C(C)(C(C)C)C(C)C,4
C=CC1C(OC2OC(CO)C(OC(=O)/C=C/c3ccc(O)c(OC)c3)C(O)C2OC(C)=O)OC=C2C(=O)OCCC21O,0
O=C(O)C1C2CCC(O2)C1C(=O)O,1
COC(=O)C1=COC(OC2OC(CO)C(O)C(O)C2O)C(=CCOC(C)=O)C1CC(=O)OCCc1ccc(O)c(O)c1,0
Nc1ccc(Cl)cc1C(=O)O,1
CCC(C)=O,4
CCC(C)CCO,4
C=C1CC23CCC4C(C)(C(=O)OC5OC(CO)C(O)C(O)C5O)CCCC4(C)C2CCC1(OC1OC(CO)C(OC2OC(CO)C(O)C(O)C2O)C(O)C1OC1OC(C)C(O)C(O)C1O)C3,2
COCCOC(=O)OC1OC(CO)C(O)C(O)C1O,2
O=C(O)C[Se]c1ccccc1Cl,1
COC1CCC(O)OC1C,2
COC(=O)C(Cc1ccccc1)NC(=O)C(CC(=O)O)N(C)C,2
OC1OC(CI)C(O)C(O)C1O,2
CCCC(=O)OCC=Cc1ccccc1,4
CC(NC(=O)C(N)CC(=O)O)C(=O)NCC(=O)NC(Cc1ccccc1)C(=O)O,2
Nc1ncnc2c1ncn2C1OC(CO)C(O)C1OO,2
CCC(C)C(NC(=O)C(CC(N)=O)NC(=O)C(N)Cc1ccccc1)C(=O)NC(CC(N)=O)C(=O)O,2
COC(=O)C1OC(OC2CCC3(C)C(CCC4(C)C3CC=C3C5CC(C)(C)CCC5(C(=O)OC5OC(CO)C(O)C(O)C5O)CCC34C)C2(C)C)C(OC(C)=O)C(OC(C)=O)C1OC(C)=O,2
CC(O)COC1OC(C)C(O)C(O)C1O,2
CC(=O)OC1C(O)C2(COC(=O)CC(C)C)C(O)CC3(C)C(=CCC4C5(C)CCC(OC6OC(C(=O)O)C(O)C(O)C6OC6OC(CO)C(O)C(O)C6O)C(C)(C)C5CCC43C)C2CC1(C)C,2
CCC(C)C(=O)C1=C(O[Si](C)(C)C)C(O[Si](C)(C)C)(C(=O)CC=C(C)C)C(CC=C(C)C)C1=O,0
CC1CC(O)C(O)C(OCC2OC(Oc3c(-c4ccc(O)c(O)c4)oc4cc(O)cc(O)c4c3=O)C(O)C(O)C2O)O1,2
CC(C(=O)O)C(NC=O)C(=O)NC(Cc1ccccc1)C(=O)O,2
COc1cc(O)c2c(=O)cc(-c3ccc(O)c(OC4OC(CO)C(O)C(O)C4O)c3)oc2c1,2
OCC1OC(O)C(O)C(O)C1OC1OC(COCl)C(O)C(O)C1O,2
C=C1CC23CCC4C(C)(C(=O)OC5OC(CO)C(O)C(O)C5OC5OC(CO)C(O)C(O)C5OC(C)=O)CCCC4(C)C2CCC1(OC1OC(CO)C(O)C(OC2OC(CO)C(O)C(O)C2OC(C)=O)C1OC1OC(CO)C(O)C(O)C1OC(C)=O)C3,2
CC(NC(=O)C(N)CC(=O)O)NC(=O)C1CCCCC1,2
Nc1ncnc2c1ncn2C1OC(CO[PH](=S)I)C(O)C1O,2
COOC(C=O)C(O)C(O)C(O)CO,2
CC1CC(O)C(O)C2(C)C1CC1OC(=O)CC3C(C)C(O)C(=O)C2C13C,0
O=C(O)c1cc(Br)cs1,1
COc1ccc(-c2coc3cc(OC4OC(C)C(O)C(O)C4O)c(OC)c(O)c3c2=O)cc1,2
CC1CC(OC2OC(CO)C(O)C(O)C2O)CC(=O)O1,0
COC1C(O)CC(O)OC1C,2
CCC(C)C(=O)OC(C)C1(O)CCC2(O)C3CCC4CC(OC5CC(O)C(OC6CC(OC)C(OC7CC(OC)C(OC8CC(OC)C(OC9OC(C)C(O)C(OC)C9O)C(C)O8)C(C)O7)C(C)O6)C(C)O5)CCC4(C)C3CC(OC(C)=O)C12C,2
CCCCCCCCCOC1OC(CO)C(O)C(O)C1O,2
OCC1OC(OC2C(CO)OC(O)C(O)C2O)C(O)C(O)C1O,2
CC1(C)SCNC1C(=O)O,1
COc1cc(C=CC(=O)NCCc2ccc(O)c(O)c2)ccc1O,0
OC1OC(COCCOCCOCC2OC(O)C(O)C(O)C2O)C(O)C(O)C1O,2
CC(=O)CCc1ccc(O)cc1,2
O=C(C=Cc1ccc(O)c(O)c1)OC1CC2(O)CC(O)C1OC2=O,0
CC(=O)OC(C)(C)Cc1ccccc1,2
CC(C)=CCCC(C)=CCOC(=O)c1ccccc1,2
OCC1OC(OC2(CCl)OC(CCl)C(O)C2O)C(O)C(O)C1Cl,2
CC1OC(OCC2OC(Oc3c(-c4ccc(O)c(O)c4)oc4cc(OC5OC(CO)C(O)C(O)C5O)cc(O)c4c3=O)C(OC3OC(C)C(O)C(O)C3O)C(O)C2O)C(O)C(O)C1O,4
COC(=O)C(Cc1ccccc1)NC(=O)CN1CC=CCCN(C(C)=O)CC1=O,2
CCOc1ccccc1[Se]CC(=O)O,1
COC(=O)C(CC(C)C)NC(=O)C(Cc1ccccc1)NC(=O)CN,2
CC1OC(OC2C(O)OC(CO)C(O)C2Oc2cc(O)c3c(=O)c4ccc(O)c(O)c4oc3c2)C(O)C(O)C1O,2
CC1OC2COC(C)OC2C(C(O)CO)O1,2
CCCCCCC(C=O)=Cc1ccccc1,4
O=C1NS(=O)(=O)c2c(I)cccc21,2
O=c1nc(Cc2ccccc2)[nH]c(O)c1[N+](=O)[O-],1
CC1OC(OC2COC(CO)C(O)C2O)C(O)C(O)C1O,2
O=C(CCc1ccc(O)c(O)c1)c1c(O)cc(O)cc1OC1OC(CO)C(O)C(O)C1O,2
Nc1ncnc2c1ncn2C1CC(OP2(=O)O[B]O2)C(CO)O1,2
CCCCC(N)C(=O)NC(Cc1ccccc1)C(=O)O,2
CC1NC(=O)C2CCCN2C1=O,0
CCCCC(CO)C(C)=O,4
O=C(O)CC(O)CC(O)C(=O)O,2
C=CC1CNC(=S)O1,0
CC(=O)Oc1ccc(C(=O)O)cc1,1
CC(CCC(OC1OC(COC2OC(CO)C(O)C(O)C2O)C(O)C(O)C1OC1OC(CO)C(O)C(O)C1O)C(C)(C)O)C1CCC2(C)C3CC=C4C(CCC(OC5OC(CO)C(OC6OC(CO)C(O)C(O)C6O)C(O)C5O)C4(C)C)C3(C)C(O)CC12C,2
COC(=O)C1OC(OC2C(OC3CCC4(C)C(CCC5(C)C4CC=C4C6CC(C)(CO)CCC6(C)CCC45C)C3(C)C)OC(C(=O)OC)C(O)C2O)C(O)C(O)C1O,2
CCCCC=CCC(=O)OCC,4
COP1(=O)OCC2OC(n3cnc4c(N)ncnc43)C(O)C2O1,2
CCC(C)C(N)C(=O)NC(CC(N)=O)C(=O)NC(C(=O)NC(Cc1ccccc1)C(=O)O)C(C)CC,2
CC(C)CC(N)C(=O)NC(Cc1ccccc1)C(=O)NC(CC(=O)O)C(=O)NC(CC(=O)O)C(=O)O,2
CCCCCCCCC(=O)CCc1ccc(O)c(OC)c1,4
CCCOC1C(O)OC(CO)C(OC2OC(CO)C(O)C(O)C2O)C1O,2
CCCOc1ccc(NC(=O)NC)cc1,2
CCCOC1C(C)OC(OC)C(O)C1OCCC,2
C=CCCCN(CC(=O)N(CCCC=C)CC(=O)NC(Cc1ccccc1)C(=O)OC)C(C)=O,2
CC(=O)C(O)CC(C)C,1
CC1(C)CCC2(C(=O)OC3OC(CO)C(O)C(O)C3O)CCC3(C)C(=CCC4C5(C)CCC(OC6OC(C(=O)O)C(O)C(OC7OCC(O)C(O)C7O)C6O)C(C)(CO)C5CCC43C)C2C1,2
O=c1cc(-c2ccc(O)c(O)c2)oc2cc(OC3OC(CO)C(O)C(O)C3O)cc(OC3OCC(O)C(O)C3O)c12,2
CCCCCCCCOC1CC(O)C(O)C(CO)O1,2
OCC1OC(OCC2OC(OCC3OC(O)C(O)C(O)C3O)C(O)C(O)C2O)C(O)C(O)C1O,2
CC1CC(OC2OC(CO)C(O)C(O)C2O)C(O)C(C)O1,2
CCCCCCCCCCOc1ccc(NC(N)=O)cc1,2
O=C(O)CNC(=O)Nc1ccc([N+](=O)[O-])cc1,2
COC(=O)c1ccc(O)c(OC)c1,4
Nc1ncnc2c1nc(F)n2C1OC(COP(=O)(O)OP(=O)(O)OP(=O)(O)O)C(O)C1O,2
C=C(C)CCC(C)=O,4
O=C(O)c1cc(-c2ccccc2)nc2ccccc12,0
NCC(=O)NC(Cc1ccccc1)C(=O)NCC(=O)NC(CC(N)=O)C(=O)O,2
CCCCCCCCOC1C(O)C(O)OC(CO)C1O,2
O=CC1CCCCC1=O,1
CC1OC(OC2C(O)C(CO)OC(OC3C(O)C(C(=O)O)OC(OC4CCC5(C)C(CCC6(C)C5CC=C5C7CC(C)(C)C(=O)CC7(CO)C(O)CC56C)C4(C)C)C3OC3OC(CO)C(O)C(O)C3O)C2O)C(O)C(O)C1O,2
CC(NC(=Nc1ccc2ccccc2c1)NCC(=O)O)c1ccccc1,2
Nc1ncnc2c1ncn2C1OC(COP(O)(=S)S)C(O)C1O,2
OCCc1ccc(O)cc1,2
OCC1OC(O)C(O)C(O)C1OC1OC(C(O)F)C(O)C(O)C1O,2
CCC(C)C(N)C(=O)NC(CC(=O)O)C(=O)N1CCCC1C(=O)NC(Cc1ccccc1)C(=O)O,2
[B]P(=O)(OCC1OC(n2cnc3c(N)ncnc32)C(O)C1O)OP(=O)(O)CP(=O)(O)O,2
CCC(C)C(N)C(=O)NC(Cc1ccccc1)C(=O)NC(CC(=O)O)C(=O)NCC(=O)NC(CCCCN)C(=O)O,2
NC(CC(=O)O)C(=O)NC(CO)COC(=O)C1CCCC1,2
CC(CCC(=O)O)(N(F)F)N(F)F,1
CC1OC(OC2C(OC3C(OC4CCC5(C)C(CCC6(C)C5CC=C5C7CC(C)(C)CC(O)C7(C)CCC56C)C4(C)CO)OC(C(=O)O)C(O)C3O)OCC(O)C2O)C(O)C(O)C1O,2
COC1OC(C)C(O)C(O)C1OC1OC(C)C(O)C(O)C1OC1OC(C)C(O)C(O)C1O,2
COc1ccc(-c2cc(=O)c3c(OC4OC(CO)C(O)C(O)C4O)c(OC)c(O)c(OC)c3o2)cc1,2
COC1OCC(O)(COC2OC(C)C(O)C(O)C2O)C1O,2
OCC1CC(O)C(O)C(O)O1,2
CCCCCC(OCCF)OC1OC(CO)C(O)C(O)C1O,2
CCCc1ccc([N+](=O)[O-])cc1N,2
COc1ccc(-c2cc(=O)c3c(O)c(OC4OC(CO)C(O)C(O)C4OC4OC(C)C(O)C(O)C4O)c(OC)cc3o2)cc1,2
COc1cc(O)c(C(=O)C=Cc2ccc(OC3OC(CO)C(O)C(O)C3O)c(OC)c2)c(OC)c1,2
COC(=O)C1OC(OC2CCC3(C)C(CCC4(C)C3CC=C3C5CC(C)(C)CCC5(C(=O)OC)CCC34C)C2(C)C)C(O)C(O)C1O,2
CCCCCCCCCCCC,4
O=[N+]([O-])OC1C(O)C(CO)OC1(CO)OC1OC(CO)C(O)C(O)C1O,2
C=C1CCC2C(=C)C(=O)OC2/C=C(\C)CCC1=O,4
O=CC(O)C(O)CC(O)CO,2
COC(=O)C1OC(OC2C(O)CC3(C)C(CCC4(C)C3CC=C3C5CC(C)(C)CCC5(C(=O)O)CCC34C)C2(C)C)C(O)C(OC2OC(CO)C(O)C(O)C2O)C1O,2
CCCC(CCOC(C)=O)SC,4
CSSSC,4
COC(=O)C1OC(OC2CCC3(C)C(CCC4(C)C3CC=C3C5CC(C)(C)CCC5(C(=O)OC5OC(CO)C(O)C(O)C5O)CCC34C)C2(C)C)C(O)C(OC2OC(CO)C(O)C(O)C2O)C1O,2
NC(=O)CC(NC(=O)C(CC(=O)O)NC(=O)C(CC(N)=O)NC(=O)C(N)Cc1ccccc1)C(=O)O,2
COC1CC(OC2CCC3(C)C(CCC4C3CCC3(C)C(C5=CC(=O)OC5)C(OC(C)=O)CC43O)C2)OC(C)C1O,0
O=S(=O)(O)ON=C(Cc1c[nH]c2ccccc12)SC1OC(CO)C(O)C(O)C1O,0
CCOC(=O)C=CC(=O)OCC,4
C=CCCCOc1ccc([N+](=O)[O-])cc1[N+](=O)[O-],2
COc1ccc(CSc2ccccc2)cc1O,2
CC(C)CCOC(=O)CC(S)C(=O)OCCC(C)C,4
C=C1CC23CCC4C(C)(C(=O)OC5OC(CO)C(O)C(OC6OC(CO)C(O)C(O)C6O)C5OC5OC(CO)C(O)C(O)C5O)CCCC4(C)C2CCC1(O)C3,2
COc1ccc(-c2coc3cc(OC)ccc3c2=O)cc1,0
CC1OC(OC2C(O)C(C(=O)O)OC(OC3CCC4(C)C(CCC5(C)C4CC=C4C6CC(C)(C)CCC6(C(=O)OC6OC(CO)C(O)C(O)C6O)CCC45C)C3(C)C)C2OC2OCC(O)C(O)C2O)C(O)C(O)C1O,2
CC(N)C(=O)NC(Cc1ccccc1)C(=O)NC(CC(=O)O)C(=O)NC(CCCCN)C(=O)O,2
CC(NC(=O)CNC(=O)C(N)Cc1ccccc1)C(=O)NC(CC(=O)O)C(=O)O,2
CCOc1nc(=O)c([N+](=O)[O-])c[nH]1,1
CC1C2CC(O)C3C(C2)(C(=O)OC2CCC(C)(C)C4C(O)OCC243)C1O,0
COCC(OC1OC(C)C(O)C(O)C1O)C(O)CO,2
CCOC1CC2(CCCO2)OC(CO)C1O,2
CC(N)C(=O)NC(Cc1ccccc1)C(=O)NC(CC(=O)O)C(=O)NC(C(=O)O)C(C)C,2
CC1=CC23CCC4C(C)(C(=O)OC5OC(CO)C(O)C(O)C5O)CCCC4(C)C2CCC1(OC1OC(CO)C(O)C(O)C1OC1OC(CO)C(O)C(O)C1O)C3,2
CCC1=C(C)C(=O)NS(=O)(=O)O1,2
C=CC=CC=O,4
CCCCOc1ccc(NC(=O)N(C)C)cc1,2
COC1C(O)OC(COC2OCC(O)C(O)C2O)C(OC)C1OC,2
Nc1ncnc2c1nc(NCC[NH3+])n2C1OC2COP(=O)([O-])OC2C1O,2
CCOC(CCSC)OCC,4
O=CC(O)C(O)C(O)C(O)(CO)CO,2
O=C(C=CC=CC=Cc1ccc2c(c1)OCO2)N1CCCCC1,4
O[CH]C1OC(O)C(O)C(O)C1O,2
COC(=O)C1OC(OC2C(O)COC(OC3CCC4(C)C(CCC5(C)C4CC=C4C6CC(C)(C(=O)OC)CCC6(C(=O)OC6OC(CO)C(O)C(O)C6O)CCC45C)C3(C)CO)C2O)C(O)C(O)C1O,2
NCCCCC(N)C(=O)NC(Cc1ccccc1)C(=O)NC(CC(=O)O)C(=O)NC(Cc1ccccc1)C(=O)O,2
CC(CCC(OC1OC(CO)C(O)C(O)C1OC1OC(CO)C(O)C(O)C1O)C(C)(C)O)C1CCC2(C)C3CC=C4C(CCC(OC5OC(COC6OC(CO)C(O)C(O)C6O)C(O)C(O)C5O)C4(C)C)C3(C)C(O)CC12C,2
CC(O)C(O)C(O)CC1OCCCO1,2
CC(NC(=O)C(Cc1ccccc1)NC(=O)C(C)NC(=O)C(N)CC(=O)O)C(=O)O,2
CC1OC(OC2(CO)OC(C)C(O)C2O)C(O)C(O)C1O,2
C=C1CC23CCC4C(C)(C(=O)OC5OC(COC6OC(O)C(O)C(O)C6CO)C(O)C(O)C5O)CCCC4(C)C2CCC1(OC1OC(CO)C(O)C(O)C1OC1OC(CO)C(O)C(O)C1O)C3,2
CCC(C)C(NC(=O)CN)C(=O)NC(Cc1ccccc1)C(=O)NC(CC(N)=O)C(=O)O,2
COc1cc(-c2cc(=O)c3c(O)c(OC)c(OC4OC(CO)C(O)C(O)C4O)cc3o2)ccc1O,2
CCc1nc(N)c2ncn(C3OC(COP(=O)(O)O)C(O)C3O)c2n1,2
CCCCCCCS,4
CC1=CC(=O)CC(C)(C)C1(O)C=CC(C)O,4
CC(O)OCC(OC(C)O)C(O)C(O)C(O)CO,2
COC(=O)C1OC(OC2CCC3(C)C(CCC4(C)C3CC=C3C5CC(C)(C)CCC5(C(=O)O)CCC34C)C2(C)C)C(O)C(OC2OC(COC3OCC(O)C(O)C3O)C(O)C(O)C2O)C1O,2
OCC1OC(OC2(CCl)OC(CCl)C(O)C2O)C(O)C(O)C1Br,2
CCNC(=Nc1ccc(C#N)cc1)NCC(=O)O,2
CC(=O)C(C)=Cc1ccccc1,4
CC(=O)OCCc1ccccc1,2
CC(=O)OC(C)CCC=C(C)C,4
CCOCC1OC(n2cnc3c(N)ncnc32)C(O)C1OP(=O)(O)OP(=O)(O)OP(=O)(O)O,2
NC(=O)c1ccc(NC(=O)NC(CC(=O)O)c2ccccc2)cn1,2
OCC1OC(OC2(CO)OC(CO)C(F)C2O)C(O)C(O)C1O,2
CC1(C)OC(=O)C=CC2(C)C1CC(O)C1(C)C3=CCC(C4COC(=O)C4)C3(C)CCC21,0
CCC=CCCOC(=O)CCCCC,4
COc1c(OC2OC(CO)C(O)C(O)C2OC2OC(C)C(O)C(O)C2O)cc2oc(-c3ccc(O)cc3)cc(=O)c2c1O,2
Nc1ncnc2c1ncn2C1(P(=O)(O)O)OC(COP(=O)(O)O)C(O)C1O,2
COC(=O)c1ccccc1NC=O,4
C=C1CC23CCC4C(C)(C(=O)OC5OC(CO)C(OC6OC(CO)C(OC7OC(CO)C(OC8OC(CO)C(O)C(O)C8O)C(O)C7O)C(O)C6O)C(O)C5O)CCCC4(C)C2CCC1(OC1OC(CO)C(O)C(O)C1OC1OC(CO)C(O)C(O)C1O)C3,2
CC(=O)C=Cc1ccco1,2
CC1CCC(C(C)C)C(OC(=O)CCC(=O)O)C1,4
CCOC1(CO)OC(COC2OC(CO)C(O)C(O)C2O)C(O)C1O,2
Cc1cccn2c(=O)c(-c3nn[nH]n3)cnc12,0
C=C1CC23CCC4C(C)(C(=O)OC5OC(CO)C(O)C(O)C5OC5OC(CO)C(O)C(O)C5O)CCCC4(C)C2CCC1(OC1OC(CO)C(O)C(O)C1O)C3,2
OCC(O)COCC1OC(OC2C(CO)OC(O)C(O)C2O)C(O)C(O)C1O,2
CCCCCC(O)(O)OC1OCC(O)C(O)C1O,2
O=C1C(=Cc2ccco2)C(CO)[n+]2cc([O-])c(Cc3ccco3)cc21,0
CCCCCC1C=CC(=O)O1,4
CC1CCC2(OC1)OC1CC3C4CC=C5CC(OC6OC(CO)C(OC7OC(C)C(O)C(O)C7OC7OC(C)C(O)C(O)C7O)C(O)C6O)CCC5(C)C4CCC3(C)C1C2C,0
CCC(C)C(=O)OC(C)C1(O)CCC2(O)C3CCC4CC(OC5CC(O)C(OC6CC(OC)C(OC7CC(OC)C(OC8CC(OC)C(OC9OC(C)C(OC%10OC(CO)C(O)C(O)C%10O)C(OC)C9O)C(C)O8)C(C)O7)C(C)O6)C(C)O5)CCC4(C)C3CC(OC(C)=O)C12C,2
NCCOP(=O)(O)OCC1OC(n2cnc3c(N)ncnc32)C(O)C1O,2
CC1=CCC(C(C)(C)S)CC1,4
CC1OC(OC2C(O)C(C)OC(OC(CO)CO)C2O)C(O)C(O)C1O,2
CNC(Cc1ccccc1)C(=O)NC(C)C(=O)OC,2
Nc1ncnc2c1ncn2C1OC(COP(=O)(O)OP(=O)(O)OP(=O)(O)OP(=O)(O)OP(=O)(O)OP(=O)(O)OP(=O)(O)OP(=O)(O)O)C(O)C1O,2
COC(OC)C(C)(C)CC=C(C)C,4
Cc1ccc(Br)c(O)c(=O)c1Br,1
CC(N)C(=O)NC(Cc1ccccc1)C(=O)NC(CC(N)=O)C(=O)NC(CC(N)=O)C(=O)O,2
O=C(O)[C@@H]1CC[C@H](C(=O)O)[Se]1,1
CCCC(=O)OCCC(S)CCC,4
CC1=CC(O)CC(C)C12CCC(=C(C)C)C2,2
CC(NC(=O)C(N)CC(N)=O)C(=O)NC(CCC(N)=O)C(=O)NC(Cc1ccccc1)C(=O)O,2
N#CC(OC1OC(COC2OC(CO)C(O)C(O)C2O)C(O)C(O)C1O)c1ccccc1,0
CC1(C)CC2C3=CCC4C5(C)CCC(OC6OC(C(=O)O)C(O)C(O)C6O)C(C)(C)C5CCC4(C)C3(C)CCC2(C(=O)OC2OC(CO)C(O)C(O)C2O)CC1O,2
COC1OC(CO)C(OC2OC(CO)C(O)CC2O)C(O)C1O,2
C=CCc1cc(OC)c(O)c(OC)c1,2
O=C(O)CSc1ccc([N+](=O)[O-])cc1,1
COC(=O)C12OCC34C(CC5C(C)C(=O)C(OC6OC(CO)C(O)C(O)C6O)=CC5(C)C3C(O)C1O)OC(=O)C(OC(=O)CC(C)(C)O)C24,0
CP(=O)(O)OC1CC(n2cnc3c(N)ncnc32)OC1CO,2
c1ccc(SSc2ccccc2)cc1,4
CC(COC(=O)C1CCC1C)NC(=O)C(N)CC(=O)O,2
CCC(C)OCC1OC(OC)C(O)C(O)C1O,2
O=C(O)CCc1ccc(O)c(O)c1,1
CC(=O)NC(CC(C)C)C(=O)NC(Cc1ccccc1)C(=O)O,2
OCC1OC(OCC2OC(O)C(O)C2O)C(O)C1O,2
O=C1C=CCO1,4
COC(C(O)C=O)C(O)C(O)CO,2
COCC1CCC=C(C)C1,0
OCCC(CO)OC1CCCCO1,2
OCCCOCCOCC1OC(OCCOCCCO)C(OCCOCCCO)C(OCCOCCCO)C1OCCOCCCO,2
COc1ccc(NCc2ccccc2)cc1O,2
CNc1nc(C)nc2c1ncn2C1OC(COP(=O)(O)O)C(O)C1O,2
CCCCCCCCCCCCCCCC(=O)OCC(O)CO,0
CCC(C)C(NC(=O)C(N)Cc1ccccc1)C(=O)NC(CC(=O)O)C(=O)NC(C(=O)O)C(C)C,2
NCCCCC(NC(=O)C(N)Cc1ccccc1)C(=O)NC(CC(N)=O)C(=O)O,2
Nc1ncnc2c1nc(NCCOP(=O)(O)O)n2C1OC(CO)C(O)C1O,2
OCC1OC(OC2(CO)OC(CO)C(O)C2O)C(O)C(O)C1O.[Fe+3].[Fe+3].[O-2].[O-2].[O-2],2
CCCCCCOC(=O)C1(C)CCC2(C)CCC3(C)C(=CC(=O)C4C5(C)CCC(OC6OC(C(=O)O)C(O)C(O)C6OC6OC(C(=O)O)C(O)C(O)C6O)C(C)(C)C5CCC43C)C2C1,2
CCCc1cc(OC)c(O)c(OC)c1,4
COc1cc(C2Oc3cc(O)cc(O)c3C(=O)C2O)ccc1OC1OC(CO)C(O)C(O)C1O,2
CCCC(=O)OCC(NC(=O)C(N)CC(=O)O)C(C)C,2
Cc1n[nH]c(=S)[nH]c1=O,1
N#Cc1ccc(SCC(=O)O)cc1,1
COC(=O)C(Cc1ccc(Cc2ccccc2)cc1)NC(=O)C(N)CC(=O)O,2
CC(C)c1c(O)ncnc1O,1
OCC1OC(O)CCC1O,2
CNC(Cc1ccccc1)C(=O)NCC(=O)OC,2
Cc1nc2c(N)nc(N)nc2n1C1OC(COP(=O)(O)O)C(O)C1O,2
Cc1ccccc1OC(=O)c1ccccc1O,4
CCOC(=O)CNc1cccc(C(=O)O)c1,1
CC(C)CC(NC(=O)C(N)CC(N)=O)C(=O)NCC(=O)NC(Cc1ccccc1)C(=O)O,2
CC1=C(C)C(=O)NS(=O)(=O)O1,2
O=C(CCc1ccc(O)c(OC2OC(CO)C(O)C(O)C2O)c1)c1ccc(O)cc1O,2
Nc1ncnc2c1ncn2C1OC(COP(=O)(OP(=O)(O)O)OS(=O)(=O)O)C(O)C1O,2
COP(=O)(O)OP(=O)(O)OP(=O)(O)O,1
CC1OC(Oc2cc(O)cc3oc(-c4ccc(O)c(O)c4)c(O)c(=O)c23)C(O)C(O)C1O,2
CC[C@@]1(C(=O)O)C[C@@]1(CC)C(=O)O,1
CCCOCC1OC(O)C(OCCC)C(O)C1OCCC,2
COc1cc(-c2coc3cc(OC4OC(CO)C(O)C(OC5OC(CO)C(O)C(O)C5O)C4O)c(OC)c(O)c3c2=O)cc(O)c1OC,2
OCC1OC(OC2C(CF)OC(O)C(O)C2O)C(O)C(O)C1O,2
OCC(O)CC(OC1OC(CO)C(O)C(O)C1O)C(O)CO,2
OCC1OC(OC2OCC(O)C(O)C2O)C(O)C(O)C1O,2
CCCCC=C1OC(=O)C(C)C1C,4
CC(=O)Nc1ccc(O)cc1,0
CC(O)C(O)C(OC1OC(CO)C(O)C(O)C1O)C(O)OCCO,2
COc1cc(-c2cc(=O)c3c(O)c(C4OC(CO)C(O)C(OC5OC(CO)C(O)C(O)C5O)C4O)c(O)cc3o2)ccc1O,2
COC(Oc1ccc(C(=O)Cc2ccc3c(c2)OCCO3)c(O)c1)C(O)C(O)C(C)O,2
Cc1cc(NS(=O)(=O)c2ccc(N)cc2)no1,0
O=c1[nH]sc2ccc(F)cc12,2
CC(C)C(NC(=O)C(Cc1ccccc1)NC(=O)C(CC(=O)O)NC(=O)C(N)CCCCN)C(=O)O,2
CCC=CCCCCOC(C)=O,4
CC1(C)CCC2(C(=O)O)CCC3(C)C(=CCC4C5(C)CCC(OC6OC(C(=O)O)C(OC7OCC(O)C(O)C7O)C(O)C6OC6OC(CO)C(O)C(O)C6O)C(C)(C)C5CCC43C)C2C1,2
CC12CC(c3ccoc3)OC(=O)C1CCC1(C)C2C2OC(=O)C1(O)C1OC21,0
CC(C)COc1ccc([N+](=O)[O-])cc1N,2
C[S+]([O-])CC(N)C(=O)O,4
CC(=O)OC1CC(C)(C(=O)O)CC2C3=CCC4C5(C)CCC(C6OC(C(=O)O)C(O)C(O)C6OC6OC(CO)C(O)C(O)C6OC6OC(C)C(O)C(O)C6O)C(C)(CO)C5CCC4(C)C3(C)CCC12C,2
OCC(O)COCC1(OC2OC(CO)C(O)C(O)C2O)OC(CO)C(O)C1O,2
CC(C)OC(=O)CCCCC(=O)OC(C)C,1
CC1OCC(O)C(C(O)C(C)O)O1,2
COc1ccc(C(C)=O)c(OC2OC(COC3OCC(O)C(O)C3O)C(OC(=O)c3cc(O)c(O)c(O)c3)C(O)C2O)c1,2
CC1OC(n2cnc3c(N)ncnc32)C(OP(=O)(O)O)C1O,2
CC(O)C(O)CC(O)C(C)O,2
COC(=O)c1cc(O)c(O)c(O)c1CN(C)C,1
CCCCCC(C)C(=O)O,4
CC(C)CC(NC(=O)C(NC(=O)C(Cc1ccccc1)NC(=O)C(N)CC(=O)O)C(C)C)C(=O)O,2
C=C1CC23CCC4C(C)(C(=O)OC5OC(CO)C(OC6OC(CO)C(O)C(O)C6O)C(O)C5O)CCCC4(C)C2CCC1(OC1OC(CO)C(O)C(O)C1OC1OC(CO)C(O)C(O)C1O)C3,2
CC(N)C(=O)NC(CCCCN)C(=O)NC(Cc1ccccc1)C(=O)NC(CC(=O)O)C(=O)O,2
COC(O)C1OC(OC(C)=O)C(OC(C)=O)C(OC(C)=O)C1OC(C)=O,2
OCC(O)CCCOC1OCC(O)C(O)C1O,2
COc1ccc(-c2cc(=O)c3ccc(OC4OC(CO)C(O)C(OC5OC(CO)C(O)C(O)C5O)C4O)c(OC)c3o2)cc1,2
CC1(C)CC(O)C2(COC3OC(CO)C(O)C(O)C3O)C(O)CC3(C)C(=CCC4C5(C)CCC(OC6OC(C(=O)O)C(O)C(O)C6O)C(C)(C)C5CCC43C)C2C1,2
CCC(=O)Oc1c(C)occc1=O,2
O=C(C=Cc1ccc(O)cc1)c1ccc(O)cc1O,0
NC(=O)CC(NC(=O)C(CC(=O)O)NC(=O)C(N)CO)C(=O)NC(Cc1ccccc1)C(=O)O,2
CC(=CCCC1(C)C2CC3C(C2)C31C)CO,4
O=C(CCc1ccc(O)c(O)c1)c1c(O)cc(OC2OC(CO)C(O)C(O)C2O)cc1O,2
CC(C)=CCC1C(=O)C(C(=O)CC(C)C)=C(O)C1(O)C(=O)C=CC(C)(C)OO,0
CCOC1C(O)OC(O)C(OCC)C1OCC,2
CCC1=CCCC(C)(C)C12C=CC(C)O2,4
CCCCC[PH](=O)O,1
CC1OC(C)OC(C)O1,2
CC(=O)c1ccccc1C(=O)O,1
CC(C)C(N)C(=O)NC(CC(N)=O)C(=O)NC(Cc1ccccc1)C(=O)NC(CCCCN)C(=O)O,2
CC(C)(C)OCCOc1ccc([N+](=O)[O-])cc1N,2
COc1ccc(-c2cc(=O)c3c(O)cc(OC4OC(CO)C(OC5OCC(O)C(O)C5O)C(O)C4O)cc3o2)cc1O,2
NC(=O)CC(NC(=O)C(CC(=O)O)NC(=O)C(Cc1ccccc1)NC(=O)C(N)CC(=O)O)C(=O)O,2
COc1ccc2c(c1OC)C(=O)OC2C1c2cc3c(cc2CCN1C)OCO3,0
O=c1cc(-c2ccc(O)c(O)c2)oc2cc(O)ccc12,0
OCC(CO)OC1OCC(OC2OC(CO)C(O)C(O)C2O)C(O)C1O,2
CC(C)C(=O)OCC(CO)NC(=O)C(N)CC(=O)O,2
Cc1cc(Cl)ccc1OCC(=O)O,1
OCC(O)COC1OC(CO)C(O)C(O)C1O,2
CCC=CC=O,4
CC(=O)CC(=O)OCC=C(C)CCC=C(C)C,2
CC(C)OP(C)OCC1OC(n2cnc3c(N)ncnc32)C(O)C1O,2
CCOC(=O)CSC,4
CC(=O)OCC=C(C)CCC=C(C)CCC=C(C)C,4
COc1ccccc1S,2
OCC1OC(OC2OC(O)(C(O)O)C(O)(OO)C(O)(OO)C2O)C(O)C(O)C1O,2
CC(N)C(=O)NC(CC(=O)O)C(=O)NC(C(=O)NC(Cc1ccccc1)C(=O)O)C(C)C,2
CC(=O)OCC12C(OC(C)=O)CC(C)C(C)(C3CC4C=COC4O3)C1CCCC21CO1,0
CN(C)CC(O)CC(=O)O,1
N#Cc1ccc(O)c(C(=O)O)c1,1
CCCCCOC1OC(CO)C(OC2OC(CO)C(O)C(O)C2O)C(O)C1OCCC,2
NC(CO)C(=O)NCC(=O)NC(Cc1ccccc1)C(=O)O,2
COC(=O)C(Cc1ccccc1)NC(=O)C(CC(=O)O)NCCC(C)(C)CO,2
CC(NC(=O)C(CO)NC(=O)C(Cc1ccccc1)NC(=O)C(N)CC(=O)O)C(=O)O,2
CCC(C)C(NC(=O)C(CC(=O)O)NC(=O)C(C)N)C(=O)NC(Cc1ccccc1)C(=O)O,2
CCCCCCCCOC1OCC(O)C(O)C1O,2
CC=C(C)C(=O)OCC,2
CC(C)CC(N)C(=O)NC(C(=O)NC(CC(=O)O)C(=O)NC(Cc1ccccc1)C(=O)O)C(C)C,2
CCC(C)C(NC(=O)C(N)Cc1ccccc1)C(=O)NC(CCCCN)C(=O)NC(CC(N)=O)C(=O)O,2
[O-]CC1OC(OC2(CO)OC(CO)C(O)C2O)C(O)C(O)C1O.[Pb+],2
CCCC(=O)C(CC)Sc1ccoc1C,4
COC(=O)C1OC(OC2CCC3(C)C(CCC4(C)C3CC=C3C5CC(C)(C)CCC5(C(=O)OC)CCC34C)C2(C)C)C(OC2OC(CO)C(O)C(O)C2O)C(O)C1O,2
C=CCOC(=O)CC(C)C,2
CC(C)C(NC(=O)C(CC(N)=O)NC(=O)C(N)CO)C(=O)NC(Cc1ccccc1)C(=O)O,2
CCCC(CCC)C(N)=O,0
CC=Cc1cc(OC)c(O)c(OC)c1,2
Oc1nc2cncnc2nc1O,1
CC(C)(N)COc1ccc([N+](=O)[O-])cc1[N+](=O)[O-],2
CCCCCCCCCCCCCC(=O)NCC(=O)NC(=O)CCC(=O)NC(Cc1ccccc1)C(=O)O,2
NC(=O)CCC(NC(=O)C(N)CC(=O)O)C(=O)NC(CC(N)=O)C(=O)NC(Cc1ccccc1)C(=O)O,2
O=CNC(CC(=O)NC(Cc1ccccc1)C(=O)O)C(=O)O,2
CC(C)CC(N)C(=O)NC(CC(C)C)C(=O)NC(CC(C)C)C(=O)O,0
OC1COC(O)C(O)(OC2CCCCC2)C1O,2
O=CC(OF)C(OF)C(O)C(O)CO,2
CC(=O)OC1CC2C(C)(C)C(=O)C=CC2(C)C2CCC3(C)C(c4ccoc4)C(=O)C4OC43C12C,0
CCCCC1OC(=O)C2=CCCCC21,4
CC(CC(=O)O)(Cc1ccccc1)C(=O)O,1
CCC(O)C1OC(OC)C(O)C(O)C1O,2
CC1OC(Oc2cc(OC3OC(C)C(O)C(O)C3O)c3c(=O)cc(-c4ccc(O)c(O)c4)oc3c2)C(O)C(O)C1O,2
Cn1nc2nc(S(C)(=O)=O)[nH]c(=O)c2n1,1
Nc1ncnc2c1ncn2C1OC(COP(=O)(O)OS(=O)(=O)O)C(O)C1O,2
Cc1nc(C(=O)O)c(C)o1,1
Nc1ncnc2c1ncn2C1CC(O)C(CO[P+](=O)[S-])O1,2
CCC(COC(=O)C1CCC1)NC(=O)C(N)CC(=O)O,2
CC(C)CC(NC(=O)C(CC(=O)O)NC(=O)C(N)Cc1ccccc1)C(=O)NC(Cc1ccccc1)C(=O)O,2
CC(=O)OC(C)C=CC1=C(C)CCCC1(C)C,2
CC1(C)CCC2(C(=O)O)C(O)CC3(C)C(=CCC4C5(C)CCC(OC6OC(C(=O)O)C(OC7OCC(O)C(O)C7O)C(O)C6O)C(C)(C)C5CCC43C)C2C1,2
COc1ccc(CCC(=O)c2c(O)cccc2OC2OC(CO)C(O)C(O)C2O)cc1OC,2
CCNc1nc(N)c2ncn(C3OC(COP(=O)(O)OP(=O)(O)OP(=O)(O)O)C(O)C3O)c2n1,2
O=C1CC(c2cc(O)cc(O)c2)Oc2cc(OC3OC(CO)C(O)C(O)C3O)c(O)c(O)c21,2
C=CCCCCCCCCCCCC(=O)CC(O)COC(C)=O,0
CCCCCCCCC=CCCC=O,4
CC1CCC(C(C)C2CCC3C4=CC(=O)C5CC(OC6OC(CO)C(O)C(O)C6O)CCC5(C)C4CCC32C)OC1OC1OC(C)C(O)C(O)C1O,2
COC1OC(COC2OC(C(C)O)C(O)C(O)C2O)C(O)C(O)C1O,2
CC1OC(Oc2c(O)cc(-c3cc(=O)c4c(O)cc(O)cc4o3)cc2O)C(O)C(O)C1O,2
CCOC1OC(C(CO)OC2OC(C(O)CO)C(O)C2O)C(O)C1O,2
COC(=O)C1OC(OC2C(O)COC(OC3CCC4(C)C(CCC5(C)C4CC=C4C6CC(C)(C(=O)OC)CCC6(C(=O)OC)CCC45C)C3(C)CO)C2O)C(O)C(O)C1O,2
C=C(CCCCC)C(C)=O,4
COC1OC2COC(C1O)C2OC1OC(CO)C(O)C(O)C1O,2
[B]P(=O)(OCC1OC(n2cnc3c(N)ncnc32)C(O)C1O)OP(=O)(O)O,2
NC(=O)c1ccccc1O,0
OCCCC(O)CO,2
C=CCCCCCCCC(=O)O,4
CC(C)=CCc1cc(-c2oc3cc(OC4OC(CO)C(O)C(O)C4OC4OC(CO)C(O)C(O)C4O)cc(O)c3c(=O)c2CO)cc(O)c1OC1OC(CO)C(O)C(O)C1O,2
COC(=O)C(CC1CCCCC1)NC(=O)C(N)CC(=O)O,2
COC1CC(OC2C(C)OC(OC3C(C)OC(OC4CCC5(C)C(=CCC6C5CCC5(C)C6CC(OC6OC(COC7OC(COC8OC(CO)C(O)C(O)C8O)C(O)C(O)C7O)C(O)C(O)C6O)C5C(C)=O)C4)C(O)C3OC)CC2OC)OC(C)C1OC(=O)C=C(C)C,2
CC(C)C(COC(=O)C1CCC1)NC(=O)C(N)CC(=O)O,2
O=C(O)c1cncc(C(=O)O)c1,1
Nc1ncnc2c1ncn2C1OC(COP(=O)(O)O)C(OP(=O)(O)O)C1OP(=O)(O)O,2
COC(=O)C1OC(OC2CCC3(C)C(CCC4(C)C3CC=C3C5CC(C)(C)CC(O)C5(C)CCC34C)C2(C)CO)C(OC2OC(CO)C(O)C(O)C2OC2OC(CO)C(O)C(O)C2O)C(O)C1O,2
C=CCOC(=O)C1OC(OC2C(OC3CCC4(C)C(CCC5(C)C4C(=O)C=C4C6CC(C)(C(=O)OCC=C)CCC6(C)CCC45C)C3(C)C)OC(C(=O)OCC=C)C(O)C2O)C(O)C(O)C1O,2
CCCCC=CC=CCO,4
Nc1ncnc2c1ncn2C1OC(COP(O)(=S)OP(=O)(O)OP(=O)(O)O)C(O)C1O,2
CC1OC(OC2C(OC3C(OC4CCC5(C)C(CCC6(C)C5CC=C5C7CC(C)(C(=O)O)CC(O)C7(C)CCC56C)C4(C)CO)OC(C(=O)O)C(O)C3O)OC(CO)C(O)C2O)C(O)C(O)C1O,2
CC1(C)CCC2(C(=O)OC3OC(CO)C(O)C(O)C3O)CCC3(C)C(=CCC4C5(C)CC(O)C(OC6OC(C(=O)O)C(O)C(O)C6O)C(C)(C)C5CCC43C)C2C1,2
CC1(C(=O)O)CCC2(C)CCC3(C)C(=CC(=O)C4C5(C)CCC(OC6OC(CO)C(O)C(OC7OC(C(=O)O)C(O)C(O)C7O)C6O)C(C)(C)C5CCC43C)C2C1,2
COc1ccc(C)cc1C,4
COC1OC(CO)C(O)C(OC)C1OC,2
NCCCCC(NC(=O)CNC(=O)C(CC(N)=O)NC(=O)C(N)Cc1ccccc1)C(=O)O,2
CC(C)CCO,4
CC(=O)OC1CC(C)=C2C(=O)C=C(C)C2C2OC(=O)C(C)C12,0
COP(=O)(O)OC1COC(Cn2cnc3c(N)ncnc32)C1O,2
COc1cc(O)c2c(=O)cc(C)oc2c1,0
CCCCCCCCC(=O)OCCCCCC,4
COC(=O)CCCSC,4
OCC(O)COC1OCC(O)C(O)C1O,2
OCCOOCC1OC(OC2(CO)OC(CO)C(O)C2O)C(O)C(O)C1O,2
C=C1CC23CCC4C(C)(C(=O)OC(CCC(=O)O)C(=O)O)CCCC4(C)C2CCC1(OC1OC(CO)C(O)C(O)C1OC1OC(CO)C(O)C(O)C1O)C3,2
O=C(C=Cc1ccccc1)c1ccc(O)cc1O,0
CC1(C)CCC2C(=O)CC3(C)C(=CCC4C5(C)CCC(OC6OC(C(=O)O)C(O)C(OC7OCC(O)C(O)C7O)C6OC6OC(CO)C(O)C(O)C6O)C(C)(C=O)C5CCC43C)C2C1,2
C=C(C)C1CCC(C)CC1=O,4
O=c1[nH]cc([N+](=O)[O-])c(=O)[nH]1,1
CC1(C)CC(O)C2(CO)C(O)CC3(C)C(=CCC4C5(C)CCC(OC6OC(C(=O)O)C(O)C(OC7OC(CO)C(O)C(O)C7O)C6O)C(C)(CO)C5CCC43C)C2C1,2
CCC(C)C(NC(=O)C(CC(=O)O)NC(=O)CNC(=O)C(N)Cc1ccccc1)C(=O)O,2
CCC1OC(=O)C(C)C(=O)C(C)C(OC2OC(C)CC(N(C)C)C2O)C(C)CC(C)C(=O)C=CC1(C)O,0
CCC(C)C(NC(=O)C(N)Cc1ccccc1)C(=O)NC(CC(=O)O)C(=O)NC(Cc1ccccc1)C(=O)O,2
CCCOC1OC(C)C(O)C(OC)C1OC,2
Cc1ccccc1S(=O)(=O)N1C(=O)c2ccccc2S1(=O)=O,2
O=C(O)C12CCC(Br)(CC1)C2,1
Nc1ncnc2c1ncn2C1OC(COP(=O)([O-])OP(=O)([O-])NP(=O)([O-])[O-])C(O)C1O.O.[Li+].[Li+].[Li+].[Li+],2
O=[N+]([O-])c1cc(O)c(O)c([N+](=O)[O-])c1,1
CCCCCCCCOC1C(CO)OC(O)C(O)C1O,2
CC(CCC(OC1OC(COC2OC(CO)C(O)C(O)C2O)C(O)C(O)C1OC1OC(CO)C(O)C(O)C1O)C(C)(C)O)C1CCC2(C)C3CC=C4C(CCC(OC5OC(COC6OC(CO)C(O)C(O)C6O)C(O)C(O)C5O)C4(C)C)C3(C)C(=O)CC12C,2
COc1cc(OC2OC(COC3OCC(O)C(O)C3O)C(O)C(O)C2O)c2c(=O)cc(-c3cc(OC)c(OC)c(OC)c3)oc2c1,2
O=c1cc(-c2ccc(O)c(O)c2)oc2cc(O)c(C3OC(CO)C(O)C(O)C3OC3OCC(O)C(O)C3O)c(O)c12,2
COc1ccc(-c2cc(=O)c3c(O)cc(O)c(OC4OC(CO)C(O)C(O)C4O)c3o2)cc1O,2
OCC1OC(OC2C(O)CC(O)OC2CO)CC(O)C1O,2
CCCCOC(=O)C1OC(OC2CCC3(C)C(CCC4(C)C3CC=C3C5CC(C)(C)CCC5(C(=O)OC5OC(CO)C(O)C(O)C5O)CCC34C)C2(C)C)C(O)C(O)C1OC1OC(CO)C(O)C1O,2
Cc1cc(SC(=O)c2ccco2)c(C)o1,4
COc1c(-c2ccc(O)c(O)c2)oc2cc(O)cc(OC3OC(CO)C(O)C(O)C3O)c2c1=O,2
Nc1nc(Cl)nc2c1ncn2C1OC(COP(=O)(O)CP(=O)(O)O)C(O)C1O,2
CCOCC(COC1OC(CO)C(O)C(O)C1O)OC,2
CN1CCCC1c1cccnc1,0
O=C(O)c1ccc([N+](=O)[O-])cc1,1
CCC1OC(O)C(O)C(O)C1OC,2
CCCCNc1nc2c(N)ncnc2n1C1OC(COP(=O)(O)OP(=O)(O)OP(=O)(O)O)C(O)C1O,2
C#CCOP(=O)(O)OP(=O)(O)OP(=O)(O)OCC1OC(n2cnc3c(N)ncnc32)C(O)C1O,2
CC1OC(OC2C(=O)c3c(O)cc(O)cc3OC2c2ccc(O)cc2)C(O)C(O)C1O,0
CC1OC(OCC2OC(Oc3c(-c4ccc(O)c(O)c4)oc4cc(O)cc(O)c4c3=O)C(O)C(O)C2O)C(O)C(O)C1C,2
CCCCCCCCOC1OC(CO)C(O)C1OC1OC(CO)C(O)C(O)C1OC1OC(CO)C(O)C(O)C1O,2
O=C(O)OC1OC(Oc2ccc(-c3oc4cc(O)cc(O)c4c(=O)c3O)cc2O)C(O)C(O)C1O,2
O=c1cc(-c2ccc(O)c(OC3OC(CO)C(O)C(O)C3O)c2)oc2cc(O)c(C3OC(CO)C(O)C(O)C3O)c(O)c12,2
O=C(O)C(O)(c1ccccc1)c1ccccc1,0
CC1(C)C(OC2OC(C(=O)O)C(O)C(O)C2OC2OC(C(=O)O)C(O)C(O)C2O)CCC2(C)C1CCC1(C)C2C(=O)C=C2C3CC4(CO)CC(OC4=O)C3(C)CCC21C,2
COC1OC(COC2OC(CO)C(O)C(F)C2O)C(O)C(O)C1O,2
OCC1OC(OC2C(CO)OC(OCCC3CO3)C(O)C2O)C(O)C(O)C1O,2
C/C(=C/CCC(C)C1CCC2(C)C3CC=C4C(CCC(OC5OC(CO)C(O)C(O)C5O)C4(C)C)C3(C)C(=O)CC12C)COC1OC(COC2OC(CO)C(O)C(O)C2O)C(O)C(O)C1O,0
COC1C(C)OC(OC2C(OC3CCC4(C)C(=CCC5C4CCC4(C)C5CC5OC6(CCC(C)CO6)C(C)C54)C3)OC(CO)C(OC3OC(C)C(O)C(O)C3O)C2O)C(O)C1O,0
CC(NC(=O)C(N)CC(=O)O)C(=O)NC1C(C)(C)[S+]([O-])C1(C)C,2
COc1ccc(CCc2ccc(F)cc2)cc1O,2
O=C(O)c1ccccc1[N+](=O)[O-],1
CCC(=O)OCC(NC(=O)C(N)CC(=O)O)C(C)O,2
CCCSCNc1nc2c(ncn2C2OC(COP(=O)(O)O)C(O)C2O)c(=O)[nH]1,3
Nc1ccc(N=NC(=NNc2ccccc2)c2ccccc2)cc1,2
NCCCCC(NC(=O)C(N)CC(=O)O)C(=O)NC(Cc1ccccc1)C(=O)NC(CC(=O)O)C(=O)O,2
Cc1cccc(C)c1,4
CC(C)CC(N)C(=O)NC(CCC(N)=O)C(=O)NC(CC(=O)O)C(=O)NC(Cc1ccccc1)C(=O)O,2
CC(C)=CCC1OC(=O)C2=C1COC(=O)C1(C)C2CCC2C3(C)CCC(OC4OC(COC5OC(C)C(O)C(O)C5O)C(O)C(O)C4O)C(C)(C)C3CCC21C,0
O=C1NS(=O)(=S)c2ccccc21,2
CCCCCC#Cc1nc(N)c2ncn(C3OC(COP(=O)(O)O)C(O)C3O)c2n1,2
OCC1OC(OC2(O)C(CO)OC(OC3(O)C(CO)OC(O)C(O)C3O)C(O)C2O)C(O)C(O)C1O,4
CCOc1nc2c(c(C(=O)O)n1)N=C(O)CN2,1
CC1=CC=C(C=NO)CC1,2
CC(c1ccccc1)C(NC(=O)C(N)CC(=O)O)C(=O)O,2
NCCCCC(NC(=O)C1CCCN1C(=O)C(N)CC(=O)O)C(=O)NC(Cc1ccccc1)C(=O)O,2
CCCC=CC=CCO,4
OCC(O)C(O)C(O)C(O)CO.[Cl-].[Na+],2
Nc1ncnc2c1ncn2C1CC(O)(P(=O)(O)O)C(CO)O1,2
CP(=O)(OCC1OC(n2cnc3c(N)ncnc32)C(O)C1O)OP(=O)(O)OP(=O)(O)O,2
[N-]=[N+]=Nc1nc2c(N)ncnc2n1C1OC(CO)C(OP(=O)(O)O)C1O,2
C=C(C)NC(=O)Nc1ccc(OC)cc1,2
CCC(=O)OCc1ccccc1,2
COc1cc(-c2oc3cc(O)cc(O)c3c(=O)c2OC2OC(CO)C(O)C(OC3OC(CO)C(O)C(O)C3O)C2O)ccc1O,2
CC1=CC2OC(=O)C(C)C2CC1,2
CC1OC(O)CC(OC(CO)OC(CO)C(O)CO)C1O,2
CCOCC(=O)O,1
COC(=O)C(CO)NC(=O)C(N)CC(=O)O,2
CC(COC(=O)C(C)(C)C)NC(=O)C(N)CC(=O)O,2
CC(NC(=O)C(CC(=O)O)NC(=O)C(Cc1ccccc1)NC(=O)C(N)CCC(N)=O)C(=O)O,2
ON=CC1=CCCOC1,0
CC(=O)OCc1cc(=O)c(O)c([N+](=O)[O-])o1,1
CC(C)C(N)C(=O)NC(CO)C(=O)NC(CC(N)=O)C(=O)NC(Cc1ccccc1)C(=O)O,2
C=C1CCC2(C(=O)O)CCC3(C)C(=CCC4C5(C)CCC(OC6OC(C(=O)OCCCC)C(O)C(O)C6O)C(C)(CO)C5CCC43C)C2C1,2
COC1C(O)OC(O)C(OC)C1OC,2
COc1cc(OC2OC(COC3OC(CO)C(O)C(O)C3O)C(O)C(O)C2O)c2c(=O)c3c(O)c(OC)ccc3oc2c1,2
COCCOCCOCCOc1ccc([N+](=O)[O-])cc1N,2
CC(C)C(N)C(=O)NCC(=O)NC(Cc1ccccc1)C(=O)O,2
C[Se]c1ncnc2c1ncn2C1OC2COP(=O)(O)OC2C1O,2
CC(NC(=Nc1cc(Cl)cc(Cl)c1)NCC(=O)O)c1ccccc1,2
O=c1c2c(oc3cc(OC4OC(CO)C(O)C(O)C4O)cc(O)c13)-c1ccc(O)c(O)c1OC2,2
Oc1ncc2nn[nH]c2n1,1
CC1COc2c(N3CCN(C)CC3)c(F)cc3c(=O)c(C(=O)O)cn1c23,0
O=S(O)NC1CCCCC1,2
C=C(C)C(=O)OC,4
CC(N)C(=O)NC(CC(=O)O)C(=O)NC(C(=O)NC(Cc1ccccc1)C(=O)O)C(C)O,2
CCCCCC=CCC=CCCCCCCCC(O)CC(O)COC(C)=O,0
O=S(=O)([O-])[O-].OCC1OC(OC2(CO)OC(CO)C(O)C2O)C(O)C(O)C1O.[Na+].[Na+],2
O=[N+]([O-])c1cc(Cl)c(O)c(Cl)c1,1
CCCCCOC1C(O)OC(C)C(O)C1O,2
CC1=CC2C=CC1CC2,0
O=C(CO)C(O)C(O)C(O)CO.[Br-].[Na+],2
CCCC(=O)OCCc1ccccc1,2
OCC1OC(OC2CCCCC2)C(O)C1O,2
CCCCCCCCOCC1OC(O)C(O)C(O)C1O,2
O=C(O)C1C2CCC(C2)C1C(=O)O,1
COc1ccc(CCC(=O)c2c(O)cc(O)c(C(=O)O)c2O)cc1O,2
COC1CC(OC2OC(CO)C(O)C(O)C2O)C(O)C(CO)O1,2
CC1OC(Oc2c(C3OC(CO)C(O)C(O)C3O)c(O)c3c(=O)cc(-c4ccc(O)c(O)c4)oc3c2C2OC(CO)C(O)C(O)C2O)C(O)C(O)C1O,2
CC(O)C(O)C(O)C(O)COC1OC(CO)C(O)C(O)C1O,2
COC(=O)C(Cc1ccccc1-c1ccccc1)NC(=O)C(N)CC(=O)O,2
CC(C)CC(NC(=O)C(C)NC(=O)C(N)CC(N)=O)C(=O)NC(Cc1ccccc1)C(=O)O,2
O=c1cccc(Br)cc1O,1
OCC1OC(OC2C(CO)OC(CO)C(O)C2O)C(O)C(O)C1O,2
COc1ccc(CCc2ccc(C(=O)O)cc2)cc1O,4
N#Cc1ccc(N=C(NCC(=O)O)NC2CCCCCCCCC2)cc1,2
CC(=O)OCC1=C2C(OC3OC(CO)C(O)C(O)C3O)CC(C)C3(CC(c4ccoc4)OC3=O)C2CCC1,0
Nc1ncnc2c1ncn2C1OC(COP(=O)(O)O)CC1OP(=O)(O)O,2
CC(CN(C)C)C(C)(O)Cc1ccc(Cl)cc1,0
CCC=CCCCC(=O)O,4
CC(C)CC(N)C(=O)NC(CC(N)=O)C(=O)NCC(=O)NC(Cc1ccccc1)C(=O)O,2
OCC1OC(OC2C(CO)OC(OCCBr)C(O)C2O)C(O)C(O)C1O,2
CC1OC(OC2C(O)C(C)OC(OC(CO)C(O)CO)C2O)C(O)C(O)C1O,2
O=C(O)c1cccc(F)c1,1
O=C(OCC=Cc1ccccc1)c1ccccc1,4
O=C(O)COc1ccc(Cl)c(Cl)c1,1
CC=C1C2C=C(C)CC1(N)c1ccc(=O)[nH]c1C2,0
COc1cc(-c2oc3cc(O)cc(O)c3c(=O)c2OC2OC(C)C(O)C(O)C2O)cc(O)c1OC,2
CCC(C)C(N)C(=O)NC(C(=O)NC(Cc1ccccc1)C(=O)NC(CC(N)=O)C(=O)O)C(C)C,2
Oc1ncnc2[nH]nnc12,1
Nc1ncnc2c1ncn2C1OC(CO)C(O)C1OP(=O)(O)O,2
C=Cc1ccccc1OC,4
O=C1C=COS(=O)(=O)N1,2
COc1ccc(NC(C)=O)cc1,0
COC(C)OC,2
CC1(C)CC2C(C1)C1(C)CCCC2(C)C1O,4
O=C(CC(=O)C(F)(F)F)c1ccc[se]1,1
O=CC(O)C(O)C(=O)C(O)CO,2
CCCCCCNc1ncnc2c1ncn2C1OC(COP(=O)(O)O)C(O)C1O,2
OCCCCCO,0
O=C(O)c1cccc(O)c1O,1
CC1CCCCCCCCCCCCC(=O)C1,2
O=c1ccc(Br)ccc1O,1
CC(=O)OCC1OC(Oc2cc(O)c3c(=O)c(-c4ccc(O)cc4)coc3c2)C(O)C(O)C1O,0
NC(CC(=O)O)C(=O)NC(CC(=O)O)C(=O)NC(Cc1ccccc1)C(=O)NCC(=O)O,2
CC(C)C(N)C(=O)NC(CC(=O)O)C(=O)NC(Cc1ccccc1)C(=O)NC(CC(=O)O)C(=O)O,2
O=[Sb](O)(O)OCC(O)C(O)C(O)C(O)CO,2
O=C(O)c1ccn(-c2ccccc2)n1,1
COc1c(OC2OC(C)C(O)C(O)C2O)cc2oc(-c3ccc(O)c(OC4OCC(O)C(O)C4O)c3)cc(=O)c2c1O,2
COC1OC(CO)C(OC)C(O)C1OC,2
Nc1nc2c(ncn2C2OC(COP(=O)(O)O)C(O)C2O)c(=S)[nH]1,3
COCC(C)(OC)C1CC=C(C=NO)CC1,0
O=C(O)C1CSSC1,4
CSSc1ccoc1C,4
CC(O)C(O)OC(CO)C(CO)OC1OC(CO)C(O)C(O)C1O,2
COc1ccc(C2Oc3cc(O)cc(O)c3C(=O)C2OC2OC(C)C(O)C(O)C2O)cc1O,2
COC(C)(C)OC1OC(CO)C(O)C(O)C1O,2
CC(NC(=O)CNC(=O)C(N)CCCCN)C(=O)NC(Cc1ccccc1)C(=O)O,2
CCC(C)C(NC(=O)C(CC(C)C)NC(=O)C(Cc1ccccc1)NC(=O)C(N)CC(=O)O)C(=O)O,2
COC(=O)C1OC(OC2CCC3(C)C(CCC4(C)C3CC=C3C5CC(C)(C(=O)OC)CCC5(C(=O)OC)CCC34C)C2(C)CO)C(O)C(OC2OCC(O)C(O)C2O)C1O,2
OCC1OC(O)C(F)C(O)C1O,2
COC(=O)C(Cc1ccccc1)NC(=O)C(N)C(Cc1ccccc1)C(=O)O,2
COC(=O)c1ccco1,2
O=C1CCN(c2cccc(F)c2)CC1,0
CC(NC(=O)C(Cc1ccccc1)NC(=O)C(CC(=O)O)NC(=O)C(N)CO)C(=O)O,2
CCCCCCCCC=CCCCCCCCC(=O)OCC(O)CO,0
NCCCCC(NC(=O)CN)C(=O)NC(CC(N)=O)C(=O)NC(Cc1ccccc1)C(=O)O,2
N#C/C(=C\COC1OC(CO)C(O)C(O)C1O)COC(=O)c1ccc(O)cc1,4
NOC1OC(CO)C(O)C(O)C1O,2
COc1cc(-c2cc(=O)c3c(O)cc(O)c(OC4OC(CO)C(O)C(O)C4O)c3o2)ccc1O,2
Cc1cccc(N=C(NCC(=O)O)NC(C)c2ccccc2)c1,2
CC(C)(O)CCc1c(OC2OC(CO)C(O)C(O)C2O)cc2c(c1O)C(=O)C(O)C(c1ccc(O)c(O)c1)O2,2
O=C(O)C12CCC(CC1)CC2,1
COP(=O)(O)NC1C(CO)OC(n2cnc3c(N)ncnc32)C1O,2
CC(C)CC=NCCC(C)C,4
CCC=CCCCCO,4
OCC(O)C1OC(OCC(O)C2OC(O)C(O)C2O)C(O)C1O,2
c1cnc(CC2CCCCC2)cn1,4
COc1c(CC=C(C)C)c(O)c(CC=C(C)C)c(O)c1C(=O)C=Cc1ccc(O)cc1,0
OC1COC(O)(C(O)O)C(O)C1O,2
O=c1cc(-c2ccc(OC3OC(CO)C(O)C(O)C3O)c(O)c2)oc2cc(O)c(C3OC(CO)C(O)C(O)C3O)c(O)c12,2
O=C(O)[C@@H]1CCCC[C@H]1C(=O)O,1
CCONC(=O)Nc1ccc(OC)cc1,2
CC(C)CC(N)C(=O)NC(CCCCN)C(=O)NC(Cc1ccccc1)C(=O)NC(CC(N)=O)C(=O)O,2
CCCC(CCC)(CC(=O)O)CC(=O)O,1
CC1(OC2OC(CO)C(O)C(O)C2O)CCC2(C(=O)O)C(O)CC3(C)C(=CCC4C5(C)CCC(OC6OC(C(=O)O)C(O)C(O)C6OC6OC(CO)C(O)C(O)C6O)C(C)(C)C5CCC43C)C2C1,2
O=C(CC(O)C(O)CO)C(O)O,2
COc1cc(O)c2c(=O)c3c(OC4OC(COC5OCC(O)C(O)C5O)C(O)C(O)C4O)c(O)ccc3oc2c1,2
CC(C)c1cc2c(c(O)c1O)C13CCCC(C)(C)C1CC2OC3=O,0
COc1ccc(C2CC(=O)c3ccc(OC4OC(COC(=O)CC(C)=CCCC(CO)CCC=C(C)C)C(O)C(O)C4O)cc3O2)cc1O,2
OCC(O)COC1OC(C(O)CO)C(O)C1OC1OC(CO)C(O)C(O)C1O,2
CNc1nc2c(N)ncnc2n1C1OC(COP(=O)(O)O)C(O)C1O,2
N#Cc1ccc(O)c(=O)cc1,1
CCCOC1OC(COC)C(O)C(O)C1O,2
CC(O)C(O)C(CO)OCOC1OC(CO)C(O)C(O)C1O,2
CC1OC(O)C(O)CC1O,2
CCCCCS,4
OCC1OC(OC2(CCl)OC(CCl)C(I)C2O)C(O)C(O)C1Cl,2
CCC(C)OC1OC(C)C(O)C(O)C1O,2
CC(=O)C1=NCCCC1,4
C=CC1(C)CCC(C(=C)C)O1,4
NC(=O)CC(NC(=O)C(N)Cc1ccccc1)C(=O)O,2
OCC(O)C(O)C(O)C(O)COCC1OC(O)C(O)C(O)C1O,2
CC1OC(OC2C(OC3C(OC4CCC5(C)C(CCC6(C)C5CC=C5C7CC(C)(C)CC(O)C7(C)CCC56C)C4(C)CO)OC(C(=O)O)C(O)C3O)OC(C(=O)O)C(O)C2O)C(O)C(O)C1O,2
OCC(O)C(O)C(OC1OC(CO)C(OC2OC(CO)C(O)C(O)C2O)C(O)C1O)C(O)CO,2
CCC1CCC(CC)O1,2
CC1=CCC(C(C)C2CCC3(C)C4CCC5C(C)(C(=O)O)C(OC6OC(CO)C(O)C(O)C6OC6OC(CO)C(O)C(O)C6O)CCC56CC46CCC23C)OC1=O,2
COc1ccc(C2OCc3ccccc3S2)c(CC=Cc2ccc([N+](=O)[O-])cc2)c1O,4
C=Cc1nc2c(N)ncnc2n1C1OC(COP(=O)(O)O)C(O)C1O,2
OCC(O)C(O)C(O)C(O)O,2
OCCC1OC(O)C(O)C(OC2OC(CO)C(O)C2O)C1O,2
CCCCCC=CCC=CCCCCCCCC(=O)OCC(O)CO,0
NCCCCC(N)C(=O)NC(CCC(N)=O)C(=O)NC(CC(=O)O)C(=O)NC(Cc1ccccc1)C(=O)O,2
Nc1ncnc2c1ncn2C1OC(COP(=O)(O)O)C(O)C1OP(=O)(O)NP(=O)(O)OP(=O)(O)O,2
CC(=O)OC1CC(C)(C)CC2C3=CCC4C5(C)CCC(OC6OC(C(=O)O)C(O)C(O)C6OC6OC(CO)C(O)C(O)C6OC6OC(C)C(O)C(O)C6O)C(C)(CO)C5CCC4(C)C3(C)CCC12C,2
NC(CC(=O)O)C(=O)NCC(=O)NC(Cc1ccccc1)C(=O)NC(Cc1ccccc1)C(=O)O,2
O=c1cc(-c2ccc(OC3OC(CO)C(O)C(O)C3O)c(O)c2)oc2cc(OC3OC(CO)C(O)C(O)C3O)cc(O)c12,2
CCCCc1nc(N)c2ncn(C3OC4COP(=O)(O)OC4C3O)c2n1,2
CCC(C)C(N)C(=O)NC(CC(=O)O)C(=O)NC(CC(=O)O)C(=O)NC(Cc1ccccc1)C(=O)O,2
Cc1c(O)c(OC2OC(CO)C(O)C(O)C2OC2OC(CO)C(O)C(O)C2O)cc2c1C=CC1C2(C)C(=O)CC2(C)C(C(C)(O)C(O)C=CC(C)(C)O)C(O)CC12C,0
O=c1c(O)c(-c2cc(O)c(OC3OC(CO)C(O)C(O)C3O)c(O)c2)oc2cc(O)cc(O)c12,2
COc1cc2oc(-c3ccc(O)c(O)c3)cc(=O)c2c(O)c1OC1OC(CO)C(O)C(O)C1O,2
CC(NC(=O)C(CC(=O)O)NC(=O)C(Cc1ccccc1)NC(=O)C(N)CO)C(=O)O,2
NC(=O)CC(NC(=O)C(CC(=O)O)NC(=O)C(N)Cc1ccccc1)C(=O)NC(CC(=O)O)C(=O)O,2
NCCCCC(NC(=O)C(N)CC(=O)O)C(=O)NC(CCCCN)C(=O)NC(Cc1ccccc1)C(=O)O,2
CC1C(=O)OC2C3=C(C(=O)CC3(C)O)C(C)(O)CCC12,0
C=CC1CN2CCC1CC2C(O)c1ccnc2ccc(OC)cc12,0
[NH3+]C(CC(=O)[O-])C(=O)NC(C=O)Cc1ccccc1,2
O=CC(O)C(O)C(O)C(O)COCl,2
NC(CC(=O)O)C(=O)NCC(=O)NC(Cc1ccccc1)C(=O)NC(CC(=O)O)C(=O)O,2
CC(NC(=O)C(N)Cc1ccccc1)C(=O)NC(CC(=O)O)C(=O)NCC(=O)O,2
COc1ccc(C2CC(=O)c3c(OC)cc(OC4OC(C)C(O)C(O)C4O)cc3O2)cc1O,2
CC(C)C(=O)OCCOc1ccccc1,2
CC(C)CCCC(C)CCO,0
CC(N)C(=O)NC(CCC(N)=O)C(=O)NC(CC(N)=O)C(=O)NC(Cc1ccccc1)C(=O)O,2
CCC(C)C(NC(=O)C(CC(=O)O)NC(=O)C(Cc1ccccc1)NC(=O)C(N)CC(=O)O)C(=O)O,2
CCCNC(=S)S,1
CC(=O)OC(C)C,2
CCCC(COC(=O)CC)NC(=O)C(N)CC(=O)O,4
CCCCCCC(C)Oc1ccc([N+](=O)[O-])cc1N,2
CCCCCC(O)C(C)=O,4
COC1OC2COC3(OC(CO)C(O)C(O)C3O)OC2C(O)C1O,2
CC1(C)CCCC(C)(O)C1=O,2
CCCCOC(=O)C1OC(OC2CCC3(C)C(CCC4(C)C3C(=O)C=C3C5CC(C)(C(=O)O)CCC5(C)CCC34C)C2(C)C)C(OC2OC(C(=O)OCC)C(O)C(O)C2O)C(O)C1O,2
COC1OC(CCCCO)C(OC)C(OC)C1OC,2
CC(C)CC(N)C(=O)NC(CC(=O)O)C(=O)NCC(=O)NC(Cc1ccccc1)C(=O)O,2
CC1OC(OC2C(OC3C(OC4CC(C)(CO)C5CCC6(C)C(CC=C7C8CC(C)(C)CC(O)C8(C)CCC76C)C5(C)C4)OC(C(=O)O)C(O)C3O)OC(CO)C(O)C2O)C(O)CC1O,2
CCC(CC([N+](=O)[O-])[N+](=O)[O-])[N+](=O)[O-],1
CCCCc1ncsc1C,4
Nc1nc(N)c2ncn(C3OC(COP(=O)(O)OP(=O)(O)OP(=O)(O)O)C(O)C3O)c2n1,2
CCCCCC(O)C(O)C=CC(=O)CCCCCCCC(=O)O,0
CCCCC(CC)COP(=O)(O)OCC(CC)CCCC,1
CC(C)(C)c1ccc(C(=O)O)cc1,1
CC1(C)CCC2(C(=O)O)CCC3(C)C(=CCC4C5(C)CCC(OC6OC(C(=O)O)C(O)C(OC(OCC(=O)O)C(O)C(=O)O)C6O)C(C)(CO)C5CCC43C)C2C1,2
CCOCCC(C)NC(=O)C(N)CC(=O)O,2
Cc1cc2nc3c(=O)[nH]c(=O)nc-3n(CC(O)C(O)C(O)CO)c2cc1C,0
O=C(O)CC1CCC(=O)C1,1
COc1ccc(-c2cc(=O)c3c(O)c(OC)c(OC4OC(COC5OCC(O)C(O)C5O)C(O)C(O)C4O)cc3o2)cc1,2
Nc1ncnc2c1ncn2C1CC(O)C(COP(O)(=S)OP(=O)(O)OP(=O)(O)O)O1,2
CCC(C)C1CCCCC1=O,4
N#CCC(=O)O,1
CC1=C2C3OC(=O)C(C)C3CCC2(C)C=CC1=O,0
CCCC(=O)OC(C)(C)C1CC=C(C)CC1,1
COC1OC(COC2OC(CO)C(O)C(O)C2O)C(O)C(OC2OC(CO)CC(O)C2O)C1O,2
COCC(C)Oc1ccc([N+](=O)[O-])cc1N,2
Nc1ncnc2c1ncn2C1OC(CO)C(OP(O)(O)=S)C1(O)F,2
OCC1CCC(O)C(OC2OC(CO)C(O)C(O)C2O)O1,2
CC(C)=CCCC(C)=CCOC(=O)CC(C)C,0
CC(NC(=O)C(Cc1ccccc1)NC(=O)C(N)CC(=O)O)C(=O)NC(CC(N)=O)C(=O)O,2
CC1OC([O-])C([O-])C(O)C1O.CCCC[Sn+2]CCCC,2
O=C(O)CC1NC(=O)CNC(=O)OCOC(=O)C(Cc2ccccc2)NC1=O,2
COc1ccc(OC)c2c(=O)c3c(OC4OC(CO)C(O)C(O)C4O)cc(O)cc3oc12,2
CC(C)CC(N)C(=O)NC(Cc1ccccc1)C(=O)NC(CC(=O)O)C(=O)NC(Cc1ccccc1)C(=O)O,2
O=S(=O)(O)CCN1CCN(CCS(=O)(=O)O)CC1,1
CCCCN(C(=O)C(N)CC(=O)O)C(C)(C(=O)O)C(C)c1ccccc1,2
C=C1CC23CCC4C(C)(C(=O)OC5OC(CO)C(OC6OC(CO)C(O)C(O)C6O)C(O)C5O)CCCC4(C)C2CCC1(OC1OC(CO)C(O)C(O)C1OC1OC(CO)C(OC2OC(CO)C(O)C(O)C2O)C(O)C1O)C3,2
CC1(C)OC2COC3(COS(N)(=O)=O)OC(C)(C)OC3C2O1,0
CCCC(=O)OC(CC)c1ccccc1,4
CC1OC(OC2C(Oc3cc(O)c(C(=O)CCc4ccccc4)c(O)c3)OC(CO)C(O)C2O)C(O)C(O)C1O,4
CC(C)C(C#N)(C(=O)O)C(C)C,1
CC1OC(OC2C(OC3C(OC4CCC5(C)C6CC=C7C8CC(C)(CO)CC(O)C8(C)CCC7(C)C6(C)CCC5(C)C4(C)CO)OC(C(=O)O)C(O)C3O)OCC(O)C2O)C(O)C(O)C1O,2
CC(C)CC(NC(=O)C(CC(=O)O)NC(=O)C(N)CCC(N)=O)C(=O)NC(Cc1ccccc1)C(=O)O,2
CCC(C)C(NC(=O)C(CCCCN)NC(=O)C(Cc1ccccc1)NC(=O)C(N)CC(=O)O)C(=O)O,2
CC(C)=C1CCC(C)(O)CC1,4
CCCCN(CCN(CC(=O)O)CC(=O)O)CC(=O)O,1
CC(CCC1(O)OC2CC3C4CC=C5CC(OC6OC(CO)C(O)C(OC7OC(CO)C(O)C(O)C7O)C6O)CCC5(C)C4CCC3(C)C2C1C)COC1OC(CO)C(O)C(O)C1O,0
O.O=S1(=O)N=C([O-])c2ccccc21.[Na+],2
COCC1OC(OC2OC(CO)C(O)C(O)C2O)C(O)C(O)C1O,2
COCC1OC(O)C(OC)C(OC)C1O,2
CC(C)CC(NC(=O)C(CC(N)=O)NC(=O)C(N)C(C)C)C(=O)NC(Cc1ccccc1)C(=O)O,2
CC1(C(=O)O)CCC2(C)CCC3(C)C(=CC(=O)C4C5(C)CCC(OC6OC(C(=O)O)C(O)C(OC(=O)C(O)C(O)C(O)C(O)C(O)CO)C6OC6OC(C(=O)O)C(O)C(O)C6O)C(C)(C)C5CCC43C)C2C1,2
OCC(O)C(O)C(OC1OC(CO)C(O)C(O)C1O)C(O)CO,2
COC(=O)COC(OC1C(OC2OC(COC(C)=O)C(OC(C)=O)C(OC(C)=O)C2OC(C)=O)C(OC2CCC3(C)C(CCC4(C)C3CC=C3C5CC(C)(C)CCC5(C(=O)O)CCC34C)C2(C)C)OC(C(=O)OC)C1OC(C)=O)C(OC(C)=O)C(=O)OC,2
CC1C(=O)OC2C(O)C34C5CC(C(C)(C)C)C36C(OC(=O)C6O)OC4(C(=O)O5)C12O,0
CCCCCCOC1OC(COC2OCC(O)C(O)C2O)C(O)C(O)C1O,2
COc1ccc(-c2coc3c(OC)c(OC4OC(CO)C(O)C(OC5OC(CO)C(O)C(O)C5O)C4O)ccc3c2=O)cc1,2
CC1OC(OC2C(O)C(C)OC(O)C2O)C(O)C(O)C1O,2
N#Cc1ccc(N=C(NCC(=O)O)Nc2ccc(CO)c(CO)c2)cc1,2
OCC1OC(OC2C(O)OC(CO)C2O)C(O)C(O)C1O,2
CCCCCCCCCCCCCCC=O,4
CC1OC(OCC2OC(Oc3c(-c4cc(O)c(O)c(O)c4)oc4cc(O)cc(O)c4c3=O)C(OC3OC(C)C(O)C(O)C3O)C(O)C2O)C(O)C(O)C1O,4
OC1COC2OC1C(O)C2O,2
COc1ccc(-c2oc3cc(OC4OC(CO)C(O)C(O)C4O)cc(O)c3c(=O)c2OC)cc1O,2
NOCC(O)C(O)C(O)C(C=O)ON,2
CC(C)SSSC(C)C,4
NCC(=O)NC(Cc1ccccc1)C(=O)Nc1ccc2ccccc2c1,0
O=C1c2c(O)cc(O)cc2OC(c2ccc(O)c(O)c2)C1O,0
CCSCC(NC(=O)C(N)CC(=O)O)C(=O)OC,2
CCCOc1c(-c2ccc(OCCCO)c(O)c2)oc2cc(OC3OC(CO)C(O)C(O)C3O)cc(OC)c2c1=O,2
O=C(O)CCSCCC(=O)O,1
CC(C)=CCCC(C)=C1CC=C(C)CC1,4
CC1OC(OC2C(OC3C(O)C(OC4CCC5(C)C(CCC6(C)C5CC=C5C7CC(C)(C)CCC7(C(=O)OC7OC(CO)C(O)C(O)C7O)C(O)CC56C)C4(C)C)OC(C(=O)O)C3O)OCC(O)C2O)C(O)C(O)C1O,2
CCCCCC=CC=O,4
S=c1nc[nH]c2nccnc12,1
NCCCCC(N)C(=O)NC(CC(N)=O)C(=O)NC(CC(=O)O)C(=O)NC(Cc1ccccc1)C(=O)O,2
CC(NC(=O)C(N)Cc1ccccc1)C(=O)NC(CC(N)=O)C(=O)NC(CC(=O)O)C(=O)O,2
O=[N+]([O-])c1ccc2ccccc2c1O,1
CC1C2CC(CC2C2CCCC(O)C2)C1(C)C,2
CC(=O)OCC1OC(O)CC(O)C1OC(C)=O,2
NC(CC(=O)O)C(F)(F)F,1
OCCCCCOC1OC(CO)C(O)C(O)C1O,2
CCOc1ccc(NC(=O)N(C)C)cc1,2
CC(C)CC(NC(=O)C(CC(C)C)NC(=O)C(CCCCN)NC(=O)C(CCC(N)=O)NC(=O)C(NC(=O)C(N)CCCCN)C(C)C)C(=O)NC(CCC(N)=O)C(=O)NC(CC(=O)O)C(=O)NC(Cc1ccccc1)C(=O)O,2
C=Cc1ncc(C)nc1C,4
Cc1nc(N)nc2[nH]nnc12,1
O=C(O)c1ccnn1-c1ccccc1,1
C=CCNC(=O)C(Cc1ccccc1)NC(=O)C1NC1C(=O)OCC,2
O=C1CC(c2ccccc2)=C1O,1
COC1OC(CO)C(O)C(O)C1OC1OCC(O)C(O)C1O,2
COC(=O)C1OC(OC2CCC3(C)C(CCC4(C)C3CC=C3C5CC(C)(C)CCC5(C(=O)OC5OC(CO)C(O)C(O)C5O)CCC34C)C2(C)CO)C(O)C(O)C1O,2
CC(=CCO)CCC1C(C)(O)CC(OC2OCC(O)C(O)C2O)C2C(C)(CO)CCCC12C,0
O=C(O)CSc1ccccc1,1
NCCCCC(N)C(=O)NC(CC(=O)O)C(=O)NC(CCC(N)=O)C(=O)NC(Cc1ccccc1)C(=O)O,2
CCC(C)C(=O)C1=C(O)C2(CC=C(C)C)CC3C(CC(C(C)(C)O)C3(C)C)(C1=O)C2=O,0
O=c1[nH][s+]([O-])c2ccccc12,2
OCC(O)C(O)C1(OC2OC(CO)C(O)C(O)C2O)OC(CO)C(O)C1O,2
Nc1ncnc2c1ncn2C1OC(COP(=O)(OP(=O)(O)O)OP(=O)(O)OP(=O)(O)O)C(O)C1O,2
CC1(C(=O)OC2OC(CO)C(O)C(O)C2O)CCC2(C)CCC3(C)C(=CCC4C5(C)CCC(OC6OC(C(=O)O)C(O)C(O)C6OC6OC(C(=O)O)C(O)C(O)C6O)C(C)(C)C5CCC43C)C2C1,2
O=C(O)CCOc1ccccc1,1
CCC=C(C)C=O,4
CC(O)C(O)C(OC1OC(CO)C(O)C(O)C1O)C(C)O,2
CCCCOC1C(C)OC(OC)C(O)C1O,2
COC1OC(C)C(O)C2OC(C)(C)OC12,2
CC1OC(OC2CC(C)(C)CC3C4=CC(=O)C5C6(C)CCC(OC7OC(C(=O)OC8OCC(OC9OCC(O)C(O)C9O)C(O)C8O)C(O)C(O)C7O)C(C)(CO)C6CCC5(C)C4(C)CCC23C)C(O)C(O)C1O,2
OCC(CO)OC1CC(O)C(O)C(CO)O1,2
C=C1CC23CCC4C(C)(C(=O)OC5OC(CO)C(O)C(O)C5OC5OC(CO)C(O)C(O)C5O)CCCC4(C)C2CCC1(OC1OC(CO)C(O)C(OC2OC(CO)C(O)C(O)C2O)C1OC1OC(C)C(O)C(O)C1O)C3,2
Cc1nc(C)c(C(=O)O)cc1C(=O)O,1
CCC(C)C(N)C(=O)NC(CC(=O)O)C(=O)NC(Cc1ccccc1)C(=O)NCC(=O)O,2
CCNc1ncnc2c1ncn2C1OC2COP(=O)(O)OC2C1O,2
CC(NC(=Nc1cccc(C(F)(F)F)c1)NCC(=O)O)c1ccccc1,2
O=C(O)CCSCC(=O)O,1
CSc1ccoc1C,4
O=c1cc(-c2ccc(O)cc2)oc2cc(O)c(O)c(OC3OC(CO)C(O)C(O)C3O)c12,2
CCN1CC2(COC)C(O)CC(OC)C34C5CC6(O)C(OC)C(O)C(OC(C)=O)(C5C6OC(=O)c5ccccc5)C(C(OC)C23)C14,0
Nc1ncnc2c1ncn2C1CC(OP(O)(O)=S)C(CO)O1,2
CC(C)CC(NC(=O)C(CC(=O)O)NC(=O)C(N)Cc1ccccc1)C(=O)NC(CC(=O)O)C(=O)O,2
CC1CCCC(C)N1,0
CCNc1ccccc1C(=O)OCC,4
CP1(=S)OCC2OC(n3cnc4c(N)ncnc43)C(O)C2O1,2
Cn1c(N)nc2nc(C(F)(F)F)[nH]c2c1=O,1
CC(C)=CC(=O)SC(C)C,4
CC1(C)CCC2(C(=O)OC3OC(CO)C(O)C(O)C3O)CCC3(C)C(=CCC4C5(C)CCC(OC6OC(C(=O)O)C(OC7OCC(O)C(O)C7O)C(O)C6O)C(C)(CO)C5CCC43C)C2C1,2
CC(C)C(NC(=O)C(CC(=O)O)NC(=O)C(N)CC(N)=O)C(=O)NC(Cc1ccccc1)C(=O)O,2
COC(=O)C(Cc1ccccc1)NC(=O)C(NC=O)C(C)C(=O)O,2
CCCC=CC=CC=O,4
C=C1C(=O)OC2CC1(C)C1C(=O)C3(O)OC14C(O)(CCC1C3CC=C3CC=CC(=O)C31C)C(=O)OC24C,0
CCCCOC(=O)C1OC(OC2CCC3(C)C(CCC4(C)C3CC=C3C5CC(C)(C)CCC5(C(=O)O)CCC34C)C2(C)C)C(OC2OC(CO)C(O)C(O)C2OC2OC(CO)C(O)C(O)C2O)C(O)C1O,2
CC1(C)CCC2(C(=O)OC3OC(CO)C(O)C(O)C3O)CCC3(C)C(=CCC4C5(C)CCC(OC6OC(C(=O)O)C(O)C(OC7OC(CO)C(O)C(O)C7O)C6OC6OC(CO)C(O)C(O)C6O)C(C)(C)C5CCC43C)C2C1,2
NC(Cc1ccccc1)C(=O)NC(CC(=O)O)C(=O)NC(CC(=O)O)C(=O)NCC(=O)O,2
OCC1OC(OCC2OC(OC3OC(CO)C(O)C(O)C3O)C(O)C(O)C2O)C(O)C(O)C1O,2
CC(C)C12CCC(C)(O)C1C2,4
CCC=CC=CC=CC=O,4
CC(C)C(N)C(=O)NC(CC(=O)O)C(=O)NC(Cc1ccccc1)C(=O)NC(CC(N)=O)C(=O)O,2
CC1NC(=O)C(Cc2ccccc2)NC1=O,0
O=[N+]([O-])c1cccc(CC([N+](=O)[O-])[N+](=O)[O-])c1,1
O=P(O)(O)OCCOc1ccc(Cl)cc1,1
OCC(O)COC1OC(C(O)CO)C(O)C1O,2
COc1ccc(-c2cc(=O)c3c(OS(=O)(=O)O)cc(OC4OC(COC5OC(C)C(O)C(O)C5O)C(O)C(O)C4O)cc3o2)cc1O,2
CCC(C)C(N)C(=O)NC(Cc1ccccc1)C(=O)NC(CC(=O)O)C(=O)O,2
CC=CC(=O)OC(C)(C)Cc1ccccc1,4
Cc1cccc(C(N)C(=O)O)c1,1
CC1(O)CC2CCC1(C)C2(C)C,4
OCC1OC(OC2C(O)COCC2O)C(O)C(O)C1O,2
CCCC[Sn+2]CCCC.COC1OC(CO)C([O-])C([O-])C1O,2
Cc1cc(=O)oc2cc(O)c(Cl)cc12,1
COC(=O)C(CO)NC(=O)C(CC(=O)O)NC(=O)Nc1ccc(C#N)cc1,2
CC(OP(=O)(O)OP(=O)(O)OP(=O)(O)O)C1OC(n2cnc3c(N)ncnc32)C(O)C1O,2
CCC1=C(O)C(=O)C(C)O1,2
COc1ccc(C2CC(=O)c3c(O)cc(OC4OCCCC4OC4CCCC(C)O4)cc3O2)cc1O,2
NC(C(=O)O)c1cc(=O)[nH]o1,3
Cn1c(=O)[nH]c(=O)c2[nH]c(=O)c(=O)[nH]c21,1
O=CC(O)C(O)C(O)C(O)C(O)C(O)C(O)CO,2
COc1ccc(-c2cc(=O)c3c(O)c(C4OC(CO)C(O)C(O)C4OC4OC(C)C(O)C(O)C4O)c(OC)cc3o2)cc1OC,2
CSSCCC(C)C,4
Cc1cccc(CNC(=Nc2ccc(C#N)cc2)NCC(=O)O)c1,2
O=C(O)COc1ccccc1C(=O)O,1
CCCCC(CC)COC(=O)CC(C(=O)OCC(CC)CCCC)S(=O)(=O)O,2
NC(=S)Nc1cccc2ccccc12,0
CC1OC(OC2C(C(=O)O)OC(OC3CCC4(C)C(CCC5(C)C4CC=C4C6CC(C)(C)CCC6(C(=O)OC6OC(CO)C(O)C(O)C6O)CCC45C)C3(C)CO)C(O)C2O)C(O)C(O)C1O,2
N#Cc1ccc(NC(=O)NC(CC(=O)O)c2cnc3ccccc3c2)cc1,2
COC1OC(CO)C(OCC2OC(CO)C(O)C(O)C2O)C(O)C1O,2
[B]c1nc2c(N)ncnc2n1C1OC2COP(=O)(O)OC2C1O,2
OCC1OC(O)[CH]C(O)C1O,2
O=C(O)c1ccccc1N=Nc1ccc(O)c(O)c1,1
O=C(O)c1ccccc1C(=O)c1ccc(-c2ccccc2)cc1,4
CC1=C(O)C(=O)C(C(C)C)CC1,4
CC(=O)/C=C/C=C/c1ccc(OC2OC(CO)C(O)C(O)C2O)c(O)c1,4
COc1ccc(-c2coc3cc(OC4OC(CO)C(O)C(OC5OC(CO)C(O)C(O)C5O)C4O)ccc3c2=O)cc1OC,2
CC1OC(OC2C(C(=O)O)OC(OC3CCC4(C)C(CCC5(C)C4CC=C4C6CC(C)(C)CCC6(C(=O)OC6OC(CO)C(O)C(O)C6O)CCC45C)C3(C)C)C(O)C2O)C(OC2OCC(O)C(O)C2O)C(O)C1O,2
CC(C)C(NC(=O)C(CC(N)=O)NC(=O)C(N)CCCCN)C(=O)NC(Cc1ccccc1)C(=O)O,2
CN(C)c1ccc(/N=N/c2ccccc2C(=O)O)cc1,1
CC(C=CC=C(C)C=CC1=C(C)CC(O)CC1(C)C)=CC=CC=C(C)C=CC=C(C)C=CC1C(C)=CC(O)CC1(C)C,0
CSSCc1ccco1,4
CC(=O)c1cc(C)sc1C,4
NCC(=O)NC(CC(=O)O)C(=O)NC(Cc1ccccc1)C(=O)NC(CC(N)=O)C(=O)O,2
COC1=CC(C)C2CC3OC(=O)C=C4C(C)(O)C(OC)C(O)C(C43C)C2(C)C1=O,0
CCC1C2CC3C4N(C)c5ccccc5C45CC(C2C5O)N3C1O,0
CC(NC(=O)C(N)C(C)C)C(=O)NC(Cc1ccccc1)C(=O)NC(CC(N)=O)C(=O)O,2
O=C(O)CC1NC(=O)CCCCCNC(=O)OCOC(=O)C(Cc2ccccc2)NC1=O,2
Nc1ncnc2c1ncn2C1OC(CO)C(O)(P(=O)(O)O)C1O,2
COc1cc(-c2cc(=O)c3c(O)c(C4OC(CO)C(O)C(O)C4O)c(OC4OC(CO)C(O)C(O)C4O)cc3o2)cc(OC)c1O,2
CC1(C)C2CC=C(CO)C1C2,2
CC1OC(OC2C(OC3C(OC4CCC5(C)C(CCC6(C)C5CC=C5C7CC(C)(COC8OC(CO)C(O)C(O)C8O)CC(=O)C7(C)CCC56C)C4(C)CO)OC(C(=O)O)C(O)C3O)OCC(O)C2O)C(O)C(O)C1O,2
CC(NC(=O)C(CCCCN)NC(=O)C(Cc1ccccc1)NC(=O)C(N)CC(=O)O)C(=O)O,2
COC(=O)C(Cc1ccccc1)NC(=O)CN(C)CC(=O)NC1CC1,2
C/C(=C\CO)CCC1=C(CO)CC(OC2OCC(O)C(O)C2O)C2C(C)(CO)CC(O)CC12C,4
CCC(C)CCCC(C)C=O,4
CC(CCc1ccccc1)NC(=O)C(N)CC(=O)O,2
COc1c(-c2ccc(OC3OC(CO)C(O)C(O)C3O)c(O)c2)oc2cc(OC3OC(CO)C(O)C(O)C3O)cc(O)c2c1=O,2
Nc1ncnc2c1[nH]c[n+]2C1OC(COP(=O)([O-])O)C(O)C1O,2
COc1ccc(C2CC(=O)c3c(O)cc(OC4OC(C(O)C5OC(C)C(O)C(O)C5O)C(O)C(O)C4O)cc3O2)cc1O,2
CCCCCCCOC1OC(CO)C(O)C(O)C1O,2
CCCCCC(=Cc1ccccc1)CO,4
CCN(CC)CC,4
CCCCCCCCC=CCCCCCCCC=O,4
C=C(C)C1CCC(C)CC1O,4
CC(CC(=O)O)C1(C)N=N1,1
CC(C)CC(NC(=O)C(NC(=O)C(N)CC(=O)O)C(C)C)C(=O)NC(Cc1ccccc1)C(=O)O,2
Nc1ncnc2c1ncn2C1OC(COP(=O)(O)O)C(O)C1OF,2
CC1(C)CCC2(C(=O)O)CCC3(C)C(=CCC4C5(C)CCC(OC6OC(C(=O)O)C(O)C(O)C6OC6OC(CO)C(O)C(O)C6O)C(C)(C)C5CCC43C)C2C1,2
CC1(C)CCC2(C(=O)O)CCC3(C)C(=CCC4C5(C)CCC(OC6OC(C(=O)O)C(OC7OCC(O)C(O)C7O)C(O)C6O)C(C)(CO)C5CCC43C)C2C1,2
COc1cc(-c2cc(=O)c3c(O)cc(OC4OC(CO)C(O)C(O)C4O)c(C4OC(CO)C(O)C(O)C4O)c3o2)ccc1O,2
NC(=O)CC(N)C(=O)NC(CC(=O)O)C(=O)NC(CO)C(=O)NC(Cc1ccccc1)C(=O)O,2
CC(=O)OCC1OC(Oc2cc(O)c3c(c2)OC(c2ccc(O)c(O)c2)CC3=O)C(O)C(O)C1O,2
O=C/C(Cl)=C(/Cl)C(=O)O,1
CCCCCCCCCC(=O)NC(C)C(=O)NC(Cc1ccccc1)C(=O)OC,2
O=C(O)CN(CC(=O)O)C(C(=O)O)c1ccccc1,1
OCC1OC(O)C(O)C(OC2OC(O)C(O)C(O)C2O)C1O,2
CCOC(=O)C1C(C(=O)NC(Cc2ccccc2)C(=O)NCCC(C)C)N1C,2
CC(C)C1=C2C(=O)C3CC(C(C)(C)O)C4(O)CC(C(C)(C)O1)C2(O)C34O,0
CC1=CCC23CC1C(C)(C)C2CCC3C,2
CC(=O)Oc1ccc(C)cc1,4
CC1OC(O)CCC1O,2
CC=CC=CC=O,2
Nc1ncnc2c1ncn2C1OC(COP(=O)(OP(=O)(O)O)OP(=O)(O)O)C(O)C1O,2
CCCSCC(NC(=O)C(N)CC(=O)O)C(=O)OC,2
O=C(O)c1cc([N+](=O)[O-])cs1,1
O=C(CC(O)CO)C(O)CO,2
CC1(O)c2ccoc2CC2C1C(O)C(O)C1(O)C(C)(C)CCC(=O)C21C,0
COc1cc(-c2cc(=O)c3c(O)cc(OC4OCC(O)C(O)C4OC4OC(CO)C(O)C4O)cc3o2)ccc1O,2
Nc1ncnc2c1ncn2C1OC(CO)CC1OP(=O)(O)OP(=O)(O)OP(=O)(O)O,2
CC1OC(Oc2cc3oc(-c4ccc(O)c(O)c4)cc(=O)c3c(O)c2C2OC(CO)C(O)C(O)C2O)C(O)C(O)C1O,2
CCCCCCCCCC(O)CC(=O)CCc1ccc(O)c(OC)c1,4
C=C1CC23CCC4C(C)(C(=O)OC)CCCC4(C)C2CCC1(OC1OC(COC(C)=O)C(O)C(O)C1OC1OC(CO)C(O)C(O)C1O)C3,2
COC(=O)C(Cc1ccccc1)NC(=O)C(CC(=O)O)NC(=O)CC(C)=O,2
O=C(O)CS(=O)(=O)c1ccc(Br)cc1,1
CC(C)C(NC(=O)C(N)CC(N)=O)C(=O)NC(CC(N)=O)C(=O)NC(Cc1ccccc1)C(=O)O,2
COc1ccc(-c2cc(=O)c3c(O)cc(OC4OC(C(O)C5OC(C)C(O)C(O)C5O)C(O)C(O)C4O)cc3o2)cc1O,2
CCCCCC(=O)OC,2
CCN(CC(=O)O)C(C(=O)O)c1ccc(C)cc1,1
NC(CO)C(=O)NC(CC(=O)O)C(=O)NCC(=O)NC(Cc1ccccc1)C(=O)O,2
OCC(O)C(O)C1OC(CO)(CO)OC1CO,2
CCCSP(=O)(O)CC,1
CCCCCCOC1C(CO)OC(OC2C(CO)OC(OC)C(O)C2O)C(O)C1OCCCCCC,2
CC1(C)CCC2(C(=O)O)CCC3(C)C(=CCC4C5(C)CCC(OC6OC(C(=O)O)C(O)C(OC7OC(CO)C(O)C(O)C7O)C6O)C(C)(CO)C5CCC43C)C2C1,2
COc1cc(O)c2c(=O)cc(-c3ccc(OOC4OC(CO)C(O)C(O)C4O)c(OC)c3)oc2c1,2
OCC(O)COC1OC(COC2OC(CO)C(O)C(O)C2O)C(O)C(O)C1O,2
CCCCCCCCC=CCCCCCCCC(=O)OCC(COC(C)=O)OC(C)=O,4
CCCC(=O)CCC,2
CCOP(=O)(O)OC1CC(n2cnc3c(N)ncnc32)OC1CO,2
CCCCCC(CC(=O)CCc1ccc(O)c(OC)c1)S(=O)(=O)O,4
CC(C)C=CC(=O)c1ccoc1,4
O=C(O)CSc1nc2cc3ccccc3cc2[nH]1,1
CC(C)=CCC1C(=O)C(C(=O)C(C)C)=C(O)C1(O)C(=O)C=CC(C)(C)OO,0
Nc1ncnc2c1ncn2C1OC(CO)C(OP(N)O)C1O,2
CC(C)CC(NC(=O)C(CC(C)C)NC(=O)CN)C(=O)O,0
NCC(=O)NC(Cc1ccccc1)C(=O)NC(CC(=O)O)C(=O)NC(CC(N)=O)C(=O)O,2
CCCOc1ccc([N+](=O)[O-])cc1N,2
CC1CCCC2(C)CCCCC12O,4
CCCCCOC(=O)Cc1ccccc1,4
CCCCOC(C)=O,4
CC(C)(C(=O)O)C(N)C(=O)NC(Cc1ccccc1)C(=O)O,2
Nc1nc(O)c2nc(O)cnc2n1,1
CCCCCCCCCCC(C)=O,4
OCC1(OC2OC(CCl)C(Cl)C(O)C2O)OC(C(O)Cl)C(O)C1O,2
CC(C)=CCCC(C)C1C=CC(C)=CC1,4
O=C(OCC(COC(=O)c1ccccc1)OC(=O)c1ccccc1)c1ccccc1,4
CC1(C)CCC2(C(=O)OC3OC(CO)C(O)C(O)C3O)C(O)CC3(C)C(=CCC4C5(C)CCC(OC6OC(C(=O)O)C(O)C(O)C6O)C(C)(C)C5CCC43C)C2C1,2
COC1OC2COC(C)OC2C(O)C1O,2
OCCOC(OC1OC(CO)C(O)C(O)C1O)C(O)C(O)CO,2
Nc1ncnc2c1ncn2C1OC(CO[P+]([O-])(O)N[P+]([O-])(O)OP(=O)(O)OP(=O)(O)O)C(O)C1O,2
CC(O)(O)CC(O)C(O)CO,2
COC(=O)C12OCC34C(CC5C(C)C(=O)C(OC6OC(CO)C(O)C(O)C6O)=CC5(C)C3C(O)C1O)OC(=O)C(OC(C)=O)C24,0
C=CCO,4
O=c1cc(-c2ccc(O)c(O)c2)oc2cc(OC3OC(CO)C(O)C(O)C3OC3OCC(O)C(O)C3O)cc(O)c12,2
COCOc1cc(C2Cc3cccc(O)c3C(=O)O2)ccc1OC,2
CC(C)CC(=O)c1c(O)c(C2OC(CO)C(O)C(O)C2O)c(O)c(C2OC(CO)C(O)C(O)C2O)c1O,0
O=c1c(-c2ccc(O)cc2)coc2cc(OC3OC(CO)C(O)C(O)C3O)c(O)c(O)c12,2
O=c1cc[nH]c(=S)[nH]1,0
COC(=O)C(Cc1ccccc1)NC(=O)CCC(=O)NC(C)(C)C,2
NC(=O)CCC(NC(=O)C1CCCN1)C(=O)NC(CC(=O)O)C(=O)NC(Cc1ccccc1)C(=O)O,2
CCCCCCCCCCCCCCOC1C(O)C(CO)OC(OC2C(O)COC2C(O)CO)C1O,2
NC(=O)Nc1ccc([N+](=O)[O-])cc1,4
CCCCCCCOCC1OC(OCC)C(OCCCCC)C(OCCC)C1O,2
CCCCC(CC)C(=O)OCC,4
O=c1c2c(O)cc(O)cc2oc2ccc(O)c(OC3OC(CO)C(O)C(O)C3O)c12,2
O=C(CCc1ccc(O)c(O)c1)c1c(O)cccc1OC1OC(CO)C(O)C(O)C1O,2
CCCCc1c(O)ncnc1O,1
N#Cc1ccc(NC(=NCc2cccc3c2OCO3)NCC(=O)O)cc1,2
OCC1OC(OC2(CO)OC(CO)C(O)C2O)C(O)C(O)C1O.[Ca+2].[Cl-].[Cl-],2
Nc1cc([N+](=O)[O-])ccc1O,2
NCC(=O)NC(CC(=O)O)C(=O)NC(CC(=O)O)C(=O)NC(Cc1ccccc1)C(=O)O,2
CC(=O)OCC1(O)C(OC(C)=O)CC2C(CO)=COC(OC(=O)CC(C)C)C21,0
CC(Cl)CCC(=O)O,1
NC1(C(=O)O)CCC1,2
NC1CCCCC1,0
CC=CC=O,4
COc1cc(-c2oc3cc(O)cc(O)c3c(=O)c2OC2OC(COC3OC(CO)C(O)C(O)C3O)C(O)C(O)C2O)ccc1O,2
CC(C)C(NC(=O)C(Cc1ccccc1)NC(=O)C(CC(N)=O)NC(=O)C(N)CC(=O)O)C(=O)O,2
CC1OC(Oc2ccc3c(=O)c(-c4ccc(O)cc4)coc3c2O)C(O)C(O)C1O,2
CCC(C)C(NC(=O)C(N)CC(=O)O)C(=O)NC(C)C(=O)NC(Cc1ccccc1)C(=O)O,2
COC(=O)C1OC(OC2CCC3(C)C(CCC4(C)C3CC=C3C5CC(C)(C)CCC5(C(=O)OC5OC(CO)C(O)C(O)C5O)CCC34C)C2(C)C)C(O)C(OC2OC(C)C(O)C(O)C2O)C1O,2
COC1C(CO)OC(OC2COC(CO)C(O)C2O)C(O)C1O,2
COC1OC(COC(C)=O)C(O)C(OC(C)=O)C1O,2
COC1OCC(O)C(OC2OC(CO)C(O)C2O)C1O,2
OCC1OC2OCCOCCOCCOCCOC1C(O)C2O,2
CC=Cc1ccc(OC)c(OC)c1,0
CC(C)(C)Oc1ccc([N+](=O)[O-])cc1N,2
C=CC(O)CCCC,4
O=C(O)COc1cccc([N+](=O)[O-])c1,1
COc1ccc(C2Cc3cccc(OC(C)=O)c3C(=O)O2)cc1OC(C)=O,2
O=C1CC(c2ccc(O)c(O)c2)Oc2cc(OC3OC(COC4OC(CO)C(O)C4O)C(O)C(O)C3O)cc(O)c21,2
CC(NC(=O)C(N)Cc1ccccc1)C(=O)NC(CCCCN)C(=O)NC(CC(=O)O)C(=O)O,2
CCCCC/C=C\CCCCCCCC/C=C/C=C/C(=O)N1CCCCC1,4
O=C(NO)C(=O)NO,1
COC(=O)C1OC(OC2C(O)CC3(C)C(CCC4(C)C3CC=C3C5CC(C)(C)CCC5(C(=O)OC5OC(CO)C(O)C(O)C5O)CCC34C)C2(C)CO)C(O)C(O)C1O,2
CCNC(=O)C1CC(C)CCC1C(C)C,4
CCCCCCCCCCCC(=O)OCCCC,4
COc1ccc(-c2cc(=O)c3c(O)c(OC4OC(CO)C(O)C(O)C4OC4OCC(O)C(O)C4O)c(OC)cc3o2)cc1,2
C=C1CC23CCC4C(C)(C(=O)OC5OC(CO)C(OC6OC(CO)C(OC7OC(CO)C(O)C(O)C7O)C(O)C6O)C(O)C5O)CCCC4(C)C2CCC1(OC1OC(CO)C(OC2OC(CO)C(O)C(O)C2O)C(O)C1O)C3,2
COc1cc(O)c2c(=O)cc(-c3cccc(OC4OC(CO)C(O)C(O)C4O)c3O)oc2c1,2
C=CCOC(=O)CCC,2
OCC(O)C(O)C(O)COF,2
CC[C@H](C)C(=O)C1=C(O)[C@@](O)(C(=O)CC=C(C)C)[C@H](CC=C(C)C)C1=O,0
C=CCCCCCCCCCOC(C)=O,4
O=c1cc(-c2ccccc2)oc2cc(O)c(O)c(O)c12,0
NC(CC(=O)O)C(=O)NC(CO)Cc1ccccc1,2
OCC1OC(OCCI)C(O)C(O)C1O,2
CC(C)C(NC(=O)C(Cc1ccccc1)NC(=O)C(CCCCN)NC(=O)C(N)CC(=O)O)C(=O)O,2
COC(=O)C1OC(OC2CCC3(C)C(CCC4(C)C3CC=C3C5CC(C)(C)CCC5(C(=O)OC5OC(CO)C(O)C(O)C5O)CCC34C)C2(C)CO)C(O)C(O)C1OC1OC(CO)C(O)C(O)C1O,2
C1CCC(SSC2CCCCC2)CC1,4
CC(C)CC1NC(=O)CNC1=O,0
CC(C)CC(NC(=O)C(CC(N)=O)NC(=O)C(N)CCCCN)C(=O)NC(Cc1ccccc1)C(=O)O,2
O=C(O)CSc1ccc(Br)cc1,1
Cn1ncc(=S)[nH]c1=S,1
NCCCCNc1nc2c(N)ncnc2n1C1OC(COP(=O)(O)OP(=O)(O)OP(=O)(O)O)C(O)C1O,2
Nc1ncnc2c1nc(Br)n2C1OC(CO)C(OP(=O)(O)O)C1O,2
NC(CC(=O)O)C(=O)NC(CO)C(=O)NCC(=O)NC(Cc1ccccc1)C(=O)O,2
COc1c(O)cc(-c2cc(=O)c3cc(CC=C(C)C)c(OC4OC(CO)C(O)C(O)C4O)cc3o2)cc1O,2
O=c1nc[nH]c2c1ncn2[C@@H]1O[C@H](COP(=O)(O)O)[C@@H](O)[C@H]1O,3
CC(N=C(NCC(=O)O)Nc1cc(Cl)cc(Cl)c1)c1ccccc1,2
CC(C)C1=CC=C(C=O)CC1,4
OC1OC(CF)C(F)C(O)C1O,2
O=C(O)CC(NC(=O)CNC(=O)C1CCCN1)C(=O)NC(Cc1ccccc1)C(=O)O,2
COc1ccc(-c2cc(=O)c3c(O)cc(OC4OC(CO)C(O)C(O)C4OC4OC(O)C(O)C(O)C4O)cc3o2)cc1O,2
Nc1ncnc2c1ncn2C1OC(COP(=O)(O)OP(=O)(O)O)C(O)C1(O)P(=O)(O)O,2
CCC(Cc1ccccc1)NC(=O)C(N)CC(=O)O,2
O[CH]C1(OC2OC(CO)C(O)C(O)C2O)OC(CO)C(O)C1O,2
CCCOC1OC(CO)C(O)C(O)C1OC,2
CCC(C)C(NC(=O)C(Cc1ccccc1)NC(=O)C(CC(=O)O)NC(=O)CN)C(=O)O,2
COCCC(N)C(=O)NC(Cc1ccccc1)C(=O)OC,2
COC1CC(O)C(COC2CCCCO2)O1,2
Nc1ncnc2c1ncn2C1OC(COP(=O)(O)CP(=O)(O)CP(=O)(O)OP(=O)(O)O)C(O)C1O,2
O=[N+]([O-])c1ccc([N+](=O)[O-])c(O)c1,1
CC(C)=CCc1cc(-c2oc3cc(OC4OC(CO)C(O)C(O)C4O)cc(O)c3c(=O)c2CO)cc(O)c1O,2
CCOC(=O)C(Cc1ccccc1)NC(=O)C(N)CC(=O)O,2
CC(C)CC(NC(=O)C(NC(=O)C(N)Cc1ccccc1)C(C)C)C(=O)NC(CC(N)=O)C(=O)O,2
CC1(C)CC(O)C2(C)CCC3(C)C(=CCC4C5(C)CCC(OC6OC(C(=O)O)C(O)C(O)C6OC6OC(CO)C(O)C(O)C6OC6OCC(O)C(O)C6O)C(C)(C)C5CCC43C)C2C1,2
CC(C)CC(N)C(=O)NC(Cc1ccccc1)C(=O)NC(CC(=O)O)C(=O)NC(CC(C)C)C(=O)O,2
COC1C(OP(O)(O)=S)C(CO)OC1n1cnc2c(N)ncnc21,2
COC(=O)CCC(NC(=O)C(N)Cc1ccccc1)C(=O)OC,2
CNc1cccc(C(=O)O)c1,1
CC(C)CC(NC(=O)C(CC(N)=O)NC(=O)C(C)N)C(=O)NC(Cc1ccccc1)C(=O)O,2
O=COCC(COC1OC(COC2OC(CO)C(O)C(O)C2O)C(O)C(O)C1O)OC=O,2
O=C(O)CN(CCN(CC(=O)O)Cc1ccccc1)CC(=O)O,1
COC1CCC(O)C(CO)O1,2
Oc1c(Cl)cc(Cl)cc1Cl,1
CC1(C)CCC2(C(=O)OC3OC(CO)C(O)C(O)C3O)CCC3(C)C(=CCC4C5(C)CCC(OC6OC(C(=O)O)C(O)C7OC(C(=O)O)C(OCC(=O)O)OC67)C(C)(C)C5CCC43C)C2C1,2
CCCCOCC1OC(OC2C(CO)OC(O)C(O)C2O)C(O)C(O)C1O,2
Oc1ccccc1,4
CC1CC(C)(c2ccccc2)CO1,4
O=C(O)CC(NC(=O)C1CCCN1)C(=O)NCC(=O)NC(Cc1ccccc1)C(=O)O,2
CC(C)CC(NC(=O)C(N)CC(=O)O)C(=O)NC(Cc1ccccc1)C(=O)NC(Cc1ccccc1)C(=O)O,2
[N-]=[N+]=O,4
C=C1CC23CCC4C(C)(C(=O)OC5OC(CO)C(O)C(O)C5O)CCCC4(C)C2CCC1(OC1OC(O)C(O)C(OC2C(O)OC(CO)C(O)C2O)C1OC1OC(CO)C(O)C(O)C1O)C3,2
OCC1OC(O)C(O)C(O)C1OC1OC(O)C(O)C(O)C1O,2
C=CC(C#CC#CC(O)C=CCCCCCCC)OC(C)=O,0
COc1cc2oc(-c3ccc(O)cc3)cc(=O)c2c(O)c1OC1OC(CO)C(O)C(O)C1OC1OCC(O)C(O)C1O,2
COC(=O)C1OC(OC2CCC3(C)C(CCC4(C)C3CC=C3C5CC(C)(C)CCC5(C(=O)O)CCC34C)C2(C)C)C(O)C(O)C1O,2
C=C1CCC2(C(C)C)CC12,4
CCCCOC1C(C)OC(OC)C(O)C1OCCCC,2
COc1ccc2c(c1OC)C(=O)OC2C1c2c(cc3c(c2OC)OCO3)CCN1C,0
CC1=CCCC(C)(C)C1C=CC(C)O,2
CCOC(=O)C(NC(=O)C(CC(=O)O)NC(=O)Nc1ccc([N+](=O)[O-])cc1)C(=O)OCC,2
Nc1ncnc2c1ncn2C1CC(O)C(COP(=O)(O)NCCO)O1,2
SCCCCCCCCS,4
COC(=O)C1OC(OC2CCC3(C)C(CCC4(C)C3C(=O)C=C3C5CC(C)(C(=O)OC)CCC5(C)CCC34C)C2(C)C)C(OC2OCC(O)(CO)C2OC)C(O)C1O,2
OCC1OC(OC2(O)CCC(O)C2O)C(O)C(O)C1O,2
OCC1OC(OC2CCCC2)C(O)C(O)C1O,2
CCCCCC=CCC(=O)OC,4
COCC(O)C(O)C(C)OC1OC(CO)C(O)C(O)C1O,2
C=CC1(C)CCC(O)C(C)(C)O1,4
CCC(C)C(NC(=O)C(C)NC(=O)C(N)CC(=O)O)C(=O)NC(Cc1ccccc1)C(=O)O,2
COc1cc(O)c(CCC(C)(C)O)c(O)c1C(=O)C=Cc1ccc(O)cc1,0
CC(C)CC(N)C(=O)NCC(=O)NC(Cc1ccccc1)C(=O)O,2
CCCCCCS,4
O=CC(O)CC(O)C(O)CO,2
CCCCCCCCC=COC,4
CC1OC(OC2C(O)OC(CO)C(O)C2O)C(O)C(O)C1O,2
Cc1cc(O)c2c(c1)C(=O)c1cccc(O)c1C2=O,0
NC(Cc1ccccc1)C(=O)NC(CC(=O)O)C(=O)NC(CO)C(=O)O,2
Nc1ncnc2c1ncn2C1OC(C(O)P(=O)(O)OP(=O)(O)O)C(OP(=O)(O)O)C1O,2
O=CC(O)C(O)C(O)C(O)CO.[Cl-].[Cl-].[K+].[Na+],2
Nc1ccc(O)cc1C(=O)O,1
Cc1occc1SSc1ccoc1C,4
COC(=O)C(Cc1ccccc1)NC(=O)C(CC(C)C)NC(=O)C(Cc1ccccc1)NC(=O)CCCN,2
CCc1nc(=O)s[nH]1,1
COC(=O)C1OC(OC2C(OC3CCC4(C)C(CCC5(C)C4C(=O)C=C4C6CC(C)(C(=O)OC)CCC6(C)CCC45C)C3(C)C)OC(C(=O)OC)C(OC(C)=O)C2OC(C)=O)C(OC(C)=O)C(OC(C)=O)C1OC(C)=O,2
CCOC1OC(C(O)CO)C(O)C1O,2
O=c1c(O)c(-c2ccc(O)c(O)c2)oc2cc(O)cc(O)c12,0
CC(C)=CCCC(C)CCOC(=O)C=Cc1ccccc1,2
CC(O)COP(=O)(O)OP(=O)(O)OCC1OC(n2cnc3c(N)ncnc32)C(O)C1O,2
CC(C)CCC(C)NC(=O)C(N)CC(=O)O,2
Nc1cc([N+](=O)[O-])ccc1OCCC1CC1,2
CC(C)CC(NC(=O)C(N)CC(=O)O)C(=O)NC(Cc1ccccc1)C(=O)NC(CC(C)C)C(=O)NCC(=O)O,2
COC1OC(CO)C(O)CC1OC1OC(CO)C(O)C(O)C1O,2
Cc1c(C(=O)O)nnn1-c1ccccc1,1
COc1ccc2c(=O)c(-c3ccc(O)cc3)coc2c1OC1OC(CO)C(O)C(O)C1O,2
CCCCOC(=O)c1ccccc1N,2
NCCCCC(NC(=O)C1CCCN1)C(=O)NC(CC(=O)O)C(=O)NC(Cc1ccccc1)C(=O)O,2
NP(=O)(O)ONc1ncnc2c1ncn2C1OC(CO)C(O)C1O,2
CCOC(=O)c1cc(=O)c(O)co1,1
NCCCCC(NC(=O)C(CC(=O)O)NC(=O)C(N)Cc1ccccc1)C(=O)NC(CC(=O)O)C(=O)O,2
NOC(C=O)C(O)C(O)C(O)CO,2
Nc1ncnc2c1ncn2C1OC(COP(=O)(O)O)C(OP(=O)(O)O)C1O,2
COC(=O)C(Cc1ccccc1)NC(=O)C(CO)NC(=O)C(N)C(C)O,2
Cc1cccc2c1[C@H](C(=O)O)[C@@]13CC(=O)[C@@](C)(CC[C@H]21)C3,1
C[C@@]1(C(=O)O)C[C@@]1(C(=O)O)c1ccccc1,1
CC=O,4
O=CC(O)C(O)C(O)C(O)C(=O)O,2
C=C1C(=O)C23C(O)CC4C(C)(C)CCC(O)C4(C)C2CCC1C3O,0
Oc1ccc2c(c1)OCC1(O)Cc3cc(O)c(O)cc3C21,4
CC(C)CCOC(=O)CC(C)C,2
COC(=O)C(Cc1ccccc1)NC(=O)C(C)C,2
COc1ccc(C2CS(=O)(=O)c3ccccc3O2)cc1O,2
COC(=O)C(Cc1ccccc1)NC(=O)CNC(=O)OC(C)(C)C,2
NC(CC(=O)O)C(=O)NC(CCC(=O)O)C(=O)NCC(=O)NC(Cc1ccccc1)C(=O)O,2
CNC(CC(=O)O)C(=O)NC(Cc1ccccc1)C(=O)OC,2
COc1ccc(C2CC(=O)c3c(OC)cc(OC4OC(COC5OC(C)C(O)C(O)C5O)C(O)C(O)C4O)cc3O2)cc1O,2
COC(=O)C(Cc1ccccc1)NC(=O)C(CC(C)C)NC(=O)C(CC(C)C)NC(=O)C(N)CC(C)C,2
COC1OC(C)C(OC)C(O)C1OC,2
CC(NC(=O)C(Cc1ccccc1)NC(=O)C(CCCCN)NC(=O)C(N)CC(=O)O)C(=O)O,2
O=C(O)CCl,1
OCC1OC(O)C2OC2(O)C1O,2
CC1OC(c2c(O)cc(O)c3c(=O)cc(-c4ccc(OC5OC(CO)C(O)C(O)C5O)c(O)c4)oc23)CC(O)C1O,2
NC(CC(=O)O)C(=O)NC(Cc1ccccc1)C(=O)NC(Cc1ccccc1)C(=O)O,2
CCCCC(=O)CC,4
CCCCCC=CC(=O)CCc1ccc(O)c(OC)c1,4
CCC1=C(O)C(=O)CC1C,2
CCSc1nc(=O)c(C(=O)O)c[nH]1,1
CCCCC(NC(=O)CCN)C(=O)NC(C)C(=O)NC(Cc1ccccc1)C(=O)O,2
CC(=O)c1cc(C(C)(C)C)cc2c1CCC2(C)C,4
O=C(O)CCC(CCC(=O)O)([N+](=O)[O-])[N+](=O)[O-],1
CCCCC(CC)NC(=O)C(N)CC(=O)O,2
O=C(O)OC1C(OC2C(CO)OC(O)C(O)C2O)OC(CO)C(O)C1O,2
O=C(O)c1c[nH]c(=O)[nH]c1=O,1
CC1OC(OC2C(O)C(CO)OC(OC3C(OC4CCC5(C)C(CCC6(C)C5CC=C5C7CC(C)(C)CCC7(C(=O)O)CCC56C)C4(C)C)OC(C(=O)O)C(O)C3O)C2O)C(O)C(O)C1O,2
CC1OC(OC2C(OC3C(OC4CCC5(C)C(CCC6(C)C5CC=C5C7CC(C)(C(=O)O)CC(=O)C7(C)CCC56C)C4(C)CO)OC(C(=O)O)C(O)C3O)OC(CO)C(O)C2O)C(O)C(O)C1O,2
CCN(CC)c1nc(N(CC)CC)c2ncn(C3OC(COP(=O)(O)O)C(O)C3O)c2n1,2
CCCOc1ccc(CCC(=O)c2c(O)cc(OC3OC(CO)C(O)C(O)C3OC3OC(C)C(O)C(O)C3O)cc2O)cc1O,2
COc1cc(-c2oc3cc(OC4OC(CO)C(O)C(O)C4O)cc(O)c3c(=O)c2OC2OC(CO)C(O)C(O)C2O)ccc1O,2
CCCCCCCCCOc1ccc(NC(N)=O)cc1,2
CC(=O)OCC(C)NC(=O)C(N)CC(=O)O,2
CCCOC(=O)CNC(=O)C(N)CC(=O)O,2
COC1OC(COC2OCC(O)C(O)C2O)C(O)C(OC2OC(CO)C(O)C(O)C2O)C1O,2
COc1c(OC)c(O)c2c(=O)cc(-c3ccc(O)c(O)c3)oc2c1OC1OC(CO)C(O)C(O)C1O,2
CCCCCCC1CCCC(=O)O1,4
COc1c(OC2OC(C)C(O)C(O)C2O)cc2oc(-c3ccc(O)cc3)cc(=O)c2c1O,2
CC1(C)CC2C=C(C=O)C3(C=O)CC3(C)C2C1,4
COc1ccc(C=CC(=O)c2ccc(OC3OC(COC(C)=O)C(O)C(O)C3O)c(O)c2O)cc1O,2
[N-]=[N+]=NOC(OP(=O)(O)O)C1OC(n2cnc3c(N)ncnc32)C(O)C1O,2
CC1OC(OCC2OC(Oc3c(-c4ccc(OCO)c(OCO)c4)oc4cc(OCO)cc(O)c4c3=O)C(O)C(O)C2O)C(O)C(O)C1O,2
COC1OC(CO)CC(O)C1OC1OC(CO)C(O)C(O)C1O,2
Cc1ncsc1C,4
COC(=O)C(Cc1ccccc1)NC(=O)C(CC(=O)O)NC(=O)C(N)CO,2
CC(=O)OCC1OC(Oc2c(O)ccc3c(=O)c(-c4ccc(O)cc4)coc23)C(OC(C)=O)C(OC(C)=O)C1OC(C)=O,2
O=c1c2ccc(O)c(O)c2oc2cc(OC3OC(CO)C(O)C(O)C3O)cc(O)c12,2
NCCOCCNc1ncnc2c1ncn2C1OC(COP(=O)(O)O)C(O)C1O,2
O=C1OCC2OC(=O)c3cc(O)c(O)c(O)c3-c3c(O)c(O)c(O)c4c3C(=O)OC(C2OC(=O)c2cc(O)c(O)c(O)c2-c2c1cc(O)c(O)c2O)C1OC(=O)c2c-4c(O)c(O)c(O)c2C1C1(O)OC(CO)C(O)C1O,0
OCC1OC(OC2C(O)COC(O)C2O)C(O)C1O,2
O=C1CCCCCCCC=CCCCCCCO1,2
COC(=O)CC(CCc1ccccc1)NC(=O)CN,2
S=C1NCCN1,0
COc1ccc(-c2cc(=O)c3c(OC4OC(COC5OC(CO)C(O)C(O)C5O)C(O)C(O)C4O)c(OC)c(O)c(OC)c3o2)cc1,2
Cc1ccc(CO)cc1,4
CC1CC(O)CC(C)(C)C1,4
OOCCC(O)COO,2
C=C1CC23CCC4C(C)(C(=O)OC5OC(COC6OC(CO)C(O)C(O)C6O)C(O)C(O)C5O)CCCC4(C)C2CCC1(OC1OC(CO)C(O)C(O)C1O)C3,2
COc1ccc(-c2cc3cccc(O)c3c(=O)o2)cc1O,4
O=CC(OS(=O)O)C(O)C(O)C(O)CO,2
CCCCCOC(=O)C(C)CC,4
COc1cc(-c2oc3cc(O)cc(O)c3c(=O)c2O)ccc1OC1OC(COC2OC(C)C(O)C(O)C2O)C(O)C(O)C1O,2
CC1OC(OC2(O)C(=O)c3c(O)cc(O)cc3OC2c2ccc(O)c(O)c2)C(O)C(O)C1O,2
NCCCCC(NC(=O)C(CC(=O)O)NC(=O)C1CCCN1)C(=O)NC(Cc1ccccc1)C(=O)O,2
CCCCCOP(=O)(O)OCC1OC(n2cnc3c(N)ncnc32)C(O)C1O,2
COc1cc([N+](=O)[O-])cc(C=O)c1O,1
COc1c(OC2OC(CO)C(O)C(O)C2O)cc2occ(-c3ccc(OC4OC(CO)C(O)C(O)C4O)cc3)c(=O)c2c1O,2
COC(=O)C1OC(OC2CCC3(C)C(CCC4(C)C3C(=O)C=C3C5CC(C)(C(=O)OC)CCC5(C)CCC34C)C2(C)C)C(O)C(OC(C)=O)C1OC(C)=O,2
NCC(=O)NC(CC(N)=O)C(=O)NC(CCC(N)=O)C(=O)NC(Cc1ccccc1)C(=O)O,2
CC(C)SC(C)C,4
CC(C)C(NC(=O)C(Cc1ccccc1)NC(=O)CNC(=O)C(N)CC(=O)O)C(=O)O,2
COc1ccc(C2Oc3ccccc3OC2C)cc1O,4
CSP1(=O)OCC2OC(n3cnc4c(N)ncnc43)C(O)C2O1,2
CCCC(N)=O,4
O=c1cc(-c2ccc(O)c(OC3OCC(O)C(O)C3O)c2)oc2cc(OC3OC(CO)C(O)C(O)C3O)cc(O)c12,2
O=c1cc(-c2ccc(OC3OC(CO)C(O)C(O)C3O)c(O)c2)oc2cc(O)cc(O)c12,2
CC1CCC2(C(=O)O)CCC3(C)C(=CCC4C5(C)CCC(OC6OC(C(=O)O)C(O)C(O)C6OC6OC(CO)C(O)C(O)C6OC6OC(CO)C(O)C(O)C6O)C(C)(C)C5CCC43C)C2C1C,2
CC1(C)C2CC=C(C=O)C1C2,2
COC1CC(O)C(CO)OC1OC,2
CC(C)CC(NC(=O)C(Cc1ccccc1)NC(=O)C(CC(=O)O)NC(=O)C(N)CCCCN)C(=O)O,2
CCN1CCCCC1C(=O)O,1
COc1cc(-c2oc3cc(O)cc(O)c3c(=O)c2OC2OC(COC3OC(CO)C(O)C(O)C3O)C(O)C(O)C2O)cc(O)c1O,2
COc1ccc(C)cc1C(=O)O,1
CC1OC(COC2OC(C)C(O)C(O)C2O)C(O)C(O)C1O,2
CCC1OC(OC2(CO)OC(CO)C(O)C2O)C(O)C(O)C1O,2
COC1COC(O)C(OC)C1OC1OC(C)C(O)C(OC)C1OC,2
CC1OC(OCC2OC(Oc3cc(O)c4c(c3)OC(c3ccc(O)cc3)CC4=O)C(O)C(O)C2O)C(O)C(O)C1O,4
CC(C)C(N)C(=O)NC(CC(=O)O)C(=O)NC(CC(=O)O)C(=O)NC(Cc1ccccc1)C(=O)O,2
CN(C)c1ncnc2c1nc(C#N)n2C1OC(COP(=O)(O)O)C(O)C1O,2
CCC(C)C1NC(=O)C(NC(=O)C(C)NC(=O)C(N)CC(C)C)CCCCNC(=O)CC(C(=O)NC(Cc2ccccc2)C(=O)O)NC(=O)C(CC(=O)O)NC(=O)C(C)NC1=O,2
CC(NC(=O)C(CC(=O)O)NC(=O)C(N)CCCCN)C(=O)NC(Cc1ccccc1)C(=O)O,2
OCC1OC(O)C(O)C(O)C1OC1OC(COB(O)O)C(O)C(O)C1O,2
CC1OC(OC2C(OC3C(OC4C(OC5CCC6(C)C(CCC7(C)C6CC=C6C8CC(C)(C(=O)O)CCC8(C)CCC67C)C5(C)C)OC(C(=O)O)C(O)C4O)OC(C(=O)O)C(O)C3O)OC(C(=O)O)C(O)C2O)C(O)C(O)C1O,2
CC1OC(OC2C(OCC(O)C(O)C(O)C(O)CO)OC(C)C(O)C2O)C(O)C(O)C1O,2
CC1(C(=O)O)CCC2(C)CCC3(C)C(=CCC4C5(C)CCC(OC6OC(C(=O)O)C(O)C(O)C6O)C(C)(C)C5CCC43C)C2C1,2
Oc1cc(O)c2c(c1)OC(c1ccc(O)c(O)c1)C(O)C2c1c(O)cc(O)c2c1OC(c1ccc(O)c(O)c1)C(O)C2c1c(O)cc(O)c2c1OC(c1ccc(O)c(O)c1)C(O)C2c1c(O)cc(O)c2c1OC(c1ccc(O)c(O)c1)C(O)C2c1c(O)cc(O)c2c1OC(c1ccc(O)c(O)c1)C(O)C2,0
CC1(C)CC2C3=CCC4C5(C)CCC(OC6OC(C(=O)O)C(O)C(OC7OC(CO)C(O)C(O)C7O)C6OC6OC(CO)C(O)C(O)C6O)C(C)(C)C5CCC4(C)C3(C)CCC2(C(=O)OC2OC(CO)C(O)C(O)C2O)CC1O,2
CCCCCCCCOC(=O)CCCCC(=O)OCCCCCCCC,4
Nc1ncnc2c1ncn2C1OC(CO)C(O)C1O.O=P([O-])(O)O.[Na+],2
OCC1OC(OCC(O)COC2OC(CO)C(O)C(O)C2O)C(O)C(O)C1O,2
CC(=O)NC(C(=O)NC(Cc1ccccc1)C(=O)O)C(C)C,2
CCC(=O)N1C(=O)c2ccccc2S1(=O)=O,2
O=C(O)CCC(CCC(=O)O)C(=O)O,1
COc1ccc(C2CC(=O)c3c(cc(O)cc3OC3OC(CO)C(O)C(O)C3O)O2)cc1OC,2
COc1cc(-c2cc(=O)c3c(O)cc(OC4OC(CO)C(O)C(O)C4OC4OC(CO)C(O)C4O)cc3o2)ccc1O,2
CC(C)=CCOC(=O)c1ccccc1,4
CC(C)COC1C(O)OC(CO)C(O)C1O,2
CN(C)c1nc(N)c2ncn(C3OC4COP(=O)(O)OC4C3O)c2n1,2
CC(O)C(N)C(=O)NC(CC(=O)O)C(=O)NC(Cc1ccccc1)C(=O)O,2
CCN(CC)C(=O)CSc1ccc(Cl)nn1,0
NC(=O)CCC(NC(=O)C(Cc1ccccc1)NC(=O)C(N)CC(=O)O)C(=O)NCC(=O)O,2
COc1cc(-c2cc(=O)c3c(OC)cc(OC4OC(CO)C(O)C(O)C4O)cc3o2)ccc1O,2
CC=C1CC(C)C(O)(CO)C(=O)OCC2=CCN3CCC(OC1=O)C23,0
CC(C)C(N)C(=O)NC(Cc1ccccc1)C(=O)NC(CC(N)=O)C(=O)O,2
CC1=CC(=O)C(C2=C(O)C(=O)C(C)=CC2=O)=C(O)C1=O,1
CCC(C)C(NC(=O)C(N)Cc1ccccc1)C(=O)NC(CC(=O)O)C(=O)O,2
O=C(O)c1cnc2ccccc2n1,1
Nc1ncnc2c1nc(F)n2C1OC(COP(=O)(O)O)C(O)C1O,2
CC(C)CC(NC(=O)C(Cc1ccccc1)NC(=O)C(CC(=O)O)NC(=O)C(N)Cc1ccccc1)C(=O)O,2
CCCCCCCCCCCCCC(=O)OC,4
CC(C)CC(=O)CC1(C)CCC(c2ccoc2)O1,0
Nc1cc([N+](=O)[O-])ccc1OCC1CC1,2
CC(C)=CCCC1(C)OCC(C)O1,4
CC1OC(O)C(F)C(O)C1O,2
OCC1OC(O)C(O)C(OCCI)C1O,2
OCC1OC(O)C(O[Si])C(O)C1O,2
O=C(CO)C(=O)CC(O)CO,2
CC(N)C(=O)NC(Cc1ccccc1)C(=O)NC(CC(=O)O)C(=O)NC(CC(=O)O)C(=O)O,2
OCC1OC2OCCOC3C(OCCOC2C(O)C1O)OC(CO)C(O)C3O,2
CC(NC(=O)C(CC(N)=O)NC(=O)C(N)Cc1ccccc1)C(=O)NC(Cc1ccccc1)C(=O)O,2
O=c1cc(-c2ccc(O)c(O)c2)oc2cc(OC3OC(CO)C(O)C(O)C3OC3OC(CO)C(O)C(O)C3O)cc(O)c12,2
C=C(C)C1CC=C(C)C(O)C1,4
CC(=O)OCC1OC(Oc2ccc(C(=O)C=Cc3ccc(O)c(O)c3)c(O)c2O)C(O)C(OC(C)=O)C1OC(C)=O,2
CCC(C)C(NC(=O)C(Cc1ccccc1)NC(=O)C(CC(=O)O)NC(=O)C(N)CC(N)=O)C(=O)O,2
CC1CC(=O)C(=O)C1C,2
O=[N+]([O-])c1ccc(Cl)cc1O,1
CC(=O)OC(C)(C)C=CC(=O)C(C)(O)C1C(O)CC2(C)C3CC=C4C(CC(O)C(=O)C4(C)C)C3(CO)C(=O)CC12C,0
O=C(O)CS(=O)(=O)c1cccc(F)c1,1
N[C@@H](Cc1cnc[nH]1)C(=O)O,1
C=CCCCCCC(C)=O,4
OCC1OC(OCC2OCC(O)C2O)C(O)C(O)C1O,2
CC1OC(n2cnc3c(N)ncnc32)C(O)C1(O)OP(=O)(O)O,2
NCCCCC(NC(=O)C(CC(N)=O)NC(=O)C(CC(N)=O)NC(=O)C(N)Cc1ccccc1)C(=O)O,2
CC1=CC2C3C4C(=C(C)C3C13C1OC(=O)C(C)C1CCC(C)(O)C23)C1OC(=O)C(C)C1CCC4(C)O,0
NC(=O)CC(N)C(=O)NC(CC(=O)O)C(=O)NC(Cc1ccccc1)C(=O)NC(CC(=O)O)C(=O)O,2
Nc1nc(F)nc2c1ncn2C1OC(C(O)P(=O)(O)O)C(O)C1O,2
CC(=O)C=CC1C(C)=CCCC1(C)C,2
CC(NC(=O)C(Cc1ccccc1)NC(=O)C(N)C(C)C)C(=O)NC(CC(=O)O)C(=O)O,2
CC1OC(OC2C(Oc3c(-c4ccc(O)cc4)oc4cc(O)cc(O)c4c3=O)OC(CO)C(O)C2O)C(O)C(O)C1O,0
Cc1c(Cl)cccc1Nc1ncccc1C(=O)O,0
C=C1CC23CCC4C(C)(C(=O)OC5OC(CO)C(O)C(OC6OC(CO)C(O)C(O)C6O)C5OC5OC(C)C(O)C(O)C5O)CCCC4(C)C2CCC1(OC1OC(CO)C(O)C(OC2OC(CO)C(O)C(O)C2O)C1OC1OC(CO)C(O)CC1O)C3,2
COC1C(O)C(O)COC12COC(C)(C)O2,2
C=C1CC23CCC4C(C)(C(=O)O)CCCC4(C)C2CCC1(OC1OC(COC(C)=O)C(O)C(O)C1OC1OC(CO)C(O)C(O)C1O)C3,2
COC(=O)C(Cc1ccccc1)N(C(=O)CCl)C(=O)C(N)CC(=O)O,2
CC1=CC(=O)C2=C(C)CC3OC(=O)C(C)=C3C=C12,0
C=CCc1ccc(O)c(OC)c1,2
COc1ccc(-c2coc3cc(OC4OC(COC(=O)CC(=O)O)C(O)C(O)C4O)cc(O)c3c2=O)cc1O,2
CC1(C(=O)O)CCC2(C)CCC3(C)C(=CC(=O)C4C5(C)CCC(OC6OCC(O)C(O)C6O)C(C)(C)C5CCC43C)C2C1,2
CC1(C)CCC2(C(=O)OC3OC(CO)C(O)C(O)C3O)CCC3(C)C(=CCC4C5(C)CCC(OC6OC(C(=O)O)C(O)C(OC7OCC(O)C(O)C7O)C6OC6OCC(O)C(O)C6O)C(C)(C)C5CCC43C)C2C1,2
CC(C(O)c1ccccc1)N(C)CC=Cc1ccccc1,0
COc1cc(O)c2c(=O)c(OC3OC(C)C(O)C(O)C3O)c(-c3cc(O)c(OC)c(OC)c3)oc2c1,2
CC1(C)CCC2(CC(=O)OC3OC(CO)C(O)C(O)C3O)CCC3(C)C(=CCC4C5(C)CC(O)C(OC6OC(C(=O)O)C(O)C(O)C6O)C(C)(C(=O)O)C5CCC43C)C2C1,2
CCC(C)C(NC(=O)C(CC(C)C)NC(=O)C(N)CC(=O)O)C(=O)NC(Cc1ccccc1)C(=O)O,2
OCC1CC(O)CC(O)O1,2
OCC(O)C(O)C(OC1OC(CO)C(OC2OC(COC3OC(CO)C(O)C(O)C3O)C(O)C(O)C2O)C(O)C1O)C(O)CO,2
NC(=O)C(CC(=O)O)NC(=O)C(Cc1ccccc1)NC(CCc1ccccc1)C(=O)O,2
CCCCOP(=O)(O)C1(O)C(CO)OC(n2cnc3c(N)ncnc32)C1O,2
CC(NC(=O)C(N)CCCCN)C(=O)NC(CC(N)=O)C(=O)NC(Cc1ccccc1)C(=O)O,2
C=C1C2CCC(C2)C1(C)CCC=C(C)CO,4
NCCCCC(N)C(=O)NC(Cc1ccccc1)C(=O)NC(CC(N)=O)C(=O)O,2
CCC(C)C(N)C(=O)NC(C)C(=O)NC(Cc1ccccc1)C(=O)NC(CC(N)=O)C(=O)O,2
COc1cc(C2CC(=O)c3c(O)cc(OC4OC(CO)C(O)C(O)C4OC4OC(C)C(O)C(O)C4O)cc3O2)ccc1O,2
CCCCCCC1OC(=O)CC1C,4
Nc1ncnc2c1ncn2C1OC(CO)C(OP(=O)(O)NP(=O)(O)OP(=O)(O)O)C1O,2
CC(C)Oc1nc(N)nc2nc(O)c(C#N)nc12,1
[B]C1[B]C1([B])COC1OC(CO)C(OC2OC(CO)C(O)C(O)C2O)C(O)C1O,2
OCCOCCOC1OC(CO)C(O)C(O)C1O,2
NCCCCCNc1nc2c(N)ncnc2n1C1OC(COP(=O)(O)O)C(O)C1O,2
CC=CC(=O)OCC1OC(Oc2cc(O)c3c(=O)cc(-c4ccc(O)c(OC)c4)oc3c2)C(O)C(O)C1O,2
CC(SC(C)(C)C(=O)O)C(=O)O,1
[CH]OC1OC(CO)C(O)C(O)C1O,2
COC(=O)C1OC(OC2C(OC3CCC4(C)C(CCC5(C)C4C(=O)C=C4C6CC(C)(C(=O)OC)CCC6(C)CCC45C)C3(C)C)OC(C(=O)OC)C(O)C2O)C(O)C(O)C1O,2
CC(C=O)CCc1ccccc1,2
S=c1cnc2cnc[nH]c-2n1,1
CCOC(=O)C1OC(OC2CCC3(C)C(CCC4(C)C3CC=C3C5CC(C)(C)CCC5(C(=O)OC5OC(CO)C(O)C(O)C5O)CCC34C)C2(C)C)C(O)C(O)C1O,2
CCOC(C=C(C)CCC=C(C)C)OCC,4
CC(C)CC(NC(=O)C(N)Cc1ccccc1)C(=O)O,0
CC(C)CCNC(=S)S,1
CCCc1cc(=O)[nH]c(=S)[nH]1,0
COc1cc(-c2cc(=O)c3c(OC4OC(CO)C(O)C(O)C4O)cc(O)cc3o2)ccc1OC1OC(CO)C(O)C(O)C1O,2
O=C(O)C1(OC2(C(=O)O)CCCC2)CCCC1,1
COc1cc(-c2cc(=O)c3cc(O)c(OC4OC(CO)C(O)C(O)C4O)cc3o2)ccc1O,2
OCC1OC(OC2C(CO)OC(O)C(O)C2O)CC(O)C1O,2
CCOCCOCCOc1ccc([N+](=O)[O-])cc1N,2
Nc1ccc(C(=O)O)c(O)c1,1
CC(C)CC(N)C(=O)NC(C)C(=O)NC(CC(N)=O)C(=O)NC(Cc1ccccc1)C(=O)O,2
Nc1ncnc2c1ncn2C1CC(O)C(COP(=O)(O)CP(=O)(O)OP(=O)(O)O)O1,2
CC(C)CC(NC(=O)C(N)CC(N)=O)C(=O)NC(Cc1ccccc1)C(=O)O,2
NCCCC(N)C(=O)NCCCC(=O)O,4
C=C1C(=O)C23CC1CCC2C12COC3(O)C(O)C1C(C)(C)C=CC2=O,0
OCC(O)C1OCOC(CO)C1O,2
C=C1C(=O)OC2CC3(C)CC(O)CC(=C)C3CC12,0
Cc1ccc2c(c1)C(C(C)C)CCC2C,4
CC1OC(OCC2OC(Oc3c(-c4ccc(O)c(OCCO)c4)oc4cc(O)cc(OCCO)c4c3=O)C(O)C(O)C2O)C(O)C(O)C1O,2
CC(=CCCC(C)C1CCC2(C)C3CC=C4C(CCC(OC5OC(CO)C(O)C(O)C5O)C4(C)C)C3(C)C(=O)CC12C)COC1OC(CO)C(O)C(O)C1OC1OC(CO)C(O)C(O)C1O,0
O=C1c2ccccc2S(=O)(=O)N1CBr,2
O=C(OCc1ccccc1)c1ccccc1O,2
COC1OC(C(O)O)CC(O)C1O,2
COc1cc(CCC(C)=O)ccc1O,2
NCCCCCNc1ncnc2c1ncn2C1OC(COP(=O)(O)OP(=O)(O)OP(=O)(O)O)C(O)C1O,2
CCCC(N)C(=O)NC(CC(=O)O)C(=O)NC(Cc1ccccc1)C(=O)OC,2
OCC(O)C(CO)OC1OC(CO)C(O)C(O)C1O,2
CC1(C)CC2C3=CCC4C5(C)CCC(OC6OC(C(=O)O)C(O)C(O)C6OC6OC(CO)C(O)C(O)C6O)C(C)(C)C5CCC4(C)C3(C)CCC2(C)CC1O,2
Nc1nc(N)c2ncn(C3CC(OP(=O)(O)O)C(CO)O3)c2n1,2
Nc1ncnc2c1ncn2C1OC(COP(=O)(S)OP(=O)(O)OP(=O)(O)O)C(O)C1O,2
CC1CC(C)(c2ccccc2)OC(C)O1,4
O=C(C=Cc1ccccc1)OCCCc1ccccc1,2
Nc1ccccc1[As](=O)(O)O,1
COC(OC)C1(O)CC(O)C(O)CO1,2
NC(Cc1c[nH]c2cc(C(F)(F)F)ccc12)C(=O)O,2
O=C1OC(c2ccc(O)c(O)c2)Cc2cccc(O)c21,4
CC1CCC(OC2CC(O)C(O)C(CO)O2)CO1,2
Nc1ncnc2c1ncn2C1OC(C(F)OP(=O)(O)O)C(O)C1O,2
COC1OC(COC(OCC2OC(OC)C(O)C(O)C2O)C(O)C(O)C(O)C(O)CO)C(O)C(O)C1O,2
CCC(C)C(N)C(=O)NC(C(=O)NC(CC(=O)O)C(=O)NC(Cc1ccccc1)C(=O)O)C(C)C,2
NC(=O)CCC(NC(=O)C(N)CC(=O)O)C(=O)NC(Cc1ccccc1)C(=O)O,2
COC(=O)C1OC(OC2CCC3(C)C(CCC4(C)C3CC=C3C5CC(C)(C)CCC5(C(=O)OC5OC(COC6OC(CO)C(OC7OC(C)C(O)C(O)C7O)C(O)C6O)C(O)C(O)C5O)CCC34C)C2(C)CO)C(O)C(O)C1O,2
COc1ccc(-c2oc3cc(O)cc(O)c3c(=O)c2OC2OC(CO)C(O)C(O)C2OC2OC(C)C(O)C(O)C2O)cc1OC,2
N#Cc1ccc(N=C(NCC(=O)O)NC(c2ccccc2)c2ccccc2)cc1,2
COC(=O)C(Cc1ccccc1)NC(C)=O,2
COC1C(O)C(COP(=O)(O)OP(=O)(O)OP(=O)(O)O)OC1n1cnc2c(N)nc(N)nc21,2
CC(=O)CCCCn1c(=O)c2c(ncn2C)n(C)c1=O,0
C=C1CCC2C(C)(COC3OC(CO)C(O)C(O)C3O)CCCC2(C)C1CCC1=CCOC1=O,0
COc1ccc(C(=O)O)c(C(=O)O)c1,1
C=CC(C)(CCC=C(C)C)OC(=O)CC,4
O=C(O)/C=C\I,1
O=C(C=Cc1ccc(O)cc1)OC(C(=O)O)C(O)C(=O)O,0
CC(O)C(O)(O)C(O)C(O)CO,2
COC1OC(C)C2OC(C)(C)OC2C1O,2
NS(=O)(=O)c1ccc(C(=O)O)cc1,1
O=[N+]([O-])c1ccc(O)c(O)c1,1
Nc1ncnc2c1ncn2C1OC(COS(=O)(=O)O)C(OP(=O)(O)O)C1O,2
COC1(CO)OC(CO)C(O)C1O,4
O=CC(CC(O)C(O)CO)OF,2
CC1OC(OCC2OC(Oc3ccc4c(=O)cc(-c5ccc(O)c(O)c5)oc4c3)C(O)C(O)C2O)C(O)C(O)C1O,2
OCC(O)C(O)C(O)C(COBr)OBr,2
CC(OC(CO)C(O)C(O)CO)OC1C(CO)OC(O)C(O)C1O,2
CCC=O,4
CC(C)=CCc1cc(C2Oc3c(CC=C(C)C)c(OC4OC(CO)C(O)C(O)C4O)cc(O)c3C(=O)C2O)cc(O)c1O,2
CCC=CCCCC(=O)OC,4
Nc1ncnc2c1ncn2C1OC2COP(O)(O)(O)OC2C1O,2
COC(=O)C(Cc1ccccc1)NC(=O)C(NC(=O)CNC(=O)C(N)CC(C)C)C(C)C,2
CC(C)CC(NC(=O)C(CC(=O)O)NC(=O)C(N)CO)C(=O)NC(Cc1ccccc1)C(=O)O,2
NC(=O)CCC(N)C(=O)NC(CO)C(=O)NC(CC(=O)O)C(=O)NC(Cc1ccccc1)C(=O)O,2
COC(=O)CNC(=O)C(Cc1ccccc1)NC1(C(=O)OC)CCCCC1,2
COCC1CC(OC)C(OC)C(O)O1,2
CC1=CC(=O)CC(C(C)C)C1,0
COC(=O)C1(C)CCC2(C)CCC3(C)C(=CC(=O)C4C5(C)CCC(OC6OC(CO)C(O)C(OC7OC(C(=O)O)C(O)C(O)C7O)C6O)C(C)(C)C5CCC43C)C2C1,2
O=c1cc(-c2ccc(O)c(O)c2)oc2cc(OCCOCC3OC(O)C(O)C(O)C3O)cc(O)c12,2
COc1cc(OC2OC(COC3OCC(O)C(O)C3O)C(O)C(O)C2O)c2c(=O)c3c(O)c(OC)ccc3oc2c1,2
CC1OC(OC2C(Oc3ccc(-c4cc(=O)c5c(O)cc(O)cc5o4)cc3OC3OC(CO)C(O)C(O)C3O)OC(CO)C(O)C2O)C(O)C(O)C1O,2
O=C1c2c(O)cc(O)cc2OC(c2ccc(O)c(O)c2)C1(O)OC1OC(CO)C(O)C(O)C1O,2
COc1ccc(-c2cc(=O)c3c(O)c(OC)c(OC4OC(COC5OC(C)C(O)C(O)C5O)C(O)C(O)C4O)c(OC)c3o2)cc1,2
COc1nc(N)c2ncn(C3OC(CO)C(O)C3O)c2n1,2
COC1C(OCC2CCC(O)C(O)O2)OCC(O)C1O,2
Nc1ncnc2c1ncn2C1OC(COP(=O)(O)OP(=O)(O)CCOCCP(=O)(O)O)C(O)C1O,2
Nc1nc(Cl)nc2c1ncn2C1OC(COP(=O)(O)O)C(O)C1F,2
CC(C)CC(NC(=O)C1CCCN1C(=O)C(N)CC(=O)O)C(=O)NC(Cc1ccccc1)C(=O)O,2
CC(C)CC(NC(=O)C(Cc1ccccc1)NC(=O)C(N)CC(N)=O)C(=O)NC(CC(N)=O)C(=O)O,2
CCOC(=O)C(Cc1ccccc1)NC(=O)C(CC(=O)O)NC=O,2
COc1cccc(C(=O)O)c1OC,1
CC(O)C(CO)OC1OC(CO)C(O)C(O)C1O,2
NC(Cc1ccccc1)C(=O)NC(CC(=O)O)C(=O)NC(Cc1ccccc1)C(=O)O,2
CC(=O)CC(=O)C(F)(F)F,1
O=c1c(CO)c(-c2ccc(OC3OC(CO)C(O)C(O)C3O)c(O)c2)oc2cc(O)cc(O)c12,2
NC(=S)COc1ccc([N+](=O)[O-])cc1N,2
CC=CC(C)C(=O)O,4
COC1OC(C(C)O)C(O)C1OC,2
CCC(C)C(NC(=O)C(N)CC(=O)O)C(=O)NC(Cc1ccccc1)C(=O)NC(CC(C)C)C(=O)O,2
NC(=O)CCCC([N+](=O)[O-])[N+](=O)[O-],1
CC(C)CC(NC(=O)C(N)Cc1ccccc1)C(=O)NC(C(=O)NC(CC(N)=O)C(=O)O)C(C)C,2
OCC1OC(OC2(CO)OC(CO)C(O)C2O)C(O)C(O)C1O.[Mg+2].[O-2],2
CC(C)=CCC1=C(O)C(O)(CC=C(C)C)C(=O)C(C(=O)C(C)C)=C1O,0
CC1(C)CCC2(C(=O)OC3OC(CO)C(OC4OC(CO)C(O)C(O)C4O)C(O)C3O)CCC3(C)C(=CCC4C5(C)CCC(OC6OC(C(=O)O)C(O)C(O)C6O)C(CO)(CO)C5CCC43C)C2C1,2
O=C1CCCC1,4
C=C(CO)C1CC=C(C)CC1,4
Nc1cc([N+](=O)[O-])ccc1OC1CCCC1,2
COC1C(O)C(C)OC(OC2C(O)OC(C)C(OC)C2OC)C1O,2
Cn1ncc(=O)[nH]c1=S,1
CC(=O)NCC(=O)NCC(=O)N[C@@H](Cc1cnc[nH]1)C(=O)NCC(=O)O,1
CC(NC(=O)C(CC(N)=O)NC(=O)C(N)CO)C(=O)NC(Cc1ccccc1)C(=O)O,2
C=C1C2CCC3C45COC(O)(C(OC(C)=O)C4C(C)(C)CCC5O)C3(C2)C1OC(C)=O,4
COC(=O)C(Cc1ccccc1)NC(=O)C(C)(C)C,2
O=C(O)OCCOC1OC(CO)C(O)C(O)C1O,2
O=c1oc2c(O)c(O)cc3c(=O)oc4c(O)c(O)cc1c4c23,0
CC=CC(=O)OCCCCCC,2
CC1=C2C3OC(=O)C(C)C3CCC(C)(O)C2C2C3CC4(C)OC5(C)CCC6C(C)C(=O)OC6C4(C12)C35,0
O=C(O)CNC(=Nc1cc(Cl)cc(Cl)c1)NCc1ccccc1,2
Nc1cc(C(=O)O)cc([N+](=O)[O-])c1,1
O=c1c(-c2ccc(OC3OC(CO)C(O)C(O)C3O)c(O)c2)coc2cc(O)cc(O)c12,2
O=C(O)CSc1cccc(Cl)c1,1
NC(Cc1ccccc1)C(=O)NC(Cc1ccccc1)C(=O)NC(CC(=O)O)C(=O)NCC(=O)O,2
CC(C)=CCc1c(O)c(C(=O)C(C)C)c(O)c2c(-c3ccccc3)cc(=O)oc12,0
COC(=O)C1OC(OC2C(O)C(CO)OC(OC3C(O)CC4(C)C(CCC5(C)C4CC=C4C6CC(C)(C)CCC6(C(=O)O)CCC45C)C3(C)C)C2O)C(O)C(O)C1O,2
CCc1ccc(O)c(OC)c1,4
Nc1ncnc2c1ncn2C1OC(COP(=O)(O)OP(=O)(O)C(Br)P(=O)(O)O)C(O)C1O,2
COC(=O)C1OC(OC2C(O)CC3(C)C(CCC4(C)C3CC=C3C5C(C)C(C)CCC5(C(=O)OC)CCC34C)C2(C)CO)C(OC2OCC(O)C(O)C2O)C(O)C1O,2
O=C(O)/C=C\Br,1
C=C1CC23CCC4C(C)(C(=O)OC5OC(CO)C(O)C(O)C5OS(=O)(=O)O)CCCC4(C)C2CCC1(OC1OC(CO)C(O)C(O)C1OC1OC(CO)C(O)C(O)C1O)C3,2
CCCP(=O)(O)CCC,1
OCC(O)COCC1OC(OC2(CO)OC(CO)C(O)C2O)C(O)C(O)C1O,2
C=C1C(=O)OC2C1CCC(=O)CC1(C)CCC(O)OC21,0
O=C(O)c1ccccc1Cl,1
CC(C)(C(=O)O)C(=O)O,1
Nc1ncc2nn[nH]c2n1,1
C=C1CC23CCC4C(C)(C(=O)OC5OC(CO)C(O)C(O)C5OC5OC(CO)C(O)C(O)C5O)CCCC4(C)C2CCC1(OC1OC(CO)C(O)C(OC2OC(CO)C(O)C(O)C2O)C1O)C3,2
CC1CCC(C(C)(C)O)CC1,2
COc1ccc(-c2oc3cc(OC4OC(COC5OC(C)C(O)C(O)C5O)C(O)C(O)C4O)cc(O)c3c(=O)c2O)cc1O,2
O=c1cc(-c2ccc(O)c(O)c2)oc2c(OC3OC(CO)C(O)C(O)C3O)c(O)cc(O)c12,2
COc1cc2c(c(OC)c1OC)C(=O)C(O)C(c1ccccc1)O2,0
C[C]1O[C](O)[C](O)C(O)C1O,2
O=Cc1ccc2n1CC1(CC(O)C(CO)O1)OC2,0
CCC(C)C(=O)C1=C(O)C2(CC=C(C)C)CC3C(CC(C(C)C)C3(C)C)(C1=O)C2=O,0
COC(=O)C1OC(OOC2C(O)C(CO)OC(OC(=O)C34CCC(C)C(C)C3C3=CCC5C6(C)CC(O)CC(C)(CO)C6CCC5(C)C3(C)CC4)C2O)C(O)C(O)C1O,2
COc1ccc(CCC(=O)c2c(O)cc(OC3OC(CO)C(O)C(O)C3OC3OC(C)C(O)C(O)C3O)cc2O)cc1OC,4
Fc1ccccc1C(N=Nc1ccccc1)=NNc1ccccc1,2
CC1=CC(=O)C(O)C2(C)C1CC1OC(=O)CC3C(C)C(O)C4(O)OCC13C42,0
CCCCCCNC(=O)C(N)CC(=O)O,2
O=c1nc[nH]c2nc[nH]c12,0
COc1cc(OC2OCC(OC3OCC(O)C(O)C3O)C(O)C2O)cc2c1C(=O)CC(c1ccc(O)c(O)c1)O2,2
CC1=C(O)C(=O)OC1C,2
O=C(c1ccc(O)c(O)c1)c1c(O)cc(O)cc1OC1OC(CO)C(O)C(O)C1O,2
CC(NC(=O)C([NH3+])Cc1ccccc1)C(=O)NC(CC(N)=O)C(=O)[O-],2
CC1OC(OC2C(OC3C(O)C(OC4CCC5(C)C(CCC6(C)C5CC=C5C7CC(C)(C)CCC7(C(=O)O)CCC56C)C4(C)C)OC(C(=O)O)C3O)OC(CO)C(O)C2O)C(O)C(O)C1O,2
COC(=O)C1OC(OC2CCC3(C)C(CCC4(C)C3CC=C3C5CC(C)(C)CC(O)C5(C)CCC34C)C2(C)C)C(OC2OC(CO)C(O)C(O)C2O)C(O)C1O,2
CC#CC#CC=C1C=CC2(CCCCO2)O1,4
CCSCC(=O)O,1
O=C(O)c1cccc2nccnc12,1
CCOc1ccc2nccc(C(O)C3CC4CCN3CC4CC)c2c1,0
O=C1C2CCCN2C(=O)C2CCCN12,0
CCOC(=O)C(CC)Cc1ccccc1,4
CC1CC(O)C(OC2CC(O)C(O)C(C)O2)C(C)O1,2
C=C1CCC23C(C)CCC(C(C)C)C2C13,4
CC(C)C(NC(=O)C(CCCCN)NC(=O)C(Cc1ccccc1)NC(=O)C(N)CC(=O)O)C(=O)O,2
CC(O)C(OC1OC(CO)C(O)C(O)C1O)C(O)CO,2
CCCC(CCC(C)OC)C(C)C,4
C=CCC=CCCC(=O)OCC,4
CC(CCC([N+](=O)[O-])[N+](=O)[O-])(N(F)F)N(F)F,1
CCOC(=O)CCc1ccco1,2
Nc1ncnc2c1ncn2C1OC(COP(=O)(O)OP(=O)(O)OP(=O)(O)O)C(N)C1O,2
NCCCCC(NC(=O)C(CC(=O)O)NC(=O)C(N)Cc1ccccc1)C(=O)NC(CC(N)=O)C(=O)O,2
COc1cc(C)ccc1O,0
COC(=O)C(Cc1ccccc1)NC(=O)C(Cc1ccccc1)NC(=O)C(N)C(C)C,2
CCCC(CCCOC)CCc1ccccc1,0
COc1ccc(C2CC(=O)c3ccc(OC4OC(CO)C(O)C(O)C4O)c(O)c3O2)cc1O,2
CCCCCCC,2
CC(NC(=O)C(N)CC(=O)O)C(=O)NC1C(C)(C)CCCC1(C)C,2
CC(O)C(O)COP(=O)(O)OP(=O)(O)OCC1OC(n2cnc3c(N)ncnc32)C(OP(=O)(O)O)C1O,2
O=[Ge]OCC(O)C(O)C(O)C(=O)CO,2
CCC(=O)OCC(COC(=O)CC)OC(=O)CC,0
CC(O)(O)C(O)C(O)CO,2
Nc1ncnc2c1ncn2C1OC(CO)C(O)C1OCl,2
COc1ccc(S(=O)(=O)C(C(=O)O)C(C)C)cc1,4
COC(=O)C1OC(OC2C(C(OC)C(=O)OC)CC3(C)C(CCC4(C)C3CC=C3C5CC(C)(C)CCC5(C)CCC34C)C2(C)CO)C(OC2OC(CO)C(O)C(O)C2OC2OC(C)C(O)C(O)C2O)C(O)C1O,2
CC(O)(CO)C1CC=C(C=NO)CC1,0
COC(=O)C1OC(OC2CCC3(C)C(CCC4(C)C3CC=C3C5CC(C)(C)CCC5(C(=O)OC5OCC(O)C(O)C5O)C(O)CC34C)C2(C)C)C(OC2OC(CO)C(O)C(O)C2O)C(O)C1O,2
OCC1CC(O)(O)C(O)(O)CO1,2
O=C(O)C(Cc1ccccc1)S(=O)(=O)c1ccccc1,4
CCCCCCOC(CCCCC)OCCCCCC,4
COC(=O)C(NC(=O)C(N)CC(=O)O)C(=O)OC1CC(C)CC(C)(C)C1,2
CC(N)C(=O)NC(C)C(=O)NC(CC(N)=O)C(=O)NC(Cc1ccccc1)C(=O)O,2
CC1OC(OC2C(OC3C(OC4CCC5(C)C(CCC6(C)C5CC=C5C7CC(C)(COC8OC(CO)C(O)C(O)C8O)CC(=O)C7(C)CCC56C)C4(C)C)OC(C(=O)O)C(O)C3O)OC(CO)C(O)C2O)C(O)C(O)C1O,2
COC(=O)C(Cc1ccccc1)NC(=O)CCC(=O)NCCc1ccccc1,2
CC(C)CC(NC(=O)C(N)Cc1ccccc1)C(=O)NC(CC(N)=O)C(=O)NC(CCCCN)C(=O)O,2
COc1c(-c2ccc(O)c(O)c2)oc2cc(OC3OC(COC4OC(CO)C(O)C(O)C4O)C(O)C(O)C3O)cc(O)c2c1=O,2
Nc1cc([N+](=O)[O-])ccc1I,2
CCCCCC(=O)OCC=C(C)C,4
O=C(O)c1cccc(Cl)c1Cl,1
O=CC(OOC(C=O)C(O)C(O)C(O)CO)C(O)C(O)C(O)CO,2
C=C1C(OC(C)=O)CCC(C)=CC2OC(=O)C(C)C2CC1OC(C)=O,0
CC1OC(CO)(OC2OC(CO)C(Cl)C(O)C2O)C(O)C1O,2
OCC1OC(OC2C(O)C(CO)OC(OC3COC(O)C(O)C3O)C2O)C(O)C(O)C1O,2
CCCSC,4
CC1(C)CCC2(C(=O)O)C(O)CC3(C)C(=CCC4C5(C)CCC(OC6OC(C(=O)O)C(O)C(O)C6OC6OC(CO)C(O)C(O)C6O)C(C)(C=O)C5CCC43C)C2C1,2
CN=C=S,4
COC(=O)C1OC(OC2C(OC3CCC4(C)C(CCC5(C)C4C(=O)C=C4C6CC(C)(C(=O)O)CCC6(C)CCC45C)C3(C)C)OC(C(=O)OC)C(OC(C)=O)C2OC(C)=O)C(OC(C)=O)C(OC(C)=O)C1OC(C)=O,2
CC1(C)OC(C(O)CO)C(C(O)COC2OCC(O)C(O)C2O)O1,2
COc1cc(O)c2c(c1)OC(c1ccc(O)c(OC3OC(CO)C(O)C(O)C3O)c1)C(O)C2=O,2
CCC(C)C(N)C(=O)NC(C(=O)NC(CC(N)=O)C(=O)NC(Cc1ccccc1)C(=O)O)C(C)C,2
CC(C)CC(NC(=O)C(CC(N)=O)NC(=O)C(N)Cc1ccccc1)C(=O)NC(CCCCN)C(=O)O,2
COC(=O)C(Cc1ccccc1)N(C(=O)C(N)CC(=O)O)C(=O)C1CCCCN1,2
CCC(C)C(NC(=O)C(N)Cc1ccccc1)C(=O)NC(CC(=O)O)C(=O)NC(CC(C)C)C(=O)O,2
CC1(C)CC1(C(=O)O)S(=O)(=O)c1ccc(O)cc1,2
CC1(C)CCC2(C(=O)O)C(O)CC3(C)C(=CCC4C5(C)CCC(OC6OC(C(=O)O)C(O)C(O)C6O)C(C)(CO)C5CCC43C)C2C1,2
CC1CCC2(O1)OC(CCO)CC(O)C2O,2
CC1(C)CCC2(C(=O)OC3OC(CO)C(O)C(O)C3O)CCC3(C)C(=CCC4C5(C)CCC(OC6OC(CO)C(O)C(O)C6OC6OC(C(=O)O)C(O)C(O)C6O)C(C)(C)C5CCC43C)C2C1,2
OCC1OC(OC2C(O)C(O)OC(CO)C2O)C(O)C(O)C1O,2
CC(C)CC(NC(=O)C(CC(=O)O)NC(=O)C(C)NC(=O)C(N)Cc1ccccc1)C(=O)O,2
CCCCC(CO)OC1OC(CO)C(O)C(O)C1O,2
O=c1c(-c2ccc(O)c(O)c2)coc2c(OC3OC(CO)C(O)C(O)C3O)c(O)cc(O)c12,2
Cc1ccccc1C(N=Nc1ccccc1)=NNc1ccccc1,2
Cc1cnc2ccccc2n1,4
OC1COC(COC2OCC(O)C(O)C2O)C(O)C1O,2
O=[N+]([O-])C(CCO)[N+](=O)[O-],1
CC1(C(=O)O)C=C2C3CCC4C5(CO)CCC(OC6OC(C(=O)O)C(O)C(O)C6OC6OC(C(=O)O)C(O)C(O)C6O)C(C)(C)C5CCC4(C)C3(C)CCC2(C)CC1,2
O=C(O)CCC(=O)NNc1ccc([N+](=O)[O-])cc1,4
COC(=O)C1(C)C(OC2OC(C(=O)O)C(O)C(OC3OCC(O)C(O)C3OC3OCC(O)C(O)C3O)C2OC2OC(CO)C(O)C(O)C2O)CCC2(C)C1CCC1(C)C2CC=C2C3CC(C)(C)CC(O)C3(CO)C(O)CC21C,2
CCCCN(CCCC)CCN1C(=O)c2ccccc2S1(=O)=O,0
C=C(C)CCCC(C)CO,4
NCCCCC(NC(=O)C(Cc1ccccc1)NC(=O)C(N)CC(=O)O)C(=O)O,2
S=C1NNC(c2ccccc2)S1,1
CCOC(=O)c1nc(C=O)c(N)[nH]c1=O,1
COC(=O)C(Cc1ccccc1)NC(=O)C(CC(=O)O)NC(=O)C(C)(C)N,2
COc1ccc(C2CC(=O)c3c(O)cc(OC4OC(COC5OC(C)C(O)C(O)C5O)C(COCC5OC(CO)C(O)C(O)C5O)C(O)C4O)cc3O2)cc1O,2
CC1(C)CCC2(C(=O)OC3OC(CO)C(O)C(O)C3O)CCC3(C)C(=CC(=O)C4C5(C)CCC(OC6OC(C(=O)O)C(O)C(O)C6OC(CC(O)C(=O)O)OCC(=O)O)C(C)(C)C5CCC43C)C2C1,2
O=c1c2cc(O)c(O)cc2oc2c(C3OC(CO)C(O)C(O)C3O)c(O)cc(O)c12,0
O=C(CO)C(=O)C(O)C(O)CO,2
CC1CCC2(C(=O)O)CCC3(C(=O)O)C(=CCC4C5(C)CCC(O)C(C)(C)C5CCC43C)C2C1C,0
CC(=O)NCCC([N+](=O)[O-])[N+](=O)[O-],1
O=[N+]([O-])OCCC([N+](=O)[O-])[N+](=O)[O-],1
COc1c(OC2OC(C(=O)O)C(O)C(O)C2O)cc(O)c2c(=O)cc(-c3ccccc3)oc12,0
CC(C)CC(NC(=O)C(N)Cc1ccccc1)C(=O)NC(CCCCN)C(=O)NC(CC(N)=O)C(=O)O,2
CC1OC(OC(CO)C(O)C(O)CO)C(O)C(O)C1O,2
C=C1C(=O)OC2C=C(CO)CCC=C(C)CC(O)C12,0
OCC1OC(OC2C(CO)OC(O)(CO)C2O)C(O)C(O)C1O,2
COC(=O)C(Cc1ccccc1)N1CCNC(CC(=O)O)C1=O,2
CC=NO,2
CCCCOC(=O)C1OC(OC2CCC3(C)C(CCC4(C)C3CC=C3C5CC(C)(C)CCC5(C(=O)O)CCC34C)C2(C)C)C(OC2OCC(O)C(O)C2O)C(O)C1O,2
COc1cc(-c2cc(=O)c3c(O)cc(OC4OC(COC(C)=O)C(O)C(O)C4OC4OC(CO)C(O)C(O)C4O)cc3o2)ccc1O,2
CCOP(=O)(O)OCC1OC(n2cnc3c(N)ncnc32)C(O)C1O,2
Cc1cc(C(C)(C)C)c(O)c(C(C)(C)C)c1,4
CC1(C)CCC2(C(=O)O)CCC3(C)C(=CCC4C5(C)CC(O)C(OC6OC(C(=O)O)C(O)C(OC7OC(CO)C(O)C(OC8OC(CO)C(O)C(O)C8O)C7O)C6O)C(C)(C)C5CCC43C)C2C1,2
CCC(=O)OCC(CC)NC(=O)C(N)CC(=O)O,2
CCC(C)C(N)C(=O)NC(CCCCN)C(=O)NC(Cc1ccccc1)C(=O)NC(CC(N)=O)C(=O)O,2
Cc1cc(C)c(C)cc1C,2
CCC(C)C(NC(=O)C(N)CC(=O)O)C(=O)NC(CCCCN)C(=O)NC(Cc1ccccc1)C(=O)O,2
CC(C)=CCC1=C(O)C(CC=C(C)C)(CC=C(C)C)C(=O)C(C(=O)C(C)C)=C1O,0
CC(CCC(=O)C(C)C1CCC2C3CC(=O)C4CC(OC5OC(CO)C(O)C(O)C5O)CCC4(C)C3CCC12C)COC1OC(CO)C(O)C(O)C1O,2
O=C(c1ccc(O)c(O)c1)c1c(O)cc(O)c(OC2OC(CO)C(O)C(O)C2O)c1O,2
Cc1nccnc1CC(C)C,4
CC1(C)CCC2(C(=O)O)CCC3(C)C(=CCC4C5(C)CCC(OC6OC(CO)C(O)C(O)C6O)C(C)(C)C5CCC43C)C2C1,0
CC(NC(=O)C(N)CCCCN)C(=O)NC(Cc1ccccc1)C(=O)O,2
Cc1c(Br)cc(Br)c(O)c(=O)c1Br,1
CCOC(=O)C1NC1C(=O)NC(Cc1ccccc1)C(=O)NCCCOC,2
CCCC1OCC(O)C(C(O)C(C)O)O1,2
COC1(C)CC(O)C(O)C(CO)O1,2
CCOP(=O)(O)OP(=O)(O)OCC1OC(n2cnc3c(N)ncnc32)C(O)C1OP(=O)(O)O,2
CC(=CCCC(C)C1CCC2(C)C3CC=C4C(CCC(OC5OC(CO)C(O)C(O)C5O)C4(C)C)C3(C)C(O)CC12C)COC1OC(COC2OC(CO)C(O)C(O)C2O)C(O)C(O)C1O,2
CCCCC1OC(OC)CC(O)C1O,2
CC(=O)NC(CC(=O)NC(Cc1ccccc1)C(=O)O)C(=O)O,2
CCCOc1ccc(C#N)cc1N,2
CC(NC(=O)C(CO)NC(=O)C(N)Cc1ccccc1)C(=O)NC(CC(N)=O)C(=O)O,2
COc1c(OC2OC(CO)C(O)C(O)C2OC2OC(C)C(O)C(O)C2O)cc2oc(-c3ccc(O)c(O)c3)cc(=O)c2c1O,2
CC1=CCC(C(C)(C)OC=O)CC1,0
NCCCCC(N)C(=O)NC(CO)C(=O)NC(CC(=O)O)C(=O)NC(Cc1ccccc1)C(=O)O,2
COC(=O)C(Cc1ccccc1)NC(=O)CNC(=O)CNC(=O)OC(C)(C)C,2
CC(=O)C(C)O,2
C=CCCCOC(C)=O,4
CC(C)(OC1OC(CO)C(O)C(O)C1O)C1Oc2ccc3ccc(=O)oc3c2C1O,0
CC(C)CCOc1ccc([N+](=O)[O-])cc1N,2
CCC(C)C(N)C(=O)NC(CC(=O)O)C(=O)NCC(=O)NC(Cc1ccccc1)C(=O)O,2
COC(=O)c1ccc(O)c([N+](=O)[O-])c1,1
C=C=CC(C)C(=O)OCC,2
O=C(O)/C=C\Cl,1
CC(O)C(N)C(=O)NC(CC(N)=O)C(=O)NC(CC(=O)O)C(=O)NC(Cc1ccccc1)C(=O)O,2
CCC=CCCC1(C)CCC(=O)O1,4
COc1cc(C=CC(=O)c2ccc(OC3OC(CO)C(O)C(O)C3O)c(OC)c2O)ccc1O,2
O=c1cc(-c2ccc(O)c(O)c2)oc2cc(O)c(C3OC(CO)C(O)C(O)C3OC3OC(CO)C(O)C(O)C3O)c(O)c12,2
COCC1OC(OC2C(COC)OC(OC)C(OC)C2OC)C(OC)C(OC)C1OC,4
O=c1cc(-c2ccc(O)c(O)c2)oc2cc(OC3OCC(O)C(O)C3O)c(O)c(O)c12,2
CCCCC(NC(=O)C(N)CC(=O)O)C(=O)OC,2
CCP(=O)(O)CC,1
C=C1CC23CCC4C(C)(C(=O)OC5OC(CO)C(O)C(O)C5O)CCCC4(C)C2CCC1(OC1OC(CO)C(O)C(OC2OC(CO)C(O)C(O)C2O)C1OC1OC(CO)C(O)C(OC2OC(CO)C(O)C(O)C2O)C1O)C3,2
C[CH][CH][CH][CH]C(=O)NC(Cc1ccccc1)C(=O)OC,2
CCCOc1ccc(NC(=O)N(C)C)cc1,2
Cc1c(O)[nH]c(=O)[nH]c1=O,1
COC1C(COP(=O)(O)OP(=O)(O)O)OC(n2cnc3c(N)ncnc32)C1O,2
CCCCC/C=C\CCCCCCCC/C=C/C=C/C(=O)N1CCCC1,4
COCC1OC(n2cnc3c(N)ncnc32)C(O)C1OP(=O)(O)OP(=O)(O)O,2
CCOC(=O)CCc1ccccc1,4
COc1cc(-c2oc3cc(O)cc(O)c3c(=O)c2OC2OC(C)C(O)C(O)C2OC2OC(CO)C(O)C(O)C2O)ccc1O,2
CC1(C(=O)O)CCC2(C)CCC3C(=CC(=O)C4C3CCC3C(C)(C)C(OC5OC(C(=O)O)C(OC6OC(C(=O)O)C(O)C(O)C6O)C(O)C5O)CCC43C)C2C1,2
O=C(O)c1cc[nH]n1,1
OCC(CO)OC1OC(CO)C(OC2(CO)OC(CO)C(O)C2O)C(O)C1O,2
COC1C(CO)OC(n2cnc3c(N)ncnc32)C1OP(=O)(O)O,2
COc1c(O)cc2occ(-c3ccc(OC4OC(COC5OC(CO)C(O)C(O)C5O)C(O)C(O)C4O)cc3)c(=O)c2c1O,2
CC(N)C(=O)NC(CC(=O)O)C(=O)NC(Cc1ccccc1)C(=O)NCC(=O)O,2
CC1=CC23CCC4C(C)(C(=O)O)CCCC4(C)C2CCC1(OC1OC(CO)C(O)C(OC2OC(CO)C(O)C(O)C2O)C1OC1OC(CO)C(O)C(O)C1O)C3,2
CCC(C)C(NC(=O)C(N)CC(N)=O)C(=O)NC(CCCCN)C(=O)NC(Cc1ccccc1)C(=O)O,2
CCOC(=O)CC(SP(=S)(OC)OC)C(=O)OCC,0
O=C(O)CN(CC(=O)O)c1ccc(N(CC(=O)O)CC(=O)O)cc1,1
CCCCOC(=O)C1OC(OC2CCC3(C)C(CCC4(C)C3C(=O)C=C3C5CC(C)(C(=O)O)CCC5(C)CCC34C)C2(C)C)C(OC2OC(C(=O)OC)C(O)C(O)C2O)C(O)C1O,2
NCCNP(=O)(O)OCC1OC(n2cnc3c(N)ncnc32)C(O)C1O,2
OCC(O)C(OC1OC(CO)C(O)C(O)C1O)C(O)CO,2
O=[N+]([O-])C(I)[N+](=O)[O-],1
CCC(C)OC1OC(C)C(O)C(O)C1OC1OC(C)C(O)C(O)C1O,2
OCC(O)C(O)C(O)(F)C(O)CO,2
CC(CC([N+](=O)[O-])[N+](=O)[O-])[N+](=O)[O-],1
COc1ccc(C2Cc3cc(O)cc(O)c3C(=O)O2)cc1O,2
OCC1OC(O)C(O)C(O)(O)C1O,2
CC(=O)OC12CCCC(C)(CCC3C1CC3(C)C)C2,4
COc1cc2c(cc1OC)C1c3ccc(O)c(OC)c3OCC1(O)C2,4
CCCCOC1C(OC)OC(CO)C(O)C1OCCCC,2
NCCCCC(NC(=O)C(CC(N)=O)NC(=O)C(N)Cc1ccccc1)C(=O)O,2
CC(C)(O)Cc1ccccc1,0
C=C(O)C1OC(OC2CCC3(C)C(CCC4(C)C3C(=O)C=C3C5CC(C)(C(=O)O)CCC5(C)CCC34C)C2(C)C)C(OC2OC(C(=O)O)C(O)C(O)C2O)C(O)C1O,2
S=c1[nH]c2ccccc2o1,1
SCCS,4
OCC(O)C1OC(OCC2OC(O)C(O)C(O)C2O)C(O)C(O)C1O,2
CC(=O)OC1CC2(C)C(=CCC3C4(C)CCC(OC5OC(C(=O)O)C(O)C(O)C5O)C(C)(C)C4CCC32C)C2CC(C)(C)CC(O)C12COC1OC(C)C(O)C(O)C1O,2
CC(CNC(=O)C(N)CC(=O)O)C(=O)OC1CCCCC1,2
CC1(C)OC1C1CC(C2CCC3(C)C4=CCC5C(C)(C)C(=O)CCC5(C)C4CCC23C)C(O)O1,0
COC(=O)CNC(=O)C(Cc1ccccc1)N1C(=O)CC1C(=O)NC(Cc1ccccc1)C(=O)OC,2
O=Cc1cc([N+](=O)[O-])ccc1O,1
CC1OC(OC2C(OC3C(O)C(OC4CCC5(C)C(CCC6(C)C5CC=C5C7CC(C)(C)CCC7(C(=O)OC7OC(CO)C(O)C(O)C7O)CCC56C)C4(C)C)OC(C(=O)O)C3O)OC(CO)C(O)C2O)C(O)C(O)C1O,2
OCC1OC(OC2C(CO)OC(F)C(F)C2O)C(O)C(O)C1O,2
OCC1OC(OC2(CCl)OC(CO)C(O)C2O)C(O)C(O)C1O,2
O=C1C[C@@H](C(=O)O)[C@H](C(=O)O)O1,1
O=Cc1c[nH]nn1,1
CC(NC(=O)CNC(=O)C(Cc1ccccc1)NC(=O)C(N)CC(=O)O)C(=O)O,2
COCC1OC(OC)C(OC)C(O)C1OC,2
Nc1ncnc2c1ncn2C1OC(COP(=O)(O)O[P+](=O)[O-])C(O)C1O,2
C#C/C=C/C(=O)O,1
CC(N)C(=O)NC(CC(=O)O)C(=O)NC(Cc1ccccc1)C(=O)NC(CCC(N)=O)C(=O)O,2
OCC1OC(CO)(OCC2OC(O)C(O)C(O)C2O)C(O)C1O,2
COC1OC(CO)C(O)C(O)C1OC1OC(C)C(O)C(OC2OC(C)C(O)C(O)C2O)C1O,2
OCC(O)C1OC(OC2(O)OC(CO)C(O)C(O)C2O)C(O)C1O,2
COCC1OC(OC2C(COC)OC(O)C(OC)C2O)C(OC)C(O)C1O,2
CC=CC(=O)CC,4
COC(CO)COC1OC(CO)C(O)C(O)C1O,2
Nc1ccccc1C(=O)OC1CCCCC1,4
COC(=O)C(Cc1ccccc1)NC(=O)C(C)CC(=O)O,2
CC1(C)OC2CC(=O)OCC23C1C(=O)C(O)C1(C)C3CCC2(C)C(c3ccoc3)OC(=O)C3OC321,0
Cn1c(=O)[nH]c(=O)c2ncc(=O)[nH]c21,1
COc1ccc([N+](=O)[O-])cc1N.[Cl-].[H+],2
CCCCCCCCCCCOc1ccc(NC(N)=O)cc1,2
O=C(O)c1ccc2c(c1)OCO2,0
CNc1ccn([C@@H]2O[C@H](CO)[C@@H](O)[C@H]2O)c(=O)n1,1
C=C1CC23CCC4C(C)(C(=O)OC5OC(CO)C(O)C(C)C5OC5OC(CO)C(O)C(O)C5O)CCCC4(C)C2CCC1(OC1OC(CO)C(O)C(OC2OC(CO)C(O)C(O)C2O)C1OC1OC(CO)C(C)C(O)C1O)C3,2
COc1cc(O)c2c(=O)c(OC3OC(CO)C(O)C(O)C3O)c(-c3ccc(OC4OC(CO)C(O)C(O)C4O)c(O)c3)oc2c1,2
CCCOC1OC(C)C(OC2OC(COC)C(O)C(OC)C2O)C(OC)C1OC,2
OCC1OCC(O)(O)C(O)C1O,2
CC1(C)CCC2(C(=O)OC3OC(CO)C(O)C(O)C3O)CCC3(C)C(=CCC4C5(C)CCC(OC6OC(C(=O)O)C(O)C7OC(O)(C(=O)O)C(OCC(=O)O)OC67)C(C)(C)C5CCC43C)C2C1,2
COCC1=CCC(C=NO)=CC1,2
CCC(C)(C)C(=O)O,1
COC(=O)CC(C)S,4
COC1OC(CO)C(O)C(OC(C)=O)C1OC(C)=O,2
O=C(O)c1nc2ccccc2nc1O,1
OCC1OC2(COC3(CO2)OC(CO)C(O)C3O)C(O)C1O,2
CC/C=C\C(=O)O,1
O=CC(O)C(O)C(O)C(O)C(O)CO,2
COc1ccc(-c2cc(=O)c3c(O)cc(OC4OC(CO)C(O)C4O)cc3o2)cc1O,2
CCCCO,2
CC1OC(OC2C(OC3C(OC4CCC5(C)C(CCC6(C)C5CC=C5C7CC(C)(C(=O)O)C(O)C(O)C7(C)CCC56C)C4(C)C)OC(C(=O)O)C(O)C3O)OC(CO)C(O)C2O)C(O)C(O)C1O,2
COc1cc(C(C)=O)ccc1O,2
CC1OC(OC2C(=O)c3c(O)cc(O)cc3OC2c2cc(O)c(O)c(O)c2)C(O)C(O)C1O,2
CC(O)C1OCOC(CO)C1O,2
COC(=O)C(Cc1ccccc1)NC(=O)C(CC(=O)O)NC(=O)Cc1ccccc1,2
CC(C)(S)CCO,2
CCCCOC(=O)C(Cc1ccccc1)NC(=O)C(N)CC(=O)O,2
NC(=O)CC(N)C(=O)NC(Cc1ccccc1)C(=O)O,2
Cc1nccc2c1[nH]c1ccccc12,0
CCCCCCCCCCCC(=O)OCCOCC(OCCO)C1OCC(OCCO)C1OCCO,0
COc1cc(O)c2c(=O)c(OC3OC(COC4OC(C)C(O)C(O)C4O)C(O)C(O)C3O)c(-c3ccc(O)c(O)c3)oc2c1,2
COc1ccc(C(=O)Oc2ccccc2)cc1O,2
COCCCNC(=O)C(Cc1ccccc1)NC(=O)C1NC1C(=O)O,2
COc1ccc(C2Oc3cc(OCCO)cc(O)c3C(=O)C2OC2OC(COC3OC(C)C(O)C(O)C3O)C(O)C(O)C2O)cc1O,2
OCC1OC(OC2OC(CO)C(O)C(OO)C2O)C(O)C(O)C1O,2
Oc1ccc(O)nn1,1
CCCCC=CCC(=O)O,4
OCC1OC(O)(OC2C(CO)OC(O)C(O)C2O)C(O)C(O)C1O,2
CCCCC=C(C=O)CC,4
CCCCCC(CO)C(C)=O,2
CC1(C)CCC2(C(=O)OC3OC(CO)C(OC4OC(C(=O)O)C(O)C(O)C4O)C(O)C3O)CCC3(C)C(=CCC4C5(C)CCC(O)C(C)(CO)C5CCC43C)C2C1,2
COc1nc2c(N)ncnc2n1C1OC(COP(N)O)C(O)C1O,2
NCCCCC(NC(=O)C(Cc1ccccc1)NC(=O)CNC(=O)C(N)CC(=O)O)C(=O)O,2
CC(N)C(=O)NC(C)C(=O)NC(CCC(N)=O)C(=O)NC(Cc1ccccc1)C(=O)O,2
CCCCCC(O)C(O)C=CC(O)CCCCCCCC(=O)O,0
C=CCOC(=O)CCCCC,2
O=C(O)c1ccc(I)cc1O,1
CC(=O)C(=O)C(O)C(O)CO,2
Nc1ncc(C(=O)O)c(N)n1,1
O=C1CC(c2ccc(O)c(O)c2)Oc2cc(OC3OC(CO)C(O)C(O)C3OC3OC(CO)C(O)C(O)C3O)cc(O)c21,2
CCC(C)C(N)C(=O)NC(CC(N)=O)C(=O)NC(C(=O)NC(Cc1ccccc1)C(=O)O)C(C)C,2
NC(=O)C(Cc1ccccc1)NC(=O)C(N)CC(=O)OC1CCCCC1,2
CC1OC(OC2C(O)C(OC3C(O)CC4(C)C(CCC5(C)C4CC=C4C6CC(C)(C)CCC6(C(=O)OC6OC(CO)C(O)C(O)C6O)CCC45C)C3(C)CO)OC(C(=O)O)C2O)C(O)C(O)C1O,2
COC(=O)C(O)CC(C)C,2
CCOC(=O)CCCSC(C)=O,4
NCCOP(=O)(O)O,1
COc1cc(-c2cc(=O)c3c(OC4OC(CO)C(O)C(O)C4O)cc(O)cc3o2)cc(OC)c1O,2
CC1(C)CCC2(C)C(=O)C(O)C3(C)C(=CCC4C5(C)CCC(OC6OC(C(=O)O)C(O)C(O)C6O)C(C)(C)C5CCC43C)C2C1,2
CC(O)C(O)C(O)C(OCCO)Oc1ccc(C(=O)C=Cc2ccc3c(c2)OCCO3)c(O)c1,2
CCC(C)C(NC(=O)C(N)Cc1ccccc1)C(=O)NC(C(=O)NC(CC(N)=O)C(=O)O)C(C)CC,2
NCCCCC(NC(=O)C(CC(=O)O)NC(=O)C(N)Cc1ccccc1)C(=O)NC(Cc1ccccc1)C(=O)O,2
CC1OC(OC2C(OC3C(OC4CCC5(C)C(CCC6(C)C5CC=C5C7CC(C)(COC8OC(CO)C(O)C(O)C8O)CC(=O)C7(C)CCC56C)C4(C)CO)OC(C(=O)O)C(O)C3O)OC(CO)C(O)C2O)C(O)C(O)C1O,2
COc1c(-c2ccc(O)c(O)c2)oc2cc(OC3OC(CO)C(O)C(O)C3O)cc(OC)c2c1=O,2
CCCCOC(=O)C1OC(OC2CCC3(C)C(CCC4(C)C3CC=C3C5CC(C)(C(=O)O)CC(=O)C5(C)CCC34C)C2(C)C)C(O)C(O)C1O,2
CCCC(CCC)(C(=O)O)C(=O)O,1
CCC(C)C(NC(=O)C(N)CC(=O)O)C(=O)NC(CCC(N)=O)C(=O)NC(Cc1ccccc1)C(=O)O,2
CCCCOCC1OC(OC)C(O)C(O)C1O,2
CC1OC(OC2C(c3c(O)cc4oc(-c5ccc(O)c(O)c5)cc(=O)c4c3O)OC(C)C(O)C2O)C(O)C(O)C1O,2
CCC(C)C(CC(O)CC(=O)OC(CC(O)CC(=O)OC1C(O)C(C)OC(OC(=O)C23CCC(C)(C)CC2C2=CCC4C5(C)CCC(OC6OC(C(=O)O)C(O)C(OC)C6OC)C(C)(C=O)C5CCC4(C)C2(C)CC3O)C1OC)C(C)CC)OC,2
Cc1cc(C)c(C)c(C(=O)O)c1,1
CCCC(CCC)(C(=O)O)S(=O)(=O)c1ccccc1,4
NCC(=O)NC(CC(=O)O)C(=O)NC(CCCN=C(N)N)C(=O)NC(Cc1ccccc1)C(=O)O,2
O=C(O)CNC(=Nc1ccc2nonc2c1)NC1CCCCCCC1,2
CCCCCC(CC)OC=O,4
NC(CC(=O)O)C(=O)NC(CC(=O)O)C(=O)NC(Cc1ccccc1)C(=O)NC(CCC(=O)O)C(=O)O,2
Cc1ccc(O)cc1C,4
COC1OC(COC(C)=O)C(O)C(O)C1OC(C)=O,2
Cc1c([N+](=O)[O-])c(C)c([N+](=O)[O-])c(C(C)(C)C)c1[N+](=O)[O-],4
CC1OC(Oc2c(-c3ccc(O)c(O)c3)oc3cc(OC4OCC(O)C(O)C4O)cc(O)c3c2=O)C(O)C(O)C1O,2
COc1cc(O)c2c(=O)c(OC3OCC(O)C(O)C3O)c(-c3ccc(OC)c(OC)c3)oc2c1,2
CC1(C)CCC2(C(=O)O)CCC3(C)C(=CCC4C5(C)CC(O)C(OC6OC(C(=O)O)C(O)C(OC7OC(CO)C(O)C(O)C7O)C6O)C(C)(C)C5CCC43C)C2C1,2
COc1nccnc1CC(C)C,4
OCC1OC(OC2(CO[Si](O)(O)O)OC(CO)C(O)C2O)C(O)C(O)C1O,2
O=C(OOC(=O)c1ccccc1)c1ccccc1,4
COC(=O)C1OC(OC2CCC3(C)C(CCC4(C)C3CC=C3C5CC(C)(C)CCC5(C(=O)O)CCC34C)C2(C)C)C(OC2OC(C(=O)OO)C(O)C(O)C2O)C(O)C1O,2
CC1=CCOCC1,0
COC(CO)C1OC(OC)C(OC)C1OC,2
OCC1OC(OC2(CCl)OC(CCl)C(O)C2O)C(Cl)C(O)C1Cl,2
CCOC(=O)C(Cl)[N+](=O)[O-],1
C=C(CO)C(=O)OC1CC(=C)C2CC(=O)C(=C)C2C2OC(=O)C(=C)C12,0
Nc1ccccc1C(=O)OCCc1ccccc1,2
Nc1nc(Cl)nc2c1ncn2C1OC(COOOP(=O)(O)OP(=O)(O)O)C(O)C1O,2
CC1=NOC(=O)C1=NNc1ccccc1,1
O=CC(O)C(O)C(O)C(O)COBr,2
COC1OC(COC2OC(CO)C(O)C(O)C2O)C(O)C(O)C1O,2
Nc1ncnc2c1ncn2C1OC(COP(=O)(O)C(P(=O)(O)O)P(=O)(O)O)C(O)C1O,2
C=CC(C)(CCC=C(C)C)OC(=O)CCCCC,4
CCCCCCCCOC(=O)c1ccco1,4
NC(=O)CCC(N)C(=O)NCC(=O)NC(CC(=O)O)C(=O)NC(Cc1ccccc1)C(=O)O,2
CC=CC=CC(=O)O,4
Nc1ncnc2c1ncn2C1OC(COP(=O)(O)O)C(O)([P+](=O)[O-])C1O,2
COC(=O)C(CSC(C)(C)C)NC(=O)C(N)CC(=O)O,2
COC(=O)C(Cc1ccccc1)NC(=O)CNC(C)=O,2
O=C(O)CCC(CCC(=O)O)[N+](=O)[O-],1
C=C(C)CCOC(C)=O,4
COc1cc(-c2oc3cc(OC4OC(CO)C(O)C(O)C4OC4OC(C)C(O)C(O)C4O)cc(O)c3c(=O)c2O)ccc1O,2
CCOC(C)(C)CCc1c(O)cc(OC)c2c1OC(c1ccc(O)cc1)CC2=O,0
COC(=O)CC(C)C,4
CCCCCC=CC=CC(=O)N1CCCCC1,0
OCC(COC1OC(CO)C(O)C(O)C1O)OC1OC(CO)C(O)C(O)C1O,2
Oc1ccc(C2Oc3cc(O)cc(O)c3CC2O)cc1,0
CC(C)C=CC=O,4
CCC(CC(=O)O)(C(=O)O)c1ccccc1,1
CC(N)C(=O)NC(CC(N)=O)C(=O)NC(C(=O)NC(Cc1ccccc1)C(=O)O)C(C)C,2
O=c1[nH]c(=O)c2ncn(Cc3ccccc3)c2[nH]1,1
CC(NC(=O)C(N)Cc1ccccc1)C(=O)NC(CC(=O)O)C(=O)NC(C(=O)O)C(C)C,2
O=[N+]([O-])c1c(O)ccc2ccccc12,1
CC(C)=CCc1c(OC2OC(CO)C(O)C(O)C2O)cc2c(c1O)C(=O)C(O)C(c1ccc(O)c(O)c1)O2,2
CC1OC(OC2C(C)OC(O)C(O)C2O)C(O)C(O)C1O,2
COC(=O)NC(Cc1ccccc1)C(=O)NC(Cc1ccccc1)C(=O)O,2
[N-]=[N+]=Nc1nc(N)c2ncn(C3OC(COP(=O)(O)O)C(OP(=O)(O)O)C3O)c2n1,2
CC(C)(O)CCC(=O)C(C)(O)C1C(O)CC2(C)C3CC=C4C(CC(O)C(=O)C4(C)C)C3(C)C(=O)CC12C,0
CCC(C)C(=O)C1C(OC(=O)C=C(C)CCC=C(C)C)C(C)(C)CC2C3=CCC4C5(C)CCC(OC6OC(C(=O)OC)C(O)C(O)C6OC6OC(CO)C(O)C(O)C6O)C(C)(C)C5CCC4(C)C3(C)C(O)C(O)C21CO,2
O=c1c(O)c(-c2ccc(OC3OC(CO)C(O)C(O)C3O)c(O)c2)oc2cc(O)cc(OC3OC(CO)C(O)C(O)C3O)c12,2
OCC1OC(OCCCOCCCOC2OC(CO)C(O)C(O)C2O)C(O)C(O)C1O,2
NCCCCC(NC(=O)CNC(=O)C(N)CC(=O)O)C(=O)NC(Cc1ccccc1)C(=O)O,2
CC(=O)OC1CC(C)(C)CC2C3=CCC4C5(C)CCC(OC6OC(C(=O)O)C(O)C(O)C6O)C(C)(C)C5CCC4(C)C3(C)CC(O)C12COC1OC(C)C(O)C(O)C1O,2
ON=CC1=COCCC1,2
CC1OC(OC2C(OC3C(OC4CCC5(C)C(CCC6(C)C5CC=C5C7CC(C)(C)CC(O)C7(C)CCC56C)C4(C)C)OC(C(=O)O)C(O)C3O)OC(CO)C(O)C2O)C(O)C(O)C1O,2
CC(=O)C(C)S,4
CCC=CCCCCOC(=O)CC,4
O=C(O)CCCCCCc1ccccc1,1
Oc1c(O)c(Cl)c(Cl)c(Cl)c1Cl,1
CC(=O)OCC1CCCO1,2
COC1OC(C)C(OC)C(O)C1O,2
CCCCCCC(=O)O,1
Oc1c(Cl)cc(Br)cc1Cl,1
C=C1CC23CCC4C(C)(C(=O)O)CCCC4(C)C2CCC1(OC1OC(CO)C(O)C(O)C1OC1OC(CO)C(OC2OC(CO)C(O)C(O)C2O)C(O)C1O)C3,2
O=Cc1cccc(C(=O)O)c1,1
CC(CCCC(=O)O)(N(F)F)N(F)F,1
COC1OC(COCOC(CO)C(O)C(O)C(C)O)C(O)C(O)C1O,2
Nc1ncnc2c1ncn2C1OC(COP(=O)(O)OP(=O)(O)SP(=O)(O)O)C(O)C1O,2
CCCCCCCCCCCC(=O)OCCC(C)C,4
CCC(C)C(NC(=O)C(NC(=O)C(CC(=O)O)NC(=O)C(N)Cc1ccccc1)C(C)C)C(=O)O,2
NC(N)=NCCCC(N)C(=O)NC(CC(=O)O)C(=O)NCC(=O)NC(Cc1ccccc1)C(=O)O,2
COc1ccc(O)c2c(=O)c3c(O)cc(OC4OC(CO)C(O)C(O)C4O)c(OC)c3oc12,2
COC(=O)C(Cc1ccccc1)NC(=O)C(C)(C)NC(=O)C(CC(C)C)NC(=O)C(C)(C)NC(=O)C(N)CC(C)C,2
CC1OC(O)C(O)C(OC2OC(CO)C(O)C(O)C2O)C1O,2
CC(C)C=CC(=O)O,4
[B]P(=O)(OCC1OC(n2cnc3c(N)ncnc32)C(O)C1O)OP(=O)(O)OP(=O)(O)O,2
CC1(C)CCC2(C(=O)O)CCC3(C)C(=CCC4C5(C)CCC(OC6OC(C(=O)O)C(OC7OC(CO)C(O)C(O)C7O)C(O)C6OC6OC(CO)C(O)C(O)C6O)C(C)(C)C5CCC43C)C2C1,2
C=CCCCCCCCCC(=O)OC,4
CC(C)NC(=S)S,1
CC(=O)[O-].Cn1c(=O)c2[nH]cnc2n(C)c1=O.[Na+],0
COc1ccc(C=CC(=O)c2ccc(O)c(OC3OC(COC(C)=O)C(O)C(O)C3O)c2O)cc1O,2
OCC1OC(O)C(O)C(O)C1OC1OC(COCCF)C(O)C(O)C1O,2
CC1OC(c2c(O)cc3oc(-c4ccc(OC5OC(CO)C(O)C(O)C5O)c(O)c4)cc(=O)c3c2O)CC(O)C1O,2
COc1cc(O)c2c(c1)OC(c1ccc(O)c(O)c1)CC2=O,0
COCC1CC=C(C)CC1,2
COC(=O)C(C)C,4
CC(=O)OCCNC(=O)C(N)CC(=O)O,2
CCCC=CCOC(C)=O,2
CC(N)C(=O)NCC(=O)NC(Cc1ccccc1)C(=O)O,2
Cc1nnc(N)n(C)c1=O,1
COc1ccc(C2CC(=O)c3c(O)cc(OC4OC(COC5OC(C)C(O)C(O)C5O)C(O)C(O)C4O)cc3O2)cc1,4
Nc1nc(F)nc2c1ncn2CC1OC(COP(=O)(O)O)C(O)C1O,2
C[C@@]1(C(=O)O)C[C@]1(Cl)C(=O)O,1
COc1ccc(C2CC(=O)c3ccc(OC4OC(COC5OC(C)C(O)C(O)C5O)C(O)C(O)C4O)cc3O2)cc1O,2
CC1=CCC(C(C)(C)OC(=O)c2ccccc2N)CC1,0
CC1=CCC2(C)CCC(C(C)C)C2(O)CC1,4
Cc1nc(N)c2ncn(C3OC4COP(=O)(O)OC4C3O)c2n1,2
CC(NC(=O)C(CC(=O)O)NC(=O)C(N)C(C)C)C(=O)NC(Cc1ccccc1)C(=O)O,2
C[Si](C)(C)OC1C(O)OC(CO)C(O)C1O,2
CC(O)C(CO)OC(OC1OC(CO)CC(O)C1O)C(O)CO,2
CC(C)(O)CCc1ccccc1,4
OCC1OC(OC2(C(I)OI)OC(CO)C(O)C2O)C(O)C(O)C1O,2
COc1nc(N)c2ncn(C3CC(O)C(COP(=O)(O)OP(=O)(O)OP(=O)(O)O)O3)c2n1,2
CCCOC1C(O)OC(CO)C(O)C1O,2
COc1c(-c2ccc(O)c(O)c2)oc2cc(OC3OC(CO)C(OC4OC(CO)C(O)C(O)C4O)C(O)C3O)cc(O)c2c1=O,2
CC1OC(OC2C(CO)OC(Oc3cc(O)c4c(=O)cc(-c5ccc(O)c(O)c5)oc4c3)C(O)C2O)C(O)C(O)C1O,2
CCC(C)C(N)C(=O)NC(CC(=O)O)C(=O)NC(CC(C)C)C(=O)NC(Cc1ccccc1)C(=O)O,2
CC(C)C(N)C(=O)NC(C(=O)NC(Cc1ccccc1)C(=O)O)C(C)C,2
CCC(C)C(NC(=O)C(CC(=O)O)NC(=O)C(Cc1ccccc1)NC(=O)C(C)N)C(=O)O,2
COC(=O)C(Cc1ccccc1)NC(=O)C(CC(C)C)NC(=O)C(CCC(N)=O)NC=O,2
C=CC(C)(CCC=C(C)C)OC(=O)c1ccccc1,4
Nc1ncnc2c1ncn2C1OC(CO)C(OF)C1O,2
COC(=O)CCC([N+](=O)[O-])[N+](=O)[O-],1
NOC(OP(=O)(O)OP(=O)(O)OP(=O)(O)O)C1OC(n2cnc3c(N)ncnc32)C(O)C1O,2
CC(C)O[P+]([O-])(O)OCC1OC(n2cnc3c(N)ncnc32)C(O)C1O,2
NC(=O)CC(N)C(=O)NCC(=O)NC(Cc1ccccc1)C(=O)O,2
OCC1OC(OCC2OC(O)C(O)C(O)C2F)C(O)C(O)C1O,2
CCON=O,4
OCC1OC(OCCOCCOCCOC2OC(CO)C(O)C(O)C2O)C(O)C(O)C1O,2
OCC(O)C(O)C(O)C(O)COF,2
CC1CCC2(NC1)OC1CC3C4CC=C5CC(OC6OC(CO)C(O)C(OC7OC(CO)C(O)C(O)C7O)C6OC6OC(C)C(O)C(O)C6O)CCC5(C)C4CCC3(C)C1C2C,0
CC(NC(=O)C(CC(=O)O)NC(=O)C(Cc1ccccc1)NC(=O)C(N)C(C)C)C(=O)O,2
CSc1cnccn1,4
CCCOC1OC(C)C(O)C(OC2OC(C)C(O)C(O)C2O)C1O,2
CC1OC(OC2(CO)CC(O)C(CO)O2)C(O)C(O)C1O,2
NOCCOCCNc1ncnc2c1ncn2C1OC(COP(=O)(O)O)C(O)C1O,2
OCC1OC(OC2C(O)CC(O)OC2CO)C(O)C(O)C1O,2
COc1cc(-c2oc3cc(O)cc(O)c3c(=O)c2OC2OC(CO)C(O)C(O)C2O)ccc1OC1OC(CO)C(O)C(O)C1O,2
CC(O)C(N)C(=O)NC(CC(=O)O)C(=O)NC(CCCCN)C(=O)NC(Cc1ccccc1)C(=O)O,2
C=C1C(=O)OC2CC(C)=CCCC3(C)OC3C(OC(C)=O)C12,0
N#Cc1ccc(NC(=O)NCCC(=O)O)cc1,2
COC(=O)CC(N)C(=O)NCCc1ccccc1,2
COC(=O)C(C)NC(=O)C(N)Cc1ccccc1,2
CNC(=O)C(NC(=O)C(CCCc1ccccc1)CC(=O)O)C(C)C,2
CCCCOc1ccc(NC(=O)Nc2ccc(OCCCC)cc2)cc1,2
CCCC(C)(C)O,4
CCNc1nc2c(N)ncnc2n1C1OC(COP(=O)(O)OP(=O)(O)O)C(O)C1O,2
CCC=CCCOC(=O)C(C)CC,2
CO[C@H]1CC[C@H](C(=O)O)CC1,1
CC(C)CC(NC(=O)C(CC(=O)O)NC(=O)C(CC(C)C)NC(=O)C(N)Cc1ccccc1)C(=O)O,2
N#CCCOP(=O)(O)OCC1OC(n2cnc3c(N)ncnc32)C(O)C1O,2
CC(NC(=Nc1cccc([N+](=O)[O-])c1)NCC(=O)O)c1ccccc1,2
CC(NCC(=O)O)C(=O)O,3
O=C1CCCC2C3CC(CN12)C1CC(O)CCN1C3,0
C=CCSC(=O)CCCCC,4
O=C(O)c1ccc(C(=O)O)c(C(=O)O)c1,1
CC(C)OP(=O)(O)OC1C(CO)OC(n2cnc3c(N)ncnc32)C1O,2
CC(=O)OC1C(OC2OCC(O)C(O)C2O)C(OC2CCC3(C)C(CCC4(C)C3CC=C3C5CC(C)(C)CCC5(C(=O)OC5OC(CO)C(O)C(O)C5O)CCC34C)C2(C)C)OC(C(=O)O)C1OC1OCC(O)C(O)C1O,2
COC1(CCC(C)COC2OC(CO)C(O)C(O)C2O)OC2CC3C4CC=C5CC(OC6OC(CO)C(OC7OC(C)C(O)C(O)C7O)C(O)C6OC6OC(C)C(O)C(O)C6O)CCC5(C)C4CCC3(C)C2C1C,0
CCC(C)C1=C2C(=O)C3CC(C(C)(C)O)C4(O)CC(C(C)(C)O1)C2(O)C34O,0
CCCC(=O)CC(=O)NC1CCOC1=O,0
Nc1ncnc2c1ncn2C1OC(COP(=O)(O)OP(=O)(O)OC2OC(CO)C(O)C2O)C(O)C1OP(=O)(O)O,4
COc1cc(-c2cc(=O)c3c(O)cc(OC4OCC(O)C(O)C4O)cc3o2)cc(OC)c1O,2
CC(N)C(=O)NC(C(=O)NC(Cc1ccccc1)C(=O)O)C(C)C,2
NCCCCC(NC(=O)C(N)CC(=O)O)C(=O)NC(CC(=O)O)C(=O)NC(Cc1ccccc1)C(=O)O,2
COC(=O)C(CC(=O)CNC(=O)Nc1ccc(C#N)cc1)Cc1ccccc1,2
CC1OC(Oc2cc(-c3oc4cc(O)cc(O)c4c(=O)c3OC3OC(C)C(O)C(O)C3O)ccc2O)C(O)C(O)C1O,2
O=C1NS(=O)(=O)c2ccccc21.[F-].[Na+],2
CCOC(=O)c1ccc([N+](=O)[O-])c(O)c1,1
O=NN(CC(=O)O)CC(=O)O,1
CC(C)c1ccc(S(=O)(=O)C(C(=O)O)C(C)C)cc1,4
C=CC(=O)OCC(C)NC(=O)C(N)CC(=O)O,2
O=C1c2c(O)cc(OC3OC(CO)C(O)C(O)C3O)cc2OC(c2ccc(OC3OC(CO)C(O)C(O)C3O)c(O)c2)C1O,2
COC1(C)CC(O)OC(C)C1O,2
COC(=O)CCCCC(=O)OC,4
CC(C)C(NC(=O)C(CC(=O)O)NC(=O)C(Cc1ccccc1)NC(=O)C(N)CCCCN)C(=O)O,2
C=C1C(=O)OC2CC3(C)CCCC(=C)C3CC12,4
CC(=O)OC1CC(C)=C2C(C=C(C)C(=O)O)CCC(C)C21,4
COc1ccc(C=CC(=O)c2c(OC)cc3c(c2O)CCC(C)(C)O3)cc1,0
CC(C)C(NC(=O)C(CCCCN)NC(=O)C(N)Cc1ccccc1)C(=O)NC(CC(N)=O)C(=O)O,2
Nc1ncn(C2OC(COP(=O)(O)O)C(O)C2O)c2ncnc1-2,2
COc1cc(-c2oc3cc(O)cc(O)c3c(=O)c2OC2OC(C)C(O)C(OC3OC(CO)C(O)C(O)C3O)C2O)ccc1O,2
CC(C)CC(NC(=O)C(N)C(C)C)C(=O)NC(Cc1ccccc1)C(=O)O,2
COc1cc(C)ccc1CNC(=O)C(=O)NCCc1ccccn1,4
CC1=CC(=O)OC1C1(C)CC2OC(=O)CC3C(C)C(=O)C(O)=C1C23CO,0
CCCCCCCCCCCCC/C=C/C=C/C(=O)NCC(C)C,4
O,4
OCC1CCCC(OC2(COC3(CO)CCC(CO)O3)CCC(CO)O2)O1,2
CCC(COC(C)=O)NC(=O)C(N)CC(=O)O,2
COC(=O)Cc1ccc(C(C)(C)C)cc1,4
COC1OC2COC(C)(OC)OC2C(O)C1O,2
O=C1OC(c2cccc(O)c2)Cc2ccccc21,4
OCC(O)C(O)CC(O)C(O)O,2
Nc1ncnc2c1ncn2C1OC(COP(=O)(O)OP(=O)(O)OP(=O)(O)OP(=O)(O)O)C(O)C1O,2
COC(=O)C1OC(OC2CCC3(C)C(CCC4(C)C3CC=C3C5C(C(=O)OC6OC(CO)C(O)C(O)C6O)(CCC(C)C5(C)O)CCC34C)C2(C)CO)C(O)C(O)C1O,2
CC(N)C(=O)NC(CCC(N)=O)C(=O)NCC(=O)NC(Cc1ccccc1)C(=O)O,2
CCC=CCCOC(=O)C(C)=O,4
COc1ccc(S(=O)(=O)CC(=O)O)cc1,1
O=C1NS(=O)(=O)c2cccc(Cl)c21,2
CC(C)(C)CC(C)(C)c1ccc(OCCO)cc1,4
CCCCOc1ccc(N)cc1[N+](=O)[O-],2
CC(C)=CCC1OC(=O)C2C3CCC4C5(C)CCC(OC6OC(COC7OC(C)C(O)C(O)C7O)C(O)C(O)C6O)C(C)(C)C5CCC4(C)C3(C)C(=O)OC12CO,0
Nc1ncnc2c1ncn2C1OC(COP(=O)(O)OP(=O)(O)CCP(=O)(O)O)C(O)C1O,2
CCN1CC2(OC(=O)c3ccccc3NC(C)=O)CCC(OC)C34C1C(CC23)C1(O)CC(OC)C2CC4C1(O)C2OC,0
Cc1cc(=O)c(C(=O)O)c(C)o1,1
COC(=O)C1OC(OC2CCC3(C)C(CCC4(C)C3CC=C3C5CC(C)(C)CCC5(C(=O)OC)CCC34C)C2(C)C)C(OC2OCC(O)C(O)C2O)C(O)C1O,2
C=C1C(O)C2(O)OCC34C(CC5C(C)=CC(O)C(O)C5(C)C23)OC(=O)C(O)C14,0
NC(=O)c1ccccc1,0
COc1cc(-c2cc(=O)c3c(O)cc(OC4OC(C)C(O)C(O)C4O)cc3o2)cc(OC)c1O,2
CCCCCCCC(O)CCCC(=O)OCC(O)CO,4
CC(S)S,4
CN1C(=O)NC(=O)C(N(CC(=O)O)CC(=O)O)C1=O,1
COc1ccc(-c2cc(=O)c3c(O)cc(OC4OC(CO)C(O)C(O)C4OC4OC(CO)C(O)C(O)C4O)c(O)c3o2)cc1,2
CC1OC(OC2C(OC3C(OC4CCC5(C)C(CCC6(C)C5CC=C5C7CC(C)(C)CCC7(C(=O)OC7OC(CO)C(O)C(O)C7O)CCC56C)C4(C)C)OC(C(=O)O)C(O)C3O)OC(CO)C(O)C2O)C(O)C(O)C1O,2
O=c1c(O)c(-c2ccc(OC3OC(O)C(O)C(O)C3O)c(O)c2)oc2cc(O)cc(O)c12,2
CC(C)CC(NC(=O)C(Cc1ccccc1)NC(=O)C(C)NC(=O)C(N)CC(=O)O)C(=O)O,2
CCCCCCOC(=O)CC(C)C,2
CCC=CCC=CCC=O,4
CC1(OC2OC(CO)C(O)C2O)OCC(O)C(O)C1O,2
O=P(O)(O)OC1C(O)C(CO)OC1n1cnc2c(NO)ncnc21,2
O=C(CF)C(O)C(O)C(O)CO,2
CC(CNC(=O)C(N)CC(=O)O)C(=O)OC1CCCC1,2
CCOP(=O)(O)OC1C(COP(=O)(O)O)OC(n2cnc3c(N)ncnc32)C1O,2
C=CCC(C)C(=O)O,4
OCC1OC(OC2(CO)OC(C3CO3)C(O)C2O)C(O)C(O)C1O,2
CCOC(C)OC1COC(O)C(O)C1O,2
Cc1nc2ccccc2o1,4
CC1OC(OC2C(OC3C(CO)OC(O)C(O)C3O)OC(CO)C(O)C2O)C(O)C(O)C1O,2
O=C(Cc1ccc(OC2OC(CO)C(O)C(O)C2O)cc1)C(=O)c1ccc(O)c(O)c1O,2
OCC1OC(OCC(O)C(O)C(O)O)C(O)C(O)C1O,2
CCOC(=O)CC(O)(CC(=O)OCC)C(=O)OCC,0
CCOC1OC(C(O)CO)C(O)C(O)C1O,2
CCCCc1ccc(C(O)C(=O)O)cc1,1
COC(=O)C(Cc1ccccc1)NC(=O)C(C)NC(=O)CC1CC1,2
CCC(C)C(NC(=O)C1CCCN1C(=O)C(N)CC(=O)O)C(=O)NC(Cc1ccccc1)C(=O)O,2
NCC(=O)NC(CC(=O)O)C(=O)NC(Cc1ccccc1)C(=O)NCC(=O)O,2
C=C(C)C(CC(=O)O)CC(=O)O,4
CNC(Cc1ccccc1)C(=O)NC(CCCCNC(C)=O)C(=O)O,2
CCOC1OC(CO)C(OC2OC(CO)C(O)C(O)C2O)C(O)C1O,2
CCCCCC(C)NC(=O)C(N)CC(=O)O,2
COc1c(-c2ccc(O)c(O)c2)oc2cc(O)cc(O)c2c1=O,0
COc1ccc(C2OC(=O)c3ccccc32)cc1O,4
CC1OC(OCOC2OC(C)C(O)C(O)C2O)C(O)C(O)C1O,2
COc1ccc(C=CC(=O)c2ccc(OC3OC(COC4OCC(O)C(O)C4O)C(O)C(O)C3O)c(O)c2O)cc1O,2
COc1cc(C)ccc1CNC(=O)C(=O)NCCc1ccc(C)cn1,4
Nc1ncnc2c1ncn2C1OC(COP(=O)(O)OP(=O)(O)OP(=O)(O)O)C(O)C1O.[H-].[K+],2
CCCCC(=O)N(C(=O)C(N)CC(=O)O)C(Cc1ccccc1)C(=O)O,2
CCCCCCCCCCCOC(=O)C1(C)CCC2(C)CCC3(C)C(=CC(=O)C4C5(C)CCC(OC6OC(C(=O)O)C(O)C(O)C6OC6OC(C(=O)O)C(O)C(O)C6O)C(C)(C)C5CCC43C)C2C1,2
COc1ccc(COC(=O)Cc2ccccc2)cc1,4
Cc1nc(N)c2ncn(C3OC(COP(=O)(O)O)C(O)C3O)c2n1,2
CC(NC(=O)C(N)Cc1ccccc1)C(=O)NC(CC(=O)O)C(=O)NC(CCC(=O)O)C(=O)O,2
Nc1ncnc2c1nc(P(=O)(O)O)n2C1OC(CO)C(O)C1O,2
OCC1OC(OC2CC(COI)OCC2O)C(O)C(O)C1O,2
OCC1OC(OC(O)C2OC(O)C(O)C(O)C2O)C(O)C(O)C1O,2
CC(O)C1OC(O)C(O)C(O)C1O,2
OCC1OC(O)(OC2(CO)OC(CO)C(O)C2O)C(O)C(O)C1O,2
CSc1ccccc1[Se]CC(=O)O,1
CCCCCCP(=O)(O)O,1
CC(C)CC(NC(=O)C(CC(N)=O)NC(=O)C(Cc1ccccc1)NC(=O)C(N)CC(=O)O)C(=O)O,2
C=C1CC23CCC4C(C)(C(=O)OC5OC(CO)C(O)C(O)C5O)CCCC4(C)C2CCC1(OC1OC(C)C(O)C(O)C1OC1OC(CO)C(O)C(OC2OC(CO)C(O)C(O)C2O)C1O)C3,2
Nc1nc(I)nc2c1ncn2C1OC(COP(=O)(O)O)C(O)C1O,2
O=C(O)c1ccc(C2CC2)cc1,1
O=S(=O)(O)OC1C(O)C(CO)OC(OC2C(CO)OC(O)C(O)C2O)C1O,2
NCCCCC(NC(=O)C(CC(=O)O)NC(=O)C(Cc1ccccc1)NC(=O)C1CCCN1)C(=O)O,2
CCCOC(C)OCCc1ccccc1,4
C=CC=C(C)CC(C)(O)C=C,2
OCC1OC(F)C(O)C(O)C1OC1OC(CO)C(OC2CCCCO2)C(O)C1O,2
C=CC(C)(CCC=C(C)C)OC(=O)C(C)C,4
C=CCC(C=O)c1ccccc1,4
CC(O)C(NC(=O)C(CC(=O)O)NC(=O)C(N)CO)C(=O)NC(Cc1ccccc1)C(=O)O,2
CCOC(=O)C(C)NC(=O)C(N)CC(=O)O,2
O=[N+]([O-])c1cc(Br)c(O)c(Br)c1,1
NC(CC(=O)O)C(=O)N1CCCC1C(=O)NC(Cc1ccccc1)C(=O)O,2
Nc1ncnc2c1ncn2C1OC(CO[Se](=O)[P+](=O)[O-])C(O)(P(=O)(O)O)C1O,2
OCC1OC(O)C(OC2OC(O)C(O)C(O)C2O)C(O)C1O,2
CCCC(=O)OCCC(C)CCC=C(C)C,2
COc1cc(-c2cc(=O)c3c(O)c(C4OC(C)C(O)C(O)C4OC4OC(C)C(O)C(O)C4O)c(O)cc3o2)ccc1O,2
Nc1ncnc2c1ncn2C1OC2COP(O)(=S)OC2C1O,2
CCCC(=O)OC1=C(C)OC(C)C1=O,2
Cc1cccc(Nc2ccccc2C(=O)O)c1C,0
O=C1NS(=O)(=O)c2ccc([N+](=O)[O-])cc21,0
CC(C)CC(NC(=O)C(C)N)C(=O)NC(CC(=O)O)C(=O)NC(CC(C)C)C(=O)NC(CCC(N)=O)C(=O)NCC(=O)NC(C(=O)NC(C(=O)NC(Cc1ccccc1)C(=O)O)C(C)C)C(C)C,2
CC1=C(C=O)C(C)(C)CCC1,2
COC(=O)C1OC(OC2CCC3(C)C(CCC4(C)C3CC=C3C5CC(C)(C)CCC5(C(=O)O)CCC34C)C2(C)C)C(O)C(OC2OCC(O)C(O)C2O)C1O,2
CCC(C)C(N)C(=O)NC(Cc1ccccc1)C(=O)NC(CC(=O)O)C(=O)NC(C(=O)O)C(C)C,2
COc1cc(-c2oc3cc(O)cc(O)c3c(=O)c2O)ccc1OC1OC(CO)C(O)C(O)C1OC1OC(C)C(O)C(O)C1O,2
NCCCCC(N)C(=O)NC(Cc1ccccc1)C(=O)NC(CC(N)=O)C(=O)NC(CC(N)=O)C(=O)O,2
COCC1OC(OC2(CO)OC(CO)C(O)C2O)C(O)C(O)C1OC,2
CC(=O)C1(C)CCC2(C)CCC3(C)C(=CC(=O)C4C5(C)CCC(OC6OC(C(O)O)C(O)C(O)C6OC6OC(C(=O)O)C(O)C(O)C6O)C(C)(C)C5CCC43C)C2C1,2
CC1OC2OC(C)(O)OC2C(O)C1O,2
COc1cccc(CCC(=O)c2c(O)cc(OC3OC(CO)C(O)C(O)C3OC3OC(C)C(O)C(O)C3O)cc2O)c1O,2
CC=CC=CCOC(=O)CCC,4
CC(O)C(CO)OC(CO)OC1OC(CO)C(O)C(O)C1O,2
CSc1nc(C)c2nn[nH]c2n1,1
O=C(O)CSc1ccccc1Cl,1
Nc1ncnc2ncn(C3OC(COC(=[P+]([O-])O)P(=O)(O)O)C(O)C3O)c12,2
CC(=O)OCc1ccco1,2
NC(=O)CCC(NC(=O)C(CC(=O)O)NC(=O)C(N)CO)C(=O)NC(Cc1ccccc1)C(=O)O,2
NCC(=O)NCC(=O)NCC(=O)NC(Cc1ccccc1)C(=O)O,2
CCCCCC=CCC=O,4
COC(=O)C1OC(OC2CCC3(C)C(CCC4(C)C3CC=C3C5CC(C)(C)CCC5(C(=O)OC5OC(CO)C(O)C(O)C5O)CCC34C)C2(C)CO)C(O)C(OC2OCC(O)C(O)C2O)C1O,2
COC1OC2COC(C(O)C(O)C(O)C(O)CO)OC2C(O)C1O,2
O=CC(O)C(O)C(O)C(O)CO.O=S([O-])O.[Na+],2
CC1OC(OC2C(OC3C(OC4CCC5(C)C(CCC6(C)C5C(=O)C=C5C7CC(C)(C)CC(O)C7(C)CCC56C)C4(C)CO)OC(C(=O)O)C(O)C3O)OCC(O)C2O)C(O)C(O)C1O,2
O=C(O)COc1ccccc1OCC(=O)O,1
CC1OC(OCC2OC(Oc3c(-c4cc(O)c(O)c(O)c4)oc4cc(O)cc(O)c4c3=O)C(O)C(O)C2O)C(O)C(O)C1OC1OC(CO)C(O)C(O)C1O,4
C=C1CC23CCC4C(C)(C(=O)OC5OC(CO)C(O)C(O)C5O)CCCC4(C)C2CCC1(OC1OC(CO)C(O)C(OC2OC(CO)C(O)C(O)C2O)C1OC1OC(C)C(O)C(OC2OC(CO)C(O)C(O)C2O)C1O)C3,2
CCNc1ncnc2c1ncn2C1OC(COP(=O)(O)O)C(O)C1O,2
CCCCCC1COC(=O)CO1,4
CC(C)=CCCC(C)CCOCC=O,2
CCOC1(CO)OCC(O)C(O)C1O,2
CC(C)C(NC(=O)CN)C(=O)NC(CC(=O)O)C(=O)NC(Cc1ccccc1)C(=O)O,2
COc1cc(O)c2c(=O)cc(-c3cc(OC4OC(C)C(O)C(O)C4O)c(O)c(OC4OC(CO)C(O)C(O)C4O)c3)oc2c1,2
CCC(C)C(NC(=O)C(CC(C)C)NCC(Cc1ccccc1)NC(=O)CNC(=O)C(CCCCN)NC(=O)C(N)CC(=O)O)C(=O)NC(C(=O)NC(CCCCN)C(=O)O)C(C)C,2
CC(C)CC(NC(=O)C(Cc1ccccc1)NCCC(=O)O)C(=O)O,2
O=C(Cc1ccccc1)OCC=Cc1ccccc1,4
O=C(c1ccc(O)c(OC2OCC(O)C(O)C2O)c1O)C(O)Cc1ccc(O)c(O)c1,2
COC1C(O)C(C(O)CO)OC1(OC)OC1OC(CO)C(O)C(O)C1O,2
CCCCCC(=O)OCCc1scnc1C,4
CCC(C)C(NC(=O)C(N)C(C)C)C(=O)NC(CC(=O)O)C(=O)NC(Cc1ccccc1)C(=O)O,2
c1cnc2c(n1)CCCC2,4
CC1=C2CCC(C)C=C2OC1=O,4
CCC(=O)OCC(CO)NC(=O)C(N)CC(=O)O,2
COC(=O)CCC(=O)NC(Cc1ccccc1)C(=O)OC,2
OCC1OC(O)CC(OC2OC(CO)C(O)C(O)C2O)C1O,2
CC1(C)CCC2(C(=O)O)CCC3(C)C(=CCC4C5(C)CCC(OC6OC(C(=O)O)C(O)C(O)C6OC6OC(CO)C(O)C(O)C6OC6OC(CO)C(O)C(O)C6O)C(C)(C)C5CCC43C)C2C1,2
O=C(O)c1cc(O)c(=O)c2c(O)c(O)cc(C3Oc4cc(O)cc(O)c4CC3O)c2c1,4
O=C(O)C(O)c1ccc(F)cc1,1
CC(C)=CCCC(C)=CCCC(C)CCO,4
OCC1CC(O)C(O)C(OC2C(O)COC(COI)C2O)O1,2
CC1OC(OC2OCC(O)C(O)C2O)C(O)C(O)C1O,2
CCCCC(O)C1OC(O)C(O)C(O)C1O,2
CC(O)C(O)C(O)C(C)O,2
Nc1nc(Br)c2ncn(C3OC(COP(=O)(O)O)C(O)C3O)c2n1,2
CC(C)C(NC(=O)C[NH3+])C(=O)NC(Cc1ccccc1)C(=O)[O-],2
OCC1OC(OC2OC(CO)C(O)C(O)(F)C2O)C(O)C(O)C1O,2
C=C=C1CC23CCC4C(C)(C(=O)OC5OC(CO)C(O)C(O)C5OC5OC(CO)C(O)C(O)C5O)CCCC4(C)C2CCC1(OC1OC(COC2OC(CO)C(O)C(O)C2O)C(O)C(O)C1OC1OC(CO)C(O)C(O)C1O)C3,2
OCC(O)C1OC(OC2OC(C(O)CO)C(O)C(O)C2O)C(O)C(O)C1O,2
Nc1ncnc2c1ncn2C1OC(COP(=O)(O)OP(=O)(O)C#CP(=O)(O)O)C(O)C1O,2
CC(C)CCOC(=O)CCCc1ccco1,2
CCC(C)C(N)C(=O)NC(CCCCN)C(=O)NC(CC(N)=O)C(=O)NC(Cc1ccccc1)C(=O)O,2
CC(C)(C)OC(=O)CC(NC(=O)OC(C)(C)C)C(=O)NC(Cc1ccccc1)C(=O)OC(C)(C)C,2
COOC1C(O)C(O)OC(CO)C1O,2
CC1(C)CCC2(C(=O)OC3OC(CO)C(O)C(O)C3O)CCC3(C)C(=CCC4C5(C)CCC(OC6OC(C(=O)O)C(O)C(O)C6O)C(CO)(CO)C5CCC43C)C2C1,2
COc1c(-c2ccc(O)c(OC3OCC(O)C(O)C3O)c2)oc2cc(O)cc(O)c2c1=O,2
O=C(O)C=Cc1ccccc1OC1OC(CO)C(O)C(O)C1O,0
CCCCCCCCCCCCCCCCCC,4
Oc1cc(O)c2c(c1)OC(c1ccc(O)c(O)c1)C(O)C2c1c(O)cc(O)c2c1OC(c1ccc(O)c(O)c1)C(O)C2c1c(O)cc(O)c2c1OC(c1ccc(O)c(O)c1)C(O)C2,0
O=P(O)(O)OCC1OC(n2cnc3c(N4CCCC4)ncnc32)C(O)C1O,2
COc1ccc(-c2coc3cc(OC4OC(CO)C(O)C(O)C4O)c(OC)c(O)c3c2=O)cc1O,2
NC(CC(=O)O)C(=O)NCCC(=O)OC1CCCCC1,2
CN1CCC23c4c5ccc(O)c4OC2C(O)C=CC3C1C5,0
COc1cc(C(=O)OCC23OC2C(O)C2C=COC(OC4OC(CO)C(O)C(O)C4O)C23)ccc1O,0
CC1NC2CCCCCCCC(=O)OC3CCC(CCCCCCCC(=O)OC1CC2)NC3C,0
CC(C)CCOC(=O)Cc1ccccc1,2
OCC1OC(COCC2(O)OCC(O)C(O)C2O)C(O)C(O)C1O,2
O=[N+]([O-])C[N+](=O)[O-],1
CCC(C)CO,4
CCCCCC=CCCC=O,4
CCCCCCC1OCC(C)O1,4
CCOC(=O)C(NC(=O)C(N)CC(=O)O)C(=O)OC1CCCCC1C,2
CCOC(=O)C1OC(OC2CCC3(C)C(CCC4(C)C3CC=C3C5CC(C)(C)CCC5(C(=O)OC5OC(CO)C(O)C(O)C5O)CCC34C)C2(C)C)C(OC2OC(C)C(O)C(O)C2OC2OC(CO)C(O)C(O)C2O)C(O)C1O,2
O=CC(O)C(O)C(O)C(O)COF,2
NC(=O)CCC(NC(=O)C(CCC(=O)O)NC(=O)C(N)CC(=O)O)C(=O)NC(Cc1ccccc1)C(=O)O,2
CC(NC(=O)C(N)Cc1ccccc1)C(=O)NC(CC(=O)O)C(=O)NC(CCCCN)C(=O)O,2
O=C1c2ccccc2S(=O)(=O)N1SC(Cl)(Cl)Cl,2
CC(N)C(=O)NC(C(=O)NC(CC(N)=O)C(=O)NC(Cc1ccccc1)C(=O)O)C(C)C,2
CC1(C(=O)OC2OC(CO)C(O)C(O)C2O)CCC2(C)CCC3(C)C(=CCC4C5(C)CCC(OC6OC(C(=O)O)C(O)C(O)C6OC6OCC(O)C(O)C6O)C(C)(CO)C5CCC43C)C2C1,2
CC(C)C(NC(=O)C(N)CC(=O)O)C(=O)NC(CS)C(=O)NC(Cc1ccccc1)C(=O)O,2
NC(CC(=O)O)C(=O)NC(Cc1ccccc1)C(=O)NC(CC(=O)O)C(=O)NCC(=O)O,2
CCCCCCCCCCCCCC(=O)NCC(=O)NCC(=O)NC(Cc1ccccc1)C(=O)O,2
OCC(O)C1OC(O)C(OC2OC(CO)C(O)C(O)C2O)C1O,2
CC(CC(=O)OC(C)(C)C)NC(=O)C(N)CC(=O)O,2
CC(C)C(NC(=O)C(Cc1ccccc1)NC(=O)C(CC(=O)O)NC(=O)CN)C(=O)O,2
CN1CCN(CC(=O)N2c3ccccc3C(=O)Nc3cccnc32)CC1,0
Cc1ccc(C)c(C(O)C(=O)O)c1,1
CCc1nccnc1OC,4
OCC(O)COC1OC(CO)C(OC2(CO)OC(CO)C(O)C2O)C(O)C1O,2
COc1cc(C2CC(=O)c3c(O)cc(OC4OC(CO)C(O)C(O)C4OC4OCC(O)(CO)C4O)cc3O2)ccc1O,2
CCC(C)C(NC(=O)C(CC(N)=O)NC(=O)C(N)CC(C)C)C(=O)NC(Cc1ccccc1)C(=O)O,2
C=C1CC23CCC4C(C)(C(=O)OC5OC(CO)C(O)C(O)C5OC5OC(CO)C(O)C(O)C5O)CCCC4(C)C2CCC1(OCC1OC(CO)C(O)C(COCC2OC(CO)C(O)C(O)C2O)C1OC1OC(CO)C(O)C(O)C1O)C3,2
NC(=O)C(Cl)[N+](=O)[O-],1
CC(=O)OC1C(OC(C)=O)C2(CO)C(OC(C)=O)CC3(C)C(=CCC4C5(C)CCC(OC6OC(C(C)=O)C(O)C(OC7OC(CO)C(O)C(O)C7O)C6O)C(C)(C)C5CCC43C)C2CC1(C)C,2
COc1cc(-c2oc3cc(OC4OC(CO)C(O)C(O)C4O)cc(OC)c3c(=O)c2OC)ccc1O,2
CC1OC(OC2C(OC3CCC4(C)C(=CCC5C4CCC4(C)C5CC5OC6(CCC(C)(COC7OC(CO)C(O)C(O)C7O)O6)C(C)C54)C3)OC(CO)C(OC3OC(CO)C(O)C(OC4OC(CO)C(O)C(O)C4O)C3O)C2O)C(O)C(O)C1O,0
CC(NC(=O)C(N)CC(=O)O)NC(=O)C(C1CC1)C1CC1,2
COC1(C)OC(CO)C(O)C(O)C1O,2
COC(=O)C1OC(OC2CCC3(C)C(CCC4(C)C3CC=C3C5CC(C)(C)CCC5(C(=O)OC5OC(CO)C(O)C(O)C5O)CCC34C)C2(C)C)C(O)C(O)C1OC1OCC(O)C(O)C1O,2
N#Cc1ccc(NC(=O)NC(CC(=O)O)c2cccc(O)c2)cc1,2
COCC1OC(OC2OCC(O)C(O)C2OC)C(OC)C(O)C1O,2
CC1(C)OCC(O)C(C(O)C(O)CO)O1,2
CCOc1ccc(O)cc1,4
COC1=CC(C)C2CC3OC(=O)CC4C(C)=C(CO)C(=O)C(C2(C)C1=O)C34C,0
CCCCC(NC(=O)C(CC(=O)O)NC(=O)Nc1ccc([N+](=O)[O-])cc1)C(=O)OC,2
O=C1OCc2cc3cccc(OC4OC(CO)C(O)C(O)C4O)c3c(O)c21,0
CC(C)(C(=O)O)C(C)(C)C(=O)O,1
Oc1cccc2cccc(O)c12,1
CC(C)CC(NC(=O)C(Cc1ccccc1)NC(=O)CCC(=O)O)C(=O)O,2
CC(C)OC(=O)C(C)NC(=O)C(N)CC(=O)O,2
COC(=O)C(Cc1ccccc1)N(C(=O)C(N)CC(=O)O)C1CCCC1,2
CC1(C(=O)O)CCC2(C)CCC3(C)C(=CC(=O)C4C5(C)CCC(OC6OC(COC7OC(C(=O)O)C(O)C(O)C7O)C(O)C(O)C6O)C(C)(C)C5CCC43C)C2C1,2
COc1cc(C=O)ccc1OC1OC(CO)C(O)C(O)C1O,0
O=C(O)C1OC(O)C(O)C(O)C1O,1
CNc1ncnc2c1ncn2C1OC(COP(=O)(O)OP(=O)(O)OP(=O)(O)O)C(O)C1O,2
CC(C)CC(NC(=O)C(Cc1ccccc1)NC(=O)C(N)CC(=O)O)C(=O)NC(CC(N)=O)C(=O)O,2
CC1(C)CC(O)C2(C)CCC3(C)C(=CCC4C5(C)CCC(OC6OC(C(=O)O)C(O)C(O)C6OC6OCC(O)C(O)C6OC6OCC(O)C(O)C6O)C(C)(CO)C5CCC43C)C2C1,2
CC=CC=CCCC=CC(=O)NCC(C)C,4
OCOCC1OC(OC2C(CO)OC(O)C(O)C2O)C(O)C(O)C1O,2
CN(C)C(=O)C(Cc1ccccc1)NC(=O)C(N)CC(=O)O,2
CC(C)C(NC(=O)CNC(=O)C(Cc1ccccc1)NC(=O)C(N)CC(=O)O)C(=O)O,2
Nc1ncnc2c1ncn2C1OC(COP(=O)(O)OP(=O)(O)OO)C(O)C1O,2
CCCC1CCOC(C)S1,4
OCC1OC(OC2(C(F)(F)OF)OC(CO)C(O)C2O)C(O)C(O)C1O,2
CC(=O)OC1OCC23C(CCC(C)(C)C12)OC(=O)C12CC(CC(=O)C13)C(C)C2=O,0
CC12CC(c3ccoc3)OC(=O)C1CCC1(C)C2C2C=CC1(O)C(=O)O2,0
CCC(C)C(O)S,4
[N-]=[N+]=NCCOP(=O)(O)OP(=O)(O)OP(=O)(O)OCC1OC(n2cnc3c(N)ncnc32)C(O)C1O,2
CCC(C)C(NC(=O)C(N)CC(=O)O)C(=O)NC(Cc1ccccc1)C(=O)O,2
OCC(O)C(O)C(O)COC1OCC(O)C(O)C1O,2
O=C(C=Cc1ccc(O)c(O)c1)Nc1ccc(O)cc1C(=O)O,0
N#Cc1ccc(N=C(NCC(=O)O)NC2CCCCCCCC2)cc1,2
CCNc1nc(N)c2ncn(C3OC(COP(=O)(O)O)C(O)C3O)c2n1,2
NC(=O)CCC(NC(=O)C(N)CC(N)=O)C(=O)NC(Cc1ccccc1)C(=O)O,2
NC(=O)c1cccnc1,4
COc1ccc2cc1Oc1ccc(cc1)CC1c3cc(c(OC)cc3CCN1C)Oc1c(OC)c(OC)cc3c1C(C2)N(C)CC3,0
O=[N+]([O-])c1cc([N+](=O)[O-])c2cn[nH]c2c1O,1
COc1ccc(C2OC(=O)c3ccccc3O2)cc1O,2
CC(C)COC(=O)C=Cc1ccccc1,2
NCCCCC(NC(=O)C(CC(N)=O)NC(=O)CN)C(=O)NC(Cc1ccccc1)C(=O)O,2
CC=Cc1ccc(OCC)c(O)c1,2
CCCc1ccccn1,4
COC1C(O)C(COP(=O)(O)OP(=O)(O)OP(=O)(O)O)OC1n1cnc2c(N)ncnc21,2
[O-][n+]1ccccc1O,1
CSC(=S)NCC(=O)O,1
CC(CCC(OC1OC(COC2OC(CO)C(O)C(O)C2O)C(O)C(O)C1OC1OC(CO)C(O)C(O)C1O)C(C)(C)O)C1CCC2(C)C3CC=C4C(CCC(OC5OC(COC6OC(CO)C(O)C(O)C6O)C(O)C(O)C5OC5OC(CO)C(O)C(O)C5O)C4(C)C)C3(C)C(O)CC12C,2
CC(O)COCC1(OC2OC(CO)C(O)C(O)C2O)OC(CO)C(O)C1O,2
NC(Cc1ccccc1)C(=O)NC(CC(=O)O)C(=O)NC(CC(=O)O)C(=O)O,2
CC1OC(OC2C(Oc3c(O)cc4oc(-c5ccc(O)c(O)c5)cc(=O)c4c3O)OC(CO)C(O)C2O)C(O)C(O)C1O,2
CC(C)=CCCC1(C)C2CC3C(C2)C31C,4
Nc1ncnc2c1ncn2C1OC(COS(=O)(=O)O[P+](=O)[O-])C(O[P+](=O)[O-])C1O,2
Nc1ncnc2c1ncn2C1OC(COP(N)O)C(O)C1O[Si],2
CC1OC(C(O)C2OC(O)C(O)C(O)C2O)C(O)C(O)C1O,2
CC(=O)CC(C)SCc1ccco1,4
OCC1OC(OC2C(CO)OC(OC3C(O)C(CO)OC3(O)CO)C(O)C2O)C(O)C(O)C1O,2
CC(C)CC(N)C(=O)NC(Cc1ccccc1)C(=O)NC(CCCCN)C(=O)NC(CC(N)=O)C(=O)O,2
COC1=CC(C)C2CC3OC(=O)CC4C(C)=C(OC)C(=O)C(C2(C)C1=O)C34C,0
CC1(C)C2CCC1(C)C(OC(=O)c1ccccc1)C2,4
C=C1CC23CCC4C(C)(C(=O)OC5OC(CO)C(O)C(OC6OC(CO)C(OI)C(O)C6O)C5OC5OC(CO)C(O)C(O)C5O)CCCC4(C)C2CCC1(OC1OC(CO)C(O)C(OC2OC(CO)C(O)C(O)C2O)C1OC1OC(C)C(O)C(O)C1O)C3,2
O=[N+]([O-])c1cc(S(=O)(=O)O)c2cccnc2c1O,1
COc1ccc(-c2cc(=O)c3c(O)c(O)c(OC4OC(COC5OC(C)C(O)C(O)C5O)C(O)C(O)C4O)cc3o2)cc1,2
OC(O)C(Cl)(Cl)Cl,0
COc1c(OC2OC(CO)C(O)C(O)C2O)cc2c(c1O)C(=O)CC(c1ccccc1)O2,2
CC(N)C(=O)NC(Cc1ccccc1)C(=O)NC(CCCCN)C(=O)NC(CC(N)=O)C(=O)O,2
CC(C)CC(=O)OC(C)C,4
Cc1ncc2c(n1)CSC2,4
CCCCCOC1OC(CO)C(OC)C(OC)C1OC,2
CCC(CO)NC(=O)C1C=C2c3cccc4[nH]cc(c34)CC2N(C)C1,0
COP(=O)(O)OC1C(CO)OC(n2cnc3c(N)ncnc32)C1O,2
COc1ccc2c(=O)cc(-c3c(O)cccc3OC3OC(CO)C(O)C(O)C3O)oc2c1OC,2
COc1cc(O)c2c(=O)c(OC3OC(COC4OC(C)C(O)C(O)C4O)C(O)C(O)C3O)c(-c3ccc(O)c(OC)c3)oc2c1,2
O=c1cc(-c2ccc(O)c(O)c2)oc2cc(OC3OCC(O)C(O)C3OC3OCC(O)C(O)C3O)c(O)c(O)c12,2
COC(=O)C1OC(OC2CCC3(C)C(CCC4(C)C3CC=C3C5CC(C)(C)CC(O)C5(C)CCC34C)C2(C)CO)C(OC2OCC(O)C(O)C2OC2OC(C)C(O)C(O)C2O)C(O)C1O,2
COC(=O)C(NC(=O)C(N)CC(=O)O)C(=O)OC1CC(C)CCC1C(C)C,4
CC1OC(Oc2cc(O)c3c(=O)c(-c4ccc(O)c(O)c4O)coc3c2)C(O)C(O)C1O,2
CC(O)c1ccccc1,2
NCC(=O)NC(CCC(N)=O)C(=O)NC(CC(N)=O)C(=O)NC(Cc1ccccc1)C(=O)O,2
OC1COC(O)(C(O)F)C(O)C1O,2
NCC(O)C(O)C(O)COP(=O)(O)OP(=O)(O)OCC1OC(n2cnc3c(N)ncnc32)C(O)C1O,2
NC(CC(=O)NC(Cc1ccccc1)C(=O)O)C(=O)O,2
CCCCOC(=O)C1OC(OC2CCC3(C)C(CCC4(C)C3CC=C3C5CC(C)(C)CCC5(C(=O)OC5OC(CO)C(O)C(O)C5O)CCC34C)C2(C)C)C(OC2OCC(O)C(O)C2O)C(O)C1O,2
COCC1OC(COC)(OC2OC(CO)C(OC)C(OC)C2OC)C(OC)C1OC,2
CCC(C)C(NC(=O)C(CC(C)C)NC(=O)C(CC(C)C)NC(=O)C(N)Cc1ccccc1)C(=O)NC(CC(=O)O)C(=O)NC(C)C(=O)O,2
CCC(C)C(NC(=O)C(Cc1ccccc1)NC(=O)C(N)CC(=O)O)C(=O)NCC(=O)O,2
CC(=O)OC1CC2(C)C(C)=CCCC2C(C)(CCC(C)=CC(=O)O)C1C,0
CN(C)c1ccc(C(=O)c2ccccc2C(=O)O)cc1,2
CC(=O)COC(C)=O,4
CC(C)C(N)C(=O)NC(CC(=O)O)C(=O)NC(Cc1ccccc1)C(=O)O,2
CCC(C)C(NC(=O)CNC(=O)C(N)CC(N)=O)C(=O)NC(Cc1ccccc1)C(=O)O,2
CCOC(=O)C1NC1C(=O)NC(Cc1ccccc1)C(=O)NCCCOC(C)C,2
COC(=O)CC(C(=O)N(C)C(Cc1ccccc1)C(=O)OC)N(C)C(=O)C(F)(F)F,2
Cn1c(=O)[nH]c2c([nH]c(=O)c(=O)n2C)c1=O,1
CCCC(C)Oc1ccc([N+](=O)[O-])cc1N,2
CS(=O)(=O)c1ccc(OCC(=O)O)cc1,1
COc1cc(CC(CO)C(COC2OCC(O)C(O)C2O)Cc2cc(OC)c(O)c(OC)c2)cc(OC)c1O,0
NC(C(=O)O)C1CC(=O)NO1,3
C=C1CCC2(C(=O)O)CCC3(C)C(=CCC4C5(C)CCC(OC6OC(C(=O)O)C(O)C(OC7OCC(O)C(O)C7O)C6O)C(C)(C)C5CCC43C)C2C1,2
NCCCCC(NC(=O)CNC(=O)C(N)CC(N)=O)C(=O)NC(Cc1ccccc1)C(=O)O,2
CCCCOc1ccc(NC(=O)NC(C)(C)C)cc1,2
Cc1cccc([Se]CC(=O)O)c1,1
Nc1ncnc2c1ncn2C1OC(C(O)P(=O)(O)OP(=O)(O)O)C(O)C1O,2
COC1OC(C)C(O)C(OC2OC(CO)C(O)C(O)C2O)C1OC1OC(CO)C(O)C(O)C1O,2
O=C1c2ccccc2S(=O)(=O)N1Br,2
C#CCOP(=O)(O)OP(=O)(O)OCC1OC(n2cnc3c(N)ncnc32)C(O)C1O,2
C#CCCCOP(=O)(O)OP(=O)(O)OP(=O)(O)OCC1OC(n2cnc3c(N)ncnc32)C(O)C1O,2
OCC1OC(O)C(O[Si])CC1O,2
COC(=O)C(Cc1ccccc1C)NC(=O)C(N)CC(=O)O,2
O=C(O)c1ccccc1C(=O)c1ccc(Oc2ccccc2)cc1,4
O=C(O)CN(CC(=O)O)[C@@H]1Cc2ccccc2C[C@H]1N(CC(=O)O)CC(=O)O,1
CC1CC(S)C(C)O1,4
C=C1CC23CCC4C(C)(C(=O)OC5CC(O)C(O)C(CO)O5)CCCC4(C)C2CCC1(OC1OC(CO)C(O)C(OC2OC(CO)C(O)C(O)C2O)C1OC1(C)OC(CO)C(O)C(O)C1O)C3,2
CCCCOC(=O)C1OC(OC2CCC3(C)C(CCC4(C)C3CC=C3C5CC(C)(C)CCC5(C(=O)O)CCC34C)C2(C)C)C(O)C(O)C1O,2
CCC(C)C(NC(=O)C(Cc1ccccc1)NC(=O)C(N)CC(=O)O)C(=O)NC(C)C(=O)O,2
CC(C)=CCC1OC(=O)C2C3CCC4C5(C)CCC(OC6OC(COC7OC(C)C(O)C(O)C7O)C(O)C(O)C6O)C(C)(C)C5CCC4(C)C3(C)C(OC3OC(CO)C(O)C(O)C3O)OC12C,0
CC1(C)CCC2(C(=O)O)CCC3(C)C(=CCC4C5(C)CCC(OC6OC(C(=O)OC7OC(O)C(O)C(O)C7CO)C(OC7OC(CO)C(O)C7O)C(O)C6O)C(C)(C)C5CCC43C)C2C1,2
COc1ccc(C2NC(=O)c3ccccc3S2)cc1O,4
COc1cc(C=O)cc(-c2cc(C=O)cc(OC)c2O)c1O,4
CCCC1CCCC(=O)O1,2
OCCOCC1OC(OC2C(COCCO)OC(O)C(O)C2OCCO)C(O)C(O)C1O,2
Sc1ccc2ccccc2c1,4
COC1=CCCCC1,4
COC(=O)C1=C(C(=O)O)C2C=CC1C2,1
COC1OC(CO)C(OC2OC(CCO)C(O)C(O)C2O)C(O)C1O,2
CCOC(=O)C(C)NC(=O)C(CC(=O)O)NC(=O)Nc1ccc([N+](=O)[O-])cc1,2
C=C[S+]([O-])C=C,0
CC(=NO)C1=CCCCC1,4
Cn1ncc(=O)[nH]c1=O,1
C=CC=O,4
O=C(O)Cc1ccc(Cl)s1,1
O=C1OCC2OC(=O)c3cc(O)c(O)c(O)c3-c3c(O)c(O)c(O)c4c3C(=O)OC(C2OC(=O)c2cc(O)c(O)c(O)c2-c2c1cc(O)c(O)c2O)C1OC(=O)c2c-4c(O)c(O)c(O)c2C1C(=O)O,0
Nc1ncnc2c1ncn2C1OC(C[Se]P(=O)(O)O)C(O)C1O,2
O=C(O)CS(=O)(=O)c1cccc(Br)c1,1
CCCCCCCCCCC=O,2
Cc1ccc(C(C)CC=O)o1,4
c1c[nH]cn1,0
NCCCCC(NC(=O)C(N)Cc1ccccc1)C(=O)NC(CC(=O)O)C(=O)NC(Cc1ccccc1)C(=O)O,2
Oc1ccc(C2COc3cc(O)ccc3C2)cc1,0
CC(C)OC1=NS(=O)(=O)c2ccccc21,0
Nc1ncnc2c1ncn2C1OC(CO)C(O)C1O.O=P([O-])(O)OP(=O)([O-])O.[Mn+2],2
Nc1ncnc2c1ncn2C1OC(CO[P](=O)O)C(O)C1O,2
CNC(=O)C(Cc1ccccc1)NC(=O)C(CCCCCO)CC(=O)O,2
CC=C(C=O)CSC,4
Cc1cc(C)n(OCC(=O)O)c(=O)n1,1
COC1C(O)C(O)C(CO)OC1(OC)OC,2
COC1C(C)OC(O)C(OC2OC(C)C(O)C(OC)C2OC)C1OC,2
CCCCCC1CC=CC(=O)O1,2
CC(=O)OCC1OC(COC(C)=O)(OC2OC(CO)C(O)C(O)C2O)C(O)C1O,4
CCCCCOc1c(N)cccc1[N+](=O)[O-],2
CC1OC(OC2C(Oc3cc(O)c(C(=O)CCc4ccc(O)c(O)c4)c(O)c3)OC(CO)C(O)C2O)C(O)C(O)C1O,2
CC1=CCC(O)C(C)CC2OC(=O)C(C)C2CC1,0
COc1cc2oc(-c3ccc(O)c(O)c3)cc(=O)c2c(O)c1C1OC(CO)C(O)C(O)C1OC1OC(CO)C(O)C(O)C1O,2
O=CC(O)C(F)C(O)C(O)CO,2
CC(O)C(=O)NCCOP(=O)(O)O,4
CC(C)CC(NC(=O)C(CC(=O)O)NC(=O)C(Cc1ccccc1)NC(=O)C(N)CC(N)=O)C(=O)O,2
CCC(C=O)CC,2
CC(=O)Sc1ccoc1C,4
COC1C(OC(C)C)OC(CO)C(O)C1O,2
CC1OC(OC(O)C(O)CO)C(O)C(O)C1O,2
CC1CCC2(NC1)OC1CC3C4CC=C5CC(O)CCC5(C)C4CCC3(C)C1C2C,0
COc1ccc(CC2OC(=O)c3ccccc32)cc1O,4
CCC1OC(OC)C(O)C(OC)C1O,2
OCCOOC1OC(CO)C(O)C(O)C1O,2
CCCCCCCCOC(=O)Cc1ccccc1,4
O=C(O)/C=C/CCl,1
CC(NC(=O)C(CC(N)=O)NC(=O)C(CC(=O)O)NC(=O)C(N)Cc1ccccc1)C(=O)O,2
COc1cc(OC2OC(CO)C(O)C(O)C2O)c2c(=O)cc(-c3ccc(OC)c(O)c3)oc2c1,2
CC(C)CC(NC(=O)C(N)CC(=O)O)C(=O)NC(CO)C(=O)NC(Cc1ccccc1)C(=O)O,2
COc1ccc(NC(N)=O)cc1,2
COC(=O)C1Cc2cccc(c2)CC(NC(C)=O)C(=O)NCCC(=O)N1,2
CSCCC(C)=O,2
Cc1ccc(C(N=Nc2ccccc2)=NNc2ccccc2)cc1,2
COc1cc(C=CC(=O)NCC(O)c2ccc(O)cc2)ccc1O,0
COC(=O)C(CC(=O)NC(Cc1ccccc1)C(=O)O)NC(=O)OC(C)(C)C,2
O=C(O)CC1NC(=O)C(Cc2ccccc2)NC1=O,0
CCOC(=O)C=Cc1ccccc1,2
CCCCCC1CCCC(=O)O1,2
Nc1ncnc2c1ncn2C1OC(COP(=O)(O)OP(=O)(O)OP(=O)(O)O)C(OP(=O)(O)OP(=O)(O)OP(=O)(O)O)C1O,2
NCCCCC(NC(=O)C(N)CC(=O)O)C(=O)NC(Cc1ccccc1)C(=O)NC(CC(N)=O)C(=O)O,2
CC(=O)NC(CC(C)C)C(=O)NC(C)C(=O)NC(Cc1ccccc1)C(=O)O,2
CCCC(C)(COC(N)=O)COC(=O)NC(C)C,0
OCC(OC1OC(CO)C(O)C(O)C1O)C(O)C(CO)OC1OC(CO)C(O)C(O)C1O,2
NOP(=O)(OCC1OC(n2cnc3c(N)ncnc32)C(O)C1O)OP(=O)(O)OP(=O)(O)O,2
CC(C)(C)C1CCC(C(=O)O)C(C(=O)O)C1,1
C#CCCCCCCCCCCCC(O)CC(O)COC(C)=O,0
COCOC(CO)C(OCOC)C(O)C1COC(C)(C)O1,2
Cc1ccco1,4
O=C(/C=C/c1ccc(O)c(O)c1)OC1CC2(O)CC(OC2=O)C1OC(=O)/C=C/c1ccc(O)c(O)c1,0
CCOC1C(O)COC(O)C1O,2
CCCCCCCCCC1CC(=O)NCCCNCCCCNCCCN1,4
CC(CC(=O)O)S(=O)(=O)c1ccc(Cl)cc1,0
CC(=O)C=CC1=C(C)CCCC1(C)C,4
CCOC(OCC)C(O)C(O)C(O)C(O)CO,2
CC1(O)OC(CO)C(OC2OC(CO)C(O)C(O)C2O)C(O)C1O,2
CC(=O)CC1(O)C(=O)C=C2C(=O)OC3C(OC(=O)c4cc(O)c(O)c(O)c4)OC4COC(=O)c5cc(O)c(O)c(O)c5-c5c(cc(O)c(O)c5O)C(=O)OC3C4OC(=O)c3cc(O)c(O)c4c3C2C1(O)O4,0
CC1(C)C(OC2OC(C(=O)O)C(O)C(O)C2OC2OC(C(=O)O)C(O)C(O)C2O)CCC2(C)C1CCC1(C)C2C(=O)C=C2C3CC4(C(=O)O)CC(OC4=O)C3(C)CCC21C,2
CCCCCCCCCCCCCCCCCCCCCCC,4
S=c1[nH]nc(-c2ccccc2)o1,1
O=c1c(-c2ccc(O)cc2)coc2cc(OC3OC(CO)C(O)C(O)C3O)ccc12,0
CC(N)C(=O)NC(Cc1ccccc1)C(=O)NC(CC(N)=O)C(=O)NC(CC(=O)O)C(=O)O,2
COc1cc(/C=C/C(=O)OCC2OC(OC3(CO)OC(CO)C(OC(C)=O)C3OC(=O)/C=C/c3ccc(O)c(OC)c3)C(O)C(O)C2O)ccc1O,0
O=C1c2ccccc2C(=O)C1c1ccc2ccccc2c1,1
CC1(C)OC2OC(C(O)CO)C(O1)C2O,2
COc1ccc(C=CC(=O)c2c(OC)cc(OC3OC(COC4OC(C)C(O)C(O)C4O)C(O)C(OC)C3OC)cc2OC)cc1OC,2
COc1cc(-c2coc3c(OC4OC(CO)C(O)C(O)C4O)c(O)ccc3c2=O)ccc1O,2
COOC(C(O)C=O)C(O)C(O)CO,2
Nc1cncnc1NCC(=O)O,1
CCC(C)C1NC(=O)C2CCCN2C1=O,0
CCC(C)C(NC(=O)C(N)Cc1ccccc1)C(=O)NC(CC(=O)O)C(=O)NC(C)C(=O)O,2
O=C(O)CI,1
CC(C)C(NC(=O)C(CC(=O)O)NC(=O)C(CC(=O)O)NC(=O)C(N)Cc1ccccc1)C(=O)O,2
Cc1nn2cn[nH]c2nc1=O,1
CCOC(OCC)C1OC(C)(C)OC1CC1OC(CO)C(O)C(O)C1O,2
COc1cc(-c2coc3c(C4OC(CO)C(O)C(O)C4O)c(O)ccc3c2=O)ccc1OC1OC(CO)C(O)C(O)C1O,2
COP(=O)(O)OP(=O)(O)OCC1OC(n2cnc3c(N)ncnc32)C(O)C1OP(=O)(O)O,2
CC1OC(OC2C(Oc3c(O)cc(O)c4c(=O)cc(-c5ccc(O)cc5)oc34)OC(CO)C(O)C2O)C(O)C(O)C1O,2
C=C1C(=O)OC2CC3(C)CCC(O)C(=C)C3CC12,0
CC(C)CCCCCCCC=CC(=O)O,0
COCC1CC(O)C(O)C(OC)O1,2
CCOC1OC(CF)C(O)C(O)C1O,2
OCC1OC(O)C(O)C(OCl)C1O,2
CCCCOOC1C(O)OC(CO)C(O)C1OOCCCC,2
CCOP(=O)(O)c1nc(N)nc2c1ncn2C1OC(CO)C(O)C1(C)O,2
CN(C)C(=S)S,1
O=C(O)CCSSCCC(=O)O,1
CC(O)C=Cc1ccccc1,2
CCC(COC(=O)C1CC1)NC(=O)C(N)CC(=O)O,2
CCCC[Sn](CCCC)=C(O)C1(OC2OC(CO)C(O)C(O)C2O)OC(CO)C(O)C1O,2
COC(=O)C(Cc1ccccc1)NC(=O)C(N)CC(C)C,2
O=C(Oc1ccc([N+](=O)[O-])cc1)Oc1cc(C2OCc3ccccc3S2)ccc1O,2
CC(=O)OC1CC(C)(C)CC2C3=CCC4C5(C)CCC(OC6OC(C(=O)O)C(O)C(OC7OC(CO)C(O)C(O)C7O)C6O)C(C)(C)C5CCC4(C)C3(C)CC(O)C12COC1OC(C)C(O)C(O)C1O,2
Nc1ncnc2c1ncn2C1OC(COP(=O)(O)OP(=O)(O)O)C(N)(O)C1O,2
COCc1ccco1,4
Sc1cnc2ccccc2c1,1
N#Cc1ccc(NC(=O)NC(CC(=O)O)c2cccnc2)cc1,2
CC(C)(C)CC([N+](=O)[O-])[N+](=O)[O-],1
CCCNc1nc2c(N)ncnc2n1C1OC(COP(=O)(O)OP(=O)(O)O)C(O)C1O,2
CC(CCC(=O)C(C)C1CCC2C3CC(=O)C4CC(OC5OC(COC6OC(CO)C(O)C(O)C6O)C(O)C(O)C5O)CCC4(C)C3CCC12C)COC1OC(CO)C(O)C(O)C1O,2
NC(=O)Nc1ccc(OCCCBr)cc1,2
OCC1OC(OCC(O)C2(O)OCC(O)C2O)C(O)C(O)C1O,2
CCCCCCC=CCCCCCCCCC,4
CC(O)C(NC(=O)C(N)CC(=O)O)C(=O)NC(CC(N)=O)C(=O)NC(Cc1ccccc1)C(=O)O,2
COC(=O)c1cccnc1,4
N#CC12CCC(C(=O)O)(CC1)CC2,1
CC(C)CC(=O)C(C)O,2
Nc1ncnc2c1ncn2C1CC(O)C(COP(=O)(O)P(=O)(O)P(=O)(O)O)O1,2
COc1ccc(C2CC(=O)c3ccc(OC4OC(OCC5OC(C)C(O)C(O)C5O)C(O)C(O)C4O)cc3O2)cc1O,2
COc1cc(O)cc2oc(-c3ccc(O)c(O)c3)c(OC3OC(COC4OC(C)C(O)C(O)C4O)C(O)C(O)C3O)c(=O)c12,2
CC1=C(O)C(=O)CC(OC2CC(C)(C)CC3C4=CCC5C6(C)CCC(OC7OC(C(=O)O)C(O)C(O)C7OC7OC(CO)C(O)C(O)C7O)C(C)(CO)C6CCC5(C)C4(C)CCC23C)O1,2
CC(C)OC(=O)c1ccccc1,2
CC(=O)OCC1OC(Oc2ccc(C(=O)C=Cc3ccc(O)c(O)c3)c(O)c2O)C(O)C(O)C1O,2
CC(NC(=O)C(Cc1ccccc1)NC(=O)C(N)CC(N)=O)C(=O)NC(CC(=O)O)C(=O)O,2
COc1cc(-c2cc(=O)c3c(O)cc(O)c(C4OCC(O)C(O)C4OC4OC(CO)C(O)C(O)C4O)c3o2)ccc1O,2
CCC(C)C(=O)C1=C(O)C(CC=C(C)C)=C(O)C(O)(CC=C(C)C)C1=O,0
CC=C(C)C(=O)OC(c1cc(OC)c2c(c1)OCO2)C(C)OC(=O)C1(C)OC1C,0
NCCCC(NC(=O)CN)C(=O)O,4
CCC(C)C(NC(=O)C(N)CC(=O)O)C(=O)NC(Cc1ccccc1)C(=O)NC(C)C(=O)O,2
CC(C)(Cl)C1CC=C(C=NO)CC1,4
COc1cc(O)c2c(=O)c3c(OC)c(OC4OC(CO)C(O)C(O)C4O)ccc3oc2c1,2
COc1cc(C=O)ccc1OC(=O)C(C)C,2
OCC1OC(O)C(O)C(O)C1O.[Cl-].[K+],2
OC(O)C1OC(O)C(O)C(O)(O)C1O,2
OCC1OC(O)C(O)C(O)C1F,2
OCC1OC(OC2(CO)OC(CO)C(O)C2O)C(O)C(O)C1O.[Cl-].[Na+],2
C#CC#CCC=CCCCC=CC(=O)NCC(C)C,4
CC(=O)c1cnccn1,0
Cc1ncc(COP(=O)(O)O)c(C=O)c1O,1
CC(=O)C(O)C(O)C(O)CO,2
CC1(C)CC2C3=CCC4C5(C)CCC(OC6OC(C(=O)O)C(O)C(O)C6OC6OC(CO)C(O)C(O)C6O)C(C)(CO)C5CCC4(C)C3(C)CCC2(C)CC1O,2
Nc1ncnc2c1nc(Br)n2C1CC(OP(=O)(O)O)C(CO)O1,2
O=C(O)CSc1cccc(Br)c1,1
CC(=O)C=CC=C(C)C,2
COC1OC(CO)C(OC2OC(CCOS)C(O)C2O)C(O)C1O,2
C=C1CC23CCC4C(C)(C(=O)OC5OC(CO)C(OC6OC(CO)C(O)C(O)C6O)C(O)C5O)CCCC4(C)C2CCC1(OC1OC(CO)C(O)C(O)C1O)C3,2
C=C1CC23CCC4C(C)(C(=O)OC5OC(CO)C(O)C(O)C5O)CCCC4(C)C2CCC1(OC1OC(CO)C(OC2OC(CO)C(O)C(O)C2O)C(O)C1O)C3,2
CC(=CCCC(C)=CCOC1OC(CO)C(O)C(OC2OC(C)C(O)C(O)C2O)C1OC1OC(C)C(O)C(O)C1O)CCC=C(C)COC1OC(CO)C(O)C(OC2OC(C)C(O)C(O)C2O)C1OC1OC(C)C(O)C(O)C1O,2
CNS(=O)(=O)NC1CCCCC1,2
O=c1cc(-c2ccc(O)c(O)c2)oc2cc(O)cc(O)c12,0
CNCC(=O)NC(CC(=O)O)C(=O)NC(Cc1ccccc1)C(=O)O,2
CC(C)OC(=O)C(CO)NC(=O)C(N)CC(=O)O,2
OC1CC(O)C(O)CC1O,4
O=CC(O)C(O)C(O)C(O)C=O,2
CCCCOC(=O)C(C)C,2
CC1OC(Oc2cc(-c3oc4cc(O)cc(O)c4c(=O)c3O)ccc2O)C(O)C(O)C1O,2
CC([NH3+])C(=O)NC(Cc1ccccc1)C(=O)[O-],2
CCCC=CCOC(=O)CCC,4
NCCCCC(NC(=O)C(CCC(N)=O)NC(=O)C(N)CC(=O)O)C(=O)NC(Cc1ccccc1)C(=O)O,2
CC1SC(C)N2CCCC2S1,4
O=C1NC(Cc2ccccc2)C(=O)NC1CO,0
CC(C)C(NC(=O)C(N)CO)C(=O)NC(CC(=O)O)C(=O)NC(Cc1ccccc1)C(=O)O,2
CC(O)C(OC1OC(C)C(O)C(O)C1O)C(O)C(O)CO,2
S=C(S)NC1CCCC1,1
CCC(C)C(NC(=O)C(C)NC(=O)C(N)CC(N)=O)C(=O)NC(Cc1ccccc1)C(=O)O,2
COC1C(C)OC(OC2C(O)C(C)OC(O)C2O)C(OC)C1OC,2
COC(=O)C(Cc1ccccc1)NC(=O)C(CC(=O)O)NC(=O)OC(C)(C)C,2
CC(C)=CCc1c(OC2OC(CO)C(O)C(O)C2O)cc2oc(-c3ccc(O)c(O)c3)c(O)c(=O)c2c1O,2
CC=C(C)C,2
CCC(C)(O)CCCC(C)C,4
O=c1c(OC2OC(CO)C(O)C(O)C2O)c(-c2cc(O)c(O)c(O)c2)oc2cc(O)cc(O)c12,0
OCC1OC(O)C(O)[C](O)C1O,2
CCCOCC(=O)N(C(=O)C(N)CC(=O)OC)C(Cc1ccccc1)C(=O)O,2
Nc1ncnc2c1ncn2C1OC(COP(=O)(O)OP(=O)(O)C(O)[P+]([O-])(O)O)C(O)C1O,2
S=c1nn[nH]n1-c1ccccc1,1
O=c1ccc2cc(O)c(O)cc2o1,0
CC1=C(O)C(=O)C2C3(C)C(CC4C(C)CC(O)C(O)C42C)OC(=O)CC13,0
CC(C)CC(=O)OCCCc1ccccc1,4
Nc1ncnc2c1ncn2C1OC(COP(=O)(O)OP(=O)(O)NP)C(O)C1O,2
CC1(C)CCC2(C(=O)OC3OC(CO)C(O)C(O)C3O)CCC3(C)C(=CCC4C5(C)CCC(OC6OC(C(=O)O)C(O)C(O)C6OC6OCC(O)C(O)C6O)C(C)(C)C5CCC43C)C2C1,2
O=c1cc(-c2ccc(O)c(O)c2)oc2cc(OC3OC(COC4OCC(O)C(O)C4O)C(O)C(O)C3O)cc(O)c12,2
CC1C=CC(=O)O1,2
CC1OC(OCC2OC(Cc3c(-c4ccc(O)c(O)c4)oc4cc(O)cc(O)c4c3=O)C(O)C(O)C2O)C(O)C(O)C1O,2
CCOC(=O)CC(N)C(=O)NC(Cc1ccccc1)C(=O)O,2
O=C(O)CNC(=Nc1ccc([N+](=O)[O-])cc1)NCC1CCCCC1,2
CCCOc1cc(OC2OC(CO)C(O)C(O)C2O)cc2oc(-c3ccc(O)c(O)c3)c(OC)c(=O)c12,2
CC(C)CC(NC(=O)C(C)NC(=O)C(CC(=O)O)NC(=O)C(N)Cc1ccccc1)C(=O)O,2
O=c1cc(-c2ccc(O)cc2)oc2cc(OC3OC(COC4OCC(O)C(O)C4O)C(O)C(O)C3O)c(O)c(O)c12,2
C=CCCC(=O)NC(C)C(=O)NC(Cc1ccccc1)C(=O)OC,2
CC(=O)c1ccc(O)c([N+](=O)[O-])c1,1
COC(=O)C(Cc1ccccc1)NC(=O)C(CC(=O)O)NC(=O)Nc1ccc([N+](=O)[O-])cc1,2
C=C1CC23CCC4C(C)(C(=O)OC5OC(CO)C(OC6OC(CO)C(OC7OC(CO)C(O)C(O)C7O)C(O)C6O)C(O)C5O)CCCC4(C)C2CCC1(OC1OC(CO)C(OC2OC(CO)C(OC4OC(CO)C(O)C(O)C4O)C(O)C2O)C(O)C1O)C3,2
COC1C(O)C(COP(C)(=O)O)OC1n1cnc2c(N)ncnc21,2
CCCCCCCC=CC(=O)O,2
Nc1ncnc2c1ncn2C1OC(COP(=O)(O)N=P(O)(O)O)C(O)C1O,2
NCCCCC(N)C(=O)NC(CCCCN)C(=O)NC(Cc1ccccc1)C(=O)NC(CC(N)=O)C(=O)O,2
CC1NC(C)SC(C)S1,4
O=C(O)c1ccccn1,1
CC(=O)OC1CC2C(C=C(C)CCC=C1C)OC(=O)C2C,0
COCC1OC(OOCC2OC(OC)C(O)C(O)C2O)C(O)C(OC)C1O,2
CCOC(=O)C(CC)(CC)C(=O)O,1
OCC(O)C(O)C(CO)OC1OC(CO)C(O)C(O)C1O,2
COc1cc(-c2oc3cc(O)cc(O)c3c(=O)c2OC2OC(CO)C(OC3OCC(O)C(O)C3O)C(O)C2O)ccc1O,2
O=C(O)C1=C(C(=O)O)CC=CC1,1
CN(C)C=S,0
CC(NC(=O)CNC(=O)C(N)CC(=O)O)C(=O)NC(Cc1ccccc1)C(=O)O,2
COC(C[Hg])CNC(=O)c1ccccc1OCC(=O)[O-].O.[Na+],0
OCCCCCCCCOC1OC(CO)C(O)C(O)C1O,2
COc1ccc(-c2coc3c(O)c(OC4OC(CO)C(O)C(O)C4O)ccc3c2=O)cc1,2
Nc1ncnc2c1nc(Br)n2C1OC2COP(=O)([O-])OC2C1O.O.[Na+],2
CC(C)CC(NC(=O)C(Cc1ccccc1)NC(=O)C(N)CC(=O)O)C(=O)NC(CCCCN)C(=O)O,2
CC(C)CC(NC(=O)C(CC(=O)O)NC(=O)C(N)CC(=O)O)C(=O)NC(Cc1ccccc1)C(=O)O,2
OCC1OC(O)(CO)C(O)C(O)C1O,2
CC(C)C(NC(=O)C1CCCN1)C(=O)NC(CC(=O)O)C(=O)NC(Cc1ccccc1)C(=O)O,2
CC(NC(=O)C(N)CC(=O)O)C(=O)NC(C)(C1CC1)C(C)(C)C,2
COC(=O)C(Cc1ccccc1)NC(=O)C(CC(=O)O)NC(=O)C(CC(=O)O)NC=O,2
CCC(C)C(NC(=O)C(C)N)C(=O)NC(Cc1ccccc1)C(=O)NC(CC(N)=O)C(=O)O,2
COC1OC(C)C(OC)C(OC)C1O,2
NC(=O)CC(NC(=O)C(N)CC(=O)O)C(=O)NC(Cc1ccccc1)C(=O)NC(Cc1ccccc1)C(=O)O,2
COC(=O)C1OC(OC2CCC3(C)C(CCC4(C)C3CC=C3C5CC(C)(C)CCC5(C(=O)OC5OC(CO)C(OC6OC(C)C(O)C(O)C6O)C(O)C5O)CCC34C)C2(C)C)C(O)C(OC2OC(C)C(O)C(O)C2O)C1O,2
Nc1ncnc2c1ncn2C1OC(COP(=O)(O)OP(=O)(O)NP(=O)(O)O)C(O)C1O,2
COC(=O)C1OC(OC2CCC3(C)C(CCC4(C)C3CC=C3C5CC(C)(C(=O)OC)CC(OC6OCC(O)C(O)C6O)C5(C)CCC34C)C2(C)CO)C(OC2OC(CO)C(O)C(O)C2O)C(O)C1O,2
OCC(O)C(O)C(O)C(O)COC1OC(CO)C(OC2OC(CO)C(O)C(O)C2O)C(O)C1O,2
OCC1OC(O)C(OC2(COC3(CO)OC(CO)C(O)C3O)OC(CO)C(O)C2O)C(O)C1O,2
COC(=O)C(Cc1ccccc1)NC(=O)CN=[N+]=[N-],2
Cc1nc2c(=O)[nH]cnc2[nH]c1=O,1
CC1(C)CCC2(C(=O)O)C(O)CC3(C)C(=CCC4C5(C)CCC(OC6OC(C(=O)O)C(OC7OCC(O)C(O)C7O)C(O)C6O)C(C)(CO)C5CCC43C)C2C1,2
Nc1ncnc2c1ncn2C1OC(COP(=O)(O)SP(=O)(O)O)C(O)C1O,2
CC(O)C(O)C(O)COP(=O)(O)OP(=O)(O)OCC1OC(n2cnc3c(N)ncnc32)C(O)C1O,2
O=C1CC(c2ccc(O)cc2)Oc2cc(O)ccc21,0
CC1=CCC(C(C)CC=O)CC1,2
CC1(C)CCC2(C(=O)OC3OC(CO)C(O)C(O)C3O)CCC3(C)C(=CCC4C5(C)CCC(OC6OC(C(=O)O)C(O)C(O)C6O)C(C)(C)C5CCC43C)C2C1,2
CC1OC(OCC2OC(Oc3c(-c4ccc(O)c(O)c4)oc4cc(O)cc(O)c4c3=O)C(OC3OC(C)C(O)C(O)C3O)C(O)C2O)C(O)C(O)C1O,4
Nc1cc([N+](=O)[O-])ccc1OC1CCOCC1,2
COCC1OC(O)C(OC2OC(C)C(O)C(O)C2O)C(O)C1O,2
Nc1ccc(S(=O)(=O)O)cc1,1
COC1CC(O)C(CO)OC1O,2
CC(NC(=O)C(C)NC(=O)C(CC(=O)O)NC(=O)C(N)Cc1ccccc1)C(=O)O,2
CC1OC(OC2CCC3(C=O)C4CCC5(C)C(C6=CC(=O)OC6)CCC5(O)C4CCC3(O)C2)C(O)C(O)C1O,0
NCCCCC(NC(=O)C(N)CC(N)=O)C(=O)NC(CCCCN)C(=O)NC(Cc1ccccc1)C(=O)O,2
COc1cc(-c2oc3cc(O)cc(O)c3c(=O)c2OC2OC(COC3OC(C)C(C)C(O)C3O)C(O)C(O)C2O)ccc1O,2
Nc1ncnc2c1ncn2C1OC(COP(=O)(O)OP(=O)(O)O)C(O)C1O,2
CN1C(=O)C(N)CC(=O)OC(=O)C1Cc1ccccc1,2
COCC1OC(OC2C(CO)OC(O)C(OC)C2O)C(OC)C(O)C1O,2
CCC=CCC(=O)O,1
COC1OC(COC(C)(C)OC)(OC)C2OC(C)(C)OC2C1O,2
Cc1[nH]c(=O)[nH]c2nc(=O)cnc1-2,1
COc1nc2c(N)ncnc2n1C1OC(COP(=O)(O)O)C(O)C1O,2
COC1CC(OC2C(O)CC(OC3C(C)OC(OC4CCC5(C)C(=CCC6C5CCC5(C)C6CC(OC6OC(COC7OC(CO)C(O)C(O)C7OC7OC(CO)C(O)C(O)C7O)C(O)C(O)C6O)C5C(C)=O)C4)C(O)C3OC)OC2C)OC(C)C1OC(=O)C=C(C)C,2
COc1c(-c2ccccc2)oc2c(ccc3occc32)c1=O,0
[N-]=[N+]=Nc1nc(N)c2ncn(C3OC(CO[P+](=O)[O-])C(O)C3O)c2n1,2
COc1ccc(-c2oc3cc(O)cc(O)c3c(=O)c2OC2OC(CO)C(O)C(O)C2OC2OC(CO)C(O)C(O)C2O)cc1O,2
Nc1ncnc2c1ncn2C1OC(COP(O)O)C(O)C1O,2
OCC1OC(OC2C(CO)OC(O)(O)C(O)C2O)C(O)C(O)C1O,2
O=C(O)c1c(O)cccc1[N+](=O)[O-],1
CC=C(C)C(CCC(C)CCCC(C)CCCC(C)C)OC1C(CO)OC(Oc2c(-c3ccc(OC)c(OC)c3)oc3cc(O)cc(O)c3c2=O)C(O)C1O,2
CC1OC(Oc2c(O)cc(O)c3c(=O)cc(-c4ccc(O)cc4)oc23)C(O)C(O)C1O,2
CC(C)C(N)C(=O)NC(Cc1ccccc1)C(=O)NC(CCCCN)C(=O)NC(CC(N)=O)C(=O)O,2
CC1COC(C(C)C)O1,4
COc1cc2oc(-c3ccc(OC4OC(CO)C(O)C(O)C4O)cc3)cc(=O)c2c(O)c1OC,2
COc1ccc(CCc2ccc(Br)cc2)cc1O,4
[N-]=[N+]=Nc1nc(N)c2nc(N=[N+]=[N-])n(C3OC(COP(=O)(O)O)C(O)C3O)c2n1,2
OCC1OC(OCC2OC(OCCF)C(O)C(O)C2O)C(O)C(O)C1O,2
CN(C)c1nc2c(N)ncnc2n1C1OC(COP(=O)(O)O)C(O)C1O,2
OCC1OC(OC2(COC3(CO)OC(CO)C(O)C3O)OC(CO)C(O)C2O)C(O)C(O)C1O,2
NC(Cc1c[nH]c2ccccc12)C(=O)N1CCCC1C(=O)O,0
OCC1OC(OC2(CO)OC(CCl)C(Cl)C2O)C(O)C(O)C1O,4
COC1=NS(=O)(=O)c2ccccc21,2
CCCCCCCC(=O)NC(Cc1ccccc1)C(=O)OC,2
CCCCCCNC(=S)S,1
[CH2]C(O)C(O)C(O)C(O)CO,2
NC(CSSCC(N)C(=O)O)C(=O)O,4
COc1ccc(CCC(C)=O)cc1,2
COC(=O)Cc1cn(C2OC(CO)C(O)C(O)C2O)c2ccccc12,4
CCC(=O)C=Cc1ccc(OC)cc1,2
CC1(C)CCCC2(C)C1CCC1(C=O)C(O)CC(C=O)=CCC21,4
CC(C)CC(NC(=O)C(Cc1ccccc1)NC(=O)C(CC(=O)O)NC(=O)C(N)CC(=O)O)C(=O)O,2
CCOP(=S)(OCC)OCC1OC(n2cnc3c(N)ncnc32)C(O)C1O,2
COCCOCCOCC1OC(O)C(O)C(O)C1O,2
N#Cc1ccc(NC(=O)NC(CC(=O)O)c2ccccc2[N+](=O)[O-])cc1,2
OCC1CC(O)(OC2OC(CO)C(O)C(O)C2O)C(O)C(O)O1,2
CC(C)CC(NC(=O)C(N)CCCCN)C(=O)NC(Cc1ccccc1)C(=O)NC(CC(N)=O)C(=O)O,2
CCC(O)CCCOC1OC(CO)C(O)C(O)C1O,2
COc1cc(O)c2c(=O)cc(-c3c(O)cccc3OC3OC(CO)C(O)C(O)C3O)oc2c1OC,2
CCn1cc(C(=O)O)c(=O)c2cc(F)c(N3CCNCC3)nc21,0
COc1ccc(CCc2ccccc2)cc1N,4
CCC(C)CC(C)NC(=O)C(N)CC(=O)O,2
NC(=O)CC(NC(=O)C(Cc1ccccc1)NC(=O)C(N)CC(=O)O)C(=O)NC(CC(=O)O)C(=O)O,2
COc1c(O)cc2oc(-c3ccc(O)c(O)c3)cc(=O)c2c1O,0
C=CC(=O)CCCCCC,4
CC(C)CC(NC(=O)C(N)Cc1ccccc1)C(=O)NC(CC(=O)O)C(=O)NC(CC(=O)O)C(=O)O,2
C=C1C(=O)OC2C1CCC(C)=CCCC1(C)OC21,0
CC(C)=CCc1c(O)cc(O)c2c1OC(c1ccc(O)cc1)CC2=O,0
O=C(O)C(O)c1ccccc1F,1
NCCCCNc1nc2c(N)ncnc2n1C1OC(COP(=O)(O)O)C(O)C1O,2
Cc1cc(O)cc(O)c1,2
CC1OC(OOCC2OC(O)(CO)C(O)C2O)C(O)C(O)C1O,2
CC1(C)OC2C(O)OC(CO)C(O1)C2O,2
C/C(=C\CO)CCC1C(C)(O)CC(OC2OCC(O)C(O)C2O)C2C(C)(CO)CCCC12C,0
CCCOCC(=O)NC(CC(=O)O)C(=O)NC(Cc1ccccc1)C(=O)OC,2
CCCC(C)OC(=O)CCNC(=O)C(N)CC(=O)O,2
COc1cc(CCC(=O)CCCCc2ccccc2)ccc1O,4
Nc1ncnc2c1ncn2C1(P(=O)(O)OP(=O)(O)OP(=O)(O)O)OC(CO)C(O)C1O,2
COC1OC(CO)C(O)C(OC2OC(C)C(O)CC2O)C1OC1OC(CO)C(O)C(O)C1O,2
O=C(CCc1ccc(O)cc1)c1c(O)cc(O)c(OC2OC(O)C(O)C(O)C2O)c1O,2
CCOC(=O)C(Cc1ccccc1)NC(=O)C(C)N,2
CCCCOC1CC(OC)C(O)C(C)O1,2
C=C(CCC=C(C)C)C1CC=C(CCC=C(C)C)CC1,4
CC1=C(O)C(=O)CC1,4
CC1CCCC(OC2CCOC(O)C2O)O1,2
CP(=O)(O)OCC1OC(n2cnc3c(N)ncnc32)CC1O,2
CCCCOC1OC(CO)C(O)C(O)C1OC1OC(C)C(O)C(O)C1O,2
CC(CCc1ccco1)NC(=O)C(N)CC(=O)O,2
COC1C(O)C(CO)OC(OC2C(CO)OC(O)C(O)C2OC)C1O,2
C=C1CC23CCC4C(C)(C(=O)OC5OC(CO)C(O)C(O)C5OC5OC(CO)C(O)C(O)C5O)CCCC4(C)C2CCC1(OC1OC(COC2OC(CO)C(O)C(O)C2O)C(O)C(O)C1OC1OC(CO)C(O)C(O)C1O)C3,2
COC1CC(OC2C(C)OC(O)CC2OC)OC(C)C1O,2
Cc1sccc1S,4
CCC=C(C)C(=O)O,1
CC(N)C(=O)NC(Cc1ccccc1)C(=O)NC(CC(=O)O)C(=O)NC(CCC(N)=O)C(=O)O,2
COc1cc(-c2oc3cc(O)cc(O)c3c(=O)c2OC)ccc1OC1OC(CO)C(O)C(O)C1O,2
CC1(C)CCC2(C(=O)O)C(O)CC3(C)C(=CCC4C5(C)CCC(OC6OC(C(=O)O)C(O)C(O)C6O)C(C)(C)C5CCC43C)C2C1,2
O=C(O)/C=C/Cl,1
OCC1OC(OC2OC(CO)C(O)C(O)C2OC2OC(CO)C(O)C(O)C2O)C(O)C(O)C1O,2
CC(C)COC(=O)C(CO)NC(=O)C(N)CC(=O)O,2
O=[N+]([O-])c1cc(-c2ccccc2)ccc1O,1
OCCC(O)C(O)(O)CO,2
COc1ccc(COC(=O)c2ccccc2O)cc1O,2
COC(=O)C(Cc1ccccc1)NC(=O)C(C)N,2
C=C1C(=O)C23C(O)CC4C(C)(C)CC(O)CC4(C)C2CCC1C3O,0
COC1OC(C(O)CO)C(OC)C1O,2
CCc1ccc(C(=O)O)s1,1
O=C(O)CCNC(=O)C(Cc1ccccc1)NC(Cc1ccccc1)C(=O)O,2
O=c1cc(-c2ccc(O)c(O)c2)oc2c(C3OC(CO)C(O)C(O)C3OC3OC(CO)C(O)C(O)C3O)c(O)cc(O)c12,2
COc1cc2oc(-c3ccc(O)c(OC4OC(CO)C(O)C(O)C4O)c3)cc(=O)c2c(O)c1O,2
CC(C)C(NC(=O)C(N)CC(=O)O)C(=O)NC(CCC(N)=O)C(=O)NC(Cc1ccccc1)C(=O)O,2
CC(O)COC1OC(COC2OCC(O)C(O)C2O)C(O)C(O)C1O,2
OCC(O)C1OC(OC2C(O)OC(C(O)CO)C(O)C2O)C(O)C(O)C1O,2
CC1(C(=O)O)CC(O)C2(C)CCC3(C)C(=CC(=O)C4C5(C)CCC(OC6OC(C(=O)O)C(O)C(O)C6OC6OC(C(=O)O)C(O)C(O)C6O)C(C)(CO)C5CCC43C)C2C1,2
CCN(CC([N+](=O)[O-])[N+](=O)[O-])[N+](=O)[O-],1
CCCCC(NC(=O)C(N)CC(=O)O)C(=O)OC(C)C,4
NCCCCC(NC(=O)CNC(=O)C(CC(=O)O)NC(=O)C(N)Cc1ccccc1)C(=O)O,2
CC(C)(C)OC(=O)CC(N)C(=O)NC(C(=O)OC(C)(C)C)c1ccccc1,2
COc1ccc(C2SCc3c(O)cccc3S2)cc1O,2
COC(=O)C1OC(OC2CCC3(C)C(CCC4(C)C3CC=C3C5CC(C)(C(=O)OC)CC(OC(C)=O)C5(C)CCC34C)C2(C)CO)C(OC2OCC(O)C(O)C2OC2OC(C)C(O)C(O)C2O)C(O)C1O,2
CCCC[Sn+2]CCCC.[O-]C1C(O)OC(CO)C(O)C1[O-],2
Cc1noc(NS(=O)(=O)c2ccc(N)cc2)c1C,0
COc1cc(-c2oc3cc(O)cc(OC4OC(CO)C(O)C(O)C4O)c3c(=O)c2O)ccc1O,2
Nc1ncnc2c1ncn2C1OC(C(OOP(=O)(O)O)OP(=O)(O)O)C(O)C1O,2
COc1ccc(CCc2ccc(CO)cc2)cc1O,4
O=c1[nH]c(=O)c2ncn(C3OC(COP(=O)(O)O)C(O)C3O)c2[nH]1,3
CC(CCC([N+](=O)[O-])[N+](=O)[O-])([N+](=O)[O-])[N+](=O)[O-],1
CCCCCCCC=CC=CC=O,4
CCN1C(=O)c2cccc([N+](=O)[O-])c2S1(=O)=O,4
COc1ccc(-c2cc(=O)c3ccc(OC4OC(CO)C(O)(OC5OC(CO)C(O)C(O)C5O)C(O)C4O)cc3o2)cc1OC,2
CC(O)C(C)O,4
NC(N)=NCCCC(N)COP(=O)(O)OCC1OC(n2cnc3c(N)ncnc32)C(O)C1O,2
CC1CC(O)C2(CCCCO2)O1,2
COc1ccc(-c2coc3cc(OC4OC(CO)C(O)C(O)C4O)ccc3c2=O)cc1,0
COc1ccc(C2CC(=O)c3c(O)cc(OC4OC(COC5OC(C)CC(O)C5O)C(O)C(O)C4O)cc3O2)cc1O,2
COc1ccc(-c2coc3cc(OC4OC(CO)C(O)C(O)C4O)c(O)cc3c2=O)cc1,2
Nc1ncnc2c1ncn2C1CC(O)C(COP(N)(=O)O)O1,2
CCCOC1OC(C)C(O)C(OC2OC(CO)C(O)C(O)C2O)C1O,2
CCC(C)C(=O)OCC(C)NC(=O)C(N)CC(=O)O,2
CC(=O)NC(CC(=O)O)C(=O)NC(Cc1ccccc1)C(=O)NC(CCCCN)C(=O)O,2
NCC(=O)NC(CO)C(=O)NC(CC(N)=O)C(=O)NC(Cc1ccccc1)C(=O)O,2
CC=CCC([N+](=O)[O-])[N+](=O)[O-],1
COC1OC(COC2OC(CO)C(OC)C(OC)C2O)C(O)C(O)C1O,2
NC(N)=NCCCC(NC(=O)C(N)CC(=O)O)C(=O)NCC(=O)NC(Cc1ccccc1)C(=O)O,2
COc1c2occc2c(OC)c2c(=O)cc(C)oc12,0
COc1cc(O)c(OC2OC(CO)C(O)C(O)C2O)c2occ(-c3ccc(O)cc3)c(=O)c12,2
CCC=CCC=O,4
OCC1SC(O)C(O)C(O)C1O,2
O=c1cc(-c2ccc(O)cc2)oc2ccccc12,0
OC1COC2(COCCO2)C(O)C1O,2
CC(CCC(OC1OC(COC2OC(CO)C(O)C(O)C2O)C(O)C(O)C1O)C(C)(C)O)C1CCC2(C)C3CC=C4C(CCC(OC5OC(CO)C(O)C(O)C5O)C4(C)C)C3(C)C(O)CC12C,0
CCC(C)C(=O)OC1C(O)C2(CO)C(O)CC3(C)C(=CCC4C5(C)CCC(OC6OC(C(=O)O)C(O)C(OC7OC(CO)C(O)C(O)C7=O)C6O)C(C)(CO)C5CCC43C)C2CC1(C)C,2
CCCCCCCCCCC,4
Nc1ncnc2c1nc(N)n2C1OC(CO)C(O)C1O,2
NCCCCC(NC(=O)C(N)Cc1ccccc1)C(=O)NC(CC(N)=O)C(=O)NC(CC(N)=O)C(=O)O,2
CC1OC(OCC2OC(Oc3c(-c4ccc(OCCO)c(O)c4)oc4cc(OCCO)cc(O)c4c3=O)C(O)C(O)C2O)C(O)C(O)C1O,2
CCC(C)C(NC(=O)C(Cc1ccccc1)NC(=O)C(CC(=O)O)NC(=O)C(N)CCCCN)C(=O)O,2
CCCCN(CCC)c1ncnc2c1ncn2C1OC2COP(=O)(O)OC2C1O,2
SCCCS,4
COC1OC(COC(C)=O)C(O)C(OC(C)=O)C1OC(C)=O,2
CC1OC(OC2C(OC3C(C(=O)O)OC(OC4CCC5(C)C(CCC6(C)C5CC=C5C7CC(C)(C)CC(O)C7(C)CCC56C)C4(C)CO)C(O)C3O)OC(CO)C(O)C2O)C(O)C(O)C1O,2
OCC1OCCC(OC2OC(CO)C(O)C(O)C2O)C1O,2
CC(=O)c1oc2cc(OC3OC(CO)C(O)C(O)C3O)cc(O)c2c(=O)c1-c1ccc(O)cc1,0
OCC1CC(O)C(O)C(OCl)O1,2
CC1(C(=O)O)CCCC23CC4CC5(OC6OC(CO)C(O)C(OC7OC(CO)C(O)C(O)C7O)C6OC6OC(CO)C(O)C(O)C6O)CC(CCC12)(CC5=CI)C43,2
CC(C)C(C(=O)O)S(=O)(=O)c1ccc(Cl)cc1Cl,0
NC(=O)CC(N)C(=O)NC(CC(=O)O)C(=O)NC(Cc1ccccc1)C(=O)NC(Cc1ccccc1)C(=O)O,2
O=C(O)C12CC(C1)C2,1
CCC(C)C(NC(=O)C(Cc1ccccc1)NC(=O)C(CC(=O)O)NC(C)=O)C(=O)NCC(=O)OC,2
CCCOC1C(O)COC(O)C1O,2
CC(=O)OC1CCC2(C)C1CCC1(C)C2CCC2C3(C)CCCC(C)(C)C3CCC21C,0
COc1ccc(C(=O)O)c2ccccc12,1
O=CC(O)(O)C(O)(O)C(O)C(O)CO,2
CC(C)=CCCC(C)(O)C1CO1,4
C#CCNc1ncnc2c1ncn2C1OC(COP(=O)(O)O)C(O)C1O,2
COC1C(CO)OC(OC2(CO)OC(CO)C(OC)C2OC)C(OC)C1OC,2
C=CC(C)(CCC=C(C)C)OC(=O)CCCC,4
C=CCSC#N,4
CC(C)CC(NC(=O)C(CC(=O)O)NC(=O)C(CC(N)=O)NC(=O)C(N)Cc1ccccc1)C(=O)O,2
CCCCc1c(O)ncnc1S,1
COC(C(=O)CO)C(O)C(O)CO,2
COc1ccccc1C(O)C(=O)O,1
CCN(CC)C1=NS(=O)(=O)c2cc([N+](=O)[O-])ccc21,0
C=CCCCSCC(=O)O,1
Cc1ccc(C(=O)O)c(O)c1,1
NCCOc1ccc([N+](=O)[O-])cc1N,2
CC(NC(=O)C(CC(=O)O)NC(=O)C(N)Cc1ccccc1)C(=O)NC(CCC(N)=O)C(=O)O,2
OCc1ccccc1,2
CCOC1(O)C(C)C(OC(=O)c2cc(OC)c(O)c(OC)c2)C(O)C1OCC1OC(O)C(O)C(O)C1O,0
COC(=O)OCC1OC(O)CC(O)C1O,2
CCC(C)(N)C(=O)NC(Cc1ccccc1)C(=O)OC,2
CCCCOC(=O)CCCCCCCCC(=O)OCCCC,4
OCC(O)COCC1OC(O)C(O)C(O)C1O,2
CCCCCN1C(=O)c2ccc([N+](=O)[O-])cc2S1(=O)=O,0
OCC1OC(OC2C(O)C(CO)OC(OC3(CO)OC(CO)C(O)C3O)C2O)C(O)C(O)C1O,2
O=Nc1cc(S(=O)(=O)O)c2cn[nH]c2c1O,1
OCCCC(O)C(O)CO,2
Cc1cc(N=C(NCC(=O)O)NC(C)c2ccccc2)cc(C)c1C#N,2
CC(C)CC(NC(=O)C(N)CC(=O)O)C(=O)NC(Cc1ccccc1)C(=O)NC(CCCCN)C(=O)O,2
O=Cc1ccc(CO)n1Cc1ccc(CO)o1,0
CC1OC(OC2C(Oc3cc(O)c4c(=O)cc(-c5ccc(OC6OC(CO)C(O)C(O)C6OC6OC(CO)C(O)C(O)C6O)c(O)c5)oc4c3)OC(CO)C(O)C2O)C(O)C(O)C1O,2
CC(C)CC(=O)OCC(C)NC(=O)C(N)CC(=O)O,2
CC(C)=CCCC(C)=CC(C)(C)O,4
COC1OC(CO)C(OC2OC(CO)CC(O)C2O)C(O)C1O,2
O=C(OCc1ccccc1)c1ccccc1,2
COc1cc(O)c2c(=O)c3c(O)c(OC4OC(COC5OC(C)C(O)C(O)C5O)C(O)C(O)C4O)ccc3oc2c1,2
O=C(O)C[SH](=O)(O)c1ccc([N+](=O)[O-])cc1,1
OCCOCCOCCOCCOC1OC(CO)C(O)C(O)C1O,2
CCOP(=O)(O)OP(=O)(O)OCC1OC(n2cnc3c(N)ncnc32)C(O)C1O,2
OCC(O)C(O)C(OC1OC(CO)C(O)C(OC2OC(CO)C(O)C2O)C1O)C(O)CO,2
C=C1CC23CCC4C(C)(C(=O)OC5OC(CO)C(O)C(O)C5O)CCCC4(C)C2CCC1(OC1OC(CO)C(O)C(OC2OC(CO)C(OC4OC(CO)C(O)C(O)C4O)C(O)C2O)C1OC1OC(CO)C(O)C(O)C1O)C3,2
OCC(O)C(O)C(OC1OC(COC2OCC(O)C(O)C2O)C(O)C(O)C1O)C(O)CO,2
C=Cc1ccc(OC)c(OC)c1,4
CC(C)CCOC(=O)C=Cc1ccccc1,4
CC1=CC(OC2OC(CO)C(O)C(O)C2O)C(O)C2(C)C1CC1OC(=O)C(O)C3C(C)C(O)C4(O)OCC13C42,0
CCCCCCCCCCCCCCC(C)=O,4
C=CCCCCCCCCC(=O)OCC,4
CC(C)CNCC(C)C,0
CC1OC(OC2C(O)OC(C)C(O)C2O)C(O)C(O)C1O,2
NC(CC(=O)O)C(=O)NC(CCC(=O)O)C(=O)NC(CO)C(=O)O,3
CC1=C2CC(C(C)(C)O)CCC2(C)CCC1,2
CC(O)C(O)CCCO,2
NOCCOCCONc1ncnc2c1ncn2C1OC(COP(=O)(O)O)C(O)C1O,2
NCCCCC(N)C(=O)NC(CC(N)=O)C(=O)NC(CC(N)=O)C(=O)NC(Cc1ccccc1)C(=O)O,2
CC(=O)CCCC(C)CCC=C(C)C,2
COC1COC(O)C(O)C1O,2
CCOC(=O)CC(=O)O,1
CCC(C)C(NC(=O)C(CC(N)=O)NC(=O)C(N)Cc1ccccc1)C(=O)O,2
CC(=O)OCC1OC(OC(C)=O)C(OC(C)=O)C(O)C1OC(C)=O,2
COc1cc(CNC(=O)CCCCCCCC(C)C)ccc1O,1
Cc1cc(O)c(C(=O)CCc2ccc3c(c2)OCCO3)c(OC2OC(CO)C(O)C(O)C2O)c1,2
CCOC1OC(O)(CO)C(O)C(O)C1OC,2
NC(CC(=O)O)C(=O)NC(Cc1ccccc1)C(=O)NCC(=O)NC(CC(=O)O)C(=O)O,2
CC1CCC2(C(=O)O)CCC3(C)C(=CCC4C5(C)CCC(OC6OCC(O)C(O)C6O)C(C)(CO)C5CCC43C)C2C1(C)O,0
Nc1cccc2c1S(=O)(=O)NC2=O,2
NC(Cc1ccccc1)C(=O)NCC(=O)NC(Cc1ccccc1)C(=O)NCC(=O)O,0
C=CCc1cc(OC)c(OC)c(OC)c1,4
COc1ccc(C2Cc3cccc(O)c3C(=O)O2)cc1OS(=O)(=O)O,2
Cc1cccc(=O)c(O)c1C(=O)O,1
COC(=O)C(Cc1ccccc1)NC(=O)C(NC(=O)C(N)C(C)C)C(C)C,2
C=COCC1(OC2OC(CO)C(O)C(O)C2O)OC(CO)C(O)C1O,2
CC1(C)CC(=O)C(C2NC=Nc3nccnc32)C(=O)C1,1
O=C(O)c1cccc2cccnc12,1
CCN1CC2(CO)CCC(OC)C34C5CC6C(OC)CC(O)(C5C6OC)C(O)(C(OC)C23)C14,0
NC(C(=O)O)c1ccc(Cl)cc1,1
CCC(C)C(N)C(=O)NC(CC(=O)O)C(=O)NC(CCCCN)C(=O)NC(Cc1ccccc1)C(=O)O,2
CCN(CC)CCCC(C)Nc1ccnc2cc(Cl)ccc12,0
OCOC1C(O)OC(CO)C(O)C1O,2
COc1ccc(-c2cc(=O)c3c(O)c(OC)c(OC)c(OC4OC(CO)C(O)C(O)C4O)c3o2)cc1,2
COc1ccc(-c2cc(=O)c3c(O)cc(O)c(C4OC(CO)C(O)C(O)C4OC4OC(C)C(O)C(O)C4O)c3o2)cc1O,2
CC(NC(=O)C(N)CC(=O)O)C(=O)N1CCCC1C(=O)NC(Cc1ccccc1)C(=O)O,2
CCCCSSCCCC,4
O=C(O)/C=C/c1ccccc1Br,1
COC(=O)C1OC(OC2CCC3(C)C(CCC4(C)C3CC=C3C5CC(C)(C(=O)OC)CC(O)C5(C)CCC34C)C2(C)CO)C(OC2OC(CO)C(O)C(O)C2OC2OC(C)C(O)C(O)C2O)C(O)C1O,2
NCC(=O)NC(CC(=O)O)C(=O)NC(Cc1ccccc1)C(=O)NC(CCC(=O)O)C(=O)O,2
CC(C)OCC1OC(OC(C)C)C(O)C(O)C1O,2
CCn1cccc1C=O,4
CCCCC(=O)N1C(=O)c2ccccc2S1(=O)=O,2
O=C(CCNC(=O)OCc1ccccc1)N[C@@H](Cc1cnc[nH]1)C(=O)O,1
COc1ccc(-c2oc3cc(O)cc(O)c3c(=O)c2OC2OC(CO)C(O)C(O)C2O)cc1OC,2
CCCC=CC1OCC(C)O1,4
CCCCCCCC(OC)OC,4
COc1ccc(-c2cc(=O)c3c(O)cc(OC4OC(COC5OC(CO)C(O)C5O)C(O)C(O)C4O)cc3o2)cc1O,2
CC1=CC(=O)C2(O)OC3=C4C5(CO)C(CC1C42C)OC(=O)CC5C(C)C3=O,0
Oc1cc(O)c2c(c1)OC1(c3ccc(O)c(O)c3)Oc3cc(O)c4c(c3C2C1O)OC(c1ccc(O)c(O)c1)C(O)C4,4
CC(C)C1(NC(=O)C2C=C3c4cccc5[nH]cc(c45)CC3N(C)C2)OC2(O)C3CCCN3C(=O)CN2C1=O,0
CC1=C(O)C(=O)CO1,2
C=C(C)C1CCC2(C(=O)OC3OC(COC4OC(CO)C(OC5OC(C)C(O)C(O)C5O)C(O)C4O)C(O)C(O)C3O)CCC3(C)C(CC4OC(=O)CCC5(C)C(C(=C)C)CCC3(C)C45)C12,2
COC1OC(COC2OC(CO)C(O)C(O)C2O)C(O)C(OC2OCC(O)C(O)C2O)C1O,2
CCCOC1OC(C)C(O)C(OC)C1OC1OC(C)C(OC2OC(COC)C(O)C(OC)C2O)C(OC)C1OC,2
[O-][Cl+2]([O-])OCC1(OC2OC(CO)C(O)C(O)C2O)OC(CO)C(O)C1O,2
Cc1ccc(C(C)C=O)cc1,2
NC(CC(=O)O)C(=O)N(C=O)C(Cc1ccccc1)C(=O)O,2
CC=C(C)C1CCC(C)(C)O1,2
COc1ccc(C=CC(=O)c2c(O)cc(OC3OC(COC4OC(C)C(O)C(O)C4O)C(O)C(O)C3OC)cc2OC)cc1OC,2
CC(CCC1(O)OC2CC3C4CCC5CC(OC6OC(CO)C(O)C(O)C6OC6OC(CO)C(O)C(O)C6O)CCC5(C)C4CCC3(C)C2C1C)COC1OC(CO)C(O)C(O)C1O,0
O=C(CO)C(O)C(O)C(O)CO.[F-].[Na+],2
COc1cc(/C=C/C(=O)O)cc(OC)c1,1
CC1(C)CCC2(C(=O)O)CCC3(C)C(=CCC4C5(C)CCC(OC6OC(C(=O)O)C(O)C(O)C6OC6OC(CO)C(O)C(O)C6O)C(C)(CO)C5CCC43C)C2C1,2
CCOC1OC(CO)C(O)C(O)C1OCCO,2
CCCOC1OC(C(O)CO)C(OC2OC(CO)C(O)C(O)C2O)C1O,2
NC(N)=Nc1nc(CSCCC(N)=NS(N)(=O)=O)cs1,0
CCC=C1OC(=O)c2ccccc21,4
COC1OC(CO)C2OC(C)(C)OC2C1O,2
O=c1c(OC2OC(CO)C(O)C(O)C2O)c(-c2ccc(OCCO)c(OCCO)c2)oc2cc(OCCO)cc(O)c12,2
NC(=O)CCC(N)C(=O)NC(Cc1ccccc1)C(=O)NC(CC(=O)O)C(=O)NCC(=O)O,2
C=C1CC23CCC4C(C)(C(=O)OC5OC(CO)C(O)C(O)C5O)CCCC4(C)C2CCC1(OC1OC(CO)C(O)C(O)C1OC1OC(CO)C(O)C(OC2OC(CO)C(O)C(O)C2O)C1O)C3,2
O=C(O)c1cc(O)cc2ccccc12,1
C=COCCOC1OC(CO)C(O)C(O)C1O,2
CC(O)OC(CO)C(OC1OC(CO)C(O)C(O)C1O)C(O)CO,2
CC(C)C(NC(=O)C(CC(=O)O)NC(=O)C(N)CCCCN)C(=O)NC(Cc1ccccc1)C(=O)O,2
CC(C)=CCc1c(O)cc2c(c1O)C(=O)CC(c1ccc(O)cc1)O2,0
CC1=CC(=O)CC1,2
C=CCc1ccc(OC(=O)c2ccccc2)c(OC)c1,4
COC1CC(O)C(O)C(CO)O1,2
O=C1C(=Cc2ccc(O)c(O)c2)Oc2cc(O)ccc21,0
CC1(C)CCC2(C(=O)OC3OC(CO)C(O)C(O)C3O)CCC3(C)C(=CCC4C5(C)CCC(OC6OC(C(=O)O)C(OC7OC(CO)C(O)C7O)C(O)C6O)C(C)(C)C5CCC43C)C2C1,2
CCCCC(C)OC1OC(CO)C(O)C(O)C1O,2
COOCC1OC(O)C(O)C(O)C1O,2
N=C=NC1OC(COP(=O)(O)OP(=O)(O)OCC2OC(n3cnc4c(N)ncnc43)C(O)C2O)C(O)C1O,2
CCC(C)C(NC(=O)C(CO)NC(=O)C(N)CC(=O)O)C(=O)NC(Cc1ccccc1)C(=O)O,2
[N-]=[N+]=Nc1nc(N)c2ncn(C3OC(COP(=O)(O)OP(=O)(O)OP(=O)(O)O)C(O)C3O)c2n1,2
CC(=O)Nc1cccc(C(=O)O)c1,1
CCCCCCCC=CCO,4
COc1ccc(-c2cc(=O)c3c(O)cc(O)c(OC4OC(CO)C(O)C(O)C4O)c3o2)cc1,2
CC(C)C(N)C(=O)NC(Cc1ccccc1)C(=O)NC(CC(=O)O)C(=O)NC(C(=O)O)C(C)C,2
COC(=O)C(Cc1ccccc1)NC(=O)C1CCCN1,2
COc1nc[nH]c(=O)n1,1
Sc1ccnnc1,1
Cc1cnc(C(C)C)cn1,4
CC(C)CC(NC(=O)C(N)C(C)C)C(=O)NC(CCC(N)=O)C(=O)NC(CC(=O)O)C(=O)NC(C(=O)NC(Cc1ccccc1)C(=O)O)C(C)C,2
CC(C)CC(NC(=O)CCN)C(=O)NCC(=O)NC(Cc1ccccc1)C(=O)O,2
C=C1CCC2C(=C)C(=O)OC2C=C(C)CCC1OO,0
COC1OC(CO)C(O)C(OC2OC(CO)C(O)C(O)C2O)C1O,2
O=C([O-])O.O=C([O-])O.OCC1OC(OC2(CO)OC(CO)C(O)C2O)C(O)C(O)C1O.[Ca+2],2
OCCC1OC(OC2C(O)OC(CO)C(O)C2O)C(O)C(O)C1O,2
CC(C)CC(NC(=O)C(CO)NC(=O)C(N)CC(=O)O)C(=O)NC(Cc1ccccc1)C(=O)O,2
COC1C(CO)OC(O)C(O)C1OC,2
CC(NC(=Nc1cc(Cl)c(Cl)c(Cl)c1)NCC(=O)O)c1ccccc1,2
COc1cc(O)c2c(=O)c(OC3OC(CO)C(O)C(O)C3O)c(-c3ccc(OC4OC(CO)C(O)C(O)C4O)c(OC)c3)oc2c1,2
O=C(O)c1c(O)c(-c2ccccc2)nc2ccccc12,4
COC1OCC(O)C(OC2OC(C)C(O)C(OC3OC(CO)C(O)C(O)C3O)C2O)C1O,2
CC(=CCO)COC1OC(COC(=O)Cc2ccc(O)c(O)c2)C(O)C(O)C1O,0
CC(C)CC(NC(=O)C(N)CCC(N)=O)C(=O)NC(CC(=O)O)C(=O)NC(Cc1ccccc1)C(=O)O,2
O=Cc1cc(Br)cc([N+](=O)[O-])c1O,1
COCC1OC(O)C(O)C(O)C1O,2
Nc1ncnc2c1ncn2C1OC(COP(=O)(O)OP(=O)(O)C(Br)(Br)[P+]([O-])(O)O)C(O)C1O,2
COc1cc(-c2oc3cc(O)cc(O)c3c(=O)c2OC2OC(COC3OC(C)C(O)C(O)C3O)C(O)C(O)C2O)ccc1O,2
CCC(C)C(NC(=O)C(CC(C)C)NC(=O)C(CC(=O)O)NC(=O)C(C)NC(=O)C(Cc1ccccc1)NC(=O)C(C)NC(=O)C(C)N)C(=O)O,2
CCOc1ccc(CCC(=O)c2ccccc2O)cc1O,2
CN1CCN(C(=S)S)CC1,1
COc1ccc(C2CC(=O)c3c(cc(OC4OC(CO)C(O)C(O)C4O)cc3OC3OC(CO)C(O)C(O)C3O)O2)cc1O,2
CC(NC(=O)C(Cc1ccccc1)NC(=O)C(CC(=O)O)NC(=O)C(N)Cc1ccccc1)C(=O)O,2
OCC1CCCN2CCCCC12,0
C=C1CC23CCC4C(C)(C(=O)OC5OC(CO)C(OC6OC(CO)C(OC7OC(CO)C(OC8OC(CO)C(O)C(O)C8O)C(O)C7O)C(O)C6O)C(O)C5O)CCCC4(C)C2CCC1(OC1OC(CO)C(O)C(O)C1O)C3,2
CC(C)=CCc1c(O)cc(O)c2c(=O)c(O)c(-c3ccc(O)cc3)oc12,0
O=C1CNC(=O)C(Cc2ccccc2)N1,0
CC1CC(O)C(O)C(O)O1,2
CCCCOC(CCCC)OCCCC,2
CC1=C2C(=CC1)C(C)(O)CCC1C(C)C(=O)OC21,0
N#Cc1ccc(NC(=O)NC(CC(=O)O)c2cccnc2)cn1,2
COc1ccc(CCC(=O)c2ccc(OC3OC(C)C(O)C(O)C3OC3OC(C)C(O)C(O)C3O)cc2O)cc1O,2
CC1=C2C3OC(=O)C(C)C3CCC(C)(O)C2C2C3C(O)C4(C)OC5(C)CCC6C(C)C(=O)OC6C4(C12)C35,0
CC(C)CCc1c(-c2cc(O)c(O)c(O)c2)oc2cc(O)cc(OC3OC(CO)C(O)C(O)C3OC3OC(C)C(O)C(O)C3O)c2c1=O,2
C=Cc1ncc(C)nc1CC,4
OCC(O)COC1OCC(OC2OC(CO)C(O)C(O)C2O)C(O)C1O,2
SCCc1cnccn1,4
COC(=O)C1OC(OC2CCC3(C)C(CCC4(C)C3C(=O)C=C3C5CC(C)(C(=O)O)CCC5(C)CCC34C)C2(C)C)C(O)C(OC2OC(CO)C(O)C(O)C2O)C1O,2
O=C(O)C(O)C(C(=O)O)(c1ccccc1)c1ccccc1,1
CC1OC(OC2C(O)C(CO)OC(OC(=O)C34CCC(C)(C)CC3C3=CCC5C6(C)CCC(OC7OC(C(=O)O)C(OC8OC(CO)C(O)C(O)C8O)C(O)C7O)C(C)(C)C6CCC5(C)C3(C)CC4)C2O)C(O)C(O)C1O,2
CC(=O)CCc1ccc(C)cc1,2
COC(=O)C(Cc1ccccc1)NC(=O)C(N)(CC(=O)O)NC(=O)C(C)C,2
NCCCCC(NC(=O)C(Cc1ccccc1)NC(=O)C(CC(=O)O)NC(=O)C(N)CC(=O)O)C(=O)O,2
COc1cc(-c2oc3cc(OC4OC(COC5OC(C)C(O)C(O)C5O)C(O)C(O)C4O)cc(O)c3c(=O)c2OC)ccc1O,2
COc1cc(-c2coc3cc(OC4OC(COC(=O)CC(=O)O)C(O)C(O)C4O)ccc3c2=O)ccc1O,2
NCCCCC(NC(=O)C(Cc1ccccc1)NC(=O)C(N)CC(N)=O)C(=O)NC(CC(N)=O)C(=O)O,2
CCCC(=O)OC(C)C,2
NCCOCCNP(=O)(O)OCC1OC(n2cnc3c(N)ncnc32)C(O)C1O,2
CC1OC(OC2C(O)C(CO)OC(Oc3cc(O)c4c(=O)c(O)c(-c5ccc(O)c(O)c5)oc4c3)C2O)C(O)C(O)C1O,2
CC(=O)c1cccc(C(N)C(=O)O)c1,1
CCCCCC(=O)OCCCC,4
O=C(O)COc1cc(Cl)c(Cl)cc1Cl,1
COc1cc(-c2coc3cc(OC4OC(CO)C(O)C(O)C4O)c(OC)c(O)c3c2=O)cc(O)c1OC,2
OCC1OC(OC2OCC(O)C(O)C2O)C(O)C1O,2
CC1(C)CCC2(C(=O)O)CCC3(C)C(=CCC4C5(C)CCC(OC6OC(C(=O)OC7OC(CO)C(O)C(O)C7O)C(O)C(O)C6O)C(C)(C)C5CCC43C)C2C1,2
CCC(C)CC(=O)O,1
CCSSSC,4
CC1OC(OC2C(OC3C(OC4CCC5(C)C(CCC6(C)C5C(=O)C=C5C7CC(C)(C(=O)O)C(O)CC7(C)CCC56C)C4(C)C)OC(C(=O)O)C(O)C3O)OC(CO)C(O)C2O)C(O)C(O)C1O,2
COc1cc(CNC(=O)CCCCCCC(C)C)ccc1O,4
CC(=O)C1CCC2C3CCC4CC(OC5OC(COC6OC(CO)C(O)C(O)C6O)C(O)C(O)C5OC5OC(CO)C(O)C(O)C5O)CCC4(C)C3CCC12C,2
Nc1ncnc2c1ncn2C1OC(COP(=O)(O)OP(=O)(O)CP(=O)(F)F)C(O)C1O,2
COC1OC2COC(C(O)C(O)C(O)CO)OC2C(O)C1O,2
Nc1ncnc2c1nc(N)n2C1CC(O)C(COP(=O)(O)O)O1,2
COc1cc(-c2cc(=O)c3c(O)cc(OC4OC(CO)C(O)C(O)C4OS(=O)(=O)O)cc3o2)ccc1O,2
C=C(C)OC12OCC3(C(OC(C)=O)CCC(C)(C)C3C1OC(C)=O)C1CCC3C(C)C(=O)C12C3OC(C)=O,0
CC1OC(OC2C(O)C(C(=O)O)OC(OC3CCC4(C)C(CCC5(C)C4CC=C4C6CC(C)(C)CCC6(C(=O)O)CCC45C)C3(C)C)C2OC2OCC(O)C(O)C2O)C(O)C(O)C1O,2
NCCCCC(NC(=O)C(N)CC(=O)O)C(=O)NC(CC(N)=O)C(=O)NC(Cc1ccccc1)C(=O)O,2
OCC1OC(OC2OC(CO)C(O)C(O)C2O)C(O)CC1O,2
Nc1ncnc2c1ncn2C1OC(COP(=O)(O)OP(=O)(O)C[As](=O)(O)O)C(O)C1O,2
N#Cc1ccc(NC(=O)NC(CCc2ccccc2)CC(=O)O)cc1,2
CC(C)C(=O)OCCNC(=O)C(N)CC(=O)O,2
CC(N)C(=O)NC(CC(=O)O)C(=O)NC(Cc1ccccc1)C(=O)NC(CC(N)=O)C(=O)O,2
O=CC=Cc1ccco1,4
O=c1c(-c2ccc(O)cc2O)coc2c(OC3OC(CO)C(O)C(O)C3O)c(O)cc(O)c12,2
NC(=O)CC(NC(=O)CNC(=O)CNC(=O)C(N)Cc1ccccc1)C(=O)O,2
COc1cc(O)c(CCC(C)(C)OC)c2c1C(=O)CC(c1ccc(O)cc1)O2,0
CCC1OC(Oc2cc(OC)cc3oc(-c4ccc(O)c(OC)c4)cc(=O)c23)C(O)C(O)C1O,2
CC1=CCC23C(C)CCC(C(C)C)C2C13,4
O=S(=O)([O-])[O-].OCC1OC(OC2OC(CO)C(O)C(O)C2O)C(O)C(O)C1O.[Na+].[Na+],2
CCC(C)COC(=O)CC(C)C,4
Nc1cc([N+](=O)[O-])ccc1C(=O)O,1
COc1c(OC2OC(CO)C(O)C(O)C2O)ccc(C(=O)C=Cc2ccc(O)c(O)c2)c1O,2
O=C1c2ccccc2S(=O)(=O)N1F,2
Cc1cc(=O)c2c(O)cc(OC3OC(COC(=O)C=Cc4ccc(OC5OC(CO)C(O)C(O)C5O)c(O)c4)C(O)C(O)C3O)cc2o1,2
COC(=O)c1ccccc1OC,4
CCCC(=O)OCC=C(C)CCC=C(C)C,2
CCC(C)C1N=C(C)C(C)S1,4
N#Cc1ccc(N=C(NCC(=O)O)NCC2CCCCC2)cc1,2
CC(NC(=O)C(N)Cc1ccccc1)C(=O)NC(C)C(=O)NC(CC(=O)O)C(=O)O,2
CC1OC(O)C(O)C(O)C1OC1OC(CO)C(O)C(O)C1O,2
O=c1cc(-c2ccccc2O)oc2cc(O)cc(O)c12,0
COCC1OC(CO)(OC2OC(CO)C(OC)C(O)C2O)C(O)C1O,2
CC(N)C(=O)NC(Cc1ccccc1)C(=O)NCC(=O)NC(CC(N)=O)C(=O)O,2
CCCC(C)O,4
CC(C)OC1OC(C(O)CO)C(O)C1O,2
OCCC1OC(O)C(O)C(O)C1O,2
OCC1OC(OC2C(CO)OC(OCCF)C(O)C2O)C(O)C(O)C1O,2
O=C(O)CN(CCN(CC(=O)O)Cc1ccccn1)Cc1ccccn1,1
CC(C)C(NC(=O)C(N)CC(=O)O)C(=O)NC(CCCCN)C(=O)NC(Cc1ccccc1)C(=O)O,2
CC1OC(Oc2cc3oc(-c4ccccc4)cc(=O)c3c(O)c2OC2OC(C)C(O)C(O)C2O)C(O)C(O)C1O,2
CC1(C)OC2CC(=O)OCC23C1=C(O)C(=O)C1(C)C3CCC2(C)C(c3ccoc3)OC(=O)C3OC321,0
O=C(O)Cc1cccc([N+](=O)[O-])c1,1
CCCCCCCCCCOC1C(O)C(O)OC(CO)C1O,2
CC1CCC(C(C)C2CCC3C4CC(=O)C5CC(OC6OC(CO)C(O)C(O)C6OC6OC(C)C(O)C(O)C6O)CCC5(C)C4CCC23C)OC1OC1OC(C)C(O)C(O)C1O,2
CC(=O)C(=O)C(C)C,2
COc1ccc(C2OCc3c(O)cccc3S2)cc1O,2
Nc1ncnc2c1ncn2C1OC(COP(N)O)C(OP(N)O)C1O,2
CC(C)=CCOC(=O)C(C)C,4
OCC1OC(OC2(CCl)CC(O)C(CCl)O2)C(O)C(O)C1Cl,2
c1ncc2nn[nH]c2n1,1
Nc1ncnc2c1nc(N1CCCCC1)n2C1OC(COP(=O)(O)O)C(O)C1O,2
CCCCOC(=O)C1OC(OC2C(OC3CCC4(C)C(CCC5(C)C4C(=O)C=C4C6CC(C)(C(=O)OCCCC)CCC6(C)CCC45C)C3(C)C)OC(C(=O)OCCCC)C(O)C2O)C(O)C(O)C1O,2
O=C1c2ccccc2S(=O)(=O)N1[Se]c1ccccc1,2
OCC1OC(OCOC2OC(CO)C(O)C(O)C2O)C(O)C(O)C1O,2
CC(O)COC1C(O)C(CO)OC(OC2C(CO)OC(O)C(O)C2O)C1O,2
CC=C(C)C(C)=NO,4
CC(C)=CCC1C(=O)C(C(=O)C(C)C)=C(O)C1O,0
NC(=O)Nc1ccc(OC(F)C(F)(F)F)cc1,2
COc1ccc(-c2oc3cc(OCCO)cc(O)c3c(=O)c2OC2OC(COC3OC(C)C(O)C(O)C3O)C(O)C(O)C2O)cc1OC,2
NC(=O)CC(N)C(=O)NC(CC(=O)O)C(=O)NC(Cc1ccccc1)C(=O)NC(CC(N)=O)C(=O)O,2
CCC(=O)c1nccs1,4
CC(=O)Sc1cc(C)oc1C,4
NC(=O)C(Cc1ccccc1)NC(=O)C([NH3+])CC(=O)[O-],2
Cc1nc(C)c(C)o1,4
CC1CCC2(O)C(C)(C)C3CCC2(C)C1C3,4
CC(C)CC(NC(=O)C(NC(=O)C(CC(=O)O)NC(=O)C(NC(=O)C(CCCCN)NC(=O)C(N)Cc1ccccc1)C(C)C)C(C)C)C(=O)O,2
COc1cc(-c2cc(=O)c3c(O)c(OC)c(OC4OC(COC5OC(C)C(O)C(O)C5O)C(O)C(O)C4O)cc3o2)ccc1O,2
C=C1CC23CCC4C(C)(C(=O)OC5OC(CO)C(O)C(O)C5O)CCCC4(C)C2CCC1(OC1OC(CO)C(OC2OC(CO)C(OC4OC(CO)C(OC5OC(CO)C(O)C(O)C5O)C(O)C4O)C(O)C2O)C(O)C1O)C3,2
CCCCCC(=O)NC(Cc1ccccc1)C(=O)OC,2
CCC1C(OC2(C)CCC(C)CO2)CC2C3CCC4CC(OC5OC(CO)C(OC6OC(CO)C(O)C(OC7OCC(O)C(O)C7O)C6OC6OC(CO)C(O)C(OC7OCC(O)C(O)C7O)C6O)C(O)C5O)CCC4(C)C3CC(=O)C12C,2
CC1CCC(C(C)(C)O)CC2=C1CCC2C,4
CN(C)OP(=O)(O)OCC1OC(n2cnc3c(N)ncnc32)C(O)C1O,2
CC(C)(C)NC(=O)CCC([N+](=O)[O-])[N+](=O)[O-],1
O=Nc1ccc(O)cc1,1
CC(=O)OC1C(OC2OCC(O)C(O)C2O)C(OC2CCC3(C)C(CCC4(C)C3CC=C3C5CC(C)(C)CCC5(C(=O)O)CCC34C)C2(C)C)OC(C(=O)O)C1OC1OC(CO)C(O)C(O)C1O,2
CC1(C)OC2C(O)OC(CO)C(O)C2O1,2
CC(N)C(=O)NC(CC(N)=O)C(=O)NC(CC(=O)O)C(=O)NC(Cc1ccccc1)C(=O)O,2
NC(Cc1c[nH]c2ccccc12)C(=O)NC(Cc1c[nH]c2ccccc12)C(=O)O,0
COC1C(O)C(CO)OC(O)C1OC1OC(CO)C(O)C(O)C1O,2
C=C1CC23CCC4C(C)(C(=O)OC5OC(CO)C(O)C(O)C5(O)OC5OC(C)C(O)C(O)C5O)CCCC4(C)C2CCC1(OC1OC(CO)C(O)C(O)C1OC1OC(CO)C(O)C(O)C1O)C3,2
CCC(OC(C)OCC1OC(O)C(O)C(O)C1O)C(O)C(C)O,2
CCC(C)C(=O)C1=C(O)C(CC=C(C)C)=C(O)C(CC=C(C)C)(CC=C(C)C)C1=O,0
CC1(C)CCC2(C(=O)OC3OC(CO)C(O)C(O)C3O)CCC3(C)C(=CCC4C5(C)CCC(OC6OC(C(=O)O)C(O)C(O)C6OC6OC(CO)C(O)C(O)C6O)C(C)(C)C5CCC43C)C2C1,2
Nc1ncnc2c1ncn2C1OC(COP(=O)(O)O)C(O)(P(=O)(O)O)C1O,2
CC1OC(OC2C(O)CC(O)OC2C)CC(O)C1O,2
Cc1occc1SC(C(=O)CC(C)C)C(C)C,4
COC(=O)C(Cc1ccccc1)NC(=O)C(CC(=O)O)NC(=O)CN,2
O=C(O)CC(NC(=O)C(CC(=O)O)NC(=O)C1CCCN1)C(=O)NC(Cc1ccccc1)C(=O)O,2
OCC1OC(O)(CO)C(O)CC1O,2
COc1ccc(SCC(=O)O)cc1,1
CC(C)CC(NC(=O)C(CC(N)=O)NC(=O)C(N)CC(N)=O)C(=O)NC(Cc1ccccc1)C(=O)O,2
CC(=O)OC1C(=O)c2c(O)cc(O)cc2OC1c1ccc(O)c(O)c1,2
CC(C)CNC(=O)C=CCCc1ccc2c(c1)OCO2,0
OCC1OC(OCC2OC(O)C(O)C(O)C2O)C(O)C1O,2
CC1(C(=O)O)CCC2(C)CCC3(C)C(=CC(=O)C4C5(C)CCC(OC6OC(C(=O)O)C(O)C(O)C6OC6CC(C(=O)O)C(O)C(O)C6O)C(C)(C)C5CCC43C)C2C1,2
C=CC1CN2CCC1CC2c1[nH]c2ccccc2c1CCO,0
COCOC1C(OC)OC(CO)C(O)C1O,2
CC1(C(O)CO)C=C2CCC3C(C)(C)C(OC4OC(CO)C(O)C(O)C4O)CCC3(C)C2CC1,0
CC(N)C(=O)NC(CC(=O)O)C(=O)NC(CCC(=O)O)C(=O)NC(Cc1ccccc1)C(=O)O,2
COC(=O)C1=CCCC2C3(C)CC(c4ccoc4)OC(=O)C3CC(OC3OC(CO)C(O)C(O)C3O)C12C,0
CC1=C2C(=O)C=C(CO)C2C2OC(=O)C(C)C2C(OS(=O)(=O)O)C1,0
CC(=O)OCC1OC(Oc2ccc(C(=O)C=Cc3ccc(O)c(O)c3)c(O)c2O)C(OC(C)=O)C(O)C1OC(C)=O,2
N#CCCOP(=O)(O)OP(O)(=S)OCC1OC(n2cnc3c(N)ncnc32)C(O)C1O,2
COCC1OC(OC)C(O)C(OC)C1O,2
Nc1ncnc2c1ncn2C1(P(=O)(O)O)OC(CO)C(O)C1O,2
COC1(O)C(O)C(O)OC(CO)C1O,2
CSCCSC,4
CCCCCCCCCC(OC)OC,4
COc1cc(O)c2c(=O)c3c(OC4OC(CO)C(O)C(O)C4O)c(O)ccc3oc2c1,2
CC(NC(=O)C(N)CC(N)=O)C(=O)NC(CCCCN)C(=O)NC(Cc1ccccc1)C(=O)O,2
CCc1nccnc1C,4
OCC1CCCC(OC2CCCOC2)O1,2
O=C(O)c1cccc([N+](=O)[O-])c1O,1
CC1OC(OC2C(O)C(O)OC(CO)C2O)C(O)CC1O,2
COC(=O)CC(C)=O,4
O=C(O)[C@@H]1CC[C@H]1C(=O)O,1
O=C(C=Cc1ccc(OC2OC(CO)C(O)C(O)C2O)c(O)c1)c1c(O)cc(O)cc1O,2
CC(C(=O)O)C(=O)O,1
COC(=O)COC(OC1C(O)C(C(=O)OC)OC(OC2CCC3(C)C(CCC4(C)C3CC=C3C5CC(C)(C)CCC5(C(=O)OC5OC(CO)C(O)C(O)C5O)CCC34C)C2(C)C)C1OC1OC(CO)C(O)C(O)C1O)C(O)C(=O)OC,2
CN(CC1CO1)P(=O)(O)OCC1OC(n2cnc3c(N)ncnc32)CC1O,2
CC1(C)CC(=O)C2(C)CCC3(C)C(=CCC4C5(C)CCC(OC6OC(C(=O)O)C(O)C(O)C6OC6OC(CO)C(O)C(O)C6O)C(C)(CO)C5CCC43C)C2C1,2
OCC1CC(O)C(O)C(O)C1O,2
CC(=O)C(C)=CC1=C(C)CCCC1(C)C,4
COc1cc(O)ccc1[N+](=O)[O-],1
CCCCCCCOC(=O)C(C)CC,4
NC(=O)CC(NC(=O)CNC(=O)C(Cc1ccccc1)NC(=O)C(N)CC(=O)O)C(=O)O,2
O=C(O)C1(O)CCCCC1,1
CC1OC(OC2CC(O)C(OC3OC(CO)C(O)C(O)C3O)C(CO)O2)C(O)C(O)C1O,2
CC(=O)C=Cc1ccccc1,2
CC(=O)OCC1(O)C(OC(C)=O)CC2C(COC3OC(CO)C(O)C(O)C3O)=COC(OC(=O)CC(C)C)C21,0
COc1cc(O)c2c(=O)c(OC3OC(CO)C(O)C(O)C3OC3OCC(O)C(O)C3O)c(-c3ccc(O)c(OC)c3)oc2c1,2
CCC(C)C(NC(=O)C(Cc1ccccc1)NC(=O)C(Cc1ccccc1)NC(=O)C(N)CC(=O)O)C(=O)O,2
COc1cc(-c2oc3cc(O)cc(O)c3c(=O)c2O)ccc1OC1OC(OC(=O)O)C(O)C(O)C1O,2
C=C1CC23CCC4C(C)(C(=O)O)CCCC4(C)C2CCC1(OC1OC(CO)C(OC2OC(CO)C(O)C(O)C2O)C(O)C1OC1OC(CO)C(O)C(O)C1O)C3,2
CCc1nc(C)c(CC)s1,4
OC1CC(OI)C(OC2C(O)C(O)OC(COI)C2O)OC1COI,2
CC1CCCCC1OC(=O)CCNC(=O)C(N)CC(=O)O,4
CCOC1(O)C(C)C(OC(=O)c2ccc(O)c(OC)c2)C(O)C1OCC1OC(O)C(O)C(O)C1O,0
CC1(OC2(C)OC(CO)C(O)C(O)C2O)OC(CO)C(O)C(O)C1O,2
CCCCOC1OC(CO)C(OC2OC(CO)C(O)C(O)C2O)C(O)C1O,2
O=C(O)C(C(=O)c1ccccc1)S(=O)(=O)c1ccccc1,4
CCC(C)(CC)NC(=O)C(C)NC(=O)C(N)CC(=O)O,2
CC1OC(OC2C(OC3OC(CO)C(O)C(O)C3O)OC(C(=O)OC3CCC4(C)C(CCC5(C)C4CC=C4C6CC(C)(C)C(O)CC6(C)CCC45C)C3(C)CO)C(O)C2O)C(O)C(O)C1O,2
COC(=O)C(CC(N)=O)NC(=O)C(N)Cc1ccccc1,2
CC1=CCC(C(C)C)CC1=O,0
CCCCCC(CC)OC1OC(CO)C(O)C(O)C1O,2
OCC12OC(COCC(O)C(O)C(O)C(O)COCC3OC(O1)C(O)C(O)C3O)C(O)C2O,2
CC(N)C(=O)NC(Cc1ccccc1)C(=O)NC(CC(=O)O)C(=O)NC(CC(=O)O)C(=O)NC(CC(=O)O)C(=O)O,2
CCOC(=O)c1ccc(OC)cc1,4
O=C1CCCCCC=CCCCCCCCCO1,4
NCCCCC(NC(=O)C(CC(N)=O)NC(=O)C(Cc1ccccc1)NC(=O)C(N)CC(=O)O)C(=O)O,2
COc1ccc(-c2cc(=O)c3cc(OC4OC(CO)C(OC5OC(C)C(O)C(O)C5O)C(O)C4O)c(OC)c(O)c3o2)cc1,2
CC1OC(OC2C(CO)OC(c3cc(O)cc4oc(-c5ccc(O)c(O)c5)cc(=O)c34)C(O)C2O)C(O)C(O)C1O,2
COC(=O)CC(C)NC(=O)C(N)CC(=O)O,2
O=C(O)c1ccc(Br)[se]1,1
CC(OC1OC(CO)C(O)C(O)C1O)OC1OC(CO)C(O)C(O)C1O,2
CCC(C)C(N)C(=O)NC(Cc1ccccc1)C(=O)NC(CC(N)=O)C(=O)NC(CC(N)=O)C(=O)O,2
O=C1CCC(=O)N1CC([N+](=O)[O-])[N+](=O)[O-],1
CCCCP(=O)(CCCC)C(C)(O)C(=O)O,1
COc1ccc(-c2cc(=O)c3c(O)cc(OC4OC(CO)C(O)C(O)C4OC4OC(CO)C(O)C(O)C4O)cc3o2)cc1O,2
ON=C(C(F)(F)F)C(F)(F)F,1
O=C(O)OC1C(O)C(CO)OC1(CO)OC1OC(CO)C(O)C(O)C1O,2
OCC1OC(OC2CCCCC2Cl)C(O)C1O,2
CC(CC(=O)O)ON,1
NC(=O)NCCCC(NC(=O)c1ccccc1)C(=O)O,1
CC(=O)C[N+](=O)[O-],1
CCOC(=O)CNC(=O)C(Cc1ccccc1)NC(=O)C(N)CC(=O)O,2
Cc1ccc(C(=O)Nc2ccc(N)cc2)cc1,1
COc1ccc(-c2cc(=O)c3c(O)c(OC)c(OC4OC(C)C(O)C(O)C4O)cc3o2)cc1,2
OCC1OC(OCC2(OC3OC(CO)C(O)C(O)C3O)OC(CO)C(O)C2O)C(O)C(O)C1O,2
CC1(C)OCCC(C2OC(O)C3OC(C)(C)OC32)O1,2
CC(C)CC(NC(=O)C1CCCN1)C(=O)NC(CC(=O)O)C(=O)NC(Cc1ccccc1)C(=O)O,2
COc1cc(OC2OC(COC3OCC(O)C(O)C3O)C(O)C(O)C2O)c2c(=O)c3ccc(O)c(OC)c3oc2c1,2
COc1cc(-c2cc(=O)c3c(O)cc(OC4OC(CO)C(O)C(O)C4OC4OC(CO)C(O)C(O)C4O)cc3o2)ccc1O,2
CC(C)C1=CC2=CC[C@@H]3[C@](C)(CCC[C@@]3(C)C(=O)O)[C@H]2CC1,1
CCc1ccc(C(CC(=O)O)NC(=O)Nc2ccc(C#N)cc2)cc1,2
COc1cc(C2CC(=O)c3c(O)cc(OC4OC(CO)C(O)C(O)C4C)cc3O2)ccc1O,2
CCCCCOC(=O)CCCCC,2
CCC(C)C(NC(=O)C(Cc1ccccc1)NC(=O)CN)C(=O)NC(CC(=O)O)C(=O)O,2
O=Cc1ccc(C(=O)O)cc1,1
COC(CO)OC(CO)C(OC1OC(CO)C(OC)C(O)C1O)C(C)O,2
O=c1cccccc1S,1
CCCCOC(=O)C1OC(OC2CCC3(C)C(CCC4(C)C3CC=C3C5CC(C)(C(=O)O)CC(=O)C5(C)CCC34C)C2(C)CO)C(O)C(O)C1O,2
OCC(O)C(O)C(O)C(CO)OC1(CO)OC(CO)C(O)C1O,2
CCC(C)C(NC(=O)C(N)CCC(N)=O)C(=O)NC(CC(=O)O)C(=O)NC(Cc1ccccc1)C(=O)O,2
O=C(O)CCCNC(=O)C(Cc1ccccc1)NCC(=O)O,2
COC(=O)C(Cc1ccc([Sn](C)(C)C)cc1)NC(C)=O,2
CCCCCCCCC=CCO,4
C=C1CC23CCC4C(C)(C(=O)OC5OC(CO)C(O)C(O)C5OC5OC(CO)C(O)C(O)C5O)CCCC4(C)C2CCC1(OC1OC(CO)C(O)C(OC2OC(CO)C(O)CC2O)C1OC1OC(CO)C(O)C(O)C1O)C3,2
O=C(O)C(O)CC([N+](=O)[O-])([N+](=O)[O-])[N+](=O)[O-],1
CC1(C)CCC2(C(=O)O)CCC3(C)C(=CCC4C5(C)CCC(OC6OC(C(=O)O)C(O)C(O)C6O)C(C)(C)C5CCC43C)C2C1OC1OC(CO)C(O)C(O)C1O,2
CC1(C(=O)O)CCC2(C)CCC3(C)C(=CCC4C5(C)CCC(OC6OC(C(=O)O)C(O)C(O)C6OC6OC(C(=O)O)C(O)C(O)C6O)C(C)(CO)C5CCC43C)C2C1,2
ON=CC1=CC=CCC1,2
CP(=O)(O)O,1
CC1OC(COCC2OC(Oc3c(-c4ccc(O)c(O)c4)oc4cc(O)cc(O)c4c3=O)C(O)C(O)C2O)C(O)C(O)C1O,2
CC1(C)CCC2(C(=O)OC3OC(CO)C(O)C(O)C3O)CCC3(C)C(=CCC4C5(C)CC(O)C(OC6OC(C(=O)O)C(O)C(O)C6O)C(C)(CO)C5CCC43C)C2C1,2
C#CCC(=O)O,1
COc1ccc(CC(C(=O)O)c2ccccc2)cc1O,4
NCCCCC(NC(=O)C(CO)NC(=O)C(Cc1ccccc1)NC(=O)C(N)CC(=O)O)C(=O)O,2
CC(C)=CCCC(C)C=O,2
COC1OC(CCl)C(O)C(O)C1O,4
CC(C)Cc1ccccn1,4
CC(C)CC(NC(=O)C(CC(=O)O)NC(=O)C(N)CCCCN)C(=O)NC(Cc1ccccc1)C(=O)O,2
COC1OC(COC2OC(CO)C(O)C(O)C2O)C(F)C(O)C1O,2
COC(=O)CNC(=O)C1(NC(Cc2ccccc2)C(=O)OC)CCCCC1,2
COc1ccc(CCc2ccccc2OC)cc1O,2
COc1cc(-c2cc(=O)c3c(OC4OC(CO)C(OC5OC(CO)C(O)C(O)C5O)C(O)C4O)cc(O)cc3o2)cc(OC)c1O,2
CC=C(C)C(=O)OC(C)C(OC(=O)C(C)=CC)c1cc(OC)c2c(c1)OCO2,0
CC=C(C)C(=O)OC1C=C(C)CCC2(O)C(C(C)C)CC(=O)C12C,0
CCc1nc(C)cnc1C,4
CC(C)=CCC(=O)C1(O)C(=O)C(C(=O)C(C)C)=C(O)C1(O)CC=C(C)C,0
NC(=O)c1ccc(NC(=O)NC(CC(=O)O)c2cccnc2)cc1,2
NCCCCC(N)C(=O)NC(CC(=O)O)C(=O)NC(Cc1ccccc1)C(=O)NC(CC(=O)O)C(=O)O,2
O=C(O)c1ccc(I)cc1,1
CC(C)OCC1OC(O)C(O)C(O)C1O,2
CCCCC(=O)OCc1ccco1,2
CC12CCC(=O)C=C1CCC1C2C(O)CC2(C)C1CCC2(O)C(=O)CO,0
C=CCC(CC)C(=O)CC,4
CC1(C)CCC2(C(=O)OC3OC(CO)C(O)C(O)C3O)CCC3(C)C(=CCC4C5(C)CC(O)C(OC6OC(C(=O)O)C(O)C(O)C6O)C(C)(C(=O)O)C5CCC43C)C2C1,2
OCC1OC(O)(C(Cl)(Cl)OC2OC(CO)C(Cl)C(O)C2O)C(O)C1O,2
OCC1OC(OC2(CCl)OC(O)(CCl)C(O)C2Cl)C(O)C(Cl)C1O,2
CC(C)Oc1ccc(NC(N)=O)cc1,2
COC1CC(OC2CCC3(C)C4CCC5(C)C(C6=CC(=O)OC6)CCC5(O)C4CCC3(O)C2)OC(C)C1OC1OC(CO)C(O)C(O)C1O,0
CC(NC(=O)C(Cc1ccccc1)NC(=O)C(N)CC(N)=O)C(=O)NC(CC(N)=O)C(=O)O,2
OCC1OC(OC2C(OC3(CO)OC(CO)C(O)C3O)OC(CO)C(O)C2O)C(O)C(O)C1O,2
O=C(OC1Cc2c(O)cc(O)cc2OC1c1cc(=O)c(O)c2c(O)c(O)cc(C3Oc4cc(O)cc(O)c4CC3OC(=O)c3cc(O)c(O)c(O)c3)c2c1)c1cc(O)c(O)c(O)c1,0
CC(C)C1=CCC(C)(O)CC1,4
CCCCCCCCOC(C)=O,4
CCC(C)C(=O)OCC(CO)NC(=O)C(N)CC(=O)O,2
CC1(C)CCC2(C(=O)O)CCC3(C)C(=CCC4C5(C)CC(O)C(OC6OC(C(=O)O)C(OC7OC(CO)C(O)C(O)C7O)C(O)C6O)C(C)(CO)C5CCC43C)C2C1,2
O=[N+]([O-])c1ccccc1OC1OC(CO)C(O)C(O)C1O,0
CCc1cnc(CC)c(C)n1,4
COC(=O)C(CCCCNC(C)=O)NC(=O)C(N)CC(=O)O,2
N#Cc1ccccc1,4
COc1cc(-c2oc3cc(O)cc(O)c3c(=O)c2OC2OCC(O)C(O)C2O)cc(O)c1O,2
C=C1CCC2C(=C)C(=O)OC2C=C(C)C(O)CC1O,0
CC(NC(=Nc1cccc(C#N)c1)NCC(=O)O)c1ccccc1,2
COc1cc(-c2cc(=O)c3c(O)cc(O)c(C4OC(CO)C(O)C(O)C4OC4OC(CO)C(O)C(O)C4O)c3o2)ccc1O,2
Cc1nc2c(N)ncnc2n1C1OC(COP(=O)(O)OP(=O)(O)O)C(O)C1O,2
COc1ccc(CCc2ccccc2C(C)C)cc1O,4
NC(=O)CC(NC(=O)C(CC(=O)O)NC(=O)C(N)Cc1ccccc1)C(=O)NCC(=O)O,2
O=C(P)C(O)C(O)C(O)C(O)CO,2
C=CCOC1=NS(=O)(=O)c2ccccc21,2
CCCCCCCCCCCCC(O)C1OC(O)C(O)C(O)C1O,2
OCC1OC(OC2C(OCCBr)OC(CO)C(O)C2O)C(O)C(O)C1O,2
CCCOC1OC(CO)C(OC2OC(CO)C(O)C(O)C2O)C(O)C1O,2
COC(=O)CNC(=O)C(Cc1ccccc1)NC(Cc1ccccc1)C(=O)OC,2
CCC(C)C(NC(=O)CCN)C(=O)NCC(=O)NC(Cc1ccccc1)C(=O)O,2
CC(OC(CO)C(O)CO)C(C)OC1OC(CO)C(O)C(O)C1O,2
CCCCCOc1ccc([N+](=O)[O-])cc1[N+](=O)[O-],2
CCC(C)C(N)C(=O)NC(Cc1ccccc1)C(=O)NC(CC(C)C)C(=O)NC(CC(N)=O)C(=O)O,2
CCOC1OC(COC2OCC(O)C(O)C2O)C(O)C(O)C1O,2
CC(C)CC(NC(=O)C(N)C(C)C)C(=O)NC(Cc1ccccc1)C(=O)NC(CC(N)=O)C(=O)O,2
COc1ccc(C(=O)c2ccccc2C(=O)O)cc1,2
Nc1ncnc2c1ncn2C1OC([CH]O)C(O)C1O,2
CCCC(=O)OCC1OC(Oc2cc(O)c3c(=O)cc(-c4ccc(O)c(OC)c4)oc3c2)C(O)C(O)C1O,2
O=C(O)CC(C(=O)O)c1ccc([N+](=O)[O-])cc1,1
CC1OC(OCC(O)C(O)C(O)CO)C(O)C(O)C1O,2
Nc1ncnc2c1ncn2C1OC(COP2(=O)O[B]O2)C(O)C1O,2
O=C(CO)C(O)C(O)C(O)CO,2
CCC(C)CN,4
O=C1CC(c2ccc(O)c(OC3OC(CO)C(O)C(O)C3O)c2)Oc2cc(O)ccc21,2
COc1cc(C2Oc3cc(C4Oc5cc(O)cc(O)c5C(=O)C4O)ccc3OC2COC2OC(CO)C(O)C(O)C2O)ccc1O,2
COc1c(OC2OC(CO)C(O)C(O)C2O)cc(O)c2c(=O)c3c(O)ccc(O)c3oc12,2
CCCCCCCC(O)CC1OC(CO)(OC2OC(CO)C(O)C(O)C2O)C(O)C1O,2
CC(CCC(=O)C(C)C1C(=O)CC2C3CCC4CC(OC5OC(CO)C(OC6OC(CO)C(O)C(OC7OCC(O)C(O)C7O)C6OC6OC(CO)C(O)C(O)C6O)C(O)C5O)CCC4(C)C3CCC21C)COC1OC(COC2OCC(O)C(O)C2O)C(O)C(O)C1O,2
COc1ccc(-c2cc(=O)c3c(O)c(OC)c(OC)c(OC4OC(CO)C(O)C(O)C4O)c3o2)cc1O,2
COc1ccc(C2CC(=O)c3c(cc(O)cc3OC3OC(CO)C(O)C(O)C3O)O2)cc1O,2
CC(=O)OC1OC(CO)C(OC2OC(CO)C(O)C(O)C2O)C(O)C1O,2
CCC(C)C(NC(=O)C(C)N)C(=O)NC(Cc1ccccc1)C(=O)O,2
CCCCCOC(=O)CCCC,4
COC(=O)C(C)NC(=O)C(Cc1ccccc1)NC(C)=O,2
CCCOC1OC(CO)C(O)C(O)C1OC1OC(CO)C(O)C(O)C1O,2
O=C(OC1OC2COC(=O)c3cc(O)c(O)c(O)c3-c3c(cc(O)c(O)c3O)C(=O)OC(C2O)C1O)c1cc(O)c(O)c(O)c1,4
OCC1OC(OC2(CO)OC(CO)C(O)C2F)C(O)C(O)C1O,2
CC(NC(=O)C(CC(N)=O)NC(=O)C(N)C(C)C)C(=O)NC(Cc1ccccc1)C(=O)O,2
CN(C)C(=O)OCC(=O)O,1
CCC(C)C(NC(=O)C(Cc1ccccc1)NC(=O)C(NC(=O)C(N)CC(=O)O)C(C)C)C(=O)O,2
O=C(O)CCNC(=O)Nc1ccc([N+](=O)[O-])cc1,2
COC(=O)CC(C)C(=O)NC(Cc1ccccc1)C(=O)O,2
COCC1OC(OC2(CCl)OC(CCl)C(O)C2O)C(O)C(O)C1Cl,2
COCC1CC=C(C=NO)C1,2
CC(C)C1NC(=O)C(Cc2ccc(O)cc2)NC1=O,0
COc1cc2oc(-c3ccccc3)cc(=O)c2cc1OC,0
C=C1C2CCC(C2)C1(C)C,4
NC(Cc1ccccc1)C(=O)NC(CC(=O)O)C(=O)NC(Cc1ccccc1)C(=O)NCC(=O)O,2
COC(=O)C(CC(C)C)NC(=O)C(Cc1ccccc1)NC(=O)C(CC(C)(C)O)NC(=O)OC(C)(C)C,2
CC(C)C=C(C=O)c1ccccc1,2
CC1=C(C=O)C(C)(C)CC(OC2OC(CO)C(O)C(O)C2O)C1,0
C=C(C)CCc1c(O)cc(OC)c(C(=O)C=Cc2ccc(O)cc2)c1O,0
Nc1ncnc2c1ncn2C1OC2COP(=O)(O)COC2C1O,2
CCN1C(=O)c2ccc([N+](=O)[O-])cc2S1(=O)=O,4
O=c1[nH]cnc2c1ncn2C1OC(COP(=O)(O)O)C(O)C1O,3
OC(F)C1OC(O)C(O)C(O)C1O,2
Cc1cccc(O)c(=O)c1C(=O)O,1
COC1CC(OC2CCC3(C)C4CCC5(C)C(C6=CC(=O)OC6)CCC5(O)C4CCC3(O)C2)OC(C)C1O,0
COC1OC(COC2OCC(O)(CO)C2O)C(O)C(O)C1O,2
COC(=O)C1OC(OC2C(OC3CCC4(C)C(CCC5(C)C4C(=O)C=C4C6CC(C)(C(=O)OC)CCC6(C)CCC45C)C3(C)C)OC(CO)C(O)C2O)C(O)C(O)C1O,2
COc1cc(O)c2c(c1)OC(c1ccc(O)c(OC3OC(CO)C(O)C(O)C3O)c1)CC2=O,2
COC(=O)NC(CC(=O)O)C(=O)NC(Cc1ccccc1)C(=O)O,2
CCCCNc1nc(N)c2ncn(C3OC(COP(=O)(O)OP(=O)(O)OP(=O)(O)O)C(O)C3O)c2n1,2
CCCCN=C=S,4
O=C1C(O)=C(O)C(=O)C(O)=C1O,1
CC(O)C1OC(OC2C(O)C(O)OC(CO)C2O)C(O)C1O,2
O=C(C=Cc1ccc(O)c(O)c1)OC(Cc1ccc(O)c(O)c1)C(=O)O,0
OCC(O)C(O)C(F)C(O)CO,2
COC(=O)C1OC(OC2CCC3(C)C(CCC4(C)C3CC=C3C5CC(C)(C)CCC5(C(=O)OC5OCC(O)C(OC6OC(C)C(OC)C(OC)C6OC)C5OC5OC(C)C(OC)C(OC)C5OC)C(O)CC34C)C2(C)C)C(OC)C(OC)C1OC,2
CCCCCCCCCCCOC(=O)C1OC(OC2C(OC3CCC4(C)C(CCC5(C)C4C(=O)C=C4C6CC(C)(C(=O)OCCCCCCCCCCC)CCC6(C)CCC45C)C3(C)C)OC(C(=O)OCCCCCCCCCCC)C(O)C2O)C(O)C(O)C1O,2
C=CC(O)C#CC#CCC=CCCCCCCC,0
O=CC(O)C(O)C(O)C(O)COI,2
OC1CC(O)C(O)C(CF)O1,2
Nc1ncnc2c1ncn2C1OC(CO)C2OP(=O)(O)OC21.[H-].[Na+],2
O=C(O)[GeH3],1
CCCCCCCC(C)=O,2
OCC1OC2OCCOC2C(O)C1O,2
COc1cc(OC)c2c(=O)cc(-c3ccccc3)oc2c1,0
COc1ccccc1C(C)=O,4
CCCOCC1OC(COCC)(OC2OC(COC)C(O)C(O)C2O)C(O)C1O,2
COC(=O)C1OC(OC2CCC3(C)C(CCC4(C)C3CC=C3C5CC(C)(C)CC(O)C5(CO)C(O)CC34C)C2(C)C)C(O)C(OC2OC(CO)C(O)C(O)C2O)C1O,2
COC1C(O)OCC(O)C1OC1OC(C)C(O)C(OC)C1OC,2
CCC12CCCN3CCC4(c5cccc(OC)c5N(C(C)=O)C4CC1)C32,0
CC(C)(O)CCC(=O)C(C)(O)C1C(O)CC2(C)C3CC=C4C(CC(OC5OC(CO)C(O)C(O)C5O)C(O)C4(C)C)C3(C)C(=O)CC12C,0
C=C(C)C1C2OC(=O)C1C1(O)CC3OC34C(=O)OC2C14C,0
COC1=CC(C)C2CC3OC(=O)CC4C(C)(C(=O)C5COC(=O)C5)CC(O)C(C2(C)C1=O)C34C,0
CCC(CC)(C(=O)O)S(=O)(=O)c1ccccc1,4
CPOCC1OC(n2cnc3c(N)ncnc32)C(O)C1O,2
CCCC1CCC(=O)O1,2
COC(=O)CC1c2c(O)cc(O)c(C3c4c(O)cc5c(c4OC(c4ccc(O)cc4)C3O)C3c4c(O)cc(O)cc4OC(c4ccc(O)cc4)(O5)C3O)c2OC(c2ccc(O)cc2)C1O,4
OCC1OC(OC2(CO)OC(CCl)C(O)C2O)C(O)C(O)C1Cl,2
CC(C)CC(NC(=O)C(N)CCC(N)=O)C(=O)NC(CC(=O)O)C(=O)NC(CC(C)C)C(=O)NC(Cc1ccccc1)C(=O)O,2
CCN(CC(=O)NC(CC(=O)O)C(=O)NC(Cc1ccccc1)C(=O)O)C(=O)CCCC1CCNCC1,2
CCCC(NC(=O)C(C)NC(=O)Cc1ccccc1)C(=O)OC,2
CC1OC(OCC2OC(c3c(-c4ccc(O)c(O)c4)oc4cc(O)cc(O)c4c3=O)C(O)C(O)C2O)C(OC2OCC(O)C(O)C2O)C(O)C1O,2
CCC(C)C(NC(=O)C(Cc1ccccc1)NC(=O)C(CC(=O)O)NC(=O)C(N)CCC(N)=O)C(=O)O,2
CCCCCC1CCC(=O)O1,2
CC(C)C(N)C(=O)NC(CC(=O)O)C(=O)NC(C(=O)NC(Cc1ccccc1)C(=O)O)C(C)C,2
CSC,2
COc1ccc(CC(=O)c2ccccc2O)cc1O,2
OCC1OC(OC2(C(O)C3CO3)OC(CO)C(O)C2O)C(O)C(O)C1O,2
COC(=O)C(NC(=O)C(CC(=O)O)NC=O)C(Cc1ccccc1)c1ccccc1,2
N#Cc1ccc(NC(=O)N(CCC(=O)O)C2CCCCC2)cc1,0
OCC(O)C1OC(OC2C(CO)OC(O)C(O)C2O)C(O)C1O,2
CC(C)=CCCC(C)=CCOC(=O)C(C)C,2
NC(=O)CC(N)C(=O)NC(Cc1ccccc1)C(=O)NC(CC(=O)O)C(=O)NC(CC(N)=O)C(=O)O,2
COC1CC(OC2CCCCO2)C(O)C(C)O1,2
CCCCCCCC(=O)N1CCNC(=O)C1CC(=O)OCCCc1ccccc1,2
CCOC1CC(OC)C(OC2OC(C)C(O)C(OC)C2O)C(C)O1,2
O=C(O)CC1Nc2c([nH]cnc2=O)NC1=O,1
CC1CC=C(C=NO)C(C)O1,4
CCCC(C)(COC(N)=O)COC(N)=O,0
CC1OC(OCC2OC(c3c(O)cc4oc(-c5ccc(O)c(O)c5)cc(=O)c4c3O)C(O)C(O)C2O)C(O)C(O)C1O,2
CCCCCCN=C=S,4
CNc1ncnc2c1ncn2C1OC(COP(=O)(OC)OP(=O)(O)OP(=O)(O)O)C(O)C1O,2
CC(C)CC(N)C(=O)NC(CC(=O)O)C(=O)NC(Cc1ccccc1)C(=O)O,2
COc1c(O)cc(O)c2c(=O)cc(-c3ccccc3)oc12,0
CCCCCCCCCCCCCCCCCC(=O)OCCCC,4
COc1cc(O)c2c(=O)c(OC3OC(COC4OC(CO)C(O)C(O)C4O)C(O)C(O)C3O)c(-c3ccc(O)c(O)c3)oc2c1,2
COc1cc(CC2COC(=O)C2(O)Cc2ccc(OC3OC(CO)C(O)C(O)C3O)c(OC)c2)ccc1O,0
CCCCCCCCCCCCCCCC,4
COP(=O)(O)OC1C(C)OC(n2cnc3c(N)ncnc32)C1O,2
Nc1nc(Cl)nc2c1ncn2C1OC(COP=O)C(O)C1F,2
CCCCC=CCCCCCCCC=O,4
COc1ccc(C2CC(=O)c3c(O)cc(OC4OC(CO)C(O)C(O)C4OC4CC(C)C(O)C(O)C4O)cc3O2)cc1O,2
OCC(O)CC(O)C(O)CO,2
Cn1c(=O)c2nc(C(=O)O)c(=O)n(C)c2n(C)c1=O,1
COc1ccc(-c2oc3cc(OCCO)cc(O)c3c(=O)c2OC2OC(COC3OC(C)C(O)C(O)C3O)C(O)C(O)C2O)cc1O,2
Cc1c(F)c(F)c(C(=O)O)c(F)c1F,1
COC(=O)C1OC(OC2CCC3(C)C(CCC4(C)C3CC=C3C5CC(C)(C)CCC5(C(=O)OC5OCC(O)C(O)C5OC5OC(C)C(OC6OCC(O)C(O)C6O)C(O)C5O)CCC34C)C2(C)C)C(O)C(O)C1O,2
CCCCCCCCCCCO,4
C=Cc1cnc(C)cn1,4
COC(=O)C(C)(Cc1ccccc1)NC(=O)C(N)CC(=O)O,2
COc1cc2c(c(O)c1C(=O)C=Cc1ccc(O)cc1)CC(O)C(C)(C)O2,0
[CH]P(=O)(O)OP(=O)(O)OCC1OC(n2cnc3c(N)ncnc32)C(O)C1O,2
CC(C)(O)c1nc2c(N)ncnc2n1C1OC(COP(=O)(O)O)C(O)C1O,2
OC1COCC(OC2OCC(O)C(O)C2O)C1O,2
OCC1OC(OC2C(O)C(CO)OC(OCC3OC(O)C(O)C(O)C3O)C2O)C(O)C(O)C1O,2
COC(=O)C(Cc1ccccc1)NC(=O)C(C)(N)C(C)C,2
NC(=O)CC(N)C(=O)NC(CC(N)=O)C(=O)NC(Cc1ccccc1)C(=O)NC(CC(N)=O)C(=O)O,2
CC(C)C(C(=O)O)C(=O)O,1
CC(NC(=O)C(Cc1ccccc1)NC(=O)CN)C(=O)NC(CC(N)=O)C(=O)O,2
Nc1ncnc2c1ncn2C1OC(COP(=O)(O)OP2(=O)OP(=O)(O)O2)C(O)C1O,2
COc1cc(C2Oc3cc(O)cc(O)c3C(=O)C2OC2OC(COC3OC(CO)C(O)C(O)C3O)C(O)C(O)C2O)ccc1O,2
CC(C)CN,4
COC1C(COP(=O)(O)OP(=O)(O)OP(=O)(O)O)OC(n2cnc3c(N)nc(N)nc32)C1O,2
CC(NC(=O)C(CC(=O)O)NC(=O)C1CCCN1)C(=O)NC(Cc1ccccc1)C(=O)O,2
OCC1OC(OC2C(CO)OC(OC3C(CO)OC(O)C(O)C3O)C(O)C2O)C(O)C(O)C1O,2
CCC=CCCC(=O)OCC,4
NCCCCOP(=O)(O)OP(=O)(O)OP(=O)(O)OCC1OC(n2cnc3c(N)ncnc32)C(O)C1O,2
CCNc1ccccc1C(=O)O,1
CC(=O)OC1C(OC2CCC3(C)C(CCC4(C)C3CC=C3C5CC(C)(C)CCC5(C(=O)OC5OC(CO)C(O)C(O)C5O)CCC34C)C2(C)C)OC(C(=O)O)C(OC2OC(CO)C(O)C2O)C1O,2
C/C=C\C(=O)O,1
CC1=C(O)C(=O)CC(OC2CC(C)(C)CC3C4=CCC5C6(C)CCC(OC7OC(C(=O)O)C(O)C(O)C7OC7OCC(O)C(O)C7O)C(C)(CO)C6CCC5(C)C4(C)CCC23C)C1,2
CC=CC(C)C(=O)OCC,4
C=CCOC(=O)CC,4
CC(N)C(=O)NC(CC(=O)O)C(=O)NC(CCCCN)C(=O)NC(Cc1ccccc1)C(=O)O,2
O=S(=O)(Cl)NC1CCCCC1,2
Oc1ccc(S)nn1,1
CC(N)C(=O)NC(Cc1ccccc1)C(=O)NC(C(=O)NC(CC(=O)O)C(=O)O)C(C)C,2
O=c1c(-c2ccc(O)c(O)c2)coc2cc(O)c(OC3OC(CO)C(O)C(O)C3O)c(O)c12,2
NCCCCC(NC(=O)C(CC(=O)O)NC(=O)CNC(=O)C(N)Cc1ccccc1)C(=O)O,2
C=C1CC23CCC4C(C)(C(=O)OC5OC(COC6OC(CO)C(OC7OC(CO)C(O)C(O)C7O)C(O)C6OC6OC(CO)C(O)C(O)C6O)C(OC6OC(CO)C(O)C(O)C6O)C(O)C5OC5OC(CO)C(O)C(O)C5O)CCCC4(C)C2CCC1(OC1OC(COC2OC(CO)C(O)C(O)C2O)C(O)C(O)C1OC1OC(CO)C(O)C(O)C1O)C3,2
Cc1ccc(C(=O)O)c(C(=O)O)c1,1
CC(N)C(=O)NC(Cc1ccccc1)C(=O)NC(CC(=O)O)C(=O)O,2
Nc1nc(N)c2ncn(C3OC(C(O)OP(=O)(O)O)C(O)C3O)c2n1,2
CCCCCCCC(=O)OCCCCCC,4
CC(=O)c1ccc2n1CCC2,4
NC(Cc1ccccc1)C(=O)NCC(=O)NC(CC(=O)O)C(=O)O,2
CC(=O)OC1C(OC2C(CO)OC(O)C(O)C2O)OC(CO)C(O)C1O,2
CC(C)C(N)C(=O)NC(Cc1ccccc1)C(=O)NCC(=O)NC(CC(N)=O)C(=O)O,2
OCCOCCOCC1OC(OC2(CO)OC(CO)C(O)C2O)C(O)C(O)C1O,2
Nc1ncnc2c1ncn2C1OC(COP(=O)(O)CCBr)C(O)C1O,2
Oc1cnc2cncnc2n1,1
CCOC(OCC)OC1C(O)OC(CO)C(O)C1O,2
CC1(C)CCC2(C(=O)O)CCC3(C)C(=CCC4C5(C)CCC(OC6OC(C(=O)O)C(O)C(OC7OCC(O)C(O)C7O)C6OC6OC(CO)C(O)C(O)C6O)C(C)(C)C5CCC43C)C2C1,2
OCC1OC(OC2(CCl)OC(CO)C(Cl)C2O)C(O)C(O)C1O,2
CC1=CC2(O)OC3(CC2=C(C)C)C(C)CCC13,4
CCCOc1ccc(NC(=O)Nc2ccc(OC)cc2)cc1,2
COc1ccc(C2CSc3cc(O)ccc3O2)cc1O,2
CC1(CC(C(=O)O)c2ccccc2)N=N1,1
CCCCCC(O)C=CC(O)C(O)CCCCCCCC(=O)O,0
CCCCCCCCCCCCCCC(O)C(O)C(O)COC1OC(C)C(O)C(O)C1O,2
COC(CO)C(O)C(O)C(O)C=O,2
CCC(C)C(NC(=O)C(N)CCCCN)C(=O)NC(Cc1ccccc1)C(=O)NC(CC(N)=O)C(=O)O,2
CCCCOC1C(CO)OC(OC)C(OCCCC)C1OCCCC,2
Nc1ncnc2c1ncn2C1OC(COSOP(=O)(O)O)C(O)C1O,2
CCOc1cc(C2OCC(C)O2)ccc1O,2
C=CCSC,4
CC1OC(OC2C=C3CCC4C(CCC5(C)C(c6ccc(=O)oc6)CCC45O)C3(C)CC2)C(O)C(OC2OC(CO)C(O)C(O)C2O)C1O,0
N#Cc1ccc(NC(=S)NC(CC(=O)O)c2ccccc2)cc1,2
CC1OC(COC2OC(O)C(O)C(O)C2O)C(O)C(O)C1O,2
O=C1c2ccccc2S(=O)(=O)N1O,2
O=C(O)CNC(=Nc1cc(Cl)cc(Cl)c1)NC1CCCCCCC1,2
COC(=O)C1OC(OC2CCC3(C)C(CCC4(C)C3CC=C3C5CC(C)(C)CCC5(C(=O)OC5OC(COC6OC(CO)C(OC7OC(C)C(O)C(O)C7O)C(O)C6O)C(O)C(O)C5O)CCC34C)C2(C)C)C(O)C(O)C1O,2
Cc1ccc([S+]([O-])CC(=O)O)cc1,1
CC=C(C)C(=O)OCCC(C)CCC=C(C)C,4
CC=CCCCCCCCC=O,4
CC(NC(=O)C(N)Cc1ccccc1)C(=O)NC(CC(N)=O)C(=O)O,2
COC1(CO)OC(O)C(O)C(O)C1O,2
O=CC(O)C(O)(F)C(O)C(O)CO,2
CC(C)=CCS,4
OCCOCC1OC(OC2C(COCCO)OC(OCCO)C(OCCO)C2OCCO)C(OCCO)C(OCCO)C1OCCO,2
CCCCCCCCC=CCCCCCCCCOC(C)=O,4
CC(C)CC(C)Oc1ccc([N+](=O)[O-])cc1N,2
COC(=O)C12OCC34C(CC5C(C)=CC(=O)C(O)C5(C)C3C(O)C1O)OC(=O)C(OC(=O)C(O)C(O)C(O)C(O)C(C)CO)C24O,0
Nc1ncnc2c1ncn2C1OC(COP(=O)(O)OS(=O)(=O)OP(=O)(O)O)C(OP(=O)(O)O)C1O,2
CC1OC(OC2(CO)OC(CO)C(O)C2O)C(O)C(O)C1O,2
COC(=O)C(Cc1ccccc1)NC(=O)C(CC(=O)O)NCc1ccccc1,2
CCC1SSC(CC)S1,4
OCC(O)C(O)C(O)C(O)COS,2
Cn1cc(C(=O)O)ccc1=O,1
CCOP(=O)(Nc1ncnc2c1ncn2C1OC(CO)C(O)C1O)OCC,2
OC1OC2COC(C1O)C2O,2
COc1ccccc1OC(=O)Cc1ccccc1,4
OCC1OC(COCC2(O)OC(CO)C(O)C2O)C(O)C(O)C1O,2
C=C(C)C1C=CC2=CC(=O)CC(C)C2(C)C1,4
O=C(C=CC=Cc1ccc2c(c1)OCO2)N1CCCC1,4
CC1NC(=O)C(C(C)C)NC1=O,0
N#Cc1ccc(N=C(NCC(=O)O)NC2CCCCC2)cc1,2
CC(C)CC(NC(=O)C(CC(=O)O)NC(=O)C(N)Cc1ccccc1)C(=O)O,2
S=C(Nc1ccccc1)Nc1ccccc1,0
COC(CC(C)CCCC(C)(C)O)OC,4
CCSP(C)(=O)O,1
CCCOC1OC(C)C(O)C(OC2OC(C)C(O)C(OC3OC(C)C(O)C(O)C3O)C2O)C1O,2
O=C1NCC(=O)N2CCCC12,0
CC1OC(OC2C(C)OC(C)C(O)C2O)C(O)C(O)C1O,2
COC(=O)C(Cc1ccccc1)NC(=O)C(CC(=O)O)NCCC(C)(C)CCO,2
O=CC(O)C(O)C(O)C(O)CO.O=S(=O)([O-])[O-].[Mg+2],2
CC(C)COC(Cc1ccccc1)OCC(C)C,2
CC(C)C(NC(=O)C(N)CC(=O)O)C(=O)NC(C(=O)NC(Cc1ccccc1)C(=O)O)C(C)C,2
O=CC(O)C(O)C(O)C(O)(F)CO,2
Nc1ncnc2c1ncn2C1OC(COP(=O)(O)OP(=O)(O)F)C(O)C1O,2
O=C(CCc1ccc(O)c(O)c1)NCCCCN(CCCNC(=O)CCc1ccc(O)c(O)c1)C(=O)CCc1ccc(O)c(O)c1,0
COc1c(OC2OC(CO)C(O)C(O)C2O)cc2occ(-c3ccc(O)cc3)c(=O)c2c1O,2
C=CCOC(=O)CCCCCCC,2
CCOP(C)(=O)O,1
Nc1ncnc2c1ncn2C1OC(COP(=O)(O)OP(=O)(O)OCC2OCC(O)C2O)C(O)C1O,2
OCCCC(O)OC1OC(CO)C(O)C(O)C1O,2
COc1cc([N+](=O)[O-])ccc1O,1
CC(C)CC(N)C(=O)NCC(=O)NC(CC(=O)O)C(=O)NC(Cc1ccccc1)C(=O)O,2
CC1CCC2C(C1)OC(=O)C2C,4
CC(C)C(NC(=O)C(CC(=O)O)NC(=O)C(N)Cc1ccccc1)C(=O)NCC(=O)O,2
COc1c(N2CCNC(C)C2)c(F)cc2c(=O)c(C(=O)O)cn(C3CC3)c12,0
CC(O)C(=O)Nc1nc2c(ncn2C2OC(COP(=O)(O)O)C(O)C2O)c(=O)[nH]1,3
CC(C)=CCOC=O,4
COc1cc(O)c2c(=O)c(OC)c(-c3ccc(OC4OC(CO)C(O)C(O)C4O)c(OC)c3)oc2c1,2
CCC(C)C(NC(=O)C(CC(N)=O)NC(=O)CN)C(=O)NC(Cc1ccccc1)C(=O)O,2
O=c1cc(-c2ccc(O)c(O)c2)oc2cc(OC3OC(CO)C(O)C(O)C3O)cc(O)c12,2
CCCCCCOC1C(O)OC(CO)C(O)C1O,2
CCCCOC(=O)C(C)O,4
CC(NC(=O)C(N)CC(=O)O)C(=O)NC(C)(C(C)(C)C)C(C)(C)C,2
c1ccc2[nH]ccc2c1,4
COc1cc(O)c2c(=O)c(OC3OC(CO)C(O)C(O)C3OC3OC(C)C(O)C(O)C3O)c(-c3ccc(OC)c(O)c3)oc2c1,2
CC1OC(OC2CCC3(C)C(CCC4(C)C3CC=C3C5CC(C)(C)CC(O)C5(C)CCC34C)C2(C)CO)C(OC2OC(C(=O)O)C(O)C(O)C2OC2OCC(O)C(O)C2O)C(O)C1O,2
Nc1nc(N)c2ncn(C3OC(COP(=O)(O)OP(=O)(O)C(Br)(Br)[P+]([O-])(O)O)C(O)C3O)c2n1,2
COC(=O)C1(C)CCC2(C)CCC3(C)C(=CC(=O)C4C5(C)CCC(OC6OC(C(=O)O)C(O)C(O)C6OC6OC(C(=O)O)C(O)C(O)C6O)C(C)(C)C5CCC43C)C2C1,2
CC(C(=O)[O-])[n+]1cc(O)ccc1CO,3
CCOC(=O)CCC(C)=O,2
OCC1OC(OC2OC(CO)C(F)C(O)C2O)C(O)C(O)C1O,2
CC(C)(O)C1C2OC(=O)C1C1(O)CC3OC34C(=O)OC2C14C,0
CCC=CCOC(=O)CCCCC,4
C#CC1OC(OCC2OC(OC)C(O)C(O)C2O)C(O)C(O)C1O,2
Nc1nc([SnH3])nc2c1ncn2C1OC(CO)C(O)C1O,2
Nc1ncnc2c1ncn2C1OC(COP(=O)(O)OP(=O)(O)OP(=O)(O)OP(=O)(O)OCC2OCC(O)C2O)C(O)C1O,2
COc1cc2c(cc1O)C1(CC2)SCc2ccccc2S1,2
CC1(C)CCC2(C(=O)OC3OC(CO)C(O)C(O)C3O)CCC3(C)C(=CC(=O)C4C5(C)CCC(OC6OC(C(=O)O)C(O)C(OC7OC(CO)C(O)C(O)C7O)C6OC6OC(CO)C(O)C(O)C6O)C(C)(C)C5CCC43C)C2C1,2
CC=CC(=O)CCCCC,4
COc1ccccc1C(CC(=O)O)NC(=O)Nc1ccc(C#N)cc1,4
O=S(=O)(O)NC1CCCCC1,2
CC(=O)OCC(NC(=O)C(N)CC(=O)O)C(C)O,2
CCOC(=O)C1OC(OC2C(OC3CCC4(C)C(CCC5(C)C4C(=O)C=C4C6CC(C)(C(=O)O)CCC6(C)CCC45C)C3(C)C)OC(C(=O)OC)C(O)C2O)C(O)C(O)C1O,2
CC1OC(Oc2c(O)c(O)cc3oc(-c4ccc(O)c(O)c4)cc(=O)c23)C(O)C(O)C1O,2
C=C1CC23CCC4C(C)(C(=O)OC5OC(COC6OC(CO)C(O)C(O)C6O)C(O)C(O)C5OC5OC(CO)C(O)C(O)C5O)CCCC4(C)C2CCC1(OC1OC(CO)C(O)C(OC2OC(CO)C(O)C(O)C2O)C1OC1OC(CO)C(O)C(O)C1O)C3,2
O=CC(OF)C(O)C(O)C(O)CO,2
CCCCCCCCCCCCCCCC=O,4
Nc1nc(OP(=O)(O)O)nc2c1ncn2C1OC(CO)C(O)C1O,2
CC(CCC(=O)O)(CCC(=O)O)[N+](=O)[O-],1
CCOC(=O)c1ccc(O)c([N+](=O)[O-])c1,1
O=CC(O)C(O)C(OF)C(O)CO,2
COC(=O)C1C(C)(C)CCC2OC(=O)C34CC(CC(O)C3C21COC(C)=O)C(C)C4=O,0
CC1CCC2(C(=O)OC3OC(CO)C(O)C(O)C3O)CCC3(C)C(=CCC4C5(C)CCC(OC6OC(C(=O)O)C(O)C(O)C6OC6OCC(O)C(O)C6O)C(C)(C)C5CCC43C)C2C1C,2
COC(=O)C1OC(OC2C(O)CC3(C)C(CCC4(C)C3CC=C3C5CC(C)(C)CCC5(C(=O)OC5OC(CO)C(O)C(O)C5O)CCC34C)C2(C)CO)C(O)C(O)C1OC1OCC(O)C(O)C1O,2
COCC1OC(n2cnc3c(N)ncnc32)C(O)C1OP(C)(=O)O,2
CC1OC(Oc2cc(-c3coc4cc(O)cc(O)c4c3=O)ccc2O)C(O)C(O)C1O,2
COC(=O)C(NC(=O)C(CC(=O)O)NC(=O)Nc1ccc(C#N)cc1)C(F)(F)F,2
CC1OC(OC2C(C)OC(c3cc(O)c4c(=O)cc(-c5ccc(O)c(O)c5)oc4c3)C(O)C2O)C(O)C(O)C1O,2
CC1(C)OCC2OC(OC3C(CO)OC(O)C(O)C3O)C(O)C(O)C2O1,2
O=c1cn[nH]c(=S)[nH]1,1
CC1=CC(=O)C(=C(C)C)CC1,4
CCCCCCCCCC1CCCC(=O)O1,2
CCOc1c(N)cccc1[N+](=O)[O-],2
CN1C2CC(OC(=O)C(CO)c3ccccc3)CC1C(O)C2,0
COC(=O)C1OC(OC2CCC3(C)C(CCC4(C)C3CC=C3C5CC(C)(C)CCC5(C)C(=O)C(O)C34C)C2(C)CO)C(O)C(OC2OC(CO)C(O)C(O)C2O)C1O,2
Nc1cc([N+](=O)[O-])ccc1OCCC(F)(F)F,2
CC(C)CC(NC(=O)C(CCCCN)NC(=O)C(N)CC(N)=O)C(=O)NC(Cc1ccccc1)C(=O)O,2
CCC(C)O,2
COC1=CC(C)C2CC3OC(=O)CC4C(C)C(O)C(O)C(C2(C)C1=O)C34C,0
CC(C)C(NC(=O)C(N)CC(N)=O)C(=O)NC(CC(=O)O)C(=O)NC(Cc1ccccc1)C(=O)O,2
C=C1CCC2(C(=O)O)CCC3(C)C(=CCC4C5(C)CCC(OC6OC(C(=O)O)C(O)C(O)C6O)C(C)(C)C5CCC43C)C2C1,2
C=C(C)CCCC(C)CCO,4
COc1cc2c(c(OC)c1OC)-c1ccc(OC)c(=O)cc1C(NC=O)CC2,0
CC1OC(Cc2ccccc2)OC1C,2
CCCCC(S)CCOC(C)=O,4
CC(O)C(N)C(=O)NC(CC(=O)O)C(=O)NC(CC(=O)O)C(=O)NC(Cc1ccccc1)C(=O)O,2
COC(=O)C(COC(=O)C(C)(C)C)NC(=O)C(N)CC(=O)O,2
CCCCCCC(CC(=O)O)C(=O)NC(Cc1ccccc1)C(=O)NC,2
CCC(C)C(NC(=O)C(N)CC(=O)O)C(=O)NC(CC(=O)O)C(=O)NC(Cc1ccccc1)C(=O)O,2
CC(=O)OCCC1CC=C(C)C1(C)C,2
CC(C)C(NC(=O)C(CO)NC(=O)C(N)CC(N)=O)C(=O)NC(Cc1ccccc1)C(=O)O,2
CC1(C)CCCC2(C)C3CC=C(C=O)C(C=O)=CC3CCC12,4
Cc1ncnc2[nH]nnc12,1
COC1OC(C)C(O)C(OS(=O)(=O)O)C1OC1OC(C)C(O)C(O)C1O,2
CC1(C)CCC2(C(=O)O)CCC3(C)C(=CCC4C5(C)CCC(OC6OC(CO)C(O)C(OC7OC(C(=O)O)C(O)C(O)C7O)C6OC6OCC(O)C(O)C6O)C(C)(C)C5CCC43C)C2C1,2
CCCCCCC(C)OC(C)=O,4
CC(C)COc1cnccn1,4
COc1cc(O)c2c(=O)cc(-c3ccc(OC4OC(COC5OC(CO)C(O)C(O)C5O)C(O)C(O)C4O)c(O)c3)oc2c1,2
CC1OCC(O)C(OC2OCC(O)C(O)C2O)C1O,2
CC1OC(n2cnc3c(N)ncnc32)C(O)C1OP(=O)(O)OP(=O)(O)O,2
CCOC(=O)CCNC(=O)C(Cc1ccccc1)NCC(=O)OCC,2
CCCCCC=CCCCOC(C)=O,4
CC1(C)CCCC2(C)C1CCC1(C)OCCC12,2
CC(C)CC(NC(=O)C(CC(=O)O)NC(=O)C(Cc1ccccc1)NC(=O)C(C)N)C(=O)O,2
CC#CC(=O)O,1
COc1cc2oc(=O)ccc2c(OC)c1O,0
CC1(C)OC(CO)C(COC2OC(CO)C(O)C(O)C2O)O1,2
OC1CCC(O)C(CF)O1,2
OCC1OCOC(C2OCOCC2O)C1O,2
O=C(O)CN(CC(=O)O)CP(=O)(O)O,1
CC(NC(=O)C(CC(=O)O)NC1C(C)(C)SC1(C)C)C(N)=O,2
CCC1OC(OC)C(OC)C(O)C1O,2
COc1ccc(C(C)=O)c(OC2OC(COC3OCC(OC(=O)c4cc(O)c(O)c(O)c4)C(O)C3O)C(O)C(O)C2O)c1,2
Cc1cc([N+](=O)[O-])c(C)c(C(=O)O)c1O,1
Nc1ncnc2c1ncn2C1OC(CO)C(O)[C]1O,2
COC(=O)c1ccc(O)c(Cl)c1,1
NC(CC(=O)O)C(=O)NC(CO)Cc1ccc(O)cc1,2
NCCCCC(NC(=O)C(CCC(N)=O)NC(=O)C(Cc1ccccc1)NC(=O)C(N)CC(=O)O)C(=O)O,2
NOC1C(O)OC(CO)C(O)C1O,2
OCC1OC(OC2(CO)OC(CO)C(O)C2O)C(O)CC1O,2
CCCOC1OC(CO)C(O)C(OC)C1O,2
O=C(O)CCN(CC(=O)O)CP(=O)(O)O,1
NC(CC(=O)O)C(=O)NCCOC(=O)C1CCC1,2
CC(C)CCOCCc1ccccc1,4
OCC1OC(OI)C(O)C(O)C1O,2
COc1ccc(-c2cc(=O)c3c(O)c(OC)c(OC4OC(CO)C(OC5OC(C)C(O)C(O)C5O)C(O)C4O)cc3o2)cc1,2
COc1ccc([N+](=O)[O-])c(O)c1,1
CCCCC(=O)OCC(C)NC(=O)C(N)CC(=O)O,2
Nc1ncnc2c1ncn2C1OC(CO)C2OP(O)(=S)OC21,2
COc1cc(C2c3c(cc(OC)c(O)c3OC)CC(CO)C2CO)cc(OC)c1O,0
CCCCOC(=O)C1OC(OC2CCC3(C)C(CCC4(C)C3CC=C3C5CC(C)(C)CCC5(C(=O)O)CCC34C)C2(C)C)C(OC2OC(CO)C(O)C(O)C2O)C(O)C1O,2
CCC(C)C(NC(=O)C(N)CC(=O)O)C(=O)NC(CO)C(=O)NC(Cc1ccccc1)C(=O)O,2
CCCC=CCOC(=O)CCCCC,4
C=C(C)C1C=CC(C)(O)CC1,4
C=C1C(=O)OC2C1CCC1(C)C(O)CC=C(C)C21,0
CC(O)C(O)CCO,2
O=c1cc(-c2ccc(O)c(O)c2)oc2cc(O)c(C3OC(OC4OCC(O)C(O)C4O)C(O)C(O)C3O)c(O)c12,2
COc1cc(-c2cc(=O)c3c(O)c(OC4OC(C)C(O)C(O)C4OC4OC(C)C(O)C(O)C4O)c(O)cc3o2)ccc1O,2
CC1=CCC(=C(C)C)CCC(C)=CCC1,4
CC(C)C(N)C(=O)NC(CC(=O)O)C(=O)NC(Cc1ccccc1)C(=O)NC(CCCCN)C(=O)O,2
C#CCOC1OC(CO)C(O)C(O)C1O,2
CCOC1OC(CO)C(O)C(O)C1OC1OC(COCO)C(O)C(O)C1O,2
Cc1ccc(C(=O)O)c(C)c1,1
C=CC(O)C#CC#CC(O)C=CCCCCCCC,0
OCC1OC(OCC2(O)C(O)COC2O)C(O)C(O)C1O,2
CC(Cl)C1OC(CCl)(OC2OC(CO)C(Cl)C(O)C2O)C(O)C1O,2
CCCCSCC(=O)O,1
CCCCOC1C(O)OC(CO)C(O)C1O,2
CC(C)OCC1OC(CO)(OC2OC(CO)C(O)C(O)C2O)CC1O,2
Nc1ncnc2c1ncn2C1OC(COP(=O)(O)O)C(O)C1O.O=S(=O)([O-])[O-].[Cu+2],2
CCC(C)OC1OC(CO)C(OC2OC(COC3OC(C)C(O)C(O)C3O)C(O)C(O)C2O)C(O)C1O,2
COc1c(O)ccc2c(=O)c3c(OC4OC(CO)C(O)C(O)C4O)cc(O)c(OC)c3oc12,2
CC(=O)OC1C(=O)C2(C)C(CCC3(C)C(c4ccoc4)OC(=O)C4OC432)C23COC(=O)CC2OC(C)(C)C13,0
Nc1ncnc2c1ncn2C1OC(COP(=O)(O)OP(=O)(O)OP(=O)(O)OCCO)C(O)C1O,2
COc1cc(-c2oc3cc(OC4OC(C)C(O)C(O)C4O)cc(O)c3c(=O)c2OC2OC(CO)C(O)C(O)C2O)ccc1O,2
CCCCCC(=O)C(C)C(C)=O,4
CC(O)COCC1OC(OC2(CO)OC(CO)C(O)C2O)C(O)C(O)C1O,2
CCCCN(CC(=O)OCC)C(=O)C(CC(=O)OC(C)(C)C)NC(=O)Cc1ccccc1,2
CCCCCC(C)=O,2
CCc1ccc(OC)c(OC)c1,4
C=CC(O)C(O)C=C,0
COc1ccc(-c2cc(=O)c3c(O)cc(OC4OC(COC5OC(C)C(O)C(O)C5O)C(O)C(O)C4OC4OC(CO)C(O)C(O)C4OC4OC(CO)C(O)C(O)C4O)cc3o2)cc1O,2
CC(C)(C)C(C(=O)O)S(=O)(=O)CCc1ccccc1,2
CC1OC(OCC2OC(Oc3cc(O)c4c(=O)cc(-c5ccc(O)c(O)c5)oc4c3)C(O)C(O)C2O)C(O)C(O)C1C,2
OCC1OC(OC2OC(CBr)C(O)C(O)C2O)C(O)C(O)C1O,2
CC(=O)C=CC1=C(C)C(=O)CCC1(C)C,4
C=CCOC(=O)c1ccco1,4
CCOC(=O)c1cnc2c(C)c(-c3ccccc3)[nH]n2c1=O,4
Nc1ncnc2c1ncn2C1OC(CO)C(OP(=O)(O)O)C1(O)F,2
CC(=O)C1CC(CC(=O)O)C1(C)C,1
NC(CO)C(=O)NCC(=O)NC(CC(=O)O)C(=O)NC(Cc1ccccc1)C(=O)O,2
CC1OC(O)(COC2OC(CCl)C(Cl)C(O)C2O)C(OCl)C1O,2
O=C(O)CNC(=Nc1ccccc1)NCC1CCCCC1,2
CC1=CC(=O)CCC1,4
Nc1nc(N)c2ncn(C3OC(CO)C(O)C3OF)c2n1,2
CC(=O)OC(C)C=C(C)CCC=C(C)C,4
CNc1ccccc1C(=O)O,1
N=C(N)NCCC[C@H](NC(=O)c1ccccc1)C(=O)O,1
CCCCCC(C)S,4
CCCCCCCCCCCCCCCCCC(=O)OCC,4
CCC(C)C(NC(=O)C(N)CC(=O)O)C(=O)NC(Cc1ccccc1)C(=O)NCC(=O)O,2
COc1cc(O)c2c(=O)c3c(OC4OC(CO)C(O)C(O)C4O)c(OC)ccc3oc2c1,2
C=C1CC23CCC4C(C)(C(=O)O)CCCC4(C)C2CCC1(OC1OC(CO)C(O)C(O)C1O)C3,2
CC1CC(C(O)CO)OC(C(O)CO)O1,2
CC(C(N)=O)N(C(=O)C(N)CC(=O)O)C1C(C)(C)SC1(C)C,2
COC1C(OCC(O)C(O)C(O)C(O)(O)CO)OC(CO)C(O)C1O,2
CCCCC(=O)OCCC(C)CCC=C(C)C,4
CC(C)=CCC1(CC=C(C)C)C(=O)C(O)=C(O)C1=O,0
COc1cc(C2CC(=O)c3c(O)cccc3O2)ccc1O,4
CCCCCOc1ccc([N+](=O)[O-])cc1N,2
CC(C)C(NC(=O)C(CC(=O)O)NC(=O)C(N)Cc1ccccc1)C(=O)NC(CC(=O)O)C(=O)O,2
CCCCCCCCC=CCCCCCCCC(=O)OCC(O)C1OCC(O)C1O,4
CC1(C)CCC2(C(=O)O)CCC3(C)C(=CCC4C5(C)CCC(OC6OC(CO)C(O)C(OC7OC(C(=O)O)C(O)C(O)C7O)C6O)C(C)(CO)C5CCC43C)C2C1,2
COc1c(O)cc2oc(-c3ccccc3OC3OC(CO)C(O)C(O)C3O)cc(=O)c2c1O,2
O=CN1c2ccccc2C(=O)N2CCc3c([nH]c4ccccc34)C21,0
CCC(C)COC(C)=O,2
O=c1cc(-c2ccc(O)c(O)c2)oc2c(OC3OC(CO)C(O)C(O)C3O)c(O)ccc12,2
COc1ccc(C=O)cc1OC,2
CCCC(=O)OC1C(O)C(COC2OC(C)C(O)C(O)C2O)OC(Oc2cc(O)c3c(c2)OC(c2ccc(OC)c(O)c2)CC3=O)C1O,2
CC12CCCC(C)(CC1)C2=NO,4
CC1(C)CCC2(C(=O)O)CCC3(C)C(=CCC4C5(C)CCC(OC6OC(C(=O)O)C(OC7OC(COC8OC(CO)C(O)C(O)C8O)C(O)C7O)C(O)C6O)C(C)(C)C5CCC43C)C2C1,2
OCC1OC(OCC2OC(O)C(O)C(O)C2OC2OC(CO)C(O)C(O)C2O)C(O)C(O)C1O,2
COP(=O)(OC)c1ccc(C(=O)O)cc1,1
CC1(C)C(CC(=O)O)CC1CC(=O)O,1
O.O=C1[N-]S(=O)(=O)c2ccccc21.[Na+],2
COC(=O)CNC(=O)C1(NC(Cc2ccccc2)C(=O)O)CCCCC1,2
CCCCCCCCCC(C)O,4
Nc1ncnc2c1ncn2C1OC2COP(=O)(N3CCCCC3)OC2C1O,2
O=C(O)/C=C/C(O)CCCCCCCC(=O)O,0
CCC(C)C(N)C(=O)NC(Cc1ccccc1)C(=O)OC,2
OCC1OC(O)C(O)C(F)C1O,2
COc1cc2oc(-c3ccccc3)cc(=O)c2c(O)c1OC1OC(CO)C(O)C(O)C1O,2
CC(C)CC(NC(=O)C(CC(=O)O)NC(=O)C(N)Cc1ccccc1)C(=O)NCC(=O)O,2
NCCCCC(N)C(=O)NC(CC(=O)O)C(=O)NC(Cc1ccccc1)C(=O)NC(CCCCN)C(=O)O,2
CC(C)CC(=O)Cc1ccccc1,2
OCC1OC(O)C(O)C(O)C1(O)O,2
O=C(CO)C(O)C(O)C(O)C(O)CO,2
CCc1nc(C)oc1C,4
C=C1C(O)C2(O)OCC34C(CC5C(C)=CC(O)C(O)C5(C)C23)OC(=O)CC14,0
CC1(C)OCC(COC2OC(CO)C(O)C(O)C2O)O1,2
Sc1ccc2ncccc2c1,1
CCC(C)C(NC(=O)C(CC(N)=O)NC(=O)C(N)CC(=O)O)C(=O)NC(Cc1ccccc1)C(=O)O,2
COC1OC(COCCO)C(OCCO)C(OCCO)C1OCCO,2
O=C(O)[C@@H]1C[C@]1(C(=O)O)c1ccccc1,1
O=C(O)[C@@H]1C[C@H]1C(=O)O,1
OCC(O)CCOC1OC(CO)C(O)C(O)C1O,2
COc1ccc(-c2coc3cc(OC4OC(COC5OCC(O)C(O)C5O)C(O)C(O)C4O)ccc3c2=O)cc1O,2
O=C1c2c(OC3OC(CO)C(O)C(O)C3O)cc(O)cc2OC(c2ccc(O)c(O)c2)C1O,2
COc1cc2ccc(=O)oc2c(O)c1OC,0
COC1OC(CO)C(O)C(OC2C(O)C(O)OC(CO)C2O)C1O,2
COC1C(O)C(C)OC(OC2CCC3(C)C(CCC4C3CCC3(C)C(C5=CC(=O)OC5)CCC43O)C2)C1OC(C)=O,0
COc1cc(-c2cc(=O)c3ccc(OC4OC(CO)C(O)C(O)C4O)cc3o2)ccc1O,2
O=C(O)C(C(=O)O)c1ccccc1,1
O=C(O)c1ccc2ncccc2c1,1
CC(C)CC(N)C(=O)NC(CC(=O)O)C(=O)NC(Cc1ccccc1)C(=O)NC(CC(=O)O)C(=O)O,2
O=C(O)Cc1cccc2ccccc12,1
COC(=O)CN1C(=O)C(=O)NC(CC(=O)OC)(Cc2ccccc2)C1=O,2
NCCCCC(NC(=O)CN)C(=O)NC(CC(=O)O)C(=O)NC(Cc1ccccc1)C(=O)O,2
CCCCCCCOCC(O)COC1C(O)OC(CO)C(O)C1O,2
COc1cc(C=O)ccc1OC(C)=O,2
Cc1[nH]c(=O)n(Cc2ccccc2)c(=O)c1[N+](=O)[O-],1
O[C]C(O)C(O)C(O)C(O)[C]O,2
COC(=O)C(Cc1ccccc1)NC(=O)C(C)NC(=O)CC1=CCCCC1,2
CS(=O)(=O)c1cc(=O)[nH]c(=O)[nH]1,1
CC(N)C(=O)NC(CC(=O)O)C(=O)NC(CC(=O)O)C(=O)NC(Cc1ccccc1)C(=O)O,2
O=CC(O)C(O)C(OCl)C(O)CO,2
CC1OC(OC2C(c3c(O)cc4oc(-c5ccc(O)c(O)c5)cc(=O)c4c3O)OC(CO)C2O)C(O)C(O)C1O,2
CCCOC(=O)C(Cc1ccccc1)NC(=O)C(N)CC(=O)O,2
C=C1C(=O)C23CC1CCC2C12COC(O)C1C(C)(C)C(OC(C)=O)CC2OC3=O,0
O=c1c(CO)c(-c2ccc(OC3C(CO)OC(O)C(O)C3O)c(O)c2)oc2cc(O)cc(O)c12,2
COc1cc(CC2COC(=O)C2Cc2ccc(OC3OC(CO)C(O)C(O)C3O)c(OC)c2)ccc1O,0
COc1ccc(-c2c(O)c(=O)c2=O)cc1,1
O=c1c2cc(O)ccc2oc2c(OC3OC(CO)C(O)C(O)C3O)c(O)cc(O)c12,2
C=C(C)/C=C/C(=O)C(C)(O)C1C(O)CC2(C)C3C=Cc4c(cc(OC5OC(CO)C(O)C(O)C5O)c(O)c4C)C3(C)C(=O)CC12C,0
NC(=O)CC(NC(=O)C(N)CC(=O)O)C(=O)NC(CC(N)=O)C(=O)NC(Cc1ccccc1)C(=O)O,2
Nc1cc(Cl)ccc1C(=O)O,1
CC(C)C(NC(=O)C(CC(N)=O)NC(=O)C(CC(=O)O)NC(=O)C(N)Cc1ccccc1)C(=O)O,2
COC(=O)C1OC(OC2CCC3(C)C(CCC4(C)C3CC=C3C5CC(C)(C)CCC5(C(=O)OC5OCC(O)C(O)C5O)CCC34C)C2(C)C)C(O)C(O)C1O,2
CNC(CCC(=O)O)C(=O)NC(Cc1ccccc1)C(=O)OC,2
CCOC(=S)SCC(=O)O,1
C=CCOC(=O)C(CC)CC,4
C=C1CC23CCC4C(C)(C(=O)OC5OC(CO)C(O)C(OC(CO)OC(CO)C(O)CO)C5OC5OC(CO)C(O)C(O)C5O)CCCC4(C)C2CCC1(OC1OC(CO)C(O)C(OC2OC(CO)C(O)C(O)C2O)C1OC1OC(C)C(O)C(O)C1O)C3,2
Nc1ccc2c(c1)C(=O)NS2(=O)=O,4
COCOC1C(OC)OC(CI)C(O)C1OCOC,2
CCCCCOC(=O)CCC,2
COC(=O)C(Cc1ccccc1)NC(=O)C(NC(=O)C(CC(C)C)NC(=O)C(N)CC(C)C)C(C)C,2
CC(NC(=O)C(CC(=O)O)NC(=O)C(N)CO)C(=O)NC(Cc1ccccc1)C(=O)O,2
CC1(C(=O)O)CCC2(C)CCC3(C)C(=CC(=O)C4C5(C)CCC(OCC6OC(C(=O)O)C(O)C(O)C6OC6OC(C(=O)O)C(O)C(O)C6O)C(C)(C)C5CCC43C)C2C1,2
COC1C(O)C(COP(=O)(O)O)OC1n1cnc2c(N)ncnc21,2
CC1(C)CCC2(C(=O)O)CCC3(C)C(=CCC4C5(C)CCC(OC6OC(C(=O)O)C(O)C(OC7OC(CO)C(O)C(O)C7OC7OCC(O)C(O)C7O)C6O)C(C)(C)C5CCC43C)C2C1,2
CCO[Si](OCC)(OCC)OC1OC(CO)C(O)C(O)C1O,2
ON=C(Cl)C(Cl)=NO,1
O=P(O)(O)OCC1OC(n2cnc3c(NC4CCCC4)ncnc32)C(O)C1O,2
CCCOC1OC(CO)C(O)(O)C(O)C1O,2
CC(C)CC(NC(=O)C(CCCCN)NC(=O)C(CC(=O)O)NC(=O)C(N)Cc1ccccc1)C(=O)O,2
CCOC(=O)C(CO)NC(=O)C(N)CC(=O)O,2
CC(C)CC(NC(=O)C(N)CC(=O)O)C(=O)NC(Cc1ccccc1)C(=O)NC(CC(=O)O)C(=O)O,2
O=c1cc(-c2ccccc2)oc2cc(O)c(OC3OC(CO)C(OC4OC(CO)C(O)C(O)C4O)C(O)C3O)c(O)c12,2
O=c1c2ccccc2sn1Cl,2
O=C1CSC(=S)N1,1
CCOC(=O)C(C)C(C)OC(C)=O,4
NCCCCC(N)C(=O)NC(Cc1ccccc1)C(=O)NC(CC(=O)O)C(=O)NC(CCCCN)C(=O)O,2
CCCCCCCCCCCCCC(=O)NCC(=O)NC(Cc1ccccc1)C(=O)O,2
NC(=O)CC(NC(=O)C(N)CC(=O)O)C(=O)NC(Cc1ccccc1)C(=O)NCC(=O)O,2
CC(C)(S)CCOC=O,4
CC1(C)CCC2(C(=O)O)CCC3(C)C(=CCC4C5(C)CCC(OC6OC(C(=O)O)C(O)C(OC7OC(CO)C(O)C(O)C7OC7OC(CO)C(O)C(O)C7O)C6O)C(C)(C)C5CCC43C)C2C1,2
CC(C)CC(N)C(=O)NC(Cc1ccccc1)C(=O)NC(CC(N)=O)C(=O)O,2
CCC(O)C(O)C(O)COCC1OC(Oc2c(-c3ccc(O)c(O)c3)oc3cc(O)cc(O)c3c2=O)C(O)C(O)C1O,2
CC(=O)C1CC=C(C=NO)CC1,2
CCC(C)C(NC(=O)C(N)Cc1ccccc1)C(=O)NC(CC(=O)O)C(=O)NC(CC(N)=O)C(=O)O,2
Cc1cc(=O)n2[nH]cnc2n1,1
COP(=O)(O)OCC1OC(n2cnc3c(N)ncnc32)CC1O,2
CC(C)SP(C)(=O)O,1
C=C1C(=O)OC2C1CCC(C)(O)C13OC1C1OC1(C)C23,0
CCC(C)C(NC(=O)C(N)CC(=O)O)C(=O)NC(C(=O)NC(Cc1ccccc1)C(=O)O)C(C)CC,2
COc1cc(OC2OC(C)C(O)C(O)C2OC2OCC(O)C(O)C2O)c2c(=O)cc(-c3cc(OC)c(OC)c(OC)c3)oc2c1,2
Nc1cc([N+](=O)[O-])ccc1OC1CCC1,2
COC(=O)C(Cc1ccccc1)NC(=O)C(CC(=O)O)NCCC(C)(C)c1ccccc1,2
COC(=O)C(Cc1ccccc1)N(C)C(=O)C(N)CC(=O)O,2
O=C(O)c1cn(-c2ccccc2)nn1,1
CC1CC(O)C2(O)OC3CC4(C=O)C(CCC5C4CCC4(C)C(C6=CC(=O)OC6)CCC54O)CC3OC2O1,0
COc1cc(O)c2c(=O)c(OC)c(-c3ccc(OC)c(OC)c3OC3OC(CO)C(O)C(O)C3O)oc2c1,2
O=C(O)C[Se]c1cccc(Cl)c1,1
COc1ccc(-c2cc(=O)c3c(OC4OC(COC5OC(C)C(O)C(O)C5O)C(O)C(O)C4O)c(OC)c(O)c(OC)c3o2)cc1,2
OCCN(CCO)c1nc(N2CCCCC2)c2nc(N(CCO)CCO)nc(N3CCCCC3)c2n1,0
CC(C)C(N)C(=O)NC(Cc1ccccc1)C(=O)O,2
CC1(C)CCC2(C(=O)OC3OC(CO)C(O)C(O)C3O)CCC3(C)C(=CCC4C5(C)CCC(OC6OC(C(=O)O)C(OC7OC(CO)C(O)C(O)C7O)C(O)C6O)C(C)(CO)C5CCC43C)C2C1,2
Cc1ccc(C(=O)O)c(N)c1,1
CC1OC(OCC2OC(Oc3c(-c4cc(O)c(O)c(O)c4)oc4cc(O)cc(O)c4c3=O)C(O)C(O)C2O)C(O)C(O)C1O,4
CC(NC(=O)C(N)CC(N)=O)C(=O)NC(Cc1ccccc1)C(=O)NC(CC(N)=O)C(=O)O,2
CCC(C)C(CCC(C)CCCC(C)CCCC(C)C)OC1C(CO)OC(Oc2cc(O)c3c(=O)cc(-c4ccc(OC)c(OC)c4)oc3c2)C(O)C1O,2
CC1=CC(=O)C(O)C2(C)C1CC1OC(=O)CC3C(O)(CO)C(O)C4(O)OCC13C42,0
CN(C)Cc1cc(-c2ccccc2)cc(CN(C)C)c1O,1
C=CC(C)(CCC=C(C)C)OC(C)=O,2
Nc1nc([Se])c2ncn(C3OC(COP(=O)(O)O)C(O)C3O)c2n1,2
CCCC=CCCC(=O)OC,4
COCC1(OC2OC(CO)C(O)C(O)C2O)OC(CO)C(O)C1OC,2
CC(S)CCS,4
CC(CC(C)(C)O)OC(O)C(Cl)(Cl)Cl,0
CC(C)=CCCC1(C)C2CC=C(C)C1C2,4
CC(C)CC(NC(=O)C(C)N)C(=O)NC(Cc1ccccc1)C(=O)NC(CC(N)=O)C(=O)O,2
OCC1OC(O)C(O)C1O,2
[N-]=[N+]=Nc1nc2c(N)ncnc2n1C1CC(O)C(COP(=O)(O)O)O1,2
O=C(O)c1c(F)c(F)c(O)c(F)c1F,1
CCC(C)(O)CCc1ccccc1,2
CCCCCCOC(=O)c1ccccc1,4
Cc1ccc(N=NC(=NNc2ccc(C)cc2)c2ccccc2)cc1,2
COc1cc(C2CC(=O)c3c(O)cc(O)cc3O2)ccc1OC1OC(COC(=O)CC(C)(O)CC(=O)O)C(O)C(O)C1O,2
COC(=O)C1OC(OC2CCC3(C)C(CCC4(C)C3CC=C3C5CC(C)(C)CCC5(C(=O)OC5OCC(O)C(O)C5OC5OC(C)C(O)C(O)C5O)C(O)CC34C)C2(C)C)C(O)C(O)C1O,2
C=C1C(=O)OC2CC1(C)C1C(=O)C3(O)OC14C(O)(CCC1C3C(O)C=C3CC=CC(=O)C31C)C(=O)OC24C,0
CCCC1CC(=O)C=C(C)C1,4
CC(C)OCC1OC(CO)(OC2OC(CO)C(O)C(O)C2O)C(O)C1O,2
CC(C)C(=O)OC(C)(C)CCc1ccccc1,2
CCOC(=O)C1OC1c1ccccc1,2
COC1OC(COS(=O)(=O)O)C(OC2OC(CO)C(O)C(O)C2O)C(O)C1O,2
COC1C(C)OC(O)C(OC)C1OC,2
COc1ccc(C=CC(=O)c2c(O)cc(OC3OC(COC4OC(C)C(O)C(O)C4O)C(O)C(O)C3O)cc2OC)cc1OC,2
COC1=C(O)C=CC(C=CC(=O)NCCc2ccc(O)c(OC)c2)C1,4
[N-]=[N+]=Nc1nc(N)c2ncn(C3OC(COP(=O)(O)OP(=O)(O)O)C(O)C3O)c2n1,2
OCC1OCC(OC2OCC(O)C(O)C2O)C(O)C1O,2
CCC(C)C(N)C(=O)NC(C)C(=O)NC(Cc1ccccc1)C(=O)O,2
CC1(C)CCC2(C(=O)O)CCC3(C)C(=CCC4C5(C)C(O)CC(OC6OC(C(=O)O)C(O)C(OC7OC(CO)C(O)C(O)C7O)C6O)C(C)(C)C5CCC43C)C2C1,2
c1cncnc1,0
O=C(C=Cc1cc(O)c(O)c(O)c1)c1c(O)cc(O)cc1OC1OC(CO)C(O)C(O)C1O,2
NCCCCC(NC(=O)C(N)Cc1ccccc1)C(=O)NCC(=O)NC(CC(N)=O)C(=O)O,2
CC(C)CC(NC(=O)C(N)Cc1ccccc1)C(=O)NC(C(=O)NC(C(=O)NC(CC(N)=O)C(=O)O)C(C)C)C(C)C,2
OCC1OC(OC2(CO)OC(CO)C(O)C2O)C(O)C(F)C1O,2
C=C1C(C2(C)C=CC(=O)OC(C)(C)C2CC(=O)OC)CCC2(C)C(c3ccoc3)OC(=O)CC12O,0
Cc1occc1S,4
CCCCCCCCCC(=O)OCC,2
O=P(O)(O)OCC1OC(n2cnc3c(N4CCCCC4)ncnc32)C(O)C1O,2
OCC1OC(OF)C(O)C(O)C1O,2
C=C1CC23CCC4C(C)(C(=O)OC5OC(CO)C(O)C(OC6OC(CO)C(O)C(O)C6O)C5OC5OC(C)C(O)C(O)C5O)CCCC4(C)C2CCC1(OC1OC(CO)C(O)C(OC2OC(CO)C(O)C(O)C2O)C1OC1OCC(O)C(O)C1O)C3,2
CCCCOCCCNc1ncnc2c1ncn2C1OC(COP(=O)(O)O)C(O)C1O,2
CC(C)CC(NC(=O)C(Cc1ccccc1)NC(=O)C(N)CCCCN)C(=O)NC(CC(N)=O)C(=O)O,2
NCCCNc1nc2c(N)ncnc2n1C1OC(COP(=O)(O)O)C(O)C1O,2
COC1CC(OC)C(OC2OC(C)C(O)C(OC)C2O)C(C)O1,2
COCC(OC)C1CC=C(C=NO)CC1,4
OCC1OC(OC2C(OCCF)OC(CO)C(O)C2O)C(O)C(O)C1O,2
O=C1CCCc2c([N+](=O)[O-])cc([N+](=O)[O-])c(O)c21,1
COc1ccc(CO)cc1,2
COC1=CC(C)C2CC3OC(=O)CC4(O)C(C)C(O)C(O)C(C2(C)C1=O)C34C,0
CC(C)CC(NC(=O)C(N)CC(=O)O)C(=O)NC(Cc1ccccc1)C(=O)NCC(=O)O,2
NC(=O)NCCC(=O)O,4
OCC1OC(OC2C(CO)OC(OC3C(CO)OCC(O)C3O)C(O)C2O)C(O)C(O)C1O,2
OCC1OC(OC2C(CO)OCC(O)C2O)C(O)CC1O,2
CCOC(=O)CCCNC(=O)OC1CC(C)CCC1C(C)C,3
CC1=CC(=O)C=C(O)C1=O,1
CC(C)CC(N)C(=O)NC(CC(=O)O)C(=O)NC(Cc1ccccc1)C(=O)NC(CC(N)=O)C(=O)O,2
OCC1OC(O)C(O)C(O)C1I,2
CC1(O)CCC(C(C)(C)O)CC1,0
Cn1c(Br)nc2c(=O)[nH]c(=O)[nH]c21,1
CC(C)C1C=CC(C)(O)CC1,4
CC(C)=CCC(=O)[C@@]1(O)C(O)=C(C(=O)CC(C)C)C(=O)[C@H]1CC=C(C)C,0
C/C(Cl)=C/C(=O)O,1
NCC(=O)NC(Cc1ccccc1)C(=O)NC(CC(=O)O)C(=O)NC(CCC(=O)O)C(=O)O,2
NC(=O)C(NC(=O)O)C(CCc1ccccc1)C(=O)O,2
O=C(O)C(O)c1ccc(I)cc1,1
CCC(C)C(=O)OC(C)C1(O)CCC2(O)C3CCC4CC(OC5CC(OC)C(OC6CC(OC)C(OC7CC(OC)C(OC8OC(CO)C(OC9OC(CO)C(O)C(O)C9O)C(O)C8O)C(C)O7)C(C)O6)C(C)O5)CCC4(C)C3CC(OC(C)=O)C12C,4
CC(C)CCCCCCCCCCC=O,4
O=CC(O)CCC(O)CO,2
O=C(O)C1(S(=O)(=O)c2ccccc2)CCCCC1,4
OCC1OC2(CCCO2)C(O)C(O)C1O,2
COC1(O)C(O)C(COP(=O)(O)O)OC1n1cnc2c(N)ncnc21,2
c1ccc2ncccc2c1,4
CC(C)c1ccccc1O,4
CCCCCCCC1OC2C(CO)OC(OC)C(O)C2O1,2
C=CCCCCCCCCCC(=O)O,4
O=C(C=Cc1ccccc1)OCCc1ccccc1,4
OCC(O)C(O)C(O)C(O)COC1(CO)OC(CO)C(O)C1O,2
C=CCc1cc2c(c(OC)c1OC)OCO2,4
CCOC(=O)COc1ccc(C)cc1,4
COc1ccc2c(c1O)c(=O)oc1ccccc12,2
COc1ccc(-c2oc3cc(O)cc(O)c3c(=O)c2OC2OC(C)C(O)C(O)C2O)cc1O,2
CNc1nc(=O)n(C)cc1C,1
COC1OC(COC2OC(CO)C(O)C(O)C2O)C(O)C(OC2OC(CO)C(O)CC2O)C1O,2
CC(C)C(NC(=O)C(Cc1ccccc1)NC(=O)C(CC(=O)O)NC(=O)C(N)CC(N)=O)C(=O)O,2
CCCCCN(CC)c1ncnc2c1ncn2C1OC2COP(=O)(O)OC2C1O,2
COc1ccc(NC(=O)NC#N)cc1,2
CC1OC(C2CC(C)(C)CC3C4=CC(=O)C5C6(C)CCC(C7OC(C(=O)O)C(O)C(O)C7OC7OC(C(=O)O)C(O)C(O)C7O)C(C)(C)C6CCC5(C)C4(C)CCC32C)C(O)C(O)C1O,2
COc1cc2c(c(O)c1C(=O)C=Cc1ccc(O)cc1)C=CC(C)(C)O2,0
CC1OC(OCC2OC(Oc3c(O)cc4oc(-c5ccc(O)cc5)cc(=O)c4c3O)C(O)C(O)C2O)C(O)C(O)C1O,2
COc1ccc(C2CC(=O)c3c(O)cc(OC4OC(CO)C(O)C(O)C4OC4OC(C)C(O)C(O)C4O)cc3O2)cc1,0
OCC1OC2(COC3(CO2)OCC(O)C(O)C3O)C(O)C1O,2
COc1cc(-c2cc(=O)c3c(OC4OC(C)C(O)C(O)C4O)c(OC)c(O)cc3o2)ccc1O,2
C=CCc1ccc(OC=O)c(OC)c1,4
COc1ccc([S+]([O-])CC(=O)O)cc1,1
Nc1ncnc2c1ncn2C1OC(COP(=O)(O)C=CP(=O)(O)O)C(O)C1O,2
C[C@H](CCC(=O)O)[C@H]1CC[C@H]2[C@@H]3CC[C@@H]4C[C@H](O)CC[C@]4(C)[C@H]3C[C@H](O)[C@]12C,1
C=C1CCC2(C(=O)OC3OC(CO)C(O)C(O)C3O)CCC3(C)C(=CCC4C5(C)CC(O)C(OC6OC(C(=O)O)C(O)C(O)C6O)C(C)(CO)C5CCC43C)C2C1,2
CCCCCNc1ncnc2c1ncn2C1OC2COP(=O)(O)OC2C1O,2
NCC(=O)NC(CC(=O)O)C(=O)NCC(=O)NC(Cc1ccccc1)C(=O)O,2
OC1C(CCl)OC2(COC3(CO2)OC(CCl)C(O)C3O)C1O,2
NOC1C(CO)OC(n2cnc3c(N)ncnc32)C1O,2
OCC1OC(OC2C(O)C(CO)OC(OC3C(CO)OC(O)C(O)C3O)C2O)C(O)C(O)C1O,2
CCCCCCCCCCc1ccco1,4
OCC(O)C(O)CO,2
CC(C)OC1C(O)OC(CO)C(O)C1O,2
OCC(O)C(O)C(O)(CO)COC1OC(CO)C(O)C(O)C1O,2
COc1cc(-c2cc(=O)c3c(O)c(C4OC(CO)C(O)C(O)C4O)c(OC4OC(CO)C(O)C(O)C4O)cc3o2)ccc1O,2
CCCCCC(C)C(C)NC(=O)C(N)CC(=O)O,2
CCCCCC(=O)OCCC(S)CCC,4
CC(N)C(=O)NC(Cc1ccccc1)C(=O)NC(CC(=O)O)C(=O)NC(C(=O)NC(C(=O)NCC(=O)O)C(C)C)C(C)C,2
CC(NC(=O)CN)C(=O)NC(CC(=O)O)C(=O)NC(Cc1ccccc1)C(=O)O,2
OCC1OC(OCC2OC(O)C(O)C(O)C2O)C(OCl)C(O)C1O,2
CCCCOC(=O)c1ccccc1C(=O)OCCCC,4
NC(N)=NCCCC(N)C(=O)NC(CC(=O)O)C(=O)NC(Cc1ccccc1)C(=O)O,2
CCCP(O)(=S)CCC,1
CCCN(CC)c1ncnc2c1ncn2C1OC2COP(=O)(O)OC2C1O,2
CC1(C)S[C@@H]2[C@H](N)C(=O)N2[C@H]1C(=O)O,1
COC(=O)c1ccc(OC)cc1,2
COc1c(-c2ccc(O)c(OC3OC(CO)C(O)C(O)C3O)c2)oc2cc(O)cc(O)c2c1=O,2
COc1ccc(C2CC(=O)c3c(O)cc(OC4OC(CO)C(O)C(O)C4OC4OC(C)C(O)C(O)C4O)cc3O2)cc1OCc1ccccc1,2
CC1(C)CCC2C(O)C(=O)C3(C)C(=CCC4C5(C)CC(O)C(OC6OC(C(=O)O)C(O)C(O)C6O)C(C)(C(=O)O)C5CCC43C)C2C1,2
CCCCCC=C1CCCC1=O,4
COC1CC(C)OC(OC)C1O,2
CC1=C2C(O)C(=O)OC3CC4C(C)(C)OC5CC(=O)OCC54C(CC1)C23C,0
COCC1OC(OC2OC(CO)C(O)C(O)C2OC)C(O)C(OC)C1OC,2
CCC(=O)OCCc1ccccc1,4
CCOCC1OC(OC)C(O)C(O)C1O,2
CC(C)C(N)C(=O)NC(CS)C(=O)NC(CC(=O)O)C(=O)NC(Cc1ccccc1)C(=O)O,2
C=C1CC23CCC4C(C)(C(=O)OC5OC(COC6OCC(O)C(O)C6O)C(O)C(O)C5O)CCCC4(C)C2CC(O)C1C3,2
COC(=O)C(C)(CC(=O)O)c1ccccc1,1
Cc1nc(=S)s[nH]1,1
COc1cc(-c2oc3cc(O)cc(O)c3c(=O)c2OC2OC(CO)C(O)C(O)C2OC2OC(CO)C(O)C(O)C2O)ccc1O,2
NOC1=NS(=O)(=O)c2ccccc21,2
COc1cc(C)ccc1C(C)C,4
CCCCCC(=O)N1C(=O)c2ccccc2S1(=O)=O,2
CCOC(=O)C1(c2ccccc2)CC2CCC1C2,4
OCC(O)C(O)C(O)C(O)CO.[Ca+2].[Cl-].[Cl-],2
COc1cc(C2OCC(C)O2)ccc1O,2
OCC1OC(CCl)(OC2OC(CCl)C(O)C(O)C2O)C(O)C1O,4
COC(=O)C1OC(OC2CCC3(C)C(CCC4(C)C3CC=C3C5CC(C)(C)CCC5(C(=O)O)CCC34C)C2(C)C)C(OC2OC(CO)C(O)C(O)C2O)C(O)C1OC1OCC(O)C(O)C1O,2
NCCCCC(NC(=O)CN)C(=O)NC(Cc1ccccc1)C(=O)NC(CC(N)=O)C(=O)O,2
COC(=O)C1(C)CCC2(C(=O)OC3OC(CO)C(O)C(O)C3O)CCC3(C)C(=CCC4C5(C)CCC(OC6OC(C(=O)O)C(O)C(O)C6O)C(C)(CO)C5CCC43C)C2C1,2
O=c1cc(-c2ccc(O)c(O)c2)oc2cc(O)c(C3OC(OC4OC(CO)C(O)C(O)C4O)C(O)C(O)C3O)c(O)c12,2
COC(=O)C1OC(OC2CCC3(C)C(CCC4(C)C3CC=C3C5CC(C)(C)CCC5(C(=O)OC)CCC34C)C2(C)C)C(OC2OCC(O)C(O)C2O)C(OC2OCC(O)C(O)C2O)C1O,2
CC(O)C(NC(=O)C(N)CCCCN)C(=O)NC(CC(=O)O)C(=O)NC(Cc1ccccc1)C(=O)O,2
Nc1ncnc2c1ncn2C1OC(COP(=O)(O)OP(O)O)C(O)C1O,2
COC(=O)C(Cc1ccccc1)NC(=O)C(CC(=O)O)NCC(C)(C)CCO,2
CC(OP(=O)(O)O)C1OC(n2cnc3c(N)ncnc32)C(O)C1O,2
COC1COC(OC2C(C)OC(OC)C(O)C2O)C(O)C1O,2
CCCCNC(=S)S,1
CCC(C)C(N)C(=O)NC(CO)C(=O)NC(CC(=O)O)C(=O)NC(Cc1ccccc1)C(=O)O,2
NCCOCCOCCNc1ncnc2c1ncn2C1OC(COP(=O)(O)O)C(O)C1O,2
NC(=O)c1ccccc1S(N)(=O)=O,2
COc1cc(O)c(CC=C(C)C)c2c1C(=O)CC(c1ccc(O)cc1)O2,0
OCC1OC(OC2C(CO)OC(O)C(O)C2O)C(O)C(O[Si])C1O,2
CC(O)C(NC(=O)C(N)CC(=O)O)C(=O)NC(CC(=O)O)C(=O)NC(Cc1ccccc1)C(=O)O,2
NOCC(O)C(O)C(O)C(O)C=O,2
COC1C(O)OC(COC2OCC(O)C(O)C2O)C(O)C1O,2
CC(N)C(=O)NC(C(=O)NC(Cc1ccccc1)C(=O)NC(CC(N)=O)C(=O)O)C(C)C,2
N#Cc1ccc(NC(=O)NC(CC(=O)O)Cc2ccccc2)cc1,2
OCC1OC(OC2C(O)C(O)OC(CO)C2O)C(O)C1O,2
COCC1OC(O)C(OC2OC(CO)C(O)C(O)C2O)C(O)C1O,2
COc1ccc(C(=O)Sc2ccccc2)cc1O,4
O=C(O)[C@@H]1C[C@H]1c1cccc(Cl)c1,1
Cn1c(=O)c(=O)[nH]c2c(=O)[nH]c(=O)[nH]c21,1
O=c1ccc([N+](=O)[O-])ccc1O,1
O=[N+]([O-])c1cc(Cl)c(O)c([N+](=O)[O-])c1,1
CCC(C)C(NC(=O)C(N)CC(=O)O)C(=O)NC(Cc1ccccc1)C(=O)NC(CC(N)=O)C(=O)O,2
COc1ccc(C(=O)O)s1,1
O=C(O)C[Se]c1ccccc1[N+](=O)[O-],1
Nc1ncnc2c1ncn2C1OC(CO[P+](O)([Se-])OP(=O)(O)OOP(=O)(O)O)C(O)C1O,2
COC1C(OCC2(O)OC(O)(CO)C(O)C2O)OCC(O)C1O,2
O=C1N=C(O)C(Br)=CC1(Br)Br,1
O=C(O)C1CCC(=O)N1CC1(O)OCC(O)C(O)C1O,3
CC(C)Cc1cccnc1,4
COc1ccc(CCc2ccc(O)cc2)cc1O,2
COC(=O)C(Cc1ccccc1)NC(=O)C(C)NC(=O)C(C)NC(=O)OC(C)(C)C,2
OCC1OC2OCCOC3OC(CO)C(O)C(O)C3OCCOC2C(O)C1O,2
COc1ccc(C=NO)cc1,4
NOC(C(O)C=O)C(O)C(O)CO,2
C=CCOC(=O)CCCC1CCCCC1,4
NNC(=O)c1ccc(N)cc1,1
COc1c(OC2OC(CO)C(O)C(O)C2O)c(OC)c2oc(-c3ccc(O)c(O)c3)cc(=O)c2c1O,2
COC1(C)OC2OC(CO)C(OC3OC(CO)C(O)C(O)C3O)C(O)C2O1,2
CC1OC(OC2OCC(O)C(OC3OCC(O)C(O)C3O)C2O)C(O)C(O)C1O,2
OB(O)CCOCC1OC(O)C(O)C(O)C1O,2
COc1cc(OC2OC(C)C(O)C(O)C2O)c2c(=O)cc(-c3ccc(O)c(OC)c3)oc2c1,2
C=C1C(=O)OC2C3C(COC(=O)C(=O)O)=CC(=O)C3=C(C)CC(OC(=O)Cc3ccc(O)cc3)C12,0
COc1cc(O)c(C(C)=O)c(OC)c1,4
CC1OC(OC2C(OC3C(OC4CCC5(C)C(CCC6(C)C5CC=C5C7CC(C)(CO)CC(=O)C7(C)CCC56C)C4(C)CO)OC(C(=O)O)C(O)C3O)OCC(O)C2O)C(O)C(O)C1O,2
COC1C(O)OC(C)C(OC2OC(CO)C(O)C(O)C2O)C1OC,2
CC(C)CC(=O)C1=C(O)C2(O)C(CC3C(C)(C)OC(O)CC32O)C1=O,0
CC(N)C(=O)NC(CC(N)=O)C(=O)NC(CCCCN)C(=O)NC(Cc1ccccc1)C(=O)O,2
CC(O)C(N)C(=O)NC(CC(=O)O)C(=O)NC(CO)C(=O)NC(Cc1ccccc1)C(=O)O,2
CC(C)C(N)C(=O)NCC(=O)NC(Cc1ccccc1)C(=O)NC(CC(=O)O)C(=O)O,2
CC(NC(=O)C(CC(=O)O)NC(=O)C(N)Cc1ccccc1)C(=O)NC(Cc1ccccc1)C(=O)O,2
CC1(C)OC2OC(CCl)C(O)C(O)C2O1,2
CC(C)CC(=O)OC1c2c(ccc3ccc(=O)oc23)OC1C(C)(C)OC(=O)CC(C)C,0
OCCCCCCCOC1OC(CO)C(O)C(O)C1O,2
OCC1OC(COC2OC(CO)C(O)C(O)C2O)C(O)C(O)C1O,2
O=S(=O)(O)C(O)c1cccnc1,1
CNC(CCCC(=O)O)C(=O)NC(Cc1ccccc1)C(=O)OC,2
CC(=O)CC(C)C,4
O=COCc1ccccc1,4
CC(=O)OCC1OC(Oc2ccc(C(=O)C=Cc3ccc(O)c(O)c3)c(O)c2O)C(O)C(O)C1OC(C)=O,2
COc1c(O)c(OC2OC(C)C(O)C(O)C2O)c(O)c2c(=O)c(-c3ccc(O)cc3)coc12,2
C=C(C)C(=O)OCC(C)NC(=O)C(N)CC(=O)O,2
CC(C)(C)OP(=O)(O)OP(=O)(O)OP(=O)(O)OCC1OC(n2cnc3c(N)ncnc32)C(O)C1O,2
COCC(O)C(OC)C(O)C(O)C=O,2
CCCCCCOC1OC(CO)C(O)CC1O,2
OCC(O)C(O)C1OC(O)C(O)C(O)C1O,2
OC[C]1OC(OC2C(CO)OC(O)C(O)C2O)C(O)C(O)C1O,2
NC(N)=NCCCC(NC(=O)C1CCCN1)C(=O)O,0
COC(=O)COC(OC1C(O)C(OC2CCC3(C)C(CCC4(C)C3CC=C3C5CC(C)(C)CCC5(C(=O)OC)CCC34C)C2(C)C)OC(C(=O)OC)C1O)C(=O)OC,2
CCCNc1nc(N)c2ncn(C3OC(COP(=O)(O)O)C(O)C3O)c2n1,2
CCCCOc1ccc(NC(N)=O)cc1,2
OCC1OC(OCC2OC(OCC3OC(O)(CO)C(O)C3O)C(O)C(O)C2O)C(O)C(O)C1O,2
CC1(C)CCC2(C(=O)OC3OC(CO)C(O)C(O)C3O)CCC3(C)C(=CCC4C5(C)CCC(OC6OC(C(=O)O)C(O)C(O)C6O)C(C)(CO)C5CCC43C)C2C1,2
CCCCC(=O)OC1CC2CCC1(C)C2(C)C,4
COc1cc(-c2oc3cc(O)cc(O)c3c(=O)c2O)cc(OC)c1OC1OC(CO)C(OC2OC(C)C(O)C(O)C2O)C(O)C1O,2
CC(C)CC(NC(=O)C(N)CC(N)=O)C(=O)NC(C)C(=O)NC(Cc1ccccc1)C(=O)O,2
O=C(O)CSC(SCC(=O)O)c1ccccc1,1
COc1ccc(-c2cc(=O)c3c(O)cc(O)c(C4OC(CO)C(OC5OCC(O)C(O)C5O)C(O)C4O)c3o2)cc1O,2
C=CC(=O)OCC,4
COC(=O)C(Cc1ccccc1)N(C(=O)C1CCCCN1)C(=O)C(CC(=O)O)NC(=O)OC(C)(C)C,2
COC1C(O)CC(O)OC1CO,2
C=C1C=CC(C(C)C)CCC(C)=CCC1,4
CC1OC(OCC2OCC(O)C(O)C2O)C(O)C(O)C1Oc1c(-c2ccc(O)c(O)c2)oc2cc(O)cc(O)c2c1=O,2
CC1OC(OC2C(c3cc(-c4cc(=O)c5c(O)cc(O)cc5o4)cc(O)c3O)OC(CO)C(O)C2O)C(O)C(O)C1O,2
CCCCCCCOc1ccc([N+](=O)[O-])cc1N,2
CC1(C(=O)O)CCCC2c3ccccc3C(C(=O)O)C21,2
O=c1cc(-c2ccc(O)c(O)c2)oc2cc(OC3OC(CO)C(O)C(O)C3O)c(O)c(O)c12,2
CCOC(=O)c1ccccc1C(=O)OCC,0
O=C(C=Cc1ccc(O)c(O)c1)c1c(O)cc(OC2OC(CO)C(O)C(O)C2O)cc1O,2
O=c1cc(O)[nH]c(=O)[nH]1,1
CSC(C)CC=O,4
CC(C)C(NC(=O)C(CC(N)=O)NC(=O)C(N)Cc1ccccc1)C(=O)NC(CCCCN)C(=O)O,2
CC(O)C(N)C(=O)NC(C(=O)NC(CC(=O)O)C(=O)NC(Cc1ccccc1)C(=O)O)C(C)O,2
O=c1cnc2c(=O)[nH]c(=O)[nH]c2[nH]1,1
CCC(C)C(NC(=O)CCCCCCCCCCCCCCC(=O)NC(CC(N)=O)C(=O)NC(Cc1ccccc1)C(=O)O)C(=O)NC(CCO)C(N)=O,2
COc1ccc(CCC(=O)c2c(O)cc(OC3OC(C)(CO)C(C)(O)C(C)(O)C3(C)OC3(C)OC(C)(C)C(C)(O)C(C)(O)C3O)cc2O)cc1O,2
COC(=O)c1ccc(NC(=S)NC(CC(=O)O)C(=O)NC(Cc2ccccc2)C(=O)OC)cc1,2
O=C(O)CN(CC(=O)O)[N+](=O)[O-],1
COC(=O)OC1OC(CO)C(O)C(O)C1O,2
COc1cc(-c2oc3cc(O)cc(O)c3c(=O)c2O)ccc1O,0
Nc1nc(=O)c2ncn(C3OC(COP(=O)(O)O)C(O)C3O)c2[nH]1,4
COC(=O)C(NC(=O)C(N)CC(=O)O)C(=O)OC(C)(C)C,2
CCCNP1(=O)OCC2OC(n3cnc4c(N)ncnc43)C(O)C2O1,2
Cc1c([N+](=O)[O-])cc2c(c1[N+](=O)[O-])C(C)(C)CC2(C)C,4
OCC(O)C(OC1OC(CO)C(OC2OC(CO)C(O)C(O)C2O)C(O)C1O)C(O)CO,2
CC=CC(C)=O,4
O=C1c2c(O)cc(O)cc2OC(c2cc(O)c(O)c(OC3OC(CO)C(O)C(O)C3O)c2)C1O,2
Nc1nc(C(F)(F)F)nc2c1ncn2C1OC2COP(=O)(O)OC2C1O,2
CC(C(=O)O)c1ccccc1,1
CCCCCCOc1ccc(NC(=O)Nc2ccccc2)cc1,2
O=C1CC(c2ccccc2)Oc2ccccc21,0
CCCCCCCOC(=O)CCCCCCC,4
COCOC1C(O)C(CO)OC(OC)C1O,2
OCC1(O)OCC(O)C(OC2OCC(O)C(O)C2O)C1O,2
CCC(C)C(NC(=O)C(N)Cc1ccccc1)C(=O)NC(CC(=O)O)C(=O)NCC(=O)O,2
COc1ccc(-c2cc(=O)c3c(O)cc(O)c(C4OC(CO)C(OC5OC(C)C(O)C(O)C5O)C(O)C4O)c3o2)cc1O,2
CC1OC(OC2C(O)C(CO)OC(OC3C(O)C(OC4CCC5(C)C(CCC6(C)C5CC=C5C7CC(C)(C)CCC7(C(=O)OC7OC(CO)C(O)C(O)C7O)CCC56C)C4(C)CO)OC(C(=O)O)C3O)C2O)C(O)C(O)C1O,2
CCCCCCCCC1CCC(=O)O1,2
O=C(O)/C=C/c1ccccc1,1
CCC(C)C(NC(=O)C(CC(=O)O)NC(=O)C1CCCN1)C(=O)NC(Cc1ccccc1)C(=O)O,2
CC(=O)CCC=C(C)CCC=C(C)C,4
CCCCCCCCCCCCCCCC(=O)OCC,4
CC1OC(OC2C(OC3COC(O)C(O)C3O)OC(CO)C(O)C2O)C(O)C(O)C1O,2
CC(NC(=O)C(Cc1ccccc1)NC(=O)C(N)CCC(N)=O)C(=O)NC(CC(N)=O)C(=O)O,2
O=C(O)CNC(=Nc1cc(Cl)cc(Cl)c1)NC1CCCCCC1,2
OCC1OC(O)CC(O)C1O,2
C=CC(C)(C)C(O)C=C(C)C,4
COC(=O)C1OC(OC2CCC3(C)C(CCC4(C)C3CC=C3C5CC(C)(C)CCC5(C(=O)OC)CCC34C)C2(C)C)C(OC2OC(CO)C(O)C(O)C2O)C(O)C1OC1OC(CO)C(O)C1O,2
CC(SC(C(=O)O)c1ccccc1)C(=O)O,1
CCCC/C=C\CCCCCCC/C=C/C=C/C(=O)NCC(C)C,4
c1coc(CSCc2ccco2)c1,4
Cn1c(N)nc2ncc(O)nc2c1=O,1
[N-]=[N+]=NOCC1OC(n2cnc3c(N)ncnc32)C(O)C1OP(=O)(O)OP(=O)(O)OP(=O)(O)O,2
CC1(C)SC(CNC(=O)Cc2ccccc2)NC1C(=O)O,1
CCC([NH3+])C(=O)NC(Cc1ccccc1)C(=O)[O-],2
CCCCCCOC1C(CO)OC(O)C(O)C1O,2
CC(C)=CCCC(C)CC(C)(C)O,4
CCOC1CCC(O)C(CO)O1,2
CC(C)=CCCC1(C)CC1C=O,4
NC(=O)CCC(NC(=O)C(N)CC(=O)O)C(=O)NC(CCC(N)=O)C(=O)NC(Cc1ccccc1)C(=O)O,2
O=C(O)Cc1cccc(Cl)c1,1
Cc1ccc(O)cc1,4
CC1CC(OC2OC(CO)C(O)C(OC(=O)Cc3ccc(O)cc3)C2OC(=O)Cc2ccc(O)cc2)CC(=O)O1,0
O=P(O)(O)OCc1ccncc1,1
C=C1CC23CCC4C(C)(C(=O)OC5OC(CO)C(O)C(O)C5O)CCCC4(C)C2CCC1(OC1OC(CO)C(O)C(OC2CC(CO)C(O)C(O)C2O)C1OC1OC(CO)C(O)C(O)C1O)C3,2
OCC1OC(OC2(O)OC(CO)C(O)C(O)C2O)C(O)C(O)C1O,2
OCCOC1OC(CO)C(O)C(O)C1O,2
COc1cc2oc(-c3ccc(OC4OC(CO)C(O)C(O)C4O)cc3)cc(=O)c2c(O)c1OC1OC(CO)C(O)C(O)C1O,2
OCC1OC(O)C(OC2CCCC2)C(O)C1O,2
NCCCCC(NC(=O)C(CC(N)=O)NC(=O)C(Cc1ccccc1)NC(=O)CN)C(=O)O,2
NCCCCC(N)C(=O)NC(CC(=O)O)C(=O)NC(CC(N)=O)C(=O)NC(Cc1ccccc1)C(=O)O,2
CC1OC(Oc2cc(O)c3c(=O)c(OC4OC(C)C(O)C(O)C4O)c(-c4ccc(O)c(O)c4)oc3c2)C(O)C(O)C1O,2
CCCCCCCCCCCCCCCCC(CC(=O)O)C(=O)NC(Cc1ccccc1)C(=O)NC,2
COc1cc(OC2OC(COC3OCC(O)C(O)C3O)C(O)C(O)C2O)c2c(=O)cc(-c3ccc(O)c(OC)c3)oc2c1,2
O=c1c(-c2ccccc2)coc2cc(O)ccc12,0
OCC1OC(OC2C(CO)OC(CO)(OC3OC(CO)C(O)C(O)C3O)C2O)C(O)C(O)C1O,2
CC1OC(OC2C(OC3CCC4(C)C(CCC5(C)C4CC(=O)C4C(C(C)(O)CCC(O)C(C)(C)O)CCC45C)C3(C)C)OC(CO)C(O)C2OC2OC(C)C(O)C(O)C2O)C(O)C(O)C1O,2
CC(C)=CCC12CC3C(CC(C(C)(C)OO)C3(C)C)(C1=O)C(O)=C(C(=O)CC(C)C)C2=O,0
CP(=O)(O)OP(=O)(O)OCC1OC(n2cnc3c(N)ncnc32)C(O)C1OP(=O)(O)O,2
CC(C)CC(NC(=O)C(N)Cc1ccccc1)C(=O)NCC(=O)NC(CC(N)=O)C(=O)O,2
CC1OC(OC2CC(O)OC(C)C2O)CC(O)C1O,2
O=C1c2ccccc2S(=O)(=O)N1S,2
CC(N)C(=O)NC(Cc1ccccc1)C(=O)NC(CCC(N)=O)C(=O)NC(CC(N)=O)C(=O)O,2
Cc1ccc2c(c1)C=CCC2(C)C,4
CCCCCCCCOC1C(O)OC(CO)C(O)C1O,2
C=C1C(=O)C23CC1CC(OC(C)=O)C2C1(COC(C)=O)C(CCC(C)(C)C1C=O)OC3=O,4
Cc1c(O)c(C)c2c(c1O)C(=O)CC(c1cccc(O)c1OC1OC(CO)C(O)C(O)C1O)O2,2
CC(NC(=O)C(CCCCN)NC(=O)C(N)CC(N)=O)C(=O)NC(Cc1ccccc1)C(=O)O,2
COc1ccc(-c2coc3cc(O)ccc3c2=O)cc1,0
CCCCCCC(CC)OC(C)=O,4
COC(=O)C1(C)CCC2(C)CCC3(C)C(=CC(=O)C4C5(C)CCC(OC6OC(C(=O)O)C(O)C(OC7OCC(OC(C)=O)C(OC(C)=O)C7OC(C)=O)C6OC6OC(COC(C)=O)C(OC(C)=O)C(OC(C)=O)C6OC(C)=O)C(C)(C)C5CCC43C)C2C1,2
C=C=C1CC23CCC4C(C)(C(=O)OC5OC(CO)C(O)C(O)C5OC5OC(CO)C(O)C(O)C5O)CCCC4(C)C2CCC1(OC1OC(CO)C(O)C(O)C1O)C3,2
CC(=O)c1sc(C)nc1C,4
COC(CO)C(OC1OC(CO)C(O)C(O)C1O)C(O)CO,2
CC1CC(O)C(O)C(OC2C(O)OC(CO)C(O)C2O)O1,2
CCC=CCCC=CCO,4
O=CC(O)C(O)C(O)CC(=O)O,2
CNC(N)=S,0
c1csc(SSc2cccs2)c1,4
COc1c(OC2OC(COC3OC(C)C(O)C(O)C3O)C(O)C(O)C2O)cc2oc(-c3ccc(O)cc3)cc(=O)c2c1O,2
Cc1csc(C(C)C)n1,4
CCCC(CC(=O)O)CC(=O)O,1
NCCCCNc1ncnc2c1ncn2C1OC(COP(=O)(O)OP(=O)(O)OP(=O)(O)O)C(O)C1O,2
CCCCN,4
CC1=CC(=O)C2=C(C)CC(OS(=O)(=O)O)C3C(C)C(=O)OC3C12,0
CCCCCC1OCC2OC(OC)C(O)C(O)C2O1,2
Cc1ccc(C)c(C(=O)O)c1,1
Nc1ncnc2c1ncn2C1OC(COP(=O)(O)OOS(=O)(=O)OO)C(O)C1O,2
O=C(O)CCC1CCOC1=O,1
C=C(C)C1CCC(C)=C(OO)C1,4
CC(O)C(N)COP(=O)(O)OCC1OC(n2cnc3c(N)ncnc32)C(O)C1O,2
CCC(C)C(NC(=O)C(N)CC(N)=O)C(=O)NCC(=O)NC(Cc1ccccc1)C(=O)O,2
NC(CC(=O)O)C(=O)NC(CC(=O)O)C(=O)N1CCCC1C(=O)NC(Cc1ccccc1)C(=O)O,2
CC(OP(=O)(O)OP(=O)(O)O)C1OC(n2cnc3c(N)ncnc32)C(O)C1O,2
COc1ccc(CCc2ccccc2)cc1OCC(=O)O,4
COc1ccc(O)c(N=O)c1,1
COC(=O)C(Cc1ccccc1)NC(=O)C(N)C(C)C(=O)O,2
Cc1ccc(C)c(C(=O)O)c1C,1
OCC1OC(OC2(CBr)OC(CBr)C(Br)C2O)C(O)C(O)C1Br,2
CC(NC(=O)C(CC(=O)O)NC(=S)Nc1ccc(C#N)cc1)c1ccccc1,2
NCCCCC(NC(=O)C(CCCCN)NC(=O)C(Cc1ccccc1)NC(=O)C(N)CC(N)=O)C(=O)O,2
OCC1OC(OC2C(CO)OCC(O)(O)C2O)C(O)C(O)C1O,2
CC(NC(=Nc1ccc(C#N)cc1)NCC(=O)O)C1CCCCC1,2
Nc1ncnc2c1ncn2C1OC(COP)C(OP(=O)(O)O)C1O,2
CC(C)CC(NC(=O)C(Cc1ccccc1)NC(=O)CNC(=O)CNC(=O)C(N)CC(=O)O)C(=O)O,2
O=C1CCC(C(=O)O)C1,1
O=C1CC2OCC=C3C[N+]4([O-])CCC56c7ccccc7N1C5C2C3CC64,0
CC(C)=CCc1cc(-c2oc3cc(OC4OC(CO)C(O)C(O)C4OC4OC(CO)C(O)C(O)C4O)cc(O)c3c(=O)c2CO)cc(O)c1O,2
COc1ccc2c(c1)C13CCN4CC5=CCOC6CC(=O)N2C1C6C5CC43,0
OCC1OC(OC2C(O)OCC(O)C2O)C(O)C(O)C1O,2
CC1OC(OC2C(OC3C(OC4CCC5(C)C(CCC6(C)C5CC=C5C7CC(C)(C(=O)O)CC(O)C7(C)CCC56C)C4(C)C)OC(C(=O)O)C(O)C3O)OC(CO)C(O)C2O)C(O)C(O)C1O,2
CC(C)CC(N)C(=O)NC(CC(=O)O)C(=O)NC(CO)C(=O)NC(Cc1ccccc1)C(=O)O,2
Nc1ncnc2c1ncn2C1OC(COP(=O)(O)OP(=O)(O)O)C(O)C1OP(=O)(O)O,2
CCC(=O)C(C)=O,2
COC(CCCOC1C(CO)OC(OC)C(O)C1O)OC1OC(OC)C(O)C(O)C1O,2
COc1cc(-c2cc(=O)c3c(O)c(CC=C(C)CCC(O)C(C)(C)O)c(O)cc3o2)ccc1OC1OC(C)C(O)C(O)C1O,2
COc1cc(O)c2c(c1)OC(c1ccc(O)c(O)c1)C(OC1OCC(O)C(O)C1O)C2=O,2
CCCCCCOC1C(CO)OC(OC)C(O)C1O,2
CCP(O)(=S)CC,1
Nc1ncnc2c1ncn2C1OC(CO)C2OP(=O)(O)OC21,2
OC(C(F)(F)F)(C(F)(F)F)C(F)(F)F,1
CCCC(C(=O)NCC(=O)OC)N1C(=O)CC1C(=O)NC(Cc1ccccc1)C(=O)OC,2
NCCOc1ccc(NC(N)=O)cc1,2
CSSCc1ccccc1,4
COCC1OC(n2cnc3c(N)ncnc32)C(O)C1OP(=O)(O)O,2
COc1cc2oc(-c3ccc(O)cc3)cc(=O)c2c(O)c1OC1OC(C)C(OC2OC(CO)C(O)C(O)C2O)C(O)C1O,2
COc1cc(O)c(CC2OC2(C)C)c(O)c1C(=O)C=Cc1ccc(O)cc1,0
CCC(C)C(NC(=O)C(Cc1ccccc1)NC(=O)C(N)CC(=O)O)C(=O)NC(Cc1ccccc1)C(=O)O,2
COCC1OC(C)C(OC(OCCO)OCCO)C1OC,2
CCC1OC(O)C2OC(C)(C)OC2C1OC,2
O=C(O)c1cccc(I)c1O,1
CC(=O)C1OC(OC2C(OC3CCC4(C)C(CCC5(C)C4C(=O)C=C4C6CC(C)(C(=O)O)CCC6(C)CCC45C)C3(C)C)OC(C=O)C(O)C2O)C(O)C(O)C1O,2
CCCCCCO,2
CCCCCC#CC(=O)OC,4
CC(O)C(NC(=O)C(CC(=O)O)NC(=O)C(N)CC(=O)O)C(=O)NC(Cc1ccccc1)C(=O)O,2
NCCCCCCNc1ncnc2c1ncn2C1OC(COP(=O)(O)O)C(O)C1O,2
CCOC(=O)C1OC1(C)c1ccc(C)cc1,2
COc1ccc(-c2cc(=S)ss2)cc1,0
C[Sn+2]C.[O-]C1C(O)OC(CO)C(O)C1[O-],2
CCC(=O)OC,4
COCCCOc1ccc([N+](=O)[O-])cc1N,2
CC1(C(=O)O)CCC2(C)CCC3(C)C(=CC(=O)C4C3CCC3C(C)(C)C(OC5OC(C(=O)O)C(O)C(O)C5OC5OC(C(=O)O)C(O)C(O)C5O)CCC43C)C2C1,2
NC(=O)CCC(NC(=O)C(CC(N)=O)NC(=O)C(N)CC(=O)O)C(=O)NC(Cc1ccccc1)C(=O)O,2
CCCC(=O)C(CC)Cc1ccccc1,4
CC(C)CC(NC(=O)C(CC(=O)O)NC(=O)C(N)Cc1ccccc1)C(=O)NC(CCCCN)C(=O)O,2
COc1cc(-c2cc(=O)c3c(O)cc(OC4OC(CO)C(O)C4OC4OCC(O)C(O)C4O)cc3o2)ccc1O,2
Nc1ncnc2c1nc(Br)n2C1OC(COP(N)O)CC1O,2
Sc1cccc(Cl)c1,1
OC1CCOC(O)C1O,2
COC(=O)CNC(=O)C(Cc1ccccc1)NC1(C(=O)O)CCCCC1,2
CCC1=C(C)OS(=O)(=O)NC1=O,2
COC1OC(CO)C(O)C(OC2OC3COC(C3O)C2O)C1O,2
CC1(C)CCC2(C(=O)OC3OC(CO)C(O)C(O)C3O)C(O)CC3(C)C(=CCC4C5(C)CCC(OC6OC(C(=O)O)C(O)C(OC7OCC(O)C(O)C7OC7OCC(O)C(O)C7O)C6O)C(C)(C)C5CCC43C)C2C1,2
CC12CCC3C(C)(CO)C(O)CCC3(C)C1CC(C1=CCOC1=O)O2,0
Nc1ncnc2c1ncn2C1OC(COP(=O)(O)OOS(=O)(=O)OO)C(OP(=O)(O)O)C1O,2
Nc1ncnc2c1ncn2C1OC(C(O)P2(=O)OCCCO2)C(O)C1O,2
COc1cc(C=CCO)cc(OC)c1OC1OC(CO)C(O)C(O)C1O,0
CC1OC(Oc2cc(-c3coc4cc(O)ccc4c3=O)ccc2O)C(O)C(O)C1O,2
O=C(O)c1cc2ccccc2o1,0
CC=CC=CC=CCCC=CC=CC(=O)NCC(C)(C)O,4
CCCC(S)CCOC(C)=O,4
O=C(C=Cc1ccc(O)cc1)Nc1ccccc1C(=O)O,0
CC(N)C(=O)NC(CC(N)=O)C(=O)NC(Cc1ccccc1)C(=O)NC(Cc1ccccc1)C(=O)O,2
COc1ccc(-c2oc3cc(O)cc(O)c3c(=O)c2OC2OC(CO)C(O)C(O)C2OC2OC(C)C(O)C(O)C2O)cc1O,2
CCCCCC=CC=CC(CCCCCCCC(=O)O)OO,4
OCC1OC(O)C(O)C(O)C1OC1OC(CF)C(O)C(O)C1O,2
CCCC(C)OC1OC(COC2OCC(O)C(O)C2O)C(O)C(O)C1O,2
O=Cc1ccccc1O,4
O=c1cc(-c2ccc(O)cc2)oc2cc(O)cc(O)c12,0
CCC(C)C(NC(=O)C(Cc1ccccc1)NC(=O)C(CC(=O)O)NC(=O)C(N)Cc1ccccc1)C(=O)O,2
CC1(O)OCC(O)C(O)C1(O)O,2
COc1cc(OC2OC(CO)C(O)C(O)C2O)c2c(=O)cc(-c3ccc(O)c(OC)c3)oc2c1,2
CCc1nc(C)cs1,4
CC1(C)CCC2(CO)C(=O)CC3(C)C(=CCC4C5(C)CCC(OC6OC(C(=O)O)C(O)C(OC7OC(CO)C(O)C(O)C7OC7OC(CO)C(O)C(O)C7O)C6OC6OC(CO)C(O)C(O)C6O)C(C)(C)C5CCC43C)C2C1,2
COC1C(CO)OC(OC2C(O)OC(CO)C(O)C2O)C(O)C1O,2
CC(NC(=O)C(N)CC(=O)O)C(=O)NC(CC(=O)O)C(=O)NC(Cc1ccccc1)C(=O)O,2
COc1ccc(-c2cc(=O)c3c(O)cc(OC4OC(CO)C(O)C(O)C4OC4OCC(O)(CO)C4O)cc3o2)cc1O,2
CC1=CCC(C=NO)=CC1,2
CC(C)C(N)C(=O)NC(Cc1ccccc1)C(=O)NC(CC(N)=O)C(=O)NC(CC(N)=O)C(=O)O,2
CC(NC(=O)C(N)CC(=O)O)C(=O)NC(CO)C(=O)NC(Cc1ccccc1)C(=O)O,2
CC(N)(CC(=O)O)C(=O)NC(Cc1ccccc1)C(=O)O,2
COC1C(OCC2(O)OC(O)C(O)C(O)C2O)OC(CO)C(O)C1O,2
N=P(O)(OCC1OC(n2cnc3c(N)ncnc32)C(O)C1O)OP(=O)(O)O,2
COc1ccc(CCc2ccc(OC)c(O)c2)cc1,4
COc1cc2ccc(=O)oc2c(OC2OC(CO)C(O)C(O)C2O)c1O,0
CC(=CCO)COC1OC(CO)C(O)C(OC(=O)Cc2ccc(O)c(O)c2)C1OC(=O)Cc1ccc(O)cc1,0
OCC1OC(OC2(CCl)OC(CCl)C(Cl)C2O)C(O)C(O)C1Cl,2
COc1ccccc1,4
C=CC1(C)CCC(=O)O1,4
COC(=O)C1OC(OC2CCC3(C)C(CCC4(C)C3CC=C3C5CC(C)(C)CCC5(C(=O)OC)CCC34C)C2(C)C)C(O)C(OC2OCC(O)C(O)C2O)C1O,2
CC(C)CC(NC(=O)C(N)CCCCN)C(=O)NC(CC(N)=O)C(=O)NC(Cc1ccccc1)C(=O)O,2
Nc1ncnc2c1ncn2C1OC(COP(=O)(O)OP(=O)(O)OP(=O)(O)O)C(O)C1F,2
C=CCOC(=O)CCCCCC,2
CC(=O)Nc1ccc(C=NNC(N)=S)cc1,0
CC(CCC(O)C(C)(C)OC1OC(COC2OC(CO)C(O)C(O)C2O)C(O)C(O)C1O)C1CCC2(C)C3CC=C4C(CCC(OC5OC(CO)C(O)C(O)C5O)C4(C)C)C3(C)C(=O)CC12C,0
COC(C)C1OC(n2cnc3c(N)ncnc32)C(O)C1OP(=O)(O)O,2
COC1OCC(OC2OCC(O)C(O)C2O)C(O)C1O,2
OCC1OC(OC2C(O)C(CO)OC(O)(F)C2O)C(O)C(O)C1O,2
COC1OC(COCCOCCO)C(OCCOCCO)C(OCCOCCO)C1OCCOCCO,2
COCC(Cc1ccc(OC)c(OC)c1)C(COC)Cc1ccc(OC)c(OC)c1,0
CC(C)CC(N)C(=O)NC(CC(C)C)C(=O)NC(CC(N)=O)C(=O)NC(Cc1ccccc1)C(=O)O,2
CCOc1ccc(NC(=O)Nc2ccccc2)cc1,2
CCC1OC(C)=C(O)C1=O,2
COc1ccc(CCCOC(=O)CCc2ccc(OC)c(OC)c2)cc1OC,0
CCc1cnccn1,0
CC(C)C([N+](=O)[O-])[N+](=O)[O-],1
CC(=O)OC1C(OC2(CCl)OC(CCl)C3OC32)OC(CO)C(Cl)C1OC(C)=O,4
COC(C(O)CO)C(O)CO,2
OCC1(O)O[CH]C(O)C(O)C1O,2
COc1c(OC2OC(COC3OCC(O)C(O)C3O)C(O)C(O)C2O)cc2occ(-c3ccc(O)cc3)c(=O)c2c1O,2
COc1cc(-c2cc(=O)c3cc(OC4OC(CO)C(O)C(O)C4O)c(OC)cc3o2)ccc1O,2
NC(=O)CCC(N)C(=O)NC(CC(=O)O)C(=O)NC(CCC(N)=O)C(=O)NC(Cc1ccccc1)C(=O)O,2
CC=CC(=O)OCC,2
COC1C(COP(=O)(O)OP(=O)(O)OP(=O)(O)O)OC(n2cnc3c(N)ncnc32)C1O,2
CC(NC(=O)C[NH3+])C(=O)NC(Cc1ccccc1)C(=O)[O-],2
NCCCCNc1nc2c(N)ncnc2n1C1OC2COP(=O)(O)OC2C1O,2
CCCCCCCCCCC1OC(C(CCC(OCOC)C2CCC(CO)O2)OCOC)CCC1OCOC,2
O=C(O)c1nnn(-c2ccccc2)c1C(=O)O,1
CN1C(CC(=O)c2ccccc2)CCCC1CC(O)c1ccccc1,0
CC1(C)CCCC2(C)C(C=O)C(C=O)=CCC12,4
CC(=O)Oc1ccccc1C,2
CC(C)=CCCC(C)(O)C1CCC2(C)C1C(O)CC1C3(C)CCC(OC4OC(CO)C(O)C(O)C4OC4OC(CO)C(O)C(O)C4O)C(C)(C)C3CCC12C,2
OCC1OC(OC2C3COC(O3)C(O)C2O)C(O)C(O)C1O,2
NCC(=O)NC(CC(=O)O)C(=O)NC(Cc1ccccc1)C(=O)O,2
O=[N+]([O-])c1ccc(-c2ccccc2)cc1O,1
O=P(O)(O)Oc1cccnc1,1
COCC(NC(=Nc1ccc(C#N)cc1)NCC(=O)O)c1ccccc1,2
CCN1C(=O)c2cc([N+](=O)[O-])ccc2S1(=O)=O,4
C=C1CC23CCC4C(C)(C(=O)OC5OC(CO)C(C)C(O)C5O)CCCC4(C)C2CCC1(OC1OC(CO)C(O)C(O)C1O)C3,2
O=[N+]([O-])c1ccc(O)c(O)c1[N+](=O)[O-],1
CC(C)C(NC(=O)C(N)Cc1ccccc1)C(=O)NC(CC(N)=O)C(=O)NC(CC(N)=O)C(=O)O,2
CC1OC(C2(O)C(Oc3cc(O)c4c(=O)cc(-c5ccc(O)c(O)c5)oc4c3)OC(CO)C(O)C2O)C(O)C(O)C1O,2
NNC(=O)C(c1ccccc1)c1ccccc1,1
CC1OC(OCC2OC(Oc3cc(O)c4c(=O)cc(-c5ccc(O)c(OC6OC(CO)C(O)C(O)C6O)c5)oc4c3)C(O)C(O)C2O)C(O)C(O)C1O,2
CC1=CC(=O)C2=C(C)CC(O)C3C(C)C(=O)OC3C12,0
COCCOCCOC1OC(CO)C(O)C(O)C1O,2
O=C(OCC1OC(O)C(O)(COC(=O)c2cc(O)c(O)c(O)c2)C1O)c1cc(O)c(O)c(O)c1,4
C=CC(CCCCC)OC(C)=O,4
COC(=O)C(NC(=O)C(N)CC(=O)O)C(=O)OC1CCCC(C)C1,2
Cc1nc2cnc(=S)[nH]c2n(C)c1=O,1
CCCCCCCC1OCC(O)C(C(O)C(O)CO)O1,2
COc1ccc(C=CC(=O)c2c(OC)cc(OC3OC(COC4OC(C)C(O)C(O)C4O)C(O)C(O)C3O)cc2OC)cc1OC,2
O=c1cc(-c2ccc(O)c(OC3OC(CO)C(O)C(O)C3O)c2)oc2cc(O)cc(O)c12,2
CCCCCCCCOC(=O)C(C)C,4
CCCOCC1(O)OCC(O)C(O)C1O,2
CC(NC(=O)C(N)CC(=O)O)C(=O)NC1CCCC1,2
CC(=O)OC1C(C)OC(O)C(OC(C)=O)C1OC(C)=O,2
C=CCCCCCCCCCCCC(O)CC(O)CO,0
CC(C)C(C(=O)O)S(=O)(=O)c1ccc(C(C)(C)C)cc1,4
Nc1ncnc2c1ncn2C1OC(CO)C2OP(O)(O)(O)OC21,2
O=CC(O)(O)C(O)C(O)C(O)C(O)O,2
C=CCC(=O)O,1
CC(C)=CCC1C(=O)C(C(=O)CC(C)C)=C(O)C1(O)C(=O)C=CC(C)C,0
COC1OC(CO)C(OC)C(OC)C1O,2
CC(=CCCC(C)C1CCC2(C)C3CC=C4C(CCC(OC5OC(CO)C(O)C(O)C5O)C4(C)C)C3(C)C(=O)CC12C)COC1OC(COC2OC(CO)C(O)C(O)C2O)C(O)C(O)C1O,0
NCCCCC(N)C(=O)NC(CCCCN)C(=O)NC(CC(N)=O)C(=O)NC(Cc1ccccc1)C(=O)O,2
CN1CCc2cccc3c2C1Cc1ccc(O)c(O)c1-3,0
COc1ccc(C2CC(=O)c3c(O)cc(OC4OC(COCC5OC(C)C(O)C(O)C5O)C(O)C(O)C4O)cc3O2)cc1O,2
CC(O)C1OC(=O)C=C2C3(C)C4OC4C(O)C4(C)C(=O)OC(C43)C3OC213,0
O=C(C=Cc1ccccc1)OCC12OC1C(O)C1C=COC(OC3OC(CO)C(O)C(O)C3O)C12,0
CC(NC(=O)C(N)CC(=O)O)C(=O)NC(Cc1ccccc1)C(=O)NC(CCC(=O)O)C(=O)O,2
CCCc1cnccn1,4
CC(=O)OC(C)(C)C=CC(=O)C(C)(O)C1C(O)CC2(C)C3CC=C4C(CCC(O)C4(C)C)C3(CO)C(=O)CC12C,0
COC(=O)C(C)NC(=O)C(C)NC(=O)Cc1ccccc1,2
O=CC(=Cc1ccco1)c1ccccc1,4
CC1=C(O)C(=O)CC(OC2CC(C)(C)CC3C4=CCC5C6(C)CCC(OC7OC(C(=O)O)C(O)C(O)C7OC7OC(CO)C(O)C(O)C7OC7OC(C)C(O)C(O)C7O)C(C)(CO)C6CCC5(C)C4(C)CCC23C)O1,2
CCOCC(CO)OC1OC(CO)C(O)C(O)C1O,2
Nc1ncnc2c1ncn2C1OC(COP(=O)(O)O[P+](=O)[O-])C(O)C1OP(=O)(O)O,2
COCC1OC(OC2C(CO)OC(F)C(O)C2O)C(O)C(O)C1O,2
Nc1ncnc2c1nc(Br)n2C1OC(CO)C(O)C1OP(=O)(O)O,2
Nc1ncnc2c1ncn2C1OC(COP(=O)(O)O)C(O[P+](=O)[O-])C1O,2
CC1OC(OC(CO)CO)C(O)C(O)C1O,2
O=[N+]([O-])c1cc(I)c(O)c(I)c1,1
COC(=O)C1OC(OC2CCC3(C)C(CCC4(C)C3CC=C3C5CC(C)(C)CCC5(C(=O)OC)CCC34C)C2(C)CO)C(OC2OC(CO)C(O)C(O)C2O)C(O)C1O,2
CC(C)=CCCC(C)=CCCC(C)=CCO,2
CC(C)CNC(=O)C=CC=CCCC=Cc1ccc2c(c1)OCO2,4
CCCOCCOCCOC1OC(CO)C(O)C(O)C1O,2
NC(Cc1ccccc1)C(=O)NC(Cc1c[nH]c2ccccc12)C(=O)O,0
CC1OC(OC2C(Oc3c(O)cc(O)c4c(=O)cc(-c5ccc(O)c(O)c5)oc34)OC(CO)C(O)C2O)C(O)C(O)C1O,2
C/C=C(\C)C(=O)OC1CC2C(CC=C3CC(OC4CC(OC)C(OC5CC(OC)C(OC6OC(C)C(O)C(OC)C6O)C(C)O5)C(C)O4)CCC32C)C2(O)CCC(C(C)=O)C12C,0
CC1(C)CCC2(CO)C(O)CC3(C)C(=CCC4C5(C)CCC(OC6OC(C(=O)O)C(O)C(OC7OC(CO)C(O)C(O)C7O)C6O)C(C)(C)C5CCC43C)C2C1,2
C=CCc1c(O)[nH]c(=O)[nH]c1=O,1
NCCOCCOCCNP(=O)(O)OCC1OC(n2cnc3c(N)ncnc32)C(O)C1O,2
CCC(C)CCCO,4
COC(=O)C(NC(=O)C(N)CC(=O)O)C(=O)OC1C(C)CCCC1C,2
CC1(C)CCC2(C(=O)OC3OCC(O)C(OC4OC(CO)C(O)C(O)C4O)C3O)CCC3(C)C(=CCC4C5(C)CCC(OC6OC(CO)C(O)C(O)C6O)C(C)(COC6OC(CO)C(O)C(O)C6O)C5CCC43C)C2C1,0
CCC(C)C(CC(O)CC(=O)OC(CC(O)CC(O)OC1C(O)C(C)OC(OC(O)C23CCC(C)(C)CC2C2=CCC4C5(C)CCC(OC6OC(C(=O)O)C(O)C(OC)C6OC)C(C)(C=O)C5CCC4(C)C2(C)CC3O)C1OC)C(C)CC)OC,2
O=c1cc(-c2ccc(O)cc2)oc2cccc(O)c12,0
Oc1cc(O)c2c(c1)OC(c1ccc(O)c(O)c1)C(O)C2c1c(O)cc2c(c1O)CC(O)C(c1ccc(O)c(O)c1)O2,0
[N-]=[N+]=Nc1nc2c(N)ncnc2n1C1OC(COP(=O)(O)OP(=O)(O)OP(=O)(O)O)CC1O,2
C=CC1C(OC2OC(CO)C(O)C(O)C2OC(=O)c2c(O)cccc2-c2cccc(O)c2)OC=C2C(=O)OCCC21,0
COC(=O)C(CNC(=O)C(N)CC(=O)O)C(=O)OC1CCCCC1,4
S=C(S)N1CCCC1,1
O=CC(O)C(O)(O)C(O)C(O)CO,2
CC1OC(O)C2OC(C)(C)OC2C1O,2
CCCOC1OC(C)C(O)CC1O,2
NS(=O)(=O)O,4
C=C1CC23CCC4C(C)(C(=O)O)CCCC45CC(CC1(OC1OC(CO)C(O)C(OC4OC(CO)C(O)C(O)C4O)C1OC1OC(CO)C(O)C(O)C1O)C2)C35,2
COc1cc(O)cc2oc3cc(OC4OC(CO)C(O)C(O)C4O)c(O)cc3c(=O)c12,2
COC(=O)C(Cc1ccccc1)NC(=O)CCC(=O)NC(C)CCc1ccccc1,2
COC1C(CO)OC(OC2OC(CO)C(OC)C(OC)C2OC)C(OC)C1OC,2
CC(=O)C=C(C)CCC=C(C)C,4
CC1=CC(O)C2C(CC(C)=CCC1)OC(=O)C2(C)O,0
COc1cc(-c2oc3cc(O)ccc3c(=O)c2OC2OC(CO)C(O)C(O)C2O)ccc1O,2
CC1OC(OCC(CO)OC2OC(CO)C(O)C(O)C2O)C(O)C(O)C1O,2
Cc1ccccc1C(OCCN(C)C)c1ccccc1,0
CC(C)OC1OCC(O)C(O)C1OC1OC(C)C(O)C(O)C1O,2
CC1OC(OC2C(OCC3OC(c4c(-c5ccc(O)c(O)c5)oc5cc(O)cc(O)c5c4=O)C(O)C(O)C3O)OC(C)C(O)C2O)C(O)C(O)C1O,2
C=C1CC23CCC4C(C)(C(=O)OC5OC(CO)C(O)C(O)C5O)CCCC4(C)C2CCC1(OC1OC(CO)C(O)C(OC2CC(O)C(O)C(CO)O2)C1OC1OC(CO)C(O)C(O)C1O)C3,2
CC(C)CC(NC(=O)C(CC(C)C)NC(=O)C(Cc1ccccc1)NC(=O)C(N)CC(=O)O)C(=O)O,2
COC(=O)C(NC(=O)C(N)Cc1ccccc1)C(C)C,2
O=C(O)c1cc2ccccc2cc1O,1
C=C1C(=O)OC2C=C(C)C(O)CCC(C)=CC(O)C12,0
CC1OC(Oc2cc(O)c3c(c2)OC(c2ccc(O)c(O)c2)C(OC2OC(C)C(O)C(O)C2O)C3=O)C(O)C(O)C1O,2
COCCOC(C)OCc1ccccc1,2
CCCCCCC1CC(OC(C)=O)CO1,2
Nc1nc(N2CCCC2)c2ncn(C3OC(COP(=O)(O)O)C(O)C3O)c2n1,2
COc1ccc(C2CC(=O)c3c(O)cc(OC4OCC(O)(COC5OC(C)C(O)C(O)C5O)C(O)C4O)cc3O2)cc1O,2
CC(NC(=O)C(NC(=O)C(CC(=O)O)NC(=O)C(N)Cc1ccccc1)C(C)C)C(=O)O,2
Nc1ccccc1S,1
CC(C)C(N)C(=O)NC(CC(=O)O)C(=O)N1CCCC1C(=O)NC(Cc1ccccc1)C(=O)O,2
CCCCCC=CCCO,4
COc1cc(C=CC(=O)c2ccc(O)cc2O)ccc1OC1OC(CO)C(O)C(O)C1O,2
CC=C(C)C(CCCCCCC(C)CCCC(C)C)OC1C(CO)OC(Oc2cc(O)c3c(=O)c(O)c(-c4ccc(OC)c(OC)c4)oc3c2)C(O)C1O,2
CC(C)CC(NC(=O)C(N)CC(=O)O)C(=O)NC(C(=O)NC(Cc1ccccc1)C(=O)O)C(C)C,2
CCCCCOCC1OC(OCC)C(O)C(O)C1O,2
CCCCCCCCOC(=O)CCCCCC,4
CCCC(=O)c1ccccc1,4
CCCCCCC(CC)OC1OC(CO)C(O)C(O)C1O,2
CNc1ncnc2c1ncn2C1OC(COP(=O)(O)OP(=O)(O)OP(=O)(O)O)CC1O,2
COc1cc(OC2OC(CO)C(O)C(O)C2O)c2c(=O)c(OC)c(-c3ccc(O)c(O)c3)oc2c1,2
Nc1c(O)cccc1C(=O)O,1
CCCCCCCCCCCCCCCCCCCCCC,4
O=c1c(O)c(-c2ccc(O)cc2)oc2c(O)c(O)cc(O)c12,0
O=C1C(O)=C(O)OC1C(O)CO,4
CCOC(=O)OC(=O)C(NC(=O)C(N)CC(=O)O)C(=O)OC,2
O=c1cc(-c2cc(O)c(O)c(OC3OC(CO)C(O)C(O)C3O)c2)oc2cc(O)cc(O)c12,2
COc1ccc(C2Cc3cc(OC)c(OC)c(O)c3C(=O)O2)cc1,2
CCC(C)C(=O)c1c(O)cc(O)cc1OC1OC(CO)C(O)C(O)C1O,0
C=C1CC23CCC4C(C)(C(=O)OC5OC(CO)C(O)C(O)C5O)CCCC4(C)C2CCC1(OC1OC(CO)C(O)C(O)C1OC1OC(COC2OC(CO)C(O)C(O)C2O)C(O)C(O)C1O)C3,2
COc1ccc2cc1-c1cc(ccc1O)CC1c3cc4c(cc3CCN1C)Oc1c(OC)cc3c(c1O4)C(C2)N(C)CC3,0
CC1CCC(C(C)C)C(OC(=O)C(C)O)C1,4
CCC(=O)C(C)O,4
O=[N+]([O-])NCCC([N+](=O)[O-])[N+](=O)[O-],1
CCCCCOC1C(OC(C)C)OC(COC)C(O)C1OCCC,2
N#Cc1ccc(N=C(NCC(=O)O)NS(=O)(=O)C2CCCCCC2)cc1,2
O=C(O)c1ccc(C(=O)O)cc1,1
COCC(O)C1OC(OC)(OC2OC(CO)C(O)C(O)C2O)C(O)C1O,2
O=C(c1ccccc1)c1ccc(O)c(O)c1OC1OC(CO)C(O)C(O)C1O,2
Cn1c(Cc2ccccc2)nc(=O)c2ccccc21,0
OCC(O)C(OB(O)O)C(OC1OC(CO)C(O)C(O)C1O)C(O)CO,2
CC(NC(=O)C(N)CC(=O)O)C(=O)NC(Cc1ccccc1)C(=O)NC(C(=O)O)C(C)C,2
OCC1OC(O)C(O)C(O)C1OC1OC(C(O)(O)O)C(O)C(O)C1O,2
O=S=O,0
NC(CC(=O)O)C(=O)NCCOc1ccccc1,2
OCCCOCC1OC(OC2C(CO)OC(O)C(O)C2O)C(O)C(O)C1O,2
CC(CCC1(O)OC2CC3C4CCC5CC(OC6OC(CO)C(OC7OC(C)C(O)C(O)C7O)C(O)C6O)CCC5(C)C4CCC3(C)C2C1C)COC1OC(CO)C(O)C(O)C1O,0
CC(=O)C(O)Cc1ccccc1,2
COc1cc(OC2OC(COC3OCC(O)C(O)C3O)C(O)C(O)C2O)c2c(=O)cc(-c3ccc(OC)c(O)c3)oc2c1,2
O=c1c(O)c(-c2ccc(O)c(O)c2)oc2cc(OC3OCC(O)C(O)C3O)cc(O)c12,2
OCC1OC(OC2C(CO)OCC(O)C2O)C(O)C(O)C1O,2
CCC[S+]([O-])CC(N)C(=O)O,4
Nc1ncnc2[nH]nnc12,1
CC(C)CC(NC(=O)CN)C(=O)NC(Cc1ccccc1)C(=O)NC(CC(N)=O)C(=O)O,2
CC(C)C(N)C(=O)NC(Cc1ccccc1)C(=O)NC(C(=O)NC(CC(N)=O)C(=O)O)C(C)C,2
CCCC(CO)OC1OC(CO)C(O)C(O)C1O,2
Cc1nc(N)c2ncn(C3OC(COP(=O)(O)OP(=O)(O)OP(=O)(O)O)C(O)C3O)c2n1,2
OCC1OC(Oc2ccccc2)C(O)C(O)C1O,0
C=C(C)C1CCC2(C)C(CC(OC3OCC(O)C(O)C3O)C3C(C(C)(O)CC=CC(C)(C)O)CCC32C)C1(C)CCC(=O)O,2
CC(C)C(=O)C1=C(O)C2(O)C(CC3C(C)(C)C(C(C)(C)O)CC32O)C1=O,0
COC(=O)C1OC(OC2CCC3(C)C(CCC4(C)C3CC=C3C5CC(C)(C)CCC5(C)CCC34C)C2(C)C)C(O)C(OC2OC(CO)C(O)C(O)C2O)C1O,2
Oc1cc(O)c2c(c1)OC1(c3ccc(O)c(O)c3)Oc3cc(O)c4c(c3C2C1O)OC(c1ccc(O)c(O)c1)C(O)C4c1c(O)cc(O)c2c1OC(c1ccc(O)c(O)c1)C(O)C2,2
COC1OC(C)C(O)C(OC2OC(CO)C(O)C(O)C2O)C1O,2
O=c1c2c(O)cc(OC3OC(CO)C(O)C(O)C3O)cc2oc2c(O)ccc(O)c12,2
OCC1OC(O)C(O)(O)C(O)(O)C1O,2
CC(=O)c1cc(Cl)c(O)c(Cl)c1,1
COc1cc(O)cc2oc(-c3ccc(O)c(O)c3)c(OC3OC(CO)C(O)C(O)C3O)c(=O)c12,2
CC(=O)CCc1ccc(OC(C)=O)cc1,4
O=[N+]([O-])C(CCCO)[N+](=O)[O-],1
CC1=CC(=O)C(O)C2(C)C1CC1OC(=O)CC3C(C)C(O)C(O)C2C13CO,0
O=c1c(-c2ccc(OC3OC(CO)C(O)C(O)C3O)c(O)c2)coc2c(OC3OC(CO)C(O)C(O)C3O)c(O)ccc12,2
CC(C)C1CCC2CC(=O)CCC2C1,4
CC(=O)OC1C(OC2CCC3(C)C(CCC4(C)C3CC=C3C5CC(C)(C)CCC5(C(=O)OC5OC(CO)C(O)C(O)C5O)CCC34C)C2(C)C)OC(C(=O)O)C(OC2OCC(O)C(O)C2O)C1O,2
CCCCOC1C(C)OC(OC)C(OCCCC)C1O,2
NC(=O)C[N+](=O)[O-],1
CN(CCC([N+](=O)[O-])[N+](=O)[O-])[N+](=O)[O-],1
COc1cc(-c2cc(=O)c3c(O)c(OC)c(OC4OC(CO)C(O)C(O)C4O)c(OC)c3o2)ccc1O,2
COC(=O)C1OC(OC2CCC3(C)C(CCC4(C)C3CC=C3C5CC(C)(C)CCC5(C(=O)OC)CCC34C)C2(C)C)C(OC2OCC(O)C(O)C2O)C(OC2OC(CO)C(O)C(O)C2O)C1O,2
COc1c(O)cc2c(c1O)C(=O)C(O)C(c1ccc(O)c(O)c1)O2,2
COc1cc2oc3ccc(O)cc3c(=O)c2c(O)c1OC1OC(CO)C(O)C(O)C1O,2
COc1ccccc1C1CC(=O)c2c(O)cc(OC3OC(CO)C(O)C(O)C3O)c(OC)c2O1,2
COC1=CC(C)C2CC3OC(=O)CC4C(C)C5OCOC5C(C2(C)C1=O)C34C,0
CC(NC(=O)C(NC(=O)C(Cc1ccccc1)NC(=O)C(N)CC(=O)O)C(C)C)C(=O)O,2
Nc1nc(F)nc2c1ncn2C1OC(CO)C(O)C1O.O=P([O-])([O-])[O-].O=P([O-])([O-])[O-].[Mg+2].[Mg+2].[Mg+2],2
CC1OC(CCC2OC(Oc3c(-c4ccc(O)c(O)c4)oc4cc(O)cc(O)c4c3=O)C(O)C(O)C2O)C(O)C(O)C1O,2
COc1cc(C=CC(=O)NCCc2c[nH]c3ccc(O)cc23)ccc1O,0
Nc1ncnc2c1ncn2C1(N)OC(COP(=O)(O)OP(=O)(O)OP(=O)(O)O)C(O)C1O,2
CCCCOC(=O)CCCC,2
NNC(=O)CCC([N+](=O)[O-])[N+](=O)[O-],1
CC1=C(/C=C/C(C)=C/C=C/C(C)=C/C=C/C=C(C)/C=C/C=C(C)/C=C/C2=C(C)CCCC2(C)C)C(C)(C)CCC1,0
COC(=O)CCNC(=O)C(CC1CCCCC1)NC(=O)C(CCCc1ccc(C)cc1)CC(=O)O,2
O=C1CC=NN1c1ccccc1,1
CC(C)CC(NC(=O)CN)C(=O)NC(CC(=O)O)C(=O)NC(Cc1ccccc1)C(=O)O,2
COc1ccc(-c2oc3cc(OC4OCC(O)C(O)C4O)cc(O)c3c(=O)c2O)cc1OC,2
CC(CO)(CO)C(=O)O,1
CCOC1OC(CO)C(OC(C)=O)C(OC(C)=O)C1OC(C)=O,2
CC(C)CC1OCC(CO)O1,4
COc1cc(OC2OC(CO)C(O)C(O)C2O)c2c(=O)cc(-c3ccc(OC)c(OC)c3)oc2c1,2
CC(C)Oc1ccc(NC(=O)NC(C)(C)C)cc1,2
COC(=O)CCC(=O)NC(Cc1ccccc1)C(=O)O,2
CCCCNc1nc(N)c2ncn(C3OC(COP(=O)(O)O)C(O)C3O)c2n1,2
COC1C(O)COC(OC2C(C)OC(O)C(O)C2O)C1O,2
C=C1C(=O)OC2C=C(CO)CCC=C(C)CC(OC(=O)C(C)CO)C12,0
CC(C)C(N)C(=O)NC(CC(N)=O)C(=O)NCC(=O)NC(Cc1ccccc1)C(=O)O,2
O=C(O)Cc1cccs1,1
CC1(C(=O)O)CCC2(C)CCC3C(=CC(=O)C4C3(C)CCC3C(C)(C)C(OC5OC(C(=O)O)C(OC6OC(C(=O)O)C(O)C(O)C6O)C(O)C5O)CCC34C)C2C1,2
C=CCCCCCCCCC(=O)O,2
CN(C)c1ccc(P(=O)(O)O)cc1,1
COC1=CC(C)C2CC3OC(O)CC4C(C)(O)C(OC)C(O)C(C2(C)C1=O)C34C,0
O=C(O)COc1ccccc1Cl,1
NCCCCC(N)C(=O)NC(Cc1ccccc1)C(=O)NC(CC(N)=O)C(=O)NC(CCCCN)C(=O)O,2
NC(=Nc1ccc([N+](=O)[O-])cc1)NCC(=O)O,2
O=C(O)c1cc(Cl)c[nH]1,1
OCC(O)COC1(O)C(O)OC(CO)C(O)C1O,2
COc1ccc(S(=O)O)cc1,1
C[N+]1(C)CC(O)CC1C(=O)[O-],2
CC1OC(O)C(O)C(OC2OC(C)C(OS(=O)(=O)O)C(O)C2O)C1O,2
COc1cc(O)c2c(=O)c(O)c(-c3ccc(O)c(OC4OC(CO)C(OC5OCC(O)C(OC6OCC(O)C(O)C6O)C5O)C(O)C4O)c3)oc2c1,2
CCCC(NC(C)=O)C(=O)NC(Cc1ccccc1)C(=O)O,2
CC=C(C)C(=O)OC(C)C,2
CCCCCc1cccc(=O)o1,4
N#Cc1ccc(NC(=O)NC(CC(=O)O)c2ccc3c(c2)CCC3)cc1,2
CCc1cncc(C)n1,4
CC(C)CC(NC(=O)C(N)CC(=O)O)C(=O)NCC(=O)NC(Cc1ccccc1)C(=O)O,2
CCCCCCCCC=CCCCCCCCC(=O)OCCOCC(OCCO)C1OCC(OCCO)C1OCCO,0
Nc1ncnc2c1ncn2C1CC(O)C(COP(=O)(O)NP(=O)(O)OP(=O)(O)O)O1,2
Nc1ncnc2c1ncn2C1OC(COP(=O)(O)O)C(OCC(O)CO)C1O,2
CC(CC(=O)O)(C(=O)O)c1ccc([N+](=O)[O-])cc1,1
NC(=O)CC(N)C(=O)NC(CC(N)=O)C(=O)NC(Cc1ccccc1)C(=O)O,2
CN(C)C(=O)CCC([N+](=O)[O-])[N+](=O)[O-],1
CC(O)CCC(O)CO,2
O=c1cc(-c2ccccc2)oc2ccccc12,0
CCC(CC)OC1CC(O)C(O)C(C)O1,2
CCC=CCC=CC=CC(=O)O,4
CC(=O)OCC(CC(C)C)NC(=O)C(N)CC(=O)O,4
COC(=O)C1OC(OC2CCC3(C)C(CCC4(C)C3CC=C3C5CC(C)(C)CCC5(C(=O)OC5OCC(O)C(OC6OC(CO)C(O)C(O)C6O)C5O)C(O)CC34C)C2(C)C)C(OC2OC(CO)C(O)C(O)C2O)C(O)C1O,2
CC(=O)OCC1OC(Oc2ccc(C(=O)C=Cc3ccc(O)c(O)c3)c(O)c2O)C(O)C(OC(C)=O)C1O,2
NC(=O)CCC(NC(=O)C(CC(=O)O)NC(=O)C(N)Cc1ccccc1)C(=O)NCC(=O)O,2
COCC1OC(OC2(CO)OC(CO)C(O)C2O)C(O)C(O)C1O,2
CCCCCNP1(=O)OCC2OC(n3cnc4c(N)ncnc43)C(O)C2O1,2
COCC1OC(OC2(COC)OC(CO)C(OC)C2OC)C(OC)C(OC)C1OC,2
COc1cc2c(cc1OC)C13CCN4CC5=CCOC6CC(=O)N2C1C6C5CC43,0
CC1OC(OC(C(O)CO)C(O)CO)C(O)C(O)C1O,2
NC(=O)CC(N)C(=O)NC(Cc1ccccc1)C(=O)NC(CC(=O)O)C(=O)O,2
CCC=CCC1CCCC1=O,4
CC(O)C(N)C(=O)NC(CCCCN)C(=O)NC(CC(=O)O)C(=O)NC(Cc1ccccc1)C(=O)O,2
CCCCCCOC1OC(C)C(O)C(O)C1O,2
COc1cc(O)c2c(=O)cc(-c3ccc(OC4OC(CO)C(O)C(O)C4OC4OCC(O)(CO)C4O)c(OC)c3)oc2c1,2
OCC1(O)OCCC(O)C1O,2
NC(=O)CCC(NC(=O)CNC(=O)C(N)CC(=O)O)C(=O)NC(Cc1ccccc1)C(=O)O,2
COc1cc(O)c2c(c1OC)OC(c1c(O)cccc1OC1OC(CO)C(O)C(O)C1O)CC2=O,2
COC(=O)C1OC(OC2CCC3(C)C(CCC4(C)C3C(=O)C=C3C5CC(C)(C(=O)OC)CCC5(C)CCC34C)C2(C)C)C(O)C(O)C1O,2
CC(CCC(C)OC1OC(C)C(O)CC1O)OC1OC(C)C(O)CC1O,2
O=c1c(-c2ccc(O)c(O)c2)coc2cc(OC3OC(CO)C(O)C(O)C3OC3OC(CO)C(O)C(O)C3O)cc(O)c12,2
CCCCCCCCCOC1OC(CO)C(O)C1O,2
O=S(=O)(O)C(O)c1ccncc1,1
CCCCOc1ccc([N+](=O)[O-])cc1[N+](=O)[O-],2
Oc1nc2ncncc2nc1S,1
OCC(O)C(O)C(O)C(O)COB(O)O,2
CC1OC(OC2C(CO)OC(OC(=O)C34CCC(C)(C)CC3C3=CCC5C6(C)CCC(OC7OC(C(=O)O)C(O)C(OC8OC(C)C(O)C(O)C8O)C7O)C(C)(C)C6CCC5(C)C3(C)CC4)C(O)C2O)C(O)C(O)C1O,2
CP(=O)(O)OCC1OC(n2cnc3c(N)ncnc32)C(O)C1O,2
COc1cc(-c2oc3cc(OC4OC(CO)C(O)C(O)C4O)cc(O)c3c(=O)c2OC2OC(C)C(O)C(O)C2O)ccc1O,2
COC(=O)C(NC(=O)C(CC(=O)O)NC(=O)Nc1ccc(C#N)cc1)c1ccccc1,2
Nc1ncnc2c1ncn2C1OC(COP(=O)(O)OP(=O)(O)OCC2OCCC2O)C(O)C1O,2
CC1OC(O)C(OCC2OC(O)C(O)C(O)C2O)C(O)C1O,2
CSC(C)CC(C)=O,4
CCC(Br)(CC)C(N)=O,0
COCC1OC(OC2C(CO)OC(O)C(O)C2O)C(O)C(O)C1O,2
Cn1c(=O)nc[nH]c1=O,1
COc1cc(-c2cc(=O)c3c(OC4OC(CO)C(O)C(O)C4O)cc(O)cc3o2)ccc1O,2
CCOC(=O)CC1NC(=O)C(Cc2ccccc2)NC1=O,2
COc1cc(C2OCCc3ccccc3O2)ccc1O,4
CC(C)CC(NC(=O)C(CC(=O)O)NC(=O)C(Cc1ccccc1)NC(=O)C(N)CC(=O)O)C(=O)O,2
OCC1OC(CO)(OC2OC(O)C(O)C(O)C2O)C(O)C1O,2
CC(NC(=O)C(N)Cc1ccccc1)C(=O)NC(CC(=O)O)C(=O)O,2
O=C(O)CCC1CCCC1=O,1
CCC(O)CC,2
CC(NC(=O)CN)C(=O)NCC(=O)NC(Cc1ccccc1)C(=O)O,2
CC(CCC(O)C(C)(C)OC1OC(CO)C(O)C(O)C1OC1OC(CO)C(O)C(O)C1O)C1CCC2(C)C3CC=C4C(CCC(OC5OC(CO)C(O)C(O)C5OC5OC(C)C(O)C(O)C5O)C4(C)C)C3(C)C(=O)CC12C,2
COc1cc(OC2OCC(OC3OCC(O)C(O)C3O)C(O)C2O)c2c(=O)c3c(OC)c(O)ccc3oc2c1,2
CC(C)C(N)C(=O)NC(Cc1ccccc1)C(=O)NC(CC(=O)O)C(=O)O,2
O=C(O)c1ccc(=O)oc1,1
CC1C(=O)C23CC1CC(O)C2C12COCC1C(C)(C)CCC2OC3=O,4
CC1OC(Oc2cc(O)c3c(=O)c(O)c(-c4cc(O)c(O)c(O)c4)oc3c2)C(O)C(O)C1O,2
COc1c(OC2OC(CO)C(O)C(O)C2O)cc2oc(-c3ccccc3O)cc(=O)c2c1O,2
CC(NC(=O)C(N)CC(N)=O)C(=O)NC(CC(=O)O)C(=O)NC(Cc1ccccc1)C(=O)O,2
O=C1N=S(=O)(O)c2ccccc21,2
CCCCCCCCCOC1OC(C(O)CO)C(O)C1O,2
Nc1ncnc2c1nc(Cl)n2C1OC2COP(O)(=S)OC2C1O,2
CC1(C)CC(O)C2(C(=O)O)CCC3(C)C(=CCC4C5(C)CCC(OC6OC(C(=O)O)C(O)C(OC7OCC(O)C(O)C7O)C6O)C(C)(C)C5CCC43C)C2C1,2
NCCCCCCC(=O)O,1
COc1cc2oc(-c3ccccc3)cc(=O)c2c(O)c1OC1OCC(O)C(O)C1O,2
CC(O)C(O)C(OC1OC(CO)C(O)C(O)C1O)C(O)CO,2
COc1ccc(CNc2ccccc2)cc1O,2
CC(=O)NC(Cc1ccccc1)C(=O)NC(CC(C)C)C(=O)NC(CC(=O)O)C(=O)NC(C)C(=O)NC(CC(=O)O)C(=O)NC(Cc1ccccc1)C(=O)O,2
N#Cc1c(O)cccc1Cl,1
O=C1c2ccccc2S(=O)(=O)N1[Si],2
O=CCS,4
O=c1c(O)c(O)c(=O)c(=O)c1=O,1
COc1ccc(-c2cc(=O)c3c(O)cc(OC)c(C4OC(CO)C(O)C(O)C4OC4OC(C)C(O)C(O)C4O)c3o2)cc1O,2
O=c1c2ccccc2nc2n1CCc1c-2[nH]c2ccccc12,0
CCCCCCCC(=O)OCCc1scnc1C,4
CCOC(=O)C(NC(=O)C(N)CC(=O)O)C(=O)OC1CCCC1,2
COC(=O)C1OC(OC2CCC3(C)C(CCC4(C)C3CC=C3C5CC(C)(C)CCC5(C)C(=O)C(O)C34C)C2(C)C)C(O)C(O)C1O,2
CCC(C)C(NC(=O)C(Cc1ccccc1)NC(=O)C(N)CC(=O)O)C(=O)NC(CCCCN)C(=O)O,2
COc1cc(O)c2c(c1)OC(c1ccc(O)cc1)C(OC1OC(C(O)CO)C(O)C1O)C2O,4
COCC1OC(OC2C(CO)OCC(O)C2OC)C(O)C(O)C1O,2
COC1OC(CO)C2OC(C)OC2C1O,2
CC(C)OP1(=S)OCC2OC(n3cnc4c(N)nc(N)nc43)C(O)C2O1,2
C=C1CC23CCC4C(C)(C(=O)OC5OC(COC6OCC(O)C(O)C6O)C(O)C(O)C5O)CCCC4(C)C2CCC1(OC1OC(CO)C(O)C(O)C1OC1OC(CO)C(O)C(O)C1O)C3,2
CCCC[Sn+2]CCCC.COC1OC(C[O-])C([O-])C(O)C1O,2
COC1CC(OC2C(C)OC(OC3C(C)OC(OC4CCC5(C)C(=CCC6C5CCC5(C)C6CC(OC6OC(COC7OC(COC8OC(CO)C(O)C(O)C8O)C(O)C(O)C7OC7OC(CO)C(O)C(O)C7O)C(O)C(O)C6O)C5C(C)=O)C4)C(O)C3OC)CC2OC)OC(C)C1OC(=O)C=C(C)C,2
O=C(O)C(Cc1ccccc1)C(=O)O,1
CC(C)C(C)S,4
CC(C)C(NC(=O)CNC(=O)C(N)CC(N)=O)C(=O)NC(Cc1ccccc1)C(=O)O,2
Nc1nc(Cl)c2ncn(C3OC(COP(=O)(O)O)C(O)C3O)c2n1,2
O=c1c2ccccc2oc2ccccc12,0
COc1cc(OC2OC(COC3OCC(O)C(O)C3O)C(O)C(O)C2O)c2c(=O)c(OC)c(-c3ccc(O)c(OC)c3)oc2c1,2
COC(=O)c1c(C)cc(OC(=O)c2c(C)cc(O)c(C=O)c2O)c(C)c1O,0
Nc1ncnc2c1ncn2C1OC(COP(=O)(O)OCCO)C(O)C1O,2
Nc1ncnc2c1ncn2C1OC(CO)C(OP(=O)(O)OP(=O)(O)O)C1O,2
CC=CC=CCOC(C)=O,4
C=C1CC23CCC4C(C)(C(=O)OC5OC(CO)C(O)C(O)C5O)CCCC4(C)C2CCC1(OC1OCC(O)C(OC2OC(CO)C(O)C(O)C2O)C1OC1OC(CO)C(O)C(O)C1O)C3,2
COC1C(O)C(C)OC(O)C1O,2
CCNc1nc2c(N)ncnc2n1C1OC(COP(=O)(O)OP(=O)(O)OP(=O)(O)O)C(O)C1O,2
OCC1OC(OCCOCCOCl)C(O)C(O)C1O,2
Nc1ncnc2c1ncn2[C@@H]1O[C@H](CO)[C@@H](OP(=O)(O)O)[C@H]1O,1
CC(C)CC(NC(=O)Cc1ccccc1)C(=O)NC(CC(=O)O)C(=O)NC(C(=O)O)C(C)C,2
CC(C)C(NC(=O)C(Cc1ccccc1)NC(=O)CN)C(=O)NC(CC(=O)O)C(=O)O,2
CCCCOC1C(CO)OC(OCCC)C(O)C1O,2
CCCCCCCCCCCCC=O,2
C[Si](C)(C)N1C(=O)c2ccccc2S1(=O)=O,2
OCC1OC(OC2OC(CO)C(O)C(O)C2OSOOO)C(O)C(O)C1O,2
CC(N)C(=O)NCC(=O)NC(Cc1ccccc1)C(=O)NC(CC(N)=O)C(=O)O,2
NCCCCC(NC(=O)C(Cc1ccccc1)NC(=O)C(CC(=O)O)NC(=O)CN)C(=O)O,2
CCOC(=O)C(c1c(O)oc2ccccc2c1=O)c1c(O)oc2ccccc2c1=O,0
COc1cc(-c2oc3cc(O)cc(O)c3c(=O)c2OOC2OC(CO)C(O)C(O)C2O)ccc1O,2
CCCCCCCCCCCCOC(=O)CC(NC(=O)C(NC(=O)C(C(C)C)N(C)C(=O)CCc1ccccc1)C(C)CC)C(=O)NC(CC(=O)O)C(=O)NC(CC(C)C)C(=O)O,2
CC(=O)OC1C(C)OC(OC2C(O)C3(C)CCC4(C)C(=CCC5C6(C)CCC(OC7OC(C(=O)O)C(O)C(O)C7OC7OC(CO)C(O)C(O)C7O)C(C)(CO)C6CCC54C)C3CC2(C)CO)C(OC(C)=O)C1OC(C)=O,2
NC(CC(=O)c1ccccc1NC=O)C(=O)O,2
CC(NC(=O)C(CC(=O)O)NC(=O)C(Cc1ccccc1)NC(=O)CN)C(=O)O,2
CC1OC(OC2C(C(=O)O)OC(OC3CCC4(C)C(CCC5(C)C4CC=C4C6CC(C)(C)CCC6(C(=O)O)C(O)CC45C)C3(C)C)C(O)C2O)C(O)C(O)C1O,2
COC(=O)C(Cc1ccccc1)NC(=O)C(CC(=O)O)NC=O,2
C=C1CCC2(C(=O)OC3OC(CO)C(O)C(O)C3O)CCC3(C)C(=CCC4C5(C)CCC(OC6OC(C(=O)OCCCC)C(O)C(O)C6O)C(C)(CO)C5CCC43C)C2C1,2
CC(C)C(NC(=O)C(CC(=O)O)NC(=O)C(N)CC(=O)O)C(=O)NC(Cc1ccccc1)C(=O)O,2
Nc1ncnc2c1[nH]c[n+]2C1OC(CO)C(OP(=O)([O-])O)C1O,2
Nc1ncnc2c1ncn2C1CC(O)C(COP(=O)(O)OP(=O)(O)OP(=O)(O)O)O1,2
CCC(=O)OCC(NC(=O)C(N)CC(=O)O)C(=O)OC,2
CCOC(=O)C(NC(=O)C(N)CC(=O)O)C(=O)OC1CCCCC1,2
CCOC(=O)C(CC)C(=O)O,1
OCC(O)C1OC(O)CC1O,2
CSC(=O)c1ccco1,4
COP(=O)(O)OCC1OC(n2cnc3c(N)ncnc32)C(O)C1O,2
O=C(O)CSc1cccc([N+](=O)[O-])c1,1
CNC(=O)C(N)CCCCNC(=O)CC(NC(CCc1ccccc1)C(=O)O)C(=O)OC(C)(C)C,2
Cc1ccc(C(C)O)cc1,2
COC1COC(O)C(OC)C1O,2
O=CC(O)(I)C(O)C(O)C(O)CO,2
COC(=O)C(Cc1ccccc1)NC(=O)CC(N)CC(=O)O,2
CC1OC(OC2C(OC3CCC4(C)C(CCC5(C)C4CC=C4C6CC(C)(C)CC(O)C6(C)CCC45C)C3(C)CO)OC(C(=O)O)C(O)C2O)C(OC2OCC(O)C(O)C2O)C(O)C1O,2
CC(C)CC(NC(=O)C(Cc1ccccc1)NC(=O)C(CC(C)C)NC(=O)C(N)CC(=O)O)C(=O)O,2
O=[N+]([O-])c1ccc(O)cc1,1
CCC(C)C(NC(=O)C(CC(=O)O)NC(C)=O)C(=O)NC(Cc1ccccc1)C(N)=O,2
CC1(C(=O)OC2OC(CO)C(O)C(O)C2O)CC(O)C2(C)CCC3(C)C(=CCC4C5(C)CCC(OC6OC(C(=O)O)C(O)C(O)C6OC6OC(CO)C(O)C(O)C6O)C(C)(CO)C5CCC43C)C2C1,2
CC(C)CCOC1OC(CO)C(O)C(O)C1O,2
CCC1=COS(=O)(=O)NC1=O,2
CCOC(=O)CCS,4
COC1CC(OC2C(C)OC(C)CC2OC)OC(C)C1O,2
COC(C)C1=CC=C(C=NO)CC1,2
CC(C)CC(N)C(=O)NC(Cc1ccccc1)C(=O)NC(CC(=O)O)C(=O)O,2
CC(I)=CC(=O)O,1
COC1=CC=C2C3Cc4ccc(OC)c5c4C2(CCN3C)C1O5,4
CC1(C(=O)O)CCC2(C)CCC3(C)C(=CCC4C5(C)CCC(OC6OC(C(=O)O)C(O)C(O)C6O)C(C)(CO)C5CCC43C)C2C1,2
CC1(C)SC(C)(C)SC(C)(C)S1,4
CCC(C)C(NC(=O)C(C)NC(=O)C(Cc1ccccc1)NC(=O)C(N)CC(=O)O)C(=O)O,2
COc1ccc(-c2cc(=O)c3c(O)c(O)c(OC4OC(C)C(O)C(O)C4O)cc3o2)cc1,2
COc1ccc(C(=O)NN)cc1,1
CC1C(O)CC2(C(C)C)CC12,4
CC1OC(OCC2OC(Oc3cc4oc(-c5ccc(O)c(O)c5)cc(=O)c4c(O)c3O)C(O)C(O)C2O)C(O)C(O)C1O,2
COc1ccc(CCC(=O)c2ccccc2)cc1O,1
NOCC1(OC2OC(CO)C(O)C(O)C2O)OC(CO)C(O)C1O,2
COc1cc(-c2oc3cc(O)cc(O)c3c(=O)c2OC2OC(C)C(O)C(O)C2OC2OCC(O)C(O)C2O)ccc1O,2
O=c1c(O)c(-c2ccc(O)c(OC3OC(CO)C(O)C(O)C3O)c2)oc2cc(OC3OC(CO)C(O)C(O)C3O)cc(O)c12,2
Nc1nc(N)c2ncn(C3OC(COP(=O)(O)O)C(O)C3O)c2n1,2
COC(=O)C(Cc1ccccc1)N(CCC(C)(C)C)C(=O)C(N)CC(=O)O,2
CCCOCC1OC(OC)C(O)C(O)C1O,2
O=[N+]([O-])c1c(O)cccc1O,1
CCC(C)C(N)C(=O)NC(C)C(=O)NC(CC(=O)O)C(=O)NC(Cc1ccccc1)C(=O)O,2
CCCCCCC1OCC(O)C(C(O)C(O)CO)O1,2
O=C1CCC(C(=O)O)CC1,1
CC(C)C(NC(=O)C(Cc1ccccc1)NC(=O)C(N)CC(=O)O)C(=O)NC(Cc1ccccc1)C(=O)O,2
CC(NC(=O)C(CC(=O)O)NC(=O)C(N)Cc1ccccc1)C(=O)NC(C(=O)O)C(C)C,2
O=C(C=Cc1ccccc1O)c1ccc(O)cc1O,0
CCOC(=O)c1nc2c(C)nc[nH]c-2nc1=O,1
CCC(C)C(=O)OC(C)C1(O)CCC2(O)C3CCC4CC(OC5CC(OC)C(OC6CC(OC)C(OC7OC(C)C(OC8OC(CO)C(OC9OC(CO)C(O)C(O)C9O)C(O)C8O)C(OC)C7O)C(C)O6)C(C)O5)CCC4(C)C3CC(OC(C)=O)C12C,4
CC(N)C(=O)NC(CCCCN)C(=O)NC(Cc1ccccc1)C(=O)NC(CC(N)=O)C(=O)O,2
CCC(C)C(NC(=O)C(CC(=O)O)NC(=O)C(N)CCCCN)C(=O)NC(Cc1ccccc1)C(=O)NC(C(=O)O)C(C)C,2
COc1cc(O)c2c(=O)c(OC3OCC(O)C(O)C3O)c(-c3ccc(O)c(O)c3)oc2c1,2
CCCCCCCCCOC1C(O)C(O)OC(CO)C1O,2
C=CCOC(=O)c1ccccc1,2
CCCCCNC(CC(=O)O)C(=O)NC(Cc1ccccc1)C(=O)OC,2
COc1ccc(-c2cc(=O)c3c(O)cc(OC4OC(COC(C)=O)C(O)C(OC5OC(CO)C(O)C(O)C5O)C4O)cc3o2)cc1O,2
Nc1ncnc2c1ncn2C1OC(CO)C(OP(O)(O)=S)C1O,2
COC(=O)c1ccc(O)nc1C(=O)OC,1
COc1ccc(C(=O)C(=O)c2ccc(OC3OC(COC4OCC(O)C(O)C4O)C(O)C(O)C3O)cc2O)cc1O,2
COC(=O)CCNC(=O)Nc1ccc([N+](=O)[O-])cc1,4
COc1ccc(CCC(=O)c2c(O)cc(OC3OC(CO)C(O)C(O)C3OC3OC(C)C(O)C(O)C3O)cc2O)cc1O,2
COC(=O)C(Cc1ccccc1)NC(=O)C([NH3+])CC(=O)[O-],2
C=C1CCC2(C(=O)OC3OC(CO)C(O)C(O)C3O)CCC3(C)C(=CCC4C5(C)CCC(OC6OC(C(=O)O)C(O)C(OC7OCC(O)C(O)C7O)C6O)C(C)(C)C5CCC43C)C2C1,2
CC(NC(=O)C(CC(N)=O)NC(=O)OC(C)(C)C)C(=O)NC(Cc1ccccc1)C(=O)O,2
COC(=O)C1OC(OC2CCC3(C)C(CCC4(C)C3CC=C3C5CC(C)(C)CCC5(C(=O)OC)C(O)CC34C)C2(C)C=O)C(OC2OC(CO)C(O)C(O)C2O)C(O)C1O,2
CC(C)CC(N)C(=O)NC(CC(N)=O)C(=O)NC(Cc1ccccc1)C(=O)NC(CC(N)=O)C(=O)O,2
CC1=CCC(C(C)(C)OC(=O)C(C)C)CC1,4
CC(NC(=O)C(N)CC(=O)O)NC(=O)C12CC3CC(CC(C3)C1)C2,2
NCCCCC(N)C(=O)NCC(=O)NC(CC(N)=O)C(=O)NC(Cc1ccccc1)C(=O)O,2
COC1CC(C)CCC1C(C)C,4
O=C(OC1OC(CO)C(O)C(O)C1O)c1cc(O)c(O)c(O)c1,0
OCC1OC(O)C(O)(O)C(O)C1O,2
CC1CC(O)C(=O)C2(C)C1CC1OC(=O)CC3C(C)C(O)C(=O)C2C13C,0
COc1cc(O)c(CC=C(C)C)c(O)c1C(=O)C=Cc1ccc(O)cc1,0
O=C(O)CC(CC([N+](=O)[O-])([N+](=O)[O-])[N+](=O)[O-])C(=O)O,1
CCCC=CC(OC)OC,4
CC(NC(=O)C(N)CC(=O)O)C(=O)NC(CCC(N)=O)C(=O)NC(Cc1ccccc1)C(=O)O,2
CCCCC1CCC(=O)O1,2
CC(NC(=O)CN)C(=O)NC(CCCCN)C(=O)NC(Cc1ccccc1)C(=O)O,2
OCC1OC(O)C(O)C(I)C1O,2
CCC(C)C(NC(=O)C(CC(=O)O)NC(=O)C(CC(N)=O)NC(=O)C(N)Cc1ccccc1)C(=O)O,2
COC1OC(CO)CC(O)C1O,2
CCOC(=O)CSC(C)C(=O)O,1
Nc1ccc(F)cc1C(=O)O,1
C=CC1(C)CCC(C(C)C)=CC1C(=C)C,4
ON=CC1=CCC=CC1,2
CC(NC(=O)C(CCC(=O)O)NC(=O)C(N)CC(=O)O)C(=O)NC(Cc1ccccc1)C(=O)O,2
CCC(CC)(C(=O)O)C(=O)O,1
OCC1OC(OC2(CO)OC(CO)C(O)C2O)C(O)C(O)C1O.[Ca+2].[OH-].[OH-],2
CC(O)C(NC(=O)C(N)CO)C(=O)NC(CC(=O)O)C(=O)NC(Cc1ccccc1)C(=O)O,2
CCCCCCCCCCCCOC(=O)CC1C(=O)NCCN1C(=O)Cc1ccccc1,2
O=C1C(O)=C(Oc2ccccc2)C(=O)C(O)=C1Oc1ccccc1,1
O=C(O)c1cc(Br)cc(Br)c1O,1
COc1cc(C=CC(=O)c2ccc(OC3OC(CO)C(O)C(O)C3O)cc2O)ccc1O,2
COc1cc(C2Cc3cccc(O)c3C(=O)O2)cc(OC)c1O,2
CC(C)CC(N)C(=O)NCC(=O)NC(Cc1ccccc1)C(=O)NC(CC(=O)O)C(=O)O,2
Nc1ncnc2c1ncn2C1OC(COP(=O)(O)OP(=O)(O)OP(O)(O)=S)C(O)C1O,2
C=C1CC23CCC4C(C)(C(=O)OC5OC(CO)C(O)C(OC6OC(CO)C(O)C(O)C6O)C5OC(O)C(O)CC(O)C(C)I)CCCC4(C)C2CCC1(OC1OC(CO)C(O)C(OC2OC(CO)C(O)C(O)C2O)C1OC1OC(CO)C(O)C(O)C1O)C3,2
NC(CC(=O)O)C(=O)NC(Cc1ccc(F)cc1)C(=O)O,2
CCC(C)C(=O)OC(C)C1(O)CCC2(O)C3CCC4CC(OC5CC(O)C(OC6CC(OC)C(OC7CC(OC)C(OC8CC(OC)C(O)C(C)O8)C(C)O7)C(C)O6)C(C)O5)CCC4(C)C3CC(OC(C)=O)C12C,4
CN(C)c1ncnc2c1ncn2C1OC(COP(=O)(O)O)C(N)C1O,2
Nc1nc(Cl)nc2c1ncn2C1OC(COP(=O)(O)OP(=O)(O)C(Cl)(Cl)[P+]([O-])(O)O)C(O)C1O,2
Cc1cccc(C=O)c1,2
O=c1c(-c2ccc(O)cc2)coc2c(OC3OC(CO)C(O)C(O)C3O)c(O)cc(O)c12,2
OC1CC(O)C(O)C(C(F)(F)F)O1,2
CC1OC(OC2C(OC3C(OC4CCC5(C)C(CCC6(C)C5CC=C5C7CC(C)(C)CC(O)C7(C)C(=O)CC56CO)C4(C)C)OC(C(=O)O)C(O)C3O)OC(CO)C(O)C2O)C(O)C(O)C1O,2
O=C1OCC2OC(=O)c3cc(O)c(O)c(O)c3-c3c(O)c(O)c(O)c4c3C(=O)OC(C2OC(=O)c2cc(O)c(O)c(O)c2-c2c1cc(O)c(O)c2O)C1OC(=O)c2c-4c(O)c(O)c(O)c2C1C1(O)OCC(O)C(O)C1O,0
O=C(O)CSc1ccc(Cl)cc1,1
COC1CC(O)C(C)OC1O,2
COC1C(C)C2CC(=O)OC3CC4C(C)CC(O)C(=O)C4(C)C(C1OC(C)=O)C32C,0
OCCC(CO)OC1OC(CO)C(O)C(O)C1O,2
CC(=O)OC1C(O)C(OC2CCC3(C)C(CCC4(C)C3CC=C3C5CC(C)(C)CCC5(C(=O)OC5OC(CO)C(O)C(O)C5O)CCC34C)C2(C)C)OC(C(=O)O)C1OC1OCC(O)C(O)C1O,2
CCCCCCCCCC(=O)OCC(O)CO,0
OCC1OCC(OC2OC(CO)C(O)C(O)C2O)C(O)C1O,2
C=C1CC23CCC4C(C)(C(=O)OC5OC(COC6(CO)OC(CO)C(O)C6O)C(O)C(O)C5O)CCCC4(C)C2CCC1(OC1OC(CO)C(O)C(O)C1OC1OC(CO)C(O)C(O)C1O)C3,2
CC(C)(OC1OC(CO)C(O)C(O)C1O)OC1OC(CO)C(O)C(O)C1O,2
O=C1CS(=O)(=O)c2ccccc21,1
COC1OC(CO)C(O)C(O)C1OC1OC(CO)C(O)CC1O,2
CC(Br)=CC(=O)O,1
O=C(OCC1OC(OC2(CO)OC(CO)C(O)C2O)C(O)C(O)C1O)c1ccccc1,0
CC(C)CCS,4
CCC(C)(C(=O)O)C(=O)O,1
CCCCCCCCCCCCCC(=O)OCC,2
O=C(O)c1ccc(Cl)[nH]1,1
CC1OC(OC2C(OC3C(O)C(CO)OC(OC4C(OC5CCC6(C)C(CCC7(C)C6CC=C6C8CC(C)(C)C(=O)CC8(CO)C(O)CC67C)C5(C)C)OC(C(=O)O)C(O)C4O)C3O)OC(CO)C(O)C2O)C(O)C(O)C1O,2
CC1(C)CCC2(C(=O)OC3OC(CO)C(O)C(O)C3O)CCC3(C)C(=CC(=O)C4C5(C)CCC(OC6OC(C(=O)O)C(O)C(O)C6OC6CC(CO)C(O)C(O)C6O)C(C)(C)C5CCC43C)C2C1,2
CC(C)(C)c1ccc([S+]([O-])CC(=O)O)cc1,1
NC(CC(O)(Cc1c[nH]c2ccccc12)C(=O)O)C(=O)O,2
CC(C)CC(=O)OCCNC(=O)C(N)CC(=O)O,2
OCC1OC(OC2C(CO)OC(O)C(O)C2O)C(O)C(OBr)C1O,2
Nc1ncnc2c1ncn2C1OC(COF)C(O)C1O,2
COc1cccc(OC)c1O,4
O=C1CCCc2ccccc21,0
O=C(O)CNC(=Nc1ccccc1)NC1CCCCC1,2
NCCCCC(NC(=O)C(N)CC(N)=O)C(=O)NCC(=O)NC(Cc1ccccc1)C(=O)O,2
CC(C)OC1OC(CO)C(O)C(O)C1OC1OC(COCO)C(O)C(O)C1O,2
CCCCCO,2
CCCOC(=O)C(C)NC(=O)C(CC(=O)O)NC(=O)Nc1ccc([N+](=O)[O-])cc1,2
CC(C)CC(NC(=O)CN)C(=O)NC(Cc1ccccc1)C(=O)NC(CC(=O)O)C(=O)NC(CC(=O)O)C(=O)O,2
COC1CC(O)C(OC2OC(CO)C(O)C(O)C2O)C(CO)O1,2
COC1C(CO)OC(O)C(OC2OC(C)C(O)C(O)C2OC)C1O,2
O=C1C=CC(=O)c2c(O)cccc21,0
CCC(C)=NOC1=NS(=O)(=O)c2ccccc21,2
O=c1cc(-c2ccc(OC3OC(CO)C(O)C(O)C3O)c(O)c2)oc2c(C3OC(CO)C(O)C(O)C3O)c(O)cc(O)c12,2
COc1ccc(-c2cc(=O)c3c(OC)c(OC)c(OC)cc3o2)cc1OC,0
CC(C)C(NC(=O)C(Cc1ccccc1)NC(=O)C(NC(=O)C(N)CC(=O)O)C(C)C)C(=O)O,2
O=C(O)CCN(F)F,1
CCC(C)C(NC(=O)C(CC(=O)O)NC(=O)C(Cc1ccccc1)NC(=O)C(N)Cc1ccccc1)C(=O)O,2
NC(=O)CC(NC(=O)C1CCCN1)C(=O)NC(CC(=O)O)C(=O)NC(Cc1ccccc1)C(=O)O,2
COc1cc(-c2cc(=O)c3c(O)cc(OC4OC(CO)C(O)C(O)C4O)cc3o2)cc(OC)c1O,2
CCC(C)C(NC(=O)C(CC(N)=O)NC(=O)C(N)Cc1ccccc1)C(=O)NC(CCCCN)C(=O)O,2
COc1cc(C2Oc3cc(OC4OC(COC5OC(C)C(O)C(O)C5O)C(O)C(O)C4O)cc(O)c3C(=O)C2O)ccc1O,2
CC1OC(OC2C(CO)OC(c3cc(O)c4c(=O)cc(-c5ccc(O)c(O)c5)oc4c3)C(O)C2O)C(O)C(O)C1O,2
COC1C(CO)OC(Oc2ccc3c(c2O)OC(c2ccccc2)CC3=O)C(O)C1O,2
CC(OP(=O)(O)OCC1OC(n2cnc3c(N)ncnc32)C(O)C1O)C(O)C(O)CO,2
OCC(O)C(O)C(OC1OC(CO)C(OC2OC(CO)C(OC3OC(CO)C(O)C(O)C3O)C(O)C2O)C(O)C1O)C(O)CO,2
CC1(C)[C@@H](C(=O)O)C[C@@H]1C(=O)O,1
O=c1c(-c2ccc(OC3OC(CO)C(O)C(O)C3O)c(O)c2)coc2c(C3OC(CO)C(O)C(O)C3O)c(O)ccc12,2
C=C1CC23CCC4C(C)(C(=O)OC5OC(CO)C(OC6OC(CO)C(O)C(O)C6O)C(O)C5O)CCCC4(C)C2CCC1(OC1OC(CO)C(O)C(OC2OC(CO)C(OC4OC(CO)C(O)C(O)C4O)C(O)C2O)C1OC1OC(CO)C(O)C(O)C1O)C3,2
O=CC(OCl)C(OCl)C(OCl)C(O)CO,2
Nc1ncnc2c1nc(N)n2C1OC2COP(=O)(O)OC2C1O,2
O=C(O)c1cccc(C(=O)O)c1,1
CCCC(CC)OP(=O)(O)OP(=O)(O)OP(=O)(O)OCC1OC(n2cnc3c(N)ncnc32)C(O)C1O,2
NCC(=O)NC(Cc1ccccc1)C(=O)NC(CC(=O)O)C(=O)O,2
OC1OC(COC2OC(O)C(O)C(O)C2O)C(O)C(O)C1O,2
Cc1ccc(C=O)cc1,4
COc1ccc(-c2oc3cc(OC4OC(OC(=O)O)C(O)C(O)C4O)cc(O)c3c(=O)c2O)cc1O,2
CCCOc1c(-c2ccc(O)c(O)c2)oc2cc(OC3OC(CO)C(O)C(O)C3O)cc(OC)c2c1=O,2
CC(=O)C(Cc1ccccc1)NC(=O)C(N)CC(=O)O,2
CC1(C)CCC2(CO)CCC3(C)C(=CCC4C5(C)CCC(OC6OC(C(=O)O)C(O)C(O)C6OC6OC(CO)C(O)C(O)C6O)C(C)(C)C5CCC43C)C2C1,2
O=C1c2c(O)cc(O)cc2OC(c2cc(O)c(OC3OC(CO)C(O)C(O)C3O)c(O)c2)C1O,2
COC(=O)C(NC(=O)C(CC(=O)O)NC(=S)Nc1ccc(C#N)cc1)C(=O)OC1C2(C)CCC(C2)C1(C)C,0
CCC(C)C(N)C(=O)NC(Cc1ccccc1)C(=O)NC(C)C(=O)NC(CC(N)=O)C(=O)O,2
CC(=O)OC1CC(C)CCC1C(C)C,4
O=c1c(Cc2c(O)oc3ccccc3c2=O)c(O)oc2ccccc12,0
CC1(C)CCC2(C(=O)O)CCC3(C)C(=CCC4C5(C)CCC(OC6OC(C(=O)O)C(O)C(O)C6OC6OCC(O)C(O)C6O)C(C)(C)C5CCC43C)C2C1,2
CCOC(=O)C(Cc1ccccc1)NC(=O)CNC(C)=O,2
CC(=O)CC(=O)OCCC(C)C,2
NC(CS)C(=O)NC(CC(=O)O)C(=O)NC(Cc1ccccc1)C(=O)O,2
CCCCCNC(CC(=O)O)C(=O)NC(Cc1ccccc1)C(=O)O,2
CC1=CC(=O)OC2(C1)CC1CCC2CN1C,0
CCc1ccc(C)nc1,4
COC(=O)C(Cc1ccccc1)N(C=O)C(=O)C(N)CC(=O)O,2
O=C(O)c1cccc(Br)c1,1
CC(C)C(=O)OC1CC2CCC1(C)C2(C)C,4
CCC(C)C(NC(=O)CN)C(=O)NC(Cc1ccccc1)C(=O)NC(CC(=O)O)C(=O)NCC(=O)NC(CCCCN)C(=O)O,2
SCCCCCCCCCS,4
O=P1(O)OCC2OC(n3cnc4c(NCCO)ncnc43)C(O)C2O1,2
CCCCCCN,4
Nc1[nH]c(=O)cnc1C=O,1
CCCC([N+](=O)[O-])[N+](=O)[O-],1
CC(C)OP(=O)(O)OP(=O)(O)OP(=O)(O)OCC1OC(n2cnc3c(N)ncnc32)C(O)C1O,2
Cc1ccc(C(C)C)c(O)c1,4
O=C(O)C=C=Cc1ccccc1,1
O=[N+]([O-])c1cccc([N+](=O)[O-])c1,0
CC1CCC2(CC1=O)C(C)CC(=O)C2C(C)C,0
Nc1cc([N+](=O)[O-])ccc1OC1CCCCC1,2
COC(=O)c1ccc(C(=O)O)nc1,1
CC(C)=CCC(=O)C1(O)C(O)=C(C(=O)CC(C)C)C(=O)C1CC=C(C)C,0
CNc1ncnc2c1ncn2C1CC(O)C(COP(=O)(O)O)O1,2
COC(=O)C(Cc1ccccc1)NC(=O)C(NC(=O)CNC(=O)C(N)CC(=O)O)C(C)C,2
CC(=O)OC1C(OC2CCC3(C)C(CCC4(C)C3CC=C3C5CC(C)(C)CCC5(C(=O)OC5OC(CO)C(O)C(O)C5O)CCC34C)C2(C)C)OC(C(=O)O)C(OC2OCC(O)C(O)C2O)C1OC(C)=O,2
CCOCc1ccc(O)c(OC)c1,2
COC(=O)C1C(OC(=O)C2C(c3ccccc3)C(C(=O)OC3CC4CCC(C3C(=O)OC)N4C)C2c2ccccc2)CC2CCC1N2C,0
COc1ccc(C2Cc3ccccc3C(=O)N2)cc1O,4
Cc1nc2[nH]c(=O)n(C)c(=O)c2[nH]c1=O,1
CC(=O)OCC(OC(C)=O)C(OC(C)=O)C(OC(C)=O)C(C=O)OC(C)=O,0
COc1cc(O)c2c(c1)OC(c1ccc(O)c(O)c1)C(OC1OC(C)C(O)C(OO)C1O)C2=O,2
CC1CCC2(C(=O)OC3OC(CO)C(O)C(O)C3O)CCC3(C)C(=CCC4C5(C)CCC(OC6OC(C(=O)O)C(O)C(O)C6O)C(C)(CO)C5CCC43C)C2C1C,2
CC=CC(=O)OCCC=CCC,4
COC1OC(CO)C(O)C(OC2OC(CO)C(O)C(O)C2O)C1OC(C)=O,2
CC(=CCO)COC1OC(CO)C(O)C(OC(=O)Cc2ccc(O)c(O)c2)C1O,0
CCC(C)(CC)CCNC(CC(=O)O)C(=O)NC(Cc1ccccc1)C(=O)O,2
O=c1cc(-c2ccc(O)cc2)oc2ccc(O)cc12,0
COC(=O)C1OC(OC2CCC3(C)C(CCC4(C)C3C(=O)C=C3C5CC(C)(C(=O)OC)CCC5(C)CCC34C)C2(C)C)C(OC2OC(COC(C)=O)C(OC(C)=O)C(OC(C)=O)C2OC(C)=O)C(OC(C)=O)C1OC(C)=O,2
COCC1OC(OC)C(OC)C(O)C1O,2
COc1ccc(CCC(=O)c2c(O)cc(OC3OCC(O)C(O)C3O)cc2O)cc1O,2
CCOCC1(O)OCC(O)C(O)C1O,2
O=C1c2ccccc2C(=O)N1CC([N+](=O)[O-])[N+](=O)[O-],1
NC(=O)CCC(N)C(=O)NC(Cc1ccccc1)C(=O)O,2
NC(=O)c1cc2[nH]nnc2nc1N,1
OCC1OC(OCC2CO2)C(O)C(O)C1O,2
CC1OC(OC2C(OC3C(OC4CCC5(C)C(CCC6(C)C5CC=C5C7CC(C)(C(=O)O)C(O)CC7(C)CCC56C)C4(C)CO)OC(C(=O)O)C(O)C3O)OC(C(=O)O)C(O)C2O)C(O)C(O)C1O,2
CC(C)(C)c1ccc(SCC(=O)O)cc1,1
CNc1ncnc2c1ncn2C1OC(COP(=O)(O)OP(=O)(O)OP(=O)(O)OC)C(O)C1O,2
Nc1ncnc2c1ncn2C1CC(O[P+](=O)[O-])C(CO)O1,2
Cc1oc2ccccc2c1C,4
O=C(O)c1cc(Br)c[nH]1,1
NC(=O)CCC(NC(=O)C(N)CC(=O)O)C(=O)NCC(=O)NC(Cc1ccccc1)C(=O)O,2
NCCCCC(NC(=O)C(Cc1ccccc1)NC(=O)C(CO)NC(=O)C(N)CC(=O)O)C(=O)O,2
CC12CCC(C(=O)O)CC1C1=CCC3C4(C)CCC(OC5OC(C(=O)O)C(O)C(O)C5OC5OC(CO)C(O)C(O)C5O)C(C)(CO)C4CCC3(C)C1(C)CC2,2
OC1COC(OCC2OC(O)C(O)C(O)C2O)C(O)C1O,2
COC(=O)C1OC(OC2C(O)CC3(C)C(CCC4(C)C3CC=C3C5CC(C)(C)CCC5C(O)C(=O)C34C)C2(C)C(=O)O)C(O)C(O)C1OC(C)=O,2
CCCCCCOC(=O)CCCCC,4
Nc1nc(I)nc2c1ncn2C1CC(O)C(COP(=O)(O)OP(=O)(O)OP(=O)(O)O)O1,2
CONc1ncnc2c1ncn2C1OC2COP(=O)(O)OC2C1O,2
COc1cc(O)c2c(=O)c(OC3OC(CO)C(O)C(O)C3O)c(-c3ccc(O)c(O)c3)oc2c1,2
C=C(C)C1CC23C(=O)C(C(=O)C(C)CC)=C(O)C(CC=C(C)C)(CC2C1(C)C)C3=O,0
OCC(O)C(O)C(OC1OC(COC2OC(CO)C(O)C(O)C2O)C(O)C(O)C1O)C(O)CO,2
COC(=O)C(Cc1ccccc1)NC(=O)CC(NC(=O)C(N)CO)C(=O)O,2
O=CC(OS)C(O)C(O)C(O)CO,2
CCOc1nc(N)c2ncn(C3OC(COP(=O)(O)O)C(O)C3O)c2n1,2
C=CCc1ccc(OC(C)=O)c(OC)c1,2
Nc1ccc([As](=O)(O)O)cc1,1
CCCCC(NC(=O)C(Cc1ccccc1)NC(=O)CN)C(=O)O,2
Nc1ccccc1S(=O)(=O)O,1
CCCCCCCCOC(OC1OC(CO)C(O)C(O)C1O)C(C)O,2
CC(COc1ccccc1)NC(=O)C(N)CC(=O)O,2
CC(C)C1NC(=O)C2CCCN2C1=O,0
Nc1ncnc2c1ncn2C1OC(COP(=O)(O)OP(=O)(O)OP(=O)(O)O)CC1O,2
CCN(CC)c1ncnc2c1ncn2C1OC(COP(=O)(O)OP(=O)(O)OP(=O)(O)O)C(O)C1O,2
COC1OC2COCCCCCCOCC3OC(OC1C(OC1OC(C)C(O)CC1O)C2O)C(O)C(O)C3O,2
CC1OC(Oc2ccc(-c3cc(=O)c4c(O)cc(O)cc4o3)cc2O)C(O)C(O)C1O,2
CCCCCCC=O,4
CC(NC(=O)C(CC(=O)O)NC(=NC#N)Nc1ccc(C#N)cc1)c1ccccc1,2
CCOC(=O)C(Cc1ccc(OC)c(O)c1)c1ccccc1,0
O=CC(ONCl)C(O)C(O)C(O)CO,2
CC1OC(Oc2c(-c3ccc(OC4OC(CO)C(O)C(O)C4O)c(O)c3)oc3cc(O)cc(O)c3c2=O)C(O)C(O)C1O,2
CC1OC(Oc2c(-c3ccc(O)c(O)c3)oc3cc(O)cc(O)c3c2=O)C(OC2OCC(O)C(O)C2O)C(O)C1O,2
CCCCOCCOc1ccc([N+](=O)[O-])cc1N,2
OCC1OC(OC2(CO)OC(CO)C(O)C2O)C(Cl)C(O)C1O,4
COc1ccc(C=CC(=O)c2ccc(OC3OC(COC4OC(C)C(O)C(O)C4O)C(O)C(O)C3O)cc2O)cc1O,2
Cc1cnc(C)cn1,4
CCC(C)C(NC(=O)C(C)NC(=O)C(CC(=O)O)NC(=O)C(N)Cc1ccccc1)C(=O)O,2
CCC(C)C(NC(=O)C(CCCCN)NC(=O)C(CC(=O)O)NC(=O)C(N)Cc1ccccc1)C(=O)O,2
Nc1ncnc2c1ncn2C1OC2COP(=O)(O)OC1C2O,2
O=C1c2ccc([N+](=O)[O-])cc2S(=O)(=O)N1SC(Cl)(Cl)Cl,0
CCC(CC)OC1CC(O)C(O)C(CO)O1,2
CC1(C)CCC2(C(=O)OC3OC(CO)C(O)C(O)C3OC3OC(C(=O)O)C(O)C(O)C3O)C(O)CC3(C)C(=CCC4C5(C)CCC(O)C(C)(C(=O)O)C5CCC43C)C2C1,2
O=[N+]([O-])c1ccc(NS(=O)(=O)c2ccccc2)cc1,1
CC(C)C(NC(=O)C(N)CC(N)=O)C(=O)NC(CCCCN)C(=O)NC(Cc1ccccc1)C(=O)O,2
CC1=NC(C)OC1C,4
COc1ccc(-c2coc3c(CC=C(C)C)c(OC4OC(CO)C(O)C(O)C4O)cc(O)c3c2=O)cc1O,2
CCCCC(=O)OCCC(C)C,4
CCCCCc1cccs1,2
C#CC(OCC)OC1OC(CO)C(O)C(O)C1O,2
CCOC(=O)CCCCCCCCC(=O)OCC,4
COc1cc(-c2cc(=O)c3c(O)c(C4OC(CO)C(O)C(O)C4OC4OC(C)C(O)C(O)C4O)c(O)cc3o2)ccc1O,2
CC(NC(=O)C(N)C(C)C)C(=O)NC(Cc1ccccc1)C(=O)O,2
O=P1(O)OCC2OC(n3cnc4c(NO)ncnc43)C(O)C2O1,2
CC=C1CC(C)C(C)(O)C(=O)OCC2=CCN3CCC(OC1=O)C23,0
COC(O)CC(O)C(CCO)OC1CC(O)C(O)C(CO)O1,2
C=CC(O)CCCCC,4
CCOC(C)OC1C(O)OC(CO)C(O)C1O,2
COc1c(O)cc2c(c1O)C1OC(CO)C(O)C(O)C1OC2=O,0
CC1C2CCC3C4CC=C5CC(N(C)C)CCC5(C)C4CCC32CN1C,0
O=C(O)[C@@H]1C[C@@]1(C(=O)O)c1ccccc1,1
COCC1OC(OC2(CO)OC(COC)C(O)C2O)C(O)C(O)C1O,2
CC(=O)OC(C)(C)C=CC(=O)C(C)(O)C1C(O)CC2(C)C3CC=C4C(CC(OC5OC(CO)C(O)C(O)C5O)C(O)C4(C)C)C3(C)CCC12C,0
C=C1CCC2(C(=O)O)C(O)CC3(C)C(=CCC4C5(C)CCC(OC6OC(C(=O)O)C(O)C(O)C6O)C(C)(C)C5CCC43C)C2C1,2
CCCCOCC1(O)OCC(O)C(O)C1O,2
C=C(C)C(=O)OC1CC(C)(OC(C)=O)C(=O)CCC2(C)OC2C2OC(=O)C(COC(C)=O)=C12,0
CCCCCCCCOC(=O)C(C)CC,4
CC(O)C(N)C(=O)NC(CC(=O)O)C(=O)NCC(=O)NC(Cc1ccccc1)C(=O)O,2
CC(C)CC(N)C(=O)NC(CC(=O)O)C(=O)NC(Cc1ccccc1)C(=O)NC(Cc1ccccc1)C(=O)O,2
COC(OC)C1OC(C)(C)OC1C(Cl)C(O)CO,2
COC(=O)C12OCC34C(CC5C(C)=C(OC6OC(CO)C(O)C(O)C6O)C(=O)CC5(C)C3C(O)C1O)OC(=O)C(OC(C)=O)C24,0
COC1(O)C(O)OC(CO)C(O)C1O,2
Nc1ncnc2c1ncn2C1OC(COP2(=O)OCOP(=O)(OP(=O)(O)O)O2)C(O)C1O,2
O=C1NS(=O)(=O)c2c1cccc2-c1ccccc1,2
Nc1ncnc2c1ncn2C1OC(COP(=O)(O)O)C(OP(=O)(O)OP(=O)(O)O)C1O,2
C=C1CCC(C(C)C)C2C=C(C)CCC12,4
COCC1OC(COC)(OC2OC(CO)C(O)C(O)C2O)C(O)C1O,2
CC(=O)c1ccc(O)cc1,2
COc1cc(C2Cc3ccccc3C(=O)O2)ccc1O,4
CC1(C)CCC2(C(=O)OC3OC(CO)C(O)C(O)C3O)CCC3(C)C(=CCC4C5(C)CCC(OC6OC(C(=O)O)C(OC7OC(CO)C(O)C(O)C7O)C(OC7OC(CO)C(O)C(O)C7O)C6O)C(C)(C)C5CCC43C)C2C1,2
OCC1OC(OC2C(O)COC2C(O)C(O)O)C(O)C(O)C1O,2
CC1OC(O)C(O)C(OC2OCC(O)C(O)C2O)C1O,2
CCCCCCCCCCCCCCCCCC(=O)OCCOCC(OCCOC)C1OCC(OCCOC)C1OCCOC,0
O=C1OC(c2ccc(O)cc2)Cc2cccc(O)c21,4
OCC1OC(OC2C(CO)OC(O)C(O)C2O)C(O)C(OO)C1O,2
CC(=O)C1=NCCC1,2
CC1OC(OC2C(OC3C(OC4CCC5(C)C(CCC6(C)C5C(=O)C=C5C7CC(C)(C)CC(OC8OC(CO)C(O)C(O)C8O)C7(C)CCC56C)C4(C)C)OC(C(=O)O)C(O)C3O)OC(C(=O)O)C(O)C2O)C(O)C(O)C1O,2
COC(=O)C(Cc1ccccc1)N(C(=O)C(N)CC(=O)O)C1CC1,2
CCCCC=CC=O,4
OC1COC(OC2C(O)C(O)C(O)C(O)C2O)C(O)C1O,2
Nc1ncnc2c1ncn2C1OC(COP(=O)(O)N=S)C(O)C1O,2
CC(NC(=O)C(CC(=O)O)NC(=O)C(Cc1ccccc1)NC(=O)C(N)CC(N)=O)C(=O)O,2
CC(NC(=O)C(N)CC(=O)O)C(=O)NC(Cc1ccccc1)C(=O)NC(CCCCN)C(=O)O,2
CCCCCC(=Cc1ccccc1)C(OC)OC,4
OCC(O)C(O)COC1OC(CO)C(O)C(O)C1O,2
NCCCCC(N)C(=O)NC(Cc1ccccc1)C(=O)NC(CC(=O)O)C(=O)NCC(=O)O,2
NCCCOCCOCCOCCOCCOCCCNc1ncnc2c1ncn2C1OC(COP(=O)(O)O)C(O)C1O,2
CCC1C(OC2(C)CCC(C)CO2)CC2C3CCC4CC(OC5OC(CO)C(OC6OC(CO)C(O)C(OC7OCC(O)C(O)C7O)C6OC6OC(CO)C(O)C(O)C6O)C(O)C5O)CCC4(C)C3CC(=O)C12C,2
O=C(O)c1cc([N+](=O)[O-])ccc1O,1
COC(=O)C(C)(Cc1ccccc1)NC(=O)C(CC(=O)O)NCCC(C)(C)C,2
COC(=O)C(Cc1ccccc1)N(C)C(=O)C(N)CC(C)C,2
COc1cc(C=CC(C)=O)ccc1O,2
Cc1cc(C)cc(N=C(NCC(=O)O)NC(C)c2ccccc2)c1,2
NC(CC(=O)O)C(=O)NCC(=O)NC(Cc1ccccc1)C(=O)O,2
CCC(C)C(NC(=O)CNC(=O)C(CC(N)=O)NC(=O)C(N)Cc1ccccc1)C(=O)O,2
Cc1cc(C)cc(C(=O)O)c1,1
COC(=O)C1OC(OC2CCC3(C)C(CCC4(C)C3CC=C3C5CC(C)(C)CCC5(C(=O)OC)CCC34C)C2(C)C)C(O)C(OC2OC(CO)C(O)C(O)C2O)C1O,2
CC(C)CC(NC(=O)C(CC(N)=O)NC(=O)C(Cc1ccccc1)NC(=O)CN)C(=O)O,2
COc1cc(-c2oc3cc(O)cc(O)c3c(=O)c2O)ccc1OC1OC(CO)C(OC2OC(C)C(O)C(O)C2O)C(O)C1O,2
NCCCCC(NC(=O)C(N)Cc1ccccc1)C(=O)NC(CC(=O)O)C(=O)NCC(=O)O,2
OCC1OC(OC2(O)C(O)C(O)OC(CO)C2O)C(O)C(O)C1O,2
COC(=O)C1=C(C(=O)O)CC1,1
COc1ccc(-c2coc3c(O)c(OC4OC(COC5OC(C)C(O)C(O)C5O)C(O)C(O)C4O)ccc3c2=O)cc1,2
CC(C)Oc1ccc(N)cc1[N+](=O)[O-],2
CC(CCC(=O)C(C)(C)OC1OC(CO)C(O)C(O)C1O)C1CCC2(C)C3CC=C4C(CCC(OC5OC(COC6OC(CO)C(O)C(O)C6O)C(O)C(O)C5O)C4(C)C)C3(C)C(O)CC12C,2
COC(=O)C(Cc1ccccc1)NC(=O)C(CC(C)(C)O)NC(=O)C(Cc1ccccc1)NC(=O)OC(C)(C)C,2
C=CCS[S+]([O-])CC=C,4
OCCOCC1OC(OC2C(CO)OC(O)C(O)C2O)C(O)C(O)C1O,2
CCCCCCCCCC(=O)OC,4
CC(=O)OC1C(C)OC(OC2C(O)C3(C)CCC4(C)C(=CCC5C6(C)CCC(OC7OC(C(=O)O)C(O)C(O)C7OC7OCC(O)C(O)C7O)C(C)(CO)C6CCC54C)C3CC2(C)CO)C(OC(C)=O)C1OC(C)=O,2
COC(=O)CC(C)O,4
OC(O)CC1OC(O)C(O)C(O)C1O,2
NCC(=O)NC(CC(=O)O)C(=O)NC(Cc1ccccc1)C(=O)NC(CC(=O)O)C(=O)O,2
OCC(O)C(O)C1O[Sb]OC1CO,2
COC(=O)C1OC(OC2CCC3(C)C(CCC4(C)C3CC=C3C5CC(C)(C)CC(O)C5(C)CCC34C)C2(C)CO)C(OC2OC(CO)C(O)C(O)C2OC2OC(C)C(O)C(O)C2O)C(O)C1O,2
CCCCCCCCCCCCCCCCCCOC1C(O)C(O)OC(CO)C1O,2
CCCCCC=CCC=CC=CC=O,4
CC1(C)CCC2(C(=O)OC3OC(CO)C(O)C(O)C3O)CCC3(C)C(=CCC4C5(C)CC(O)C(OC6OC(CO)C(O)C(OC7OC(C(=O)O)C(O)C(O)C7O)C6O)C(C)(C)C5CCC43C)C2C1,2
COc1cc2c(=O)c(-c3ccc(O)cc3)coc2cc1OC1OC(CO)C(OC)C(O)C1O,2
CCC(C)C(NC(=O)C(CCC(N)=O)NC(=O)C(CC(=O)O)NC(=O)C(N)Cc1ccccc1)C(=O)O,2
CCCCCCCC=CC(=O)CCc1ccc(O)c(OC)c1,4
Nc1ncnc2c1ncn2C1OC(COP(=O)(O)OP(=O)(O)OC2CCCC2)C(O)C1O,2
CCC(N)C(=O)O,2
CC(C)CC(=O)OC1CC2CCC1(C)C2(C)C,4
O=C1OC(CO)C(O)C2OC(=O)c3c(c(O)c(O)c(O)c3-c3c(O)c(O)c(O)c4c3C(=O)OC2C4O)-c2c1cc(O)c(O)c2O,4
CCC(C)Oc1ccc([N+](=O)[O-])cc1N,2
CC(C)(C)CC#CC(=O)O,1
O=c1ccc2ccc(OC3OC(CO)C(O)C(O)C3O)c(O)c2o1,0
CC(O)(CO)C1CC=CCC1,0
OOCC1OC(O)C(OO)C(O)C1O,2
O=C(CCc1ccc(O)c(O)c1)c1c(O)cc(O)cc1OC1OCC(O)C(O)C1O,2
CCOC1OC(C2OC3OC(C)(C)OC3C2OC)CC(O)C1O,2
CC1(C)CCC2(C(=O)OC3OC(CO)C(O)C(O)C3O)CCC3(C)C(=CCC4C5(C)CCC(OC6OC(C(=O)O)C(O)C(OC7OC(CO)C(O)C(O)C7O)C6O)C(C)(C)C5CCC43C)C2C1,2
CC1(C)CCC2C(=O)CC3(C)C(=CCC4C5(C)CCC(OC6OC(C(=O)O)C(O)C(O)C6OC6OCC(O)C(O)C6O)C(C)(CO)C5CCC43C)C2C1,2
C=C1CCC2C(C3C1CCC3(C)O)C2(C)C,4
C=CCCCCCCCCCO,4
CC(C)CC(N)C(=O)NCC(=O)NC(Cc1ccccc1)C(=O)NC(CC(N)=O)C(=O)O,2
CC(CCC(=O)O)c1ccccc1,1
COc1cc(-c2cc(=O)c3c(O)cc(OC4OC(CO)C(O)C(O)C4O)cc3o2)cc(OC)c1OC,2
NOC(C(O)CO)C(O)C(O)C=O,2
O=C1Oc2ccccc2C2CC12,4
CCC(CC)OC1OC(CO)C(O)C(O)C1O,2
OCC1OC(OC2(O)COC(CO)C(O)C2O)C(O)C(O)C1O,2
NCCCCC(N)C(=O)NC(CC(=O)O)C(=O)N1CCCC1C(=O)NC(Cc1ccccc1)C(=O)O,2
COc1ccc2c(c1O)CCC1C2CCC2(C)CCCC12,4
O=c1cc(-c2cc(OC3OC(CO)C(O)C(O)C3O)c(O)cc2O)oc2cc(O)cc(O)c12,2
O=C(O)c1ccc(Br)cc1O,1
O=C(O)CCNC(=S)C(=S)NCCC(=O)O,1
CCCC(C)OC(C)=O,4
CC(C)CC(N)C(=O)NC(CC(=O)O)C(=O)NC(Cc1ccccc1)C(=O)NC(CC(C)C)C(=O)O,2
COC1OC(C)C(O)C(O)C1OC,2
CC(C)CC(NC(=O)CN)C(=O)O,0
CCC(C)C(NC(=O)C(C)NC(=O)C(N)Cc1ccccc1)C(=O)NC(CC(N)=O)C(=O)O,2
CCC(C)C(NC(=O)C(C)N)C(=O)NC(CC(N)=O)C(=O)NC(Cc1ccccc1)C(=O)O,2
O=C(O)C(O)(CO)CO,1
CCCCOC1C(O)C(C)OC(OC)C1O,2
CCC(OC(C)C(O)CO)OC1CC(OC)OC(C)C1O,2
Nc1ncnc2c1ncn2C1OC(C(O)NCCOP(N)(=O)O)C(O)C1O,2
O=C(O)CSCSCC(=O)O,1
Nc1ncnc2c1ncn2C1OC(C2OP(=O)(O)OP(=O)(OP(=O)(O)O)O2)C(O)C1O,2
Nc1ncnc2c1ncn2C1OC(C(OO)OP(=O)(O)OP(=O)(O)OP(=O)(O)O)C(O)C1O,2
CC(C)C(C)(CC(=O)O)CC(=O)O,1
O=C(O)C(O)c1ccccc1,1
CCOC1CC(O)C(O)C(C)O1,2
COC1OC(CO)C(O)C2OC(C)(OC)C(C)(OC)OC12,2
COc1cc(-c2cc(=O)c3c(O)cc(OC4OC(CO)C(O)C(O)C4OC4OCC(O)(CO)C4O)cc3o2)ccc1O,2
OCC1OC(CO)(OC(O)C2(O)OCC(O)C(O)C2O)C(O)C1O,2
OCC1OC(OC2(CI)OC(CI)C(O)C2O)C(O)C(O)C1I,2
CC1OC(OC2C(OC(=O)C34CCC(C)(C)CC3C3=CCC5C6(C)CCC(OC7OC(C(=O)O)C(O)C(O)C7O)C(C)(C)C6CCC5(C)C3(C)CC4O)OCC(O)C2OC2OC(CO)C(O)C(O)C2O)C(O)C(O)C1O,2
CN(C)Cc1cc(C(C)(C)C)cc(CN(C)C)c1O,1
N#Cc1ccc(NC(=O)NC(CC(=O)O)c2ccc(O)cc2)cc1,2
COc1ccc(C2CC(=O)c3ccccc3O2)cc1O,4
COc1c(OC2OC(CO)C(OC3OCC(O)C(O)C3O)C(O)C2O)cc2occ(-c3ccc(O)cc3)c(=O)c2c1O,2
CC1OC(OC2C(Oc3cc(O)c4c(c3)OC(c3ccccc3)CC4=O)OC(CO)C(O)C2O)C(O)C(O)C1O,0
CC(C)CC(NC(=O)CNC(=O)C(N)Cc1ccccc1)C(=O)NC(CC(N)=O)C(=O)O,2
CCCCCc1nc(N)c2ncn(C3OC(COP(O)(O)=S)C(O)C3O)c2n1,2
CC(C)C(N)C(=O)NC(CC(N)=O)C(=O)NC(CC(=O)O)C(=O)NC(Cc1ccccc1)C(=O)O,2
CC1COC(C(C)c2ccccc2)O1,4
NCC(=O)NC(CO)C(=O)NC(Cc1ccccc1)C(=O)O,2
CC1OC(OC2C(O)C(CO)OC(OC3C(OC4CCC5(C)C(CCC6(C)C5CC=C5C7CC(C)(C)C(O)CC7(C)CCC56C)C4(C)CO)OC(C(=O)O)C(O)C3O)C2O)C(O)C(O)C1O,2
COc1c(OC2OC(CO)C(O)C(O)C2O)cc(O)c2c(=O)cc(-c3ccccc3)oc12,2
COc1cc(-c2coc3c(C4OC(COC5OC(CO)C(O)C(O)C5O)C(O)C(O)C4O)c(O)ccc3c2=O)ccc1O,2
COC(=O)C(Cc1ccccc1)NC(=O)C(CC(C)C)NC(=O)C(N)C(C)C,2
C=C1C(=O)OC2C1CCC1(C)C(O)CCC(=C)C21O,0
O=C(O)CCC(NC(=O)c1ccccc1)C(=O)O,1
COc1cc(-c2coc3cc(OC4OC(CO)C(O)C(O)C4O)cc(O)c3c2=O)ccc1O,2
COc1cc(C(O)C(=O)O)ccc1O,2
CCC(C)C(=O)C1=C(O)[C@@](O)(C(=O)/C=C/C(C)C)C(CC=C(C)C)C1=O,0
OC1OC(C(O)(O)O)C(O)C(O)C1O,2
N#Cc1ccc(N=C(NCC(=O)O)NC2CCCCCCC2)cn1,2
CC(C)CC(NC(=O)C(CC(=O)O)NC(=O)C(Cc1ccccc1)NC(=O)C(N)CCC(N)=O)C(=O)O,2
c1ccc(CSSCc2ccccc2)cc1,4
CC1(C(=O)O)CCC2(C)CCC3(C)C(=CC(=O)C4C5(C)CCC(OC6OC(C(=O)O)C(O)C(F)C6OC6OC(C(=O)O)C(O)C(O)C6O)C(C)(C)C5CCC43C)C2C1,2
CCC(CC)(C(=O)O)C(CC)(CC)C(=O)OC,1
O=C(O)COc1ccc([N+](=O)[O-])cc1,1
NC(=O)NCCCC(N)C(=O)O,0
NC(CC(=O)O)C(=O)NC(Cc1ccccc1)C(=O)OCO,2
COc1ccc(C2CC(=O)c3ccc(OC4OC(COC(=O)CC(C)CCCC(CO)CCCC(C)C)C(O)C(O)C4O)cc3O2)cc1O,2
Cc1cccc(O)c1C,4
CC1OC(OC2C(O)C(C)OC(OC3C(O)OC(C)C(O)C3O)C2O)C(O)C(O)C1O,2
CC(C)C(C)C(O)C(O)C(C)C1CCC2C3CC(=O)C4CC(OC5OC(COC6OC(CO)C(O)C(O)C6O)C(O)C(O)C5O)CCC4(C)C3CCC12C,2
CC1(C)CCC2(C(=O)O)CCC3(C)C(=CCC4C5(C)CC(O)C(OC6OC(CO)C(O)C(OC7OC(C(=O)O)C(O)C(O)C7O)C6O)C(C)(C(=O)O)C5CCC43C)C2C1,2
CCC(C)C(NC(=O)C(Cc1ccccc1)NC(=O)CN)C(=O)NC(CC(N)=O)C(=O)O,2
COc1c(O)cc(-c2oc3cc(OC4OC(C)C(O)C(O)C4O)cc(O)c3c(=O)c2OC)cc1OC1OCC(O)C(O)C1O,2
O=C(O)c1c(O)cccc1Cl,1
OCC1CC(O)C(O)C(OC2C(CO)OC(O)C(O)C2O)O1,2
CC(=O)OC1C=C(C=O)C(O)(C=O)C2(C)CCCC(C)(C)C12,4
O=C1[N-]S(=O)(=O)c2ccccc21.[Hg+],2
Nc1ncnc2c1ncn2C1OC(COP(=O)(O)OP(=O)(O)OS(=O)(=O)O)C(O)C1O,2
N#Cc1ccc(N=C(NCCc2ccccc2)NCC(=O)O)cc1,2
CCCCCC(=O)OCCC(C)CCC=C(C)C,4
OCC1OCC(O)C1O,2
OCC1OC(OC2C(O)C(CO)OC(OC3C(CO)OCC(O)C3O)C2O)C(O)C(O)C1O,2
CCc1scnc1C,4
COc1ccccc1C(=O)O,1
COC1OC(C)C(O)C(O)C1OC1OC(C(O)CO)C(O)C1O,2
O=C(c1ccc(O)cc1)c1c(O)cc(O)c(OC2OC(CO)C(O)C(O)C2O)c1O,2
CC(C)CC(=O)OC1CCCCC1,4
Nc1ncnc2c1ncn2C1OC(COP(N)O)C(O)C1O,2
CCCCC1(C2(OC3OC(CO)C(O)C(O)C3O)OC(CO)C(O)C2O)OO1,2
COC(=O)C1OC(OC2C(OC3CCC4(C)C(CCC5(C)C4CC=C4C6CC(C)(C(=O)O)CCC6(C)CCC45C)C3(C)C)OC(CO)C(O)C2O)C(O)C(O)C1O,2
CCOC1CC=C(C=NO)CC1,2
O=c1cnc2c[nH]c(=O)[nH]c-2n1,1
COc1ccc(-c2cc(=O)c3c(O)c(OC)c(OC4OC(CO)C(O)C(O)C4OC4OC(C)C(O)C(O)C4O)cc3o2)cc1,2
OCC1OC(OC2C(CO)OC(OC3C(CO)OC(F)C(O)C3O)C(O)C2O)C(O)C(O)C1O,2
COCOC1CC(O)CC(CO)O1,2
CC(C)(C)OC(=O)NC(CC(=O)O)C(=O)NC(Cc1ccccc1)C(N)=O,2
COC1C(C)OC(O)C(O)C1O,2
CCOC(=O)c1ccco1,4
COC1OCC(O)C(O)C1OC1OC(C)C(OC2OCC(O)C(O)C2O)C(O)C1O,2
COC1C(O)OC2COC1C2OC1OC(CO)C(O)C(O)C1O,2
Nc1ncnc2c1ncn2C1OC(COS(=O)(=O)OP(=O)(O)O)C(OP(=O)(O)O)C1O,2
CC1CC(OC(=O)C(O)c2ccccc2)CC(C)(C)C1,0
CCC(S)C(C)CO,4
CC1(C)CCC2(C(=O)OC3OC(CO)C(OC4OC(CO)C(O)C(O)C4O)C(O)C3O)CCC3(C)C(=CCC4C5(C)CCC(OC6OC(C(=O)O)C(O)C(OC7OC(CO)C(O)C(O)C7O)C6O)C(C)(C)C5CCC43C)C2C1,2
CCOC(=O)C1NC1C(=O)NC(C=O)Cc1ccccc1,2
NC(=O)c1ccc(NC(=O)NC(CC(=O)O)c2cccnc2)cn1,2
CCOC(=O)C(C)(C)C(=O)O,1
O=C(O)c1ccc(Cl)cc1Cl,1
Nc1ccn([C@@H]2O[C@H](CO)[C@@H](O)[C@H]2O)c(=O)n1,1
CCOC1OC(CO)C(O)CC1O,2
COC(=O)C(C)(CC(=O)O)Cc1ccc([N+](=O)[O-])cc1,1
CC1OC(Oc2cc(O)c3c(=O)cc(-c4ccc(OC5OC(CO)C(O)C(O)C5O)c(O)c4)oc3c2)C(O)C(O)C1O,2
CC(N)C(=O)NC(CCCCN)C(=O)NC(Cc1ccccc1)C(=O)O,2
CC(O)C1OC(O)C(OCC2OC(O)C(O)C(O)C2O)C1O,2
O=c1cc(-c2ccc(O)c(O)c2)oc2cc(OC3OCC(O)C(O)C3O)cc(O)c12,2
CC(=O)OCC1OC(OC(C)=O)C(OC(C)=O)C(OC(C)=O)C1O,2
COC(=O)C(Cc1ccccc1)NC(=O)C(CC(=O)O)NC(=O)C1CCCCN1,2
C#CCOC1C(O)CC(OCC)OC1C,2
NC(=O)CC(NC(=O)C(CC(=O)O)NC(=O)CNC(=O)C(N)Cc1ccccc1)C(=O)O,2
CC(C)CC(NC(=O)C(Cc1ccccc1)NC(=O)C(N)CC(=O)O)C(=O)NC(CC(=O)O)C(=O)O,2
OCC1OC(O)C(OC2(O)COC(CO)C(O)C2O)C(O)C1O,2
CC(NC(=O)C(N)CO)C(=O)NC(Cc1ccccc1)C(=O)NC(CC(N)=O)C(=O)O,2
CC1(C(=O)O)CCC2(C(=O)O)CCC3(C)C(=CCC4C5(C)CCC(OC6OC(C(=O)O)C(O)C(O)C6O)C(C)(C)C5CCC43C)C2C1,2
CCCC(=O)OCC(C)C,2
CC(N)C(=O)N1CCCC1C(=O)NC(CC(=O)O)C(=O)NC(Cc1ccccc1)C(=O)O,2
COCCCCOc1ccc([N+](=O)[O-])cc1N,2
O=c1c(O)c(-c2cc(O)c(O)c(OC3OC(CO)C(O)C(O)C3O)c2)oc2cc(O)cc(O)c12,2
CCC(C)c1nccnc1OC,4
CC(O)C(OC(CO)C(O)CO)OC1C(CO)OC(O)C(O)C1O,2
O=c1cc(-c2ccc(O)c(O)c2)oc2c(C3OC(CO)C(O)C(O)C3OC3OCC(O)C(O)C3O)c(O)cc(O)c12,2
COP(=O)(O)OC1CC(n2cnc3c(N)ncnc32)OC1CO,2
NC(CCC(=O)O)C(=O)NC(CC(=O)O)C(=O)NC(CCC(=O)O)C(=O)O,3
CC(=O)C1C(OC(=O)C=C(C)C)C2(CO)C(CC1(C)C)C1=CCC3C4(C)CCC(OC5OC(C(=O)O)C(O)C(O)C5OC5OC(C)C(O)C(O)C5O)C(C)(C)C4CCC3(C)C1(C)C(O)C2O,2
COCC(OC1OC(C)C(O)C(O)C1O)C(C)O,2
O=C1CCCO1,2
Cn1c(=O)ccc2ccccc21,0
Cc1ccc(C=CC=O)o1,2
CC=CCC(=O)OCC1OC(Oc2cc(O)c3c(=O)cc(-c4ccc(O)c(OC)c4)oc3c2)C(O)C(O)C1O,2
CN(C)c1ncnc2c1ncn2C1OC(COP(=O)(O)OP(=O)(O)OP(=O)(O)O)C(O)C1O,2
CC(C)C(N)C(=O)NC(C(=O)NC(Cc1ccccc1)C(=O)NC(CC(N)=O)C(=O)O)C(C)C,2
CC1(C)CCC2(C(=O)O)CCC3(C)C(=CCC4C5(C)CCC(OC6OC(C(=O)O)C(O)C(O)C6O)C(C)(CO)C5CCC43C)C2C1,2
COc1cc(-c2oc3cc(O)cc(O)c3c(=O)c2OC2OC(CO)C(OC3OC(C)C(O)C(O)C3O)C(O)C2O)ccc1O,2
Cc1ccc(N)c(C(=O)O)c1,1
O=C(CCc1ccc(O)c(O)c1)c1c(O)cc(O)cc1OC1OC(CO)C(O)C(O)C1OC1OCC(O)C(O)C1O,2
CC(O)COC1OC(CO)C(OC2OC(CO)C(O)C(O)C2O)C(O)C1O,2
Cl.[Cl-].c1ccc(C2=N[NH+](c3ccccc3)N(c3ccccc3)N2)cc1,2
CC(C)CC(NC(=O)C(N)CCC(N)=O)C(=O)NC(Cc1ccccc1)C(=O)NCC(=O)N1CCCC1C(=O)NC(CC(N)=O)C(=O)NC(C(=O)NC(CC(N)=O)C(=O)N1CCCC1C(=O)NC(Cc1c[nH]c2ccccc12)C(=O)NC(Cc1cnc[nH]1)C(=O)NC(CC(N)=O)C(=O)N1CCCC1C(=O)O)C(C)C,0
CCN(CC)CCNC(=O)c1ccc(N)cc1,0
COC1OC(OC2(CO)OC(CO)C(O)C2O)C(O)C(O)C1O,2
CC(C)CC(N)C(=O)NC(Cc1ccccc1)C(=O)NC(CC(=O)O)C(=O)NC(CC(N)=O)C(=O)O,2
COCC1OC(OC)C(O)C(O)C1O,2
COc1ccc(C2(C)COc3ccccc3O2)cc1O,4
C=CCc1ccc(C(=O)O)cc1,1
CCC(C)C(N)C(=O)NC(Cc1ccccc1)C(=O)NC(CC(=O)O)C(=O)NC(C(=O)O)C(C)CC,2
COP(=O)(O)OP(=O)(O)OP(=O)(O)OCC1OC(n2cnc3c(N)ncnc32)C(O)C1O,2
CCC(C)C(N)C(=O)NCC(=O)NC(Cc1ccccc1)C(=O)O,2
O=c1cc(-c2ccc(OC3OC(CO)C(O)C(O)C3O)c(O)c2)oc2cc(O)c(C3OC(CO)C(O)C(O)C3OC3OC(CO)C(O)C(O)C3O)c(O)c12,2
COc1ccccc1OCC(O)CO,0
COC(CO)C1OC(O)C(OC)C1OC,2
COC1OCC(O)C(OC2OC(CO)C(O)C(O)C2O)C1O,2
Nc1ncnc2c1ncn2C1OC(COP(=S)(S)OP(=O)(O)OP(=O)(O)O)C(O)C1O,2
O=C1NS(=O)(=O)c2cc(S)ccc21,2
COc1cc(-c2coc3cc(OC4OC(CO)C(O)C(O)C4O)ccc3c2=O)ccc1O,2
C=C(CCC=C(C)C)CCC=C(C)CC(=O)OCC1OC(Oc2cc(O)c3c(c2)OC(c2ccc(OC)c(OC)c2)CC3=O)C(O)C(O)C1O,2
CC1OC(OC2(CCl)OC(CCl)C(O)C2O)C(O)C(O)C1Cl,2
CCN1CC2(COC)C(O)CC(OC)C34C5CC6(O)C(OC)CC(O)(C5C6O)C(C(OC)C23)C14,0
CC(N)C(=O)NC(Cc1ccccc1)C(=O)NC(CC(N)=O)C(=O)NC(CCCCN)C(=O)O,2
O=C(O)C1CC2C=CC1(C(=O)O)CC2,1
CCC(C)C(NC(=O)C(Cc1ccccc1)NC(=O)C(CC(=O)O)NC(=O)C(C)N)C(=O)O,2
COC1C(CO)OC(OC2C(CO)OC(OC(C)C)C(O)C2O)C(O)C1O,2
CC(C)CC(NC(=O)CN)C(=O)NC(CC(N)=O)C(=O)NC(Cc1ccccc1)C(=O)O,2
COC(O)C(O)C(O)C(CCO)OC1OC(CO)C(O)C(O)C1O,2
NC(CC(=O)O)C(=O)NC(CC(=O)O)C(=O)NC(CC(=O)O)C(=O)NC(Cc1ccccc1)C(=O)O,2
CP(=O)(O)CP(=O)(O)OCC1OC(n2cnc3c(N)ncnc32)C(O)C1O,2
C=C(C(=O)OC1CC2CCC(C1)N2C)c1ccccc1,0
CC(CCC(O)C(C)(C)OC1OC(CO)C(O)C(O)C1O)C1CCC2(C)C3CC=C4C(CCC(OC5OC(CO)C(O)C(O)C5O)C4(C)C)C3(C)C(=O)CC12C,4
CCCCCC=CC=CCO,4
O=C=O,4
CN(C)C(=O)SCC(=O)O,1
CCCCCCOC(=O)C(C)C,2
CC(C)(C)OC(=O)C(Cc1ccccc1)NC(=O)CN,2
CCCc1nccnc1C,4
COc1c(OC2OC(C)C(O)C(O)C2O)cc2occ(-c3ccc(OC4OC(CO)C(O)C(O)C4O)cc3)c(=O)c2c1O,2
COC1=CC(=O)C(CC=C(C)C)(CC=C(C)C)C(=O)C1=C(O)C=Cc1ccc(O)cc1,0
CC1CCC2(C(=O)O)CCC3(C)C4=CCC5C(C)(C)C(OC6OC(C(=O)O)C(O)C(O)C6O)CCC5(C)C4CCC3(C)C2C1C,2
CC(C)CC(NC(=O)C(CC(=O)O)NC(=O)CCc1ccccc1)C(=O)O,2
C=CC1C(OC2OC(CO)C(OC(=O)/C=C\c3ccc(O)cc3)C(O)C2OC(C)=O)OC=C2C(=O)OCCC21O,0
NCCCCC(NC(=O)C(N)CO)C(=O)NC(CC(=O)O)C(=O)NC(Cc1ccccc1)C(=O)O,2
Cc1ncc(COP(=O)(O)O)c(CN)c1O,1
CCCCCCCC=CC=CC(=O)NCC(C)C,4
NCC(=O)NC(CC(=O)O)C(=O)NC(CO)C(=O)NC(Cc1ccccc1)C(=O)O,2
CC(C)CN=C=S,4
CCCCCCCc1ccco1,4
COC1OC(C)C(O)C(OC)C1O,2
CC(=O)OC1CC2CC3(C(O)C2C)C1C12COC3(O)C(O)C1C(C)(C)CCC2OC(C)=O,0
CCCCCOC1C(O)C(COP(N)O)OC1n1cnc2c(N)ncnc21,2
COc1ccnc(C[S+]([O-])c2nc3ccc(OC(F)F)cc3[nH]2)c1OC,0
CCOC(CC(C)C)OCC,4
COC1OC(CO)C(O)C(O)C1OC1CC(O)C(O)C(CO)O1,2
NC(=O)CC(N)C(=O)NCC(=O)NCC(=O)NC(Cc1ccccc1)C(=O)O,2
COC(=O)C1OC(OC2CCC3(C)C(CCC4(C)C3CC=C3C5CC(C)(CO)CC(O)C5(C)CCC34C)C2(C)CO)C(OC2OC(CO)C(O)C(O)C2OC2OC(C)C(O)C(O)C2O)C(O)C1O,2
CC(C)CC(NC(C)C(=O)O)C(=O)NC(Cc1ccccc1)C(=O)O,2
Cc1ccc2c(c1)C(=O)NS2(=O)=O,2
CCN(CC)c1ncnc2c1nc(N(CC)CC)n2C1OC2COP(=O)(O)OC2C1O,2
CCCSSSC,4
OCC1OC(OCc2ccccc2)C(O)C(O)C1O,0
O=C(CCC([N+](=O)[O-])[N+](=O)[O-])c1ccccc1,1
NCCCCCCNP(=O)(O)OCC1OC(n2cnc3c(N)ncnc32)C(O)C1O,2
CNc1ncnc2c1ncn2C1OC2COP(=O)(O)OC2C1O,2
CCCCCC=CCOC(C)=O,4
CCOC(=O)C(Cc1ccccc1)NC(=O)C(N)CC(C)C,2
C=CCCC(=O)OCC,4
COC(=O)C1C2CC3c4[nH]c5cc(OC)ccc5c4CCN3CC2CC(OC(=O)c2cc(OC)c(OC)c(OC)c2)C1OC,0
O=C(O)C1CCCCO1,1
NCCCCC(NC(=O)C(N)CC(=O)O)C(=O)NCC(=O)NC(Cc1ccccc1)C(=O)O,2
CC(C)CC(NC(=O)C(CC(=O)O)NC(=O)C(Cc1ccccc1)NC(=O)C(N)C(C)C)C(=O)O,2
CC1OC(OC2C(c3c(O)cc(O)c4c(=O)cc(-c5ccc(O)c(O)c5)oc34)OC(CO)C(O)C2O)C(O)C(O)C1O,2
O=C1CCCC2C3CC(CN12)C1CCCCN1C3,0
C=C1C(O)CC2CC1C2(C)C,4
CCCCCCOc1ccc([N+](=O)[O-])cc1[N+](=O)[O-],2
CC(=O)Nc1ccc([C@@H]2C[C@H]2C(=O)O)cc1,1
O=C(O)c1cc[nH]c1,1
COC(=O)C1OC(OC2CCC3(C)C(CCC4(C)C3CC=C3C5CC(C)(C)CCC5(C(=O)O)CCC34C)C2(C)CO)C(O)C(OC2OCC(O)C(O)C2O)C1O,2
O=C(O)Cc1cn(C2OC(CO)C(O)C(O)C2O)c2ccccc12,4
COC(=O)C(Cc1ccccc1)NC(=O)C(N)CO,2
COC(=O)C(Cc1ccccc1)NC(=O)C(CO)NC(=O)C(N)C(C)C,2
COc1c(OC2OC(C(O)C(O)C(O)C(C)O)C(O)C(O)C2O)cc2oc(-c3ccc(O)cc3)cc(=O)c2c1O,2
COC(=O)C(NC(=O)C(N)CC(=O)O)C(=O)OC1C2(C)CCC(C2)C1(C)C,2
COC1=CC(C)C2CC3OC(=O)CC4C(C)(O)C5OCOC5C(C2(C)C1=O)C34C,0
CC(C)CC(NC(=O)C(Cc1ccccc1)NC(=O)CNC(=O)C(N)CC(N)=O)C(=O)O,2
OCC1OC(OC2(CO)OC(CO)C(O)C2O)CC(O)C1O,2
CC=CC(=O)C1=C(C)CCCC1(C)C,4
COC1O[CH]C(OC2[CH][CH][CH]C(C)O2)C(O)C1O,2
CCCCc1nc(N)c2ncn(C3OC(COP(O)(O)=S)C(O)C3O)c2n1,2
COc1cnc(NS(=O)(=O)c2ccc(N)cc2)nc1,0
CC(C)CC(NC(=O)C(N)CC(N)=O)C(=O)NC(CC(C)C)C(=O)NC(Cc1ccccc1)C(=O)O,2
CCCCCCC=CC=CC=O,4
O=S(=O)(O)CCc1ccccn1,1
O=C1CC(c2ccc(O)cc2)Oc2cccc(O)c21,4
CC(=O)c1c(O)c2ccccc2oc1=O,1
CC1(C(=O)O)CCC2(C)CCC3(C)C(=CC(=O)C4C5(C)CCC(OC6OC(C=O)C(O)C(O)C6OC6OC(C=O)C(O)C(O)C6O)C(C)(C)C5CCC43C)C2C1,2
N[C@H](C(=O)O)C(O)CC(=O)O,1
Nc1ncnc2c1ncn2C1OC(COP(=O)(O)NP(=O)(O)O)C(O)C1O,2
CC1CCCC(C)(C)C1=O,4
COc1cc2occ(-c3ccc(OC4OC(COC5OC(C)C(O)C(O)C5O)C(O)C(O)C4O)cc3)c(=O)c2c(O)c1OC,2
COc1ccc(C#N)cc1N,2
CC(C)CCC(=O)O,4
CC1(C)CCC2(C(=O)OC3OC(CO)C(O)C(O)C3O)C(O)CC3(C)C(=CCC4C5(C)CCC(OC6OC(C(=O)O)C(O)C(O)C6O)C(C)(C)C5C(O)CC43C)C2C1,2
CC1CCC2C(C)C(=O)OC3OC4(C)CCC1C32OO4,0
CCCCCCCCOC1OC(CO)C(O)C1OC1OC(CO)C(O)C(O)C1O,2
CCCCC=CC=CC=O,4
COc1cncc(C)n1,4
Cn1c(=O)c2ncc(=O)[nH]c2n(-c2ccccc2)c1=O,1
C=CCCCCCCCCC(=O)OCC=C,4
COC1C(O)C(COOP(C)(=O)O)OC1n1cnc2c(N)ncnc21,2
CC(C)C1(C2CC(C3C(O)CC4C5=CCC6CC(OC7OC(CO)C(O)C(O)C7O)CCC6(C)C5=CCC43C)C(=O)O2)OC1C,0
O=P(O)(O)OCc1ccccn1,1
CC(C)C1NC(=O)C(Cc2ccccc2)NC1=O,0
CCCCCCCCOC1OC(COC2OC(CO)C(O)C2O)C(O)C(O)C1O,2
CC1OC(OCC2OC(Oc3c(-c4ccc(OCCO)c(O)c4)oc4cc(OCCO)cc(OCCO)c4c3=O)C(O)C(O)C2O)C(O)C(O)C1O,2
COCC1OC(O)CC(O)C1O,2
NCC(=O)NC(CC(=O)O)C(=O)NC(CCC(N)=O)C(=O)NC(Cc1ccccc1)C(=O)O,2
CC(N)C(=O)NC(CO)C(=O)NC(CC(N)=O)C(=O)NC(Cc1ccccc1)C(=O)O,2
Nc1ncnc2c1ncn2C1OC(COP(O)(O)=S)C(O)C1O,2
COc1ccc(C(CC(=O)O)NC(=O)Nc2ccc(C#N)cc2)cc1,2
CCC(NC(=O)C(N)CC(=O)O)C(=O)OC(C)C,2
O=C(O)C[S+]([O-])c1cccc(Cl)c1,1
CC(C)CC(N)C(=O)NC(CC(=O)O)C(=O)N1CCCC1C(=O)NC(Cc1ccccc1)C(=O)O,2
CCCOc1c(-c2ccc(O)c(O)c2)oc2cc(OC3OC(CO)C(O)C(O)C3O)cc(O)c2c1=O,2
Nc1nc(F)nc2c1ncn2C1OC(C(O)OP(=O)(O)OP(=O)(O)OP(=O)(O)O)C(O)C1O,2
CC(C)CC(NC(=O)C(CCC(N)=O)NC(=O)C(Cc1ccccc1)NC(=O)C(N)CC(=O)O)C(=O)O,2
CC1OC(OC2C(Oc3cc(O)c4c(=O)cc(-c5ccc(OC6OC(CO)C(O)C(O)C6OC6OC(C)C(O)C(O)C6O)c(O)c5)oc4c3)OC(CO)C(O)C2O)C(O)C(O)C1O,2
O=CC(O)C(O)C(O)C(O)C(O)C(O)C(O)C(O)C=O,2
CCOC(=O)CC(C)NC(=O)C(N)CC(=O)O,2
O=C(O)Cc1ccc(F)cc1,1
COOc1ccc(-c2cc(=O)c3c(O)cc(OC4OC(C(O)C(O)C(O)C(C)O)C(O)C(O)C4O)cc3o2)cc1O,2
CCC(C)C(NC(=O)C(CC(=O)O)NC(=O)CN)C(=O)NC(Cc1ccccc1)C(=O)O,2
Nc1ncnc2c1ncn2C1OC(COP(=S)(S)CP(O)(O)=S)C(O)C1O,2
COC(=O)C1=C(C(=O)O)CCC1,1
CC1OCC2OC(O)C(O)C(O)C2O1,2
O=C(O)COc1ccc(Cl)cc1Cl,1
CC1(C(=O)[O-])CCC2(C)CCC3(C)C(=CC(=O)C4C5(C)CCC(OC6OC(C(=O)O)C(O)C(O)C6OC6OC(CO)C(O)C(O)C6O)C(C)(C)C5CCC43C)C2C1.O.[NH4+],2
O=C(O)CNC(=Nc1ccccc1)Nc1ccccc1,2
NCCCCC(NC(=O)C(Cc1ccccc1)NC(=O)C(Cc1ccccc1)NC(=O)C(N)CC(=O)O)C(=O)O,2
CC1=NCCS1,4
CCCSSCC,4
CC1OC(OC2C(Oc3cc(O)cc4c3C(=O)CC(c3ccc(O)cc3)O4)OC(CO)C(O)C2O)C(O)C(O)C1O,0
C=CCC1NCC2CC1CN1C(=O)CCCC21,0
CC1OC(O)(OC2OC(CO)C(O)C(O)C2O)C(O)C1O,2
CC(C)C(C)Oc1ccc([N+](=O)[O-])cc1N,2
CC(O)C(O)C(O)C(O)C1OC(Oc2cc(O)c3c(=O)cc(-c4ccc(O)c(O)c4)oc3c2)C(O)C(O)C1O,2
O=C(O)CSc1ccc(C(=O)O)cc1,1
OCCOC1OC(CO)C(OC2OC(CO)C(O)C(O)C2O)C(O)C1O,2
COC(=O)C(Cc1ccccc1)NC(=O)C(CC(=O)O)NCCCc1ccccc1,2
Nc1ncnc2c1ncn2C1OC(COP2(=O)O[B]OP(=O)(O)OP(=O)(O)O2)C(O)C1O,2
Cc1nc(CC(C)C)oc1C,4
Cc1cccc(NN=C(N=Nc2ccccc2)c2ccccc2)c1,2
Nc1ncnc2c1ncn2C1OC(CO)C(O)C1O.O=P([O-])([O-])OP(=O)([O-])[O-].O=P([O-])([O-])OP(=O)([O-])[O-].O=P([O-])([O-])OP(=O)([O-])[O-].[Cr+3].[Cr+3].[Cr+3].[Cr+3],2
CSc1ccc(C)o1,4
CCCOC1OC(C)C(OC2OC(C)C(O)C(O)C2O)C(O)C1O,2
COc1cc(OC)cc(C(=O)O)c1,1
Cc1ccc(CCC(=O)O)cc1,1
CNc1ccc(C(=O)O)cc1,1
OCCC(O)CC(O)C(O)CO,2
Cc1cc(O)c2c(c1)C(O)(C1OC(CO)C(O)C(O)C1O)c1cccc(O)c1C2=O,0
COC(=O)C1=COC(OC2OC(CO)C(O)C(O)C2O)C(=CCOC(C)=O)C1CC(=O)OCCc1ccc(O)cc1,0
COC(C(=O)O)C(OCC(=O)O)OC1C(O)C(OC2CCC3(C)C(CCC4(C)C3CC=C3C5CC(C)(C)CCC5(C(=O)OC5OC(CO)C(O)C(O)C5O)CCC34C)C2(C)C)OC(C(=O)O)C1O,2
CCCSP(C)(=O)O,1
COCC1OC(OC2C(O)OC(CO)C(O)C2O)C(O)C(O)C1O,2
COCCC1CC=C(C=NO)CC1,4
CCC(C)C(NC(=O)C(CCCCN)NC(=O)C(Cc1ccccc1)NC(=O)C(N)CC(=O)O)C(=O)NC(CCCCN)C(=O)O,2
Nc1ncnc2c1ncn2C1OC(CO[P+](=O)[O-])C(O)C1F,2
COC1OC(C)C(OC2OC(C)C(O)C(O)C2O)C(O)C1O,2
O=c1c2c(O)cc(O)cc2oc2c(OC3OC(CO)C(O)C(O)C3O)ccc(O)c12,2
CCC(C)CS,4
COP(=O)(O)OP(=O)(O)OP(=O)(O)OCC1OC(n2c(N=[N+]=[N-])nc3c(N)ncnc32)C(O)C1O,2
CCCCCCCCN(CCN(CC(=O)O)CC(=O)O)CC(=O)O,1
CC1=CC2C(C(C)C)CCC(C)C2(O)CC1,4
CN(C)c1cccc(C(=O)O)c1,1
CC(C)CC(NC(=O)C(N)CC(=O)O)C(=O)OC(C)C,4
CCC(C)C(=O)OC(C)C1(O)CCC2(O)C3CCC4CC(OC5CC(O)C(OC6CC(OC)C(OC7CC(OC)C(OC8CC(OC)C(OC9OC(CO)C(OC%10OC(CO)C(O)C(O)C%10O)C(O)C9O)C(C)O8)C(C)O7)C(C)O6)C(C)O5)CCC4(C)C3CC(OC(C)=O)C12C,2
COc1cc(O)cc2oc(-c3ccc(O)c(O)c3)c(OC3OCC(O)C(O)C3OC3OCC(O)C(O)C3O)c(=O)c12,2
Cn1ncc(=S)[nH]c1=O,1
OCC1OC(CCC2OC(O)C(O)C(O)C2O)C(O)C(O)C1O,2
O=c1cc(O)cc(O)[nH]1,1
COC(=O)C1OC(OC2C(O)COC(OC3CCC4(C)C(CCC5(C)C4CC=C4C6CC(C)(C)CCC6(C(=O)O)CCC45C)C3(C)CO)C2O)C(O)C(O)C1O,2
COc1ccc(C2OCc3ccccc3O2)cc1OC(=O)Nc1ccc([N+](=O)[O-])cc1,2
CC(C)C(N)C(=O)NC(Cc1ccccc1)C(=O)NC(CC(=O)O)C(=O)NC(CCCCN)C(=O)O,2
CCCCCCOC1OC(CO)C(OC2OC(CO)C(O)C(O)C2O)C(O)C1O,2
NCCCCC(NC(=O)C(CC(=O)O)NC(=O)C(Cc1ccccc1)NC(=O)C(N)CC(=O)O)C(=O)O,2
CC(=O)OCC1OC(O)CC(OC(C)=O)C1O,2
CCOC1C(OC)OC(COC)C(O)C1O,2
CCOC(=O)C(c1c(O)c2ccccc2oc1=O)c1c(O)c2ccccc2oc1=O,0
CC(C)CC(NC(=O)C(C)N)C(=O)O,0
OCC1OC(OC2(CO)OC(CO)C(O)C2O)C(O)C(O)[C]1O,2
CCCCCCCCCCCC(C)=O,4
CC12CC(OC1=O)C1(C)CCC3(C)C(=CC(=O)C4C5(C)CCC(OC6OC(C(=O)O)C(O)C(O)C6OC6OC(C(=O)O)C(O)C(O)C6O)C(C)(CO)C5CCC43C)C1C2,2
NCCCCC(NC(=O)C(Cc1ccccc1)NC(=O)C(CC(N)=O)NC(=O)C(N)CC(=O)O)C(=O)O,2
NC(CC(=O)O)C(=O)NC(Cc1ccccc1)C(=O)NCC(=O)NC(Cc1ccccc1)C(=O)O,2
COC1C(CO)OC(O)C(OC2OC(CO)C(O)C(O)C2O)C1O,2
CCCCC=CCOC(C)=O,2
OCCc1ccccc1,0
O=C(O)C1C(C(=O)O)C1(c1ccccc1)c1ccccc1,1
CCC(=O)c1c(O)oc(CC)cc1=O,1
O=C(O)COc1ccc(Cl)c(Cl)c1Cl,1
CCOC(=O)C1NC1C(=O)NC(Cc1ccccc1)C(=O)O,2
CC(C)C(NC(=O)C(CCC(N)=O)NC(=O)C(N)CC(=O)O)C(=O)NC(Cc1ccccc1)C(=O)O,2
CN(C)CCOC(c1ccccc1)c1ccccc1,0
Nc1ncnc2c1ncn2C1CC(O)C(COP(=O)(O)OCC(N)(O)CO)O1,2
COc1cc2oc(-c3ccc(O)c(O)c3)cc(=O)c2c(O)c1C1OC(CO)C(O)C(O)C1OC1OC(C)C(O)C(O)C1O,2
OCC1OC(OCC2C(O)OC(O)C(O)C2O)C(O)C(O)C1O,2
Nc1ncnc2c1ncn2C1OC(COP(=O)(O)OCCCl)C(O)C1O,2
Nc1ncnc2c1ncn2C1CC(OP(=O)(O)OP(=O)(O)O)C(CO)O1,2
CC(C)C(NC(=O)C(CC(=O)O)NC(=O)C(N)Cc1ccccc1)C(=O)NC(CCCCN)C(=O)O,2
CCC(C)C(=O)C1=C(O)C(O)(C(=O)C=CC(C)C)C(CC=C(C)C)C1=O,0
O=CC(O)C(O)C(O)C(O)CO[B]O,2
CC1=CCCC(C)(C)C12CCC(C)O2,4
OCC1OC(O)C(O)C(OC2OCC(O)C(OC3OCC(O)C(O)C3O)C2O)C1O,2
O=C(O)CNC(=Nc1ccccc1)NS(=O)(=O)c1ccccc1,2
CC1(C)OC2CC(=O)OCC23C1CC(=O)C1(C)C3CCC2(C)C(c3ccoc3)OC(=O)C3OC321,0
COCC1OC(O)C(OC)C(OC)C1OC,2
ON=Cc1ccc(Cc2ccccc2)o1,2
COC1C(O)C(CO)OC(OC2COC(CO)C(O)C2O)C1O,2
OCCOCC1OC(O)C(O)C(O)C1O,2
COC(=O)CSC,4
OCC(O)C(O)C(O)C(O)COC1OC(CO)C(O)C(OC2OC(CO)C(O)C(O)C2O)C1O,2
CC(=CCO)COC1OC(COC(=O)c2ccc(O)cc2)C(O)C(O)C1O,0
CC(NC(=O)C(CC(=O)O)NC(=O)C(Cc1ccccc1)NC(=O)C(N)CCCCN)C(=O)O,2
OCC1OC(O)C(O)C(O)C1OC1OC(O)C(O)C(O)C1CO,2
O=CC(O)(F)C(O)C(O)C(O)CO,2
O=c1[nH]sc2c(F)cccc12,2
NC(CC(=O)O)C(=O)NCC(=O)N1CCCC1C(=O)NC(Cc1ccccc1)C(=O)O,2
NCCCCC(NC(=O)C(Cc1ccccc1)NC(=O)C(N)CC(=O)O)C(=O)NC(Cc1ccccc1)C(=O)O,2
CC(Oc1ccc(Cl)cc1Cl)C(=O)O,1
CC(C)=CCC12CC3C(C)(C)CCC3(C(=O)C(C(=O)CC(C)C)=C1O)C2=O,0
CCSSC,4
O=c1c(-c2ccc(O)cc2)coc2cc(O)ccc12,0
CCCCCCOCC1OC(OC2C(CO)OC(OC)C(O)C2O)C(O)C(O)C1OCCCCCC,2
CC1(C)OC(=O)CC(O)C2(C)C1CC(=O)C1(C)C2CCC2(C)C(c3ccoc3)OC(=O)C3OC321,0
Nc1nc(I)nc2c1ncn2C1OC(COP(=O)(O)OP(=O)(O)OP(=O)(O)O)C(O)C1O,2
CCCCCOC1C(CO)OC(OC)C(O)C1O,2
CC(=O)NC(CC(=O)O)C(=O)NC(C)C(=O)NC(CCC(=O)O)C(=O)NC(Cc1ccccc1)C(=O)O,2
Nc1ncnc2c1ncn2C1OC(C(O)P(=O)(O)O)C(O)(P(=O)(O)O)C1O,2
O=C(O)CC(=O)C(=O)O,1
CCC=CCCOC(=O)CC=CCC,4
C=CCc1cc2c(cc1OC)OCO2,4
O=c1c(Br)cc(Br)cc(Br)c1O,1
CC(C)C(NC(=O)C(N)CC(=O)O)C(=O)N1CCCC1C(=O)NC(Cc1ccccc1)C(=O)O,2
CCNC(N)=S,0
OCC1OC(OC(CO)C2OCC(O)C2O)C(O)C(O)C1O,2
CC1OC(OC2C(OC3C(OC4CCC5(C)C(CCC6(C)C5CC=C5C7CC(C)(C)CC(O)C7(C)C(=O)CC56C)C4(C)C)OC(C(=O)O)C(O)C3O)OC(CO)C(O)C2O)C(O)C(O)C1O,2
[N-]=[N+]=NCCCNc1ncnc2c1ncn2C1OC(COP(=O)(O)O)C(O)C1O,2
O=C1OCC2OC(=O)c3cc(O)c(O)c(O)c3-c3c(O)c(O)c(O)c4c3C(=O)OC(C2OC(=O)c2cc(O)c(O)c(O)c2-c2c1cc(O)c(O)c2O)C1OC(=O)c2c-4c(O)c(O)c(O)c2C1c1c(O)c(O)c(O)c2c1C(=O)OCC1OC(=O)c3cc(O)c(O)c(O)c3-c3c(O)c(O)c(O)c4c3C(=O)OC(C1OC(=O)c1cc(O)c(O)c(O)c1-2)C1OC(=O)c2c-4c(O)c(O)c(O)c2C1C1(O)OCC(O)C(O)C1O,0
COC1OC(C(O)C(O)CO)C(O)C1O,2
CC1(C(=O)O)CCC2(C(=O)O)C(O)CC3(C)C(=CCC4C5(C)CCC(OC6OC(C(=O)O)C(O)C(OC7OCC(O)C(O)C7O)C6OC6OCC(O)C(O)C6O)C(C)(C)C5CCC43C)C2C1,2
c1coc(Cc2coc(Cc3ccco3)c2)c1,4
CCC(C)(C)Oc1ccc([N+](=O)[O-])cc1N,2
CCC(CC(=O)OC(C)C)NC(=O)C(N)CC(=O)O,4
COC(=O)C(CC(=O)NC(Cc1ccccc1)C(=O)OC)NC(C)=O,2
OCC1OC2OCC3(OCC(O)C(O)C3O)OC2C(O)C1O,2
CC1(C)CCC2(C(=O)OC3OC(COC4OC(CO)C(O)C(O)C4O)C(O)C(O)C3O)CCC3(C)C(=CCC4C5(C)CCC(OC6OC(C(=O)O)C(O)C(OC7OC(CO)C(O)C(O)C7O)C6O)C(C)(C)C5CCC43C)C2C1,2
CCCCCCCCOC1OC(CO)C(OC)C(O)C1O,2
CC(NC(=O)C(N)CO)C(=O)NC(Cc1ccccc1)C(=O)O,2
OCC1CC(O)C(O)C(OC2C(CO)OCC(O)C2O)O1,2
COC(=O)C(Cc1ccccc1)NC(=O)C(CC(=O)O)NC(=O)OC1(C)CCC1,2
Cc1ccc(C=O)o1,4
O=[N+]([O-])c1ccc(O)c(Cl)c1,1
OCC1(F)OC(O)C(O)C(O)C1O,2
CC(C)(C)CCC(CCC(C)(C)C)OC(=O)C(Cc1ccccc1)NC(=O)C(N)CC(=O)O,2
COC1OC(C(CO)OC2OC(CO)C(O)C(O)C2O)C(O)C1O,2
C=C(C)C=NO,0
CSCC(=O)O,1
COc1ccc(C=C(C)C=O)cc1,4
Nc1ncnc2c1ncn2C1OC(C(O)[P+]([O-])(O)O)C(O)C1O,2
Cc1cncc(C)n1,4
CCC(C)C(NC(=O)C(Cc1ccccc1)NC(=O)C(N)CC(=O)O)C(=O)NC(CC(C)C)C(=O)O,2
Nc1ncnc2c1ncn2C1CC(O)C(COP(=O)(O)OCCOCCOCCOCCO)O1,2
OCC1OC(CO)(OC2OC(CO[Ge])C(O)C(O)C2O)C(O)C1O,2
Cc1cc(=O)oc2c(C(=O)c3ccccc3)c(O)ccc12,1
Cc1cc(=O)oc2cc(O)ccc12,0
Oc1cc(O)c2ccccc2n1,1
CCC(C)C(N)C(=O)NC(CC(C)C)C(=O)NC(CC(N)=O)C(=O)NC(Cc1ccccc1)C(=O)O,2
OCC1OC(O)C(O)[CH]C1O,2
CC=C(C)C(=O)OC1CC(OC(C)=O)C2(C(=O)OC)COC3C2C12COC(O)(C(=O)OC)C2C(C)(C12OC1(C)C1CC2OC2OC=CC21O)C3O,0
CP(=O)(O)CP(=O)(O)OCC1CC(O)C(n2cnc3c(N)ncnc32)O1,2
CCC(C)C(NC(=O)C(N)CC(C)C)C(=O)NC(CC(=O)O)C(=O)NC(Cc1ccccc1)C(=O)O,2
CCC(C)C(NC(=O)CN)C(=O)NC(CC(=O)O)C(=O)NC(Cc1ccccc1)C(=O)O,2
CC(=O)OC1CC2(C)C(CCC(O)C2(C)O)C(C=O)(CC(O)c2ccoc2)C1C,0
COc1cccc(OC2OC(CO)C(O)C(O)C2O)c1-c1cc(=O)c2c(O)cc(OC)c(OC)c2o1,2
CC1OCCC(OC2OC(CO)C(O)C(O)C2O)C1O,2
CC(NC(=O)C(CC(=O)O)NC(=O)Nc1ccc(C#N)cc1)C(=O)NC(C1CC1)C1CC1,2
COc1ccc(S)nn1,1
CC(NC(=O)C([NH3+])CC(=O)[O-])C(=O)NC1C(C)(C)SC1(C)C,2
CC(C)CC(N)C(=O)NC(Cc1ccccc1)C(=O)NCC(=O)NC(CC(N)=O)C(=O)O,2
CC(C)CC(NC(=O)C(Cc1ccccc1)NC(=O)C(C)N)C(=O)NC(CC(N)=O)C(=O)O,2
Nc1ncnc2c1nc(N)n2C1OC(COP(=O)(O)O)C(O)C1O,2
COC(=O)C1OC(OC2CCC3(C)C(CCC4(C)C3CC=C3C5CC(C)(C)CCC5(C(=O)O)CCC34C)C2(C)C)C(O)C(OC2OC(CO)C(O)C(O)C2O)C1OC1OC(CO)C(O)C1O,2
Nc1cc([N+](=O)[O-])ccc1OCC(F)(F)C(F)F,2
CCCCCC(=Cc1ccccc1)COC(C)=O,4
COC1C(CO)OC(OC2C(O)OC(C)C(O)C2O)C(O)C1O,2
CCCCS(=O)(=O)NC(=Nc1ccc(C#N)cc1)NCC(=O)O,2
COC(=O)C1OC(OC2CCC3(C)C(CCC4(C)C3CC=C3C5CC(C)(C)CCC5(C(=O)OC5OC(CO)C(O)C(O)C5O)CCC34C)C2(C)CO)C(OC2OC(CO)C(O)C(O)C2O)C(O)C1O,2
COc1ccc(-c2cc(=O)c3c(OC)c(O)c(OC4OC(CO)C(O)C(O)C4O)cc3o2)cc1,2
OCCC(CO)OC(CO)OCC(O)C(O)C(O)C(O)CO,2
O=C(CCO)C(O)C(O)C(O)CO,2
CCC(O)(CO)C(O)C(C)OCC1OC(Oc2cc(O)c3c(=O)c(-c4ccc(O)c(O)c4)coc3c2)C(O)C(O)C1O,2
CCC(C)(OC(C)=O)C(=O)OC1C(O)CC2C(C)(C3CC4C=COC4O3)C(C)CC(OC(C)=O)C2(COC(C)=O)C12CO2,0
OCC1OC(O)([Se])C(O)C(O)C1O,2
COc1ccc(-c2cc(=O)c3c(O)c(C4OC(C)C(O)C(=O)C4OC4OC(C)C(O)C(O)C4O)c(O)cc3o2)cc1O,2
OC(OC1CCCCO1)C1CCCCO1,2
CCOC1OC(COC2OC(CO)C(O)C(O)C2O)C(O)C(O)C1O,2
CC1(C)CCC2(C(=O)O)CCC3(C)C(=CCC4C5(C)CCC(OC6OC(CO)C(O)C(O)C6OC6OC(C(=O)O)C(O)C(O)C6O)C(C)(C)C5CCC43C)C2C1,2
Nc1ncnc2c1ncn2C1OC(CO[P+](O)([Se-])OP(=O)(O)O)C(O)C1O,2
COC(=O)C1(C)CCC2(C(=O)O)CCC3(C)C(=CCC4C5(C)CCC(OC6OC(C(=O)O)C(O)C(O)C6O)C(C)(CO)C5CCC43C)C2C1,2
CC=CC(O)CCCC,4
CC1(C)CCC2(COC3OC(CO)C(O)C(O)C3O)C(O)CC3(C)C(=CCC4C5(C)CCC(OC6OC(C(=O)O)C(O)C(O)C6O)C(C)(C)C5CCC43C)C2C1,2
COc1ccc(C2OCc3c(O)cccc3O2)cc1O,2
COc1cc(-c2oc3cc(O)cc(O)c3c(=O)c2OC2OC(C)C(O)C(O)C2O)ccc1O,2
O=c1c(O)c(-c2ccc(O)c(O)c2)oc2c(O)c(O)cc(O)c12,0
CC1(C(=O)O)CCC2(C)CCC3(C)C(=CC(=O)C4C5(C)CCC(OC6OC(C(O)O)C(O)C(O)C6OC6OC(C(=O)O)C(O)C(O)C6O)C(C)(C)C5CCC43C)C2C1,2
OCC(O)C(O)COS,2
C=CCSC(=O)CC,2
CC(N)C(=O)NC(CC(=O)O)C(=O)NC(C)C(=O)NC(Cc1ccccc1)C(=O)O,2
CC1(C)CCC2C(=O)CC3(C)C(=CCC4C5(C)CCC(OC6OC(C(=O)O)C(OC7OCC(O)C(O)C7O)C(O)C6O)C(C)(CO)C5CCC43C)C2C1,2
COc1cc(-c2cc(=O)c3c(O)c(OC)c(O)cc3o2)cc(OC2OC(C)C(O)C(O)C2O)c1OC,2
CCSSSCC,4
COc1cc(-c2cc(=O)c3c(O)cc(OC4OC(COC5OC(C)C(O)C(O)C5O)C(O)C(O)C4O)cc3o2)cc(OC)c1OC1OC(CO)C(O)C(O)C1O,2
CC1OC(Oc2ccc(-c3oc4cc(O)cc(O)c4c(=O)c3OC3OC(C)C(O)C(O)C3O)cc2O)C(O)C(O)C1O,2
NCC(=O)NC(CC(=O)O)C(=O)NC(CC(N)=O)C(=O)NC(Cc1ccccc1)C(=O)O,2
CC1=C(O)C(=O)CC(OC2CC(C)(C)CC3C4=CCC5C6(C)CCC(OC7OC(C(=O)O)C(O)C(O)C7OC7OCC(O)C(O)C7OC7OC(C)C(O)C(O)C7O)C(C)(CO)C6CCC5(C)C4(C)CCC23C)O1,2
CCC(C)C(NC(=O)C(Cc1ccccc1)NC(=O)C(N)CCCCN)C(=O)NC(CC(N)=O)C(=O)O,2
COC1(CO)OC(COC2OC(CO)C(O)C(O)C2O)C(O)C1O,2
CC(=O)OC(C)(C)CCC(=O)C(C)(O)C1C(O)CC2(C)C3CC=C4C(CC(OC5OC(CO)C(O)C(O)C5O)C(=O)C4(C)C)C3(C)C(=O)CC12C,0
COc1ccc(C=CC(=O)c2ccc(OC3OC(CO)C(O)C(O)C3O)c(OC)c2O)cc1OC,2
CC(=O)OCC1OC(OC2(COC(C)=O)OC(COC(C)=O)C(OC(C)=O)C2OC(C)=O)C(OC(C)=O)C(OC(C)=O)C1OC(C)=O,0
O=C(O)CNC(=O)c1ccccc1O,1
CC(O)C(C)SC(C)C(C)S,4
O=c1cc(-c2ccc(O)c(O)c2)oc2cc(OC3OCC(OC4OC(CO)C(O)C(O)C4O)C(O)C3O)cc(O)c12,2
O=C(O)CBr,1
CC1C(=O)OC2CCN3CC=C(COC(=O)C(C)(O)C1(C)O)C23,0
C=C1CC23CCC4C(C)(C(=O)OC5OC(CO)C(OC6OC(CO)C(O)C(O)C6O)C(O)C5O)CCCC4(C)C2CCC1(OC1OC(CO)C(O)C(O)C1OC1OC(CO)C(OC2OC(CO)C(OC4OC(CO)C(O)C(O)C4O)C(O)C2O)C(O)C1O)C3,2
COC(CO)C(O)C(OC)C(O)C=O,2
C=CC(=O)CCCC,4
CCCCCC(=O)OCCc1ccccc1,2
OCC(O)COC1C(O)C(CO)OC(OC2C(CO)OC(O)C(O)C2O)C1O,2
O=C1NS(=O)(=O)c2cc(F)ccc21,2
CC(C)=CCCC(C)C1OCC(C)O1,4
CC1OC(OC2C(O)C(OC3CCC4(C)C(CCC5(C)C4CC=C4C6CC(C)(C)CCC6(C(=O)OC6OC(CO)C(O)C(O)C6O)CCC45C)C3(C)C)OC(C(=O)O)C2O)C(O)C(O)C1O,2
O=C1CC(c2ccccc2)Oc2cc(O)cc(O)c21,0
CCCC(O)CC(=O)OC,2
NCc1ccc(CCC(=O)O)cc1,1
C=C(Br)CC1(C(C)C)C(=O)NC(=O)NC1=O,0
COc1ccc(-c2coc3c(OC)c(OC4OC(CO)C(O)C(O)C4O)ccc3c2=O)cc1,2
NC(=O)CC1NC(=O)C(Cc2ccccc2)NC1=O,0
NC(=O)CC(NC(=O)C(N)CO)C(=O)NCC(=O)NC(Cc1ccccc1)C(=O)O,2
CC1OC(OC2C(OC(=O)C34CCC(C)(C)CC3C3=CCC5C6(C)CCC(OC7OC(C(=O)O)C(O)C(O)C7O)C(C)(C)C6CCC5(C)C3(C)CC4)OCC(O)C2O)C(O)C(O)C1OC1OCC(O)C(O)C1O,2
CSC(C)(C)CC(C)=O,4
OCC1OC(OBr)CC(O)C1O,2
COc1ccc(C(=O)Nc2ccccc2)cc1O,4
OCC(O)CCC(O)CO,2
[B]P(=O)(OCC1CC(O)C(n2cnc3c(N)ncnc32)O1)OP(=O)(O)OP(=O)(O)O,2
CC(C)(CCC(=O)O)N(F)F,1
COC(=O)C(NC(=O)C(N)C(=O)O)C(=O)OC1C2(C)CCC(C2)C1(C)C,2
O=CC(O)C(I)C(O)C(O)CO,2
COCC1OC(OC)C(O)C(OC)C1OC,2
Nc1nc(Br)nc2c1ncn2C1OC(COP(=O)(O)OP(=O)(O)OP(=O)(O)O)C(O)C1O,2
C=C1C(=O)OC2C1CCC(=C)C1CCC(=C)C12,0
C=CCN(CC(=O)N(CC=C)CC(=O)NC(Cc1ccccc1)C(=O)OC)C(C)=O,2
CCC(C)C(NC(=O)C(Cc1ccccc1)NC(=O)C(N)C(C)C)C(=O)NC(CC(N)=O)C(=O)O,2
COc1ccc(C2Cc3cccc(O)c3C(=O)O2)cc1OC(C)C,2
CCCCCNP(=O)(O)OCC1OC(n2cnc3c(N)ncnc32)C(O)C1O,2
CCCCCC(N)CNC(=S)S,1
C=C1CC23CCC4C(C)(C(=O)O)CCCC4(C)C2CCC1(OC1OC(CO)C(O)C(OC2OC(CO)C(O)C(O)C2O)C1O)C3,2
CCC(C)C(=O)OC(C)C1(O)CCC2(O)C3CCC4CC(OC5CC(O)C(OC6CC(OC)C(OC7CC(OC)C(OC8CC(OC)C(OC9OC(CO)C(O)C(O)C9O)C(C)O8)C(C)O7)C(C)O6)C(C)O5)CCC4(C)C3CC(OC(C)=O)C12C,2
CC1(O)CC(O)C(O)C(OC2C(=O)c3c(O)cc(O)cc3OC2c2cc(O)c(O)c(O)c2)O1,2
CC12CCC3C(CCC4(O)CC(O)CCC34C=O)C1(O)CCC2C1=CC(=O)OC1,0
C=CC1(C)CCC(C(C)C=O)O1,4
O=c1cc(-c2ccc(O)c(O)c2)oc2c(O)c(OC3OCC(O)C(O)C3O)cc(O)c12,2
NCCCOP(=O)(O)OP(=O)(O)OP(=O)(O)OCC1OC(n2cnc3c(N)ncnc32)C(O)C1O,2
COc1cc(C2Cc3cc(O)cc(O)c3C(=O)O2)ccc1O,2
O=c1cnn([C@@H]2O[C@H](CO)[C@@H](O)[C@H]2O)c(=O)[nH]1,1
COC(=O)c1cc(O)cc(C(=O)OC)n1,1
CC(=O)OCC1OC(OC2(CCl)OC(CCl)C(O)C2O)C(O)C(O)C1Cl,2
COc1ccc(-c2cc(=O)c3c(O)cc(OC4OC(CO)C(O)C(O)C4O)cc3o2)cc1O,2
CC(=O)NN,1
CCC(C)C(=O)C1=C(O)C(O)C(CC=C(C)C)C1=O,0
N#CCCCC([N+](=O)[O-])[N+](=O)[O-],1
Nc1nc(O)c2nn[nH]c2n1,1
CC(C)CC(NC(=O)C(CCCCN)NC(=O)C(N)Cc1ccccc1)C(=O)NC(CC(N)=O)C(=O)O,2
COC(=O)C1OC(OC2CCC3(C)C(CCC4(C)C3CC=C3C5CC(C)(C)CCC5(C(=O)O)CCC34C)C2(C)C)C(O)C(OC2OC(CO)C(O)C(O)C2O)C1O,2
COC1OC(CO)C(OC2(CO)OCC(O)C(O)C2O)C(O)C1O,2
CCCCCN(C)c1ncnc2c1ncn2C1OC2COP(=O)(O)OC2C1O,2
Nc1ncnc2c1ncn2C1OC(COP(=O)(O)OP2(=O)OCO2)C(O)C1O,2
C=CCCC(=O)NC(Cc1ccccc1)C(=O)OC,2
CC(C)=CCC(=O)C1(O)C(=O)C(C(=O)CC(C)C)=C(O)C1(O)CC=C(C)C,0
CC1OC(OC(C)(C)OC2OC(C)C(O)C(O)C2O)C(O)C(O)C1O,2
O=C(O)c1cccc(Br)c1C(=O)O,1
NC(=O)CC(NC(=O)C(N)Cc1ccccc1)C(=O)NC(CC(=O)O)C(=O)NC(CC(=O)O)C(=O)O,2
CC(C)CC(NC(=O)C(Cc1ccccc1)NC(=O)C(Cc1ccccc1)NC(=O)C(N)CC(=O)O)C(=O)O,2
COc1ccc(-c2cc(=O)c3c(O)cc(OC4OCC(O)(COC5OC(C)C(O)C(O)C5O)C(O)C4O)cc3o2)cc1O,2
COc1ccc(-c2cc(=O)c3c(O)c(O)c(OC4OC(CO)C(O)C(O)C4OC4OC(CO)C(O)C(O)C4O)cc3o2)cc1O,2
COC(=O)C(Cc1ccccc1)NC(=O)C(CC(C)C)NC(=O)C(CC(C)C)NC(C)=O,2
OCC1OC(CO)(OCC2OC(O)C(O)C(O)C2O)C(O)C(O)C1O,2
NCCCCCCOP(N)(=O)OCC1OC(n2cnc3c(N)ncnc32)C(O)C1O,2
CC(C)C(NC(=O)C(CC(=O)O)NC(=O)C(Cc1ccccc1)NC(=O)CN)C(=O)O,2
CC1OC(OCC2OC(Oc3c(-c4ccc(O)c(O)c4)oc4cc(OCCO)cc(O)c4c3=O)C(O)C(O)C2O)C(O)C(O)C1O,2
CC(=O)NC(N)=S,0
OCC(O)C(O)C(O)COC1OC(C(O)COC2OC(CO)C(O)C(O)C2O)C(O)C1O,2
Nc1nc(=O)c2nc(CNc3ccc(C(=O)NC(CCC(=O)O)C(=O)O)cc3)cnc2[nH]1,4
COc1cc2c(=O)c3c(O)cccc3oc2c(OC2OC(CO)C(O)C(O)C2O)c1O,2
CC(N)C(=O)NC(Cc1ccccc1)C(=O)NC(CC(=O)O)C(=O)NC(C)C(=O)O,2
CC(=O)OCC1OC(OC2(CO)OC(CCl)C(O)C2O)C(O)C(O)C1Cl,2
CCC(C)C(NC(=O)C(CC(C)C)NC(=O)C(CC(=O)O)NC(=O)C(N)Cc1ccccc1)C(=O)O,2
O=c1cc(-c2ccc(O)c(O)c2)oc2cc(OC3OC(CO)C(O)C(O)C3OC3OC(CO)C(O)C(O)C3OC3OC(CO)C(O)C(O)C3O)cc(O)c12,2
CC(O)C(C)OC1OC(CO)C(O)C(O)C1O,2
CC(NC(=O)C(N)CC(=O)O)C(=O)NC(CCCCN)C(=O)NC(Cc1ccccc1)C(=O)O,2
CC(NC(=O)C(CCC(N)=O)NC(=O)C(N)CC(=O)O)C(=O)NC(Cc1ccccc1)C(=O)O,2
CC(O)C(N)C(=O)NC(CC(=O)O)C(=O)NC(CC(N)=O)C(=O)NC(Cc1ccccc1)C(=O)O,2
CC(=S)SCC(=O)O,1
COc1cc(-c2coc3cc(O)cc(O)c3c2=O)cc(OC2OC(CO)C(O)C(O)C2O)c1OC,2
CCCCOCC1OC(O)CCC1OCCCC,2
C=C(CC(=O)O)C(=O)O,1
O=Cc1cccc2c1CCOC2=O,0
C=C1C(=O)OC2C3C(CO)=CC(=O)C3=C(C)CC(OC(=O)Cc3ccc(O)cc3)C12,0
COCc1ccccc1,4
CCCC(O)Cc1ccccc1,2
CC(C)C(NC(=O)C(CCCCN)NC(=O)C(N)CC(N)=O)C(=O)NC(Cc1ccccc1)C(=O)O,2
CC=C(C=O)c1ccccc1,2
O=c1cc(-c2ccc(O)cc2)oc2c(O)c(OC3OC(CO)C(O)C(O)C3O)cc(O)c12,2
COc1cc(O)c(CCC(C)(C)O)c2c1C(=O)CC(c1ccc(O)cc1)O2,0
CC1OC(Oc2cc3oc(-c4ccc(O)c(O)c4)cc(=O)c3c(O)c2O)C(O)C(O)C1O,2
NCCCCC(N)C(=O)NC(CC(=O)O)C(=O)NC(CO)C(=O)NC(Cc1ccccc1)C(=O)O,2
O=C1CC(c2ccc(O)c(O)c2)Oc2cc(OC3OC(COC4OCC(O)C(O)C4O)C(O)C(O)C3O)cc(O)c21,2
O=COCC1OC(OC2(CCl)CC(O)C(CCl)O2)C(O)C(O)C1Cl,2
COC(C=C(C)CCC=C(C)C)OC,4
C=C1C(=O)OC2C1CC=C1CC(C)(CCC1OO)C2O,0
CCCC[Sn+](CCCC)CCCC.CCCC[Sn+](CCCC)CCCC.CCCC[Sn+](CCCC)CCCC.[O-]CC1OC([O-])C(O)C(O)C1[O-],2
CC1CCCC(OC2CC(O)C(CO)O2)O1,2
COC(=O)C(CSC(C)C)NC(=O)C(N)CC(=O)O,2
COc1cc(-c2cc(=O)c3c(O)cc(OC)c(O)c3o2)ccc1OC1OC(CO)C(O)C(O)C1O,2
CC1OC(c2c(OC3OC(CO)C(O)C(O)C3O)cc3oc(-c4ccc(O)c(O)c4)cc(=O)c3c2O)CC(O)C1O,2
CC(CCC(=O)O)C1CCC2C3C(O)CC4CC(O)CCC4(C)C3CCC12C,0
Nc1nc(Cl)nc2c1ncn2C1OC(COP(=O)(O)C(P(=O)(O)O)P(=O)(O)O)C(O)C1O,2
CCC(O)COCC1OC(OC2C(COCC(O)CC)OC(OCC(O)CC)C(OCC(O)CC)C2OCC(O)CC)C(OCC(O)CC)C(OCC(O)CC)C1OCC(O)CC,2
CC(N)C(=O)NC(Cc1ccccc1)C(=O)O,2
O=C(O)CCc1ccccc1Br,1
Cc1cccc(NC(N)=O)c1,0
Cc1ccc(NC(N)=O)cc1,2
O=C(C=Cc1ccc(O)cc1)c1ccccc1O,0
COc1ccc(CCc2ccc(OC)c(O)c2)cc1O,4
CCCOC(=O)c1cc(O)c(O)c(O)c1,0
CCCCCCCCCCCCCCO,4
OCC1OC(OC2OC(CO)C(O)C(O)C2O)CC(O)C1O,2
COc1cc(C2OC(C)C(C)O2)ccc1O,4
OCC1OC(COC2OC(CO)C(O)C(O)C2O)C(O)C1O,2
COc1ccc(-c2cc(=O)c3ccc(OC4OC(CO)C(OC5OC(CO)C(O)C(O)C5O)C(O)C4O)cc3o2)cc1OC,2
COc1c(O)cc(C2Oc3cc(O)cc(O)c3C(=O)C2OC2OC(C)C(O)CC2O)cc1O,2
CC(C)CC(N)C(=O)NC(CC(=O)O)C(=O)NC(Cc1ccccc1)C(N)=O,2
COc1ccc(C(=O)Nc2ccc(N)cc2)cc1,1
CC1OC(O)C(O)C2OC(C)(C)OC12,2
CCCCOC1OC(CO)C(O)C(O)C1O,2
Oc1ccc(CC2NCCc3cc(O)c(O)cc32)cc1,2
Nc1ncnc2c1ncn2C1OC(COP(=O)(O)OC=O)C(O)C1O,2
COc1cc(-c2cc(=O)c3c(O)cc(OC4OC(CO)C(O)C(O)C4O)c(OC)c3o2)ccc1O,2
CC(CO)OOC1OC(CO)C(O)C(O)C1O,2
COC1(CO)OCC(O)C(O)C1O,2
CCCOC(=O)C=Cc1ccccc1,4
NC(CC(=O)O)C(=O)NCC(=O)NC(CC(=O)O)C(=O)NC(Cc1ccccc1)C(=O)O,2
CC(NC(=O)C(CC(=O)O)NC(=O)CN)C(=O)NC(Cc1ccccc1)C(=O)O,2
COC1=CC(C)C2CC3OC(=O)CC4C(C)C(OC)C(OC(C)=O)C(C2(C)C1=O)C34C,0
O=c1c(O)c(-c2ccc(OC3OC(CO)C(OC4OC(CO)C(O)C(O)C4O)C(O)C3O)c(O)c2)oc2cc(O)cc(O)c12,2
Nc1ncnc2c1ncn2C1OC(COP(=O)(CP(=O)(O)O)OP(=O)(O)O)C(O)C1O,2
Nc1cc(C(=O)O)cc2ccccc12,1
COc1ccc(CCC(=O)c2c(O)cc(OC3OC(COC4OC(CO)C(OC5OC(CO)C(O)C(O)C5O)C(O)C4O)C(O)C(O)C3OC3OC(C)C(O)C(O)C3O)cc2O)cc1O,2
COc1ccc(-c2oc3cc(O)cc(O)c3c(=O)c2OC2OC(CO)C(O)C(O)C2O)cc1O,2
CC1(C)CCC2(C(=O)OC3OC(CO)C(O)C(O)C3O)CCC3(C)C(=CCC4C5(C)CC(O)C(OC6OC(CO)C(O)C(OC7OC(C(=O)O)C(O)C(O)C7O)C6O)C(C)(CO)C5CCC43C)C2C1,2
CC(O)CC(O)OCC1OC(OC2(CO)OC(CO)C(O)C2O)C(O)C(O)C1O,2
Nc1ncnc2c1ncn2C1CC(O)C(COP(=O)(O)OC(CO)CO)O1,2
CC(COC(=O)C1CC1)NC(=O)C(N)CC(=O)O,2
O=C(O)CNC(=Nc1cccc(Cl)c1)NS(=O)(=O)c1ccccc1,2
OCC1OC(OC2C(O)C(CO)OC2(CO)OC2OC(CO)C(O)C(O)C2O)C(O)C(O)C1O,2
CCCC(=O)OC1CCCCC1,4
CC(C)C(NC(=O)C(CC(=O)O)NC(=O)C(N)Cc1ccccc1)C(=O)O,2
O=c1cccc2[nH]onc1-2,1
NC(=O)CCC(N)C(=O)NC(CC(=O)O)C(=O)NC(CC(=O)O)C(=O)NC(Cc1ccccc1)C(=O)O,2
O=c1cc(-c2ccccc2)[nH]o1,1
CCCCCCCCCCCCOCC(CO)OC1OC(CO)C(O)C(O)C1O,2
OCC1OC(OC2C(CO)OC(CO)C2O)C(O)C(O)C1O,2
CC(=O)C=CC(C)C,2
O=C(O)/C=C/I,1
CCCC(=O)OCCC(C)C,4
CCCCCC1OC(O)C(O)C(O)C1O,2
COc1cc(C=CCC2(O)C(O)C(CO)OC(Oc3cc(OC4OC(C)C(O)C(O)C4O)cc4oc(-c5ccc(O)c(O)c5)cc(=O)c34)C2O)ccc1O,2
Cc1cc([N+](=O)[O-])c(O)c([N+](=O)[O-])c1,1
CC1OC(OC2C(OC3C(OC4CCC5(C)C(CCC6(C)C5CC=C5C7CC(C)(C)CC(O)C7(C)CCC56C)C4(C)CO)OC(C(=O)O)C(O)C3O)OC(CO)C(O)C2O)C(O)C(O)C1O,2
C=C(CCCC)C(C)CCCC,4
O=S(=O)(O)OC1OC(CO)C(OC2OC(CO)C(O)C(O)C2O)C(O)C1O,2
CC(N)C(O)CC=CCC(O)C=CC=CCC=CCC=CCC=CCCCCCCC(O)C(C)N,4
C=CCc1cc(OC)c2c(c1OC)OCO2,4
CC(C)=CCC=C(C)CCOC(=O)CC(C)C,4
CC1=CC=C(C)CC1,2
O=C(O)c1cc([N+](=O)[O-])c[nH]1,1
COc1cc(O)c(CCC(C)(C)OC)c(O)c1C(=O)C=Cc1ccc(O)cc1,0
CCCC(O)CC,4
CC1=CCCC(C)=CCC(C)(C)C=CC1,4
O=C1CC(c2ccc(O)c(O)c2)Oc2cc(OC3OC(COC4OCC(O)(CO)C4O)C(O)C(O)C3O)cc(O)c21,2
Nc1cc([N+](=O)[O-])ccc1OCCCC(F)(F)F,2
OCC1OC(OC2(CBr)OC(CBr)C(Br)C2O)C(O)C(O)C1Cl,2
C/C=C(/C)C(=O)OC1CC(C)=CCC/C(C)=C/C(O)C1C(C)C,0
CC(N)C(=O)NC(CC(=O)O)C(=O)NC(CCC(N)=O)C(=O)NC(Cc1ccccc1)C(=O)O,2
Nc1cc([N+](=O)[O-])ccc1F,2
COc1cc(-c2cc(=O)c3c(O)cc(OC4OC(COC5OCC(O)(CO)C5O)C(O)C(O)C4O)cc3o2)ccc1O,2
NCc1cccc(CC(=O)O)c1,1
CCC(C)C(N)C(=O)NC(CC(C)C)C(=O)NC(CC(=O)O)C(=O)NC(Cc1ccccc1)C(=O)O,2
COc1ccc(C2CC(=O)c3c(O)cc(OC4OC(COC5OC(C)C(O)C(O)C5O)C(COCC5CC(O)C(O)C(CO)O5)C(O)C4O)cc3O2)cc1O,2
OCC1OC(OC2C(CO)OC(OCC3OC(O)C(O)C(O)C3O)C(O)C2O)C(O)C(O)C1O,2
CC1(C)CC2C3=CCC4C5(C)CCC(OC6OC(C(=O)O)C(O)C(O)C6OC6OC(CO)C(O)C(O)C6O)C(C)(C)C5CCC4(C)C3(C)CCC2(C(=O)OC2OC(CO)C(O)C(O)C2O)CC1O,2
CCCC(N)C(=O)NC(CC(=O)O)C(=O)NC(Cc1ccccc1)C(N)=O,2
C=CCc1ccc(O)cc1,4
C=C1CC23CCC4C(C)(C(=O)OC5OC(CO)C(O)C(O)C5O)CCCC4(C)C2CCC1(OCC1OC(CO)C(O)C(O)C1O)C3,2
NCC(=O)O,2
CCCC(C)C(=O)OC,4
COC(=O)CNC(=O)C(Cc1ccccc1)NC(=O)C(C)N,2
CC1OC(OC2C(OC3C(OC4CCC5(CO)C(CCC6(C)C5CC=C5C7CC(C)(C)CC(O)C7(C)CCC56C)C4(C)C)OC(C(=O)O)C(O)C3O)OCC(O)C2O)C(O)C(O)C1O,2
CC(CCC1(O)OC2CC3C4CC=C5CC(OC6OC(CO)C(OC7OC(C)C(O)C(O)C7O)C(O)C6OC6OC(C)C(O)C(O)C6O)CCC5(C)C4CCC3(C)C2C1C)COC1OC(CO)C(O)C(O)C1O,0
COC1OC(CO)C(O)C(OC2OC(CO)C(OC)C(O)C2O)C1O,2
COc1cc(-c2cc(=O)c3c(O)c(OC4OC(C)C(O)C(O)C4O)c(O)cc3o2)ccc1O,2
[B]OC(C=O)C(O)C(O)C(O)CO,2
Nc1ncnc2c1ncn2C1(P(=O)(O)O)OC(COP(=O)(O)OP(=O)(O)O)C(O)C1O,2
O=C(O)CN(CC(=O)O)C1CCCCC1,1
COCC1OC(OC2C(CO)OC(OC)C(OC)C2OC)C(OC)C(OC)C1OC,2
COC1C(OC2C(O)OC(C)C(O)C2OC)OC(C)C(O)C1OC,2
CC(NC(=O)C(N)CC(=O)O)C(=O)NC(CC(N)=O)C(=O)NC(Cc1ccccc1)C(=O)O,2
COC(=O)C(Cc1ccccc1)NC(=O)CN(C)CC(=O)NC(C)(C)C,2
CC(=O)OC1CC2CC3(C(=O)OC4CCC(C)(C)C5=COCC54C13)C(=O)C2C,4
Cc1ccc([Se]CC(=O)O)cc1,1
CCCCOC(=O)CCC(C)=O,0
NC(CC(=O)O)C(=O)NCC(=O)NC(CO)C(=O)NC(Cc1ccccc1)C(=O)O,2
O=C1CCCCCCCCCCCCCCO1,4
OCC(O)C1OC(OC2C(O)OC(CO)C(O)C2O)C(O)C1O,2
O=[N+]([O-])c1ccc(S)cc1,1
Nc1nc(N)c2ncn(C3OC(CO)C(OP(N)O)C3O)c2n1,2
CSc1ccccc1,4
O=C(O)CSc1cccc(C(=O)O)c1,1
CC(C)OC1OC(C)C(O)CC1O,2
COC(=O)C(NC(=O)C(CC(=O)O)NC(=O)Nc1ccc(C#N)cc1)C(=O)OC1C2(C)CCC(C2)C1(C)C,2
CC(C)CC(NC(=O)C(CC(=O)O)NC(=O)C(Cc1ccccc1)NC(=O)C(N)CCCCN)C(=O)O,2
O=c1cc(-c2ccc(O)c(OC3OCC(O)C(O)C3O)c2)oc2cc(O)cc(O)c12,2
O=C(O)CNC(=Nc1cccnc1)NCc1ccccc1,2
CCC(O)C(O)C(O)CO,2
OC1OC2(COC3(CO2)OC(O)C(O)C3O)C(O)C1O,2
COc1ccc(C2CC(=O)c3c(O)cc(OC4OC(COC5OC(C)C(O)C(O)C5O)C(O)C(O)C4OC4OC(C)C(O)C(O)C4O)cc3O2)cc1O,2
CCCCOC1(CO)OC(COC2OC(CO)C(O)C(O)C2O)C(O)C1O,2
CC(=O)NC(C(=O)CCC(=O)O)C(=O)OCc1ccccc1,1
c1ccc(CCCC2CCCO2)cc1,2
CCC(C)C(NC(=O)C(NC(=O)C(N)CC(N)=O)C(C)C)C(=O)NC(Cc1ccccc1)C(=O)O,2
COc1cc(-c2oc3cc(OC4OC(CO)C(O)C(O)C4O)cc(O)c3c(=O)c2O)ccc1O,2
C=C1CC23CCC4C(C)(C(=O)OC5OC(CO)C(O)C(O)C5O)CCCC4(C)C2CCC1(OC1OC(CO)C(O)C(OC2OC(CO)C(O)C(O)C2O)C1O)C3,2
O=CCC(O)C(O)C(O)C(O)CO,2
OCCCOCC1OC(OC2(CO)OC(CO)C(O)C2O)C(O)C(O)C1O,2
Nc1ncnc2c1ncn2C1OC(COP(=O)(O)OP(=O)(O)OCC(O)CO)C(O)C1OP(=O)(O)O,2
COC1C(CO)OC(OP)C(OC)C1OC,2
CC(C)COC(=O)C(NC(=O)C(N)CC(=O)O)C(C)O,2
CCOc1ccc(NC(N)=O)cc1F,2
Nc1ncnc2c1nc(I)n2C1OC2COP(=O)(O)OC2C1O,2
CCCOC(=O)c1ccco1,2
CCOC1CC(OCC)C(O)C(C)O1,2
Nc1ncnc2c1ncn2C1CC(OP(=O)(O)O)C(CO)O1,2
Sc1ccc(Br)cc1,1
COC1OC(C(O)C(O)CO)C(O)C(O)C1O,2
O=C1CC(c2ccc(O)c(OC3OC(CO)C(O)C(O)C3O)c2)Oc2cc(O)cc(OC3OC(CO)C(O)C(O)C3O)c21,2
Nc1ncnc2c1ncn2C1OC(COP(=O)(O)OP(=O)(O)O)C(N)C1O,2
O=C(O)CN(CC(=O)O)C(CO)C(=O)O,1
O=C1CCCC2C3CCCN4CCCC(CN12)C34,0
O=C(O)CCC(=O)NCCc1ccc(O)cc1,3
O=c1nc2nc(C(F)(F)F)[nH]c2c[nH]1,1
C=C1CC23CCC4C(C)(C(=O)O)CCCC4(C)C2CCC1(OC1OC(CC)C(C)C(OC2OC(CC)C(C)C(C)C2O)C1OC1OC(CC)C(C)C(C)C1OC(C)=O)C3,2
COc1ccc(C2CC(=O)c3c(O)cc(OC4OC(COC(C)CC(CO)C(O)C(C)O)C(O)C(O)C4O)cc3O2)cc1O,2
CC(C)CC(NC(=O)C(Cc1ccccc1)NC(=O)CN)C(=O)NC(CC(N)=O)C(=O)O,2
COC(=O)C(CC(C)C)NC(=O)C(Cc1ccccc1)NC(C)=O,2
OCC1OC(O)(F)C(O)C(O)C1O,2
CCCCCCCCOC1OC(C)C(O)C(O)C1O,2
OCC1OC(O)C(O)(S)C(O)C1O,2
CN(C)C(N)=O,2
CCC(C)C(=O)C1C(=O)C(=O)C(CC=C(C)C)(CC=C(C)C)C1=O,0
Cc1nc(N)c2ncn(C3OC(COP(O)(O)=S)C(O)C3O)c2n1,2
OC1C(CCl)OC(O)(CCl)C1O,2
COc1cc(O)c2c(=O)c(OC3OCC(O)C(O)C3O)c(-c3ccc(O)c(OC4OC(C)C(O)C(O)C4O)c3)oc2c1,2
O=C(O)CC[As](CCC(=O)O)c1ccc(Cl)cc1,1
C=CCC1(CC=C)C(=O)NC(=O)NC1=O,0
COC(=O)CCC(NC(=O)C(N)CC(=O)O)C(=O)OC,2
COCC1OC(CO)(OC2OC(CO)C(O)C(O)C2O)C(O)C1O,2
CCCOC(O)C1(OC2OC(CO)C(O)C(O)C2O)OC(CO)C(O)C1O,2
CCCCCCCC(=O)CC,4
CCC(C)C(NC(=O)C(N)CC(N)=O)C(=O)NC(C(=O)NC(Cc1ccccc1)C(=O)O)C(C)CC,2
COc1c(-c2ccc(OC3OC(CO)C(O)C(O)C3O)c(O)c2)oc2cc(O)cc(O)c2c1=O,2
Nc1ncnc2c1ncn2C1OC(COP(=O)(O)OP(=O)(O)O)C(OP(=O)(O)OP(=O)(O)O)C1O,2
COc1ccc(C2CC(=O)c3c(O)cc(OC4OC(COC5OC(C)C(O)C(C)C5O)C(C)C(O)C4O)cc3O2)cc1O,2
COc1ccc(C=CC=O)cc1,2
CC(CCC(=O)C(C)C1C(O)CC2C3CCC4CC(OC5OC(CO)C(OC6OC(C)C(O)C(O)C6OC6OCC(O)C(O)C6O)C(O)C5O)CCC4(C)C3CCC21C)COC1OC(CO)C(O)C(O)C1O,2
CN(C)CCOc1ccc([N+](=O)[O-])cc1N,2
Oc1cc2c(cc1O)C1c3ccc(O)c(O)c3OCC1(O)O2,2
Nc1ncnc2c1ncn2C1OC(C(F)OP(=O)(O)OP(=O)(O)OP(=O)(O)O)C(O)C1O,2
CC1OC(OCC2OC(Oc3c(-c4ccc(OCCO)c(O)c4)oc4cc(O)cc(O)c4c3=O)C(O)C(O)C2O)C(O)C(O)C1O,2
CCCc1nc(C)c(C)o1,4
CCC(C)C(N)C(=O)NC(Cc1ccccc1)C(=O)NC(C(=O)NC(CC(N)=O)C(=O)O)C(C)C,2
O=Cc1cccs1,4
CN(C)C,4
CN(Cc1ccccc1)C(=Nc1cc(Cl)cc(Cl)c1)NCC(=O)O,2
CCOC1(C)OC2C(C)OC(OC)C(O)C2O1,2
CC(C)C(NC(=O)C(N)CC(N)=O)C(=O)NC(CO)C(=O)NC(Cc1ccccc1)C(=O)O,2
O=[N+]([O-])C(CCCC(Cl)(Cl)Cl)[N+](=O)[O-],1
O=C(O)/C=C\c1ccccc1,1
O=S(=O)(OC1OC(CO)C(O)C(O)C1O)OC1OC(CO)C(O)C(O)C1O,2
Cc1c(O)c(OC2OC(CO)C(O)C(O)C2O)cc2c1C=CC1C2(C)C(=O)CC2(C)C(C(C)(O)C(O)C=CC(C)(C)O)C(O)CC12C,0
Nc1cc(Cl)ccc1C(=O)CC(N)C(=O)O,2
CC(C)(c1c(Cl)c(Cl)c(O)c(Cl)c1Cl)c1c(Cl)c(Cl)c(O)c(Cl)c1Cl,4
OCC(O)CC(OC1OC(CO)CC(O)C1O)C(O)CO,2
CC(N)C(=O)NC1C(C)(C)SC1(C)C,4
COc1ccc(CCc2cccc(C)c2)cc1O,2
NCCCCC(N)C(=O)N1CCCC1C(=O)NC(CC(=O)O)C(=O)NC(Cc1ccccc1)C(=O)O,2
CCC=CCC=CCC=CCC=CCC=CCC=CCCOCC1OC(Oc2c(-c3ccc(O)c(O)c3)oc3cc(O)cc(O)c3c2=O)C(O)C(O)C1O,2
CC(C)CCCC(C)CC=O,4
C=C1C(=O)OC2C1CCC1(C)OC13CC=C(C)C23,0
CC(NC(=O)C(Cc1ccccc1)NC(=O)C(N)C(C)C)C(=O)NC(CC(N)=O)C(=O)O,2
NCCCCC(NC(=O)C(N)CC(=O)O)C(=O)NC(Cc1ccccc1)C(=O)NC(Cc1ccccc1)C(=O)O,2
O=C(c1ccccc1)c1ccccc1,4
COc1c(O)cc(-c2oc3cc(O)cc(O)c3c(=O)c2OC2OC(COC3OC(C)C(O)C(O)C3O)C(O)C(O)C2O)cc1O,2
NCCCCC(NC(=O)C(N)CC(N)=O)C(=O)NC(Cc1ccccc1)C(=O)O,2
CC(C)=CCCC(C)(O)C1CC(O)C(C)=CC1=O,2
O=CC(OSN=O)C(O)C(O)C(O)CO,2
NCCCCC(NC(=O)C(N)CC(=O)O)C(=O)NC(Cc1ccccc1)C(=O)O,2
COc1cc(-c2cc(=O)c3c(O)cc(OC4OC(CO)C(O)C(O)C4O)cc3o2)ccc1OC1OC(CO)C(O)C(O)C1O,2
C[C@@H]1C[C@H]1C(=O)O,1
CC1(C)CCCC2(C)C1CCC1(C)OC(=O)CC12,4
COC(=O)C(Cc1ccccc1)NC(=O)C(NC(=O)C(N)CC(C)C)C(C)C,2
Cc1cc(C(=O)O)cc(C)c1C,1
O=C(CO)C(O)C(O)C(=O)CO,2
Nc1ncnc2c1ncn2C1OC(CO)C2OP(=O)(O)OP(=O)(O)OC21,2
O=C(O)c1cccnc1C(=O)O,1
O=CC(O)C(O)C(O)C(O)(O)CO,2
OCC1OC(O)C(OC2OC(CO)C(O)C(O)C2(O)F)C(O)C1O,2
CC1=C(S)CCO1,4
CCCCC(NC(=O)C(N)CC(=O)O)C(=O)OCC,2
CC(C)C(C(=O)O)S(=O)(=O)c1ccc(Cl)c(Cl)c1,0
C=C1C2CCC3C2C(C)(C)CCCC13C,2
CC(C)(O)C1CC(=O)C2(C)C(CCC3(C)C(c4ccoc4)OC(=O)C4OC432)C1(C)C=CC(=O)O,0
CCC(=O)CC,4
O=C(C=Cc1ccc(O)c(O)c1)c1ccc(OC2OC(CO)C(OC3OCC(O)C(O)C3O)C(O)C2O)cc1O,2
COC1CC(OC)C(O)C(C)O1,2
COc1ccc(-c2cc(=O)c3c(O)c(C4CC(O)C(O)C(C)O4)c(O)cc3o2)cc1OC1OC(CO)C(O)C(O)C1O,2
COc1cc(C2CC(=O)c3c(O)cc(OC4OC(COC(=O)CC(C)O)C(O)C(O)C4O)cc3O2)ccc1O,2
O=CC(O)C(O)C(O)C(O)CO.[Ca+2].[O-]C(=S)[S-],2
OCC1CCC(O)C(OC2C(O)COC2C(O)CO)O1,2
CCCC=CCCCCC=CC(=O)NCC(C)C,4
COc1ccc(-c2oc3cc(OC4OC(CO)C(O)C(O)C4O)ccc3c(=O)c2O)cc1O,2
NCCCCC(NC(=O)C(N)CC(N)=O)C(=O)NC(Cc1ccccc1)C(=O)NC(CC(N)=O)C(=O)O,2
O=C(O)CCCCCCCC1C=CC(=O)O1,0
C=CC(C)=CCC=C(C)CCC=C(C)C=O,4
CC1OC(OC2C(O)CC(CO)OC2O)C(O)C(O)C1O,2
CCC(=O)C(C)S,4
Nc1nc(N)c2ncn(C3CC(O)C(COP(N)O)O3)c2n1,2
CC(=O)CO,2
COc1cc2ccccc2cc1C(=O)O,1
O=P(O)(O)C(NCCNC(c1ccccc1O)P(=O)(O)O)c1ccccc1O,1
CCCCC(C)NC(=Nc1cc(Cl)cc(Cl)c1)NCC(=O)O,2
CCC(C)C(NC(=O)C(CCC(N)=O)NC(=O)C(N)CC(=O)O)C(=O)NC(Cc1ccccc1)C(=O)O,2
Sc1ncc(Br)cn1,1
O=C(O)c1ccccc1Nc1ccccc1,1
CC(C)c1cc([N+](=O)[O-])cc([N+](=O)[O-])c1O,1
Cc1nc(N)c(C(=O)O)nc1C,1
OCC(O)C(O)C(O)C(COCl)OCl,2
OC1COCC1O,4
N,4
OCC1OC(O)C(OCCCCOC2C(O)OC(CO)C(O)C2O)C(O)C1O,2
COc1cc(-c2cc(=O)c3c(O)c(C4OC(CO)C(O)C(O)C4O)c(OC4OC(CO)C(O)C(O)C4OC4OC(C)C(O)C(O)C4O)cc3o2)ccc1O,2
COc1ccc(N)cc1[N+](=O)[O-],2
O=Cc1ccco1,2
CC(C)CC(NC(=O)C(CC(=O)O)NC(=O)C(NC(=O)C(N)Cc1ccccc1)C(C)C)C(=O)O,2
CC1CCC2C(C)(C)C3CC12CCC3(C)O,2
COc1cc(O)c2c(=O)c3cc(OC4OC(CO)C(O)C(O)C4O)c(O)c(OC)c3oc2c1,2
C=C1C(=O)OC2C1CCC(C)C1C=CC(=O)C12C,0
COC1OC(CO)C(O)C(OC2OC(C(O)CO)C(O)C2O)C1O,2
OCC1OC2OCC3(OC(CO)C(O)C3O)OC2C1O,2
COc1cc(O)c2c(=O)c3c(OC4OC(COC5OCC(O)C(O)C5O)C(O)C(O)C4O)ccc(O)c3oc2c1,2
O=C1CCCCCN1,0
OCC1OC(O)C(O)(F)C(O)C1O,2
CCC(C)C(NC(C)=O)C(=O)NC(C)C(=O)NC(Cc1ccccc1)C(=O)O,2
CC1C(=O)C2(C(=O)O)CC1CCC2C12CCC(=O)C(C)(C)C1C(=O)OC2,0
COC(=O)C(Cc1ccccc1)N(C)C(=O)C(CC(C)C)NC(=O)C(N)C(C)C,2
Nc1ncnc2c1ncn2C1OC(COP(=O)([O-])[O-])C(O)C1O.O.[Na+].[Na+],2
OCC(O)C(O)C(O)C(F)CO,2
CC(C)CC(NC(=O)C(N)CC(=O)O)C(=O)NC(C)C(=O)NC(Cc1ccccc1)C(=O)O,2
CCCCCCCOC(=O)OCC1OC(OC)C(O)C(O)C1O,2
Cc1c(O)ncnc1S,1
CC(NC(=O)C(N)CC(=O)O)C(=O)NC(Cc1ccccc1)C(=O)NC(CC(=O)O)C(=O)O,2
CC1(C)CCC2(C(=O)OC3OC(CO)C(O)C(O)C3O)CCC3(C)C(=CCC4C5(C)CCC(OC6OC(C(=O)O)C(O)C(OC(OCC(=O)O)C(O)C(=O)O)C6OC6OCC(O)C(O)C6O)C(C)(C)C5CCC43C)C2C1,2
O=C1c2ccccc2S(=O)(=O)N1CCBr,4
CC1(C)CCC2(C(=O)O)CCC3(C)C(=CCC4C5(C)CCC(OC6OC(C(=O)O)C(O)C(OC7OC(CO)C(O)C(O)C7O)C6O)C(C)(C)C5CCC43C)C2C1,2
Cc1nc2c(=O)n(C)c(=O)n(C)c2[nH]c1=O,1
NC(CC(=O)O)C(=O)NC(CCC(=O)O)C(=O)NC(CCC(=O)O)C(=O)NC(Cc1ccccc1)C(=O)O,2
C[C@H](CCC(=O)O)[C@H]1CC[C@H]2[C@@H]3[C@H](O)C[C@@H]4C[C@H](O)CC[C@]4(C)[C@H]3C[C@H](O)[C@]12C,1
CNC(CC(=O)OC)C(=O)NC(Cc1ccccc1)C(=O)OC,2
COCC(C)(O)C1CC=C(C=NO)CC1,0
CC(=O)N(C)CC(=O)NC(Cc1ccccc1)C(=O)O,2
CCCCCCCCC(OC)OC,4
COc1cc(C(OC2OC(CO)C(O)C(O)C2O)C(CO)Oc2c(OC)cc(-c3cc(=O)c4c(O)cc(O)cc4o3)cc2OC)ccc1O,2
CC(C)(C)O,4
COc1ccc(C2CC(=O)c3c(O)cc(OC4OC(CO)C(O)C(O)C4O)cc3O2)cc1OC1OC(CO)C(O)C(O)C1O,2
Nc1ncnc2c1ncn2C1OC(COP(=O)(O)O[Se](=O)(=O)O)C(O)C1O,2
O=C(C=Cc1ccc(O)cc1)Nc1ccc(O)cc1C(=O)O,0
COC(=O)C(Cc1ccccc1)N(CCC(C)(C)C)C(=O)C(CC(=O)O)NCCC(C)(C)C,2
COC(=O)C(Cc1ccccc1)NC(=O)C(C)(C)N,2
O=C(O)CCNC(=O)Nc1ccc(C(=O)O)cc1,4
CCCCCC=CC(=O)O,1
CC(C)C(N)C(=O)NC(CC(N)=O)C(=O)NC(Cc1ccccc1)C(=O)O,2
C=C1CC23CCC4C(C)(C(=O)OC5OC(CO)C(O)C(O)C5O)CCCC4(C)C2CCC1(OC1OC(CO)C(O)C(OOC2C(O)OC(CO)C(O)C2O)C1OC1OC(CO)C(O)C(O)C1O)C3,2
CC(C)=CCC1C(=O)C(C(=O)C(C)C)=C(O)C1(O)C(=O)C=CC(C)C,0
CC1OC(OC2CC(C)(C)CC3C4=CC(=O)C5C6(C)CCC(OC7OC(C(=O)O)C(O)C(O)C7OC7OCC(O)C(O)C7O)C(C)(CO)C6CCC5(C)C4(C)CCC23C)C(O)C(O)C1O,2
COc1cc(O)c2c(=O)c(OC3OC(CO)C(OC4OC(CO)C(O)C(O)C4O)C(O)C3O)c(-c3ccc(OC)c(OC)c3)oc2c1,2
C=CC(C)(CCC=C(C)C)OC(=O)CCC,2
CCC(S)C(C)C=O,4
Nc1ncnc2c1ncn2C1OC(COP(=O)(O)OP(=O)(O)C(Cl)P(=O)(O)O)C(O)C1O,2
CCCCOC(=O)C1OC(OC2C(O)CC3(C)C(CCC4(C)C3CC=C3C5C(C)C(C)CCC5(C(=O)OC5OC(CO)C(O)C(O)C5O)CCC34C)C2(C)CO)C(O)C(O)C1O,2
C=C(C)C1CCC(C)(O)C(O)C1,4
C=C(C)C1CCC(C)C2=C(C1)C(C)CC2,2
Nc1ncnc2c1ncn2C1OC(COP(=O)(O)N2CCCCC2)C(O)C1O,2
N#CC(=CCOC1OC(CO)C(O)C(O)C1O)COC(=O)c1ccc(O)cc1,4
CCc1c(C)nc2nc[nH]n2c1=O,1
CC1CCC2(OC1)OC1CC3C4CC=C5CC(OC6OC(CO)C(OC7OC(C)C(O)C(O)C7O)C(O)C6OC6OC(C)C(O)C(O)C6O)CCC5(C)C4CCC3(C)C1C2C,0
CCCCCOP(=O)(O)OP(=O)(O)OP(=O)(O)OCC1OC(n2cnc3c(N)ncnc32)C(O)C1O,2
CCc1nccnc1C(C)=O,4
O=c1cc(-c2ccc(O)c(OC3OC(CO)C(O)C(O)C3OC3OC(CO)C(O)C(O)C3O)c2)oc2cc(O)c(C3OC(CO)C(O)C(O)C3O)c(O)c12,2
O=C1CC(c2cc(O)c(O)c(OC3OC(CO)C(O)C(O)C3O)c2)Oc2cc(O)cc(O)c21,2
CC1=CCC(C(=O)O)(S(=O)(=O)c2ccccc2)CC1,2
CC(N)C(=O)NC(Cc1ccccc1)C(=O)NCC(=O)NC(CC(=O)O)C(=O)O,2
O=[As](O)(O)c1ccc(O)cc1O,1
CCC1OC(CCC2OC(OC)C(O)C(O)C2O)C(O)C(O)C1O,2
O=c1cc(-c2ccc(O)c(O)c2)oc2cc(O)c(C3OC(COC4OC(CO)C(O)C(O)C4O)C(O)C(O)C3O)c(O)c12,2
Nc1ncnc2c1ncn2C1OC(CO)C(O)(OP(=O)(O)O)C1O,2
CCOC(=O)C1OC(OC2CCC3(C)C(CCC4(C)C3CC=C3C5CC(C)(C)CCC5(C(=O)O)CCC34C)C2(C)C)C(OC2OCC(O)C(O)C2OC2OC(CO)C(O)C(O)C2O)C(O)C1O,2
C=C1CC23CCC4C(C)(C(=O)OC5OC(CO)C(OC6OC(COC7OC(COC8OC(CO)C(O)C(O)C8O)C(O)C(O)C7O)C(O)C(O)C6O)C(O)C5O)CCCC4(C)C2CCC1(OC1OC(CO)C(O)C(O)C1OC1OC(CO)C(O)C(O)C1O)C3,2
O=CC(O)C(O)C(O)C(O)C(O)(O)O,2
COc1c(OC2OC(CO)C(O)C(O)C2O)ccc(C(=O)OCc2ccccc2OC2OC(CO)C(O)C(O)C2O)c1O,2
CC(C)C(N)C(=O)NC(CC(=O)O)C(=O)NC(Cc1ccccc1)C(=O)NC(Cc1ccccc1)C(=O)O,2
O=C(O)C=C(Cl)c1ccccc1,1
O=c1cc(-c2ccc(O)c(O)c2)oc2cc(OC3OC(CO)C(O)C(OC4OC(CO)C(O)C(O)C4O)C3O)cc(O)c12,2
CCCCCCCC1OC(O)C(O)C(O)C1O,2
Oc1cccnc1,1
Nc1nc(I)nc2c1ncn2C1CC(O)C(COP(=O)(O)O)O1,2
C=CCS,4
CC1OC(OC2C(OC3C(OC4CCC5(C)C(CCC6(C)C5CC=C5C7CC(C)(C)CC(O)C7(C)C(O)CC56C)C4(C)CO)OC(C(=O)O)C(O)C3O)OC(CO)C(O)C2O)C(O)C(O)C1O,2
CC1OC(OC2C(OC3C(OC4CCC5(C)C(CCC6(C)C5CC=C5C7CC(C)(C)CCC7(C(=O)OC7OC(CO)C(O)C(O)C7O)CCC56C)C4(C)CO)OC(C(=O)O)C(O)C3O)OC(CO)C(O)C2O)C(O)C(O)C1O,2
COc1cc(O)c2c(c1)OC(c1ccc(OC)c(OC3OC(CO)C(O)C(O)C3O)c1)CC2=O,2
CCC(C)C(NC(=O)C1CCCN1C(=O)CNC(=O)C1CCCN1C(=O)C(Cc1ccccc1)NC(=O)C1CCCN1C(=O)C(N)Cc1ccc(O)cc1)C(=O)NC(Cc1cnc[nH]1)C(=O)NC(CC(N)=O)C(=O)NC(CO)C(=O)O,0
Nc1ncnc2c1ncn2C1OC(COP(=O)(O)O)C(F)C1O,2
NC(=O)CC(N)C(=O)NC(Cc1ccccc1)C(=O)NC(CC(=O)O)C(=O)NC(CC(=O)O)C(=O)O,2
CC(=O)OC1C(C)OC(OC2C(O)C3(C)CCC4(C)C(=CCC5C6(C)CCC(OC7OC(C(=O)O)C(O)C(O)C7O)C(C)(CO)C6CCC54C)C3CC2(C)CO)C(OC(C)=O)C1OC(C)=O,2
Nc1nc(Cl)nc2c1ncn2C1OC(COP(=O)(O)O)C(O)C1O,2
OCC1OC(O)(C(O)O)C(O)C1O,2
CCOc1ccc([N+](=O)[O-])cc1[N+](=O)[O-],2
CCC(S)SC(S)CC,4
CC(C)C(O)(C(C)O)C1C=C(C2C(O)CC3C4=CCC5CC(OC6OC(CO)C(O)C(O)C6O)CCC5(C)C4=CCC32C)C(=O)O1,0
COC1OC(C)C(O)C(OC)C1OC,2
COC1OC(COC2(C)OC(CO)C(O)C(O)C2O)C(O)C(O)C1O,2
CC1=CCC(CCO)C1(C)C,2
CC1OC(OC2C(Oc3cc(-c4cc(=O)c5c(O)c(C6OC(CO)C(O)C(O)C6O)c(O)cc5o4)ccc3O)OC(CO)C(O)C2O)C(O)C(O)C1O,2
CC1OC(CCOC2OC(C)C(O)C(O)C2O)C(O)C(O)C1O,2
O=c1cc(-c2ccc(O)c(OC3OC(CO)C(O)C(O)C3OC3OCC(O)C(O)C3O)c2)oc2cc(O)cc(O)c12,2
CCN(CC)CCCN1S(=O)(=O)c2ccccc2S1(=O)=O,0
CC(NC(=O)C(N)Cc1ccccc1)C(=O)NC(CC(=O)O)C(=O)NC(CC(N)=O)C(=O)O,2
CC1CC2OC(=O)C3(C)CCCC(C)(C23)C1(O)CCc1ccoc1,0
O=C(O)c1cc([N+](=O)[O-])c[se]1,1
O=C(O)N1C(=O)c2ccccc2S1(=O)=O,2
CCOC(=O)C(NC(=O)C(N)CC(=O)O)C(=O)OC1C2(C)CCC(C2)C1(C)C,2
OCC1OC(OC2C(O)C(CO)OC(OCC3OC(O)(CO)C(O)C3O)C2O)C(O)C(O)C1O,2
CCCC(=O)NC(CC(=O)O)C(=O)NC(Cc1ccccc1)C(=O)OC,2
CCC(C)OC1CC(O)C(O)C(CO)O1,2
CC(C)CCCC(=O)O,4
COC1OC(CO)C(O)CC1O,2
C1CCN2CC3CC(CN4CCCCC34)C2C1,0
O=c1ccc2ccc3occc3c2o1,0
CCCCOC1CC(O)C(O)C(CO)O1,2
CCCCNc1nc2c(N)ncnc2n1C1OC(COP(=O)(O)O)C(O)C1O,2
CC1OC(OC2C(CO)OC(OC3C(C(=O)O)OC(OC4CCC5(C)C(CCC6(C)C5CC=C5C7CC(C)(C)CC(=O)C7(C)CCC56C)C4(C)CO)C(O)C3O)C(O)C2O)C(O)C(O)C1O,2
OCC1OC(OC2C(CO)OC(O)C(O)C2O)C(O)C(OS)C1O,2
OCC1OC(CO)(OC2OC(CO)C(I)C(O)C2O)C(O)C1O,2
O=C1NC(Cc2ccccc2)C(=O)N2CCCC12,0
CC1(C(=O)OC2OC(CO)C(O)C(O)C2O)CCC2(C)CCC3(C)C(=CC(=O)C4C5(C)CCC(OC6OC(C(=O)O)C(O)C(O)C6OC6OC(C(=O)O)C(O)C(O)C6O)C(C)(C)C5CCC43C)C2C1,2
CC1CCC2C(C)CCC(c3ccoc3)[N+]2([O-])C1,0
Cc1ccc(C(C)C)cc1,4
O=c1c(O)c(-c2ccc(O)c(O)c2)oc2cc(O)ccc12,0
Nc1ncnc2c1ncn2C1OC(CO)C(O)C1OF,2
CC(CCC([N+](=O)[O-])[N+](=O)[O-])=NO,1
COc1cc(-c2oc3cc(O)cc(O)c3c(=O)c2OC2OC(COC3OCC(O)C(O)C3O)C(O)C(O)C2O)ccc1O,2
OCC1OC(OC2(CO)OC(CO)C(O)C2O)C(O)C(O)C1O.[Li+].[OH-],2
CCC(C)OC(=O)CCNC(=O)C(N)CC(=O)O,2
CC1OC(OC2C(CO)OCC(O)C2O)C(O)C(O)C1O,2
OCC1CC(OCl)C(O)C(OC2(CO)OC(CO)C(O)C2O)O1,2
COc1c(OC2OC(CO)C(O)C(O)C2O)cc2oc(-c3ccccc3)cc(=O)c2c1O,2
COC(=O)C1OC(OC2C(O)CC3(C)C(CCC4(C)C3CC=C3C5CC(C)(C)CCC5(C(=O)O)CCC34C)C2(C)CO)C(O)C(O)C1OC1OC(CO)C(O)C(O)C1O,2
Cc1ccc(-c2ccccc2)cc1,4
COC(O)C(OC1OC(C)C(O)C(O)C1O)C(O)C(O)CCO,2
CCC1OC=C(CO)C1=O,4
O=C(O)C[Se]c1cccc([N+](=O)[O-])c1,1
CCC(=O)SC,4
CC1(C)CCC2(C(=O)O)CCC3(C)C(=CCC4C5(C)CCC(OC6OC(C(=O)O)C(O)C(O)C6O)C(C)(C(=O)O)C5CCC43C)C2C1,2
O=C(O)c1cccs1,1
CC1=CC(O)C2CC1C2(C)C,4
O=C(O)CN(CP(=O)(O)O)CP(=O)(O)O,1
COC(=O)C(Cc1ccccc1)NC(=O)C(C)N=C=O,2
CC(=O)c1cc(C)oc1C,2
CCCCCCCCCC(=O)OCCc1scnc1C,4
OCC1OC(OC2C(CO)OC(OC3(CO)OC(CO)C(O)C3O)C(O)C2O)C(O)C(O)C1O,2
C[n+]1cccc(C(=O)[O-])c1,0
COc1ccc(C2CC(=O)c3c(O)cc(OC4OC(COC5OC(C)C(O)C(O)C5O)C(OC5OC(CO)C(O)C(O)C5O)C(O)C4O)cc3O2)cc1O,2
SC1CCCC1,4
CCCC(S)CCO,4
COc1cc(O)c2c(=O)cc(-c3cc(OC)c(OC4OC(CO)C(O)C(O)C4O)c(OC)c3)oc2c1,2
COC1C(COC2OC(CO)C(O)C(O)C2O)OCC(O)C1O,2
CC(C)=CCCC(C)C1(O)CC=C(C)CC1,2
OCC1OC(OC2(CCl)OC(CCl)C(Br)C2O)C(O)C(O)C1Cl,2
CC(C)CC(N)C(=O)NC(Cc1ccccc1)C(=O)NC(C)C(=O)NC(CC(N)=O)C(=O)O,2
CC1C(=O)C2CC1CCC2C12CCC(=O)C(C)(C)C1C(=O)OC2,4
CCOC(=O)CC(C)C,2
OCC(O)C1OC(O)C(O)C(O)C1O,2
CCCCCOC(C)=O,4
NOC1CCC(O)C(CO)O1,2
CCCCCCCCCC=CCO,4
COc1cc(-c2oc3cc(O)cc(O)c3c(=O)c2OC2OC(CO)C(O)C(OC3OC(C)C(O)C(O)C3O)C2O)ccc1O,2
CC(=O)OC1CC(=O)OC(C)(C)C2CC(=O)C3(C)C(CCC4(C)C(c5ccoc5)OC(=O)C5OC543)C12C,0
O=C(O)[C@H]1CC[C@H](O)CC1,1
CC(C)=NOC1=NS(=O)(=O)c2ccccc21,2
COC1C(O)C(COP(=O)(O)NP(=O)(O)O)OC1n1cnc2c(N)ncnc21,2
COC(=O)C1CC(O)CC2C1=C(OC1OC(CO)C(O)C(O)C1O)CC1C(=O)OC(c3ccoc3)CC12C,0
O=C(O)CC(NC(=O)Nc1ccc(C[N+](=O)[O-])cc1)c1ccccc1,4
O=S(O)c1cccc(Cl)c1,1
CC(C)CCOC=O,4
C=Cc1ccc(OC)cc1,2
CCC(C)OC(=O)CC(C)NC(=O)C(N)CC(=O)O,2
Nc1ncnc2c1ncn2C1OC(COP(O)(=S)P(=O)(O)O)C(O)C1O,2
COC(=O)C1OC(OC2CCC3(C)C(CCC4(C)C3CC=C3C5CC(C)(C)CC(O)C5(C)CCC34C)C2(C)C)C(OC2OC(CO)C(O)C(O)C2OC2OCC(O)C(O)C2O)C(O)C1O,2
CC1(C)CCC2(C(=O)OC3OC(CO)C(O)C(O)C3O)CCC3(C)C(=CCC4C5(C)CCC(OC6OC(C(=O)O)C(O)C(O)C6OC6OC(CO)C(O)C(O)C6OC6OC(CO)C(O)C(O)C6O)C(C)(C)C5CCC43C)C2C1,2
Nc1ncnc2c1ncn2C1OC(CO)C(P(=O)(O)O)C1O,2
Cc1occc(=O)c1OC(=O)C(C)C,2
N#CCOc1ccc(NC(N)=O)cc1,2
CCCCC(=O)OCCc1ccccc1,4
CC(C)OCC1OC(CO)(OC2OC(CO)[CH]C(O)C2O)C(O)C1O,2
COc1c(O)cc2oc(-c3ccc(OC4OC(CO)C(O)C(O)C4OC4OC(C)C(O)C(O)C4O)cc3)cc(=O)c2c1O,2
OCC1OC(OC2(CF)OC(CO)C(O)C2O)C(O)C(O)C1O,2
CC1OC(OC2C(Oc3cc(O)c4c(=O)cc(-c5ccc(O)c(O)c5)oc4c3)OC(COC(=O)CC(=O)O)C(O)C2O)C(O)C(O)C1O,2
CC(C)(C)OC(=O)C(Cc1ccccc1)NC(=O)C(N)C(C)(C)CO,2
CCCC(CC=O)SC,4
Nc1ncnc2c1ncn2C1CC(O)C(COP(=O)(O)CP(=O)(O)O)O1,2
C=C1CCC2(C(=O)OC3OC(CO)C(O)C(O)C3O)CCC3(C)C(=CCC4C5(C)CCC(OC6OC(C(=O)O)C(O)C(O)C6O)C(C)(CO)C5CCC43C)C2C1,2
COC(CNC(N)=O)C[Hg]Cl,0
CCCN(C(=O)C(N)CC(=O)O)C(Cc1ccccc1)C(=O)O,2
COc1c(O)cc2oc(-c3ccccc3)cc(=O)c2c1OC1OC(C)C(O)C(O)C1O,2
CCCCC1(CC)C(=O)NC(=O)NC1=O,0
COc1c(OC2OC(CO)C(O)C(O)C2O)cc2c(c1O)C(=O)C(c1ccc(O)cc1)CO2,2
Nc1ccccc1C(=O)OCC=Cc1ccccc1,4
CC1OC(OC2C(OC3C(OC4CCC5(C)C(CCC6(C)C5CC=C5C7CC(C)(C)CC(O)C7(C)CCC56C)C4(C)C)OC(C(=O)O)C(O)C3O)OC(C(=O)O)C(O)C2O)C(O)C(O)C1O,2
O=C(O)COCCOCC(=O)O,1
CC1(C)CCC2(C(=O)O)CCC3(C)C(=CCC4C5(C)CCC(OC6OC(C(=O)O)C(OC7OCC(O)C(O)C7O)C(O)C6O)C(C)(C)C5CCC43C)C2C1,2
O=C(O)c1ccc(Cl)c2ccccc12,1
CC1OC(Oc2cc3oc(-c4ccc(O)cc4)cc(=O)c3c(O)c2O)C(O)C(O)C1OC1OCC(O)C(O)C1O,2
Nc1ncnc2c1ncn2C1OC(COP(=O)(O)OCOB(O)O)C(O)C1O,2
CC(NC(=O)C(CC(=O)O)NC(=O)C(C)NC(=O)C(N)Cc1ccccc1)C(=O)O,2
COc1cc2c(cc1O)C(COc1ccccc1)OCC2,4
C=CC1C=C(C=NO)CCC1,0
COc1ccc(-c2oc3cc(OCCO)cc(O)c3c(=O)c2OC2OC(CO)C(O)C(O)C2O)cc1OC,2
CC12C=CC(=O)C=C1CCC1C2C(=O)CC2(C)C1CCC2(O)C(=O)CO,0
NCCCCCCNc1nc2c(N)ncnc2n1C1OC(COP(=O)(O)O)C(O)C1O,2
NC(CO)C(=O)NC(Cc1ccccc1)C(=O)O,2
O=C(O)CSC(F)(F)F,1
CCCO[P+]([O-])(OCCC)OCC1OC(n2cnc3c(N)ncnc32)C(O)C1O,2
CCCCCOc1ccc(NC(N)=O)cc1F,2
CCN1CC2(COC)C(O)CC(OC)C34C5CC6(O)C(O)C5C(O)(C(O)C6OC)C(C(OC)C23)C14,0
COC1C(OC(C)=O)OC(COC(C)=O)C(O)C1OC,2
Nc1ncnc2c1ncn2C1OC(COP(=O)(O)OP(=O)(O)OP(=O)(O)O)C(O)C1O.[Cl-].[Cl-].[Mg+2],2
CC1CCC2(OC1)OC1C(O)C3C4CCC5CC(OC6OC(CO)C(OC7OC(CO)C(O)C(OC8OCC(O)C(O)C8O)C7OC7OC(CO)C(O)C(OC8OC(CO)C(O)C(O)C8O)C7O)C(O)C6O)C(O)CC5(C)C4CCC3(C)C1C2C,0
OCC1CC(O)C(O)C(OBr)O1,2
COc1cc(OC)c2c(c1)OC(c1ccc(OC3OC(CO)C(O)C(O)C3O)c(OC)c1)CC2=O,2
Cc1cc(=O)c(O)ccc1Br,1
CC(C)OCC1OC(CO)(OC2OC(CO)CC(O)C2O)C(O)C1O,2
COc1ccc(-c2coc3c(O)c(OC4OC(CO)C(O)C(O)C4OC4OC(C)C(O)C(O)C4O)ccc3c2=O)cc1,2
COC1C(O)C(O)OC(C)C1OC1OC(CO)C(O)C(O)C1O,2
C=CC(=O)CCC,4
CCC(C)C(NC(=O)C(N)Cc1ccccc1)C(=O)NC(CC(N)=O)C(=O)NC(CCCCN)C(=O)O,2
Nc1ncnc2c1ncn2C1(F)OC(COP(=O)(O)O)C(O)C1O,2
C=C1CCC2(C(=O)OC3OC(CO)C(O)C(O)C3O)CCC3(C)C(=CCC4C5(C)CC(O)C(OC6OC(C(=O)O)C(O)C(O)C6O)C(C)(C(=O)O)C5CCC43C)C2C1,2
O=C(O)C(=O)CO,1
COC(=O)C1OC(OC2CCC3(C)C(CCC4(C)C3CC=C3C5CC(C)(C)CCC5(C(=O)OC5OCC(O)C(OC6OC(CO)C(O)C(O)C6O)C5O)C(O)CC34C)C2(C)C)C(O)C(O)C1O,2
CCCCCCCC(=O)OCCCCC,2
CC(CCC1(O)OC2CC3C4CC=C5CC(OC6OC(CO)C(OC7OC(C)C(O)C(O)C7O)C(O)C6O)CCC5(C)C4CCC3(C)C2C1C)COC1OC(CO)C(O)C(O)C1O,0
CCC(C)C(N)C(=O)NC(CC(=O)O)C(=O)NC(Cc1ccccc1)C(=O)NC(CC(N)=O)C(=O)O,2
NOCC(O)C(O)C(O)C(O)CO,2
CCCCC(=O)OCC(CC)NC(=O)C(N)CC(=O)O,4
CC1=CC(=O)C(C(C)(C)O)CC1,2
CCC(C)C(NC(=O)CN)C(=O)NC(Cc1ccccc1)C(=O)O,2
CC(OCC1OC(O)C(O)C(O)C1O)OC(CO)C(O)C(O)CO,2
OCC1OC(OC2C(CO)OC(O)C(O)C2O)C(O)C(O)C1F,2
C#CCCCCCCCCCCCC(O)CC(O)CO,0
Cc1ccc(C(C)C)cc1O,4
CC(C)CC(C)NC(=O)C(N)CC(=O)O,0
O=C(O)CC(NC(=O)O)C(=O)NC(Cc1ccccc1)C(=O)O,2
O=c1cc(-c2cc(O)c(O)c(O)c2)oc2cc(OC3OC(CO)C(OC4OC(CO)C(O)C(O)C4O)C(O)C3O)cc(O)c12,2
CC(C)NCC(O)COc1cccc2ccccc12,0
COC1OC(CO)C(O)C(O)C1[Hg],2
CC1OC(OCC2OC(Oc3cc4oc(-c5ccc(O)c(O)c5)cc(=O)c4c(O)c3C3OC(CO)C(O)C(O)C3O)C(O)C(O)C2O)C(O)C(O)C1O,2
COC1OC(COC2OC(CO)C(O)C(O)C2O)C(O)C1O,2
CC(C)CC(NC(=O)C(N)C(C)C)C(=O)NC(CC(N)=O)C(=O)NC(Cc1ccccc1)C(=O)O,2
COC(=O)C(Cc1ccccc1)NC(=O)CC(C)=O,2
CCOC(=O)NCC(=O)NC(Cc1ccccc1)C(=O)O,2
O=Cc1ccc(O)cc1,2
COC1CC(O)OC(C)C1OC1OC(C)C(OC2OC(CO)C(O)C(O)C2O)C(OC)C1O,2
CC1OC(OC2C(OC3CCC4(C)C(CCC5(C)C4CC=C4C6CC(C)(C)CCC6(C(=O)O)CCC45C)C3(C)C)OCC(O)C2O)C(O)C(OC2OC(C(=O)O)C(O)C(O)C2O)C1O,2
CC(NC(=O)C(N)Cc1ccccc1)C(=O)NC(CC(N)=O)C(=O)NC(CC(N)=O)C(=O)O,2
CC(C)(C)CCN(C(=O)C(N)CC(=O)O)C(Cc1ccccc1)C(=O)O,2
O=C(O)CCNC(=O)Cc1ccc([N+](=O)[O-])cc1,0
CCCCCCOC(=O)CC(C)S,4
CC(C)CCC(=O)c1ccoc1,4
COC1C(O)C(OC2CCC3(C)C(CCC4C3CCC3(C)C(C5=CC(=O)OC5)C(O)CC43O)C2)OC(C)C1OC1OC(CO)C(O)C(O)C1O,0
CCOC1OC(CO)C(OCC)C(O)C1O,2
CC(C)(O)C(=O)O,1
COC(=O)CC(C)(Cc1ccc([N+](=O)[O-])cc1)C(=O)O,1
C#Cc1nc(N)c2ncn(C3OC(COP(=O)(O)O)C(O)C3O)c2n1,2
COc1cc(OC2OC(CO)C(O)C(O)C2O)cc2oc(-c3ccc(O)c(O)c3)cc(=O)c12,2
CC(NC(=O)C(CC(N)=O)NC(=O)C(N)Cc1ccccc1)C(=O)NC(CC(N)=O)C(=O)O,2
OCC1OC(O)C(OBr)C(O)C1O,2
COc1cc(O)c2c(=O)c3cc(OC4OC(CO)C(O)C(O)C4O)ccc3oc2c1OC,2
CCCCCCCCCCCCOC(=O)CCSCCC(=O)OCCCCCCCCCCCC,2
CCOC(=O)CSCC(=O)O,1
CC1(C)CCC2(C(=O)O)CCC3(C)C(=CCC4C5(C)CCC(OC6OC(C(=O)O)C(OC7OC(CO)C(O)C(O)C7O)C(OC7OC(CO)C(O)C(O)C7O)C6O)C(C)(C)C5CCC43C)C2C1,2
CCCCOCCCNC(=O)C(Cc1ccccc1)NC(=O)C1NC1C(=O)O,2
CC(C)C(N)C(=O)NC(CCCCN)C(=O)NC(Cc1ccccc1)C(=O)NC(CC(N)=O)C(=O)O,2
CCCC=CC(OCC)OCC,4
N#Cc1ccc(NC(=O)NC(CC(=O)O)c2cccc([N+](=O)[O-])c2)cc1,2
CC(N)C(=O)NC(CC(N)=O)C(=O)NC(Cc1ccccc1)C(=O)NC(CC(=O)O)C(=O)O,2
O=C(OCCc1ccccc1)c1ccccc1,4
COC(=O)C[SeH],1
CCC(C)(O)C(=O)OC1C(=O)OC2CC3C(C)=CC(O)C(O)C3(C)C3C4(O)OCC23C1C(C)C4O,0
COc1ccc(C=CC(=O)c2c(OC)cc(OC3OC(COC4OC(C)C(O)C(O)C4O)C(O)C(O)C3OC)cc2OC)cc1OC,2
CCOC(=O)C(C)O,4
CSC(C)S,4
Nc1ncnc2c1ncn2C1(P(=O)(O)OP(=O)(O)O)OC(CO)C(O)C1O,2
CCC=CCCOC(=O)c1ccccc1N,2
CCCCCC(=O)OCCCc1ccccc1,2
COC(=O)C1OC(OC2CCC3(C)C(CCC4(C)C3CC=C3C5CC(C)(C(=O)OC)CC(=O)C5(C)CCC34C)C2(C)CO)C(OC2OC(CO)C(O)C(O)C2OC2OC(C)C(O)C(O)C2O)C(O)C1O,2
CC(C)=CCCC(C)C1CCC2(C)C3=C(CCC12C)C1(C)CCC(O)C(C)(C)C1CC3,2
CC(NC(=O)C(Cc1ccccc1)NC(=O)C(CC(=O)O)NC(=O)C(N)CCC(N)=O)C(=O)O,2
CCCCCCC=CC(C)=O,4
Nc1ncnc2c1ncn2C1CC(O)C(COP(=O)(O)OP(=O)(O)OP(=O)(O)OP(=O)(O)O)O1,2
CC1OC(OC2C(O)C(C(=O)O)OC(OC3CCC4(C)C(CCC5(C)C4CC=C4C6CC(C)(C)CCC6(C(=O)O)CCC45C)C3(C)C)C2OC2OC(CO)C(O)C(O)C2O)C(O)C(O)C1O,2
O=C(O)C1(S(=O)(=O)c2ccccc2)CCC1,4
C[As](C)[Se]CC1OC(O)C(O)C(O)C1O,2
CC(NC(=O)c1ccccc1)NC(=O)C(N)CC(=O)O,2
NCCCCC(NC(=O)C(Cc1ccccc1)NC(=O)CNC(=O)C(N)CC(N)=O)C(=O)O,2
CC(C)CCOC(=O)c1ccccc1,2
CC1=CC(O)C(O)C2(C)C1CC1OC(=O)C(O)C3C(C)C(O)C4(O)OCC13C42,0
OCC1OC(O)C(OO)C(O)C1O,2
O=C(O)CS(=O)(=O)c1ccc(F)cc1,1
COCC(=O)C(O)C(O)C(O)CO,2
O=C(O)c1c2ccccc2nc2ccccc12,1
COP1(=S)OCC2OC(n3cnc4c(N)ncnc43)C(O)C2O1,2
CCCCC=CCCCC(=O)O,4
O=C(CO)C(O)C(O)(F)C(O)CO,2
CCOc1ccc(CCC(=O)c2c(O)cc(OC3OC(CO)C(O)C(O)C3OC3OC(C)C(O)C(O)C3O)cc2O)cc1O,2
Nc1ncnc2c1ncn2C1OC(COP(=O)(O)O)C(O)C1F,2
COc1cc(C=CC(=O)c2c(O)cc(O)cc2OC2OC(CO)C(O)C(O)C2O)ccc1O,2
CC(C)C(NC(=O)C(N)CC(N)=O)C(=O)NCC(=O)NC(Cc1ccccc1)C(=O)O,2
CCCCOC(=O)C1OC(OC2CCC3(C)C(CCC4(C)C3CC=C3C5C(O)C(C)(C)CCC5(C(=O)O)CCC34C)C2(C)C)C(OC2OCC(O)C(O)C2O)C(O)C1O,2
Nc1ncnc2c1ncn2C1OC(COP(=O)(O)C(F)F)C(O)C1O,2
CC(CC(=O)O)(CC(=O)O)c1ccccc1,1
OCc1ccc(OC2OC(CO)C(O)C(O)C2O)cc1,0
OCC(O)C(O)COC1OC(CO)C(O)C(OC2OC(CO)C(O)C(O)C2O)C1O,2
CC(C)CC(NC(=O)C(CC(=O)O)NC(=O)C(CC(=O)O)NC(=O)C(N)Cc1ccccc1)C(=O)O,2
C=C1C(=O)OC2C1CCC1(C)C(O)CC(=O)C(C)C21,0
S=c1cn[nH]c(=S)[nH]1,1
COCCOCCOc1ccc([N+](=O)[O-])cc1N,2
NC(=O)CCC(NC(=O)C(N)CC(=O)O)C(=O)NC(CC(=O)O)C(=O)NC(Cc1ccccc1)C(=O)O,2
CC(C)(CCC(=O)C(C)(O)C1CCC2(C)C3CC=C4C(CC(OC5OC(CO)C(O)C(O)C5O)C(=O)C4(C)C)C3(C)C(=O)CC12C)OC1OC(CO)C(O)C(O)C1O,0
CC(NC(=O)C(CC(=O)O)NC(=O)C(CCCCN)NC(=O)C(N)Cc1ccccc1)C(=O)O,2
CC(O)(COC1OC(CO)C(O)C(O)C1O)C(O)CO,2
CC(NC(=O)C(Cc1ccccc1)NC(=O)C(CC(=O)O)NC(=O)CN)C(=O)O,2
COc1cc(-c2oc3cc(O)cc(O)c3c(=O)c2OC2OC(COC3OC(C)C(O)C(O)C3O)C(O)C(O)C2O)cc(OC)c1O,2
CCCCCC(=O)SC,4
CCCC(NC(=O)C(CC(=O)O)NC(=O)Nc1ccc([N+](=O)[O-])cc1)C(=O)OC,2
COC1C(OP(=O)(O)O)C(CO)OC1n1cnc2c(N)ncnc21,2
CC(=O)OC1CCC(C(C)(C)C)CC1,4
CC(O)C(NC(=O)C(CC(=O)O)NC(=O)CN)C(=O)NC(Cc1ccccc1)C(=O)O,2
CCOc1nccnc1C,4
OCOC1OC(CO)C(O)C(OC2OC(CO)C(O)C(O)C2O)C1OC1OC(CO)C(O)C(O)C1O,2
NCCCCC(NC(=O)C(CC(N)=O)NC(=O)C(CCCCN)NC(=O)C(N)Cc1ccccc1)C(=O)O,2
COC(=O)C(Cc1cccc(CC(NC(C)=O)C(=O)O)c1)NC(=O)CCN,2
O=[N+]([O-])c1ccccc1,2
CNc1ncnc2c1ncn2[C@@H]1O[C@H](CO)[C@@H](O)[C@H]1O,1
CC(C)CC1=C2C(=O)C3CC(C(C)(C)O)C4(O)CC(C(C)(C)O1)C2(O)C34O,0
COc1cc(-c2oc3cc(OC4OC(CO)C(O)C(O)C4O)cc(O)c3c(=O)c2O)cc(O)c1O,2
CC1=CC(=O)C(C)O1,4
COc1cc(-c2cc(=O)c3c(O)cc(OC4OCC(O)C(O)C4O)cc3o2)ccc1OC1OCC(O)C(O)C1O,2
CCCCCCC1CCC(=O)O1,2
COc1cc(O)c2c(=O)c(-c3cc(OC)c(OC)c(OC4OC(CO)C(O)C(O)C4O)c3)coc2c1,2
CC1OC(Oc2cc(O)cc3c2C(=O)C(OC2OC(C)C(O)C(O)C2O)C(c2ccc(O)c(O)c2)O3)C(O)C(O)C1O,2
CC(C)C(NC(=O)C(CCCCN)NC(=O)C(N)CC(=O)O)C(=O)NC(Cc1ccccc1)C(=O)O,2
CN1C(=O)OC(C)(C)C1=O,0
CC(C)CC(N)C(=O)NC(Cc1ccccc1)C(=O)NC(CO)C(=O)NC(CC(=O)O)C(=O)NC(CCCCN)C(=O)O,2
COc1cc(O)c(CC(O)C(C)(C)O)c(O)c1C(=O)C=Cc1ccc(O)cc1,0
N#CCC([N+](=O)[O-])[N+](=O)[O-],1
O=c1cc(-c2ccc(O)cc2)oc2cc(OC3OC(CO)C(O)C(O)C3OC3OCC(O)C(O)C3O)c(O)c(O)c12,2
CCOC1OC(C)C(OC2CC(OC)C(O)C(C)O2)C(OC)C1O,2
CCC(C)C(NC(=O)C(CC(C)C)NC(=O)C(N)Cc1ccccc1)C(=O)NC(CC(N)=O)C(=O)O,2
C=CCOC(=O)C=Cc1ccccc1,4
CCC(=O)C=CC1C(C)=CCCC1(C)C,2
COc1cc(/C=C/C(=O)OCC2OC(OC3(CO)OC(COC(C)=O)C(O)C3OC(=O)/C=C/c3ccc(O)c(OC)c3)C(O)C(O)C2O)ccc1O,0
N#Cc1ccc(N=C(NCC(=O)O)Nc2cccc(Cl)c2)cc1,2
CCCCCCCCCC([N+](=O)[O-])[N+](=O)[O-],1
CC(C)CC(NC(=O)C(CC(=O)O)NC(=O)CN)C(=O)NC(Cc1ccccc1)C(=O)O,2
COC(=O)C1c2cccc(O)c2C(=O)OC1c1ccc(OC)c(O)c1,2
CC(N)C(O)c1ccccc1,0
CCOP(=O)(O)OP(=O)(O)OP(=O)(O)OCC1OC(n2cnc3c(N)ncnc32)C(O)C1O,2
COCC1OCCC(OC2OC(CO)C(O)C(O)C2O)C1O,2
Cc1cccc(C(=O)O)n1,1
COC(=O)C(Cc1ccccc1)NC(=O)C(N)CC(=O)NC(C)C(=O)O,2
COC(=O)CC(NC(=O)C(NC(=O)C(NC(=O)C(N)Cc1ccccc1)C(C)C)C(C)C)C(=O)NC(CC(=O)O)C(=O)NC(CC(C)C)C(=O)O,2
CCC(C)C(NC(=O)CCCCCCCC(=O)NC(CC(N)=O)C(=O)NC(Cc1ccccc1)C(=O)O)C(=O)NC(CCO)C(N)=O,2
O=C(O)CCP(CCC(=O)O)CCC(=O)O,1
COC1OC(C)C(OS(=O)(=O)O)C(O)C1OC1OC(C)C(O)C(O)C1O,2
COC(C)(C)P(=O)(O)OCC1OC(n2cnc3c(N)ncnc32)CC1O,2
C=C1CC23CC1(OC1OC(CO)C(O)C(OC4OC(CO)C(O)C(O)C4O)C1OC1OC(CO)C(O)C(O)C1O)CCC2C1(C)CCCC(C)(C(=O)O)C1CC3C1OC(CO)C(O)C(OC2OC(CO)C(O)C(O)C2O)C1OC1OC(CO)C(O)C(O)C1O,2
O=C(O)C1=CC=CCC1C(=O)O,1
NC(=O)CC(NC(=O)C(CC(=O)O)NC(=O)C(N)CC(=O)O)C(=O)NC(Cc1ccccc1)C(=O)O,2
CCCCOc1nc2c(N)ncnc2n1C1OC(COP(=O)(O)O)C(O)C1O,2
O=C(O)CSC(SCC(=O)O)C(SCC(=O)O)SCC(=O)O,1
NCC(=O)NC(CC(=O)O)C(=O)NC(CS)C(=O)NC(Cc1ccccc1)C(=O)O,2
C=C(C)CCO,2
COC1CCC(OC2CCC(O)C(C)O2)C(C)O1,2
CCC(C)C(=O)OC(C)C1(O)CCC2(O)C3CCC4CC(OC5CC(OC)C(OC6CC(OC)C(OC7CC(OC)C(O)C(C)O7)C(C)O6)C(C)O5)CCC4(C)C3CC(OC(C)=O)C12C,4
O=C(O)C12CCC(C(=O)O)(CC1)CC2,1
O=C(O)c1cccc(C(=O)O)n1,1
O=C(C=Cc1ccc(O)c(O)c1)NC(Cc1ccc(O)cc1)C(=O)O,4
COC(=O)C(C)(C)C(C)(C)C(=O)O,1
N#Cc1ccc(Cl)c(N)c1,2
CCC(C)C(NC(=O)C(CC(=O)O)NC(=O)C(N)CC(N)=O)C(=O)NC(Cc1ccccc1)C(=O)O,2
OCC1OCC(OC2(CO)OC(CO)C(O)C2O)C(O)C1O,2
CCOc1ccc(NC(C)=O)cc1,0
Cc1cccc(O)c1C(=O)O,1
CCOC(O)C(O)C(O)C(O)C(O)CO,2
CC(=O)OCC1OC(OC2C(OC3(COC(=O)c4ccccc4)OC(CO)C(OC(=O)c4ccccc4)C3OC(=O)c3ccccc3)OC(COC(C)=O)C(OC(C)=O)C2OC2OC(CO)C(O)C(O)C2O)C(O)C(O)C1O,0
CC(O)COP(=O)(O)OP(=O)(O)OCC1OC(n2cnc3c(N)ncnc32)C(OP(=O)(O)O)C1O,2
COC(=O)CCNC(=O)C(N)CC(=O)O,2
CC1=C(CCc2ccoc2)C2(C)CCC(OC3OC(CO)C(O)C(O)C3OC3OC(C)C(O)C(O)C3O)C(C)(C)C2CC1,2
CCCC(=O)c1cccs1,4
NCCCCC(N)C(=O)NC(CC(N)=O)C(=O)NC(Cc1ccccc1)C(=O)NC(CCCCN)C(=O)O,2
COC(=O)C(CC(C)C)NC(=O)CNC(=O)CCc1ccccc1,2
C=C1CC23CCC4C(C)(C(=O)OC5OC(CO)C(OC6OC(CO)C(O)C(O)C6O)C(O)C5O)CCCC4(C)C2CCC1(OC1OC(CO)C(OC2OC(CO)C(OC4OC(CO)C(OC5OC(CO)C(O)C(O)C5O)C(O)C4O)C(O)C2O)C(O)C1O)C3,2
OCC1OC(OCC2OC(O)C(O)C(O)C2O)C(OO)C(O)C1O,2
CC(=O)C(=O)c1ccccc1,4
NC(CC(=O)O)C(=O)NCC(=O)NC(Cc1ccccc1)C(=O)NC(CCC(=O)O)C(=O)O,2
NCCCCC(N)C(=O)NC(Cc1ccccc1)C(=O)NCC(=O)NC(CC(N)=O)C(=O)O,2
C=CC(C)(O)CCC=C(C)CCC=C(C)C,4
COC1CC(OC)C(O)C(CO)O1,2
Nc1ncnc2c1ncn2C1OC(COP(=O)(O)OP(=O)(O)OP(=O)(O)O)C(N)(O)C1O,2
CCC(C)C(NC(=O)C(C)NC(=O)Cc1ccccc1)C(=O)OC,2
CC1OC(OC2C(O)C(CO)OC(O)C2OC2OC(CO)C(O)C(O)C2O)C(O)CC1O,2
Oc1c(Cl)cccc1Cl,1
CC1(C(=O)[O-])CCC2(C)CCC3(C)C(=CC(=O)C4C5(C)CCC(OC6OC(C(=O)[O-])C(O)C(O)C6OC6OC(C(=O)[O-])C(O)C(O)C6O)C(C)(C)C5CCC43C)C2C1.O.[Na+].[Na+].[Na+],2
CC(C)=CCC1OC2(O)C(C3CCC4C5(C)CCC(OC6OCC(O)C(O)C6OC6OC(CO)C(O)C(OC7OCC(O)(CO)C7O)C6OC6OC(CO)C(O)C(O)C6O)C(C)(C)C5CCC4(C)C3(C)C2O)C1(C)O,0
CC(C(O)CC(O)C(C)(C)OC1OC(CO)C(O)C(O)C1O)C1CCC2(C)C3CC=C4C(CCC(OC5OC(COC6OC(CO)C(O)C(O)C6O)C(O)C(O)C5O)C4(C)C)C3C(=O)CC12C,2
O=C(O)C1(O)CCCC1,1
COC1C(O)C(COP(=O)(O)OP(O)(O)=S)OC1n1cnc2c(N)ncnc21,2
CN1C(=O)c2ccc([N+](=O)[O-])cc2S1(=O)=O,4
COc1cc(-c2cc(=O)c3c(O)cc(OC4OC(COC5OC(CO)C(O)C5O)C(O)C(O)C4O)cc3o2)ccc1O,2
CCc1ccc(S(=O)(=O)C(C(=O)O)C(C)C)cc1,2
O=C(C[S+]([O-])Cc1ccco1)NCC=CCOc1cc(CN2CCCCC2)ccn1,0
COC(=O)C1OC(OC2C(O)CC3(C)C(CCC4(C)C3CC=C3C5CC(C)(C)CCC5(C(=O)OC5OC(CO)C(O)C(O)C5O)CCC34C)C2(C)C)C(O)C(OC2OC(CO)C(O)C(O)C2O)C1O,2
Nc1ncnc2c1nc(N1CCCCC1)n2C1OC2COP(=O)(O)OC2C1O,2
CCCCOC(=O)CC(C)=O,2
OCCCCC(O)CO,2
COc1cc(O)c2c(c1C(=O)C=Cc1ccc(O)cc1)OC(C)(C)C(O)C2,0
CC(C)C(NC(=O)C(CC(=O)O)NC(=O)C(N)Cc1ccccc1)C(=O)NC(CC(N)=O)C(=O)O,2
COC(=O)C(C)NC(=O)C(CC(=O)O)NC(=O)Nc1ccc(C#N)cc1,2
C=COc1ccc([N+](=O)[O-])cc1N,2
[B][P+]([O-])(OCC1OC(n2cnc3c(N)ncnc32)CC1O)OP(=O)(O)OP(=O)(O)O,2
CC(C)CC(NC(=O)C(N)Cc1ccccc1)C(=O)NC(CC(N)=O)C(=O)NC(CC(N)=O)C(=O)O,2
CC(NC(=O)C(CC(N)=O)NC(=O)CN)C(=O)NC(Cc1ccccc1)C(=O)O,2
CC(C)(O)CCC(=O)C(C)(O)C1C(O)CC2(C)C3CC=C4C(CC(OC5OC(CO)C(O)C(O)C5O)C(=O)C4(C)C)C3(C)C(=O)CC12C,0
O=C(O)C1(S(=O)(=O)c2ccccc2)CC1,4
O=C1CC(O)(c2ccc(O)c(O)c2)Oc2cc(O)cc(OC3OC(CO)C(O)C(O)C3O)c21,2
NCCCCC(NC(=O)C(CC(=O)O)NC(=O)C(CO)NC(=O)C(N)Cc1ccccc1)C(=O)O,2
COCC1OC(O)C(O)C(O)C1OC1OC(CO)C(O)C(O)C1O,2
O=C(O)C[C@H](NCc1ccccc1)C(=O)O,1
COC1C(O)OC2COC(C)OC2C1OC,2
CCCCC(C(=O)OC)N(C)C(=O)C(N)Cc1ccccc1,2
CCCNC(=O)CCCC(CC(=O)O)C(=O)NC(Cc1ccccc1)C(=O)NC,2
CCC(=O)OCCCc1ccccc1,4
CC(C)C(NC(=O)C(CC(=O)O)NC(=O)C(Cc1ccccc1)NC(=O)C(N)CC(=O)O)C(=O)O,2
CC(C)=CCCC(C)=CC(=O)O,1
O=c1cc(-c2ccc(O)cc2)oc2c(C3OC(CO)C(O)C(O)C3O)c(O)c(C3OCC(O)C(O)C3O)c(O)c12,0
C=C1C(=O)OC2C1CCC(C)C1(O)C=CC(=O)C21C,0
O=C(O)C1=CCCC1C(=O)O,1
COCC1(OC2OC(CO)C(O)C(O)C2O)OC(CCl)C(O)C1O,2
Nc1ccccc1N=NC(=NNc1ccccc1N)c1ccccc1,2
CCCCCCCCC(CC(=O)O)C(=O)NC(Cc1ccccc1)C(=O)NC,2
O=[N+]([O-])c1cccc(S(=O)O)c1,1
COc1ccc(C(=O)O)c(OC)c1,1
CC(Oc1ccc([N+](=O)[O-])cc1N)N(C)C,2
CONC1NC(=O)Nc2nn[nH]c21,1
COCC1OC(O)C(O)C(O)C1OC,2
NOOC1C(O)OC(CO)C(O)C1O,2
COC1(C)OC2OC(CO)C(O)C(O)C2O1,2
O=C(O)COC(C(=O)O)c1ccccc1,1
CCOP(=O)(O)OCC1OC(n2cnc3c(N)ncnc32)CC1O,2
O=c1c(-c2ccc(O)cc2)coc2cc(OC3OC(CO)C(O)C(O)C3O)c(O)cc12,2
CCOC(=O)c1ccoc1-c1ccccc1,4
C=C1C(=O)OC2C1CCC(C)=C1CC3OC3(C)C12,4
C=CC(O)CC(=NOS(=O)(=O)O)SC1OC(CO)C(O)C(O)C1O,0
COC(=O)C(Cc1ccccc1)NC(=O)CC(NC=O)C(=O)O,2
CSC(=O)CC(C)C,4
CS(=O)(=O)c1nc2ncncc2[nH]1,1
OCC1OC(OC2C(CO)OC(O)C(F)C2O)C(O)C(O)C1O,2
O=C(O)c1cccc(Br)c1O,1
CCOP(=O)(OCC)c1cccc(C(=O)O)c1,1
CC(=O)c1sccc1C,4
COc1ccc(C=O)c(O)c1,4
OCC(OC1OC(CO)C(O)C(O)C1O)C(O)C(O)COC1OC(CO)C(O)C(O)C1O,2
COC1CC(OC(C)C)OC(C)C1O,2
OCC1(OC2OCC(O)C(O)C2O)OCC(O)C(O)C1O,2
O=CC(OF)C(O)C(O)C(O)C(O)CO,2
CC(NC(=O)C(N)CC(N)=O)C(=O)NC(Cc1ccccc1)C(=O)O,2
CCOCC1OC(OC)C(OCC)C(OCC)C1OC1OC(CO)C(OC)C(O)C1O,2
O=C1CC(c2ccc(O)cc2)Oc2c(O)c(O)cc(OC3OC(CO)C(O)C(O)C3O)c21,2
CSc1cccc(N=C(NCC(=O)O)NC(C)c2ccccc2)c1,2
O=C(O)C[S+]([O-])c1cccc(F)c1,1
c1ccc(Oc2ccccc2)cc1,4
O=c1ccc2ccc(O)c(OC3OC(CO)C(O)C(O)C3O)c2o1,4
CC(Cc1ccccc1)NC(=O)C(N)CC(=O)O,2
OCC1OC(OC2OC(CO)C(O)C(O)C2F)C(O)C(O)C1O,2
CCCCCOc1ccc(CCc2ccccc2)cc1O,4
NCC(=O)NC(CCC(=O)O)C(=O)NC(CC(=O)O)C(=O)NC(Cc1ccccc1)C(=O)O,2
COC(=O)C(CC(C)C)NC(=O)C(Cc1ccccc1)NC(=O)CNC(=O)CN,2
NCC(=O)N1CCCC1C(=O)NC(CC(=O)O)C(=O)NC(Cc1ccccc1)C(=O)O,2
O=C(O)c1ccncc1O,1
CC(O)(CO)C(O)COC1OC(CO)C(O)C(O)C1O,2
OCC1OC(OC2C(OC3C(O)OC(CO)C(O)C3O)OC(CO)C(O)C2O)C(O)C(O)C1O,2
Nc1ncnc2c1nc(I)n2C1OC(COP(=O)(O)O)C(O)C1O,2
COc1cc(O)c(C(=O)CCc2ccc(O)cc2)c(OC2OC(CO)C(O)C(O)C2O)c1,0
Nc1nc(Cl)nc2c1ncn2C1OC(COP(=O)([O-])OP(=O)([O-])OP(=O)([O-])[O-])C(O)C1O.O.[Na+].[Na+].[Na+].[Na+],2
CCC(CC(=O)O)(C(=O)O)c1ccc([N+](=O)[O-])cc1,1
O=C(COc1cccc(C2OCc3ccccc3S2)c1)c1ccc([N+](=O)[O-])cc1,2
O=c1cc(O)[nH]c(Cc2ccccc2)n1,1
O=C(O)CN(CC(=O)O)c1cc(C(=O)O)c(O)cc1C(=O)O,1
C=C1CC23CCC4C(C)(C(=O)OC5OC(CO)C(O)C(O)C5O)CCCC4(C)C2CCC1(OC1OC(CO)C(O)C(OC2OC(CO)C(O)C(O)C2OC2OC(C)C(O)C(O)C2O)C1O)C3,2
COC1OC(COC2(CO)OC(CO)C(O)C2O)C(O)C(O)C1O,2
CCCCCC(N)(CC(=O)O)C(=O)NC(Cc1ccccc1)C(=O)O,2
CCCCCCNC(=O)C(Cc1ccccc1)NC(=O)C1NC1C(=O)OCC,2
O=c1ccccn1O,1
CC(C)COC(=O)C(C)C,4
CCCCc1ccco1,2
O=C(CCNNC(=O)c1ccncc1)NCc1ccccc1,0
CC(O)CCCCOC1OC(CO)C(O)C(O)C1O,2
CCC(C)C(N)C(=O)NCC(=O)NCC(=O)NC(Cc1ccccc1)C(=O)NCC(=O)NCC(=O)NC(C)C(=O)NC(CC(=O)O)C(=O)NCC(=O)NC(CC(C)C)C(=O)O,2
CC1(C(=O)O)CCC2(C)CCC3(C)C(=CCC4C5(C)CCC(OC6OC(C(=O)O)C(O)C(O)C6OC6OCC(O)C(O)C6O)C(C)(C)C5CCC43C)C2C1,2
CCN(CC)C(=O)c1cccnc1,0
NC(=O)CCC(NC(=O)CNC(=O)C(N)CC(N)=O)C(=O)NC(Cc1ccccc1)C(=O)O,2
O=[N+]([O-])C(Cl)Cl,1
CCc1ncc(C)nc1C,4
[He],4
COc1cc(-c2coc3c(OC4OC(COC5OCC(O)(CO)C5O)C(O)C(O)C4O)c(O)ccc3c2=O)ccc1O,2
CCCOC1OC(CO)C(O)C(O)C1O,2
COC(=O)C1=CC(O)CC2C3(C)CC(c4ccoc4)OC(=O)C3CC(OC3OC(CO)C(O)C(O)C3O)C12C,0
C=CC(=O)CCCCC,4
CNC(=O)C(Cc1ccccc1)NC(=O)C(CCCCO)CC(=O)O,2
CC1OC(Oc2cc(O)c3c(=O)c(O)c(-c4ccc(O)c(O)c4)oc3c2)C(O)C(O)C1O,2
O=C(O)C[Se]c1ccc(Br)cc1,1
CCCC(=O)OCC,4
CCCCCCCC(=O)Oc1ccc(C)cc1,4
COC1C(O)C(CO)OC(OC2C(O)C(C)OC(O)C2O)C1O,2
CC(CN1c2ccccc2Sc2ccccc21)N(C)C,0
O=S(=O)(O)CCCNCCNCCCS(=O)(=O)O,1
NNC(=O)c1ccc([N+](=O)[O-])cc1,1
C=C(C)C(=O)OC1CC23OC2CCC(=CC2OC(=O)C(=C)C21)COC3O,0
O=C(O)CS(=O)(=O)c1cccc(Cl)c1,1
NCCCCC(NC(=O)C(N)CCC(N)=O)C(=O)NC(CC(=O)O)C(=O)NC(Cc1ccccc1)C(=O)O,2
COC(=O)c1ccccc1N,0
CCCCCCC(C)=O,0
O=C(O)CCC(NCC1(O)OCC(O)C(O)C1O)C(=O)O,3
Cn1c(N)nc(=O)c2nccnc21,1
COC(=O)C1OC(OC2CCC3(C)C(CCC4(C)C3CC=C3C5CC(C)(C)CCC5(C(=O)O)CCC34C)C2(C)C)C(OC2OCC(O)C(O)C2O)C(OC2OC(CO)C(O)C(O)C2O)C1O,2
COCC1OC(O)C(OC)C(O)C1O,2
Nc1ccc(SCC(=O)O)cc1,1
COC(=O)C1OC(OC2CCC3(C)C(CCC4(C)C3CC=C3C5CC(C)(C)CC(O)C5(C)CCC34C)C2(C)C)C(OC2OC(CO)C(O)C(O)C2OC2OC(C)C(O)C(O)C2O)C(O)C1O,2
OCC1OC(OCC2OC(CO)(OC3OC(CO)C(O)C(O)C3O)C(O)C2O)C(O)C(O)C1O,2
COc1cc(-c2oc3cc(OC4OC(CO)C(O)C(O)C4OC4OC(CO)C(O)C(O)C4O)cc(O)c3c(=O)c2O)ccc1O,2
CC(C)C(NC(=O)C(N)CC(=O)O)C(=O)NC(CC(N)=O)C(=O)NC(Cc1ccccc1)C(=O)O,2
NC(CC(=O)O)C(=O)N(C(=O)C(N)CC(=O)O)C(Cc1ccccc1)C(=O)O,2
CCOC1OC(C)C(O)C(OC)C1OC,2
OCC(O)C(O)C(OC1OC(O)C(O)C(O)C1O)C(O)CO,2
COc1ccc(-c2cc(=O)c3c(OC)c(OC)c(OC)c(OC)c3o2)cc1OC,0
CC1OC(OCC2OC(Oc3ccc(-c4cc(=O)c5c(O)cc(O)cc5o4)cc3O)C(O)C(O)C2O)C(O)C(O)C1O,2
CCCCCCC(O)CCOC(C)=O,2
O.O=C1[N-]S(=O)(=O)c2ccccc21.O=C1[N-]S(=O)(=O)c2ccccc21.[Zn+2],2
CCCCOC(=O)C1OC(OC2C(OC3CCC4(C)C(CCC5(C)C4C(=O)C=C4C6CC(C)(C(=O)O)CCC6(C)CCC45C)C3(C)C)OC(C(=O)OCCCC)C(O)C2O)C(O)C(O)C1O,2
CC1OC(OC(CO)C2OC(O)C(O)C2O)C(O)C(O)C1O,2
C=CCCCCCCCCC=O,4
OCC1OC(O)C(O)C(O)C12OO2,2
CC1=CC(=O)CC(C)(C)C1C=CC(C)O,4
COc1cc(O)c2c(=O)c3cccc(OC4OC(COC5OCC(O)C(O)C5O)C(O)C(O)C4O)c3oc2c1,2
O=C(c1ccccc1)C(O)c1ccccc1,0
CC(Cc1ccc2c(c1)OCO2)NC(=O)C(N)CC(=O)O,0
CCCCCCCCOCC1(OC2OC(CO)C(O)C(O)C2O)OC(CO)C(O)C1O,2
NC(=O)CCC(NC(=O)C(CC(=O)O)NC(=O)C(N)CC(=O)O)C(=O)NC(Cc1ccccc1)C(=O)O,2
COC1=CC(C)C2CC3OC(=O)CC4C(C)(O)C(OC)C(O)C(C2(C)C1=O)C34C,0
CCOC1C(O)C(CO)OC(OC2C(CO)OC(O)C(O)C2O)C1O,2
O=C1c2ccccc2S(=O)(=O)N1C(=O)N1C(=O)c2ccccc2S1(=O)=O,2
CC1(C)CCC2(C(=O)O)CCC3(C)C(=CCC4C5(C)CCC(OC6OC(C(=O)O)C(OC7OC(CO)C(O)C7O)C(OC7OC(CO)C(O)C(O)C7O)C6O)C(C)(C)C5CCC43C)C2C1,2
CC1C(=CC(=O)OCCN(C)C)CCC2C1C(=O)CC1C(C)(C)C(O)CCC21C,0
O=COC1CCCCC1,2
Cc1ccccc1[Se]CC(=O)O,1
CC1OC(Oc2c(O)c(OC3OCC(O)C(O)C3O)c3oc(-c4ccc(O)cc4)cc(=O)c3c2O)C(O)C(O)C1O,2
CC(O)CNc1nc2c(N)ncnc2n1C1OC2COP(=O)(O)OC2C1O,2
CCOC(=O)C(C)SCC(=O)O,1
O=c1[nH]c(=O)c2ncn([C@@H]3O[C@H](CO)[C@@H](O)[C@H]3O)c2[nH]1,1
CC1(C)OCC2(OCC(O)C(O)C2O)O1,2
O=C1c2c(O)cc(OC3CC(O)C(O)C(CO)O3)cc2OC(c2ccc(O)c(O)c2)C1O,2
NC(=O)CCC(NC(=O)C(N)CO)C(=O)NC(CC(=O)O)C(=O)NC(Cc1ccccc1)C(=O)O,2
CCC(C)C(N)C(=O)NC(CC(=O)O)C(=O)NC(Cc1ccccc1)C(=O)NC(CC(C)C)C(=O)O,2
CCC(C)C(NC(=O)C(CCCCN)NC(=O)C(N)CC(=O)O)C(=O)NC(Cc1ccccc1)C(=O)O,2
C=C(C)C1CCC(C)=C1CC(C)(C)COC(=O)CC,4
CC1=CC2C(C(C)C)CCC(C)(O)C2CC1,4
CCC(C)C(N)C(=O)NC(CC(=O)O)C(=O)NC(Cc1ccccc1)C(=O)NC(C(=O)O)C(C)C,2
CC(NC(=O)C(CC(N)=O)NC(=O)C(N)CCC(N)=O)C(=O)NC(Cc1ccccc1)C(=O)O,2
COOC1OC(C)C(O)C(O)C1O,2
CCCCNc1ncnc2c1ncn2C1OC2COP(=O)(O)OC2C1O,2
CC12CCC(C(=O)O)CC1C1=CC(=O)C3C4(C)CCC(OC5OC(C(=O)[O-])C(O)C(O)C5OC5OC(C(=O)[O-])C(O)C(O)C5O)C(C)(C)C4CCC3(C)C1(C)CC2.O.[K+].[K+],2
CC1(C(=O)OC2OC(CO)C(O)C(O)C2O)CCCC2(C)C3CCC4(OC5OC(CO)C(O)C(O)C5O)CC3(CCC12)OC=C4C=O,0
CC1=CCCOC1,0
COC(=O)C(Cc1ccccc1)NC(=O)C(CC(=O)O)N=[N+]=[N-],2
COc1cc(C)cc(OC)c1O,4
O=[N+]([O-])c1cccc(O)c1O,1
CC(C)CC(NC(=O)C(CC(=O)O)NC(=O)CNC(=O)C(N)Cc1ccccc1)C(=O)O,2
COc1ccc(C2CCc3ccccc3S2)cc1O,2
COC(=O)CC1C2(C)C3=C(C)C(C4=CC(=O)OC4O)CC3OC2C(O)C2C(C)(C(=O)OC)C=CC(=O)C21C,0
CCCCC(=O)c1ccco1,2
CCCCCCCCCCOC(=O)CC1C(=O)NCCN1C(=O)CCc1ccccc1,2
OCOC1OC(CO)C(O)CC1O,2
COc1cc(C=CC(=O)NCCc2ccc(O)cc2)ccc1O,0
Cc1nc2c(N)ncnc2n1C1OC(COP(=O)(O)OP(=O)(O)OP(=O)(O)O)C(O)C1O,2
COC(=O)C(Cc1ccccc1)NC(=O)C(C)NC(=O)CNC(=O)OC(C)(C)C,2
Oc1ccc(O)cc1,2
CCCCOP(=O)(O)OC1C(CO)OC(n2cnc3c(N)ncnc32)C1O,2
OCC1OCCCC1OC1CCCCO1,2
NC(CO)C(=O)NC(CC(=O)O)C(=O)NC(Cc1ccccc1)C(=O)O,2
COc1ccc(-c2cc(=O)c3c(O)cc(OC4OC(COC(=O)CC(=O)O)C(O)C(O)C4O)cc3o2)cc1O,2
NCCCOCCOCCOCCCNc1ncnc2c1ncn2C1OC(COP(=O)(O)O)C(O)C1O,2
OCC1OC2OCCOCCOCCOCCOCCOCCOCCOC1C(O)C2O,2
CCOC1OC(COCO)C(O)C(O)C1OC1OC(CO)C(O)C(O)C1O,2
O=Nc1c(O)c(N=O)c2ccccc2c1O,1
C=C1C2CCC3C4(C)CC(OC5OC(CO)C(O)C(O)C5O)CC(C(=O)O)C4CCC3(C2)C1O,2
CC(C)CC(NC(=O)C(CCC(N)=O)NC(=O)C(N)CC(=O)O)C(=O)NC(Cc1ccccc1)C(=O)O,2
CNCCOC(=O)C=C1CCC2C(C(O)CC3C(C)(C(=O)OC)CCCC23C)C1C,0
COc1cc(-c2cc(=O)c3c(O)cc(OC4OC(COC5OCC(O)C(O)C5O)C(O)C(O)C4O)cc3o2)ccc1O,2
COc1ccc(C=CC(=O)c2c(O)cc(OC3OC(CO)C(O)C(O)C3O)cc2O)cc1O,2
COC(C)C1=CCC=C(C)C1,0
CC(C)c1ccc(O)cc1,4
Cc1ccc(S(=O)O)cc1,1
Nc1ncnc2c1ncn2C1OC(CO)C(OP(=O)(O)O)C1F,2
O=CC(O)C(OCCO)C(O)C(O)CO,2
NC(=O)CC(N)C(=O)NC(Cc1ccccc1)C(=O)NC(CC(=O)O)C(=O)NCC(=O)O,2
CC(=O)NCC(=O)NC(Cc1c[nH]cn1)C(=O)NCC(=O)O,1
O=c1c(-c2ccc(O)cc2)coc2c(OC3OC(CO)C(O)C(O)C3O)c(O)ccc12,2
COc1c(OC2OC(CO)C(O)C(O)C2O)cc2c(c1O)C(=O)CC(c1ccc(O)c(O)c1)O2,2
COCCOc1ccc(NC(=O)NC(C)(C)C)cc1,2
CC1=C(CC=O)C(C)(C)CCC1,4
CCCN(CCC)CCC,4
COc1cc(-c2oc3cc(OC4OC(CO)C(O)C(O)C4O)cc(O)c3c(=O)c2OC2OCC(O)C(O)C2O)ccc1O,2
CCCOC1OC(C)C(O)C(O)C1OC1OC(C)C(O)C(OC2OC(CO)C(O)C(O)C2O)C1O,2
C=C(Br)CC1(C(C)CC)C(=O)NC(=O)NC1=O,0
OCC1OC(OBr)C(O)C(O)C1O,2
CCCCOC(=O)c1ccccc1O,4
COc1cc(C(=O)c2c(O)cc(O)cc2OC2OC(CO)C(O)C(O)C2O)ccc1O,2
CC1OC(OC2C(Oc3cc4oc(-c5ccc(O)cc5)cc(=O)c4c(O)c3O)OC(CO)C(O)C2O)C(O)C(O)C1O,2
COc1cc(-c2cc(=O)c3c(OC)cc(O)cc3o2)ccc1OC1OC(CO)C(O)C(O)C1O,2
COc1ccc(S(=O)(=O)C2(C(=O)O)CCCCC2)cc1,4
COC1C(OC(C)C)OC(C)C(O)C1OC,2
CCCC=CC(=O)CC,4
CC(C)CC(NC(=O)C(N)CC(=O)O)C(=O)NC(CCCCN)C(=O)NC(Cc1ccccc1)C(=O)O,2
CC1(OC=O)CCC2(C)CCC3(C)C(=CC(=O)C4C5(C)CCC(OC6OC(C(=O)O)C(O)C(O)C6OC6OC(OC=O)C(O)C(O)C6O)C(C)(C)C5CCC43C)C2C1,2
CC(CO)OC1OC(CO)C(O)C(O)C1O,2
CC(C)CC(N)C(=O)NC(CC(N)=O)C(=O)NC(CC(C)C)C(=O)NC(Cc1ccccc1)C(=O)O,2
CSCc1ccco1,4
COc1cc(-c2coc3cc(OC4OC(CO)C(O)C(O)C4O)c(OC)c(O)c3c2=O)ccc1O,2
OCC1(OC2OC(CCl)C(Cl)C(O)C2O)OC(CCl)C(O)C1O,2
CCCOC(=O)Cc1ccccc1,2
OCC1OC(OC2(CO)OCC(O)C(O)C2O)C(O)C(O)C1O,2
CCOCc1c(O)c(C(=O)O)c(C)c2c1OC(=O)c1c(C)cc(O)c(C=O)c1O2,0
COc1cccc(OC)c1C(=O)O,1
Cc1cc([N+](=O)[O-])cc([N+](=O)[O-])c1O,1
COc1c(OC2OC(CO)C(O)C(O)C2O)cc2c(c1O)C(=O)CC(c1ccc(O)cc1)O2,2
CC(=O)OC(C)(C)C1CCC(C)C2=C(C1)C(C)CC2,4
CNc1nc2c(N)ncnc2n1C1OC2COP(=O)(O)OC2C1O,2
CC(=CCO)COC1OC(CO)C(O)C(OC(=O)Cc2ccc(O)cc2)C1OC(=O)Cc1ccc(O)c(O)c1,0
COc1cccc(C(=O)O)c1,1
COC(=O)C(Cc1ccccc1)NC(=O)C(Cc1ccccc1)NC(=O)C(N)CC(=O)O,2
COC1OC(CO)C(O)C(OC2OC(C)C(O)C(O)C2O)C1O,2
OCC1(OC2OC(CF)C(O)C(O)C2O)OC(CF)C(O)C1O,2
COC1OCC(O)C(O)C1OC1OC(C)C(O)C(OC2OC(CO)C(O)C(O)C2O)C1O,2
CC(C)C=O,4
C=C1CC23CC1(O)CCC2C12C=CC(O)C(C)(C(=O)O1)C2C3C(=O)O,1
CCC(C)C(=O)C1=C(O)C23CC(C(C)(C)OO)C(C)(C)C2CC(CC=C(C)C)(C1=O)C3=O,0
CCC(C)C(NC(=O)C(CC(=O)O)NC(=O)C(CC(C)C)NC(=O)C(N)Cc1ccccc1)C(=O)O,2
O=C(O)c1c[nH]c2ccccc12,1
CCC(C)C(NC(=O)C(Cc1ccccc1)NC(=O)C(N)CC(=O)O)C(=O)NC(CC(N)=O)C(=O)O,2
OCC1OC(OC2OC(CO)C(OC3OC(CO)C(O)C(O)C3O)C(O)C2O)C(O)C(O)C1O,2
CC(N)C(=O)NC(CC(=O)O)C(=O)NC(Cc1ccccc1)C(=O)NC(CCCCN)C(=O)O,2
OCC(O)COC(C1CO1)C1(OC2OC(CO)C(O)C(O)C2O)OC(CO)C(O)C1O,2
CC1=Nc2nccnc2C(C2C(=O)CC(C)(C)CC2=O)N1,1
Cc1csc(C(=O)O)n1,1
CCC(O)C(O)C(O)C(O)C=O,2
Nc1nc(N2CCCCC2)c2ncn(C3OC(COP(=O)(O)O)C(O)C3O)c2n1,2
COC1C(OC2C(OC3CCC4(C)C(CCC5(C)C4CC=C4C6CC(C)(C)CC(O)C6(C)CCC45C)C3(C)CO)OC(C(=O)O)C(O)C2O)OC(C)C(O)C1O,2
O=C(O)[C@H](O)[C@@H](O)[C@H](O)[C@H](O)CO,1
CCCOc1ccc(CCC(=O)c2c(O)cccc2O)cc1O,4
Cn1nnnc1NC(=Nc1ccc(C#N)cc1)NC1CCCCC1,2
O=c1cc(-c2ccc(O)cc2)oc2c(O)c(O)cc(OC3OC(CO)C(O)C(O)C3O)c12,2
Nc1ncnc2c1ncn2CC1OC(COP(=O)(O)O)C(O)C1O,2
OCC1OC(OC2C(O)COC(CO)C2O)C(O)C(O)C1O,2
CC(N)C(=O)NC(C)C(=O)NC(Cc1ccccc1)C(=O)NC(CC(=O)O)C(=O)O,2
COC1OC2COCOC2C(O)C1O,2
NC(=O)CC(N)C(=O)NC(CC(N)=O)C(=O)NC(CC(N)=O)C(=O)NC(Cc1ccccc1)C(=O)O,2
Nc1cc([N+](=O)[O-])ccc1OCC(F)F,2
NCCCCC(NC(=O)C(Cc1ccccc1)NC(=O)C(CC(N)=O)NC(=O)CN)C(=O)O,2
CC1OC(Oc2cc(O)cc3occ(-c4ccc(O)c(O)c4)c(=O)c23)C(O)C(O)C1O,2
Cc1cccc(C)c1S,4
Nc1ncnc2c1nc(F)n2C1OC(COP(=O)(O)OP(=O)(O)O)C(O)C1O,2
CC(C)CC(NC(=O)C(C)N)C(=O)NC(CC(N)=O)C(=O)NC(Cc1ccccc1)C(=O)O,2
C=CC1(C)CCC(C(=C)C)CC1C(=C)C,4
C=CCc1ccc(OC(=O)CC(C)C)c(OC)c1,4
O=C(C=CC=Cc1ccc2c(c1)OCO2)N1CCCCC1,4
O=C(O)CCCCCC(=O)O,1
CCCCCCCCOC1OC(CO)C(O)C(O)C1O,2
CSSc1ccccc1,4
CC1(C)CCC2(C(=O)OC3OC(CO)C(O)C(O)C3O)CCC3(C)C(=CCC4C5(C)CCC(OC6OC(C(=O)O)C(O)C(OC7OC(CO)C(O)C(O)C7O)C6O)C(C)(CO)C5CCC43C)C2C1,2
COc1ccc(C2OCc3ccccc3CO2)cc1O,4
CC1OC(O)C(OC2OC(CO)C(O)C(O)C2OC2C(OC3CCC4(C)C(CCC5(C)C4CC=C4C6CC(C)(C(=O)O)CC(O)C6(C)CCC45C)C3(C)CO)OC(C(=O)O)C(O)C2O)C(O)C1O,2
C=C(C)COC(=O)CCC,4
O=C(O)C1=CCC=CC1C(=O)O,1
O=C(CCc1ccc(O)c(O)c1)c1ccc(O)c(OC2OCC(O)C(O)C2O)c1O,2
CC(COC(=O)c1ccccc1)NC(=O)C(N)CC(=O)O,4
CCCCC(CC)OC(C)=O,2
Nc1ncnc2c1ncn2C1OC(COP(=O)(O)OP(=O)(O)OP(=O)(O)O)C(OP(=O)(O)O)C1O,2
COc1ccc2c(=O)cc(-c3ccc(O)c(O)c3)oc2c1OC1OC(CO)C(O)C(O)C1O,2
Nc1ncnc2c1ncn2C1OC(COP(=O)(O)[P+]([O-])(O)O)C(O)C1O,2
CCC(C)C(N)C(=O)NC(CC(N)=O)C(=O)NC(CC(N)=O)C(=O)NC(Cc1ccccc1)C(=O)O,2
O=C(CC(=O)C(F)(F)F)c1cccs1,1
C=C1C2CCC3C4(C)CC(OC5OC(CO)C(O)C(O)C5OC(=O)CC(C)C)CC(C(=O)O)C4CCC3(C2)C1O,2
Nc1ncnc2c1ncn2C1OC(COP(=O)(Cl)Cl)C(O)C1O,2
COc1ccc(C2CC(=O)c3c(OC)cc(OC4OC(COC5OC(C)C(O)C(O)C5O)C(O)C(O)C4OC)cc3O2)cc1OC,2
CC(=O)C1OC(CC2C(OC3CC(C)(C)C4CCC5(C)C(C(=O)C=C6C7CC(C)(C(=O)O)CCC7(C)CCC65C)C4(C)C3)OC(C(=O)O)C(O)C2O)C(O)C(O)C1O,2
CC1OC(OCC2OC(Oc3cc(O)c4c(=O)cc(-c5ccc(O)cc5)oc4c3O)C(O)C(O)C2O)C(O)C(O)C1O,2
CCC1=C(O)COC1=O,1
CNS(=O)(=O)c1ccc(NC(=O)NC(CC(=O)O)C(=O)NC(Cc2ccccc2)C(=O)OC)cc1,2
Nc1nc(Br)nc2c1ncn2C1OC2COP(=O)(O)OC2C1O,2
CC(C)C(=O)OCC(C)c1ccccc1,4
OCC1OC(OC2C(F)OC(CO)C(O)C2O)C(O)C(O)C1O,2
CC1OC(OC2C(O)OC(CO)C(OC3OC(C)C(O)C(O)C3O)C2O)C(O)C(O)C1O,2
NCC(=O)NCC(=O)NC(CC(=O)O)C(=O)NC(Cc1ccccc1)C(=O)O,2
COC1OC(CO)C(OC)C(O)C1O,2
Nc1ncnc2c1ncn2C1OC(COP(=O)([O-])OP(=O)([O-])O)C(O)C1O.O.[Na+].[Na+],2
Nc1cc(C(=O)O)ccc1Cl,0
OCC1OC(OC2OC(C(O)F)C(O)C(O)C2O)C(O)C(O)C1O,2
CCC(C)C(NC(=O)C(CC(N)=O)NC(=O)C(N)C(C)C)C(=O)NC(Cc1ccccc1)C(=O)O,2
O=C(O)c1cn(C2CC2)c2cc(N3CCNCC3)c(F)cc2c1=O,0
COc1cc(OC2OC(CO)C(O)C(O)C2O)cc2oc(-c3cc(O)c(O)c(O)c3)cc(=O)c12,2
COCC1OC(OC2C(COC)OC(O)C(O)C2OC)C(O)C(OC)C1O,2
CC(NC(=O)C(N)C(C)C)C(=O)NC(CC(=O)O)C(=O)NC(Cc1ccccc1)C(=O)O,2
CC1[CH][CH][CH]C(OC2[CH]OC(O)C(O)C2O)O1,2
Cc1cc(Br)c(O)c(=O)c(Br)c1,1
Cc1nc(C)c(C)nc1C,4
CC(C)CC(N)C(=O)NC(CC(=O)O)C(=O)NC(Cc1ccccc1)C(=O)NC(C(=O)O)C(C)C,2
CC1(CO)CC(O)C2(C)CCC3(C)C(=CC(=O)C4C5(C)CCC(OC6OC(C(=O)O)C(O)C(O)C6OC6OC(C(=O)O)C(O)C(O)C6O)C(C)(C)C5CCC43C)C2C1,2
N#Cc1cccc(N)c1,2
O=c1c(O)c(-c2ccc(O)cc2)oc2cc(O)ccc12,0
CCC(C)C(NC(C)=O)C(=O)NC(CCC(C)C)CC(O)C(Cc1ccccc1)NC(=O)CCC(=O)OC,2
C=C1CCC2(C(=O)O)CCC3(C)C(=CCC4C5(C)CC(O)C(OC6OC(C(=O)O)C(O)C(OC7OC(C(=O)O)C(O)C(O)C7O)C6O)C(C)(C(=O)O)C5CCC43C)C2C1,2
COc1ccc(N)c(C(=O)O)c1,1
O=C(O)C12CCC(Br)(CC1)CC2,1
COC(=O)COC1OC2C(O)C(OC3CCC4(C)C(CCC5(C)C4CC=C4C6CC(C)(C)CCC6(C(=O)OC6OC(CO)C(O)C(O)C6O)CCC45C)C3(C)C)OC(C(=O)OC)C2OC1(O)C(=O)OC,2
C=C1C(=O)OC2CC(C)C(C(O)CC(C)OC(C)=O)=CCC12,0
COC(=O)CC1OC(Oc2cc(O)c3c(=O)cc(-c4ccc(O)c(OC)c4)oc3c2)C(O)C(O)C1O,2
CCCCCCCC(=O)OCC,2
COCCC(N)C(=O)NC(Cc1ccccc1)C(=O)O,2
CC(C)(O)C1CC=C(C=NO)CC1,0
CCC(CC(=O)O)(CC(=O)O)c1ccccc1,1
CCC(C)C(N)C(=O)NC(CCCCN)C(=O)NC(CC(=O)O)C(=O)NC(Cc1ccccc1)C(=O)O,2
CCCCC1OC(=O)CC1C,4
CCC(C(=O)O)S(=O)(=O)c1ccccc1,2
OC1COC(OCC2OC(OCC3OC(O)C(O)C(O)C3O)C(O)C(O)C2O)C(O)C1O,2
CC12C=CC(CC1)C(C)(C)O2,4
Nc1ccccc1C(=O)Oc1ccc2ccccc2c1,4
CCSC,4
COC(=O)C1OC(OC2CCC3(C)C(CCC4(C)C3CC=C3C5CC(C)(C)CCC5(C(=O)OC5OC(CO)C(O)C(O)C5O)CCC34C)C2(C)CO)C(O)C(OC2OC(CO)C(O)C(O)C2O)C1O,2
O=S(O)c1ccc(Cl)cc1,1
Nc1ncnc2c1ncn2C1OC(COP(=O)(O)OP(O)(=S)OP(=O)(O)O)C(O)C1O,2
O=C1c2ccccc2S(=O)(=O)N1COCN1C(=O)c2ccccc2S1(=O)=O,2
CC(N)C(=O)NC(CO)C(=O)NC(Cc1ccccc1)C(=O)O,2
CCOC(=O)C(F)[N+](=O)[O-],1
CCCOC1C(O)C(CO)OC(OC2C(CO)OC(O)C(O)C2O)C1O,2
CC1OC(O)C(OC2OC(CO)C(O)C(O)C2O)C(O)C1O,2
OCC1OC(OC2(CF)OC(CCl)C(O)C2O)C(O)C(O)C1O,2
OCC1OC(OCCCCOC2OC(CO)C(O)C(O)C2O)C(O)C(O)C1O,2
O=C(O)CCC(=O)C(=O)O,4
CCCC=CC(=O)OCCCCCC,4
C=C1CCC2(C(=O)OC3OC(CO)C(O)C(O)C3O)CCC3(C)C(=CCC4C5(C)CCC(OC6OC(C(=O)OCCCC)C(O)C(O)C6O)C(C)(C)C5CCC43C)C2C1,2
CCCCCCCCCCCCCC=O,4
CCCCCC(=O)O,1
COc1ccc(-c2coc3c(CCC(C)(C)O)c(OC4OC(CO)C(O)C(O)C4O)cc(O)c3c2=O)cc1OC,2
CC1CCC(=O)CC1,4
C=CCC1(CC(C)C)C(=O)NC(=O)NC1=O,0
COc1ccc(-c2cc(=O)c3c(OC4OC(COC5OC(C)C(O)C(O)C5O)C(O)C(O)C4O)cc(O)cc3o2)cc1O,2
O=C1CC(c2ccc(O)c(O)c2)Oc2cc(O)cc(O)c21,0
OCC(O)C(CO)OS,2
CCCCCCCCCCCCCCCCCCO,4
OCC1OC(OC2C(O)OC(CO)C(OC3OC(CO)C(O)C(O)C3O)C2O)C(O)C(O)C1O,2
C=C1CCC2C(=C)C(=O)OC2C=C(C)CCC1O,0
CC(C)CCOC1OC(C)C(O)CC1O,2
CC(=O)OCC(O)COC1OC(CO)C(O)C(O)C1O,2
NCCCCOP(N)(=O)OCC1OC(n2cnc3c(N)ncnc32)C(O)C1O,2
COC1OC(COC2OC(CO)C(O)C(O)C2O)C(O)C(OC2OC(C)C(O)C(O)C2O)C1O,2
COC1OC(COC2OC(C)C(O)C(O)C2O)C(O)C(O)C1O,2
CC1(C)CCC2(C(=O)OC3OC(CO)C(O)C(O)C3O)CCC3(C)C(=CCC4C5(C)CCC(OC6OC(CO)C(O)C(OC7OC(C(=O)O)C(O)C(O)C7O)C6O)C(C)(CO)C5CCC43C)C2C1,2
CCC(C)C(NC(=O)C(N)Cc1ccccc1)C(=O)NCC(=O)NC(CC(N)=O)C(=O)O,2
COc1ccc2c(=O)c(OC3OCC(OC4OC(CO)C(O)C(O)C4O)C(O)C3O)c(-c3cc(OC)c(O)c(OC)c3)oc2c1,2
COC1C(C)OC(O)C(O)C1(C)O,2
CCC(C)C(=O)C1=C(O)C(O)(C(=O)C=CC(C)(C)OO)C(CC=C(C)C)C1=O,0
COC(O)CCCOC1OC(C)C(O)C(O)C1O,2
CCCCCCCOC1OC(CO)C(OC2OC(CO)C(O)C(O)C2O)C(O)C1O,2
CC(NC(=O)C(N)CC(N)=O)C(=O)NC(Cc1ccccc1)C(=O)NC(Cc1ccccc1)C(=O)O,2
CNCC(O)c1cccc(O)c1,0
COC1CC(C)(C)CC2C3=CCC4C5(C)CCC(OC6OC(C(=O)O)C(O)C(O)C6OC6OC(CO)C(O)C(O)C6OC6OC(C)C(O)C(O)C6O)C(C)(C)C5CCC4(C)C3(C)CCC12C,2
O=C1CC(c2ccc(O)c(O)c2)Oc2cc(OC3OC(CO)C(O)C(O)C3O)cc(O)c21,2
COP(=O)(O)OCC1CC(O)C(n2cnc3c(N)ncnc32)O1,2
CCC(NC(=O)C(CC(=O)O)NC(=O)C(Cc1ccccc1)NC(=O)C(NC(=O)C(NC(=O)C(NC(=O)CCOC)C(C)CC)C(C)C)C(C)CC)C(=O)OC,2
CC(=O)c1c(C)c([N+](=O)[O-])c(C(C)(C)C)c([N+](=O)[O-])c1C,4
CCC(C)(C)CCNC(CC(=O)O)C(=O)NC(Cc1ccccc1)C(=O)OC,2
COC(=O)CC(C(=O)O)c1ccc([N+](=O)[O-])cc1,1
COc1ccc(-c2coc3cc(OC4OC(COC5OC(C)C(O)C(O)C5O)C(O)C(O)C4O)ccc3c2=O)cc1O,2
CCN(CC)CC(=O)Nc1c(C)cccc1C,0
CCCCCCCCCCC(=O)O,4
COc1ccc(COC=O)cc1,4
CC1OC(Oc2ccc(-c3cc(=O)c4c(O)c(O)c(OC5OC(C)C(O)C(O)C5O)cc4o3)cc2)C(O)C(O)C1O,2
CCCCCCCCCCO,2
CC(C)C([NH3+])C(=O)NC(Cc1ccccc1)C(=O)[O-],2
CC1(C)CC(O)C2(C)CCC3(C)C(=CCC4C5(C)CCC(OC6OC(C(=O)O)C(O)C(O)C6OC6OCC(O)C(O)C6O)C(C)(CO)C5CCC43C)C2C1,2
COC(=O)C1OC(OC2CCC3(C)C(CCC4(C)C3CC=C3C5CC(C)(C)CCC5(C(=O)OC)CCC34C)C2(C)CO)C(O)C(O)C1O,2
CC(NC(=O)C(N)CC(=O)O)C(=O)NC(CS)C(=O)NC(Cc1ccccc1)C(=O)O,2
CC(C)CC(NC(=O)C(CC(=O)O)NC(=O)C(N)C(C)C)C(=O)NC(Cc1ccccc1)C(=O)O,2
CC(C)CC(N)C(=O)NC(CCCN=C(N)N)C(=O)N1CCCC1C(=O)O,0
CC(C)CC(N)C(=O)NC(CO)C(=O)NC(CC(=O)O)C(=O)NC(Cc1ccccc1)C(=O)O,2
C=C1CC23CCC4C(C)(C(=O)OC5OC(CO)C(O)C(O)C5O)CCCC45CC(CC1(OC1OC(CO)C(O)C(OC4OC(CO)C(O)C(O)C4O)C1OC1OC(CO)C(O)C(O)C1O)C2)C35,2
CC(C)CC1NC(CC(C)C)SC(CC(C)C)S1,4
COc1cc(O)c2c(=O)c(OC3OC(COC4OC(C)C(O)C(O)C4O)C(O)C(O)C3O)c(-c3ccc(OC)c(OC)c3)oc2c1,2
CCOc1ccc(NC(=O)NC(C)=O)cc1,2
O=CC(OI)C(OI)C(O)C(O)CO,2
Cc1cccc(C)n1,4
COCC(C)(OC)C1CC=C(C)CC1,0
CC1(C2CC=C(C=NO)CC2)CO1,2
COc1cccc2c(=O)c3c(OC4OC(CO)C(O)C(O)C4O)cc(O)c(OC)c3oc12,2
C[B]P1(=O)OCC2OC(n3cnc4c(N)ncnc43)C(O)C2O1,2
CCC(C)C(NC(=O)CNC(=O)C(CC(=O)O)NC(=O)C(N)Cc1ccccc1)C(=O)O,2
N#Cc1ccc(N=C(NCC(=O)O)NC2CCCCCCCC2)cn1,2
CC(NC(=O)C(CC(=O)O)NC(=O)C(N)Cc1ccccc1)C(=O)NC(CCCCN)C(=O)O,2
O=C(OCCc1ccccc1)c1ccccc1O,4
CC1(C)CCC2(C(=O)O)CCC3(C)C(=CCC4C5(C)CCC(OC6OC(CO)C(O)C(O)C6OC6OC(C(=O)OO)C(O)C(O)C6O)C(C)(C)C5CCC43C)C2C1,2
CC1OC(Oc2c(O)c(OC3(CO)OCC(O)C(O)C3O)c(O)c3c(=O)cc(-c4ccc(O)cc4)oc23)C(O)C(O)C1O,2
CC(CC(=O)O)CC(=O)O,1
NCCCCC(N)C(=O)NC(CC(=O)O)C(=O)NC(Cc1ccccc1)C(=O)O,2
CC(CCCCO)OC1OC(C)C(O)CC1O,2
COc1cc2c(=O)cc(-c3ccc(O)c(OC4OCC(O)C(O)C4O)c3)oc2cc1OC1OC(C)C(O)C(O)C1O,2
COc1cccc(-c2cc(=O)c3c(O)c(OC)c(O)c(OC)c3o2)c1,0
CCCCC=CCCOC(=O)CC,4
OCC1OC(OCC2OC(O)C(O)C2O)C(O)C(O)C1O,2
O=C(CO)C(O)CC(O)CO,2
O=[N+]([O-])C(COCc1ccccc1)[N+](=O)[O-],1
CCOC1(CO)OC(CO)C(OC2OC(CO)C(O)C(O)C2O)C1O,2
Nc1ncnc2c1ncn2C1OC(COP2(=O)OP(=O)(O)OP(=O)(O)O2)C(O)C1O,2
CC(C)(O)CC(=O)OC1CC2(C)C(=CCC3C4(C)CCC(OC5OC(C(=O)O)C(O)C(OC6OCC(O)C(O)C6O)C5OC5OCC(O)C(O)C5O)C(C)(C)C4CCC32C)C2CC(C)(C(=O)O)CCC12C(=O)O,2
CCCSSSCCC,4
O=C(O)c1cc([N+](=O)[O-])cc2ccccc12,1
COC(=O)C1OC(OC2CCC3(C)C(CCC4(C)C3CC=C3C5CC(C)(C)CCC5(C(=O)OC5OC(COC6OC(COC(C)=O)C(OC7OC(C)C(O)C(O)C7O)C(O)C6O)C(O)C(O)C5O)CCC34C)C2(C)CO)C(O)C(O)C1O,2
C=CC(=C)CCC=C(C)C,4
OCC(O)CC(O)CO,2
CCOP(=O)(OCC)OCC1OC(n2cnc3c(N)ncnc32)C(O)C1O,2
CC(C)CC(N)C(=O)NC(CC(C)C)C(=O)NC(CC(=O)O)C(=O)NC(Cc1ccccc1)C(=O)O,2
c1ccc2ccccc2c1,4
COC1C(O)C(OC2CCC3(C)C(CCC4C3CCC3(C)C(C5=CC(=O)OC5)CCC43O)C2)OC(C)C1OC1OC(COC2OC(CO)C(O)C(O)C2O)C(O)C(O)C1O,0
O=C(O)c1ccc(Br)s1,1
CCOC(=O)CC(NC(=O)C(N)CC(=O)O)C(=O)OC,2
CC(=O)OC1C(OC(=O)/C=C/c2ccccc2)C2C(CCC3CC(OC4OC(CO)C(OC5OC(CO)C(OC6OC(CO)C(OC7OC(CO)C(OC8OC(CO)C(O)C(O)C8O)C(O)C7O)C(O)C6O)C(O)C5O)C(O)C4O)CCC32C)C2(O)CCC(C(C)=O)C12C,0
COc1cc2c(cc1O)CC1(O)COc3ccccc3C21,4
COC1OC(OCC2OC(C)C(O)C(O)C2O)C(O)C(O)C1O,2
COc1c(-c2cc(O)c(O)c(OC3OC(CO)C(O)C(O)C3O)c2)oc2cc(O)cc(O)c2c1=O,2
O=c1c(-c2ccc(O)cc2)coc2c(OC3OC(COC4OCC(O)C(O)C4O)C(O)C(O)C3O)c(O)ccc12,2
COC(=O)CCCc1ccccc1,2
[O-][n+]1cnc2c(ncn2[C@@H]2O[C@H](CO)[C@@H](O)[C@H]2O)c1O,1
COC1CC(O)C(C)OC1OC,2
CC(=O)OC(C)(C)C1CCC(C)CC1,4
CC1SCCC1=O,4
C=CC#CCC(=O)O,1
O=CC(O)C(O)C(O)(F)C(O)CO,2
C=CCC1(c2ccccc2)C(=O)NC(=O)NC1=O,0
COC(=O)C(Cc1ccccc1)NC(=O)CCN,2
COc1ccc(Sc2ccccc2C(=O)O)cc1,4
C=C1CC23CCC4C(C)(C(=O)O)CCCC4(C)C2CCC1(OC1OC(CO)C(O)C(OC2OC(CO)C(O)C(O)C2O)C1OC1OC(CO)C(O)C(OC2OC(CO)C(O)C(O)C2O)C1O)C3,2
OCCCOCC1OC(OC2OC(COCCCO)C(OCCCO)C(OCCCO)C2OCCCO)C(OCCCO)C(OCCCO)C1OCCCO,2
O=C(O)C1CCCCC1,1
NC(C(=O)CCC(=O)O)C(=O)OCc1ccccc1,1
CCOC(=O)c1ccc(O)cc1,4
NOP(=O)(O)OCC1OC(n2cnc3c(N)ncnc32)C(O)C1O,2
COc1cc(O)c2c(=O)cc(-c3ccc(OC4OC(CO)C(O)C(O)C4O)c(OC)c3)oc2c1,2
COC(=O)C(NC(=O)C(N)CC(=O)O)C(=O)OC1CCCCC1,2
CCC(C)SCC(=O)O,1
COc1ccc(-c2cc(=O)c3c(O)cc(O)c(OC4OC(C)C(O)C(O)C4O)c3o2)cc1O,2
CC1OC(Oc2cc(O)c3c(=O)cc(-c4ccc(O)c(O)c4)oc3c2)C(O)C(O)C1O,2
CCCCSSCC,4
CCC(=O)c1ccccc1,4
CCC(C)C(NC(=O)C(N)CCCCN)C(=O)NC(CC(=O)O)C(=O)NC(Cc1ccccc1)C(=O)O,2
COc1cc(-c2oc3cc(O)cc(O)c3c(=O)c2O)ccc1OC1OC(CO)C(O)C(O)C1O,2
NCCc1ccccc1,4
Nc1ccc2c(c1)S(=O)(=O)NC2=O,4
CCCc1nc(CC)sc1CC,4
CC(=O)OC1C(OC(C)=O)C2(C)C(C(O)C3C2C(C)C=C2OC(=O)C(C)(O)C23C)C2C(O)C(=O)C3CC4OC4C(OC(C)=O)C3(C)C12,0
CC(C)(N)P(=O)(O)O,1
CCC(N)C(=O)NC(CC(C)C)C(=O)NC(Cc1ccccc1)C(=O)OC,2
Cc1n[nH]c2nc(N)nc(=O)c-2n1,1
COc1ccc(C(=O)O)c(N)c1,1
CC1OC(OC2C(OC3C(OC4CCC5(C)C(CCC6(C)C5CC=C5C7CC(C)(C)CC(O)C7(C)C(O)CC56C)C4(C)C)OC(C(=O)O)C(O)C3O)OC(CO)C(O)C2O)C(O)C(O)C1O,2
CC1CC(O)C(O)C(OC2C(CO)OC(O)C(O)C2O)O1,2
CS(=O)(=O)c1nc2nc(N)ncc2[nH]1,1
CCCOC(=O)C(CC)NC(=O)C(N)CC(=O)O,2
CC1OC(OC2C(O)COC(Oc3c(-c4ccc(O)c(O)c4)oc4cc(O)cc(O)c4c3=O)C2O)C(O)C(O)C1O,2
Nc1ncnc2c1ncn2CC1OC2COP(=O)(O)OC2C1O,2
CCCCCCCCCCCCCCC(CC(=O)O)C(=O)NC(Cc1ccccc1)C(=O)NC,2
CC(N)C(=O)NC(CC(N)=O)C(=O)NC(CO)C(=O)NC(Cc1ccccc1)C(=O)O,2
CC(C)(C)C#CC(=O)O,1
OCC(O)C(O)C(CO)OC1OC(CO)C(O)C(OC2OC(CO)C(O)C(O)C2O)C1O,2
CC(C)c1ccc(C=NO)cc1,0
C=C1C2CCC(C2)C1(C)CCC=C(C)COC(C)=O,0
CCOC1OC(CO)C2OC(C)(C)OC2C1O,2
O=C(O)CC1CCCCC1,4
COc1cc(-c2coc3cc(OC4OC(COC(=O)CC(=O)O)C(O)C(O)C4O)cc(O)c3c2=O)ccc1O,2
O=C(O)CNC(=Nc1cc(Cl)cc(Cl)c1)Nc1cc(Cl)cc(Cl)c1,2
O=C(C=Cc1ccc(O)cc1)c1ccccc1,0
Nc1ncnc2c1ncn2C1OC(COCP(=O)(O)OP(=O)(O)OP(=O)(O)O)C(O)C1O,2
CC(=O)OC(=O)C(Cc1ccccc1)NC(=O)C(C)N(C(=O)CN)C(C)(C)C,2
CC(=CCO)COC1OC(CO)C(O)C(O)C1OC(=O)Cc1ccc(O)cc1,0
OCC1OC(O)C(O)C(O)C1(F)F,2
CC(NC(=O)C(N)Cc1ccccc1)C(=O)NC(CC(N)=O)C(=O)NC(Cc1ccccc1)C(=O)O,2
COc1ccc(C(=O)C=CC(=O)O)cc1,2
O=c1cc(-c2ccc(O)cc2)oc2c(O)c(OC3OCC(O)C(O)C3OC3OC(CO)C(O)C(O)C3O)cc(O)c12,2
CC=C(C)C(=O)Oc1ccc(-c2cc(=O)c3c(O)cc(OC4OC(CO)C(O)C(O)C4O)cc3o2)cc1O,2
Fc1cccc(F)c1N=NC(=NNc1ccccc1)c1ccccc1,2
COC(=O)C=Cc1ccco1,4
CC(C)(O)C=CC(=O)C(C)(O)C1C(O)CC2(C)C3CC=C4C(C=C(O)C(=O)C4(C)C)C3(C)C(=O)CC12C,0
CCCC(=O)OC(C)(C)Cc1ccccc1,4
CCC(C)C(NC(=O)C(Cc1ccccc1)NC(=O)CNC(=O)C(N)CC(N)=O)C(=O)O,2
CN(C)c1nc(N)c2ncn(C3OC(COP(=O)(O)O)C(O)C3O)c2n1,2
COC(=O)C(Cc1ccccc1C)NC(=O)C(CC(=O)O)NCCC(C)(C)C,2
CCC(=O)CO,2
C=C1CC23CCC4C(C)(C(=O)OC5OC(CO)C(OC6OC(CO)C(O)C(O)C6OC6OC(CO)C(O)C(O)C6O)C(O)C5O)CCCC4(C)C2CCC1(OC1OC(CO)C(O)C(O)C1OC1OC(CO)C(O)C(O)C1O)C3,2
C=C1CC23CCC4C(C)(C(=O)OC5OC(COC(C)=O)C(OC(C)=O)C(OC(C)=O)C5OC(C)=O)CCCC4(C)C2CCC1(OC1OC(COC(C)=O)C(OC(C)=O)C(OC(C)=O)C1OC1OC(COC(C)=O)C(OC(C)=O)C(OC(C)=O)C1OC(C)=O)C3,2
NCCCCC(N)C(=O)NCC(=O)NC(Cc1ccccc1)C(=O)NC(CC(N)=O)C(=O)O,2
COc1ccc(-c2coc3cc(OC4OC(COC5OC(CO)C(O)C(O)C5O)C(O)C(O)C4O)cc(O)c3c2=O)cc1O,2
CNc1nc(N)nc2c1ncn2C1OC(COP(=O)(O)OP(=O)(O)OP(=O)(O)O)C(O)C1O,2
CC(NC(=O)C(CCC(N)=O)NC(=O)C(Cc1ccccc1)NC(=O)C(N)CC(=O)O)C(=O)O,2
Nc1ncnc2c1ncn2C1OC(COP(=O)(O)OP(=O)(O)C(Br)(Br)P(=O)(O)O)C(O)C1O,2
CC(=O)OCC12C(CCC(C)(C)C1C=O)OC(=O)C13CC(CC(=O)C12)C(C)C3=O,4
COc1ccc(CNCC(C)(C)C)cc1O,4
COc1nc(N)c2ncn(C3OC(COP(=O)(O)O)C(O)C3O)c2n1,2
Nc1ncnc2c1ncn2C1OC(CO)C(OP)C1O,2
Cc1nn2c(C)n[nH]c2nc1=O,1
CC1OC(Oc2c(O)c(OC3OC(CO)C(O)C(O)C3O)c(O)c3c(=O)cc(-c4ccc(O)cc4)oc23)C(O)C(O)C1O,2
COc1cc(C2CC(=O)c3c(O)cc(OC4OCC(O)(CO)C4OC4OC(CO)C(O)C(O)C4O)cc3O2)ccc1O,2
C=CCCC(=O)OC,4
NNC(=O)COc1ccccc1,1
[B]P(=O)(OCC1OC(n2cnc3c(N)ncnc32)C(OC)C1O)OP(=O)(O)OP(=O)(O)O,2
OCC1OC(CO)(OC2OC(CO)C(O)C(O)C2O)CC1O,2
CC1OC(OC2C(OC(=O)C34CCC(C)(C)CC3C3=CCC5C6(C)CCC(OC7OC(C(=O)O)C(O)C(O)C7O)C(C)(C)C6CCC5(C)C3(C)CC4O)OCC(O)C2O)C(O)C(O)C1O,2
O=C(O)C1(S(=O)(=O)c2ccccc2)CCCC1,4
CCCCOCC1OC(OC)C(O)C(O)C1OCCCC,2
Cc1ccc(C=O)c(O)c1,0
NCC(=O)N[C@@H](Cc1c[nH]cn1)C(=O)O,1
CCCCCCCCC(=O)OC,2
CC(NC(=O)C(C)NC(=O)C(Cc1ccccc1)NC(=O)C(N)CC(=O)O)C(=O)O,2
CCC(C)C(N)C(=O)NC(C(=O)NC(CC(N)=O)C(=O)NC(Cc1ccccc1)C(=O)O)C(C)CC,2
CC(C)CNC(=O)C=CC=CCCc1ccc2c(c1)OCO2,4
CC1OCC(C(O)C(O)C(O)CO)OC1O,2
CC(Cl)C(=O)O,1
Nc1ncnc2c1ncn2C1OC(CO)C(OP(=O)(O)O)C1OP(=O)(O)O,2
OCC1OC(OC2C(CO)OC(OC3COC(O)C(O)C3O)C(O)C2O)C(O)C(O)C1O,2
CCC(C)C(NC(=O)C(Cc1ccccc1)NC(=O)C(N)CC(N)=O)C(=O)O,2
COC1C(COC2OC(CO)C(O)C(O)C2O)OC(O)C(O)C1O,2
C=C1CC23CCC4C(C)(C(=O)OCCCS(=O)(=O)O)CCCC4(C)C2CCC1(OC1OC(CO)C(OC2OC(CO)C(O)C(O)C2O)C(O)C1OC1OC(CO)C(O)C(O)C1O)C3,2
CCNC(CC(=O)O)C(=O)NC(CC(=O)OC)Cc1ccccc1,2
CCCOC(=O)C(NC(=O)C(N)CC(=O)O)C(C)O,2
COc1cc(-c2cc(=O)c3c(O)c(OC)c(O)c(OC)c3o2)ccc1OC1OC(CO)C(O)C(O)C1O,2
NC(Cc1ccccc1)C(=O)NC(CC(=O)O)C(=O)NC(CC(=O)O)C(=O)NC(CCC(=O)O)C(=O)O,2
COc1c(O)c2c(c(OC)c1OC)OC(c1c(O)cccc1OC1OC(CO)C(O)C(O)C1O)CC2=O,2
CCOC1OC(CO)C(F)C(O)C1O,2
CC1OC(OC2C(OC3CCC4(C)C(CCC5(C)C4CC(=O)C4C(C6(C)CCC(C(C)(C)O)O6)CCC45C)C3(C)C)OC(CO)C(O)C2OC2OC(C)C(O)C(O)C2O)C(O)C(O)C1O,2
Nc1ncnc2ncn(C3OC(COP(=O)(O)O)C(O)C3O)c12,2
CP(=O)(O)OP(=O)(O)OCC1OC(n2cnc3c(N)ncnc32)C(O)C1O,2
CCC=CCC1CCCC(=O)O1,4
COC(=O)c1ccc(NC(=O)NC(CC(=O)O)C(=O)NC(Cc2ccccc2)C(=O)OC)cc1,2
NC(Cc1ccccc1)C(=O)NCC(=O)NC(CC(=O)O)C(=O)NCC(=O)O,2
COc1cc(-c2oc3cc(O)cc(O)c3c(=O)c2OC2OC(COC3OC(CO)C(O)C(O)C3O)C(O)C(O)C2O)cc(OC)c1O,2
CC1OC(OC2C(Oc3cc(O)c4c(c3)OC(c3ccc(O)cc3)CC4=O)OC(CO)C(O)C2O)C(O)C(O)C1O,0
CCS,4
Cn1c(=O)[nH]c2[nH]c(=O)cnc2c1=O,1
CC(C)(C(=O)O)N(CC(=O)O)CC(=O)O,1
CCCCCN(C(=O)C(N)CC(=O)O)C(Cc1ccccc1)C(=O)OC,2
Cn1cnc([N+](=O)[O-])c1C[N+](=O)[O-],1
CCCOC1OC(CO)C(O)C(OC2CCCCC2)C1O,2
COC1OC(C)C(OC2OC(CO)C(O)C(O)C2O)C(OC2OC(CO)C(O)C(O)C2O)C1O,2
CC(C)=CCCC1=CCC(C=O)CC1,4
CN(C)C(=S)OCC(=O)O,1
NC(CCC(=O)O)C(=O)NC(CC(=O)O)C(=O)NCC(=O)NC(Cc1ccccc1)C(=O)O,2
CC(C)(OCC(=O)O)C(=O)O,1
CC(C)CC(NC(=O)C(N)Cc1ccccc1)C(=O)NC(C)C(=O)NC(CC(N)=O)C(=O)O,2
COP(=O)(O)OP(=O)(O)OP(=O)(O)OCC1OC(n2cnc3c(N)ncnc32)CC1O,2
COC(=O)C1OC(OC2CCC3(C)C(CCC4(C)C3C(=O)C=C3C5CC(C)(C(=O)OC)CCC5(C)CCC34C)C2(C)C)C(OC2OC(C(=O)OC)C(O)C(OC)C2O)C(O)C1O,2
CCCC/C=C\C(=O)O,1
CC(C)=CCCC(C)=CCCC(C)=CCCC=C(C)CCC=C(C)CCC=C(C)C,4
CC(N)C(=O)NCC(=O)NC(CCC(N)=O)C(=O)NC(Cc1ccccc1)C(=O)O,2
CCOC(=O)CCCc1ccccc1,2
COc1cccc2c1cc([N+](=O)[O-])c1c(C(=O)O)cc3c(c12)OCO3,0
COc1ccc(C2NC(=O)c3ccccc3O2)cc1O,4
Nc1ncnc2c1ncn2C1CC(O)C(COP(O)(=S)S)O1,2
CC1OC(OCC2OC(Oc3cc(O)c4c(=O)cc(-c5ccc(O)c(O)c5)oc4c3)C(O)C(O)C2O)C(O)C(O)C1O,2
CC(C)=CCCC(C)=CCOC(=O)Cc1ccccc1,4
CC(NC(=O)C(Cc1ccccc1)NC(=O)C(Cc1ccccc1)NC(=O)C(N)CC(=O)O)C(=O)O,2
OCC1OC(OC2(CF)OC(CF)C(O)C2O)C(O)C(O)C1F,2
COC(=O)C1OC(OC2CCC3(C)C(CCC4(C)C3CC=C3C5CC(C)(C)CCC5(C(=O)O)CCC34C)C2(C)CO)C(O)C(O)C1O,2
CCCN,4
CC(O)(O)C(O)(O)C(O)(O)C(O)C(O)(O)O,2
CCC(C)(O)C(=O)OC1C(=O)OC2CC3C(C)=CC(=O)C(O)C3(C)C3C4(O)OCC23C1C(C)C4O,0
O=C(O)c1cc(Cl)cc(C(=O)O)n1,1
CCCCOC(=O)C1OC(OC2CCC3(C)C(CCC4(C)C3CC=C3C5CC(C)(C)CCC5(C(=O)OC5OCC(O)C(O)C5OC5OC(C)C(OC6OCC(O)C(O)C6O)C(O)C5O)C(O)CC34C)C2(C)C)C(O)C(O)C1O,2
CCCCS(=O)O,1
COc1ccc(C2Sc3ccccc3S2)cc1O,2
CC(NC(=Nc1ccccc1)NCC(=O)O)c1ccccc1,2
COC(=O)C(COC(C)(C)C)NC(=O)C(N)CC(=O)O,2
CC1OC(O)CC(O)C1OC1OC(CO)C(O)C(O)C1O,2
OCC(O)C(O)C(OC1OC(C(O)CO)C(O)C1O)C(O)CO,2
Cn1cc[nH]c1=S,0
CC(Br)C(=O)O,1
Nc1ncnc2c1ncn2C1OC(COP2(=O)OSO2)C(O)C1O,2
Cc1ccc(C=CC=O)cc1,4
OCC1OC(OC2C(CO)OC(O)C(O)C2O)C(F)C(O)C1O,2
Nc1ncnc2c1ncn2C1CC(O)C(COP(=O)(O)C(=O)O)O1,2
CC(=O)CCc1ccc2c(c1)OCO2,2
CC1OC(OCC2OC(Oc3c(-c4ccc(O)cc4)oc4cc(O)cc(O)c4c3=O)C(OC3OC(C)C(O)C(O)C3O)C(O)C2O)C(O)C(O)C1O,4
CC(N)C(=O)NC(CC(=O)O)C(=O)N1CCCC1C(=O)NC(Cc1ccccc1)C(=O)O,2
CN(C)c1ncnc2c1nc(Br)n2C1OC(COP(=O)(O)O)C(O)C1O,2
Nc1ccc(OC2CC2)c([N+](=O)[O-])c1,2
COC1OC(C)C2OC(C)(OC)C(C)(OC)OC2C1O,2
O=C(O)C1=C(C(=O)O)CCC1,1
COc1cc(-c2oc3cc(OC4OC(C)C(O)C(O)C4O)ccc3c(=O)c2OC2OC(CO)C(O)C(O)C2O)ccc1O,2
CC(C)CC(N)C(=O)NC(Cc1ccccc1)C(=O)NCC(=O)NC(CC(=O)O)C(=O)O,2
CCOC1CCC(O)C(C)O1,2
COP(=O)(O)OP(=O)(OC)OP(=O)(OC)OCC1OC(n2cnc3c(N)ncnc32)CC1O,2
CC1(OC2OC(CO)C(Cl)C(O)C2O)OC(CCl)C(O)C1O,2
CCc1cnc(C)cn1,2
C=C1CC23CCC4C(C)(C(=O)OC5OC(CO)C(OC6OC(CO)C(OC7OC(CO)C(OC8OC(CO)C(O)C(O)C8O)C(O)C7O)C(O)C6O)C(O)C5O)CCCC4(C)C2CCC1(OC1OC(CO)C(OC2OC(CO)C(O)C(O)C2O)C(O)C1O)C3,2
CCCCCCCCCCCCCCCCCCCCC,4
CCOc1ccc([N+](=O)[O-])cc1N,2
CC(NC(=O)C(N)CC(=O)O)C(=O)NC(Cc1ccccc1)C(=O)O,2
CC(O)C(NC(=O)C(CC(=O)O)NC(=O)C(N)CCCCN)C(=O)NC(Cc1ccccc1)C(=O)O,2
CC(C)C(NC(=O)CNC(=O)C(N)CC(=O)O)C(=O)NC(Cc1ccccc1)C(=O)O,2
CC=CC(=O)O,4
CCOC(=O)C(C)SC(C)C(=O)O,1
N#Cc1[nH]nnc1N,1
Nc1ncnc2c1ncn2C1OC(COP(=O)(O)C(Br)P(=O)(O)O)C(O)C1O,2
O=C(O)CCN(CCC(=O)O)[N+](=O)[O-],1
Nc1ncnc2c1ncn2C1OC(CO)C(O)C1OP(=O)(O)OP(=O)(O)OP(=O)(O)O,2
CC(C)CC(NC(=O)C(CCC(N)=O)NC(=O)C(CC(=O)O)NC(=O)C(N)Cc1ccccc1)C(=O)O,2
C=C1CC23CCC4C(C)(C(=O)O)CCCC4(C)C2CCC1(OC1OC(CO)C(OC2OC(CO)C(OC4OC(CO)C(OC5OC(CO)C(OC6OC(CO)C(O)C(O)C6O)C(O)C5O)C(O)C4O)C(O)C2O)C(O)C1O)C3,2
CCC(C)C(NC(=O)CNC(=O)C(Cc1ccccc1)NC(=O)C(N)CC(=O)O)C(=O)O,2
CC(=CCO)COC1OC(CO)C(O)C(OC(=O)Cc2ccc(O)cc2)C1OC(=O)Cc1ccc(O)cc1,0
CCOCC1OC(CO)(OC2OC(CO)C(O)C(O)C2O)C(O)C1O,2
C=C1CC23CCC4C(C)(C(=O)OC5OC(CO)C(O)C(OC6OC(CO)C(O)C(O)C6O)C5OC5OCC(O)C(O)C5O)CCCC4(C)C2CCC1(OC1OC(CO)C(O)C(OC2OC(CO)C(O)C(O)C2O)C1OC1OC(CO)C(O)C(O)C1O)C3,2
CCCCCCC=CC=O,4
C=C1CC23CCC4C(C)(C(=O)OC5OC(CO)C(O)C(O)C5O)CCCC4(C)C2CCC1(OC1OC(CO)C(O)C(OC2OC(CO)C(O)C(O)C2O)C1OC1OC(COC2OC(CO)C(O)C(O)C2O)C(O)C(O)C1O)C3,2
Nc1ncnc2c1ncn2C1OC(COP2(=O)OCCCO2)C(O)C1O,2
Cc1ccccc1O,4
O=C(CCc1ccc(O)cc1)c1c(O)c(OC2OC(CO)C(O)C(O)C2O)c(O)c(OC2OC(CO)C(O)C(O)C2O)c1O,2
NC(=O)CC(N)C(=O)NC(Cc1ccccc1)C(=O)NC(CC(N)=O)C(=O)NC(CC(N)=O)C(=O)O,2
CC1(C(=O)O)CCC2(C)CCC3(C)C(=CC(=O)C4C5(C)CCC(OC6CC(O)C(O)C(C(=O)O)O6)C(C)(C)C5CCC43C)C2C1,2
Nc1ncnc2c1ncn2C1OC(COP(=O)(O)OS(=O)(=O)O)C(O)([P+](=O)[O-])C1O,2
CC(CCC(O)C(C)(C)OC1OC(CO)C(O)C(O)C1O)C1CCC2(C)C3CC=C4C(CCC(OC5OC(COC6OC(CO)C(O)C(O)C6O)C(O)C(O)C5O)C4(C)C)C3C(=O)CC12C,2
Cc1c(-c2ccc(O)c(O)c2)oc2cc(O)cc(OC3OC(C)C(O)C(O)C3O)c2c1=O,2
CC(C)CC(NC(=O)C(N)Cc1ccccc1)C(=O)NC(CC(C)C)C(=O)NC(CC(N)=O)C(=O)O,2
COc1ccc(-c2cc(=O)c3c(O)cc(OC4OC(CO)C(O)C(O)C4OC4OC(C)C(O)C(O)C4O)cc3o2)cc1O,2
N#Cc1ccc(O)c(C=CC(=O)O)c1,1
CCN(CC)c1ncnc2c1ncn2C1OC2COP(=O)(O)OC2C1O,2
COC1OC(C(O)O)C(O)C(O)C1O,2
CC(NC(=O)C(CC(=O)O)NC(=O)C(N)C(C)O)C(=O)NC(Cc1ccccc1)C(=O)O,2
CC(C)C(N)C(=O)NC(CCCCN)C(=O)NC(CC(N)=O)C(=O)NC(Cc1ccccc1)C(=O)O,2
CCCCCCCCCCCCCC(=O)CC(O)COC(C)=O,0
Nc1ncnc2c1ncn2C1OC(COP(=O)(O)OP(=O)([O-])OP(=O)([O-])O)C(O)C1O.O.[Na+].[Na+],2
CO,4
CC1(C)C(=O)C(O)CC2C1=CCC1C2(C)C(=O)CC2(C)C(C(C)(O)C(=O)CC(O)C(C)(C)O)C(O)CC12C,0
CC(=O)OC1C(=O)c2c(O)cc(O)cc2OC1c1ccc(O)cc1,2
CC1(OC(=O)C=Cc2ccccc2)CC(O)C2(O)C=COC(OC3OC(CO)C(O)C(O)C3O)C12,0
CCCCCCCCOC1C(CO)OC(OC)C(O)C1O,2
OCC(O)C(O)C(O)C1CO[Sb]O1,2
CC(=O)C=CC12OC1(C)CCCC2(C)C,2
OCC1OC(OC2C(O)COC(O)C2O)C(O)C(O)C1O,2
Nc1ncnc2c1ncn2C1OC(COP(=O)(O)NOS(=O)(=O)O)C(O)C1O,2
COCC1OC(n2cnc3c(N)ncnc32)C(O)C1OP(=O)(O)OP(=O)(O)OP(=O)(O)O,2
CCCC=CC=O,2
COc1ccc(C2CC(=O)c3c(O)cc(O)cc3O2)cc1OC1OC(CO)C(O)C(O)C1O,2
COC(=O)C(Cc1ccccc1)NC(=O)C(N)CCC(N)=O,2
COC(=O)C(Cc1ccc(F)cc1)NC(=O)CN,2
C=C(C)C1CC=C(COC(C)=O)CC1,4
COC1OC(CO)(OC)C(O)C(O)C1O,2
OCCC(O)C(O)CO,2
OCC1OC(OC2(CO)OC(O)C(O)C(O)C2O)C(O)C(O)C1O,2
CC(NC(=O)C(CC(=O)O)NC(=S)Nc1ccc(C#N)cc1)C(=O)NC(C1CC1)C1CC1,2
NOCC(=O)C(O)C(O)C(O)CO,2
[B]P(=O)(OCC1OC(n2cnc3c(N)nc(Cl)nc32)C(O)C1O)OP(=O)(O)OP(=O)(O)O,2
CCCCCCC#CC(=O)OC,4
OCC1CC(O)C(CO)(OC2OC(CO)C(O)C(O)C2O)O1,2
CC(C)C(NC(=O)C(N)Cc1ccccc1)C(=O)NCC(=O)NC(CC(=O)O)C(=O)O,2
CCCCCC(O)CC(=O)OCC,4
OCC1OC(O)C(O)C1OC1OCC(OC2OCC(O)C(O)C2O)C(O)C1O,2
Nc1ncnc2c1ncn2C1OC(COP(=O)(O)OP(=O)(O)OP(=O)(O)CP(=O)(O)O)C(O)C1O,2
CC1(C)CCC2(C(=O)OC3OC(CO)C(O)C(O)C3O)CCC3C(=CCC4C3(C)CCC3C(C)(C)C(OC5OC(C(=O)O)C(O)C(OC6OC(CO)C(O)C(O)C6O)C5O)CCC34C)C2C1,2
CC(CCC(=O)O)C(=O)O,1
CCC(C)C(NC(=O)CNC(=O)C(N)Cc1ccccc1)C(=O)NC(CC(N)=O)C(=O)O,2
COc1cc(-c2oc3cc(O)cc(O)c3c(=O)c2O)cc(OC2OC(CO)C(O)C(O)C2O)c1O,2
C=C1C(=O)OC2CC3(C)OC3CCC(C)=CC(OC(C)=O)C12,0
COc1ccc(Cc2nccc3cc(OC)c(OC)cc23)cc1OC,0
OCC(O)C(O)C(O)C(O)COC1CC(O)C(O)C(CO)O1,2
NC(C(=O)O)c1ccccc1,1
CCCCOc1ccc(NC(=O)N=O)cc1,2
NCCCCC(N)C(=O)NC(Cc1ccccc1)C(=O)NC(CC(=O)O)C(=O)NC(CC(=O)O)C(=O)O,2
OCC(O)C1OC(OCC2OC(O)C(O)C(O)C2O)C(O)C1O,2
CC(C)CC(N)C(=O)NC(Cc1ccccc1)C(=O)NC(C(=O)NC(CC(N)=O)C(=O)O)C(C)C,2
CC1OC(OC2C(C)OC(CO)C(O)C2O)C(O)C(O)C1O,2
CC1OC(OC2C(c3c(O)cc4oc(-c5ccc(O)c(O)c5)cc(=O)c4c3O)OC(CO)C(O)C2O)C(O)C(O)C1O,2
COC(=O)C1OC(OC2CCC3(C)C(CCC4(C)C3CC=C3C5C(C)C(C)CCC5(C(=O)O)CCC34C)C2(C)C)C(O)C(O)C1O,2
O=C(c1ccc(C(=O)O)c(C(=O)O)c1)c1ccc(C(=O)O)c(C(=O)O)c1,1
NC(=O)CCC(NC(=O)C(CC(=O)O)NC(=O)C(N)CCC(=O)O)C(=O)NC(Cc1ccccc1)C(=O)O,2
CCC(C(=O)O)C(=O)O,1
OCC1OC(OC2(O)C(CO)OC(O)C(O)C2O)C(O)C(O)C1O,2
C(=CC1OCCO1)c1ccccc1,4
CCCCCOC1CC(O)C(O)C(C)O1,2
CCC(C)C([NH3+])C(=O)NC(Cc1ccccc1)C(=O)[O-],2
CC1=CC(=O)C2C(C)CCC3C(C)C(=O)OC3C12,0
CC(NC(=O)C(Cc1ccccc1)NC(=O)C(N)CCCCN)C(=O)NC(CC(N)=O)C(=O)O,2
CC(C)CC(N)C(=O)NC(C)C(=O)O,0
CC1OC(OCC2OC(c3c(-c4ccc(O)c(O)c4)oc4cc(O)cc(O)c4c3=O)C(O)C(O)C2O)C(O)C(O)C1O,2
Nc1nnnc2c1ncn2C1OC(COP(=O)(O)O)C(O)C1O,2
COC(=O)CCSC,2
CCCCCC=CCCC(=O)NC(C)C(=O)NC(Cc1ccccc1)C(=O)OC,2
CC(N)C(=O)NC(Cc1ccccc1)C(=O)NC(CCCCN)C(=O)NC(CC(=O)O)C(=O)O,2
CC(C)CCCOc1ccc([N+](=O)[O-])cc1N,2
Nc1ncnc2c1ncn2C1OC(COP(=O)(O)OP(=O)(O)OOP(=O)(O)O)C(O)C1O,2
CC(C)OCCOc1ccc([N+](=O)[O-])cc1N,2
OCC1(O)OC(COC2OCC(O)C(O)C2O)C(O)C1O,2
CC(NC(=O)C(CC(=O)O)NC(=O)C(N)CC(=O)O)C(=O)NC1C(C)(C)SC1(C)C,2
NC(=O)CC(N)C(=O)NCC(=O)NC(CC(=O)O)C(=O)NC(Cc1ccccc1)C(=O)O,2
Cc1c(O)c(=O)ccn1C,0
OCC(O)C(CO)OCOC1CC(O)C(O)C(CO)O1,2
C=CC(C)(CCC=C(C)CCC=C(C)C)OC(C)=O,2
CC(C)(O)CCC(=O)C(C)(O)C1C(O)CC2(C)C3CC=C4C(C=C(OC5OC(CO)C(O)C(O)C5O)C(=O)C4(C)C)C3(C)C(=O)CC12C,0
O=[N+]([O-])c1cccc2ccccc12,0
CC1OC(OC2C(C)OCC(O)C2O)C(O)CC1O,2
NC(C(=O)O)C(CC(=O)O)C(=O)O,1
OCC(O)C(O)C(OC1OC(CO)C(O)C(OC2OC(CO)C(O)C(O)C2O)C1O)C(O)CO,2
CCCC(=O)OCC(CO)NC(=O)C(N)CC(=O)O,2
COC1OC(COCOCCOC2OC(CO)C(O)C(O)C2O)C(O)C(O)C1O,2
OCCC(O)C(O)CCO,2
C=CC(O)CC=CCC,4
Nc1ncnc2c1ncn2C1(Br)OC(COP(=O)(O)O)C(O)C1O,2
O[CH]CC(O)C(O)CO,2
CC(=O)c1cccc([N+](=O)[O-])c1O,1
CC(C)(C)OC(=O)CC(N)C(=O)NC(Cc1ccccc1)C(=O)OC(C)(C)C,2
CC1(C(=O)O)CCC2(C)CCC3(C)C(=CCC4C5(C)CC(OC6OC(C(=O)O)C(O)C(O)C6OC6OC(C(=O)O)C(O)C(O)C6O)CC(C)(C)C5CCC43C)C2C1,2
COc1ccc(C2Cc3cc(OC)c(OC)c(O)c3C(=O)O2)cc1OC,2
CC1OC2OC(C)(C)OC2C(O)C1O,2
OCC1OC(OC2C(O)C(O)COC2(O)CO)C(O)C(O)C1O,2
O=C(O)C[S+]([O-])c1cccc(Br)c1,1
CC(C)=CCC1=C(O)C(C(=O)CC(C)C)=C(O)C1O,0
CCCC(C)C(=O)O,1
OCC1OC(OC2CC(O)C(O)C(CO)O2)CC(O)C1O,2
CCC(C)C(NC(=O)C(Cc1ccccc1)NC(=O)C(CC(N)=O)NC(=O)C(N)CC(=O)O)C(=O)O,2
OCC1OC(OCC(O)C(O)C(O)C(O)COC2OC(CO)C(O)C(O)C2O)C(O)C(O)C1O,2
CCCCC=CC(=O)O,4
CCCCCCOCC(CO)OC1OC(CO)C(O)C(O)C1O,2
OCOCC1(OC2OC(CO)C(O)C(O)C2O)OC(CO)C(O)C1O,2
Cn1c(=O)[nH]c2[nH]c(=O)c(=O)[nH]c2c1=O,1
NCC(=O)NC(CS)C(=O)NC(CC(=O)O)C(=O)NC(Cc1ccccc1)C(=O)O,2
CC(C)C(NC(=O)CN)C(=O)NC(Cc1ccccc1)C(=O)NC(CC(N)=O)C(=O)O,2
CCC(C)C(=O)OC(C)C1(O)CCC2(O)C3CCC4CC(OC5CC(OC)C(OC6CC(OC)C(OC7OC(C)C(OC8OC(CO)C(O)C(O)C8O)C(OC)C7O)C(C)O6)C(C)O5)CCC4(C)C3CC(OC(C)=O)C12C,0
CC(N)C(=O)NC(CC(=O)O)C(=O)NC(Cc1ccccc1)C(N)=O,2
[CH2]C(O)C(O)C(O)CO,2
COC1C(O)OC(COC2OCC(O)C(O)C2O)C(O)C1OC,2
CCOC(=O)c1ccccc1N,2
O=c1c([N+](=O)[O-])c[nH]cc1[N+](=O)[O-],1
Clc1cc2[nH]c(Cl)nc2cn1,1
COC(=O)C1OC(OC2C(OC3CCC4(C)C(CCC5(C)C4C(=O)C=C4C6CC(C)(C(=O)OC)CCC6(C)CCC45C)C3(C)C)OC(C(=O)OC)C(OC)C2OC)C(OC)C(OC)C1OC,2
N#Cc1ccc(N=C(NCC(=O)O)NS(=O)(=O)Cc2ccccc2)cc1,2
N#Cc1ccc(N=C(NCC(=O)O)NCc2ccccc2)cc1,2
O=C(O)c1ccc(Cl)cc1,1
Cn1c(N)nc2nccnc2c1=O,1
OCC(O)OC(COC1OC(CO)C(O)C(O)C1O)C(O)CO,2
COc1ccc(CCCCc2ccccc2)cc1O,4
O=C(O)C1=C(C(=O)O)CCCC1,1
NC(=O)C(CC(=O)O)NC(=O)CCCc1ccccc1,2
O=C(O)c1cc(Br)ccc1O,1
CC(NC(=O)C(Cc1ccccc1)NC(=O)C(CC(=O)O)NC(=O)C(N)CCCCN)C(=O)O,2
CCOc1cc(C=O)ccc1OC(=O)C(C)C,2
CC(C)=CCCC(C)=CCCC(C)=CC=O,4
COC(=O)C(Cc1ccccc1)NC(=O)C(N)CC(=O)[O-].C[N+](C)(C)CC(O)CC(=O)[O-].[K+],2
CSCCC(N)C(=O)NO,1
CC(C)CC(NC(=O)C(Cc1ccccc1)NC(=O)C(CC(=O)O)NC(=O)C(N)CC(N)=O)C(=O)O,2
CCCCCCCCCCCCCCCC(=O)OC,4
COc1c(O)ccc(-c2cc(=O)c3c(O)cc(OC4OC(CO)C(O)C(O)C4OC4OC(C)C(O)C(O)C4O)cc3o2)c1OC,2
O=C(/C=C\c1ccc2c(c1)OCO2)N1CCCCC1,0
COc1cc(OC2OC(CO)C(O)C(O)C2O)c2c(=O)c3c(O)ccc(OC)c3oc2c1,2
CC(C)C1NC(=O)C(C(C)C)NC1=O,0
Nc1ncnc2c1ncn2C1OC(COP(=O)(O)CP(=O)(O)CP(=O)(O)O)C(O)C1O,2
O=C(O)[C@H]1C[C@H](C(=O)O)C1,1
CC(O)(CO)OC1OC(CO)C(O)C(O)C1O,2
OCC1OC(OC2(CO)OC(CO)C(O)C2OB(O)O)C(O)C(O)C1O,2
CCC(C)C(NC(=O)C(N)Cc1ccccc1)C(=O)OC,2
CCc1nc(C)c(C)o1,4
COc1c(O)cc2c(c1O)C(=O)C(OC(C)=O)C(c1ccc(O)cc1)O2,2
OCC1OC(OC2(CO)OC(CO)C2O)C(O)C(O)C1O,2
CC1CCC(C(C)C)C(C(=O)Nc2ccc(CC#N)cc2)C1,4
CC1(C(=O)O)CCC2(C)CCC3(C)C(=CCC4C5(C)CCC(OC6OC(CO)C(O)C(O)C6OC6OC(C(=O)O)C(O)C(O)C6O)C(C)(C)C5CCC43C)C2C1,2
CC(COC(=O)C1CCC1)NC(=O)C(N)CC(=O)O,2
COCC(Cc1ccccc1)NC(=O)C(CC(=O)O)NC(=O)OC(C)(C)C,2
COc1ccc(OC2C=CC(c3ccccc3)OC2CON=C2C3CCn4c(=O)n(-c5ccccc5)c(=O)n4C3C(O)C3OC23)cc1,4
NNC(=O)c1ccncc1,1
O=CC(O)C(=O)C(O)C(O)CO,2
CC(NC(=O)C(CC(=O)O)NC(=O)C(CO)NC(=O)C(N)Cc1ccccc1)C(=O)O,2
CCC(=O)O,1
COC(=O)C(Cc1ccccc1)NC(=O)C(CC(=O)O)NCCc1ccccc1,2
CN1C2CCC1CC(OC(=O)C(CO)c1ccccc1)C2,0
CCCCCCCCC(=O)C(C)=O,4
CCCCCCCCCCCCCCCCCC(=O)OC1C(O)C(C(=O)O)OC(OC2CCC3(C)C(CCC4(C)C3C(=O)C=C3C5CC(C)(C(=O)O)CCC5(C)CCC34C)C2(C)C)C1OC1OC(C(=O)O)C(O)C(O)C1O,2
COC(CO)C1OC(O)C(O)C1OC,2
C=C(C)C1C=C2C(C)CCC2C(C)CC1,4
O=[N+]([O-])c1cc(O)cc(O)c1,1
Nc1ncnc2c1ncn2C1OC(COP(=O)(O)OCC(O)CO)C(O)C1O,2
O=C(O)OCC1(OC2OC(CO)C(O)C(O)C2O)OC(CO)C(O)C1O,2
NCC(=O)NC(CC(N)=O)C(=O)NC(CC(N)=O)C(=O)NC(Cc1ccccc1)C(=O)O,2
COc1cc(-c2cc(=O)c3c(O)cc(O)cc3o2)ccc1OC1OC(CO)C(O)C(O)C1O,2
CC(=O)OCC(C)C1CC=C(C)CC1,4
[N-]=[N+]=NP(=O)(O)OP(=O)(O)OP(=O)(O)OCC1OC(n2cnc3c(N)ncnc32)C(O)C1O,2
C/C=C(\C)C(=O)OC1CC2C(CC=C3CC(O)CCC32C)C2(O)CCC(C(C)=O)C12C,0
CC(NC(=O)C(Cc1ccccc1)NC(=O)C(CC(=O)O)NC(=O)CNC(=O)C(CC(N)=O)NC(=O)CNC(=O)C(N)CC(N)=O)C(=O)O,2
CC1OC(OC(CO)COC2OC(CO)C(O)C(O)C2O)C(O)C(O)C1O,2
CCCCCCCNC(CC(=O)O)C(=O)Nc1ccc(C#N)cc1,2
OCC1OOCC(O)C1O,2
CC(=O)c1cccn1C,4
CCC(C)C(=O)OCCc1ccccc1,2
O=C(O)c1ccc(O)c(=O)cc1,1
CC(C)C(NC(=O)C(Cc1ccccc1)NC(=O)C(N)CC(=O)O)C(=O)NCC(=O)O,2
Nc1ncnc2c1ncn2C1COC(COP(=O)(O)O)C1O,2
CCCCCC(O)CCCC(=O)OCC(O)CO,4
C=C1CC23CCC4C(C)(C(=O)OC5OC(CO)C(O)C(OC6OC(CO)C(O)C(O)C6O)C5OC5OC(C)C(O)C(O)C5O)CCCC4(C)C2CCC1(OC1OC(CO)C(O)C(OC2OC(CO)C(O)C(O)C2O)C1OC1OC(CO)C(O)C(O)C1O)C3,2
NC(Cc1ccccc1)C(=O)NC(CC(=O)O)C(=O)NCC(=O)NC(CCC(=O)O)C(=O)O,2
Nc1ncnc2c1ncn2C1OC(CO[P+](O)([S-])O[P+](O)(O)[S-])C(O)C1O,2
CC(C)CC(N)C(=O)NC(CC(=O)O)C(=O)NC(Cc1ccccc1)C(=O)NCC(=O)O,2
CC1(C)CCC2(C(=O)OC3OC(CO)C(O)C(O)C3O)C(O)CC3(C)C(=CCC4C5(C)CCC(OC6OC(C(=O)O)C(O)C(OC7OC(CO)C(O)C(O)C7O)C6OC6OC(CO)C(O)C(O)C6O)C(C)(C)C5CCC43C)C2C1,2
COc1ccc2oc3cc(O)cc(OC4OC(CO)C(O)C(O)C4O)c3c(=O)c2c1O,2
CC1OC(OC(CO)C(O)C(O)C(O)CO)C(O)C(O)C1O,2
CC1(c2ccccc2)C(=O)NC(=O)NC1=O,0
CC(C)C(NC(=O)C(CC(N)=O)NC(=O)CN)C(=O)NC(Cc1ccccc1)C(=O)O,2
COP(=O)(OC)c1cccc(C(=O)O)c1,1
COC(=O)C1OC(OC2CCC3(C)C(CCC4(C)C3CC=C3C5CC(C)(C)CCC5(C(=O)OC5OC(COC(C)=O)C(OC(C)=O)C(OC(C)=O)C5OC(C)=O)CCC34C)C2(C)C)C(OC2OCC(OC(C)=O)C(OC(C)=O)C2OC(C)=O)C(OC(C)=O)C1OC1OCC(OC(C)=O)C(OC(C)=O)C1O,2
C=CCCCCCCCCC(=O)OCCCC,4
CC(=O)C1=NCCS1,4
O=C(CO)C(F)C(O)C(O)CO,2
OCC1OC(OCC2CC(OI)C(O)CO2)C(O)C(O)C1O,2
CC(C)(C)COP(=O)(O)OP(=O)(O)OCC1OC(n2cnc3c(N)ncnc32)C(O)C1OP(=O)(O)O,2
CC1(C)COC(=O)C1O,4
O=C(O)c1nc2c(=O)[nH]c(=O)[nH]c2[nH]c1=O,1
COc1cc(-c2coc3cc(O)c(OC)c(O)c3c2=O)ccc1OC1OC(CO)C(O)C(O)C1O,2
COCCC(NC=O)C(=O)NC(CC(C)C)C(=O)NC(Cc1ccccc1)C(=O)OC,2
NC(Cc1ccccc1)C(=O)NCC(=O)NCC(=O)NC(Cc1ccccc1)C(=O)O,0
O.O=S1(=O)N=C([O-])c2ccccc21.O=S1(=O)N=C([O-])c2ccccc21.[Zn+2],2
CC1(C)CC(OC2OCC(O)C(O)C2O)C2(C)CCC3(C)C(=CC(=O)C4C5(C)CCC(OC6OC(C(=O)O)C(O)C(O)C6OC6OC(CO)C(O)C(OC7OC(CO)C(O)C(O)C7O)C6O)C(C)(CO)C5CCC43C)C2C1,2
COC1OC(CO)C(OC2OC(CO)C(O)C(O)C2O)C(O)C(O)C1O,2
CC(O)CCCOC1OC(CO)C(O)C(O)C1O,2
COC(=O)C(Cc1ccccc1)NC(=O)C(N)CC(=O)O.[Cl-].[H+],2
CC=C1C(O)OC=C(C(=O)OC)C1CC(=O)OCCc1ccc(O)c(O)c1,0
COC1OCC(O)C(O)C1OC1OC(CO)C(O)C(O)C1O,2
COC1C(O)C(O)OC(COC2OC(CO)C(O)C(OC)C2O)C1O,2
CC1OC(OC2C(Oc3cc(O)c4c(=O)cc(-c5ccc(O)c(O)c5)oc4c3)OC(CO)C(O)C2O)C(O)C(O)C1O,2
CCOc1ccc(-c2coc3c(OC4OC(CO)C(O)C(O)C4O)c(OCC)ccc3c2=O)cc1,2
COc1cc(CNC(=O)CCCCCC(C)C)ccc1O,4
CC(NC(=O)C(CC(=O)O)NC(=O)C(N)CO)C(=O)NC(C(=O)NC(Cc1ccccc1)C(=O)O)C(C)C,2
O=C(O)C/C=C\Cl,1
C[Si](C)(C)c1ccc(C(=O)O)cc1,1
CCOC(=O)CC(=O)OCC,2
O=C(O)CCNC(=O)Oc1ccc([N+](=O)[O-])cc1,2
CC1OC(OC2OC(C)C(O)C(O)C2O)C(O)C(O)C1O,2
COc1cc(C=CC(=O)Nc2ccccc2C(=O)O)ccc1O,0
CC(Cc1ccc(NS(C)(=O)=O)cc1)NC(=O)C(N)CC(=O)O,0
NC(Cc1ccccc1)C(=O)NC(CC(=O)O)C(=O)NCC(=O)NCC(=O)O,2
CCCCCCOC1CC(O)C(O)C(CO)O1,2
C=C1C(=O)OC2C1CCC(=C)C1CC(OC(C)=O)C(=C)C12,0
CC(C)=CCC12CC3C(CC(C(C)(C)O)C3(C)C)(C(=O)C(C(=O)CC(C)C)=C1O)C2=O,0
ClC(Cl)Cl,2
COC(=O)CC1C2(C)C3=C(C)C(c4ccoc4)CC3OC2C(OC(C)=O)C2C(C)(C(=O)OC)C=CC(=O)C21C,0
COc1ccc(-c2oc3cc(O)cc(O)c3c(=O)c2OC2(O)C(OC(=O)O)OCC(O)C2O)cc1O,2
CC(N)C(=O)NC(Cc1ccccc1)C(=O)NC(CC(=O)O)C(=O)NC(CCC(=O)O)C(=O)O,2
C=C1CCCC2(C)CCC(C(C)(C)O)CC12,4
CC(O)Cc1nc2c(N)ncnc2n1C1OC(COP(=O)(O)O)C(O)C1O,2
CC1(C)CCC2(C(=O)OC3OC(CO)C(O)C(O)C3O)CCC3(C)C(=CCC4C5(C)CCC(OC6OC(C(=O)O)C(O)C(O)C6OC6OC(CO)C(O)C6O)C(C)(C)C5CCC43C)C2C1,2
COc1ccc(-c2oc3cc(OC4OC(CO)C(O)C(O)C4O)cc(O)c3c(=O)c2O)cc1OC,2
O=C(O)c1cc(Br)c[se]1,1
CCOC(=O)OC1OC(CO)C(O)C(O)C1O,2
NC(CC(=O)O)C(=O)NC(CC(=O)O)C(=O)NC(Cc1ccccc1)C(=O)NC(CC(=O)O)C(=O)O,2
COc1cc(-c2oc3cc(O)cc(O)c3c(=O)c2OC2OC(C)C(O)C(O)C2O)cc(OC)c1O,2
CC(C)CCOC(=O)C(C)C,4
COc1cccc(O)c1C#N,1
CCCCCCOC1C(O)C(O)OC(CO)C1O,2
CC(C)CC(N)C(=O)NC(CC(N)=O)C(=O)NC(Cc1ccccc1)C(=O)O,2
O=c1cc(-c2ccc(O)cc2)oc2cc(OC3OC(CO)C(O)C(O)C3O)c(O)c(O)c12,2
CCCCOCC1OC(OC(=O)C23CCC(C)(C)CC2C2=CCC4C5(C)CCC(OC6OC(C(=O)O)C(O)C(O)C6O)C(C)(C)C5CCC4(C)C2(C)CC3)C(O)C(O)C1O,2
CC(C)CNC(=O)C=CC=CCCCCCCC=Cc1ccc2c(c1)OCO2,4
C=C1CC23CCC4C(C)(C(=O)OC5OC(CO)C(O)C(OC6OC(CO)C(O)C(O)C6O)C5OC5OC(CO)C(O)C(O)C5O)CCCC4(C)C2CCC1(OC1OC(CO)C(O)C(OC2OC(CO)C(O)C(O)C2O)C1OC1OC(CO)C(O)CC1O)C3,2
CN(C)c1ccn([C@@H]2O[C@H](CO)[C@@H](O)[C@H]2O)c(=O)n1,1
CCCOC1OC(COC2OCC(O)C(O)C2O)C(O)C(O)C1O,2
CCC=CCCCC=O,4
COc1ccc(-c2cc(=O)c3c(OC)cc(OC4OC(C)C(O)C(O)C4O)cc3o2)cc1O,2
COc1c(OC2OC(CO)C(O)C(O)C2O)cc2c(c1O)C(=O)C(O)C(c1ccc(O)c(O)c1)O2,2
CC(C)OC(=O)Cc1ccccc1,2
CC(NC(=O)C(CC(N)=O)NC(=O)C(N)CC(=O)O)C(=O)NC(Cc1ccccc1)C(=O)O,2
COC(=O)C1OC(OC2C(OC3CCC45CC46CCC4(C)C(C(C)C7CC=C(C)C(=O)O7)CCC4(C)C6CCC5C3(C)C(=O)OC)OC(CO)C(O)C2O)C(O)C(O)C1O,4
COC1OC(C(C)O)C(O)C(O)C1O,2
CC(O)(O)C(O)C(O)C(O)CO,2
CC1COC(C)O1,4
COc1c(OC2OC(CO)C(O)C(O)C2O)cc2c(c1O)C(=O)CC(c1cc(O)cc(O)c1)O2,2
CC(=O)NC(CC(C)C)C(=O)NC(CC(=O)O)C(=O)NC(C)C(=O)NC(CC(=O)O)C(=O)NC(Cc1ccccc1)C(=O)O,2
C=C1C(=O)C23C(O)C1CCC2C12COC3(O)C(O)C1C(C)(C)CCC2O,0
C=CC(=O)CC=CCC,4
CC(NC(=O)C(N)Cc1ccccc1)C(=O)NC(CC(=O)O)C(=O)NC(CCC(N)=O)C(=O)O,2
CCCCOCCOC1OC(CO)C(O)C(O)C1O,2
OCC(O)COC1C(O)OC(CO)C(O)C1O,2
COC(=O)CC(NC(=O)C(N)Cc1ccccc1)C(=O)OC,2
CNC(=O)c1nc(C=O)c(N)[nH]c1=O,1
COc1cc(C(O)C(COC2OC(CO)C(O)C(O)C2O)Oc2c(OC)cc(-c3cc(=O)c4c(O)cc(O)cc4o3)cc2OC)ccc1O,2
CC1(C)CC(=O)C2(C)CCC3(C)C(=CCC4C5(C)CCC(OC6OC(C(=O)O)C(O)C(O)C6O)C(C)(CO)C5CCC43C)C2C1,2
OCC1OC(OC2(O)OC(CO)C(O)C2O)C(O)C(O)C1O,2
OCC(O)COOCC1OC(OC2(CO)OC(CO)C(O)C2O)C(O)C(O)C1O,2
COC(=O)C(NC(C)=O)C(C(=O)OC)c1ccccc1,2
C=Cc1nc2c(N)ncnc2n1C1OC(COP(=O)(O)OP(=O)(O)OP(=O)(O)O)C(O)C1O,2
Nc1nc(N)c2c(ncn2C2OC(CO)C(O)C2O)n1,2
O=C(O)CC(OC1OC(CO)C(O)C(O)C1O)C(=O)O,3
COc1cc(OC2OC(COC3OCC(O)C(O)C3O)C(O)C(O)C2O)c2c(=O)c3c(OC)c(O)ccc3oc2c1,2
CCCSSc1ccoc1C,4
CC(C)(C)c1cccc(C(=O)O)c1,1
COCC1OC(OC2OCC(O)C(O)C2O)C(OC)C(O)C1O,2
CC1(OC2OC(CO)C(O)C(O)C2O)OC(CO)C(O)C(O)C1O,2
O=C1C(=Cc2ccco2)C(CO)[n+]2cc([O-])c(Cc3ccco3)c(CO)c21,0
CCCCCCOC(=O)C1OC(OC2C(OC3CCC4(C)C(CCC5(C)C4C(=O)C=C4C6CC(C)(C(=O)OCCCCCC)CCC6(C)CCC45C)C3(C)C)OC(C(=O)OCCCCCC)C(O)C2O)C(O)C(O)C1O,2
C=CCSc1nc2c(ncn2C2OC(COP(=O)(O)O)C(O)C2O)c(=O)[nH]1,3
CC(C)C(C)C(O)C(O)C(C)C1CCC2C3CC(=O)C4CC(OC5OC(CO)C(OC6OC(CO)C(O)C(O)C6O)C(O)C5O)CCC4(C)C3CCC12C,2
COC(=O)COC1OC2C(O)C(OC3CCC4(C)C(CCC5(C)C4CC=C4C6CC(C)(C)CCC6(C(=O)OC6OC(CO)C(O)C(O)C6O)CCC45C)C3(C)C)OC(C(=O)O)C2OC1(O)C(=O)O,2
NC(CC(=O)O)C(=O)NC(Cc1ccccc1)C(=O)OCC=O,2
O=C1CCC2CCCCC2O1,2
O=C(C=Cc1ccc(O)c(O)c1)c1ccc(O)cc1O,0
CCC1OCC2OC(OC)C(O)C(O)C2O1,2
NCCCCC(NC(=O)C(Cc1ccccc1)NC(=O)C(CCCCN)NC(=O)C(N)CC(=O)O)C(=O)O,2
COC1(CCO)CC(O)C(CO)O1,2
NCCCCC(NC(=O)C(Cc1ccccc1)NC(=O)C(N)CC(=O)O)C(=O)NC(CC(N)=O)C(=O)O,2
CC(OC1OC(CO)C(O)C(O)C1O)C1CO1,2
CCCCC=CC(C)O,4
COc1ccc(C=CC(=O)c2ccc(OC3OC(CO)C(O)C(O)C3O)c(O)c2O)cc1O,2
COC1OC2COC3(OC(C)C(O)C(O)C3O)OC2C(O)C1O,2
Nc1ncnc2c1ncn2C1OC(CO)C(OP(=O)(O)OP(=O)(O)OP(=O)(O)O)C1O,2
CC(=O)NC(Cc1ccccc1)C(=O)NC(C)C(=O)NC(CC(C)C)C(=O)NC(CC(=O)O)C(=O)NC(C)C(=O)NC(CC(=O)O)C(=O)NC(Cc1ccccc1)C(=O)O,2
OCC1(O)OCC(O)C(O)C1O.[Ca+2].[OH-].[OH-],2
CC1OC(OC2C(CO)OC(OC3C(C(=O)O)OC(OC4CCC5(C)C(CCC6(C)C5CC=C5C7CC(C)(C)CC(O)C7(C)CCC56C)C4(C)CO)C(O)C3O)C(O)C2O)C(O)C(O)C1O,2
CCC(C)C(NC(=O)C(Cc1ccccc1)NC(=O)C(C)N)C(=O)NC(CC(N)=O)C(=O)O,2
CC1OC(O)C(O)(O)C(O)C1O,2
COc1cc(-c2cc(=O)c3c(O)cc(OC4OC(COC5OC(C)C(O)C(O)C5O)C(O)C(O)C4O)cc3o2)ccc1O,2
COC(=O)C1OC(OC2CCC3(C)C(CCC4(C)C3CC=C3C5CC(C)(C)CCC5(C(=O)O)CCC34C)C2(C)C)C(O)C(OC2OC(C)C(O)C(O)C2O)C1O,2
NOC(CO)C(O)C(O)CO,2
c1ccsc1,4
CC(=O)OC(C)(C)C=CC(=O)C(C)(O)C1C(O)CC2(C)C3CC=C4C(C=C(O)C(=O)C4(C)C)C3(C)C(=O)CC12C,0
COC1COC(OC2C(C)OC(OC)C(O)C2OC)C(O)C1O,2
CC(C)CC(NC(=O)C(N)CCC(N)=O)C(=O)NC(Cc1ccccc1)C(=O)NC(CC(N)=O)C(=O)N1CCCC1C(=O)NC(CO)C(=O)NC(C(=O)NC(CC(N)=O)C(=O)N1CCCC1C(=O)NC(Cc1c[nH]c2ccccc12)C(=O)NC(Cc1cnc[nH]1)C(=O)NC(CO)C(=O)N1CCCC1C(=O)O)C(C)O,0
COC1CC(CO)OC(OC)C1OC,2
Nc1ncnc2c1ncn2C1OC(COP(=O)(O)OP(=O)(O)OCC2OCC(O)C2O)C(O)C1OP(=O)(O)O,2
CC(C)CC(NC(=O)CNC(=O)C(N)Cc1ccccc1)C(=O)NC(CC(=O)O)C(=O)O,2
Nc1ncnc2c1ncn2C1OC2COP(O)(=S)OC1C2O,2
COCOC1C(CO)OC(OC)C(O)C1O,2
CCC(C)C(N)C(=O)NC(C)C(=O)NC(CC(N)=O)C(=O)NC(Cc1ccccc1)C(=O)O,2
COc1c(O)cc(OC2OC(CO)C(O)C(O)C2O)c2c(=O)cc(-c3ccccc3)oc12,2
O=S(=O)([O-])[O-].OCC1OC(OC2C(CO)OC(O)C(O)C2O)C(O)C(O)C1O.[K+].[K+],2
C=C1CC23CCC4C(C)(C(=O)OC5OC(CO)C(O)C(O)C5O)CCCC4(C)C2CCC1(OC1OC(CO)C(O)C(O)C1OC1OC(CO)C(OC2OC(CO)C(OC4OC(CO)C(O)C(O)C4O)C(O)C2O)C(O)C1O)C3,2
COc1ccc(CCC(=O)c2c(O)cc(OC3OC(COC4OC(C)C(O)C(O)C4O)C(O)C(O)C3O)cc2O)cc1O,2
CCCOC(=O)C(C)S,4
Nc1ccc(NC(=O)c2ccc([N+](=O)[O-])cc2)cc1,1
COC(C)(C)CCOc1ccc([N+](=O)[O-])cc1N,2
CCCCC(NC(=O)CCN)C(=O)NCC(=O)NC(Cc1ccccc1)C(=O)O,2
C=CCOC(=O)CCCCC1CCCCC1,4
OC1COC(OC2COC(O)C(O)C2O)C(O)C1O,2
COC1C(CO)OC(OC(C(O)CO)C(O)C(C)O)C(O)C1O,2
CCOC(C)CC,4
CC(=O)C=CCCC(C)C,4
COc1cc(O)c2c(=O)c3c(OC4OC(CO)C(O)C(O)C4O)ccc(O)c3oc2c1,2
OCC1OC(OCCCCCC(O)O)C(O)C(O)C1O,2
COc1cccc(SCC(=O)O)c1,1
CCCCCCNC(=Nc1ccc(C#N)cc1)NCC(=O)O,2
NCC(=O)NC(CO)C(=O)NC(CC(=O)O)C(=O)NC(Cc1ccccc1)C(=O)O,2
COC(=O)C12CCC(C(=O)O)(CC1)C2,1
O=c1cc(-c2ccc(O)c(OC3OC(CO)C(O)C(O)C3O)c2)oc2cc(OC3OC(CO)C(O)C(O)C3O)cc(O)c12,2
CC(C)=CCCC(C)=CCCC(C)=CCN1CCN(Cc2ccc3c(c2)OCO3)CC1,0
O=Nc1c(O)cc(S(=O)(=O)O)c2cn[nH]c12,1
COC(=O)C(Cc1ccccc1)NC(=O)C(CC(C)C)NC(=O)C(N)CO,2
CC12CC(c3ccoc3)OC(=O)C1CC1OC(=O)C3(O)C(OC4OC(CO)C(O)C(O)C4O)CCC2C13C,0
CCC=CCC=CCC1CCC(=O)O1,4
CC(C)CC(NC(=O)C(N)CC(=O)O)C(=O)NC(Cc1ccccc1)C(=O)O,2
CCCC(=O)SC,4
CC1(C)CC(OC2OC(CO)C(O)C(O)C2O)C2(C)CCC3(C)C(=CC(=O)C4C5(C)CCC(OC6OC(C(=O)O)C(O)C(O)C6OC6OC(C(=O)O)C(O)C(O)C6O)C(C)(C)C5CCC43C)C2C1,2
COc1cc(-c2cc(=O)c3c(O)cc(OC4OC(CO)C(O)C(O)C4O)cc3o2)ccc1O,2
Cc1occc1SSCc1ccco1,4
COC(CC(C)=O)OC,0
O=C(O)Cc1c[nH]c2ccc(O)cc12,4
O=S(=O)(O)ON=C(CCc1ccccc1)SC1OC(CO)C(O)C(O)C1O,0
CC(O)C(N)C(=O)NCC(=O)NC(CC(=O)O)C(=O)NC(Cc1ccccc1)C(=O)O,2
NCCCCC(NC(=O)C(CCCCN)NC(=O)C(Cc1ccccc1)NC(=O)C(N)CC(=O)O)C(=O)O,2
CC1OC(OC2C(C(=O)O)OC(OC3CCC4(C)C(CCC5(C)C4CC=C4C6CC(C)(C)CCC6(C(=O)OC6OC(CO)C(O)C(O)C6O)CCC45C)C3(C)C)C(OC3OC(CO)C(O)C(O)C3O)C2O)C(O)C(O)C1O,2
O=C1CCCCC1,4
OCC1OC(OC2(CO)OC(CO)C(O)C2O)C(O)C(O)C1O.[Fe+3].[OH-].[OH-].[OH-],2
COC1OC(CO)C(OC2OC(CO)C(O)C(O)C2OC2OCC(O)C(O)C2O)C(O)C1O,2
O=C(O)CCC(NC(=O)C1CCCN1C(=O)C1CCC(=O)N1)C(=O)O,3
CC(=O)NCC(=O)NC(Cc1ccccc1)C(=O)O,2
CCC1OC(=O)C(C)C(OC2CC(C)(OC)C(O)C(C)O2)C(C)C(OC2OC(C)CC(N(C)C)C2O)C(C)(O)CC(C)C(=O)C(C)C(O)C1(C)O,0
CCCCCCC(=O)OCCCCC,4
COC(=O)CCC(C)=O,4
COC(=O)c1ccccc1NC(C)=O,4
COC1OC(CO)C(OC2OC(CO)C(OC)C(O)C2O)C(O)C1O,2
O[CH]C1(O)OCC(O)C(O)C1O,2
CC1OC(OC2C(OC3C(OC4CC(C)(CO)C5CCC6(C)C(CC=C7C8CC(C)(C)CC(O)C8(C)CCC76C)C5(C)C4)OC(C(=O)O)C(O)C3O)OC(CO)C(O)C2O)C(O)C(O)C1O,2
CC1OC(OC2C(OC3C(OC4CCC5(C)C(CCC6(C)C5CC=C5C7CC(C)(C)CC(=O)C7(C)CCC56C)C4(C)C)OC(C(=O)O)C(O)C3O)OC(CO)C(O)C2O)C(O)C(O)C1O,2
CCC(C)C(NC(=O)C(CC(N)=O)NC(=O)C(Cc1ccccc1)NC(=O)CN)C(=O)O,2
CC1(C(=O)O)CC(O)C2(C)CCC3(C)C(=CC(=O)C4C5(C)CCC(OC6OC(C(=O)O)C(O)C(O)C6OC6OC(C(=O)O)C(O)C(O)C6O)C(C)(C)C5CCC43C)C2C1,2
COS(=O)(=O)NC1CCCCC1C,0
CCC(C)C(NC(=O)C(CC(=O)O)NC(=O)C(N)Cc1ccccc1)C(=O)NC(CC(C)C)C(=O)O,2
CC(NC(=O)C(CC(=O)O)NC(=O)C(N)Cc1ccccc1)C(=O)NCC(=O)O,2
OCC1OC(OC2(CO)OC(CF)C(O)C2O)C(O)C(O)C1F,2
C=C1CC23CCC4C(C)(C(=O)OC5OC(CO)C(O)C(O)C5O)CCCC4(C)C2CCC1(OC1OC(CO)C(O)C(O)C1OC1OC(CO)C(OC2OC(CO)C(OC4OC(CO)C(OC5OC(CO)C(O)C(O)C5O)C(O)C4O)C(O)C2O)C(O)C1O)C3,2
Nc1ncnc2c1ncn2C1OC(COP(=O)(O)O)C(OP(=O)(O)OP(=O)(O)OP(=O)(O)O)C1O,2
COc1cc(O)c2c(=O)c(-c3ccc(OC4OC(COC5OCC(O)(CO)C5O)C(O)C(O)C4O)c(OC)c3)coc2c1,2
CCC(C)C(NC(=O)C(N)Cc1ccccc1)C(=O)NCC(=O)NC(CC(=O)O)C(=O)O,2
CCC(C)C(NC(=O)C(N)CC(=O)O)C(=O)OC,0
Nc1nc(N)c2ncn(C3CC(O)C(COP(=O)(O)OP(=O)(O)OP(=O)(O)O)O3)c2n1,2
CCCCCC(C)(O)CC(C)C,4
OCC1OC(O)C(O)C(O)C1O.[Cl-].[Na+],2
CCCCCCCCOC1C(O)OC(C(O)CO)C1O,2
OCC1OC(OC2(CCl)OC(CCl)C(Cl)C2O)C(O)C(O)C1F,2
COc1ccc(-c2cc(=O)c3c(OC4OC(CO)C(O)C(O)C4OC4OC(C)C(O)C(O)C4O)cc(O)cc3o2)cc1O,2
COc1ccc(NC(=O)NS)cc1,2
CC(NC(=O)C(Cc1ccccc1)NC(=O)C(N)CC(=O)O)C(=O)NC(C(=O)O)C(C)C,2
OCC1OC(O)C2(OO2)C(O)C1O,2
CC1(C)CCCC2(C)C1CCC1(C)C(C=O)C(C=O)=CCC12,4
Nc1ncnc2c1ncn2C1OC(COP(=O)(O)CP(=O)(O)OP(O)O)C(O)C1O,2
O=C(CBr)c1ccc(O)c([N+](=O)[O-])c1,1
CC(C)C(=O)OCc1ccccc1,2
COc1ccc(C2CC(=O)c3c(O)cc(OC4OC(C)C(O)C(O)C4O)cc3O2)cc1O,2
C=C1CC23CCC4C(C(C)CCC4(C)C(=O)OC4OC(CO)C(O)C(O)C4O)C2CCC1(OC1OC(CO)C(O)C(O)C1OC1OC(CO)C(O)C(O)C1O)C3,2
CC1C=CC2C(C)CCC(C(C)C)C2C1,4
[N-]=[N+]=NC1C(O)C(COP(=O)(O)O)OC1n1cnc2c(N)ncnc21,2
CC1(C)CCC2(C(=O)O)CCC3(C)C(=CCC4C5(C)CC(O)C(OC6OC(CO)C(O)C(OC7OC(C(=O)O)C(O)C(O)C7O)C6O)C(C)(C)C5CCC43C)C2C1,2
O=C(C=Cc1ccc(O)c(OC2OC(CO)C(O)C(O)C2O)c1)c1ccc(OC2OC(CO)C(O)C(O)C2O)cc1O,2
Nc1ncnc2c1ncn2C1OC(COP(=O)(O)O)C(OP(=O)(O)NP(=O)(O)O)C1O,2
CCCC=CC(=O)OCC,2
CC(C)C(NC(=O)C(N)Cc1ccccc1)C(=O)NC(CC(=O)O)C(=O)NCC(=O)O,2
CC1CC(C)C(=O)C(C(O)CC2CC(=O)NC(=O)C2)C1,0
Cc1cc(SSc2cc(C)oc2C)c(C)o1,4
O=Cc1cc([N+](=O)[O-])cc(Br)c1O,1
COc1cc(C2Oc3cc(C4Oc5cc(OC6OC(CO)C(O)C(O)C6O)cc(O)c5C(=O)C4O)ccc3OC2CO)ccc1O,2
CCC(O)C(O)C(O)C(O)CCOC1OC(CO)C(O)C(O)C1O,2
COCCOC1OC(CO)C(O)C(O)C1O,2
CC1OC(OCCOCCOCCO)C(O)C(O)C1O,2
Nc1ncnc2c1ncn2C1OC(COP(=O)(O)OP(=O)(O)OP(=O)(O)F)C(O)C1O,2
CCC1OC(=O)C(O)=C1C,2
CCCCOc1nc2c(N)ncnc2n1C1OC(COP(=O)(O)OP(=O)(O)OP(=O)(O)O)C(O)C1O,2
O=C(CO)CC(O)C(O)CO,2
COc1cc(C2CC(=O)c3c(O)cc(OC4OC(CO)C(O)C(O)C4OC4OC(COC(=O)CC(C)O)C(O)C(O)C4O)cc3O2)ccc1O,2
CCC(C)C(=O)OC,2
CC1=C2C3OC(=O)C(C)C3CCC2(C)C(=O)CC1,0
NC(=O)CC(NC(=O)C(CO)NC(=O)C(N)CC(=O)O)C(=O)NC(Cc1ccccc1)C(=O)O,2
Nc1ncnc2c1ncn2C1OC(CO)CC1OP1(=O)O[B]O1,2
CCCOc1ccc(CCc2ccccc2)cc1O,4
CC(C(=O)O)C1CCC(C23CCC(=O)C(C)(C)C2C(=O)OC3)C(C(=O)O)C1,0
COc1c(OC2OC(CO)C(O)C(O)C2O)cc2oc(-c3ccc(O)c(O)c3)cc(=O)c2c1OC,2
CCCCCCCCCCCCOC(=O)CC1C(=O)NCCN1C(=O)CCc1ccccc1,2
CC1OC(Oc2cc(O)c3c(=O)cc(-c4ccc(O)c(O)c4)oc3c2C2OC(C)C(O)C(O)C2O)C(O)C(O)C1O,2
CCCCc1nc(O)cc(S)n1,1
COc1cc(-c2oc3cc(O)cc(O)c3c(=O)c2OC2OCC(O)C(O)C2O)ccc1O,2
CC(C)CC(N)C(=O)NC(C)C(=O)NC(Cc1ccccc1)C(=O)NC(CC(N)=O)C(=O)O,2
CCCCCCCC1CC=CC(=O)O1,4
CC1OC(OC2C(OC3CCC4(C)C(CCC5(C)C4CC=C4C6CC(C)(C)CC(O)C6(C(=O)OC6OC(CO)C(O)C(O)C6O)CCC45C)C3(C)C)OC(C(=O)O)C(O)C2O)C(O)C(O)C1O,2
CCC=CCC1=C(C)C(=O)CC1,4
CP(=O)(OCC1CC(O)C(n2cnc3c(N)ncnc32)O1)OP(=O)(O)OP(=O)(O)O,2
CCC1OC(Oc2ccc(-c3cc(=O)c4c(O)c(OC)c(OC)cc4o3)cc2O)C(O)C(O)C1O,2
Nc1nc(N)c2ncn(C3OC(COP(O)(O)=S)C(O)C3O)c2n1,2
OCC1OC(O)CC(F)C1O,2
CCCCCc1ccccn1,4
COCC1OC(OC)CC(O)C1O,2
CCC(C)C(N)C(=O)NC(Cc1ccccc1)C(=O)NC(CC(=O)O)C(=O)NC(CC(=O)O)C(=O)O,2
O=S(=O)(O)OC1C(O)C(CO)OC1(CO)OC1OC(CO)C(O)C(O)C1O,2
CCCCOC(=O)C1OC(OC2CCC3(C)C(CCC4(C)C3CC=C3C5CC(C)(C)CCC5(C(=O)O)CCC34C)C2(C)C)C(OC2OC(C)C(O)C(O)C2O)C(O)C1O,2
CC(C)=C1CCC2(C)OC2C1=O,4
NC(=O)CC(NC(=O)C(Cc1ccccc1)NC(=O)CNC(=O)C(N)CC(=O)O)C(=O)O,2
COC(=O)CC(NCCC(C)(C)C)C(=O)NC(Cc1ccccc1)C(=O)OC,2
OCC1OC(CO)(OC2OC(COB(O)O)C(O)C(O)C2O)C(O)C1O,2
NC(=O)N=NC(N)=O,4
COC(C(O)CO)C(OC)C(O)COC1OC(CO)C(O)C(O)C1O,2
OCC1OC(O[Si])C(O)C(O)C1O,2
NOC1C(COP(=O)(O)OP(=O)(O)OP(=O)(O)O)OC(n2cnc3c(N)ncnc32)C1O,2
Nc1cc(Br)ccc1C(=O)O,1
CC(N)C(=O)NC(CC(=O)O)C(=O)NC(Cc1ccccc1)C(=O)NC(CC(=O)O)C(=O)O,2
CCCCCOC(=O)c1ccccc1O,2
CC(NC(=O)C(Cc1ccccc1)NC(=O)C(CC(=O)O)NC(=O)C(N)CC(=O)O)C(=O)O,2
COc1cc(-c2oc3cc(OC4OC(CO)C(OC5OC(CO)C(O)C(O)C5O)C(O)C4O)cc(O)c3c(=O)c2O)ccc1O,2
COCOC1C(OC)OC(CO)C(O)C1OC1OC(C)C(O)CC1O,2
COc1ccc(C(=O)O)c(O)c1,1
CC(=O)C1CC(C(=O)O)C1(C)C,1
C=C1CCC2(C(=O)O)CCC3(C)C(=CCC4C5(C)CCC(OC6OC(C(=O)O)C(O)C(O)C6C(=O)O)C(C)(C)C5CCC43C)C2C1,2
CC(=O)OC(CC([N+](=O)[O-])([N+](=O)[O-])[N+](=O)[O-])C(=O)O,1
CC(C)CC(=O)CC(C)C,4
O=S(O)c1ccc(Br)cc1,1
C=C1CC23CCC4C(C)(C(=O)OC5OC(CO)C(OC6OC(CO)C(OC7OC(CO)C(OC8OC(CO)C(OC9OC(CO)C(O)C(O)C9O)C(O)C8O)C(O)C7O)C(O)C6O)C(O)C5O)CCCC4(C)C2CCC1(OC1OC(CO)C(O)C(O)C1O)C3,2
OCC1OC2OCC3(OC(CO)C(O)C3O)OC2C(O)C1O,2
COc1cc(CC(=O)O)ccc1O,1
CC1(C)C(=O)C(O)=CC2C1=CCC1C2(C)C(=O)CC2(C)C(C(C)(O)C(=O)CC(O)C(C)(C)O)C(O)CC12C,0
CCCCOC(=O)C1OC(OC2CCC3(C)C(CCC4(C)C3CC=C3C5C(C)C(C)CCC5(C(=O)O)CCC34C)C2(C)C)C(OC2OC(CO)C(O)C(O)C2O)C(O)C1O,2
CCCCCCC(=O)CC,2
COC(=O)CC(N)C(=O)NC(C)C(=O)NC(C(=O)NC(CC(=O)O)C(=O)CCCc1ccccc1)C(C)C,2
O=[N+]([O-])c1cc(Br)c(O)c([N+](=O)[O-])c1,1
COc1cc(O)c(C2CC(=O)c3c(O)cc(OC4OC(COC5OC(C)C(O)C(O)C5O)C(O)C(O)C4O)cc3O2)cc1O,2
O=C(O)CCCNC(=O)Nc1ccc([N+](=O)[O-])cc1,4
COc1cc(-c2oc3cc(O)cc(O)c3c(=O)c2OC2OC(CO)C(O)C(O)C2OC2OC(C)C(O)C(O)C2O)ccc1O,2
CCOc1cnc(C)cn1,4
C=C1CC23CCC4C(C)(C(=O)OC)CCCC4(C)C2CCC1(OC1OC(CO)C(O)C(O)C1OC1OC(CO)C(O)C(O)C1O)C3,2
COc1ccc(C(=O)C(=O)c2ccc(OC3OC(COC4OCC(O)(CO)C4O)C(O)C(O)C3O)cc2O)cc1O,2
CCC(C)C(NC(=O)C(CC(=O)O)NC(=O)C(Cc1ccccc1)NC(=O)C(N)CCCCN)C(=O)O,2
CC(CCC(OC1OC(COC2OC(CO)C(O)C(O)C2O)C(O)C(O)C1OC1OC(CO)C(O)C(O)C1O)C(C)(C)O)C1CCC2(C)C3CC=C4C(CCC(OC5OC(COC6OC(CO)C(O)C(O)C6O)C(O)C(O)C5O)C4(C)C)C3(C)C(O)CC12C,2
Nc1ncnc2c1ncn2C1OC(COO)C(O)C1O,2
O=C(O)C(S)C(S)C(=O)O,1
C=C1CC23CCC4C(C)(C(=O)O)CCCC4(C)C2CCC1(OC1OC(COC(C)=O)C(OC(C)=O)C(OC(C)=O)C1OC1OC(COC(C)=O)C(OC(C)=O)C(OC(C)=O)C1OC(C)=O)C3,2
O=C(O)c1ccccc(O)c1=O,1
Nc1ncnc2c1ncn2C1OC(COP(=O)(O)OP(=O)(O)CP(=O)(OCl)OCl)C(O)C1O,2
Oc1c(F)c(F)c(F)c(F)c1F,1
OCCCOC1C(OC2C(CO)OC(OC3C(CO)OC(O)C(O)C3O)C(O)C2O)OC(CO)C(O)C1O,2
O=C(O)c1nc(-c2ccccc2)oc1-c1ccccc1,1
Nc1nc(F)nc2c1ncn2C1OC(COP(=O)(O)O)C(OP(=O)(O)O)C1O,2
CC(O)C(NC(=O)C(N)CC(=O)O)C(=O)OC1CCCCC1,2
CC(CCO)OC1OC(CO)C(O)C(O)C1O,2
CC(C)C(N)C(=O)NC(CC(=O)O)C(=O)NC(CCCCN)C(=O)NC(Cc1ccccc1)C(=O)O,2
O=C(O)c1ccncc1C(=O)O,1
CC(=O)OC1CC(C)(C(=O)O)CC2C3=CCC4C5(C)CCC(OC6OC(C(=O)O)C(O)C(O)C6OC6OC(C(=O)O)C(O)C(O)C6OC6OC(C)C(O)C(O)C6O)C(C)(C)C5CCC4(C)C3(C)CCC12C,2
COC(=O)C(Cc1ccccc1)NC(=O)C(CC(=O)O)NC(=S)Nc1cnc(C#N)nc1,2
COCC([N+](=O)[O-])[N+](=O)[O-],1
C=C(C)C1CC23C(=O)C(C(=O)C(C)C)=C(O)C(CC=C(C)C)(CC2C1(C)C)C3=O,0
CCCC(C)NC(=O)C(N)CC(=O)O,4
CC1OC(Oc2ccc(-c3cc(=O)c4c(O)c(O)c(OC5OCC(O)C(O)C5O)cc4o3)cc2O)C(O)C(O)C1O,2
O=C(O)C(O)CC(O)C(O)C(=O)O,2
O=C(O)CS(=O)(=O)c1cccc([N+](=O)[O-])c1,1
C=C1C2CCC3C(CCC4C5(C)CCCC43CN3CCOC35)(C2)C1O,0
CCC(S)CS,4
CC1OC(OCC2OC(Oc3c(-c4ccc(O)c(O)c4)oc4cc(OCCO)cc(OCCO)c4c3=O)C(O)C(O)C2O)C(O)C(O)C1O,2
NN1C(=O)c2ccccc2S1(=O)=O,2
O=C(C=C(O)c1ccc(O)c(O)c1)c1c(O)cc(O)cc1OC1OC(CO)C(O)C(O)C1O,2
CSc1ccc([Se]CC(=O)O)cc1,1
COC(=O)C(Cc1ccccc1)NC(=O)C(Cc1ccccc1)NC(=O)C1CCCN1C(=O)CCC(=O)O,2
CC(C)OC1OC(COC2OCC(O)C(O)C2O)C(O)C(O)C1O,2
COc1ccc(COC(=O)c2ccccc2)cc1O,0
CCON1C(=O)c2ccccc2S1(=O)=O,2
CC1(C)CCC2(CO)C(O)CC3(C)C(=CCC4C5(C)CCC(OC6OC(C(=O)O)C(O)C(O)C6OC6OC(CO)C(O)C(O)C6O)C(C)(C)C5CCC43C)C2C1,2
Cc1nc2c(=O)n(C)c(=O)[nH]c2n(C)c1=O,1
CC(C)C(C(=O)O)(C(=O)O)C(C)C,1
O=[N+]([O-])c1cccc(NS(=O)(=O)c2ccccc2)c1,1
CN(Cc1ccccc1)C(=Nc1ccc(C#N)cc1)NCC(=O)O,2
CCOC(=O)CCCSC,4
COc1ccc(C=CC(=O)NCCc2ccc3c(c2)OCO3)cc1OC,4
CC(C)CC(NC(=O)C(Cc1ccccc1)NC(=O)C(N)CC(=O)O)C(=O)NC(C(=O)O)C(C)C,2
CCCCCCCOC1C(OC)OC(COC(C)C)C(O)C1OCCC,2
NC(=O)CCC(N)C(=O)NCC(=O)NC(CC(N)=O)C(=O)NC(Cc1ccccc1)C(=O)O,2
NCCCCC(N)C(=O)NC(CC(=O)O)C(=O)NCC(=O)NC(Cc1ccccc1)C(=O)O,2
Nc1ncnc2c1ncn2C1OC(COP(=O)(O)C(=O)O)C(O)C1O,2
CCCCOC(=O)NC(CC(=O)O)C(=O)NC(CO)Cc1ccccc1,2
CC1OC(Oc2cc3oc(-c4ccc(O)cc4)cc(=O)c3c(O)c2OC2OCC(O)C(O)C2O)C(O)C(O)C1O,2
O=P(O)(O)OCC1OC(OC2(CO)OC(CO)C(O)C2O)C(O)C(O)C1O,0
CC(C)C(NC(=O)C(N)CC(=O)O)C(=O)NC(Cc1ccccc1)C(=O)O,2
NOC1OC(CO)C(OC2OC(CO)C(O)C(O)C2O)C(O)C1O,2
COc1cc(-c2oc3cc(OC4OC(CO)C(O)C(O)C4O)ccc3c(=O)c2O)cc(OC)c1O,2
CON=C(C)C1CC=C(C=NO)CC1,2
C=CCCCN=C=S,4
CC1OC(OCCCCOC2CC(O)C(O)C(C)O2)CC(O)C1O,2
CCOC(=O)c1ccccc1NC,2
C=CC(CCCCC)OOOCC(CCCCCC)OO,4
CCCCCC(=O)OC(C)C,4
O=c1c(Br)cccc(Br)c1O,1
COC1COC(O)C(O)C1OC,2
O=C(O)c1ccc(Br)[nH]1,1
CC(C)(C)OC1OC(CO)C(OC2OC(CO)C(O)C(O)C2O)C(O)C1O,2
COC1OC(CO)C(OC)C(O)C1OCCO,2
CC(NC(=O)C(N)Cc1ccccc1)C(=O)NC(C(=O)NC(CC(N)=O)C(=O)O)C(C)C,2
CC(N)C(=O)NC(CCCN=C(N)N)C(=O)NC(CC(=O)O)C(=O)NC(Cc1ccccc1)C(=O)O,2
CC(=O)OCC1OC(OC2(CCl)OC(CO)C(O)C2O)C(O)C(O)C1O,2
NC(CCC(=O)NC(Cc1ccc(O)cc1)C(=O)O)C(=O)O,0
COc1cc(-c2cc(=O)c3c(O)cc(C4OC(CO)C(O)C(O)C4OC4OC(C)C(O)C(O)C4O)cc3o2)ccc1O,2
CC(=O)C(C)(O)O,2
CC1=NCSC1,4
O=C1OCC2OC(=O)c3cc(O)c(O)c(O)c3-c3c(O)c(O)c(O)c4c3C(=O)OC(C2OC(=O)c2cc(O)c(O)c(O)c2-c2c1cc(O)c(O)c2O)C1OC(=O)c2c-4c(O)c(O)c(O)c2C1O,0
CCOP(=O)(Nc1ncnc2c1ncn2C1OC(CO)C(O)C1(C)O)OCC,2
COc1ccc(CC(CO)c2ccccc2)cc1O,0
OCCOC(OC1C(CO)OCC(O)C1O)C(O)C(O)COC1OC(CO)C(O)CC1O,2
COC1C(O)C(CO)OC(OC2C(O)OC(CO)C2O)C1O,2
CC(O)CC(O)CO,2
O=C(O)c1ccc([N+](=O)[O-])[se]1,1
O=C(O)c1cccc([N+](=O)[O-])c1,1
C=C1CC23CCC4C(C)(C(=O)OC5OC(CO)C(O)C(O)C5O)CCCC4(C)C2CCC1(OC1OC(CO)C(OC2OC(CO)C(O)C(O)C2O)C(O)C1OC1OC(CO)C(O)C(O)C1O)C3,2
CCC(C)C(NC(=O)C(CC(=O)O)NC(=O)C(N)CC(=O)O)C(=O)NC(Cc1ccccc1)C(=O)O,2
CCC(N)C(=O)NC(CC(=O)O)C(=O)NC(Cc1ccccc1)C(=O)OC,2
COc1cc2oc(-c3ccc(O)c(OC4OC(COC5OC(CO)C(O)C(O)C5O)C(O)C(O)C4O)c3)cc(=O)c2c(O)c1C1OC(CO)C(O)C(O)C1O,2
Nc1ncnc2c1ncn2C1OC(COP(O)(O)=S)C(O)C1OP(O)(O)=S,2
COc1cc(O)c2c(=O)c(OC3OC(C)C(O)C(O)C3O)c(-c3ccc(O)c(O)c3)oc2c1,2
COC1OC(C)C(O)C(OC2OC(C)C(O)C(O)C2O)C1OC1OC(C)C(O)C(O)C1O,2
NC(=O)CC(NC(=O)CNC(=O)C(N)CC(=O)O)C(=O)NC(Cc1ccccc1)C(=O)O,2
COc1c(CC=C(C)C)c(=O)[nH]c2ccccc12,0
CCCCC(=O)OC,2
CC1=C2C(O)C3C(CC(C)C2CC1=O)OC(=O)C3C,0
CC(N)C(=O)NCC(=O)NC(C(=O)NC(C(=O)NC(CC(=O)O)C(=O)NC(Cc1ccccc1)C(=O)O)C(C)O)C(C)O,2
C=CCCC(=NOS(=O)(=O)O)SC1OC(CO)C(O)C(O)C1O,0
OCCCOC1OC(CO)C(O)C(O)C1O,2
CCOc1ccc2c(C)cc(=O)oc2c1,4
CC1CCC(C(C)C)C2(C1)OC(=O)C(C)O2,4
NCCCCC(N)C(=O)NC(CC(=O)O)C(=O)NC(Cc1ccccc1)C(=O)NC(CC(N)=O)C(=O)O,2
CCCCOC(=O)C1OC(OC2CCC3(C)C(CCC4(C)C3CC=C3C5CC(C)(C)CCC5(C(=O)O)C(O)CC34C)C2(C)C)C(O)C(O)C1O,2
OCC1OC(CO)(OC2OC(COC3CO3)C(O)C(O)C2O)C(O)C1O,2
Nc1nc(=O)c2[nH]c(=O)cnc2[nH]1,1
CCCCCC(O)CC(=O)CCc1ccc(O)c(OC)c1,4
O=c1cc(-c2ccc(O)c(O)c2)oc2cc(OC3OC(COC4OC(CO)C(O)C(O)C4O)C(O)C(O)C3O)cc(O)c12,2
Cn1nnnc1NC(=Nc1ccc(C#N)cc1)NC1CCCCCCC1,2
OCCCCCc1ccccc1,4
CC(N)C(=O)NCC(=O)NC(Cc1ccccc1)C(=O)OC(C)(C)C,2
COC1C(OC2C(CO)OC(O)C(O)C2O)OC(CO)C(O)C1O,2
CCC(C)C(N)C(=O)NC(CC(=O)O)C(=O)NC(CC(N)=O)C(=O)NC(Cc1ccccc1)C(=O)O,2
NCCCCC(NC(=O)C(CC(=O)O)NC(=O)C(Cc1ccccc1)NC(=O)C(N)CO)C(=O)O,2
CCC(C)C(=O)OC1CCC2(C)C3CC(O)C4C5(O)C(O)C(O)C6C(CN7CC(C)CCC7C6(C)O)C5CC42OC13O,0
NC(Cc1ccccc1)C(=O)NC(CC(=O)O)C(=O)NC(CC(=O)O)C(=O)NC(CC(=O)O)C(=O)O,2
OC(CCCC1OCCCO1)C1OCCCO1,2
CC1(C)CCC2(C(=O)OC3OC(CO)C(O)C(O)C3O)CCC3(C)C(=CCC4C5(C)CCC(OC6OC(C(=O)O)C(O)C(O)C6O)C(C)(C)C5CCC43C)C2C1O,2
CCCOc1ccc(CCC(=O)c2ccccc2O)cc1O,0
O=C(C=CC=CCCC=Cc1ccc2c(c1)OCO2)N1CCCCC1,4
c1ccc2ncncc2c1,0
CCC1OC(CCl)(OC2OC(CO)C(Cl)C(O)C2O)C(O)C1O,2
CC(NC(=O)C(CC(=O)O)NC(=O)Nc1ccc(C#N)cc1)c1ccccc1,2
CC(NC(=O)C(Cc1ccccc1)NC(=O)C(CC(=O)O)NC(=O)C(N)C(C)C)C(=O)O,2
CSC(=O)c1ccccc1,4
CCNC(=O)Oc1cc(C2OCc3ccccc3S2)ccc1OC,4
COc1ccc(C2COc3cc(OC4OC(CO)C(O)C(O)C4O)ccc3C2=O)c(O)c1OC,2
CC1(C(=O)O)CCC2(C)CCC3(C)C(=CC(=O)C4C5(C)CCC(OC6OC(C(=O)O)C(OC7OC(C(=O)O)C(O)C(O)C7O)C(O)C6O)C(C)(C)C5CCC43C)C2C1,2
O=C(OO)N1C(=O)c2ccccc2S1(=O)=O,2
O=C(O)CCBr,1
COC1COC(O)C(OC)C1OC,2
CCCCCCOC=O,2
O=C(O)C(O)C(O)C(O)C(O)CO,2
CC1(C(=O)OC2OC(CO)C(O)C(O)C2O)CCC2(C)CCC3(C)C(=CCC4C5(C)CCC(OC6OC(C(=O)O)C(O)C(O)C6O)C(C)(CO)C5CCC43C)C2C1,2
COc1ccc([N+](=O)[O-])cc1N,2
CCC(C)C(NC(=O)C(Cc1ccccc1)NC(=O)C(CC(C)C)NC(=O)C(N)CC(=O)O)C(=O)O,2
COc1cc(O)c2c(=O)cc(-c3cccc(OC4OC(CO)C(O)C(O)C4O)c3O)oc2c1OC,2
CCCC(CC)(C(=O)O)S(=O)(=O)c1ccccc1,4
CCC(C)(CC)CCNC(CC(=O)O)C(=O)NC(Cc1ccccc1)C(=O)OC,2
COC1C(O)OC(CO)C(OC2OC(CO)C(O)C(O)C2O)C1O,2
Nc1ncnc2c1ncn2C1OC(COP(=O)(O)OCCBr)C(O)C1O,2
CC(O)C(O)C(O)CO,2
Cc1ccccc1C(c1ccccc1C)C([N+](=O)[O-])[N+](=O)[O-],1
CC(=O)c1sc(C)cc1O,4
CSC(C)=O,4
COc1cc(-c2cc(=O)c3c(O)cc(O)cc3o2)ccc1O,0
CC1OC(OC2C(=O)c3c(O)cc(O)cc3OC2c2ccc(O)c(O)c2)C(O)C(OO)C1O,2
CC(NC(=O)C(N)CC(=O)O)C(=O)NC1C(C)(C)C(O)C1(C)C,2
CCCCCCCCCCC(CC(=O)O)C(=O)NC(Cc1ccccc1)C(=O)NC,2
CC(=O)OCC1OC(OC2C(O)C(C)OC(Oc3cc(-c4oc5cc(O)cc(O)c5c(=O)c4O)ccc3O)C2O)C(O)C(O)C1O,2
CCC(C)C(=O)OC(C)C1(O)CCC2(O)C3CCC4CC(OC5CC(O)C(OC6CC(OC)C(OC7CC(OC)C(OC8OC(CO)C(O)C(O)C8O)C(C)O7)C(C)O6)C(C)O5)CCC4(C)C3CC(OC(C)=O)C12C,2
COc1ccccc1SCC(=O)O,1
CCCCOc1ccc([N+](=O)[O-])cc1N,2
COC1=CC(C)C2CC3OC(=O)CC4C(C)(O)C(OC)C(OC(C)=O)C(C2(C)C1=O)C34C,0
NC(CC(=O)O)C(=O)NCCCc1ccco1,2
CSCCCCCN=C=S,4
COc1cc(/C=C/C(=O)O)ccc1O,1
CC(=O)OC(C)(C)C=CC(=O)C(C)(O)C1C(O)CC2(C)C3CC=C4C(CC(O)C(=O)C4(C)C)C3(C)C(=O)CC12C,0
CC(O)C(OC1OC(CO)C(O)C(O)C1O)C1COC(CO)O1,2
CCCCCCCCOC(=O)CC(C)C,4
O=C1CCCCCCC1,0
CCCOC1CC(O)C(O)C(C)O1,2
CCCCCCCCCCCCCCCCCCCC,4
CC(C)COc1ccc(NC(N)=O)cc1,2
CC1OCC(O)C(C2OC(C)OCC2O)O1,2
COC(=O)C1OC(OC2CCC3(C)C(CCC4(C)C3CC=C3C5CC(C)(C)CCC5(C(=O)OC5OC(CO)C(O)C(O)C5O)CCC34C)C2(C)C)C(OC2OC(CO)C(O)C(O)C2O)C(O)C1OC1OCC(O)C(O)C1O,2
CC(C)CC(NC(=O)C(N)Cc1ccccc1)C(=O)NC(CC(=O)O)C(=O)NCC(=O)O,2
C=C1CC23CCC4C(C)(C(=O)O)CCCC4(C)C2CCC1(OC1OC(CO)C(OC2OC(CO)C(OC4OC(CO)C(O)C(O)C4O)C(O)C2O)C(O)C1O)C3,2
Cc1ccccc1C(=O)O,1
OCC1OC(OC2(C(O)Cl)OC(CO)C(O)C2O)C(O)C(O)C1O,2
CC(C)CC(NC(=O)C(N)Cc1ccccc1)C(=O)NC(CC(=O)O)C(=O)NC(C(=O)O)C(C)C,2
O=C(O)/C=C/C(=O)O,1
CCCCCC=CCCC=CC=O,4
OCC1OC(O)C(O)C(O)C1OC1OC(CO)C(O)C(OO)(OF)C1O,2
CC(=O)OCC1OC(Oc2cc(O)cc3oc(-c4ccc(O)c(O)c4)cc(=O)c23)C(O)C(O)C1O,2
COc1ccc(C(N)C(=O)O)cc1,1
CC1CCC(C(C)C2CC3C4CC(=O)C5CC(OC6OC(CO)C(O)C(O)C6OC6OC(C)C(O)C(O)C6O)CCC5(C)C4CCC3(C)C2)OC1OC1OC(C)C(O)C(O)C1O,2
COc1cc(-c2cc(=O)c3c(O)cc(OC4OC(COC5OC(C)C(O)C(O)C5O)C(O)C(O)C4O)cc3o2)cc(OC)c1O,2
CC(C)(C)OC(=O)C(NC(=O)C(N)CC(=O)O)c1ccccc1,2
CC1OC(Cc2c(-c3ccc(OC4OC(CO)C(O)C(O)C4O)c(O)c3)oc3cc(O)cc(O)c3c2=O)C(O)C1O,2
CCCOC(=O)C(CCC)NC(=O)C(N)CC(=O)O,2
CC(C)OC1OC(CO)C(O)C(O)C1O,2
COC(=O)C(Cc1ccccc1)NC(=O)C1CCC(=O)N1,2
OCC1OC(OCCOOC2OC(CO)C(O)C(O)C2O)C(O)C(O)C1O,2
CC1(C)CCC2(C(=O)O)CCC3(C)C(=CCC4C5(C)CCC(OC6OC(C(=O)O)C(OC7OC(CO)C(O)C(O)C7O)C(O)C6O)C(C)(C)C5CCC43C)C2C1,2
Nc1cc([N+](=O)[O-])ccc1Oc1ccccc1,2
COc1ccc(C2OCc3ccccc3C2=NO)cc1O,4
CCC(C)C(N)C(=O)NC(C(=O)NC(Cc1ccccc1)C(=O)NC(CC(N)=O)C(=O)O)C(C)CC,2
CC1C(=O)C23CC1CC(O)C2C12COC=C1C(C)(C)CCC2OC3=O,0
CCCCCCC(=O)OCCC,2
O=C(O)CN(CC(=O)O)Cc1ccccc1,1
CCCCCCOc1ccc(NC(N)=O)cc1,2
COc1cc(-c2cc(=O)c3c(O)cc(OC4OC(CO)C(O)C(O)C4O)cc3o2)cc(O)c1O,2
O=C(O)C(SC(C(=O)O)c1ccccc1)c1ccccc1,1
OCC(O)COC1OC(CO)C(O)C(OC2OC(CO)C(O)C(O)C2O)C1O,2
C=C1C(C)CCC2(C(=O)OC3OC(CO)C(O)C(O)C3O)CCC3(C)C(=CCC4C5(C)CCC(OC6OC(C(=O)OC)C(O)C(O)C6O)C(C)(C)C5CCC43C)C12,2
CCCCCCCOCC1OC(OC(C)C)C(OC)C(OCCC)C1O,2
COc1cc(O)c2c(=O)c(OC3OC(CO)C(O)C(O)C3O)c(-c3ccc(O)c(OC)c3)oc2c1,2
CC(I)C1OCC(CO)O1,0
Cn1c(=O)[nH]c2c(ncn2C)c1=O,1
O=C(O)c1cccc(C(=O)O)c1C(=O)O,1
COC(C(O)C=O)C(OC)C(O)CO,2
CC1OC(C)(O)C(O)C(O)C1O,2
CC(C)Oc1ccc([N+](=O)[O-])cc1[N+](=O)[O-],2
OCC(O)C(O)C(O)C(O)COC1OC(COC2OC(CO)C(O)C(O)C2O)C(O)C(O)C1O,2
O=C1CC(c2ccc(O)c(O)c2)Oc2cc(OC3OC(COC4OC(CO)C(O)C(O)C4O)C(O)C(O)C3O)cc(O)c21,2
COc1ccc(-c2coc3cc(OC4OC(COC5OCC(O)C(O)C5O)C(O)C(O)C4O)c(OC)c(O)c3c2=O)cc1,2
CC(C)CC(N)C(=O)NC(C(=O)NC(CC(N)=O)C(=O)NC(Cc1ccccc1)C(=O)O)C(C)C,2
Nc1ncnc2c1ncn2C1OC(COP(=O)(O)C(F)(F)P(=O)(O)O)C(O)C1O,2
OCC1CCC(O)C(O)O1,2
O=C(C=Cc1ccc(O)c(O)c1)OC1C(O)CC(OC(=O)C=Cc2ccc(O)c(O)c2)(C(=O)O)CC1O,0
CCOC(=O)C=Cc1ccc(O[Si](C)(C)C)c(O[Si](C)(C)C)c1,0
CCCC/C=C\CCCCCCCCC/C=C/C=C/C(=O)N1CCCC1,4
COc1cc(-c2oc3cc(O)cc(OC)c3c(=O)c2OC2OC(CO)C(O)C(O)C2OC2OC(C)C(O)C(O)C2O)ccc1O,2
CC(=O)OC1(C(C)=O)CCCCC1,2
O=CC1=CC=CC2CCCC12,4
CC(=O)C(C)=CC1C(C)=CCCC1(C)C,4
CC(C)CC(NC(=O)C(N)CC(=O)O)C(=O)NC(Cc1ccccc1)C(=O)NC(C)C(=O)NC(Cc1ccccc1)C(=O)O,2
C=CC(C)(C)C(=O)C=C(C)C,4
CCCCCCCCCCCCCCCCCC(=O)OC,4
COc1ccc(C2OCc3ccccc3S2)c(C=Cc2ccc([N+](=O)[O-])cc2)c1O,2
Cc1c([N+](=O)[O-])cc(C(C)C)c(O)c1[N+](=O)[O-],1
CC1SCCS1,4
CC12CCC3(C)C(=CC=C4C5(C)CCC(OC6OC(C(=O)O)C(O)C(O)C6OC6OC(C(=O)O)C(O)C(O)C6O)C(C)(C)C5CCC43C)C1CC(C)(C(=O)O)C(O)C2,2
CCC(C)C(NC(=O)C(N)CC(N)=O)C(=O)NC(Cc1ccccc1)C(=O)NC(CC(N)=O)C(=O)O,2
CC(=O)OC1CC(C)OC2OC3CC4CCC5C(CCC6(C)C(C7=CC(=O)OC7)CCC56O)C4(C=O)CC3OC12O,0
OCC1OC(OC2C(O)COC(OC3COC(O)C(O)C3O)C2O)C(O)C1O,2
Nc1ncnc2c1ncn2C1OC(CO)C(F)C1OP(=O)(O)O,2
COCC1CC(O)CC(O)O1,2
COc1ccc(C2CSc3ccccc3C2)cc1O,4
O=CC(=O)O,1
NC(=O)CC([N+](=O)[O-])[N+](=O)[O-],1
CC(N)C(=O)c1ccccc1,0
CC(C)OC1OC(CO)C(O)(OC2OC(CO)C(O)C(O)C2O)C(O)C1O,2
CC1=C(O)C(=O)CC(OC2CC(C)(C)CC3C4=CCC5C6(C)CCC(OC7OC(C(=O)O)C(O)C(O)C7OC7OCC(O)C(O)C7OC7OC(CO)C(O)C(O)C7O)C(C)(CO)C6CCC5(C)C4(C)CCC23C)O1,2
COC(=O)CC(C(=O)NC(Cc1ccccc1)C(=O)OC)N1CC(Cl)=C(Cl)C1=O,2
CC(=O)OCC1OC(OC2(CCl)OC(CCl)C(O)C2O)C(O)C(O)C1O,2
CC(=O)OCC1OC(OC2C(Oc3cc(O)c4c(=O)cc(-c5ccc(O)c(O)c5)oc4c3)OC(CO)C(O)C2O)C(O)C(O)C1O,2
O=c1c(-c2ccc(O)cc2)coc2cc(O)cc(O)c12,0
CC(C)C12CCC(C)(CC1)O2,4
OCC1OC(OC2C(CO)O[CH]C(O)C2O)C(O)C(O)C1O,2
O=C1NS(=O)(=O)c2cccc(S(=O)(=O)O)c21,2
OCC1OC(O)C(OC2(CO)OCC(O)C(O)C2O)C(O)C1O,2
CCC(C)CCNC(CC(=O)O)C(=O)NC(Cc1ccccc1)C(=O)OC,2
CC(NC(=O)C(CCCCN)NC(=O)CN)C(=O)NC(Cc1ccccc1)C(=O)O,2
CCCCC=CCCCCCCCc1cc(=O)c2ccccc2n1C,0
CC1=NOC(=O)C1=NNc1cccc(Cl)c1,1
CCCC(=O)OC1CC2CCC1(C)C2(C)C,4
CCOC(=O)C1OC(OC2CCC3(C)C(CCC4(C)C3CC=C3C5CC(C)(C)CCC5(C(=O)OC5OC(CO)C(O)C(O)C5O)CCC34C)C2(C)C)C(O)C(O)C1OC1OCC(O)C(O)C1O,2
C=C1CC23CCC4C(C)(C(=O)OC5OC(CO)C(O)C(O)C5OC5OC(CO)C(O)C(O)C5O)CCCC4(C)C2CCC1(OC1OC(COC2OC(CO)C(O)C(O)C2O)C(O)C(OC2OC(CO)C(O)C(O)C2O)C1OC1OC(CO)C(O)C(O)C1O)C3,2
OCC1OC(CC2(O)OC(CO)C(O)C2O)C(O)C(O)C1O,2
CCOC(=O)C(C)C,2
O=C(O)CC(C(=O)O)C(O)C(=O)O,1
CC1(C(=O)O)CCC2(C)CCC3(C)C(=CC(=O)C4C5(C)CCC(OC6OC(C(=O)O)C(O)C(O)C6OC6(O)CC(O)C(O)C(C(=O)O)O6)C(C)(C)C5CCC43C)C2C1,2
COc1ccc(-c2cc(=O)c3c(O)c(OC)c(OC4OC(CO)C(O)C(O)C4O)cc3o2)cc1O,2
C#CCOC1C(O)C(CO)OC(OC)C1O,2
O=C(O)c1ccccc1C1CC1,1
CC(COC(=O)C1CCCC1)NC(=O)C(N)CC(=O)O,2
COc1cc2oc(CO)c(-c3cccc(O)c3OC3OC(CO)C(O)C(O)C3O)c(=O)c2c(O)c1C,2
COc1ccc(C=CC(=O)c2c(O)cc(OC3OC(COC4OC(C)C(O)C(O)C4O)C(O)C(O)C3O)cc2OC)cc1O,2
OCC1OC(OC2CCC(O)CC2)C(O)C(O)C1O,2
NCCCCC(NC(=O)C(CC(=O)O)NC(=O)C(N)CC(=O)O)C(=O)NC(Cc1ccccc1)C(=O)O,2
COC1OC(COC2OC(C)C(O)C(O)C2O)C(O)C1O,2
COC1OC(C)C(OC2OC(C)C(O)C(O)C2O)C(OC2OC(C)C(O)C(O)C2O)C1O,2
COC(=O)C(CNC(=O)C(N)CC(=O)O)C(=O)OC,4
OCC1OC(OC2(CCl)OC(O)(CCl)C(O)C2O)C(O)C(Cl)C1O,2
CC1=NN(c2ccccc2)C(=O)C1C(=O)c1ccccc1,1
CCCCCCCC(C)O,4
CCC(C)C(NC(=O)C(N)CC(=O)O)C(=O)NC(Cc1ccccc1)C(=O)NC(C(=O)O)C(C)C,2
CCCCCCCCCCOCC1(OC2OC(CO)C(O)C(O)C2O)OC(CO)C(O)C1O,2
CNc1ncnc2c1ncn2C1OC(COP(=O)(O)O)C(O)C1O,2
CCCCCOC(=O)c1ccco1,4
COC(=O)C1OC(OC2C(OC3CCC4(C)C(CCC5(C)C4C(=O)C=C4C6CC7(C)CC(OC7=O)C6(C)CCC45C)C3(C)CO)OC(C(=O)O)C(O)C2O)C(O)C(O)C1O,2
O=C1NC(c2cccc([N+](=O)[O-])c2)=CCN1c1ccccc1O,4
COc1ccc(C2OCc3ccccc3S2)c(NC(=O)c2ccc([N+](=O)[O-])cc2)c1O,4
CCCC(C)S,4
CC1(C)C=C2C3CCC4C5(C)CCC(OC6OC(C(=O)O)C(O)C(OC7OCC(O)C(O)C7O)C6OC6OC(CO)C(O)C(O)C6O)C(C)(C)C5CCC4(C)C3(C)CCC2(C(=O)O)CC1,2
OC(O)C1OCC(O)C(O)C1(O)O,2
COc1cccc([Se]CC(=O)O)c1,1
CC1=CC(=O)CC(C)(C)C1,2
CCC1C(OC2(C)CCC(C)CO2)CC2C3CCC4CC(OC5OC(CO)C(OC6OC(CO)C(O)C(O)C6OC6OC(CO)C(O)C(OC7OC(C)C(O)C(O)C7O)C6O)C(O)C5O)CCC4(C)C3CC(=O)C12C,2
CC(N)C(=O)NC(Cc1ccccc1)C(=O)NC(C(=O)NC(CC(N)=O)C(=O)O)C(C)C,2
CC(NC(=O)CN)C(=O)NC(Cc1ccccc1)C(=O)NC(CC(N)=O)C(=O)O,2
CCOC(=O)CCSC,4
C=C(C)C1CCC2(C)C(CC(OC3OC(C)C(O)C(O)C3O)C3C(C(C)(O)CC=CC(C)(C)O)CCC32C)C1(C)CCC(=O)O,2
CC1(C(=O)O)CCC2CCC3(C)C(=CC(=O)C4C5(C)CCC(OC6OC(C(=O)O)C(O)C(O)C6OC6OC(C(=O)O)C(O)C(O)C6O)C(C)(C)C5CCC43C)C2C1,2
OCCC(O)CO,2
COc1cc(O)c2c(=O)cc(-c3ccc(OC4OC(COC5OC(C(O)CO)C(O)C5O)C(O)C(O)C4O)c(O)c3)oc2c1,2
CC=C(C)C=O,4
C=CCc1ccc(OC2OC(CO)C(O)C(O)C2O)cc1,2
CC1(C)CC(O)C2(C(=O)O)CCC3(C)C(=CCC4C5(C)CCC(OC6OC(C(=O)O)C(OC7OCC(O)C(O)C7O)C(O)C6O)C(C)(C)C5CCC43C)C2C1,2
Cc1occc1SSSSc1ccoc1C,4
COCCC1OCC2OCC(O)C(O)C2O1,2
CCCOc1ccc(NC(=O)NC(C)(C)C)cc1,2
Nc1ncnc2c1ncn2C1OC(COP(=O)(O)OP(=O)(O)O)C(OP(=O)(O)O)C1O,2
NCCCCC(NC(=O)C(CC(=O)O)NC(=O)CN)C(=O)NC(Cc1ccccc1)C(=O)O,2
CC(C)CC(=O)OCC(CO)NC(=O)C(N)CC(=O)O,2
NC(=O)CC(NC(=O)CNC(=O)C(N)CO)C(=O)NC(Cc1ccccc1)C(=O)O,2
CC(C)Cc1nccs1,4
CC=Cc1ccc(OC=O)c(OC)c1,2
CCCCCC(=O)C(C)=O,4
CCC=CCCOC=O,2
O=C1CC(c2ccc(O)cc2)Oc2c(OC3OC(CO)C(O)C(O)C3O)c(O)cc(O)c21,2
Sc1ccncn1,1
OCC1OC(OC2COCC(O)C2O)C(O)C(O)C1O,2
Nc1ncnc2c1ncn2C1OC(COP(=O)(O)CP(=O)(O)OP(=O)(O)OP(=O)(O)O)C(O)C1O,2
COC(=O)C(NC(=O)C(N)CC(=O)O)C(=O)OC1CCC(C)CC1,2
CC1(C)OC2OC(CO)C(O)C(O)C2O1,2
OCC1OC(OCC2(O)OCC(O)C(O)C2O)C(O)C(O)C1O,2
CC(=O)OC1OC(CO)C(O)C(OC(C)=O)C1OC(C)=O,2
CCCC(CO)OC(CC)OC1C(CO)OC(O)C(O)C1O,2
COC(=O)CC(NC1(C(=O)O)CCCCC1)C(=O)NCc1ccccc1,2
CC1OC(OC2C(O)C(CO)OC(OC(CO)C(O)CO)C2O)C(O)C(O)C1O,2
COc1cc2c(cc1O)C1COc3ccccc3C1O2,4
COC(=O)C(Cc1ccccc1)NC(=O)C(CC(C)C)NC(=O)C(CO)NC=O,2
COc1cc(CCC(=O)c2c(O)cccc2OC2OC(CO)C(O)C(O)C2O)cc(OC)c1OC,2
COC1CC(O)C(OC2CCC(O)C(C)O2)C(C)O1,2
CC(N)C(=O)NC(Cc1ccccc1)C(=O)NC(CC(=O)O)C(=O)NC(CC(N)=O)C(=O)O,2
O=C(O)CN(CC(=O)O)c1ccccc1O,1
COc1cc(-c2coc3cc(OC4OC(COC5OC(CO)C(O)C(O)C5O)C(O)C(O)C4O)c(OC)c(O)c3c2=O)ccc1O,2
COC1OC(C)C(O)C(O)C1OC1OC(C)C(O)C(O)C1OC1OC(CO)C(O)C(O)C1O,2
O=c1cc(-c2ccccc2O)oc2cccc(O)c12,0
COc1ccc(C=O)c(C(=O)O)c1OC,1
CC1OC(Oc2cc3oc(-c4ccc(O)cc4)cc(=O)c3c(O)c2O)C(O)C(O)C1O,2
COC1CC(OC2C(C)OC(OC3CCC4(C)C(=CCC5C4CCC4(C)C5CC(OC5OC(COC6OC(CO)C(O)C(O)C6O)C(O)C(O)C5O)C4C(C)=O)C3)C(O)C2OC)OC(C)C1OC1CC(O)C(OC(=O)C=C(C)C)C(C)O1,2
OCOCC1OC(O)C(OC2OC(CO)C(O)C(O)C2O)C(O)C1O,2
COC(=O)C(Cc1ccccc1)NC(=O)C(CC(=O)O)NC(=O)Nc1ccc(C#N)cc1,2
COC(=O)C1OC(OC2C(O)CC3(C)C(CCC4(C)C3CC=C3C5CC(C)(C)CCC5(C(=O)OC)CCC34C)C2(C)C)C(OC2OCC(O)C(O)C2O)C(O)C1O,2
CC(O)COC(C)COCC1OC(O)C(OCC(C)O)C(O)C1O,2
CC(COC(=O)c1ccccc1)OC(=O)c1ccccc1,4
COc1ccc(CCc2ccc(C)cc2)cc1O,4
O=S(=O)(O)OCC1(OC2OC(CO)C(O)C(O)C2O)OC(CO)C(O)C1O,2
CC(C)CC(NC(=O)C(CC(N)=O)NC(=O)C(CC(=O)O)NC(=O)C(N)Cc1ccccc1)C(=O)O,2
COc1cc(-c2cc(=O)c3c(O)cc(O)c(C4OC(CO)C(O)C(OC5OC(C)C(O)C(O)C5O)C4O)c3o2)ccc1O,2
OCC1OC(OCC2OC(OC3C(CO)OC(O)C(O)C3O)C(O)C(O)C2O)C(O)C(O)C1O,2
CC(C)C1=CCC(C=NO)=CC1,0
Nc1ccc(Oc2ccccc2)cc1C(=O)O,1
CC(NC(=O)C(N)CC(=O)O)C(=O)NC(C(=O)NC(Cc1ccccc1)C(=O)O)C(C)C,2
CSc1ccc(SCC(=O)O)cc1,1
O=C(C=CCCc1ccc2c(c1)OCO2)N1CCCCC1,4
CC1(C(=O)O)CCC2(C)CCC3(C)C(=CC(=O)C4C5(C)CCC(OC6OC(C(=O)O)C(O)C(O)C6OC6OC(C(=O)O)C(OC7OC(CO)C(O)C(O)C7O)C(O)C6O)C(C)(C)C5CCC43C)C2C1,2
COCCC(C)(C)S,4
CC(=O)OC1CC(C)(C(=O)O)CC2C3=CCC4C5(C)CCC(OC6OC(C(=O)O)C(O)C(O)C6OC6COC(O)C(O)C6OC6OC(C)C(O)C(O)C6O)C(C)(CO)C5CCC4(C)C3(C)CCC12C,2
C=C(C)C1CC2(O)C(CC3C(=O)C(C(=O)CC(C)C)=C(O)C32O)C1(C)C,0
CC[C@H](C)C(=O)C1=C(O)[C@](O)(C(=O)CC=C(C)C)[C@H](CC=C(C)C)C1=O,0
COc1cc(C2Oc3cc(OC4OC(CO)C(OC5OC(CO)C(O)C(O)C5O)C(O)C4O)cc(O)c3C(=O)C2O)ccc1O,2
CC(=O)OC1C(O)C(CO)OC1(OC1OC(CO)C(O)C(O)C1O)C(Cl)OCl,2
Cc1c[nH]c2ccccc12,4
C=C1CC23CCC4C(C)(C(=O)OC5OC(CO)C(O)C(OC6OC(CO)C(O)C(O)C6O)C5O)CCCC4(C)C2CCC1(OC1OC(CO)C(O)C(OC2OC(CO)C(O)C(O)C2O)C1OC1OC(CO)C(O)C(O)C1O)C3,2
C=CC(Cl)C(=O)O,1
O=C(O)CCCCCCC(=O)O,1
CCCCSSCCC,4
CCC=CCCOC(=O)Cc1ccccc1,2
O=C(O)C[S+]([O-])C(F)(F)F,1
COC(=O)C(Cc1ccccc1)NC(=O)C(CO)NC(=O)C(CCCCN)NC=O,2
COC1OC(COC(OCC2OC(OC)C(O)C(O)C2O)C(O)C(O)C(O)CO)C(O)C(O)C1O,2
CCCCCC(O)CCOC1OC(CO)C(O)C(O)C1O,2
NC(=O)CC(NC(=O)CNC(=O)C(CC(N)=O)NC(=O)C(N)Cc1ccccc1)C(=O)O,2
COC1OC(CO)C(O)C(O)C1OC1C(O)C(O)OC(CO)C1O,2
COc1ccc(-c2cc(=O)c3c(O)c(OC)c(OC4OC(CO)C(O)C(O)C4O)cc3o2)cc1,2
CC(Cl)CCCC(=O)O,1
CCCOCCOCCOC1CC(O)C(O)C(CO)O1,2
NC(CC(=O)O)C(=O)NC(Cc1ccccc1)C(=O)NCC(=O)NCC(=O)O,2
CCCC1CCCCN1,4
NC(=O)NN=Cc1ccc([N+](=O)[O-])o1,0
O=C(O)C[SH](=O)(O)c1cccc([N+](=O)[O-])c1,1
NNC(=O)COc1ccc(Cl)cc1,1
[N-]=[N+]=NOCC1OC(OC2C(CO)OC(O)C(O)C2O)C(O)C(O)C1O,2
COc1c(O)ccc2c1C(=O)OC(CCCC(C)O)C2,2
CC1OC(OC2C(=O)c3c(O)cc(O)cc3OC2c2ccc(O)c(OC3OC(CO)C(O)C(O)C3O)c2)C(O)C(O)C1O,2
COC(=O)C(Cc1ccccc1)NC(=O)CC(NCCC(C)(C)C)C(=O)O,2
OCC1CC(O)C(O)C(OC2(CCl)OC(CCl)C(O)C2O)O1,2
CC(=O)N(C(=O)CC(N)C(=O)O)C(Cc1ccccc1)C(=O)O,2
O=C(O)CCOC(=O)Nc1ccc([N+](=O)[O-])cc1,4
OC1COC2(COC3(CO2)OCC(O)C(O)C3O)C(O)C1O,2
COC(=O)CC(C)(C(=O)O)c1ccc([N+](=O)[O-])cc1,1
O=[As](O)(Cc1ccccc1)c1ccccc1,1
COC1C(O)OCC(O)C1O,2
O=C(O)[C@@H]1C[C@H]1c1ccc(Cl)cc1,1
CC1(C(=O)O)CC1(C)C(=O)O,1
CCSC(=S)SCC(=O)O,1
O=C(Cc1ccccc1)OCc1ccccc1,2
CC1OC(OC2C(OC3C(OC4CCC5(C)C(CCC6(C)C5CC=C5C7CC(C)(C(=O)O)CCC7(C)CCC56C)C4(C)C)OC(C(=O)O)C(O)C3O)OC(CO)C(O)C2O)C(O)C(O)C1O,2
COc1cc(-c2cc(=O)c3c(O)cc(OC4OC(COC5OC(C)C(O)C(O)C5O)C(O)C(O)C4O)cc3o2)cc(OC)c1OC,2
Nc1ncnc2c1ncn2C1OC2COP(=O)([O-])OC2C1O.O.[Na+],2
COC1(O)C(O)C(COP(=O)(O)OP(=O)(O)OP(=O)(O)O)OC1n1cnc2c(N)ncnc21,2
CC(C)(C)CCNC(CC(=O)O)C(=O)NC(Cc1ccccc1)C(=O)O,2
CC(=O)OC1C2(C)CCC(C2)C1(C)C,2
CC1(C)CC(O)C2(COC3OC(CO)C(O)C(O)C3O)C(O)CC3(C)C(=CCC4C5(C)CCC(OC6OC(C(=O)O)C(O)C(OC7OC(CO)C(O)C(O)C7O)C6O)C(C)(C)C5CCC43C)C2C1,2
COc1ccc(CCC(=O)c2c(O)cc(OC3OC(CO)C(O)C(O)C3OC3OC(C)C(O)C(C)C3O)cc2O)cc1O,2
CCCCCSCC(=O)O,1
NC(CC(=O)O)C(=O)NCC(=O)NC(Cc1ccccc1)C(=O)NCC(=O)O,2
O=C(O)c1cc(=O)c2cc(OCC(O)COc3cccc4oc(C(=O)O)cc(=O)c34)ccc2o1,0
C=C1C=CCC(C)(C)C12CCC(C)O2,4
Nc1ncnc2c1ncn2C1OC(COP2(=O)NCCCO2)C(O)C1O,2
O=C(O)CCCNC(=O)c1ccc([N+](=O)[O-])cc1,4
CCC(C)C(N)C(=O)NC(C(=O)NC(CC(=O)O)C(=O)NC(Cc1ccccc1)C(=O)O)C(C)CC,2
NC(=O)CC(N)C(=O)NC(CO)C(=O)NC(Cc1ccccc1)C(=O)O,2
NC(Cc1ccccc1)C(=O)NC(CC(=O)O)C(=O)NCC(=O)NC(CC(=O)O)C(=O)O,2
COc1cc(CCc2ccccc2)ccc1O,4
O=C(C=Cc1ccc(O)c(O)c1)c1ccc(OC2OC(COC3OC(CO)C(O)C(O)C3O)C(O)C(O)C2O)c(O)c1O,2
COC(=O)CC1C2(C)C=CC(=O)C3(C)COC(C32)C2OC3CC(C4=CC(=O)OC4O)C(C)=C3C21C,0
CC1OC(OC2C(OC3C(OC4CCC5(C)C(CCC6(C)C5C(=O)C=C5C7CC(C)(C)CC(O)C7(C)CCC56C)C4(C)CO)OC(C(=O)O)C(O)C3O)OC(CO)C(O)C2O)C(O)C(O)C1O,2
CC1(C)CCC2(C(=O)O)CCC3(C)C(=CCC4C5(C)CCC(OC6OC(C(=O)O)C(OC7OCC(O)C(O)C7O)C(O)C6O)C(C)(C)C5CCC43C)C2C1O,2
CCCCCOc1ccc(NC(=O)Nc2ccccc2)cc1,2
CCCCCCCCCCCC(=O)Oc1ccc(C)cc1,2
CC1CC(N2CCCC2)=C(N2CCCC2)C1=O,0
CC(=O)OC1CC2(C)C(=CCC3C4(C)CCC(OC5OC(C(=O)O)C(O)C(OC6OC(CO)C(O)C(O)C6O)C5O)C(C)(C)C4CCC32C)C2CC(C)(C)CC(O)C12COC1OC(C)C(O)C(O)C1O,2
CC(=O)OCC(COC(C)=O)OC(C)=O,0
NC1CCCCC1N=S(=O)=O,2
CC(C)C(NC(=O)C(N)Cc1ccccc1)C(=O)NC(CC(=O)O)C(=O)NC(CC(N)=O)C(=O)O,2
CC(=O)OCC1OC(Oc2ccc(C=O)cc2O)C(OC(C)=O)C(OC(C)=O)C1OC(C)=O,4
OCC1CC(OC2OC(CO)C(O)C(O)C2O)CCO1,2
CC(C)C(=O)OCC(NC(=O)C(N)CC(=O)O)C(C)C,2
CC1OC(OC2C(Oc3cc(O)c4c(=O)c(O)c(-c5ccc(O)c(O)c5)oc4c3)OC(CO)C(O)C2O)C(O)C(O)C1O,2
CCC(C)C(NC(=O)C(Cc1ccccc1)NC(=O)C(N)CC(C)C)C(=O)NC(CC(N)=O)C(=O)O,2
CC1OC(Oc2ccc3c(=O)cc(-c4cc(O)c(O)c(O)c4)oc3c2)C(O)C(O)C1O,2
Nc1ncncc1NCC(=O)O,1
CCC(C)C(N)C(=O)NC(Cc1ccccc1)C(=O)NC(CC(=O)O)C(=O)NC(Cc1ccccc1)C(=O)O,2
O=C(O)CN=C(Nc1cc(Cl)cc(Cl)c1)NC(c1ccccc1)c1ccccc1,2
CCCCOC1C(O)C(O)OC1C(O)CO,2
CC(C)=CCC1(CC=C(C)C)C(=O)C(=O)C(C(=O)C(C)C)C1=O,0
COC1OC(CO)C(O)C(OC)C1O,2
Nc1ncnc2c1ncn2C1OC(COP(=O)(O)O)C(OP(O)(=S)OP(=O)(O)O)C1O,2
N#Cc1ccc(OCC(=O)O)cc1,1
COc1cc2c(=O)c3c(O)cccc3oc2cc1OC1OC(CO)C(O)C(O)C1O,2
COc1ccc(-c2cc(=O)c3c(OCCO)cc(OC4OC(COC5OC(O)C(O)C(O)C5O)C(O)C(O)C4O)cc3o2)cc1OCCO,2
COC(=O)C1OC(OC2CCC3(C)C(CCC4(C)C3CC=C3C5CC(C)(C)CCC5(C(=O)OC5OC(CO)C(O)C(O)C5O)CCC34C)C2(C)C)C(OC2OCC(O)C(O)C2O)C(OC2OCC(O)C(O)C2O)C1O,2
COC1OC(C)C(OC2OC(CO)C(O)C(O)C2O)C(OC2OC(C)C(O)C(O)C2O)C1O,2
CC1OC(OC2C(O)OC(CO)C(O)C2O)CC(O)C1O,2
CCCC(=O)OCc1ccco1,4
CC(O)COC1OC(C(C)O)C(O)C1O,2
O=CC(O)C(OCl)C(OCl)C(O)COCl,2
[Ca+2].[O-2],4
Cn1cnc(=S)cc1O,1
CCC(C)C(N)C(=O)NC(CC(=O)O)C(=O)NC(Cc1ccccc1)C(=O)NC(CC(=O)O)C(=O)O,2
O=CC(=O)C(O)C(O)C(O)CO,2
O=C(O)c1ccc[nH]1,1
CC(NC(=O)C(CC(N)=O)NC(=O)C(N)CC(N)=O)C(=O)NC(Cc1ccccc1)C(=O)O,2
O=c1cc(-c2ccc(O)c(O)c2)oc2cc(OC3OCC(O)C(O)C3O)c(C3OC(CO)C(O)C(O)C3O)c(O)c12,2
CCCCCCCCCC1OCC(C)O1,4
COC1C(O)C(COP(O)(=S)OP(=O)(O)O)OC1n1cnc2c(N)ncnc21,2
[B]P(=O)(OCC1OC(n2cnc3c(N)nc(Cl)nc32)C(O)C1O)OP(=O)(O)O,2
COC(=O)C(Cc1ccccc1)NC(=O)C(CC(=O)OCC(F)(F)F)NCC(F)(F)F,2
COC1CC(O)OC(C)C1OC1OC(CO)C(O)C(O)C1O,2
CCNC(=O)CC[C@H](N)C(=O)O,3
Cn1c(=O)c2ncc(O)nc2n(C)c1=O,1
COc1ccc(/C=C/C(=O)O)c(OC)c1,1
Cc1cccc(NC(=Nc2ccc(C#N)cc2)NCC(=O)O)c1,2
CC(O)C(NC(=O)C(CCCCN)NC(=O)C(N)CC(=O)O)C(=O)NC(Cc1ccccc1)C(=O)O,2
CC(N)C(=O)NC(CC(N)=O)C(=O)NC(Cc1ccccc1)C(=O)O,2
OCC1OC(CCC2OC(O)C(O)C(O)C2O)C(O)C1O,2
OCC1OC(OC2OC(CO)C(O)C(OB(O)O)C2O)C(O)C(O)C1O,2
Cc1ccc(CC=O)cc1,2
COC(=O)c1ccccc1,2
COc1cccc([N+](=O)[O-])c1O,1
CC1OC(OCC2OC(OC3C(CO)OC(O)C(O)C3O)C(O)C(O)C2O)C(O)C(O)C1O,2
CCCCCC(=O)OCc1ccccc1,4
CC=Cc1ccc(OC(=O)Cc2ccccc2)c(OC)c1,2
Cc1ccc(S(=O)(=O)C(C(=O)O)C(C)C)cc1,2
CC1(C)CC2C3=CCC4C5(C)CCC(OC6OC(COC7OCC(O)C(O)C7OC7OCC(O)C(O)C7O)C(O)C(O)C6O)C(C)(C)C5CCC4(C)C3(C)CC(O)C23CC1OC3=O,2
COC(=O)c1ccc(O)cc1,4
CNC(=O)C(Cc1ccccc1)NC(=O)C(CC(=O)OC)CC(C)C,2
CCC(C)C(N)C(=O)NC(CC(=O)O)C(=O)NC(CCC(N)=O)C(=O)NC(Cc1ccccc1)C(=O)O,2
C=CCc1cccc2c1S(=O)(=O)NC2=O,2
O=C(CO[Ge](=O)O)C(O)C(O)C(O)CO,2
COC(=O)C(C)CN(C(=O)C(N)CC(C)C)C(Cc1ccccc1)C(=O)O,2
COc1ccc(-c2coc3cc(OC4OC(COC5OC(C)C(O)C(O)C5O)C(O)C(O)C4O)c(OC)c(O)c3c2=O)cc1,2
CC(=O)OC(C)(C)CCC(=O)C(C)(O)C1C(O)CC2(C)C3C=Cc4c(cc(OC5OC(CO)C(O)C(O)C5O)c(O)c4C)C3(C)C(=O)CC12C,0
CCCCCCOCC1OC(OC(CO)CO)C(O)C(O)C1O,2
COc1cc(-c2oc3cc(O)cc(O)c3c(=O)c2OC2OC(CO)C(O)C(O)C2O)cc(O)c1O,2
O=c1c(-c2ccc(O)c(O)c2)coc2cc(O)ccc12,0
CC(C)CC(N)C(=O)NC(CC(N)=O)C(=O)NC(CC(N)=O)C(=O)NC(Cc1ccccc1)C(=O)O,2
NOC(C=O)C(ON)C(O)C(O)CO,2
CC(C)C(NC(=O)C(N)CC(=O)O)C(=O)NC(Cc1ccccc1)C(=O)NCC(=O)O,2
CC1=CC2(C=CC(C)O2)C(C(C)C)CC1,4
CC(C)C(NC(=O)C(N)Cc1ccccc1)C(=O)NC(CC(=O)O)C(=O)O,2
OC1OC(COCl)C(O)C(O)C1O,2
CC(C)=CCC1C(O)=C(C(=O)CC(C)C)C(=O)C1O,0
CC1OC(Oc2c(O)cc3oc(-c4ccc(O)cc4)cc(=O)c3c2O)C(O)C(O)C1O,2
CC1=C2C(=O)C=C(CO)C2C2OC(=O)C(C)C2CC1,0
CC(C)CC(NC(=O)C(CC(=O)O)NC(=O)C(CCC(N)=O)NC(=O)C(N)Cc1ccccc1)C(=O)O,2
NC(C(=O)O)c1cccc([N+](=O)[O-])c1,1
COc1cc(-c2coc3cc(O)c(OC)c(O)c3c2=O)ccc1OC1OC(COC2OC(CO)C(O)C(O)C2O)C(O)C(O)C1O,2
S=C(S)N1CCSCC1,1
CC(C)CC1NC(=O)C(C)NC1=O,0
OCC1OC(OC2(CCl)OCC(O)C2O)C(O)C(O)C1Cl,2
CCCC=CCOC(=O)CC(C)C,4
COC(=O)C(Cc1ccccc1)NC(=O)C(CC(=O)O)NC(=O)Nc1ccc(F)cc1,2
COc1cc(-c2cc(=O)c3c(O)cc(OC4OC(CO)C(O)C(O)C4OC4OC(COC(C)=O)C(O)C(O)C4O)cc3o2)ccc1O,2
CC(NC(=O)C(CC(=O)O)NC(=O)C(N)CS)C(=O)NC(Cc1ccccc1)C(=O)O,2
O=C(O)CSSCC(=O)O,1
CCCC(O)OCC1OC(OC2C(CO)OC(O)C(O)C2O)C(O)C(O)C1O,2
CC1OC(COC2OC(CO)C(O)C(O)C2O)C(O)C(O)C1O,2
CC1CCC(C(C)(C)O)C(O)C1,4
Cn1cnc2ncc(=O)[nH]c2c1=O,1
CP(=O)(O)OP(=O)(O)OP(=O)(O)OCC1OC(n2cnc3c(N)ncnc32)C(O)C1O,2
OC1C2COC3OC(COC(O2)C(O)C1O)C(O)C(O)C3O,2
COC(=O)C=Cc1ccc(O)cc1,0
C=C(C)C1CCC2(C)OC2C1,4
NCCCCC(NC(=O)C(CC(N)=O)NC(=O)C(CC(=O)O)NC(=O)C(N)Cc1ccccc1)C(=O)O,2
Cc1oc2cc(OC3OC(CO)C(O)C(O)C3O)ccc2c(=O)c1-c1ccc2c(c1)OCCO2,2
O=C1NS(=O)(=O)c2ccc(Cl)cc21,4
OCCOC1CC(O)C(O)C(CO)O1,2
CCC1(O)C2(C)CCC(C2)C1(C)C,4
CC1(C)CCC2(C(=O)OC3OC(COC4OC(CO)C(O)C(O)C4O)C(O)C(O)C3O)CCC3(C)C(=CCC4C5(C)CCC(OC6OC(C(=O)O)C(O)C(OC7OCC(O)C(O)C7O)C6O)C(C)(C)C5CCC43C)C2C1,2
Oc1cc(O)c2c(c1)OC(c1ccc(O)c(O)c1)C(O)C2c1c(O)cc(O)c2c1OC(c1ccc(O)c(O)c1)C(O)C2c1c(O)cc(O)c2c1OC(c1ccc(O)c(O)c1)C(O)C2c1c(O)cc(O)c2c1OC(c1ccc(O)c(O)c1)C(O)C2,0
C=CC(O)CC,0
CC1OC(OC2C(=O)c3c(O)cc(OO)cc3OC2c2ccc(O)c(O)c2)C(O)C(OO)C1O,2
Nc1ncnc2c1ncn2C1OC(CO)C(OP(O)O)C1O,2
CC(NC(=O)CN)C(=O)NC(Cc1ccccc1)C(=O)NC(CC(=O)O)C(=O)O,2
CCCCCNC(=O)CC(NC(=O)Cc1ccccc1)C(=O)OCC,2
CNC(C(=O)NC(CC(C)C)C(=O)NC(Cc1ccccc1)C(=O)OC)C(C)C,2
COc1ccc(-c2coc3cc(O)ccc3c2=O)cc1OC1OC(CO)C(O)C(O)C1O,2
CCOCC1OC(OC2C(CO)OC(O)C(O)C2O)C(O)C(O)C1O,2
C=CC(CCCCC)OC(=O)CCC,4
CC(NC(=O)C(CC(N)=O)NC(=O)C(N)Cc1ccccc1)C(=O)NC(CCCCN)C(=O)O,2
COc1nc2c(N)ncnc2n1C1OC(COP(=O)(O)OP(=O)(O)OP(=O)(O)O)C(O)C1O,2
COc1ccc(C2CC(=O)c3c(O)cc(OC4OC(C(O)C(O)C(O)C(C)O)C(O)C(O)C4O)cc3O2)cc1O,2
NC(=O)CC(N)C(=O)NCC(=O)NC(Cc1ccccc1)C(=O)NC(CC(N)=O)C(=O)O,2
COc1ccc(-c2cc(=O)c3c(OC4OC(CO)C(O)C(O)C4O)cc(O)cc3o2)cc1O,2
COc1cc(C2Oc3cc(O)cc(O)c3C(=O)C2OC2OC(CO)C(O)C(O)C2O)ccc1O,2
CCC(C)Oc1cc2oc3cc(OC(C)CC)c(OC4OC(CO)C(O)C(O)C4O)c(O)c3c(=O)c2cc1OC(C)CC,2
NCCCCc1nc2c(N)ncnc2n1C1(N)OC(COP(=O)(O)OP(=O)(O)OP(=O)(O)O)C(O)C1O,2
CC(C)COC1OC(CO)C(OC2OC(CO)C(O)C(O)C2O)C(O)C1O,2
Nc1nc(N)c2ncn(C3CC(O)C(COP(=O)(O)OP(=O)(O)O)O3)c2n1,2
CC1(C)CCC2(C(=O)OC3OC(CO)C(O)C(O)C3O)C(O)CC3(C)C(=CCC4C5(C)CCC(OC6OC(CO)C(O)C(O)C6OC6OC(C(=O)O)C(O)C(O)C6O)C(C)(C)C5CCC43C)C2C1,2
CCCCCCCCCC(=O)NC(CC(=O)OC)C(=O)NC(Cc1ccccc1)C(=O)OC,2
CC1OC(OC2C(OC(=O)C34CCC(C)(C)CC3C3=CCC5C6(C)CCC(OC7OC(C(=O)O)C(O)C(O)C7O)C(C)(C)C6CCC5(C)C3(C)CC4O)OCC(O)C2O)C(O)C(O)C1OC1OCC(O)C(O)C1O,2
COP(=O)(O)COC1C(O)C(CO)OC1n1cnc2c(N)ncnc21,2
CCOC(C)(C)CCc1c(O)cc(OC)c(C(=O)C=Cc2ccc(O)cc2)c1O,0
COc1ccc2c(c1OC)C(=O)OC2,0
CC(C)C(NC(=O)C(N)Cc1ccccc1)C(=O)NC(C(=O)NC(CC(N)=O)C(=O)O)C(C)C,2
CC(=O)C(C)=O,2
OCC1OC(OC2C(CO)OC(OC3C(O)C(O)OC(CO)C3O)C(O)C2O)C(O)C(O)C1O,2
C=CCCCCCCCCC(=O)OCC(C)C,4
CCC(=O)OCC1CCCO1,4
CC(COC(=O)C(C)C)NC(=O)C(N)CC(=O)O,2
COP(=O)(O)OC1C(O)C(COP(=O)(O)O)OC1n1cnc2c(N)ncnc21,2
COc1cc(O)c2c(=O)cc(-c3ccc(OC)c(OC4OC(CO)C(O)C(O)C4O)c3)oc2c1,2
CCC(=O)c1ccc[nH]1,4
C=C(C)C1CC=C(C)C(OC(=O)CC)C1,2
CC(C)CC(NC(=O)C(Cc1ccccc1)NC(=O)C(N)C(C)C)C(=O)NC(CC(N)=O)C(=O)O,2
Cc1nccnc1C,4
COc1c(O)cc(-c2oc3cc(O)cc(O)c3c(=O)c2OC2OC(CO)C(OC3OC(CO)C(O)C(O)C3O)C(O)C2O)cc1O,2
OC(COCC(O)C1OC(O)C(O)C1O)C1OC(O)C(O)C1O,2
CC1=C(O)C(=O)CC(OC2CC(C)(C)CC3C4=CCC5C6(C)CCC(OC7OC(C(=O)O)C(O)C(O)C7OC7OC(C(=O)O)C(O)C(O)C7OC7OC(CO)C(O)C(O)C7O)C(C)(CO)C6CCC5(C)C4(C)CCC23C)O1,2
CC#CCC(=O)O,1
CC(O)C(NC(=O)C(N)CC(=O)O)C(=O)NC(Cc1ccccc1)C(=O)O,2
C=CC12CN(C)C3C4COC(CC41)C1(C(=O)Nc4ccccc41)C32,0
Nc1ncnc2c1ncn2C1OC(COP(=O)(O)OP(=O)(O)OP(=O)(O)OP(=O)(O)OP(=O)(O)O)C(O)C1O,2
CC=CCCC=CC=O,4
CCC1(C2=CCCCCC2)C(=O)NC(=O)NC1=O,0
CC(C)CC(NC(=O)C(CC(N)=O)NC(=O)C(N)Cc1ccccc1)C(=O)O,2
CCOc1nc2c(N)ncnc2n1C1OC(COP(=O)(O)OP(=O)(O)OP(=O)(O)O)C(O)C1O,2
CC1OC(OC2C(OC3C(OC4CCC5(C)C(CCC6(C)C5CC=C5C7CC(C)(C)CC(=O)C7(C)CCC56C)C4(C)C)OC(C(=O)O)C(O)C3O)OC(CO)C(O)C2OC2OC(CO)C(O)C(O)C2O)C(O)C(O)C1O,2
CCCCCCCCCCCCCCC(=O)O,4
CC(NC(=O)C(N)CCCCN)C(=O)NCC(=O)NC(Cc1ccccc1)C(=O)O,2
Cc1ccccc1SCC(=O)O,1
Nc1ncnc2c1ncn2C1OC(COP(=O)(O)OP(=O)(O)OP(=O)(O)O)C(O)C1OP(=O)(O)O,2
COC(C)C1CCC=C(C)C1,0
COc1cc([N+](=O)[O-])c(C2OCc3ccccc3S2)cc1O,4
CCCCCC(O)(O)OC1OC(C)C(O)C(O)C1O,2
Nc1ncnc2c1ncn2C1OC(CO[PH+]([O-])OP(=O)(O)O)C(O)C1O,2
CC1(C)CCC2(C(=O)OC3OCC(O)C(OC4OC(CO)C(O)C(O)C4O)C3O)C(O)CC3(C)C(=CCC4C5(C)CCC(OC6OC(C(=O)O)C(O)C(O)C6OC6OC(CO)C(O)C(O)C6O)C(C)(C)C5CCC43C)C2C1,2
COc1cc(C2Oc3cc(OC4OC(CO)C(O)C(O)C4O)cc(O)c3C(=O)C2O)ccc1OC1OC(CO)C(O)C(O)C1O,2
CSc1cccc2c1C(=O)NS2(=O)=O,2
CC=CSC=CC,4
O=C(O)[C@H]1CC=CC[C@H]1C(=O)O,1
COc1ccc(C2Cc3cccc(O)c3CO2)cc1O,2
CC[Sn+2]CC.[O-]C1C(O)OC(CO)C(O)C1[O-],2
O=c1cc(-c2ccc(O)cc2)oc2cc(O)c(OC3OC(CO)C(O)C(O)C3O)c(O)c12,2
COC(=O)C1OC(OC2CCC3(C)C(CCC4(C)C3CC=C3C5CC(C)(C)CCC5(C(=O)O)CCC34C)C2(C)C)C(O)C(O)C1OC1OC(COC2OCC(O)C(O)C2O)C(O)C(O)C1O,2
COc1cc(C(=O)OC2C3C=COC(OC4OC(CO)C(O)C(O)C4O)C3C3(CO)OC23)ccc1O,0
COc1cc(O)c2c(=O)c3c(O)c(OC4OC(CO)C(O)C(O)C4O)ccc3oc2c1OC,2
Cn1cnc2[nH]c(=O)cnc2c1=O,1
COC(=O)C(Cc1ccccc1)NC(=O)C(N)CCc1ccccc1,2
O=c1cc(-c2ccccc2)oc2cccc(O)c12,0
COC(=O)CCNC(=O)C(Cc1ccccc1)NC(Cc1ccccc1)C(=O)O,2
C[N+](C)(C)CC(=O)[O-],4
C[N+](C)(C)CC(=O)[O-],2
C[N+](C)(C)CC(=O)[O-],3
C[N+]1(C)CCCC1C(=O)[O-],2
C[N+]1(C)CCCC1C(=O)[O-],0
C/C(=C\CO)CCC1=C(CO)CC(OC2OCC(O)C(O)C2O)C2C(C)(CO)CCCC12C,2
C/C(=C\CO)CCC1=C(CO)CC(OC2OCC(O)C(O)C2O)C2C(C)(CO)CCCC12C,0
C/C(=C\CO)CCC1C(C)(O)CC(OC2OCC(O)C(O)C2O)C2C(C)(C)CC(O)CC21C,2
C/C(=C\CO)CCC1C(C)(O)CC(OC2OCC(O)C(O)C2O)C2C(C)(C)CC(O)CC21C,0
C#N,4
C#N,0
C=C(C)C1CC(=O)C2(C)OC2C1,4
C=C(C)C1CC(=O)C2(C)OC2C1,2
C=C(C)C1CC=C(C)C(=O)C1,4
C=C(C)C1CC=C(C)C(=O)C1,2
C=C(C)C1CC=C(C)CC1,2
C=C(C)C1CC=C(C)CC1,4
C=C(C)C1CC=C(C)CC1,0
C=C(C)C1CC=C(C=NO)CC1,2
C=C(C)C1CC=C(C=NO)CC1,0
C=C(C)C1CC=C(C=NO)CC1,1
C=C(C)CCCC(C)CCOC(=O)CC(C)C,4
C=C(C)CCCC(C)CCOC(=O)CC(C)C,0
C=C(C)CCCC(C)CCOC(=O)CC(C)C,2
C=C(C)CCCC(C)CCOC=O,4
C=C(C)CCCC(C)CCOC=O,0
C=C(C)CCCC(C)CCOC=O,2
C=C1C(=O)C23CC1CC(O)C2C1(COC(C)=O)C(CCC(C)(C)C1C=O)OC3=O,0
C=C1C(=O)C23CC1CC(O)C2C1(COC(C)=O)C(CCC(C)(C)C1C=O)OC3=O,4
C=C1CC23CCC4C(C)(C(=O)O)CCCC4(C)C2CCC1(OC1OC(CO)C(O)C(O)C1OC1OC(CO)C(O)C(O)C1O)C3,2
C=C1CC23CCC4C(C)(C(=O)O)CCCC4(C)C2CCC1(OC1OC(CO)C(O)C(O)C1OC1OC(CO)C(O)C(O)C1O)C3,0
C=C1CC23CCC4C(C)(C(=O)O)CCCC4(C)C2CCC1(OC1OC(CO)C(O)C(OC2OC(CO)C(O)C(O)C2O)C1OC1OC(CO)C(O)C(O)C1O)C3,2
C=C1CC23CCC4C(C)(C(=O)O)CCCC4(C)C2CCC1(OC1OC(CO)C(O)C(OC2OC(CO)C(O)C(O)C2O)C1OC1OC(CO)C(O)C(O)C1O)C3,0
C=C1CC23CCC4C(C)(C(=O)OC5OC(CO)C(O)C(O)C5O)CCCC4(C)C2CCC1(OC1OC(CO)C(O)C(O)C1O)C3,2
C=C1CC23CCC4C(C)(C(=O)OC5OC(CO)C(O)C(O)C5O)CCCC4(C)C2CCC1(OC1OC(CO)C(O)C(O)C1O)C3,0
C=C1CC23CCC4C(C)(C(=O)OC5OC(CO)C(O)C(O)C5O)CCCC4(C)C2CCC1(OC1OC(CO)C(O)C(O)C1OC1OC(C)C(O)C(O)C1O)C3,2
C=C1CC23CCC4C(C)(C(=O)OC5OC(CO)C(O)C(O)C5O)CCCC4(C)C2CCC1(OC1OC(CO)C(O)C(O)C1OC1OC(C)C(O)C(O)C1O)C3,0
C=C1CC23CCC4C(C)(C(=O)OC5OC(CO)C(O)C(O)C5O)CCCC4(C)C2CCC1(OC1OC(CO)C(O)C(O)C1OC1OC(CO)C(O)C(O)C1O)C3,2
C=C1CC23CCC4C(C)(C(=O)OC5OC(CO)C(O)C(O)C5O)CCCC4(C)C2CCC1(OC1OC(CO)C(O)C(O)C1OC1OC(CO)C(O)C(O)C1O)C3,0
C=C1CC23CCC4C(C)(C(=O)OC5OC(CO)C(O)C(O)C5O)CCCC4(C)C2CCC1(OC1OC(CO)C(O)C(OC2OC(CO)C(O)C(O)C2O)C1OC1OC(C)C(O)C(O)C1O)C3,2
C=C1CC23CCC4C(C)(C(=O)OC5OC(CO)C(O)C(O)C5O)CCCC4(C)C2CCC1(OC1OC(CO)C(O)C(OC2OC(CO)C(O)C(O)C2O)C1OC1OC(C)C(O)C(O)C1O)C3,0
C=C1CC23CCC4C(C)(C(=O)OC5OC(CO)C(O)C(O)C5O)CCCC4(C)C2CCC1(OC1OC(CO)C(O)C(OC2OC(CO)C(O)C(O)C2O)C1OC1OC(CO)C(O)C(O)C1O)C3,2
C=C1CC23CCC4C(C)(C(=O)OC5OC(CO)C(O)C(O)C5O)CCCC4(C)C2CCC1(OC1OC(CO)C(O)C(OC2OC(CO)C(O)C(O)C2O)C1OC1OC(CO)C(O)C(O)C1O)C3,0
C=C1CC23CCC4C(C)(C(=O)OC5OC(CO)C(O)C(O)C5O)CCCC4(C)C2CCC1(OC1OC(CO)C(O)C(OC2OC(CO)C(O)C(O)C2O)C1OC1OCC(O)C(O)C1O)C3,2
C=C1CC23CCC4C(C)(C(=O)OC5OC(CO)C(O)C(O)C5O)CCCC4(C)C2CCC1(OC1OC(CO)C(O)C(OC2OC(CO)C(O)C(O)C2O)C1OC1OCC(O)C(O)C1O)C3,0
C=C1CC23CCC4C(C)(C(=O)OC5OC(CO)C(O)C(O)C5OC5OC(CO)C(O)C(O)C5O)CCCC4(C)C2CCC1(OC1OC(CO)C(O)C(O)C1OC1OC(CO)C(O)C(O)C1O)C3,2
C=C1CC23CCC4C(C)(C(=O)OC5OC(CO)C(O)C(O)C5OC5OC(CO)C(O)C(O)C5O)CCCC4(C)C2CCC1(OC1OC(CO)C(O)C(O)C1OC1OC(CO)C(O)C(O)C1O)C3,0
C=C1CC23CCC4C(C)(C(=O)OC5OC(CO)C(O)C(O)C5OC5OC(CO)C(O)C(O)C5O)CCCC4(C)C2CCC1(OC1OC(CO)C(O)C(OC2OC(CO)C(O)C(O)C2O)C1OC1OC(CO)C(O)C(O)C1O)C3,2
C=C1CC23CCC4C(C)(C(=O)OC5OC(CO)C(O)C(O)C5OC5OC(CO)C(O)C(O)C5O)CCCC4(C)C2CCC1(OC1OC(CO)C(O)C(OC2OC(CO)C(O)C(O)C2O)C1OC1OC(CO)C(O)C(O)C1O)C3,0
C=C1CC23CCC4C(C)(C(=O)OC5OC(CO)C(O)C(OC6OC(CO)C(O)C(O)C6O)C5OC5OC(CO)C(O)C(O)C5O)CCCC4(C)C2CCC1(OC1OC(CO)C(O)C(OC2OC(CO)C(O)C(O)C2O)C1OC1OC(CO)C(O)C(O)C1O)C3,2
C=C1CC23CCC4C(C)(C(=O)OC5OC(CO)C(O)C(OC6OC(CO)C(O)C(O)C6O)C5OC5OC(CO)C(O)C(O)C5O)CCCC4(C)C2CCC1(OC1OC(CO)C(O)C(OC2OC(CO)C(O)C(O)C2O)C1OC1OC(CO)C(O)C(O)C1O)C3,0
C=C1CCC=C(C)CCC2C1CC2(C)C,2
C=C1CCC=C(C)CCC2C1CC2(C)C,4
C=C1CCC=C(C)CCC2C1CC2(C)C,0
C=CC(=C)CCC=C(C)CCC=C(C)C,4
C=CC(=C)CCC=C(C)CCC=C(C)C,2
C=CC(C)(CCC=C(C)C)OC=O,4
C=CC(C)(CCC=C(C)C)OC=O,0
C=CC(C)(CCC=C(C)C)OC=O,2
C=CC(C)(O)CCC=C(C)C,2
C=CC(C)(O)CCC=C(C)C,4
C=CC(C)(O)CCC1C(C)(O)CCC2C(C)(C)CCCC21C,2
C=CC(C)(O)CCC1C(C)(O)CCC2C(C)(C)CCCC21C,0
C=CC1(C)CCC(C(C)(C)O)O1,4
C=CC1(C)CCC(C(C)(C)O)O1,2
C=CCc1cc(OC)c2c(c1)OCO2,4
C=CCc1cc(OC)c2c(c1)OCO2,0
C=CCc1ccc(OC)c(OC)c1,0
C=CCc1ccc(OC)c(OC)c1,2
C=CCc1ccc(OC)cc1,2
C=CCc1ccc(OC)cc1,4
C=CCN=C=S,4
C=CCN=C=S,0
c1cc[nH]c1,0
c1cc[nH]c1,2
C1CCNC1,0
C1CCNC1,4
C1CCNCC1,0
c1ccncc1,0
c1ccncc1,1
C1CCNCC1,2
C1CNCCN1,0
c1cnccn1,0
C1CNCCN1,4
c1cnccn1,2
CC(=CC(=O)O)C(=O)O,0
CC(=CC(=O)O)C(=O)O,1
CC(=CCO)CCC1=C(C=O)CC(OC2OCC(O)C(O)C2O)C2C(C)(CO)CCCC12C,2
CC(=CCO)CCC1=C(C=O)CC(OC2OCC(O)C(O)C2O)C2C(C)(CO)CCCC12C,0
CC(=CCO)CCC1=C(CO)CC(OC2OCC(O)C(O)C2O)C2C(C)(CO)CCCC12C,2
CC(=CCO)CCC1=C(CO)CC(OC2OCC(O)C(O)C2O)C2C(C)(CO)CCCC12C,0
CC(=CCO)CCC1C(C)(O)CC(OC2OCC(O)C(O)C2O)C2C(C)(C)CC(O)CC21C,2
CC(=CCO)CCC1C(C)(O)CC(OC2OCC(O)C(O)C2O)C2C(C)(C)CC(O)CC21C,0
CC(=O)C=O,2
CC(=O)C=O,1
CC(=O)c1c(O)cc(C)oc1=O,4
CC(=O)c1c(O)cc(C)oc1=O,1
CC(=O)c1ccc(C)cc1,2
CC(=O)c1ccc(C)cc1,0
CC(=O)c1ccccc1,0
CC(=O)c1ccccc1,2
CC(=O)CCC(=O)O,2
CC(=O)CCC(=O)O,1
CC(=O)CCC=C(C)C,0
CC(=O)CCC=C(C)C,2
CC(=O)OC(C)(C)C1CC=C(C)CC1,2
CC(=O)OC(C)(C)C1CC=C(C)CC1,4
CC(=O)OC(C)c1ccccc1,0
CC(=O)OC(C)c1ccccc1,2
CC(=O)OC1C(O)C(CO)OC1(CO)OC1OC(CO)C(O)C(O)C1O,2
CC(=O)OC1CC(OC2C(O)CC(OC3C(O)CC(OC4CCC5(C)C(CCC6C5CC(O)C5(C)C(C7=CC(=O)OC7)CCC65O)C4)OC3C)OC2C)OC(C)C1OC1OC(CO)C(O)C(O)C1O,4
CC(=O)OC1CC(OC2C(O)CC(OC3C(O)CC(OC4CCC5(C)C(CCC6C5CC(O)C5(C)C(C7=CC(=O)OC7)CCC65O)C4)OC3C)OC2C)OC(C)C1OC1OC(CO)C(O)C(O)C1O,0
CC(=O)OC1CC2CCC1(C)C2(C)C,2
CC(=O)OC1CC2CCC1(C)C2(C)C,4
CC(=O)Oc1ccccc1C(=O)O,0
CC(=O)Oc1ccccc1C(=O)O,1
CC(=O)OCC(C)C,0
CC(=O)OCC(C)C,2
CC(=O)OCC(Cc1ccccc1)NC(=O)C(N)CC(=O)O,4
CC(=O)OCC(Cc1ccccc1)NC(=O)C(N)CC(=O)O,2
CC(=O)OCC=C(C)CCC=C(C)C,0
CC(=O)OCC=C(C)CCC=C(C)C,4
CC(=O)OCC12C(CCC(C)(C)C1C=O)OC(=O)C13CC(CC(O)C12)C(C)C3=O,0
CC(=O)OCC12C(CCC(C)(C)C1C=O)OC(=O)C13CC(CC(O)C12)C(C)C3=O,4
CC(=O)OCc1ccc2c(c1)OCO2,0
CC(=O)OCc1ccc2c(c1)OCO2,2
CC(=O)OCc1ccccc1,4
CC(=O)OCc1ccccc1,2
CC(=O)OCc1ccccc1,0
CC(=O)OCC1OC(OC2(CO)OC(CO)C(O)C2O)C(O)C(O)C1O,4
CC(=O)OCC1OC(OC2(CO)OC(CO)C(O)C2O)C(O)C(O)C1O,2
CC(=O)OCCC(C)C,4
CC(=O)OCCC(C)C,2
CC(=O)OCCC(C)C,0
CC(=O)OCCC(C)CCC=C(C)C,4
CC(=O)OCCC(C)CCC=C(C)C,2
CC(=O)OCCCc1ccccc1,2
CC(=O)OCCCc1ccccc1,0
CC(=O)S,4
CC(=O)S,1
CC(C)(CO)C(O)C(=O)NCCC(=O)O,0
CC(C)(CO)C(O)C(=O)NCCC(=O)O,2
CC(C)=CC(=O)O,4
CC(C)=CC(=O)O,1
CC(C)=CC1CC(C)CCO1,4
CC(C)=CC1CC(C)CCO1,2
CC(C)=CCC=C(C)C1CC=C(C)CC1,4
CC(C)=CCC=C(C)C1CC=C(C)CC1,0
CC(C)=CCCC(C)(O)C1CCC(C)=CC1=O,2
CC(C)=CCCC(C)(O)C1CCC(C)=CC1=O,4
CC(C)=CCCC(C)(O)C1CCC(C)=CC1=O,0
CC(C)=CCCC(C)=CC=O,2
CC(C)=CCCC(C)=CC=O,0
CC(C)=CCCC(C)=CCNC(=O)C1CC1,3
CC(C)=CCCC(C)=CCNC(=O)C1CC1,4
CC(C)=CCCC(C)=CCO,0
CC(C)=CCCC(C)=CCO,2
CC(C)=CCCC(C)=CCOC=O,0
CC(C)=CCCC(C)=CCOC=O,4
CC(C)=CCCC(C)CC=O,2
CC(C)=CCCC(C)CC=O,4
CC(C)=CCCC(C)CCO,0
CC(C)=CCCC(C)CCO,4
CC(C)=CCCC(C)CCO,2
CC(C)C(=O)O,4
CC(C)C(=O)O,1
CC(C)C(=O)OCCc1ccccc1,4
CC(C)C(=O)OCCc1ccccc1,0
CC(C)C(=O)OCCc1ccccc1,2
CC(C)C(=O)OCCCc1ccccc1,2
CC(C)C(=O)OCCCc1ccccc1,0
CC(C)C(C(=O)O)S(=O)(=O)c1ccc(Br)cc1,0
CC(C)C(C(=O)O)S(=O)(=O)c1ccc(Br)cc1,2
CC(C)C(C(=O)O)S(=O)(=O)c1ccc(Cl)cc1,0
CC(C)C(C(=O)O)S(=O)(=O)c1ccc(Cl)cc1,2
CC(C)C(N)C(=O)O,2
CC(C)C(N)C(=O)O,0
CC(C)C(N)C(=O)O,4
CC(C)c1ccc(C=O)cc1,1
CC(C)c1ccc(C=O)cc1,4
CC(C)CC(=O)OC1CC(C)CCC1C(C)C,0
CC(C)CC(=O)OC1CC(C)CCC1C(C)C,2
CC(C)CC(=O)OCCc1ccccc1,2
CC(C)CC(=O)OCCc1ccccc1,0
CC(C)CC(N)C(=O)NC(Cc1ccccc1)C(=O)O,0
CC(C)CC(N)C(=O)NC(Cc1ccccc1)C(=O)O,2
CC(C)CC(N)C(=O)O,2
CC(C)CC(N)C(=O)O,0
CC(C)CC(NC(=O)C(N)CCC(N)=O)C(=O)NC(Cc1ccccc1)C(=O)NC(CC(N)=O)C(=O)N1CCCC1C(=O)NC(CO)C(=O)NC(C(=O)NC(CC(N)=O)C(=O)N1CCCC1C(=O)NC(Cc1c[nH]c2ccccc12)C(=O)O)C(C)O,0
CC(C)CC=C(C=O)c1ccccc1,2
CC(C)CC=C(C=O)c1ccccc1,0
CC(C)CC1OCC(C)O1,2
CC(C)CC1OCC(C)O1,1
CC(C)CCOC(=O)c1ccccc1O,0
CC(C)CCOC(=O)c1ccccc1O,2
CC(C)CCOC(=O)CCc1ccco1,2
CC(C)CCOC(=O)CCc1ccco1,1
CC(C)COS(=O)(=O)NC1CCCCC1,2
CC(C)COS(=O)(=O)NC1CCCCC1,0
CC(C)OC(=O)C(C)NC(=O)C(N)C(=O)O,2
CC(C)OC(=O)C(C)NC(=O)C(N)C(=O)O,4
CC(C)OC1OC(COC2OCC(O)(CO)C2O)C(O)C(O)C1O,2
CC(C)OC1OC(COC2OCC(O)(CO)C2O)C(O)C(O)C1O,0
CC(C)OCC1OC(OC2(CCl)OC(CCl)C(O)C2O)C(O)C(O)C1Cl,4
CC(C)OCC1OC(OC2(CCl)OC(CCl)C(O)C2O)C(O)C(O)C1Cl,2
CC(C)OS(=O)(=O)NC1CCCCC1,2
CC(C)OS(=O)(=O)NC1CCCCC1,0
CC(CCC(OC1OC(CO)C(O)C(O)C1O)C(C)(C)O)C1CCC2(C)C3CC=C4C(CCC(OC5OC(CO)C(O)C(O)C5O)C4(C)C)C3(C)C(O)CC12C,2
CC(CCC(OC1OC(CO)C(O)C(O)C1O)C(C)(C)O)C1CCC2(C)C3CC=C4C(CCC(OC5OC(CO)C(O)C(O)C5O)C4(C)C)C3(C)C(O)CC12C,0
CC(CCC(OC1OC(COC2OC(CO)C(O)C(O)C2O)C(O)C(O)C1OC1OC(CO)C(O)C(O)C1O)C(C)(C)O)C1CCC2(C)C3CC=C4C(CCC(OC5OC(COC6OC(COC7OC(CO)C(O)C(O)C7O)C(O)C(O)C6O)C(O)C(O)C5O)C4(C)C)C3(C)C(O)CC12C,2
CC(CCC(OC1OC(COC2OC(CO)C(O)C(O)C2O)C(O)C(O)C1OC1OC(CO)C(O)C(O)C1O)C(C)(C)O)C1CCC2(C)C3CC=C4C(CCC(OC5OC(COC6OC(COC7OC(CO)C(O)C(O)C7O)C(O)C(O)C6O)C(O)C(O)C5O)C4(C)C)C3(C)C(O)CC12C,0
CC(N)C(=O)O,2
CC(N)C(=O)O,4
CC(N)C(=O)O,0
CC(N)C(=O)OC(C)(C)C,2
CC(N)C(=O)OC(C)(C)C,0
CC(NC(=O)C(N)CC(=O)O)C(=O)NC1C(C)(C)CCC1(C)C,2
CC(NC(=O)C(N)CC(=O)O)C(=O)NC1C(C)(C)CCC1(C)C,0
CC(NC(=O)C(N)CC(=O)O)C(=O)NC1C(C)(C)SC1(C)C,2
CC(NC(=O)C(N)CC(=O)O)C(=O)NC1C(C)(C)SC1(C)C,0
CC(NC(=O)CC(N)C(=O)O)C(=O)NC1C(C)(C)SC1(C)C,4
CC(NC(=O)CC(N)C(=O)O)C(=O)NC1C(C)(C)SC1(C)C,2
CC(O)C(=O)O,1
CC(O)C(=O)O,4
CC(O)C(=O)O,3
CC(O)C(N)C(=O)O,2
CC(O)C(N)C(=O)O,1
CC(O)C(O)C(O)C(O)C=O,2
CC(O)C(O)C(O)C(O)C=O,0
CC(O)CO,2
CC(O)CO,4
CC(S)C(=O)O,4
CC(S)C(=O)O,1
CC=C(C)C(=O)O,2
CC=C(C)C(=O)O,4
CC=C(C)C(=O)O,1
CC=C(C)CC=NO,2
CC=C(C)CC=NO,0
CC=CC=CC(=O)OC,4
CC=CC=CC(=O)OC,2
CC=CC=CC=CCCC=CC(=O)NCC(C)(C)O,4
CC=CC=CC=CCCC=CC(=O)NCC(C)(C)O,1
CC=CC=CC=CCCC=CC(=O)NCC(C)(C)O,0
CC=Cc1ccc(O)c(OC)c1,2
CC=Cc1ccc(O)c(OC)c1,4
CC=Cc1ccc(OC(C)=O)c(OC)c1,2
CC=Cc1ccc(OC(C)=O)c(OC)c1,4
CC=Cc1ccc(OC)cc1,2
CC=Cc1ccc(OC)cc1,4
CC1(C(=O)O)CCC2(C)CCC3(C)C(=CC(=O)C4C5(C)CCC(OC6OC(C(=O)O)C(O)C(O)C6OC6OC(C(=O)O)C(O)C(O)C6O)C(C)(C)C5CCC43C)C2C1,2
CC1(C(=O)O)CCC2(C)CCC3(C)C(=CC(=O)C4C5(C)CCC(OC6OC(C(=O)O)C(O)C(O)C6OC6OC(C(=O)O)C(O)C(O)C6O)C(C)(C)C5CCC43C)C2C1,0
CC1(C(=O)O)CCC2(C)CCC3(C)C(=CCC4C5(C)CCC(OC6OC(C(=O)O)C(O)C(O)C6OC6OC(C(=O)O)C(O)C(O)C6O)C(C)(C)C5CCC43C)C2C1,2
CC1(C(=O)O)CCC2(C)CCC3(C)C(=CCC4C5(C)CCC(OC6OC(C(=O)O)C(O)C(O)C6OC6OC(C(=O)O)C(O)C(O)C6O)C(C)(C)C5CCC43C)C2C1,0
CC1(C)C2CCC1(C)C(O)C2,4
CC1(C)C2CCC1(C)C(O)C2,0
CC1(C)CCC2(C(=O)O)CCC3(C)C(=CCC4C5(C)CCC(OC6OC(C(=O)O)C(O)C(O)C6O)C(C)(C)C5CCC43C)C2C1,2
CC1(C)CCC2(C(=O)O)CCC3(C)C(=CCC4C5(C)CCC(OC6OC(C(=O)O)C(O)C(O)C6O)C(C)(C)C5CCC43C)C2C1,0
CC1(C)CCC2(C(=O)O)CCC3(C)C(=CCC4C5(C)CCC(OC6OC(C(=O)O)C(O)C(OC7OCC(O)C(O)C7O)C6O)C(C)(C)C5CCC43C)C2C1,0
CC1(C)CCC2(C(=O)O)CCC3(C)C(=CCC4C5(C)CCC(OC6OC(C(=O)O)C(O)C(OC7OCC(O)C(O)C7O)C6O)C(C)(C)C5CCC43C)C2C1,2
CC1(C)CCC2(C(=O)OC3OC(CO)C(O)C(O)C3O)CCC3(C)C(=CCC4C5(C)CCC(OC6OC(C(=O)O)C(O)C(OC7OCC(O)C(O)C7O)C6O)C(C)(C)C5CCC43C)C2C1,0
CC1(C)CCC2(C(=O)OC3OC(CO)C(O)C(O)C3O)CCC3(C)C(=CCC4C5(C)CCC(OC6OC(C(=O)O)C(O)C(OC7OCC(O)C(O)C7O)C6O)C(C)(C)C5CCC43C)C2C1,2
CC1=CC(=O)C(C(C)C)CC1,2
CC1=CC(=O)C(C(C)C)CC1,4
CC1=CC(=O)NS(=O)(=O)O1,2
CC1=CC(=O)NS(=O)(=O)O1,0
CC1=CC=CCC1,2
CC1=CC=CCC1,4
CC1=CCC(C(C)(C)OC(=O)CC(C)C)CC1,0
CC1=CCC(C(C)(C)OC(=O)CC(C)C)CC1,2
CC1=CCC(C(C)C)C=C1,4
CC1=CCC(C(C)C)C=C1,0
CC1=CCC(O)(C(C)C)CC1,2
CC1=CCC(O)(C(C)C)CC1,4
CC1=CCC(O)(C(C)C)CC1,0
CC1=CCC2C(C1)C2(C)C,2
CC1=CCC2C(C1)C2(C)C,4
CC1=CCC2CC1C2(C)C,2
CC1=CCC2CC1C2(C)C,4
CC12CCC(C1)C(C)(C)C2=O,0
CC12CCC(C1)C(C)(C)C2=O,4
CC12CCC(C1)C(C)(C)C2O,0
CC12CCC(C1)C(C)(C)C2O,2
CC12CCC(C1)C(C)(C)C2O,4
CC12CCC(CC1=O)C2(C)C,0
CC12CCC(CC1=O)C2(C)C,4
CC1C(=O)CC2(C(C)C)CC12,0
CC1C(=O)CC2(C(C)C)CC12,4
CC1CC=C(C=NO)CC1,0
CC1CC=C(C=NO)CC1,2
Cc1ccc(C(=O)c2ccccc2C(=O)O)cc1,2
Cc1ccc(C(=O)c2ccccc2C(=O)O)cc1,1
CC1CCC(C(C)C)C(=O)C1,0
CC1CCC(C(C)C)C(=O)C1,2
CC1CCC(C(C)C)C(=O)C1,4
CC1CCC(C(C)C)C(O)C1,4
CC1CCC(C(C)C)C(O)C1,2
CC1CCC(C(C)C)C(O)C1,0
Cc1ccc(S(=O)(=O)C(C)CC(=O)O)cc1,2
Cc1ccc(S(=O)(=O)C(C)CC(=O)O)cc1,0
CC1CCC2C1C1C(CCC2(C)O)C1(C)C,2
CC1CCC2C1C1C(CCC2(C)O)C1(C)C,4
Cc1ccc2oc(=O)ccc2c1,0
Cc1ccc2oc(=O)ccc2c1,2
CC1CCCC(=O)C1,4
CC1CCCC(=O)C1,0
Cc1ccccc1S,4
Cc1ccccc1S,1
CC1COC(c2ccccc2)O1,2
CC1COC(c2ccccc2)O1,0
Cc1coc2c1CCC(C)C2,4
Cc1coc2c1CCC(C)C2,0
Cc1ncc(C[n+]2csc(CCO)c2C)c(N)n1.Cl.[Cl-],0
Cc1ncc(C[n+]2csc(CCO)c2C)c(N)n1.Cl.[Cl-],1
CC1OC(Oc2c(-c3ccc(O)c(O)c3)oc3cc(O)cc(O)c3c2=O)C(O)C(O)C1O,2
CC1OC(Oc2c(-c3ccc(O)c(O)c3)oc3cc(O)cc(O)c3c2=O)C(O)C(O)C1O,0
CC1OC(OC2C(=O)c3c(O)cc(O)cc3OC2c2ccc(O)c(O)c2)C(O)C(O)C1O,2
CC1OC(OC2C(=O)c3c(O)cc(O)cc3OC2c2ccc(O)c(O)c2)C(O)C(O)C1O,4
CC1OC(OC2C(=O)c3c(O)cc(O)cc3OC2c2ccc(O)c(O)c2)C(O)C(O)C1O,0
CC1OC(OC2C(Oc3cc(O)c4c(c3)OC(c3ccc(O)c(O)c3)CC4=O)OC(CO)C(O)C2O)C(O)C(O)C1O,0
CC1OC(OC2C(Oc3cc(O)c4c(c3)OC(c3ccc(O)c(O)c3)CC4=O)OC(CO)C(O)C2O)C(O)C(O)C1O,2
CC1OC(Oc2cc(O)cc(O)c2C(=O)CCc2ccc(O)cc2)C(O)C(O)C1O,2
CC1OC(Oc2cc(O)cc(O)c2C(=O)CCc2ccc(O)cc2)C(O)C(O)C1O,0
CC1OC(OCC2OC(Oc3c(-c4ccc(O)c(O)c4)oc4cc(O)cc(O)c4c3=O)C(O)C(O)C2O)C(O)C(O)C1O,4
CC1OC(OCC2OC(Oc3c(-c4ccc(O)c(O)c4)oc4cc(O)cc(O)c4c3=O)C(O)C(O)C2O)C(O)C(O)C1O,0
CC1OC(OCC2OC(Oc3c(-c4ccc(O)cc4)oc4cc(O)cc(O)c4c3=O)C(O)C(O)C2O)C(O)C(O)C1O,0
CC1OC(OCC2OC(Oc3c(-c4ccc(O)cc4)oc4cc(O)cc(O)c4c3=O)C(O)C(O)C2O)C(O)C(O)C1O,4
CC1OC(OCC2OC(Oc3cc(O)c4c(c3)OC(c3ccc(O)c(O)c3)CC4=O)C(O)C(O)C2O)C(O)C(O)C1O,4
CC1OC(OCC2OC(Oc3cc(O)c4c(c3)OC(c3ccc(O)c(O)c3)CC4=O)C(O)C(O)C2O)C(O)C(O)C1O,2
CC1OC(OCC2OC(Oc3cc(O)c4c(c3)OC(c3ccc(O)c(O)c3)CC4=O)C(O)C(O)C2O)C(O)C(O)C1O,0
CCC(=O)C(=O)O,2
CCC(=O)C(=O)O,1
CCC(=O)OC(C)C,2
CCC(=O)OC(C)C,0
CCC(=O)OCC(C)C,0
CCC(=O)OCC(C)C,2
CCC(=O)OCCC(C)C,2
CCC(=O)OCCC(C)C,0
CCC(=O)OCCC(C)CCC=C(C)C,0
CCC(=O)OCCC(C)CCC=C(C)C,2
CCC(C)C(N)C(=O)NC(Cc1ccccc1)C(=O)O,2
CCC(C)C(N)C(=O)NC(Cc1ccccc1)C(=O)O,0
CCC(C)C(N)C(=O)O,2
CCC(C)C(N)C(=O)O,0
CCC(C)N=C=S,4
CCC(C)N=C=S,0
CCC(C)OS(=O)(=O)NC1CCCCC1,2
CCC(C)OS(=O)(=O)NC1CCCCC1,0
CCC(CCC(C)C1CCC2C3CC=C4CC(O)CCC4(C)C3CCC12C)C(C)C,2
CCC(CCC(C)C1CCC2C3CC=C4CC(O)CCC4(C)C3CCC12C)C(C)C,0
CCC=C(C)CC=NO,2
CCC=C(C)CC=NO,0
CCC=CCC(=O)OC,2
CCC=CCC(=O)OC,4
CCC=CCC=CCCO,2
CCC=CCC=CCCO,4
CCC=CCCC=CC(=O)NC1CC1,3
CCC=CCCC=CC(=O)NC1CC1,4
CCC=CCCO,4
CCC=CCCO,0
CCC=CCCOC(C)=O,4
CCC=CCCOC(C)=O,2
CCc1[nH]c2ccccc2c1CC(NC(=O)C1CCCN1C(=O)C(CC(N)=O)NC(=O)C(NC(=O)C(CC(N)=O)NC(=O)C1CCCN1C(=O)CNC(=O)C(Cc1ccccc1)NC(=O)C(CC(C)C)NC(=O)C(N)CCC(N)=O)C(C)C)C(=O)O,2
CCc1[nH]c2ccccc2c1CC(NC(=O)C1CCCN1C(=O)C(CC(N)=O)NC(=O)C(NC(=O)C(CC(N)=O)NC(=O)C1CCCN1C(=O)CNC(=O)C(Cc1ccccc1)NC(=O)C(CC(C)C)NC(=O)C(N)CCC(N)=O)C(C)C)C(=O)O,0
CCc1ccc(C=O)cc1,2
CCc1ccc(C=O)cc1,0
CCc1occc(=O)c1O,0
CCc1occc(=O)c1O,2
CCCC(=O)O,4
CCCC(=O)O,1
CCCC(=O)OCc1ccccc1,4
CCCC(=O)OCc1ccccc1,2
CCCC(CCC)NC(=O)c1ccc2c(c1)OCO2,3
CCCC(CCC)NC(=O)c1ccc2c(c1)OCO2,4
CCCC(N)C(=O)O,2
CCCC(N)C(=O)O,0
CCCC=CCO,4
CCCC=CCO,2
CCCCC(N)C(=O)O,0
CCCCC(N)C(=O)O,2
CCCCCC(C)O,0
CCCCCC(C)O,2
CCCCCC(O)C=CC=CCCCCCCCC(=O)O,0
CCCCCC(O)CC(O)CCc1ccc(O)c(OC)c1,4
CCCCCC(O)CC(O)CCc1ccc(O)c(OC)c1,0
CCCCCC=CC(=O)OC,4
CCCCCC=CC(=O)OC,2
CCCCCC=CC=CC(O)CCCCCCCC(=O)O,4
CCCCCC=CC=CC(O)CCCCCCCC(=O)O,0
CCCCCC=CC=CC=O,4
CCCCCC=CC=CC=O,2
CCCCCC=CCC=CCC=CCC=CCCCC(=O)O,4
CCCCCC=CCC=CCC=CCC=CCCCC(=O)O,0
CCCCCC=CCC=CCC=CCCCCC(=O)O,0
CCCCCC=CCC=CCCCCCCCC(=O)O,4
CCCCCC=CCC=CCCCCCCCC(=O)O,0
CCCCCC=CCC=CCCCCCCCC(=O)O,1
CCCCCC=CCC1CCC(=O)O1,2
CCCCCC=CCC1CCC(=O)O1,4
CCCCCCC=CCO,4
CCCCCCC=CCO,2
CCCCCCCC(=O)O,4
CCCCCCCC(=O)O,1
CCCCCCCC=O,4
CCCCCCCC=O,0
CCCCCCCCC=CCCCCCCCC(=O)O,4
CCCCCCCCC=CCCCCCCCC(=O)O,0
CCCCCCCCC=CCCCCCCCC(=O)OC(CO)CO,0
CCCCCCCCC=CCCCCCCCC(=O)OC(CO)CO,4
CCCCCCCCC=O,4
CCCCCCCCC=O,0
CCCCCCCCCC=O,2
CCCCCCCCCC=O,0
CCCCCCCCCCC=CC=O,0
CCCCCCCCCCC=CC=O,2
CCCCCCCCCCCC(=O)O,4
CCCCCCCCCCCC(=O)O,1
CCCCCCCCCCCC=O,4
CCCCCCCCCCCC=O,0
CCCCCCCCCCCCCC(=O)O,4
CCCCCCCCCCCCCC(=O)O,1
CCCCCCCCCCCCCCCC(=O)O,4
CCCCCCCCCCCCCCCC(=O)O,0
CCCCCCCCCCCCCCCCCC(=O)OCC(O)CO,0
CCCCCCCCCCCCCCCCCC(=O)OCC(O)CO,4
CCCCCCCCCOC(C)=O,0
CCCCCCCCCOC(C)=O,2
CCCCCCOC(C)=O,2
CCCCCCOC(C)=O,0
CCCCNS(=O)(=O)OCC,2
CCCCNS(=O)(=O)OCC,0
CCCCNS(=O)(=O)OCCC,2
CCCCNS(=O)(=O)OCCC,0
CCCCOS(=O)(=O)NC1CCCCC1,2
CCCCOS(=O)(=O)NC1CCCCC1,0
CCCNS(=O)(=O)OCCC,2
CCCNS(=O)(=O)OCCC,0
CCCOC(=O)C=Cc1ccco1,0
CCCOC(=O)C=Cc1ccco1,2
CCCOC(=O)CC,0
CCCOC(=O)CC,2
CCCOC(=O)CC(C)C,2
CCCOC(=O)CC(C)C,0
CCCOC(C)=O,0
CCCOC(C)=O,2
CCCOC=O,4
CCCOC=O,2
CCCOC=O,0
CCCOc1ccc([N+](=O)[O-])cc1[N+](=O)[O-],0
CCCOc1ccc([N+](=O)[O-])cc1[N+](=O)[O-],2
CCCOc1ccc(N)cc1[N+](=O)[O-],4
CCCOc1ccc(N)cc1[N+](=O)[O-],2
CCCOS(=O)(=O)NC1CCCCC1,2
CCCOS(=O)(=O)NC1CCCCC1,0
CCCOS(=O)(=O)NCC(C)C,2
CCCOS(=O)(=O)NCC(C)C,0
CCNC(=O)CCC(N)C(=O)O,3
CCNC(=O)CCC(N)C(=O)O,2
CCO,4
CCO,2
CCOC(=O)C(C)CC,2
CCOC(=O)C(C)CC,4
CCOC(=O)C(Cc1c[nH]c2ccccc12)NC(=O)C1CCCN1C(=O)C(CC(N)=O)NC(=O)C(NC(=O)C(CO)NC(=O)C1CCCN1C(=O)C(CC(N)=O)NC(=O)C(Cc1ccccc1)NC(=O)C(CC(C)C)NC(=O)C(N)CCC(N)=O)C(C)O,4
CCOC(=O)C(Cc1c[nH]c2ccccc12)NC(=O)C1CCCN1C(=O)C(CC(N)=O)NC(=O)C(NC(=O)C(CO)NC(=O)C1CCCN1C(=O)C(CC(N)=O)NC(=O)C(Cc1ccccc1)NC(=O)C(CC(C)C)NC(=O)C(N)CCC(N)=O)C(C)O,0
CCOC(=O)C=Cc1ccc(O)c(OC)c1,0
CCOC(=O)C=Cc1ccc(O)c(OC)c1,2
CCOC(=O)c1ccc(O)c(OC)c1,0
CCOC(=O)c1ccc(O)c(OC)c1,2
CCOC(=O)c1ccccc1,0
CCOC(=O)c1ccccc1,2
CCOC(=O)CC(=O)c1ccccc1,0
CCOC(=O)CC(=O)c1ccccc1,2
CCOC(=O)CC(C)S,2
CCOC(=O)CC(C)S,1
CCOC(=O)CC(Cc1ccccc1)NC(=O)C(N)CC(=O)O,4
CCOC(=O)CC(Cc1ccccc1)NC(=O)C(N)CC(=O)O,2
CCOC(=O)Cc1ccccc1,2
CCOC(=O)Cc1ccccc1,0
CCOC(=O)CNC(=O)C1CC(C)CCC1C(C)C,4
CCOC(=O)CNC(=O)C1CC(C)CCC1C(C)C,3
CCOC1OC(CO)C(O)C(O)C1O,2
CCOC1OC(CO)C(O)C(O)C1O,0
CCOS(=O)(=O)NC1CCCCC1,2
CCOS(=O)(=O)NC1CCCCC1,0
CN1C(=O)c2ccccc2S1(=O)=O,4
CN1C(=O)c2ccccc2S1(=O)=O,2
CNc1ccccc1C(=O)OC,2
CNc1ccccc1C(=O)OC,4
COC(=O)C(C)NC(=O)C(N)CC(=O)O,2
COC(=O)C(C)NC(=O)C(N)CC(=O)O,0
COC(=O)C(Cc1ccccc1)NC(=O)C(CC(=O)O)NC(=O)C(C)N,2
COC(=O)C(Cc1ccccc1)NC(=O)C(CC(=O)O)NC(=O)C(C)N,4
COC(=O)C(Cc1ccccc1)NC(=O)C(N)CC(=O)O,2
COC(=O)C(Cc1ccccc1)NC(=O)C(N)CC(=O)O,0
COC(=O)C(CNC(=O)C(N)CC(=O)O)Cc1ccccc1,4
COC(=O)C(CNC(=O)C(N)CC(=O)O)Cc1ccccc1,2
COC(=O)c1ccccc1O,4
COC(=O)c1ccccc1O,2
COC(=O)CCC(N)C(=O)OC,3
COC(=O)CCC(N)C(=O)OC,0
COC(=O)CCc1ccccc1,4
COC(=O)CCc1ccccc1,2
COC(C)=O,0
COC(C)=O,2
COc1cc(-c2oc3cc(O)cc(O)c3c(=O)c2OC2OC(CO)C(O)C(O)C2O)cc(OC)c1O,2
COc1cc(-c2oc3cc(O)cc(O)c3c(=O)c2OC2OC(CO)C(O)C(O)C2O)cc(OC)c1O,0
COc1cc(-c2oc3cc(O)cc(O)c3c(=O)c2OC2OC(CO)C(O)C(O)C2O)ccc1O,2
COc1cc(-c2oc3cc(O)cc(O)c3c(=O)c2OC2OC(CO)C(O)C(O)C2O)ccc1O,0
COc1cc(C(=O)O)cc(OC)c1O,0
COc1cc(C(=O)O)cc(OC)c1O,1
COc1cc(C(=O)O)ccc1O,2
COc1cc(C(=O)O)ccc1O,0
COc1cc(C(=O)O)ccc1O,1
COc1cc(C=CC(=O)NCCc2ccc(O)c(OC)c2)ccc1O,4
COc1cc(C=CC(=O)NCCc2ccc(O)c(OC)c2)ccc1O,0
COc1cc(C=CC(=O)O)cc(OC)c1O,0
COc1cc(C=CC(=O)O)cc(OC)c1O,4
COc1cc(C=CC(=O)O)ccc1O,0
COc1cc(C=CC(=O)O)ccc1O,1
COc1cc(C=O)ccc1O,2
COc1cc(C=O)ccc1O,0
COC1CC(O)C(O)C(C)O1,0
COC1CC(O)C(O)C(C)O1,2
COC1CC(OC2C(C)OC(OC3C(C)OC(OC4CCC5(C)C(=CCC6C5CCC5(C)C6CC(OC6OC(COC7OC(CO)C(O)C(O)C7O)C(O)C(O)C6O)C5C(C)=O)C4)C(O)C3OC)CC2OC)OC(C)C1OC(=O)C=C(C)C,2
COC1CC(OC2C(C)OC(OC3C(C)OC(OC4CCC5(C)C(=CCC6C5CCC5(C)C6CC(OC6OC(COC7OC(CO)C(O)C(O)C7O)C(O)C(O)C6O)C5C(C)=O)C4)C(O)C3OC)CC2OC)OC(C)C1OC(=O)C=C(C)C,0
COC1CC(OC2C(C)OC(OC3C(C)OC(OC4CCC5(C)C(=CCC6C5CCC5(C)C6CC(OC6OC(COC7OC(CO)C(O)C(O)C7OC7OC(CO)C(O)C(O)C7O)C(O)C(O)C6O)C5C(C)=O)C4)C(O)C3OC)CC2OC)OC(C)C1OC(=O)C=C(C)C,2
COC1CC(OC2C(C)OC(OC3C(C)OC(OC4CCC5(C)C(=CCC6C5CCC5(C)C6CC(OC6OC(COC7OC(CO)C(O)C(O)C7OC7OC(CO)C(O)C(O)C7O)C(O)C(O)C6O)C5C(C)=O)C4)C(O)C3OC)CC2OC)OC(C)C1OC(=O)C=C(C)C,0
COc1cc2c(=O)c(-c3ccc(O)cc3)coc2cc1OC1OC(CO)C(O)C(O)C1O,0
COc1cc2c(=O)c(-c3ccc(O)cc3)coc2cc1OC1OC(CO)C(O)C(O)C1O,2
COc1ccc(C(=O)O)cc1,2
COc1ccc(C(=O)O)cc1,1
COc1ccc(C(C)=O)cc1,0
COc1ccc(C(C)=O)cc1,2
COc1ccc(C=CC(=O)NCCc2ccc(OC)c(OC)c2)cc1OC,4
COc1ccc(C=CC(=O)NCCc2ccc(OC)c(OC)c2)cc1OC,2
COc1ccc(C=O)cc1,0
COc1ccc(C=O)cc1,2
COc1ccc(C2CC(=O)c3c(O)cc(O)cc3O2)cc1O,0
COc1ccc(C2CC(=O)c3c(O)cc(O)cc3O2)cc1O,2
COc1ccc(C2CC(=O)c3c(O)cc(OC4OC(CO)C(O)C(O)C4OC4OC(C)C(O)C(O)C4O)cc3O2)cc1O,0
COc1ccc(C2CC(=O)c3c(O)cc(OC4OC(CO)C(O)C(O)C4OC4OC(C)C(O)C(O)C4O)cc3O2)cc1O,2
COc1ccc(C2CC(=O)c3c(O)cc(OC4OC(COC5OC(C)C(O)C(O)C5O)C(O)C(O)C4O)cc3O2)cc1O,4
COc1ccc(C2CC(=O)c3c(O)cc(OC4OC(COC5OC(C)C(O)C(O)C5O)C(O)C(O)C4O)cc3O2)cc1O,2
COc1ccc(C2CC(=O)c3c(O)cc(OC4OC(COC5OC(C)C(O)C(O)C5O)C(O)C(O)C4O)cc3O2)cc1O,0
COc1ccc(C2Cc3cccc(O)c3C(=O)O2)cc1O,2
COc1ccc(C2Cc3cccc(O)c3C(=O)O2)cc1O,4
COc1ccc(C2Cc3cccc(O)c3C(=O)O2)cc1OC,0
COc1ccc(C2Cc3cccc(O)c3C(=O)O2)cc1OC,2
COc1ccc(C2OC3CC4CCC3(CS2)C4(C)C)cc1O,2
COc1ccc(C2OC3CC4CCC3(CS2)C4(C)C)cc1O,4
COc1ccc(C2OCc3ccccc3S2)cc1O,2
COc1ccc(C2OCc3ccccc3S2)cc1O,4
COc1ccc(C2SCc3ccccc3S2)cc1O,2
COc1ccc(C2SCc3ccccc3S2)cc1O,4
COc1ccc(CCNC(=O)C=Cc2ccc3c(c2)OCO3)cc1,2
COc1ccc(CCNC(=O)C=Cc2ccc3c(c2)OCO3)cc1,1
COc1ccc(CNC(=O)C(=O)NCCc2ccccn2)c(OC)c1,3
COc1ccc(CNC(=O)C(=O)NCCc2ccccn2)c(OC)c1,4
COc1ccc(OC)cc1,0
COc1ccc(OC)cc1,2
COc1ccc2ccc(=O)oc2c1,2
COc1ccc2ccc(=O)oc2c1,0
COc1ccccc1C=O,0
COc1ccccc1C=O,2
COc1ccccc1O,4
COc1ccccc1O,2
COC1OC(C)C(O)CC1O,0
COC1OC(C)C(O)CC1O,2
COC1OC(C)CC(O)C1O,0
COC1OC(C)CC(O)C1O,2
COC1OC(CO)C(O)C(O)C1O,2
COC1OC(CO)C(O)C(O)C1O,0
COCC1=CCC=C(C=NO)C1,4
COCC1=CCC=C(C=NO)C1,2
COCC1OC(CO)C(O)C(O)C1O,2
COCC1OC(CO)C(O)C(O)C1O,0
CSCCC(N)C(=O)O,2
CSCCC(N)C(=O)O,1
CSCCC(N)C(=O)O,0
N[C@@H](CC(=O)O)C(=O)O,3
N[C@@H](CC(=O)O)C(=O)O,1
N#Cc1ccc(NC(=O)NC(CC(=O)O)C2CCCCC2)cc1,2
N#Cc1ccc(NC(=O)NC(CC(=O)O)C2CCCCC2)cc1,0
N#Cc1ccc(NC(=O)NC(CC(=O)O)C2CCCCCCC2)cc1,2
N#Cc1ccc(NC(=O)NC(CC(=O)O)C2CCCCCCC2)cc1,0
N#Cc1ccc(NC(=O)NC2(CC(=O)O)CCCCCC2)cc1,2
N#Cc1ccc(NC(=O)NC2(CC(=O)O)CCCCCC2)cc1,0
N#CCCCC#N,0
N=C(N)NCCCC(N)C(=O)O,0
N=C(N)NCCCC(N)C(=O)O,4
NC(=O)CC(N)C(=O)O,2
NC(=O)CC(N)C(=O)O,4
NC(=O)CC(N)C(=O)O,0
NC(=O)CC(N)C(=O)O,1
NC(=O)CCC(N)C(=O)O,2
NC(=O)CCC(N)C(=O)O,4
NC(=O)CCC(N)C(=O)O,1
NC(CC(=O)O)C(=O)NC(Cc1ccccc1)C(=O)O,4
NC(CC(=O)O)C(=O)NC(Cc1ccccc1)C(=O)O,2
NC(CC(=O)O)C(=O)O,4
NC(CC(=O)O)C(=O)O,2
NC(CC(=O)O)C(=O)O,0
NC(CC(=O)O)C(=O)O,1
NC(Cc1c[nH]c2cc(Cl)ccc12)C(=O)O,2
NC(Cc1c[nH]c2cc(Cl)ccc12)C(=O)O,4
NC(Cc1c[nH]c2ccccc12)C(=O)O,2
NC(Cc1c[nH]c2ccccc12)C(=O)O,0
NC(Cc1ccc(O)cc1)C(=O)O,2
NC(Cc1ccc(O)cc1)C(=O)O,0
NC(Cc1ccc(O)cc1)C(=O)O,4
NC(Cc1ccccc1)C(=O)O,2
NC(Cc1ccccc1)C(=O)O,0
NC(Cc1ccccc1)C(=O)O,4
NC(Cc1cnc[nH]1)C(=O)O,2
NC(Cc1cnc[nH]1)C(=O)O,0
NC(CCC(=O)O)C(=O)O,4
NC(CCC(=O)O)C(=O)O,2
NC(CCC(=O)O)C(=O)O,0
NC(CCC(=O)O)C(=O)O,1
NC(CO)C(=O)O,2
NC(CO)C(=O)O,1
NC(CS)C(=O)O,2
NC(CS)C(=O)O,0
NC(N)=NCCCC(N)C(=O)O,4
NC(N)=NCCCC(N)C(=O)O,2
NC(N)=NCCCC(N)C(=O)O,0
NC1(C(=O)O)CCCC1,2
NC1(C(=O)O)CCCC1,0
NC1(C(=O)O)CCCCC1,2
NC1(C(=O)O)CCCCC1,0
NC1(C(=O)O)CCCCCCC1,2
NC1(C(=O)O)CCCCCCC1,0
Nc1ccc(C(=O)O)cc1,0
Nc1ccc(C(=O)O)cc1,1
Nc1cccc(C(=O)O)c1,2
Nc1cccc(C(=O)O)c1,1
Nc1ccccc1C(=O)O,2
Nc1ccccc1C(=O)O,1
Nc1ncnc2c1ncn2C1OC(CO)C(O)C1O,0
Nc1ncnc2c1ncn2C1OC(CO)C(O)C1O,2
Nc1ncnc2c1ncn2C1OC(COP(=O)(O)O)C(O)C1O,3
Nc1ncnc2c1ncn2C1OC(COP(=O)(O)O)C(O)C1O,2
NCCc1ccc(O)cc1,4
NCCc1ccc(O)cc1,0
NCCCC(=O)O,1
NCCCC(=O)O,4
NCCCC(N)C(=O)NCC(=O)O,3
NCCCC(N)C(=O)NCCC(=O)O,3
NCCCC(NC(=O)CCN)C(=O)O,2
NCCCC(NC(=O)CCN)C(=O)O,1
NCCCCC(N)C(=O)O,2
NCCCCC(N)C(=O)O,0
NCCCCC(N)C(=O)O,4
O=[N+]([O-])c1cc([N+](=O)[O-])c(O)c([N+](=O)[O-])c1,0
O=[N+]([O-])c1cc([N+](=O)[O-])c(O)c([N+](=O)[O-])c1,1
O=C(/C=C/c1ccc2c(c1)OCO2)NCCc1ccc2c(c1)OCO2,2
O=C(/C=C/c1ccc2c(c1)OCO2)NCCc1ccc2c(c1)OCO2,0
O=C(/C=C/c1ccc2c(c1)OCO2)NCCc1ccc2c(c1)OCO2,1
O=C(C=Cc1ccc(O)c(O)c1)NCCc1ccc(O)cc1,0
O=C(C=Cc1ccc(O)c(O)c1)NCCc1ccc(O)cc1,4
O=C(C=Cc1ccc(O)c(O)c1)OC(C(=O)O)C(O)C(=O)O,4
O=C(C=Cc1ccc(O)c(O)c1)OC(C(=O)O)C(O)C(=O)O,0
O=C(C=Cc1ccc(O)c(O)c1)OC1CC(O)(C(=O)O)CC(O)C1O,0
O=C(C=Cc1ccc(O)c(O)c1)OC1CC(O)(C(=O)O)CC(O)C1O,1
O=C(C=Cc1ccccc1)OCC=Cc1ccccc1,2
O=C(C=Cc1ccccc1)OCC=Cc1ccccc1,4
O=C(CCc1ccc(O)cc1)c1c(O)cc(O)cc1O,0
O=C(CCc1ccc(O)cc1)c1c(O)cc(O)cc1O,2
O=C(CCc1ccc(O)cc1)c1c(O)cc(O)cc1OC1OC(CO)C(O)C(O)C1O,2
O=C(CCc1ccc(O)cc1)c1c(O)cc(O)cc1OC1OC(CO)C(O)C(O)C1O,0
O=C(CO)CO,2
O=C(CO)CO,4
O=C(NCCOP(=O)(O)O)C(O)C(O)C(O)C(O)CO,3
O=C(NCCOP(=O)(O)O)C(O)C(O)C(O)C(O)CO,4
O=C(O)C(=O)Cc1ccccc1,2
O=C(O)C(=O)Cc1ccccc1,1
O=C(O)C(O)C(O)C(=O)O,1
O=C(O)C(O)C(O)C(=O)O,4
O=C(O)C(O)C(O)C(=O)O,3
O=C(O)C=C(CC(=O)O)C(=O)O,4
O=C(O)C=C(CC(=O)O)C(=O)O,1
O=C(O)C=CC(=O)O,1
O=C(O)C=CC(=O)O,0
O=C(O)C=Cc1ccc(O)c(O)c1,0
O=C(O)C=Cc1ccc(O)c(O)c1,2
O=C(O)C=Cc1ccc(O)c(O)c1,1
O=C(O)C=Cc1ccc(O)cc1,4
O=C(O)C=Cc1ccc(O)cc1,0
O=C(O)C=Cc1ccc(O)cc1,1
O=C(O)C1(O)CC(O)C(O)C(O)C1,0
O=C(O)C1(O)CC(O)C(O)C(O)C1,1
O=C(O)c1cc(I)cc(I)c1O,0
O=C(O)c1cc(I)cc(I)c1O,1
O=C(O)c1cc(O)c(O)c(O)c1,0
O=C(O)c1cc(O)c(O)c(O)c1,2
O=C(O)c1cc(O)c(O)c(O)c1,1
O=C(O)c1cc(O)c(O)c(O)c1,3
O=C(O)c1cc(O)cc(O)c1,0
O=C(O)c1cc(O)cc(O)c1,1
O=C(O)c1cc(O)ccc1O,2
O=C(O)c1cc(O)ccc1O,0
O=C(O)c1cc(O)ccc1O,1
O=C(O)C1CC(O)CN1,2
O=C(O)C1CC(O)CN1,4
O=C(O)c1ccc(O)c(O)c1,0
O=C(O)c1ccc(O)c(O)c1,2
O=C(O)c1ccc(O)c(O)c1,1
O=C(O)c1ccc(O)cc1,4
O=C(O)c1ccc(O)cc1,0
O=C(O)c1ccc(O)cc1,1
O=C(O)c1ccc(O)cc1O,4
O=C(O)c1ccc(O)cc1O,1
O=C(O)c1cccc(O)c1,2
O=C(O)c1cccc(O)c1,0
O=C(O)c1cccc(O)c1,1
O=C(O)c1cccc2ccccc12,0
O=C(O)c1cccc2ccccc12,1
O=C(O)c1ccccc1,1
O=C(O)c1ccccc1,4
O=C(O)c1ccccc1,2
O=C(O)c1ccccc1,0
O=C(O)c1ccccc1C(=O)c1ccccc1,4
O=C(O)c1ccccc1C(=O)c1ccccc1,1
O=C(O)c1ccccc1O,0
O=C(O)c1ccccc1O,2
O=C(O)c1ccccc1O,1
O=C(O)C1CCCN1,2
O=C(O)C1CCCN1,4
O=C(O)C1CCCN1,0
O=C(O)C1CCCN1,1
O=C(O)c1ccco1,4
O=C(O)c1ccco1,1
O=C(O)CC(=O)OCC1OC(Oc2c(-c3ccc(O)cc3)oc3cc(O)cc(O)c3c2=O)C(O)C(O)C1O,0
O=C(O)CC(=O)OCC1OC(Oc2c(-c3ccc(O)cc3)oc3cc(O)cc(O)c3c2=O)C(O)C(O)C1O,4
O=C(O)CC(O)(CC(=O)O)C(=O)O,1
O=C(O)CC(O)(CC(=O)O)C(=O)O,4
O=C(O)CC(O)C(=O)O,1
O=C(O)CC(O)C(=O)O,4
O=C(O)Cc1c[nH]c2ccccc12,1
O=C(O)Cc1c[nH]c2ccccc12,4
O=C(O)Cc1ccccc1,2
O=C(O)Cc1ccccc1,1
O=C(O)CCC(=O)O,1
O=C(O)CCC(=O)O,0
O=C(O)CCC(=O)O,3
O=C(O)CCc1ccccc1,2
O=C(O)CCc1ccccc1,1
O=C(O)CCCC(=O)O,4
O=C(O)CCCC(=O)O,1
O=C(O)CCCCC(=O)O,1
O=C(O)CCCCC(=O)O,4
O=C(O)CCCCCCCC(=O)O,0
O=C(O)CCCCCCCC(=O)O,1
O=C(O)CCS,4
O=C(O)CCS,1
O=C(O)COc1ccccc1,2
O=C(O)COc1ccccc1,1
O=C(O)CS(=O)(=O)c1ccccc1,4
O=C(O)CS(=O)(=O)c1ccccc1,1
O=C(OC1CC(O)(C(=O)O)CC(O)C1O)c1cc(O)c(O)c(O)c1,3
O=C(OC1CC(O)(C(=O)O)CC(O)C1O)c1cc(O)c(O)c(O)c1,4
O=C(OC1Cc2c(O)cc(O)c(C3c4c(O)cc(O)cc4OC(c4ccc(O)c(O)c4)C3O)c2OC1c1ccc(O)c(O)c1)c1cc(O)c(O)c(O)c1,0
O=C(OC1Cc2c(O)cc(O)c(C3c4c(O)cc(O)cc4OC(c4ccc(O)c(O)c4)C3O)c2OC1c1ccc(O)c(O)c1)c1cc(O)c(O)c(O)c1,4
O=C(OC1Cc2c(O)cc(O)cc2OC1c1cc(O)c(O)c(O)c1)c1cc(O)c(O)c(O)c1,0
O=C(OC1Cc2c(O)cc(O)cc2OC1c1cc(O)c(O)c(O)c1)c1cc(O)c(O)c(O)c1,4
O=C(OC1Cc2c(O)cc(O)cc2OC1c1ccc(O)c(O)c1)c1cc(O)c(O)c(O)c1,0
O=C(OC1Cc2c(O)cc(O)cc2OC1c1ccc(O)c(O)c1)c1cc(O)c(O)c(O)c1,4
O=C(OCC1OC(OC(=O)c2cc(O)c(O)c(O)c2)C(OC(=O)c2cc(O)c(O)c(O)c2)C(OC(=O)c2cc(O)c(O)c(O)c2)C1OC(=O)c1cc(O)c(O)c(O)c1)c1cc(O)c(O)c(O)c1,0
O=C(OCC1OC(OC(=O)c2cc(O)c(O)c(O)c2)C(OC(=O)c2cc(O)c(O)c(O)c2)C(OC(=O)c2cc(O)c(O)c(O)c2)C1OC(=O)c1cc(O)c(O)c(O)c1)c1cc(O)c(O)c(O)c1,4
O=C(OCC1OC(OC(=O)c2cc(O)c(O)c(OC(=O)c3cc(O)c(O)c(O)c3)c2)C(OC(=O)c2cc(O)c(O)c(OC(=O)c3cc(O)c(O)c(O)c3)c2)C(OC(=O)c2cc(O)c(O)c(OC(=O)c3cc(O)c(O)c(O)c3)c2)C1OC(=O)c1cc(O)c(O)c(OC(=O)c2cc(O)c(O)c(O)c2)c1)c1cc(O)c(O)c(OC(=O)c2cc(O)c(O)c(O)c2)c1,4
O=C(OCC1OC(OC(=O)c2cc(O)c(O)c(OC(=O)c3cc(O)c(O)c(O)c3)c2)C(OC(=O)c2cc(O)c(O)c(OC(=O)c3cc(O)c(O)c(O)c3)c2)C(OC(=O)c2cc(O)c(O)c(OC(=O)c3cc(O)c(O)c(O)c3)c2)C1OC(=O)c1cc(O)c(O)c(OC(=O)c2cc(O)c(O)c(O)c2)c1)c1cc(O)c(O)c(OC(=O)c2cc(O)c(O)c(O)c2)c1,0
O=c1c(-c2ccc(O)cc2)coc2c(C3OC(CO)C(O)C(O)C3O)c(O)cc(O)c12,2
O=c1c(-c2ccc(O)cc2)coc2c(C3OC(CO)C(O)C(O)C3O)c(O)cc(O)c12,0
O=c1c(-c2ccc(O)cc2)coc2cc(OC3OC(CO)C(O)C(O)C3O)cc(O)c12,0
O=c1c(-c2ccc(O)cc2)coc2cc(OC3OC(CO)C(O)C(O)C3O)cc(O)c12,2
O=c1c(O)c(-c2ccc(O)cc2O)oc2cc(O)cc(O)c12,0
O=c1c(O)c(-c2ccc(O)cc2O)oc2cc(O)cc(O)c12,2
O=c1c(O)c(-c2ccccc2)oc2ccccc12,0
O=c1c(O)c(-c2ccccc2)oc2ccccc12,4
O=c1c(OC2OC(CO)C(O)C(O)C2O)c(-c2ccc(O)cc2)oc2cc(O)cc(O)c12,0
O=c1c(OC2OC(CO)C(O)C(O)C2O)c(-c2ccc(O)cc2)oc2cc(O)cc(O)c12,4
O=C1CC(c2ccc(O)cc2)Oc2cc(O)cc(O)c21,4
O=C1CC(c2ccc(O)cc2)Oc2cc(O)cc(O)c21,0
O=c1ccc2ccccc2o1,2
O=c1ccc2ccccc2o1,0
O=C1NS(=O)(=O)c2c(Cl)cccc21,2
O=C1NS(=O)(=O)c2c(Cl)cccc21,0
O=C1NS(=O)(=O)c2cc(Br)ccc21,2
O=C1NS(=O)(=O)c2cc(Br)ccc21,0
O=C1NS(=O)(=O)c2cc(Cl)ccc21,2
O=C1NS(=O)(=O)c2cc(Cl)ccc21,0
O=C1NS(=O)(=O)c2cc(I)ccc21,0
O=C1NS(=O)(=O)c2cc(I)ccc21,2
O=C1NS(=O)(=O)c2cccc([N+](=O)[O-])c21,2
O=C1NS(=O)(=O)c2cccc([N+](=O)[O-])c21,0
O=C1NS(=O)(=O)c2ccccc21,2
O=C1NS(=O)(=O)c2ccccc21,0
O=C1OC(C(O)CO)C(O)=C1O,1
O=C1OC(C(O)CO)C(O)=C1O,0
O=C1OC(CO)C(O)C(O)C1O,4
O=C1OC(CO)C(O)C(O)C1O,2
O=C1OC(CO)C(O)C(O)C1O,1
O=CC=Cc1ccccc1,2
O=CC=Cc1ccccc1,4
O=CC=Cc1ccccc1,0
O=Cc1ccc2c(c1)OCO2,4
O=Cc1ccc2c(c1)OCO2,2
O=Cc1ccc2c(c1)OCO2,0
O=Cc1ccccc1,0
O=Cc1ccccc1,2
O=CCc1ccccc1,0
O=CCc1ccccc1,2
O=CO,1
O=CO,4
O=COCC=Cc1ccccc1,0
O=COCC=Cc1ccccc1,2
O=COCCc1ccccc1,0
O=COCCc1ccccc1,2
O=P(O)(O)O,1
O=P(O)(O)O,4
O=S(=O)(NC1CCCCC1)OC1CCCCC1,2
O=S(=O)(NC1CCCCC1)OC1CCCCC1,0
OC1C(CCl)OC(OC2(CCl)OC(CCl)C(O)C2O)C(Cl)C1O,0
OC1C(CCl)OC(OC2(CCl)OC(CCl)C(O)C2O)C(Cl)C1O,2
Oc1cc(O)c2c(c1)OC(c1cc(O)c(O)c(O)c1)C(O)C2,0
Oc1cc(O)c2c(c1)OC(c1cc(O)c(O)c(O)c1)C(O)C2,2
Oc1cc(O)c2c(c1)OC(c1cc(O)c(O)c(O)c1)C(O)C2,4
Oc1cc(O)c2c(c1)OC(c1ccc(O)c(O)c1)C(O)C2,0
Oc1cc(O)c2c(c1)OC(c1ccc(O)c(O)c1)C(O)C2,2
Oc1cc(O)c2c(c1)OC(c1ccc(O)c(O)c1)C(O)C2c1c(O)cc(O)c2c1OC(c1ccc(O)c(O)c1)C(O)C2,0
Oc1cc(O)c2c(c1)OC(c1ccc(O)c(O)c1)C(O)C2c1c(O)cc(O)c2c1OC(c1ccc(O)c(O)c1)C(O)C2,4
Oc1ccc(C2Oc3c(c(O)cc(O)c3C3c4c(O)cc5c(c4OC(c4ccc(O)cc4)C3O)C3c4c(O)cc(O)cc4OC(c4ccc(O)cc4)(O5)C3O)CC2O)cc1,2
Oc1ccc(C2Oc3c(c(O)cc(O)c3C3c4c(O)cc5c(c4OC(c4ccc(O)cc4)C3O)C3c4c(O)cc(O)cc4OC(c4ccc(O)cc4)(O5)C3O)CC2O)cc1,4
Oc1cccc(O)c1,2
Oc1cccc(O)c1,4
Oc1ccccc1O,0
Oc1ccccc1O,2
OC1COC(O)C(O)C1O,2
OC1COC(O)C(O)C1O,0
OCC(O)C(O)=Cc1ccccc1,2
OCC(O)C(O)=Cc1ccccc1,0
OCC=Cc1ccccc1,0
OCC=Cc1ccccc1,2
OCC1(O)OCC(O)C(O)C1O,2
OCC1(O)OCC(O)C(O)C1O,0
OCC1(OC2OC(CCl)C(O)C(O)C2O)OC(CCl)C(O)C1O,4
OCC1(OC2OC(CCl)C(O)C(O)C2O)OC(CCl)C(O)C1O,2
OCc1ccc(O)cc1,2
OCc1ccc(O)cc1,0
OCc1ccco1,0
OCc1ccco1,2
OCC1OC(CO)(OC2OC(CCl)C(O)C(O)C2O)C(O)C1O,0
OCC1OC(CO)(OC2OC(CCl)C(O)C(O)C2O)C(O)C1O,2
OCC1OC(O)C(O)C(O)C1O,2
OCC1OC(O)C(O)C(O)C1O,0
OCC1OC(OC2(CO)OC(CO)C(O)C2O)C(O)C(O)C1O,2
OCC1OC(OC2(CO)OC(CO)C(O)C2O)C(O)C(O)C1O,4
OCC1OC(Oc2c[nH]c3ccccc23)C(O)C(O)C1O,4
OCC1OC(Oc2c[nH]c3ccccc23)C(O)C(O)C1O,0
OCC1OC(OCC2OC(O)C(O)C(O)C2O)C(O)C(O)C1O,0
OCC1OC(OCC2OC(O)C(O)C(O)C2O)C(O)C(O)C1O,4
OCC1OC(OCC2OC(O)C(O)C(O)C2O)C(O)C(O)C1O,2
OCC1OC(OCC2OC(OC3(CO)OC(CO)C(O)C3O)C(O)C(O)C2O)C(O)C(O)C1O,2
OCC1OC(OCC2OC(OC3(CO)OC(CO)C(O)C3O)C(O)C(O)C2O)C(O)C(O)C1O,0
OCC1OC2OC3C(CO)OC(OC4C(CO)OC(OC5C(CO)OC(OC6C(CO)OC(OC7C(CO)OC(OC8C(CO)OC(OC1C(O)C2O)C(O)C8O)C(O)C7O)C(O)C6O)C(O)C5O)C(O)C4O)C(O)C3O,2
OCC1OC2OC3C(CO)OC(OC4C(CO)OC(OC5C(CO)OC(OC6C(CO)OC(OC7C(CO)OC(OC8C(CO)OC(OC1C(O)C2O)C(O)C8O)C(O)C7O)C(O)C6O)C(O)C5O)C(O)C4O)C(O)C3O,4
ON=CC1=CCCCCC1,2
ON=CC1=CCCCCC1,0
ON=CC1CCCCC1,0
ON=CC1CCCCC1,2
Sc1ccccc1,4
Sc1ccccc1,1
