smiles,expected,predicted
NCC(=O)NCC(=O)NC(Cc1ccccc1)C(=O)NC(CC(N)=O)C(=O)O,sweet,sweet
Nc1ncnc2c1ncn2C1OC(C(=S)OP(=O)(O)O)C(O)C1O,sweet,sweet
C=CC(C)=CCC=C(C)CCC=C(C)C,sweet,undefined
[N-]=[N+]=Nc1nc2c(N)ncnc2n1C1OC2COP(=O)(O)OC2C1O,sweet,sweet
OCC1OC(OCC2OC(O)C(O)C(O)C2O)CC(O)C1O,sweet,sweet
OCC1OC(O)C(O)(OC2C(CO)OCC(O)C2O)C(O)C1O,sweet,sweet
COC(=O)C1=COC(OC2OC(CO)C(O)C(O)C2O)C2C1CC(O)C2C,bitter,bitter
NC(CO)C(=O)NC(CC(=O)O)C(=O)NC(CC(=O)O)C(=O)NC(Cc1ccccc1)C(=O)O,sweet,sweet
O=C1CC2(CO)C(CCC34CC(CCC32)C(O)(COC2OC(CO)C(O)C(O)C2O)C4)c2ccoc21,bitter,bitter
OCC1OC(O)C(O)C(O)C1OC1OC(COS)C(O)C(O)C1O,sweet,sweet
CC1OC(O)(CO)C(OC2OC(CO)C(O)C(O)C2O)C(O)C1O,sweet,sweet
CC(NC(=O)C(CCCN=C(N)N)NC(=O)C(N)CC(=O)O)C(=O)NC(Cc1ccccc1)C(=O)O,sweet,sweet
CC(C)COc1ccc2ccccc2c1,sweet,undefined
CC(C)C(NC(=O)C(NC(=O)C(Cc1ccccc1)NC(=O)C(N)CC(=O)O)C(C)C)C(=O)O,sweet,sweet
NCCCCC(N)C(=O)NC(CC(N)=O)C(=O)NCC(=O)NC(Cc1ccccc1)C(=O)O,sweet,sweet
OCCC1OC(OC2OC(CCO)C(O)C(O)C2O)C(O)C(O)C1O,sweet,sweet
CC(N)C(=O)NC(CC(N)=O)C(=O)NCC(=O)NC(Cc1ccccc1)C(=O)O,sweet,sweet
CC1OC(OC(=O)C23CCC(C)(C)CC2C2=CCC4C5(C)CCC(OC6OC(CO)C(O)C(O)C6O)C(C)(C(=O)O)C5CCC4(C)C2(C)CC3)C(OC2OC(C)C(OC3OC(C(=O)O)C(O)C(O)C3O)C(O)C2O)C(O)C1O,sweet,sweet
CCc1ccc(O)cc1,undefined,undefined
C[C@]1(C(=O)O)C[C@H]1C(=O)O,sour,sour
CC(C)CC(N)C(=O)NC(CC(N)=O)C(=O)NC(Cc1ccccc1)C(=O)NC(CCCCN)C(=O)O,sweet,sweet
CC(OC1OC(C)C(O)C(O)C1O)C(O)C(O)CO,sweet,sweet
CC1(C(=O)O)CCC2(C)CCC3(C)C(=CC(=O)C4C5(C)CCC(OC6OC(C(=O)O)C(O)C(OC(=O)CC(O)(C(=O)O)C(O)C(=O)O)C6OC6OC(C(=O)O)C(O)C(O)C6O)C(C)(C)C5CCC43C)C2C1,sweet,sweet
COC(=O)C(Cc1ccccc1)NC(=O)C(NC=O)C(CC=C(C)C=CC=C(C)C=CC1=C(C)CCCC1(C)C)C(=O)O,sweet,sweet
CC(=CCO)CCC1=C(CO)CC(OC2OCC(O)C(O)C2O)C2C(C)(CO)CC(O)CC12C,undefined,sweet
C=C1C=CC(C(C)C)CC1,undefined,undefined
O=C(CCCN1CCC(O)(c2ccc(Cl)cc2)CC1)c1ccc(F)cc1,bitter,bitter
CCCCOC(=O)C1OC(OC2CCC3(C)C(CCC4(C)C3CC=C3C5C(C)C(C)CCC5(C(=O)O)CCC34C)C2(C)C)C(O)C(O)C1O,sweet,sweet
CCCCCCCOCCS,undefined,undefined
NCCS(=O)(=O)O,bitter,sour
CC1CC=CCC1(C(=O)O)S(=O)(=O)c1ccccc1,sweet,sweet
CC1CCc2nccnc21,undefined,undefined
CCC(C)C(NC(=O)C(CC(=O)O)NC(=O)C(N)CO)C(=O)NC(Cc1ccccc1)C(=O)O,sweet,sweet
Cc1cccc(C(=O)O)c1,sour,sour
CC1OC(OC2C(CO)OC(Oc3c(-c4ccc(O)c(O)c4)oc4cc(OCCO)cc(O)c4c3=O)C(O)C2O)C(O)C(O)C1O,sweet,sweet
COc1cccc(/C=C/C(=O)O)c1OC,sour,sour
CC(C)C(NC(=O)C(N)CC(=O)O)C(=O)NCC(=O)NC(Cc1ccccc1)C(=O)O,sweet,sweet
O=c1c(O)c(-c2ccc(O)c(O)c2)oc2cc(OC3OC(CO)C(O)C(O)C3O)cc(O)c12,sweet,sweet
OCC1OC(OC2OC(CO)C(O)CC2O)C(O)CC1O,sweet,sweet
CCCCCOC1OC(CO)C(O)C(O)C1O,sweet,sweet
NC(=O)CC(N)C(=O)NC(CC(=O)O)C(=O)NC(Cc1ccccc1)C(=O)NCC(=O)O,sweet,sweet
COc1cc(C=O)cc(OC)c1O,sweet,sweet
COC1OC(CO)C2OC(C)(OC)C(C)(OC)OC2C1O,sweet,sweet
CCNP1(=O)OCC2OC(n3cnc4c(N)ncnc43)C(O)C2O1,sweet,sweet
COC(=O)C(CCCCN)NC(=O)C(CC(C)C)NC(=O)C(N)Cc1ccccc1,sweet,sweet
O=C(O)c1nc(O)nc2c1CCCC2,sour,sour
CC(C)=CC(=O)CC(C)(O)C1CC=C(C)CC1,sweet,undefined
CCCCC(NC=O)C(=O)NC(CC(C)C)C(=O)NC(Cc1ccccc1)C(=O)O,sweet,sweet
COC(=O)C(Cc1ccccc1)NC(=O)C(N)CCC(=O)O,sweet,sweet
COCC1OC(O)C(O)C(OC)C1OC,sweet,sweet
CC1OC(OC2C(OC3C(OC4CCC5(C)C(CCC6(C)C5CC=C5C7CC(C)(CO)CC(O)C7(C)CCC56C)C4(C)CO)OC(C(=O)O)C(O)C3O)OC(CO)C(O)C2O)C(O)C(O)C1O,sweet,sweet
OCC1OC(OC2(CBr)OC(CBr)C(Br)C2O)C(O)C(O)C1F,sweet,sweet
CC1CCC2C(C)C3C(CC4C5CC=C6CC(OC7OC(CO)C(O)C(OC8OC(CO)C(O)C(O)C8O)C7OC7OC(C)C(O)C(O)C7O)CCC6(C)C5CCC43C)N2C1,bitter,bitter
COC(OC)C(C)c1ccccc1,undefined,undefined
CCN,undefined,undefined
NCCC([N+](=O)[O-])[N+](=O)[O-],sour,sour
NCCCCC(N)C(=O)NC(CC(=O)O)C(=O)NC(CCCCN)C(=O)NC(Cc1ccccc1)C(=O)O,sweet,sweet
O=CC(O)C(O)CC(O)C(=O)O,sweet,sweet
COc1ccc(C2CC(=O)c3c(OC)cc(OC4OC(COC5OC(C)C(O)C(O)C5O)C(O)=C(O)C4O)cc3O2)cc1OC,sweet,sweet
O=c1cc(-c2ccc(O)c(O)c2)oc2cc(OC3OC(COC4OC(CO)C(O)C4O)C(O)C(O)C3O)cc(O)c12,sweet,sweet
CC(C)=CCC1=C(O)C(O)(CC=C(C)C)C(=O)C(C(=O)CC(C)C)=C1O,bitter,bitter
NC(N)=NCCCCCCCC(=O)NC(CC(=O)O)C(=O)NC(Cc1ccccc1)C(=O)O,sweet,sweet
NC(CC(=O)O)C(=O)NC(CO)C(=O)NC(Cc1ccccc1)C(=O)O,sweet,sweet
CC1(C)CCC2(C(=O)OC3OC(CO)C(O)C(O)C3O)CCC3(C)C(=CCC4C5(C)CCC(OC6OC(C(=O)O)C(OC7OCC(O)C(O)C7O)C(O)C6O)C(C)(C)C5CCC43C)C2C1,sweet,sweet
C=CCNC(=O)CCC(=O)NC(Cc1ccccc1)C(=O)OC,sweet,sweet
CCOC(=O)c1ccc(NC(=O)NC(CC(=O)O)C(=O)NC(Cc2ccccc2)C(=O)OC)cc1,sweet,sweet
O=C(O)CN1C(C(=O)O)CCCC1C(=O)O,sour,sour
COc1cc(O)c2c(=O)cc(-c3ccc(O)cc3)oc2c1,bitter,bitter
OCC1OCC(O)C(O)C1(O)O,sweet,sweet
CCOC(=O)C1OC(OC2CCC3(C)C(CCC4(C)C3CC=C3C5CC(C)(C)CCC5(C(=O)O)C(O)CC34C)C2(C)C)C(O)C(O)C1O,sweet,sweet
CC(C)CC(NC(=O)CNC(=O)C(CC(N)=O)NC(=O)C(N)Cc1ccccc1)C(=O)O,sweet,sweet
OCC(O)C1OCC(O)C1OC1OC(CO)C(O)C(O)C1O,sweet,sweet
CC(NC(=O)C(N)CS)C(=O)NC(CC(=O)O)C(=O)NC(Cc1ccccc1)C(=O)O,sweet,sweet
OCCOC(OCC(O)C(O)C(O)C(O)CO)C(O)C(O)CO,sweet,sweet
CC1=C(C=CC(C)O)C(C)(C)CCC1,sweet,undefined
CC1(C(=O)O)CCC2(C)CCC3(C)C(=CC(=O)C4C5(C)CCC(OC6OC(C(=O)O)C(O)C(O)C6OC6OCC(O)C(O)C6O)C(C)(CO)C5CCC43C)C2C1,sweet,sweet
COC(=O)CC(NC(=O)O)C(=O)NC(Cc1ccccc1)C(=O)O,sweet,sweet
CC(CCCC(=O)O)c1ccccc1,sour,sour
COc1cccc(C=O)c1,undefined,sweet
CC=CC=CCOC(=O)C(C)C,undefined,undefined
CC(C)=CCC(O)C(C)(O)C1C(O)CC2(C)C3CC=C4C(CC(OC5OC(CO)C(O)C(O)C5O)C(O)C4(C)C)C3(C)CCC12C,bitter,bitter
Cc1ccc(O)c(C(=O)O)c1,sour,sour
CC1OC(OC2C(O)C(OC3C(O)CC4(C)C(CCC5(C)C4CC=C4C6CC(C)(C)CCC6(C(=O)OC6OC(CO)C(O)C(O)C6O)CCC45C)C3(C)C)OC(C(=O)O)C2O)C(O)C(O)C1O,sweet,sweet
OCC1OC(OC2(CO)OC(CO)C(O)C2O)C(O)[C](O)C1O,sweet,sweet
NC(CC(=O)O)C(=O)NC(CC(=O)O)C(=O)NC(CCC(=O)O)C(=O)NC(Cc1ccccc1)C(=O)O,sweet,sweet
CC(=O)C1(C)CC2(O)OC(C)(C(C)=O)OC2(C)O1,undefined,sweet
NNC(=O)c1ccccc1[N+](=O)[O-],sour,sour
CN(C)c1ccc(C(=O)O)cc1,sour,sour
O=c1cc(-c2ccc(O)cc2)oc2c(O)c(OC3OCC(O)C(O)C3O)cc(O)c12,sweet,sweet
NC(=O)CC(NC(=O)C(CC(=O)O)NC(=O)C1CCCN1)C(=O)NC(Cc1ccccc1)C(=O)O,sweet,sweet
COC1OC(CO)C(OC2OC(C)C(O)C(O)C2O)C(O)C1O,sweet,sweet
CNC(CC(=O)NC(C)c1ccccc1)C(=O)NC(Cc1ccccc1)C(=O)OC,sweet,sweet
OCC1OC(O)(OC2(O)OC(CO)C(O)C(O)C2O)C(O)C(O)C1O,sweet,sweet
COc1ccc(-c2coc3c(OC4OC(COC5OC(C)C(O)C(O)C5O)C(O)C(O)C4O)c(OC)ccc3c2=O)cc1,sweet,sweet
CCC1OC(OC2C(O)C(CC)OC(CC)C2O)C(O)C(O)C1O,sweet,sweet
CC1(C(=O)O)CCC2(C)CCC3(C)C(=CC(=O)C4C5(C)CCC(OC6OC(C(=O)O)C(O)C(O)C6OC6OC(C(=O)O)C(O)C(O)C6O)CC5CCC43C)C2C1,sweet,sweet
CC(C)=CCCC(C)=CC1OCC(C)O1,sweet,undefined
CC1C(=O)CC2CC1C2(C)C,undefined,undefined
CCCCCCCCCC=CC=CC(=O)NCC(C)C,undefined,undefined
CC(C)CC(NC(=O)C(N)Cc1ccccc1)C(=O)NC(CC(=O)O)C(=O)NC(C)C(=O)O,sweet,sweet
C[C@H]1C[C@H]1C(=O)O,sour,sour
COC(=O)C1OC(OC2CCC3(C)C(CCC4(C)C3C(=O)C=C3C5CC(C)(C(=O)OC)CCC5(C)CCC34C)C2(C)CO)C(OC2OCC(O)C(O)C2O)C(O)C1O,sweet,sweet
O=c1c(CO)c(-c2ccc(OC3OC(CO)C(O)C(O)C3O)c(O)c2)oc2cc(OC3OC(CO)C(O)C(O)C3OC3OC(CO)C(O)C(O)C3O)cc(O)c12,sweet,sweet
O=C(O)CNC(=Nc1cc(Cl)cc(Cl)c1)NCC1CCCCC1,sweet,sweet
COC(=O)C1(C)CCC2(C)CCC3(C)C(=CCC4C5(C)CCC(OC6OC(C(=O)O)C(O)C(O)C6OC6OC(C(=O)O)C(O)C(O)C6O)C(C)(C)C5CCC43C)C2C1,sweet,sweet
COc1cc(C2CC(=O)c3c(O)cc(OC4OC(COC5OC(C)C(O)C(O)C5O)C(OCC5OC(CO)C(O)C(O)C5O)C(O)C4O)cc3O2)ccc1O,sweet,sweet
COc1cc(-c2cc(=O)c3c(O)cc(O)cc3o2)ccc1OC1OC(COC(C)=O)C(O)C(O)C1O,sweet,sweet
CC(O)C(NC(=O)C(N)CC(=O)O)C(=O)NC(CCCCN)C(=O)NC(Cc1ccccc1)C(=O)O,sweet,sweet
CC(NC(=O)C(N)CC(=O)O)C(=O)NC(CC(N)=O)C(=O)NC(CCCCN)C(=O)NC(Cc1ccccc1)C(=O)O,sweet,sweet
CCOC1OC(C)C(O)CC1O,sweet,sweet
CCCCCCCCCCCOCCCCOC1OC(C(O)CO)C(O)C(O)C1O,sweet,sweet
CC(C)CC(NC(=O)CNC(=O)C(Cc1ccccc1)NC(=O)C(N)CC(=O)O)C(=O)O,sweet,sweet
C=CC(C)(C)O,undefined,undefined
COc1ccc(CCC(=O)c2c(O)cc(OC3OC(CO)C(O)C(O)C3OC3CC(C)C(O)C(O)C3O)cc2O)cc1O,sweet,sweet
O=C(O)c1cccc(CO)n1,sour,sour
O=C1NS(=O)(=O)c2cc(O)ccc21,sweet,sweet
CC1OC(Oc2ccc3c(=O)c(O)c(-c4ccc(O)c(O)c4)oc3c2)C(O)C(O)C1O,sweet,sweet
NC(CC(=O)O)C(=O)NCCc1ccccc1,undefined,sweet
O=c1c(-c2ccc(O)cc2)coc2c(O)c(O)ccc12,bitter,bitter
CC(C)=CCNc1ncnc2c1ncn2[C@@H]1O[C@H](CO)[C@@H](O)[C@H]1O,sour,sour
O=c1cc(-c2ccc(O)c(O)c2)oc2cc(O)c(OC3OC(CO)C(O)C(O)C3O)c(O)c12,sweet,sweet
Nc1nc(F)nc2c1ncn2C1OC(COP(=O)(O)OP(=O)(O)OP(=O)(O)O)C(O)C1O,sweet,sweet
COc1cc(-c2cc(=O)c3c(O)cc(O)cc3o2)ccc1OC1OC(C)C(O)C(O)C1O,sweet,sweet
CCOP(=O)(O)OCC1OC(n2cnc3c(N)ncnc32)C(O)C1OP(=O)(O)OCC,sweet,sweet
CC(=O)OC1CC(C)(C(=O)O)CC2C3=CCC4C5(C)CCC(OC6OC(C(=O)O)C(O)C(O)C6OC6OCC(O)C(O)C6OC6OC(C)C(O)C(O)C6O)C(C)(CO)C5CCC4(C)C3(C)CCC12C,sweet,sweet
OCC1OC(O)C2OCCOCCOC3C(O)C(CO)OC(O)C3OCCOCCOC2C1O,sweet,sweet
[N-]=[N+]=NC(OP(=O)(O)O)C1OC(n2cnc3c(N)ncnc32)C(O)C1O,sweet,sweet
CCC(C)C(NC(=O)C(CC(=O)O)NC(=O)C(N)CC(C)C)C(=O)NC(CC(C)C)C(=O)NC(Cc1ccccc1)C(=O)NC(CC(C)C)C(=O)O,sweet,sweet
O=C(c1ccc(O)cc1)c1c(O)c(O)c(OC2OC(CO)C(O)C(O)C2O)c(O)c1O,sweet,sweet
CC(C)CO,bitter,undefined
COc1ccc(C=CC(=O)c2ccc(OC3OC(CO)C(O)C(O)C3O)c(OC)c2O)cc1O,sweet,sweet
CC1OCC(O)C(OC2OC(CO)C(O)C(O)C2O)C1O,sweet,sweet
CC1(C)CC(C2(C)C=CC(=O)O2)C2(C=C3C(CCC45CC34C(=O)OC5c3ccoc3)OO2)O1,bitter,bitter
OCC1OC(OC2(CCl)OC(CO)C(O)C2O)C(Cl)C(O)C1O,undefined,sweet
COC1C(O)COC(OCC2OC(OC3C(O)C(C)OC(CO)C3O)C(O)C(OC)C2O)C1O,sweet,sweet
CC#COC1OC(CO)C(O)C(O)C1O,sweet,sweet
CCCCN(CCCC)c1ncnc2c1ncn2C1OC2COP(=O)(O)OC2C1O,sweet,sweet
CC(C)Oc1nc(N)nc2c1nc(C(=O)O)c(=O)n2C,sour,sour
Cc1nc2c([nH]c1=O)c(=O)n(C)c(=O)n2C,sour,bitter
Nc1ncnc2c1ncn2C1OC(COP(=O)(O)OC(=O)O)C(O)C1O,sweet,sweet
NC(=O)CC(NC(=O)C(N)Cc1ccccc1)C(=O)NC(CC(=O)O)C(=O)O,sweet,sweet
COc1cc(CCC(=O)c2c(O)cccc2O)ccc1O,undefined,sweet
CC1(C)CCC2(C(=O)O)CCC3(C)C(=CCC4C5(C)CCC(OC6OC(C(=O)O)C(O)C(OC(OCC(=O)O)C(O)C(=O)O)C6O)C(C)(C)C5CCC43C)C2C1,sweet,sweet
CC1OC(OC2C(CO)OC(OC(=O)C34CCC(C)(C)CC3C3=CCC5C6(C)CCC(OC7OC(C(=O)O)C(O)C(O)C7OC7OC(CO)C(O)C(O)C7O)C(C)(C)C6CCC5(C)C3(C)CC4)C(O)C2O)C(O)C(O)C1O,sweet,sweet
COc1ccc(C2CC(=O)c3c(O)cc(O)cc3O2)cc1OC1OC(COC2OC(C)C(O)C(O)C2O)C(O)C(O)C1O,sweet,sweet
O=C(CO)C(O)C(O)C(O)CO.[Cl-].[Na+],sweet,sweet
CC(C(=O)NO)N(C)C,sour,sour
O=P(O)(O)OC1C(OP(=O)(O)O)C(OP(=O)(O)O)C(OP(=O)(O)O)C(OP(=O)(O)O)C1OP(=O)(O)O,sour,sweet
CC1OC(O)C(I)C(O)C1O,sweet,sweet
CC(C)CC(N)C(=O)NC(CC(N)=O)C(=O)NC(C)C(=O)NC(Cc1ccccc1)C(=O)O,sweet,sweet
CCC(C)C(NC(=O)C(CC(=O)O)NC(=O)C(Cc1ccccc1)NC(=O)CN)C(=O)O,sweet,sweet
CCCc1ccc(O)cc1,undefined,undefined
CC1(C)CCC2(C(=O)OC3OC(CO)C(O)C(O)C3O)CCC3(C)C(=CCC4C5(C)CCC(OC6OC(C(=O)O)C(O)C(OC(=O)CC(C)(O)CC(=O)O)C6O)C(C)(C)C5CCC43C)C2C1,sweet,sweet
CC1OC(OC2C(OC3C(OC4CCC5(C)C(CCC6(C)C5CC=C5C7CC(C)(C(=O)O)C(O)C(O)C7(C)CCC56C)C4(C)CO)OC(C(=O)O)C(O)C3O)OC(CO)C(O)C2O)C(O)C(O)C1O,sweet,sweet
O=C(O)COc1c(Cl)cccc1Cl,sour,sour
COc1ccc(C2CC(=O)c3c(O)cc(OC4OC(COC5OC(C)C(O)C(O)C5O)C(OC5OC(CO)C(OC6OC(CO)C(O)C(O)C6O)C(O)C5O)C(O)C4O)cc3O2)cc1O,sweet,sweet
CC(C)C(N)C(=O)NC(CC(N)=O)C(=O)NC(CC(N)=O)C(=O)NC(Cc1ccccc1)C(=O)O,sweet,sweet
O=C(C=Cc1ccc(O)c(O)c1)c1c(O)cc(O)cc1O,bitter,bitter
CC1(C)CCC2(C(=O)OC3OC(CO)C(O)C(O)C3O)CCC3(C)C(=CCC4C5(C)CCC(OC6OC(C(=O)O)C(O)C(OC(OCC(=O)O)C(O)C(=O)O)C6O)C(C)(C)C5CCC43C)C2C1,sweet,sweet
CC(C)CC(NC(=O)C(N)CC(=O)O)C(=O)N1CCCC1C(=O)NC(Cc1ccccc1)C(=O)O,sweet,sweet
COCC1OC(OCC2OC(OC)C(O)C(O)C2O)C(O)C(O)C1O,sweet,sweet
Nc1nc(=O)c([N+](=O)[O-])c[nH]1,sour,sour
O=C(O)CC1NC(=O)CCCNC(=O)OCOC(=O)C(Cc2ccccc2)NC1=O,sweet,sweet
CC=CSSCCC,undefined,undefined
Cc1nc2c(N)ncnc2n1C1OC2COP(O)(=S)OC2C1O,sweet,sweet
CCC(C)C(N)C(=O)NC(Cc1ccccc1)C(=O)NC(CC(=O)O)C(=O)NC(CCCCN)C(=O)O,sweet,sweet
CCC=CCCOC(C)OCC,undefined,undefined
CC(C)COC(=O)c1ccccc1N,sweet,sweet
CC(N)C(=O)NC(C(=O)NC(CC(=O)O)C(=O)NC(Cc1ccccc1)C(=O)O)C(C)C,sweet,sweet
ON=CC1=CCSCC1,bitter,undefined
COc1cc(-c2oc3cc(O)cc(O)c3c(=O)c2OC2OC(CO)C(O)C(O)C2OC2OCC(O)C(O)C2O)ccc1O,sweet,sweet
CC1OC(OCC(O)C(O)C(O)C(O)CO)C(O)C(O)C1O,sweet,sweet
CC(=O)OC(C)(C)CCC(=O)C(C)(O)C1C(O)CC2(C)C3CCc4c(cc(OC5OC(CO)C(O)C(O)C5O)c(O)c4C)C3(C)C(=O)CC12C,bitter,bitter
CCCCCC1CCOC(C)O1,undefined,undefined
COC1OC(CO)C(OC2OC(CO)C(O)C(O)C2O)C(O)C1O,sweet,sweet
O=C(O)Cc1cccc(F)c1,sour,sour
O=C(O)[C@@H]1C[C@H]1c1ccccc1,sour,sour
COc1c(-c2ccc(O)c(O)c2)oc2cc(OC3OC(CO)C(O)C(O)C3O)cc(O)c2c1=O,sweet,sweet
CSCCCCC#N,undefined,undefined
COc1ccc(-c2cc(=O)c3c(OC)c(OC)c(OC)c(OC)c3o2)cc1,bitter,bitter
CC(C)=CC(=O)OC1C(CO)OC(Oc2cc(O)c3c(=O)cc(-c4ccc(O)c(O)c4)oc3c2)C(OC2OC(C)C(O)C(O)C2O)C1O,sweet,sweet
O=CC(OOOF)C(O)C(O)C(O)CO,sweet,sweet
CCCC1OCC(O)C(C(O)C(O)CO)O1,sweet,sweet
O=CC(O)C(O)C(O)C(O)CO.[Mg+2].[O-2],sweet,sweet
COc1ccc(C2OCCc3ccccc3O2)cc1O,undefined,sweet
CCOc1ccc(C(=O)O)c(C(=O)O)c1,sour,sour
[B]c1nc2c(N)ncnc2n1C1OC2COP(O)(=S)OC2C1O,sweet,sweet
c1coc(Cn2cccc2)c1,undefined,undefined
CCOC(=O)C(NC(=O)C(N)CC(=O)O)C(=O)OC(C)(C)C,sweet,sweet
Sc1nc2cncnc2nc1S,sour,sour
CCCOC1CC(OC2OC(CO)C(O)C(O)C2O)C(O)C(C)O1,sweet,sweet
COc1c(O)cc2oc(-c3ccc(OC4OC(CO)C(O)C(O)C4O)c(O)c3)cc(=O)c2c1O,sweet,sweet
CC(=O)CC(=O)OCc1ccccc1,sweet,sweet
[NH]c1ncnc2c1ncn2C1OC(CO)C(O)C1O,sweet,sweet
CCCCCCCC(=O)OCCCC,undefined,undefined
N#Cc1ccc(N=C(NCC(=O)O)NS(=O)(=O)C2CCCCC2)cc1,sweet,sweet
COc1ccc(-c2cc(=O)c3c(O)c(C4CC(O)C(O)C(C)O4)c(OC4OC(CO)C(O)C(O)C4O)cc3o2)cc1O,sweet,sweet
OCCC(O)C(O)C(O)C(O)O,sweet,sweet
CC1(C)C=C2C3CCC4C5(C)CCC(OC6OC(C(=O)O)C(O)C(OC7OCC(O)C(O)C7O)C6O)C(C)(C)C5CCC4(C)C3(C)CCC2(C(=O)O)CC1,sweet,sweet
COc1c(O)cc(-c2oc3cc(O)cc(O)c3c(=O)c2OC)cc1OC1OCC(O)C(O)C1O,sweet,sweet
CC(=O)/C=C/C(=O)O,sour,sour
CC(NC(=O)C(N)CC(=O)O)NC(=O)C(C)(C)C,sweet,sweet
COC(=O)C(Cc1ccccc1)N(C(=O)C(N)CC(=O)O)C1CCC1,sweet,sweet
Nc1ncnc2c1ncn2C1OC(COP(O)(=S)OP(=O)(O)CP(=O)(O)O)C(O)C1O,sweet,sweet
CC(C)CC(N)C(=O)NC(Cc1ccccc1)C(=O)NC(CC(N)=O)C(=O)NC(CCCCN)C(=O)O,sweet,sweet
COC1OC(CO)C(OC(C)(C)C)C(O)C1OC(C)(C)C,sweet,sweet
NOC1CC(O)OC(CO)C1O,sweet,sweet
CC1OC(Oc2cc(O)cc(O)c2C(=O)CCc2ccc(O)c(O)c2)C(O)C(O)C1O,sweet,sweet
CC1(CC(=O)O)N=N1,sour,sour
COC(=O)C1=COC(OC2OC(CO)C(O)C(O)C2O)C2C(C)CC(=O)C12,bitter,bitter
CCCCCCCCCCOC(=O)CC1C(=O)NCCN1C(=O)Cc1ccccc1,sweet,sweet
CC(C)COC1CC(O)C(O)C(CO)O1,sweet,sweet
CCCCCCC(C)OC(=O)CC(NC(=O)C(NC(=O)C(C(C)C)N(C)C(=O)CCc1ccccc1)C(C)CC)C(=O)NC(CC(=O)O)C(=O)NC(CC(C)C)C(=O)OC,sweet,sweet
CCC(C)C(=O)OC1CC(C)CCC1C(C)C,bitter,undefined
COc1cc(O)c2c(=O)c(OC3OC(CO)C(O)C(O)C3OC3OC(C)C(O)C(O)C3O)c(-c3ccc(O)c(O)c3)oc2c1,sweet,sweet
COC1C(O)C(O)C(O)OC1(C)C,sweet,sweet
CC(C)(C)OC(=O)C1OC(OC2CCC3(C)C(CCC4(C)C3C(=O)C=C3C5CC(C)(C(=O)O)CCC5(C)CCC34C)C2(C)C)C(O)C(O)C1O,sweet,sweet
COc1ccc(-c2cc(=O)c3c(O)c(OC4OC(CO)C(O)C(O)C4O)c(OC)cc3o2)cc1,sweet,sweet
CCC=CC=CCO,undefined,undefined
OCC1OC(OC2C(O)OC(O)C(O)C2O)C(O)C(O)C1O,sweet,sweet
Clc1nc(Cl)c2[nH]c(Cl)nc2n1,sour,sour
Cc1ccc(C(=O)O)cc1,sour,sour
CCCC(COC(C)=O)NC(=O)C(N)CC(=O)O,sweet,sweet
CCCCOC=O,undefined,undefined
COC(=O)COC(OC1C(O)C(OC2CCC3(C)C(CCC4(C)C3CC=C3C5CC(C)(C)CCC5(C(=O)OC5OC(CO)C(O)C(O)C5O)CCC34C)C2(C)C)OC(C(=O)OC)C1O)C(O)C(=O)OC,sweet,sweet
CC1OC(OCC2OC(Oc3c(-c4ccc(OCCO)c(OCCO)c4)oc4cc(O)cc(O)c4c3=O)C(O)C(O)C2O)C(O)C(O)C1O,sweet,sweet
COOC(C=O)C(OOC)C(O)C(O)CO,sweet,sweet
O=C(O)Cc1ccccc(O)c1=O,sour,sour
O=CC(ON=O)C(O)C(O)C(O)CO,sweet,sweet
CC(NC(=O)C(Cc1ccccc1)NC(=O)C(N)CC(=O)O)C(=O)O,sweet,sweet
COc1cc(-c2cc(=O)c3c(O)c(C4CC(O)C(O)C(O)O4)c(OC4OC(CO)C(O)C(O)C4O)cc3o2)ccc1O,sweet,sweet
N#Cc1cc([N+](=O)[O-])ccc1O,sour,sour
Nc1ncnc2c1ncn2C1CC(O)C(COP(=O)(O)OP(N)(=O)OP(=O)(O)O)O1,sweet,sweet
CC1OC2OC(C)C(O)C(O)C2O1,sweet,sweet
CCCC(C(=O)NCC1CCCCC1)N1C(=O)CC1C(=O)NC(Cc1ccccc1)C(=O)OC,sweet,sweet
CC(O)C(NC(=O)CN)C(=O)NC(CC(=O)O)C(=O)NC(Cc1ccccc1)C(=O)O,sweet,sweet
CC(C)CC(NC(=O)C(Cc1ccccc1)NC(=O)C(N)CC(=O)O)C(=O)O,sweet,sweet
COc1ccc(-c2cc(=O)c3c(O)c(O)c(OC4OC(CO)C(O)C(O)C4OC4OC(CO)C(O)C(O)C4O)cc3o2)cc1,sweet,sweet
COc1cc(-c2cc(=O)c3c(O)cc(OC4OC(CO)C(OC5OC(CO)C(O)C(O)C5O)C(O)C4O)cc3o2)ccc1O,sweet,sweet
C=C1CC23CCC4C(C)(C(=O)OC5OC(CO)C(OC6OC(CO)C(OC7OC(CO)C(O)C(O)C7O)C(O)C6O)C(O)C5O)CCCC4(C)C2CCC1(OC1OC(CO)C(O)C(O)C1O)C3,sweet,sweet
CC1(C(=O)O)CC(=O)C2(C)CCC3(C)C(=CCC4C5(C)CCC(OC6OC(C(=O)O)C(O)C(O)C6O)C(C)(C)C5CCC43C)C2C1,sweet,sweet
NC(CC(=O)O)C(=O)NC(CCc1ccccc1)C(=O)O,sweet,sweet
O=C(O)CCNC(=O)Nc1ccccc1,undefined,sweet
NC(CC(=O)O)C(=O)NC(C=O)Cc1ccccc1,sweet,sweet
CCC(C)OC1OC(CO)C(OC2OC(CO)C(O)C(O)C2O)C(O)C1O,sweet,sweet
NC(=O)CCC(N)C(=O)NC(CC(=O)O)C(=O)NC(Cc1ccccc1)C(=O)O,sweet,sweet
CCC(C)C(=O)OC(C)C,sweet,sweet
COc1cc(-c2oc3cc(O)cc(O)c3c(=O)c2OC2OC(C)C(OC3OC(CO)C(O)C(O)C3O)C(O)C2O)ccc1O,sweet,sweet
CC1=CCCCC1,sweet,undefined
CC1CC(OC2OC(CO)C(O)C(O)C2O)C(=O)C2(C)C1CC1OC(=O)CC3C(C)C(=O)C(O)C2C13C,bitter,bitter
Nc1ncnc2c1ncn2C1OC(COP(N)(N)=O)C(O)C1O,sweet,sweet
OCC1OC(OC2(CO)OC(CO)C(O)C2O)[C](O)C(O)C1O,sweet,sweet
CC(NC(=O)CN)C(=O)NC(CCC(N)=O)C(=O)NC(Cc1ccccc1)C(=O)O,sweet,sweet
C=C1CC23CCC4C(C)(C(=O)OC5OC(COC6OC(CO)C(O)C(O)C6O)C(O)C(O)C5O)CCCC4(C)C2CCC1(O)C3,sweet,sweet
COc1cc2oc(-c3ccc(OC4OC(CO)C(O)C(O)C4O)c(O)c3)cc(=O)c2c(O)c1OC,sweet,sweet
COc1cc(C2c3cc4c(cc3C(O)C3COC(=O)C23)OCO4)cc(OC)c1OC,bitter,bitter
NC(CC(=O)O)C(=O)NC(Cc1ccccc1)C(=O)NC(CC(=O)O)C(=O)NC(CC(=O)O)C(=O)O,sweet,sweet
COc1ccc(C(=O)O)cc1O,sour,sour
CCC(C)C(NC(=O)C(CC(=O)O)NC(=O)C(CCCCN)NC(=O)C(N)Cc1ccccc1)C(=O)O,sweet,sweet
OCC1OC(OCCCCCCOC2OC(CO)C(O)C(O)C2O)C(O)C(O)C1O,sweet,sweet
CCCC(=O)OCCc1scnc1C,undefined,undefined
CCC(=O)OCc1ccc(OC)cc1,undefined,sweet
CC1(C)C(=O)CC(=O)CC1=O,sour,sour
CNc1nc(C)nc2c1ncn2C1OC(COP(=O)(O)OP(=O)(O)OP(=O)(O)O)C(O)C1O,sweet,sweet
O=C(C=Cc1ccc(O)cc1)NCCc1ccc(O)cc1,bitter,bitter
CC(=O)OCC(COC1OC(CO)C(O)C(O)C1O)OC(C)=O,sweet,sweet
NCCCC([N+](=O)[O-])[N+](=O)[O-],sour,sour
CCCCCCCOC1C(O)OC(CO)C(O)C1O,sweet,sweet
COC1CC(O)C(O)OC1C,sweet,sweet
COc1cc2oc(-c3ccc(OC4OC(COC5OC(C)C(O)C(O)C5O)C(O)C(O)C4O)cc3)cc(=O)c2c(O)c1OC,sweet,sweet
COC(=O)CC(Cc1ccccc1)NC(=O)C(CC(=O)O)NCCC(C)(C)C,sweet,sweet
CC(=O)OC(C)C(C)=CC1C(C)=CCCC1(C)C,undefined,undefined
CC1OC(C)(OC2OC(CO)C(O)C(O)C2O)C(O)C1O,sweet,sweet
COc1cc(-c2cc(=O)c3c(O)cc(OC4OCC(O)C(O)C4O)c(O)c3o2)cc(O)c1O,sweet,sweet
CCCCCCCCCC(C)=O,undefined,undefined
COc1ccc(CCC(=O)c2c(O)cc(OC3OC(CO)C(O)C(O)C3OC3OC(C)C(O)C(O)C3O)cc2O)cc1,sweet,sweet
CCCCC1C(=O)N(c2ccccc2)N(c2ccccc2)C1=O,bitter,bitter
O=C(CCc1ccc(O)c(O)c1)c1c(O)cc(O)cc1OC1OC(COC2OCC(O)C(O)C2O)C(O)C(O)C1O,sweet,sweet
O=C(COBr)C(O)C(O)C(O)COBr,sweet,sweet
COC(=O)C(Cc1ccccc1)NC(=O)C(CC(=O)O)NC(=O)C(N)CC(=O)O,sweet,sweet
C=C1C(=O)C23CC1CC(O)C2C12COC(O)C1C(C)(C)CCC2OC3=O,bitter,bitter
NC(N)=NC(N)=Nc1ccccc1,bitter,sweet
CC1C(=O)c2ccccc2C1=O,sour,undefined
COc1cc(-c2coc3c(C4OC(OC)C(O)C(O)C4O)c(O)cc(O)c3c2=O)ccc1O,sweet,sweet
COC1=CC(C)C2CC3OC(=O)CC4(O)C(C)(O)C(OC)C(O)C(C2(C)C1=O)C34C,bitter,bitter
ON=Cc1ccco1,sweet,sweet
CC1(C)[C@@H](C(=O)O)C[C@H]1C(=O)O,sour,sour
N#Cc1ccc(NC(=O)NC(CC(=O)O)c2ccc3ccccc3c2)cc1,sweet,sweet
NCC(O)CC(=O)O,sour,sweet
CCCCC(=O)OCCC,undefined,sweet
CC(C)O.CC(C)O.CC1(C(=O)[O-])CCC2(C)CCC3(C)C(=CC(=O)C4C5(C)CC(OC6OC(C(=O)[O-])C(OC7OC(C(=O)[O-])C(O)C(O)C7O)C(O)C6O)CC(C)(C)C5CCC43C)C2C1.[Al+3],sweet,sweet
COc1nc2c(N)ncnc2n1C1OC(CO)C(O)C1O,sweet,sweet
COc1ccccc1N(CC(=O)O)CC(=O)O,sour,sour
OC1OC(COF)C(O)C(O)C1O,sweet,sweet
CCC(C)C(NC(=O)C(Cc1ccccc1)NC(=O)C(N)CC(=O)O)C(=O)O,sweet,sweet
O=[N+]([O-])c1cc(Cl)ccc1O,sour,sour
Nc1ncnc2ncn(C3OC(CO)C(O)C3O)c12,sweet,sweet
NC(=O)C(Cc1cn(-c2ccccc2)c(=O)[nH]c1=O)C(N)=O,sour,sour
CCCCCCCCOCC1OC(CO)(OC2OC(CO)C(O)C(O)C2O)C(O)C1O,sweet,sweet
CC1OC(OC2C(Oc3cc(O)c4c(=O)cc(-c5ccc(O)cc5)oc4c3O)OC(CO)C(O)C2O)C(O)C(O)C1O,sweet,sweet
CCC(C)C(NC(=O)C(N)CC(=O)O)C(=O)NC(Cc1ccccc1)C(=O)NC(Cc1ccccc1)C(=O)O,sweet,sweet
CC(=O)O.CC(=O)[O-].[Na+],undefined,undefined
COc1cc2c(cc1OC)CN(C)CCc1cc3c(cc1C(=O)C2)OCO3,bitter,bitter
NC(=O)Nc1ccc(CCc2ccccc2)cc1,undefined,sweet
CCCCCC(C=CC=CCCCCCCCC(=O)O)OO,undefined,undefined
NCCCCC(NC(=O)CNC(=O)C(Cc1ccccc1)NC(=O)C(N)CC(=O)O)C(=O)O,sweet,sweet
N#CCCOP(N)OC1C(CO)OC(n2cnc3c(N)ncnc32)C1O,sweet,sweet
CC1=CCC(C(C)C)=CC1,bitter,undefined
CC1(C(=O)O)CCC2(C)CCC3(C)C(=CCC4C5(C)CCC(OC6OC(C(=O)O)C(O)C(O)C6OC6OC(CO)C(O)C(O)C6O)C(C)(CO)C5CCC43C)C2C1,sweet,sweet
O=C(O)C1C(C(=O)O)C12c1ccccc1-c1ccccc12,sour,sour
CSCSCSC,undefined,undefined
O=[N+]([O-])C(C(c1ccccc1)c1ccccc1)[N+](=O)[O-],sour,sour
COCC1=CCC(C)=CC1,sweet,undefined
O=C(O)C[S+]([O-])c1ccc(Cl)cc1,sour,sour
OCC1OC(O)C(O)C(O)C1OC1(CO)OCC(O)C(O)C1O,sweet,sweet
OCC1OC(OCC2(O)OCC(O)C2O)C(O)C(O)C1O,sweet,sweet
CC(NC(=O)C(N)CCC(N)=O)C(=O)NC(CC(N)=O)C(=O)NC(Cc1ccccc1)C(=O)O,sweet,sweet
CC1=C(C2C(=O)C=C(O)C(=O)C2C)C(=O)C=C(O)C1=O,sour,sour
OCC1OC(OC2(CCl)OC(CCl)C(Cl)C2O)C(O)C(O)C1O,sweet,sweet
CC(NC(=Nc1ccc([N+](=O)[O-])cc1)NCC(=O)O)c1ccccc1,sweet,sweet
Cc1n[nH]c(=S)o1,sour,sour
C=CCC(CC=C)(NC(C)=O)C(=O)NC(Cc1ccccc1)C(=O)OCC,sweet,sweet
CCOCc1ccccc1,undefined,undefined
CCOC1OC(COC2OC(C)C(O)C(O)C2O)C(O)C(O)C1O,sweet,sweet
CC1OC(OC2C(OC3C(OC4CCC5(C)C(CCC6(C)C5CC=C5C7CC(C)(CO)CC(O)C7(C)CCC56C)C4(C)C)OC(C(=O)O)C(O)C3O)OC(CO)C(O)C2O)C(O)C(O)C1O,sweet,sweet
OCC1CC(O)C(O)C(OC2C(CO)OC(OC(C(O)CO)C(O)C(O)CO)C(O)C2O)O1,sweet,sweet
COC1OC(COC2OC(CO)C(OC3OC(CO)C(O)C(O)C3O)C(O)C(O)C2O)C(O)C1O,sweet,sweet
O=C(CCc1ccc2c(c1)OCCO2)c1c(O)cc(O)cc1OC1OC(CO)C(O)C(O)C1O,sweet,sweet
CC(O)C(O)C(O)C(O)COCl,sweet,sweet
OCC(O)C1OC(OC2OC(CO)C(O)C(O)C2O)C(O)C1O,sweet,sweet
CC1OC(Oc2cc(O)cc3c2C(=O)CC(c2ccc(O)c(O)c2)O3)C(O)C(O)C1O,sweet,sweet
CC1OC(n2cnc3c(N)ncnc32)C(O)C1OP(=O)(O)O,sweet,sweet
CC(C)S,undefined,undefined
COc1cc(O)c(CC=C(C)C)c(O)c1,bitter,undefined
CCCCCCCCCCC(OC1OC(CO)C(O)C(O)C1O)C(O)CO,sweet,sweet
COC(=O)CC(C)CCC=C(C)C,sweet,undefined
OCC1OC(OC2(C(Cl)(Cl)OCl)OC(CO)C(O)C2O)C(O)C(O)C1O,sweet,sweet
C=C1CCC2(C(=O)OC3OC(CO)C(O)C(O)C3O)CCC3(C)C(=CCC4C5(C)CCC(OC6OC(C(=O)O)C(O)C(O)C6O)C(C)(C)C5CCC43C)C2C1,sweet,sweet
NC(CCC(=O)O)C(=O)NC(Cc1c[nH]c2ccccc12)C(=O)O,bitter,bitter
NC(=O)COC(=O)C(Cc1ccccc1)NC(=O)C(N)CC(=O)O,sweet,sweet
COCC(O)CC(C)CCc1ccccc1,bitter,bitter
N#Cc1ccc(NC(=O)NC(CC(=O)O)c2ccc([N+](=O)[O-])cc2)cc1,sweet,sweet
COc1ccc(CCc2ccc(Cl)cc2)cc1O,undefined,sweet
CCCC=CCOC(=O)CC,undefined,undefined
COC(=O)CC(NC=O)C(=O)NC(Cc1ccccc1)C(=O)OC,sweet,sweet
O=C(O)c1ccccc1C(=O)c1ccc(O)c(O)c1,sweet,sweet
O=c1cc(-c2ccc(O)c(O)c2)oc2c(C3OC(CO)C(O)C(O)C3O)c(OC3OC(CO)C(O)C(O)C3O)cc(O)c12,sweet,sweet
CC1(C(=O)OC2OC(CO)C(O)C(O)C2O)CCC2(C)CCC3(C)C(=CC(=O)C4C5(C)CCC(OC6OC(C(=O)O)C(O)C(O)C6OC6OC(C(=O)O)C(O)C(O)C6O)C(C)(CO)C5CCC43C)C2C1,sweet,sweet
COC(=O)C(Cc1ccccc1)NC(=O)C(CC(=O)[O-])[NH2+]CCC(C)(C)C,sweet,sweet
CC(O)C(O)C(O)C(=O)CO,sweet,sweet
Nc1ncnc2c1ncn2C1OC(COP(=O)(O)C(Cl)(Cl)P(=O)(O)O)C(O)C1O,sweet,sweet
CCC1(CCC(C)C)C(=O)NC(=O)NC1=O,bitter,bitter
O=C(CCc1ccc(O)cc1)c1c(O)cc(O)c(OC2OC(CO)C(O)C(O)C2O)c1O,sweet,sweet
CCCC=CCCC(=O)O,undefined,undefined
COC(=O)C1OC(OC2C(O)CC3(C)C(CCC4(C)C3CC=C3C5CC(C)(C)CCC5(C(=O)OC5OC(CO)C(O)C(O)C5O)CCC34C)C2(C)CO)C(O)C(O)C1OC1OC(CO)C(O)C(O)C1O,sweet,sweet
COc1c(O)cc2oc(-c3ccc(OC4OC(CO)C(O)C(O)C4O)cc3)cc(=O)c2c1O,sweet,sweet
CC(C)CNC(=O)C=Cc1ccc2c(c1)OCO2,undefined,bitter
CC(=O)OCOC1OC(COC2OCC(O)C(O)C2O)C(O)C(O)C1O,sweet,sweet
C=CCCCC(=O)OCC,undefined,undefined
CCCCOC(=O)CC,sweet,sweet
O=C(O)c1cc(N=Nc2ccc(S(=O)(=O)O)cc2)ccc1O,sour,sour
CCOc1ccc(N(S)C(N)=O)cc1,sweet,sweet
CSCCC(NC(=O)CCC(N)C(=O)O)C(=O)O,umami,umami
OCC1OC(OCC#CC#CCOC2OC(CO)C(O)C(O)C2O)C(O)C(O)C1O,sweet,sweet
CS,undefined,undefined
CCCCC(=O)NC(Cc1ccccc1)C(=O)OC,sweet,sweet
O=[N+]([O-])C(Br)[N+](=O)[O-],sour,sour
OCC1OC(OCC2OCC(O)C(O)C2O)C(O)C1O,sweet,sweet
COC(=O)c1cc(O)c(O)c(O)c1,bitter,bitter
CC1OC(Oc2cc(O)c3c(c2)OC(c2cc(O)c(O)c(O)c2)CC3=O)C(O)C(O)C1O,sweet,sweet
CCCCCCCCCCOC1C(CO)OC(O)C(O)C1O,sweet,sweet
COCC1OC(OC2C(CO)OC(O)C(OC)C2O)C(OC)C(O)C1OO,sweet,sweet
CC(C)CC(NC(=O)C(CC(=O)O)NC(=O)C(Cc1ccccc1)NC(=O)C(CC(=O)O)NC(=O)C(CC(=O)O)NC(=O)C(CC(C)C)NC(=O)C(C)NC(=O)C(C)CC(=O)O)C(=O)O,sweet,sweet
Sc1cccs1,undefined,undefined
NCC(=O)NC(CC(=O)O)C(=O)N1CCCC1C(=O)NC(Cc1ccccc1)C(=O)O,sweet,sweet
COc1cc(-c2oc3cc(O)cc(O)c3c(=O)c2OC2OC(CO)C(O)C(O)C2O)cc(OC2OC(CO)C(O)C(O)C2O)c1O,sweet,sweet
CC1=C(CCC(C)O)C(C)(C)CCC1,undefined,undefined
O=C1c2ccccc2S(=O)(=O)N1CF,sweet,sweet
CC(C)CC(NC(=O)C(N)CC(N)=O)C(=O)NC(CC(N)=O)C(=O)NC(Cc1ccccc1)C(=O)O,sweet,sweet
CCCCCCCCC=CCCCCCCCC(=O)OCC,undefined,undefined
Nc1ncnc2c1ncn2C1OC(COP(O)O)C(OP(O)O)C1O,sweet,sweet
CCC(C)(CC)COc1ccc(NC(N)=O)cc1,sweet,sweet
C=C1C(=O)OC2C=C(C)CCC=C(C)CCC12,bitter,bitter
CC1(C)CCC2(C(=O)OC3OCC(O)C(O)C3O)CCC3(C)C(=CCC4C5(C)CC(=O)C(OC6OC(CO)C(O)C(O)C6O)C(C)(CO)C5C(O)CC43C)C2C1,sweet,sweet
CC1OC(OC2C(OC3C(OC4CCC5(C)C(CCC6(C)C5CC=C5C7CC(C)(COC8OC(CO)C(O)C(O)C8O)CC(=O)C7(C)CCC56C)C4(C)C)OC(C(=O)O)C(O)C3O)OCC(O)C2O)C(O)C(O)C1O,sweet,sweet
O=C(O)/C=C/c1ccc(O)cc1,sour,sour
CC1OC(OC2CC(O)C(CO)OC2O)C(O)C(O)C1O,sweet,sweet
CCCc1nc(N)c2ncn(C3OC(COP(O)(O)=S)C(O)C3O)c2n1,sweet,sweet
C=C1C(=O)OC2C=C(C)C(OC(C)=O)CCC(C)=CC(OC(C)=O)C12,bitter,bitter
CC1(C)C2CC=C(CCO)C1C2,sweet,undefined
OCCc1c[nH]c2ccccc12,undefined,bitter
O=CC(O)C(O)C(O)C(O)CO.[Cl-].[K+],sweet,sweet
COc1cc(-c2cc(=O)c3c(O)cc(OC4OC(CO)C(O)C(O)C4OC4OC(C)C(O)C(O)C4O)cc3o2)ccc1O,sweet,sweet
CC1OC(OCC2CC(O)C(O)CO2)C(O)C(O)C1O,sweet,sweet
Nc1nnn[nH]1,sour,sour
COC(=O)C(CC(C)C)NC(=O)C(N)Cc1ccccc1,sweet,sweet
CC1(C(=O)OC2OC(CO)C(O)C(O)C2O)CCCC2(C)C3C4CC5(OC6OC(CO)C(O)C(O)C6O)CC3(CCC12)CC5(O)CO4,bitter,bitter
CC(NC(=O)C(Cc1ccccc1)NC(=O)C(N)CC(=O)O)C(=O)NCC(=O)O,sweet,sweet
CC(C)CNC(=O)C=CC=Cc1ccc2c(c1)OCO2,undefined,undefined
Cc1cc(SC(=O)CC(C)C)c(C)o1,undefined,undefined
CC1OC(OC2C(O)C(OC3CCC4(C)C(CCC5(C)C4CC=C4C6CC(C)(CO)CCC6(C(=O)O)CCC45C)C3(C)C)OC(C(=O)O)C2O)C(O)C(O)C1O,sweet,sweet
CC(=O)OCC12C(CCC(C)(C)C1CO)OC(=O)C13CC(CC(O)C12)C(C)C3O,bitter,bitter
COC1OC(O)C(OCC2OC(O)C(O)C(O)C2O)C(O)C1O,sweet,sweet
OCC1OC(OC2(CO)OC(CO)C(O)C2O)C(O)C(O)C1O.[Al+3].[OH-].[OH-].[OH-],sweet,sweet
Nc1ncnc2c1ncn2C1OC(COP(=O)(O)OCC(O)COP(=O)(O)O)C(O)C1O,sweet,sweet
CC(C)CC(NC(=O)C(CO)NC(=O)C(N)CC(N)=O)C(=O)NC(CC(=O)O)C(=O)NC(Cc1ccccc1)C(=O)O,sweet,sweet
COC(=O)C1OC(OC2C(OC3CCC4(C)C(CCC5(C)C4C(=O)C=C4C6CC(C)(C(=O)OC)CCC6(C)CCC45C)C3(C)C)OC(C(=O)OC)C(O)C2O)C(OC)C(O)C1O,sweet,sweet
COC1C(O)COC(O)C1O,sweet,sweet
CC(C)(OCC(=O)O)C1CC=C(C=NO)CC1,sweet,sour
NC(Cc1ccccc1)C(=O)NCC(=O)O,bitter,sweet
CC(C)CC(NC(=O)C(NC(=O)C(N)CC(N)=O)C(C)C)C(=O)NC(Cc1ccccc1)C(=O)O,sweet,sweet
CC(=O)OC(C)(C)C=CC(=O)C(C)(O)C1C(O)CC2(C)C3CC=C4C(C=C(OC5OC(CO)C(O)C(O)C5O)C(=O)C4(C)C)C3(C)C(=O)CC12C,bitter,bitter
O=C1c2c(O)cccc2C(C2OC(CO)C(O)C(O)C2O)c2cc(CO)cc(O)c21,bitter,bitter
NC(CC(=O)O)C(=O)NC(Cc1ccccc1)C(=O)NCC(=O)NC(CCC(=O)O)C(=O)O,sweet,sweet
COC(=O)C1(C)CCC2(C)CCC3(C)C(=CC(=O)C4C5(C)CCC(OC6OC(COC7OC(C(=O)O)C(O)C(O)C7O)C(O)C(O)C6O)C(C)(C)C5CCC43C)C2C1,sweet,sweet
CCC(C)C(N)C(=O)NC(CC(N)=O)C(=O)NC(CCCCN)C(=O)NC(Cc1ccccc1)C(=O)O,sweet,sweet
Cc1cc(C)c(C(=O)O)c(C)c1,sour,sour
NS(=O)(=O)c1cccc(C(=O)O)c1,sour,sour
COc1cc(-c2coc3c(OC)c(OC4OC(CO)C(O)C(O)C4O)cc(O)c3c2=O)ccc1O,sweet,sweet
CC(=O)OCC(C)=CCCC1(C)C2CC3C(C2)C31C,undefined,undefined
COc1cc(C2CC(=O)c3c(O)cc(OC4OC(CO)C(O)C(O)C4O)cc3O2)ccc1OC1OCC(O)(CO)C1(C)O,sweet,sweet
Cc1ccc2ncccc2c1,undefined,undefined
Cc1ccc(C)c(C(=O)O)c1O,sour,sour
COc1cc(-c2cc(=O)c3c(O)cc(OC4OC(CO)C(O)C(O)C4OC4OCC(O)C(O)C4O)cc3o2)ccc1O,sweet,sweet
O=C(O)[C@@H]1CC=CC[C@H]1C(=O)O,sour,sour
COc1cc(-c2cc(=O)c3c(O)cc(O)c(C4OC(CO)C(O)C(O)C4OC4OC(C)C(O)C(O)C4O)c3o2)ccc1O,sweet,sweet
CCCCCCCCCOC(=O)CCCCCCC,sweet,undefined
CC(N)C(=O)NC(CC(N)=O)C(=O)NC(CCC(N)=O)C(=O)NC(Cc1ccccc1)C(=O)O,sweet,sweet
CC=C(Cl)C(=O)O,sour,sour
CC(C)(O)C1CC(=O)C2(C)C(CCC3(C)C(c4ccoc4)OC(=O)C4OC432)C12COC(=O)CC2O,bitter,bitter
CC1CCCC(=O)O1,sweet,sweet
COC(=O)C1OC(OC2CCC3(C)C(CCC4(C)C3CC=C3C5CC(C)(C)CC(=O)C5(C)CCC34C)C2(C)CO)C(OC2OCC(O)C(O)C2OC2OC(C)C(O)C(O)C2O)C(O)C1O,sweet,sweet
CCCCOC1(CO)OCC(O)C(OC2OC(CO)C(O)C(O)C2O)C1O,sweet,sweet
CC(=O)C1CCC2C3CCC4CC(OC5OC(CO)C(O)C(O)C5OC5OC(CO)C(O)C(O)C5O)CCC4(C)C3CCC12C,sweet,sweet
COc1ccc2nc([S+]([O-])Cc3ncc(C)c(OC)c3C)[nH]c2c1,bitter,bitter
COC1OC(CO)C(O)C(OC2OC3COC(C2O)C3OC)C1O,sweet,sweet
CCC(C)C(N)C(=O)NC(CC(=O)O)C(=O)NC(Cc1ccccc1)C(=O)NC(CCCCN)C(=O)O,sweet,sweet
CC1CCC2(C(=O)OC3OC(CO)C(O)C(O)C3O)CCC3(C)C(=CCC4C5(C)CC(O)C(O)C(C)(CO)C5CCC43C)C2C1(C)O,bitter,bitter
CCOc1ccc(N(O)O)cc1[N+](=O)[O-],sweet,sweet
OCC1OC(OCCC2CO2)C(O)C(O)C1O,sweet,sweet
COc1c(OC2OC(C)C(O)C(O)C2O)cc2oc(-c3ccc(O)c(O)c3)cc(=O)c2c1O,sweet,sweet
COC(CO)C1OC(OC)C(OC)C1O,sweet,sweet
CCC(C)C(NC(=O)C(NC(=O)C(N)Cc1ccccc1)C(C)C)C(=O)NC(CC(N)=O)C(=O)O,sweet,sweet
CCCCN1C(=O)c2ccc([N+](=O)[O-])cc2S1(=O)=O,bitter,bitter
COc1cccc2c1S(=O)(=O)NC2=O,bitter,sweet
COC(=O)C1OC(OC2CCC3(C)C(CCC4(C)C3CC=C3C5CC(C)(C)CC(O)C5(C)CCC34C)C2(C)CO)C(OC2OC(CO)C(O)C(O)C2O)C(O)C1O,sweet,sweet
COC(=O)CC(NC(=O)OC(C)(C)C)C(=O)NC(Cc1ccccc1)C(=O)OC,sweet,sweet
CCOC(=O)C(C)SSC,undefined,undefined
CC1OC(Oc2ccc(-c3coc4cc(O)cc(O)c4c3=O)cc2O)C(O)C(O)C1O,sweet,sweet
CC(N)C(=O)NC(CC(=O)O)C(=O)NC(Cc1ccccc1)C(=O)NC(Cc1ccccc1)C(=O)O,sweet,sweet
CCCCCCSCC(=O)O,sour,sour
NCC1OC(n2cnc3c(N)ncnc32)C(O)C1OP(=O)(O)O,sweet,sweet
COc1ccc(C2Oc3cc(O)cc(O)c3C(=O)C2OC2OC(COC3OC(C)C(O)C(O)C3O)C(O)C(O)C2O)cc1O,sweet,sweet
C1=C2CCCNC2C2CC1C1CCCCN1C2,bitter,bitter
NCCCCC(NC(=O)C(CCC(N)=O)NC(=O)C(CC(=O)O)NC(=O)C(N)Cc1ccccc1)C(=O)O,sweet,sweet
CC(NC(=Nc1ccc2c(c1)CCC2)NCC(=O)O)c1ccccc1,sweet,sweet
O=C(O)c1cc(Cl)ccc1Cl,sour,sour
CS(=O)(=O)NC(=Nc1ccc(C#N)cc1)NCC(=O)O,sweet,sweet
COC(=O)C(Cc1ccccc1)NC(=O)C(CC(=O)O)[N+](=O)[O-],sweet,sweet
CC1(C)CC(O)C2(C)CCC3(C)C(=CCC4C5(C)CCC(OC6OC(C(=O)O)C(O)C(O)C6OC6OCC(O)C(O)C6OC6OC(CO)C(O)C(O)C6O)C(C)(CO)C5CCC43C)C2C1,sweet,sweet
O=C(O)c1ccccc1Nc1cccc(C(F)(F)F)c1,bitter,sour
Cc1ccc(C2CC2C(=O)O)cc1,sour,sour
C=CCCCCCC,undefined,undefined
COc1cc(-c2cc(=O)c3c(O)cc(OC4OC(CO)C(O)C(O)C4O)cc3o2)cc(OC)c1OC1OC(CO)C(O)C(O)C1O,sweet,sweet
CC1OC(OC2C(O)C(OC3CCC4(C)C(CCC5(C)C4CC=C4C6CC(C)(C)CCC6(C(=O)O)CCC45C)C3(C)C)OC(C(=O)O)C2O)C(O)C(O)C1O,sweet,sweet
COc1cc(-c2cc(=O)c3c(O)c(OC4OC(CO)C(O)C(O)C4O)c(OC)cc3o2)ccc1O,sweet,sweet
COc1ccc(C2OC(=O)c3c(O)cccc3C2C(=O)O)cc1O,sweet,undefined
CC(NC(=O)C(NC(=O)C(N)CC(N)=O)C(C)C)C(=O)NC(Cc1ccccc1)C(=O)O,sweet,sweet
CCC(C)C(=O)C1=C(O)C2(O)C(CC3C(C)(C)C(C(C)(C)O)CC32O)C1=O,bitter,bitter
CCC(C)C(N)C(=O)NC(CCC(N)=O)C(=O)NC(Cc1c[nH]c2ccccc12)C(=O)O,bitter,bitter
CSc1ccccc1SCC(=O)O,sour,sour
O=C(NC(CO)C(O)c1ccc([N+](=O)[O-])cc1)C(Cl)Cl,bitter,bitter
CCC(CC)C(=O)OCC(C)NC(=O)C(N)CC(=O)O,sweet,sweet
CC(=S)Nc1ccccc1,bitter,bitter
O=[N+]([O-])c1ccc(O)cc1O,sour,sour
COc1ccc(-c2cc(=O)c3c(O)cc(OC4OC(C)C(O)C(O)C4O)cc3o2)cc1OC,sweet,sweet
COc1cccc(C(CC(=O)O)NC(=O)Nc2ccc(C#N)cc2)c1,sweet,sweet
NC(CC(=O)O)C(=O)NC(Cc1ccccc1)C(=O)NC(CC(=O)O)C(=O)NC(Cc1ccccc1)C(=O)O,sweet,sweet
CCOc1ccc(NC(=O)NC(N)=O)cc1,sweet,sweet
CCCCC(N)C(=O)NC(CC(=O)O)C(=O)NC(Cc1ccccc1)C(N)=O,sweet,sweet
O=C(O)c1cc(O)c2ccccc2c1,sour,sour
CC(O)C(NC(=O)C(N)CC(=O)O)C(=O)NC(CO)C(=O)NC(Cc1ccccc1)C(=O)O,sweet,sweet
CC1NC(C(C)C)SC(C)S1,undefined,undefined
NC(CC(=O)O)C(=O)NCC(=O)NCC(=O)NC(Cc1ccccc1)C(=O)O,sweet,sweet
COc1c(O)ccc(OC2OC(CO)C(O)C(O)C2O)c1-c1cc(=O)c2c(O)cc(O)c(OC)c2o1,sweet,sweet
CC(C)C(NC(=O)C(N)Cc1ccccc1)C(=O)NCC(=O)NC(CC(N)=O)C(=O)O,sweet,sweet
OCC1OC(O)(COC2(CO)OCC(O)C(O)C2O)C(O)C1O,sweet,sweet
COc1cc(O)c2c(c1C(=O)C=Cc1ccc(O)cc1)OC(C(C)(C)O)C2,bitter,bitter
OCC1OC(OCC(O)C(O)C(O)C(O)COC2(CO)OC(COC3OC(CO)C(O)C(O)C3O)C(O)C2O)C(O)C(O)C1O,sweet,sweet
O=C(O)C12CCC(C1)C2,sour,sour
COc1cc2occ(-c3ccc(OC4OC(COC5OC(CO)C(O)C(O)C5O)C(O)C(O)C4O)c(O)c3)c(=O)c2c(OC)c1O,sweet,sweet
O=C(O)C(CCO)Nc1nc2c(ncn2C2OC(COP(=O)(O)O)C(O)C2O)c(=O)[nH]1,umami,umami
COC1OC(CO)(COCC2OC(C)C(O)C(O)C2O)C(O)C1O,sweet,sweet
NCCCCC(NC(=O)C(CC(N)=O)NC(=O)C(Cc1ccccc1)NC(=O)C(N)CC(N)=O)C(=O)O,sweet,sweet
CCCCOP(=O)(O)OP(=O)(O)OP(=O)(OCCCC)OCC1OC(n2cnc3c(N)ncnc32)C(O)C1O,sweet,sweet
C=C1CC23CCC4C(C)(C(=O)OC5OC(CO)C(O)C(O)C5O)CCCC4(C)C2CCC1(OC1OC(CO)C(OC2OC(CO)C(OC4OC(CO)C(OC5OC(CO)C(OC6OC(CO)C(O)C(O)C6O)C(O)C5O)C(O)C4O)C(O)C2O)C(O)C1O)C3,sweet,sweet
CC1CCC(C(C)C)C2(C1)OCC(CO)O2,undefined,undefined
O.O=CC(O)C(O)C(O)C(O)C(=O)[O-].[Na+],sweet,sweet
CCOC(=O)C1NC1C(=O)NC(Cc1ccccc1)C(=O)NCCC(C)C,sweet,sweet
O=C(O)CCc1ccc([N+](=O)[O-])cc1,sour,sour
CCCCCCCCCCOC(=O)CC,undefined,undefined
CCC(C)C(N)C(=O)NC(CCC(N)=O)C(=O)NC(CCCCN)C(=O)NC(CC(=O)O)C(=O)NC(CC(C)C)C(=O)NC(C(=O)NC(Cc1ccccc1)C(=O)O)C(C)CC,sweet,sweet
O=c1ccccc(Br)c1O,sour,sour
COc1ccc(-c2cc(=O)c3c(O)cc(O)c(OC4OC(CO)C(O)C(OC5OC(C)C(O)C(O)C5O)C4O)c3o2)cc1,sweet,sweet
CCOC(=O)C(CC)(C(=O)O)C(C)C,sour,sour
CC1OC(OCC2OC(Oc3cc(O)cc4oc(-c5ccc(O)c(O)c5)cc(=O)c34)C(O)C(O)C2O)C(O)C(O)C1O,sweet,sweet
COc1ccc(-c2cc(=O)c3ccc(OC4OC(CO)C(O)C(O)C4O)cc3o2)cc1O,sweet,sweet
CCCCC(C)=O,undefined,undefined
O=C(O)OC1OC(Oc2cc(-c3oc4cc(O)cc(O)c4c(=O)c3O)ccc2O)C(O)C(O)C1O,sweet,sweet
COC1C(O)C(CO)OC(OC2OC(CO)C(O)C(O)C2O)C1O,sweet,sweet
CC1OC(OCC2OC(Oc3ccc4c(=O)c(O)c(-c5ccc(O)c(O)c5)oc4c3)C(O)C(O)C2O)C(O)C(O)C1O,sweet,sweet
Cn1cnc([N+](=O)[O-])c1CC(=O)O,sour,sour
CC(=O)c1cc2c(cc1C)C(C)(C)C(C)CC2(C)C,undefined,undefined
COC1C(O)C(CO)OC(OC2C(CO)OC(OC(C)C)C(O)C2O)C1O,sweet,sweet
NCCCCCNOP(=O)(O)OCC1OC(n2cnc3c(N)ncnc32)C(O)C1O,sweet,sweet
CC(C)CC(NC(=O)C(N)CC(=O)O)C(=O)NC(CC(N)=O)C(=O)NC(Cc1ccccc1)C(=O)O,sweet,sweet
N#Cc1ccc(C(=O)O)c(O)c1,sour,sour
CC(NC(=O)C(N)C(C)C)C(=O)NC(CC(N)=O)C(=O)NC(Cc1ccccc1)C(=O)O,sweet,sweet
Cc1n[nH]c(=S)s1,sour,sour
COC(=O)C(COC(=O)c1ccccc1)NC(=O)C(N)CC(=O)O,undefined,undefined
COC1OC(COC2OC(CO)C(O)C(O)C(O)C2O)C(O)C1O,sweet,sweet
COc1cc(-c2cc(=O)c3c(O)c(OC4OC(CO)C(O)C(O)C4O)c(O)cc3o2)ccc1O,sweet,sweet
O=C(O)/C=C/c1ccccc1F,sour,sour
Nc1nc(P(=O)(O)O)nc2c1ncn2C1(P(=O)(O)O)OC(CO)C(O)C1O,sweet,sweet
C=CCSSCC=C,undefined,undefined
COc1cc(OC2OC(CO)C(OC3OC(CO)C(O)C(O)C3O)C(O)C2O)cc2c1C(=O)CC(c1ccc(O)c(O)c1)O2,sweet,sweet
CC1OC(OC2CC(O)C3(CO)C4C(O)CC5(C)C(C6=CC(=O)OC6)CCC5(O)C4CCC3(O)C2)C(O)C(O)C1O,bitter,bitter
CCCCCCCCC1OCC(C)O1,undefined,undefined
OCC(O)C(O)C(O)C(O)C(O)CO,sweet,sweet
CC1OC(OC2C(OC3CCC4(C)C(CCC5(C)C4CC=C4C6CC(C)(C)CCC6(C(=O)O)CCC45C)C3(C)CO)OCC(O)C2O)C(O)C(O)C1O,bitter,sweet
OCC1OC(OC2COC3COC2C3O)C(O)C1O,sweet,sweet
CCOC1OC(CO)C(OC2OC(CO)C(O)C(O)C2O)C(O)C1F,sweet,sweet
CC1(C)CCC2(C(=O)O)CCC3(C)C(=CCC4C5(C)CCC(OC6OC(C(=O)O)C(OC7OC(CO)C(O)C(O)C7O)C(O)C6OC6OCC(O)C(O)C6O)C(C)(C)C5CCC43C)C2C1,sweet,sweet
COc1cc2c(cc1O)C1c3ccccc3OCC1(O)C2,sweet,undefined
CCC(C)C(NC(=O)C1CCCN1C(=O)CNC(=O)C1CCCN1C(=O)C(Cc1ccccc1)NC(=O)C1CCCN1C(=O)C(Cc1ccc(O)cc1)NC(=O)C(NC(=O)C(N)CC(C)C)C(C)C)C(=O)NC(Cc1cnc[nH]1)C(=O)NC(CC(N)=O)C(=O)O,bitter,bitter
O=[N+]([O-])c1ccc(O)cc1[N+](=O)[O-],sour,sour
COc1c(O)c(OC)c2oc(-c3cc(O)ccc3OC3OC(CO)C(O)C(O)C3O)cc(=O)c2c1O,sweet,sweet
CC1=CC(OC2OC(CO)C(O)C(O)C2O)C(O)C2(C)C1CC1OC(=O)CC3C(C)C(O)C4(O)OCC13C42,bitter,bitter
O=C(O)[C@H]1C[C@H]1C(=O)O,sour,sour
COC(=O)C(Cc1ccccc1)NC(=O)C(CC(=O)O)NCCCC1CCCCC1,sweet,sweet
CCCCCCOC(=O)c1ccco1,sweet,undefined
CCc1ccccc1S,undefined,undefined
COC(=O)CC(NC(=O)C(Cc1ccccc1)NC(=O)OC(C)(C)C)C(=O)OC,sweet,sweet
OCC1OC(OC2C(O)c3c(O)cc(O)cc3OC2c2cc(O)c(O)c(O)c2)C(O)C(O)C1O,undefined,sweet
O=C(O)[C@H]1CCCCC[C@H]1C(=O)O,sour,sour
CCOP(=O)(CC(O)C1OC(n2cnc3c(N)ncnc32)C(O)C1O)OCC,sweet,sweet
CCC(=O)C=CC1C(C)C=CCC1(C)C,undefined,undefined
COC(=O)C1OC(OC2CCC3(C)C(CCC4(C)C3CC=C3C5CC(C)(C)CCC5(C(=O)OC)CCC34C)C2(C)C)C(O)C(O)C1OC1OCC(O)C(O)C1O,sweet,sweet
CC(C)C(NC(=O)C(CC(=O)O)NC(=O)C(NC(=O)C(N)Cc1ccccc1)C(C)C)C(=O)O,sweet,sweet
O=[As](O)(O)c1ccccc1,sour,sour
OCC1OC(OC2C(CO)OC(O)(O)C2O)C(O)C(O)C1O,sweet,sweet
CC(CC(=O)O)C(=O)NC(Cc1ccccc1)C(=O)O,sweet,sweet
COn1c(=O)c2ccccc2[s+]1[O-],sweet,bitter
CC(O)CC(C)OC1OC(CO)C(O)C(O)C1O,sweet,sweet
CCCCCC(=O)CC,sweet,undefined
CC(C)CC(NC(=O)C(CCCCN)NC(=O)C(N)CC(=O)O)C(=O)NC(Cc1ccccc1)C(=O)O,sweet,sweet
CC(=O)OC1C(=O)C2C3(C)C(=O)C(O)CC(C)C3CC3OC(=O)CC(C1C)C32C,bitter,bitter
CC(=O)OCCC(C)(C)S,sweet,undefined
COc1cc(O)c2c(=O)c(OC3OC(CO)C(O)C(O)C3O)c(-c3cc(O)c(OC)c(O)c3)oc2c1,sweet,sweet
CCC(C)C(NC(=O)C(Cc1ccccc1)NC(=O)C(CC(=O)O)NC(=O)C(N)CC(C)C)C(=O)O,sweet,sweet
COC(=O)C(Cc1ccccc1)NC(=O)C(CC(C)C)NC(=O)C(CCO)NCC=O,sweet,sweet
CC1(C(=O)O)CCC2(C)CCC3(C)C(=CCC4C5(CO)CCC(OC6OC(C(=O)O)C(O)C(O)C6OC6OC(C(=O)O)C(O)C(O)C6O)C(C)(C)C5CCC43C)C2C1,sweet,sweet
C=CCNCC(=O)NC(Cc1ccccc1)C(=O)OC,sweet,sweet
C1SSCSSS1,undefined,undefined
CNC(C(=O)N(C)C(CC(C)C)C(=O)NC(Cc1ccccc1)C(=O)OC)C(C)C,sweet,sweet
CCC(C)C(NC(=O)C(Cc1ccccc1)NC(=O)C(C)NC(=O)C(N)CC(=O)O)C(=O)O,sweet,sweet
O=CCC(O)C(O)C(O)CO,sweet,sweet
CCCCCCCCCCCCC,undefined,undefined
CC(=O)OCC1OC(Oc2cc(C3Oc4cc(O)cc(O)c4C(=O)C3O)ccc2O)C(O)C(O)C1O,sweet,sweet
CC(C)=CCC1(CC=C(C)C)C(=O)C(O)=C(C(=O)CC(C)C)C1=O,bitter,bitter
CCCCCCOP(=O)(O)OCC1OC(n2cnc3c(N)ncnc32)C(O)C1O,sweet,sweet
O=C1NS(=O)(=O)c2cccc(F)c21,sweet,sweet
CSCC=O,undefined,undefined
O=c1cc(-c2ccc(O)c(O)c2)oc2c(O)c(OC3OC(CO)C(O)C(O)C3O)ccc12,sweet,sweet
CC(C)C(NC(=O)C(N)CCCCN)C(=O)NC(CC(N)=O)C(=O)NC(Cc1ccccc1)C(=O)O,sweet,sweet
CCCCC=CC(C)=O,sweet,undefined
NCCCCC(NC(=O)C(N)CC(=O)O)C(=O)NC(Cc1ccccc1)C(=O)NCC(=O)O,sweet,sweet
CCOC(=O)C(O)C(O)C(=O)OCC,undefined,sweet
N#Cc1ccc(N=C(NCC(=O)O)Nc2ccccc2)cc1,sweet,sweet
COc1c(OC2OC(CO)C(O)C(O)C2O)c(O)c(O)c2c(=O)cc(-c3ccc(O)c(O)c3)oc12,sweet,sweet
NCCCCC(NC(=O)C(Cc1ccccc1)NC(=O)C(CCC(N)=O)NC(=O)C(N)CC(=O)O)C(=O)O,sweet,sweet
CC(N)C(=O)NC(Cc1ccccc1)C(=O)NC(CC(N)=O)C(=O)NC(Cc1ccccc1)C(=O)O,sweet,sweet
CCOC(=O)CCC(O)C(=O)OCC,undefined,sweet
CC(C)=C1CCC(C)CC1=O,undefined,undefined
C=C1C2CCC3C(CCC4C5(C)CCCC43C3OCCN3C5)(C2)C1O,bitter,bitter
CCCC(=O)C(C)=O,sweet,sweet
c1ncc2[nH]cnc2n1,bitter,sour
CCCC(=O)OCCNC(=O)C(N)CC(=O)O,sweet,sweet
CC(C)CNC(=O)/C=C\c1ccc2c(c1)OCO2,bitter,bitter
O=CC1CCCC1=O,sour,sweet
OCC1OC(OC2(COB(O)O)OC(CO)C(O)C2O)C(O)C(O)C1O,sweet,sweet
O=CCCc1ccccc1,undefined,sweet
CC(=O)NCC([N+](=O)[O-])[N+](=O)[O-],sour,sour
COC1OC(C(O)C(C)O)C(O)C1O,sweet,sweet
Cc1ccc(SCC(=O)O)cc1,sour,sour
CC(NC(=O)C(CC(=O)O)NC(=O)C(Cc1ccccc1)NC(=O)C(N)Cc1ccccc1)C(=O)O,sweet,sweet
OC1COC(OC2OCC(O)C(O)C2O)C(O)C1O,sweet,sweet
CCC(C)C(N)C(=O)NC(CC(N)=O)C(=O)NC(CC(C)C)C(=O)NC(C)C(=O)NCC(=O)NC(Cc1ccccc1)C(=O)O,sweet,sweet
NCc1ccccc1CCC(=O)O,sour,sour
OCCC(O)OCC1OC(OC2(CO)OC(CO)C(O)C2O)C(O)C(O)C1O,sweet,sweet
COC(=O)C1OC(OC2CCC3(C)C(CCC4(C)C3CC=C3C5CC(C)(C(=O)OC)CC(O)C5(C)CCC34C)C2(C)C)C(OC2OC(CO)C(O)C(O)C2OC2OC(C)C(O)C(O)C2O)C(O)C1O,sweet,sweet
CC=CC(C)O,undefined,undefined
N#CC12CCC(C(=O)O)(CC1)C2,sour,sour
Cc1ccc(C=O)c(C)c1,undefined,sweet
CC1OC(OC2C(OCCBr)OC(CO)C(O)C2O)C(O)C(O)C1O,sweet,sweet
Nc1nc(N)c2nc(C(=O)O)cnc2n1,sour,sour
COc1ccc(C=Cc2ccccc2)cc1O,undefined,undefined
COc1ccc(-c2cc(=O)c3c(O)cc(OC4OC(COCC5OC(C)C(O)C(O)C5O)C(O)C(O)C4O)cc3o2)cc1O,sweet,sweet
[N-]=[N+]=NOC(C=O)C(O)C(O)C(O)CO,sweet,sweet
CC(C)CC(NC(=O)C(CC(=O)O)NC(=O)C(C)N)C(=O)NC(Cc1ccccc1)C(=O)O,sweet,sweet
Nc1ncnc2c1ncn2C1OC(C(O)P(=O)(O)OP(=O)(O)O)C(O)C1OP(=O)(O)O,sweet,sweet
NCCCCNP(=O)(O)OCC1OC(n2cnc3c(N)ncnc32)C(O)C1O,sweet,sweet
NC(N)=NCCCC(NC(=O)CNC(=O)C(N)CC(=O)O)C(=O)NC(Cc1ccccc1)C(=O)O,sweet,sweet
CC1(C(=O)OC2OC(CO)C(O)C(O)C2O)CC(O)C2(C)CCC3(C)C(=CCC4C5(C)CCC(OC6OC(C(=O)O)C(O)C(O)C6OC6OCC(O)C(O)C6O)C(C)(CO)C5CCC43C)C2C1,sweet,sweet
CC(C)COC(=O)CCc1ccco1,sweet,sweet
N#Cc1ccc(N=C(NCC(=O)O)NC(c2ccccc2)c2ccco2)cc1,sweet,sweet
NC(=O)NOP(=O)(O)OCC1OC(n2cnc3c(N)ncnc32)C(O)C1O,sweet,sweet
CCC(COC(=O)C1CCCCC1)NC(=O)C(N)CC(=O)O,undefined,sweet
CC(C)C(NC(=O)C(CC(=O)O)NC(=O)C(N)Cc1ccccc1)C(=O)NC(Cc1ccccc1)C(=O)O,sweet,sweet
O=C(O)COc1ccc(Cl)cc1,sour,sour
CC(C)c1cnccn1,undefined,undefined
SCc1ccco1,undefined,undefined
CCC=CCCCCCO,undefined,undefined
COc1ccc(C2Cc3cccc(O)c3C(=O)N2)cc1O,sweet,sweet
CP(=O)(O)OP(=O)(O)OCC1CC(O)C(n2cnc3c(N)ncnc32)O1,sweet,sweet
CC1=C(C)CC(C(=O)O)(S(=O)(=O)c2ccccc2)C(C)C1,sweet,sweet
CC(=O)c1ccc(C(C)C)cc1,undefined,undefined
CC(C)CC(N)C(=O)NC(CC(=O)O)C(=O)NC(Cc1ccccc1)C(=O)NC(CCCCN)C(=O)O,sweet,sweet
CN1c2ccccc2C(=O)N2CCc3c([nH]c4ccc(O)cc34)C21,bitter,bitter
CC1OC(OC2C(O)C(C)OC(OCC(O)CO)C2O)C(O)C(O)C1O,sweet,sweet
NCC(=O)NC(Cc1ccccc1)C(=O)NC(CC(=O)O)C(=O)NC(Cc1ccccc1)C(=O)O,sweet,sweet
COC(=O)C(Cc1ccccc1)NC(=O)CNC(=O)Cc1ccccc1,sweet,sweet
COc1c(OC2OC(CO)C(O)C(O)C2O)cc(O)c2c1OC(c1ccccc1)CC2=O,sweet,sweet
CCCC/C=C\CCCCCCCCC/C=C/C=C/C(=O)NCC(C)C,undefined,undefined
CC1CCC(C(C)C)C(NC(=O)C2CC2)C1,umami,bitter
COc1c(OC2OC(C)C(O)C(O)C2O)cc2occ(-c3ccccc3)c(=O)c2c1O,sweet,sweet
CC1OC(OC2C(OC3C(OC4CCC5(C)C(CCC6(C)C5CC=C5C7CC(C)(C)CC(O)C7(C)CCC56C)C4(C)C)OC(C(=O)O)C(O)C3O)OCC(O)C2O)C(O)C(O)C1O,sweet,sweet
Cc1ccc([N+](=O)[O-])cc1N,sweet,sweet
C=CC(=O)CC,undefined,undefined
COc1c2ccoc2cc2oc(=O)ccc12,bitter,bitter
CC(C)COP(=O)(O)OP(=O)(O)OCC1OC(n2cnc3c(N)ncnc32)C(O)C1OP=O,sweet,sweet
Nc1ncnc2c1ncn2C1OC(F)(COP(=O)(O)OP(=O)(O)OP(=O)(O)O)C(O)C1O,sweet,sweet
COCC(OC)C1OC(O)C(O)C1OC,sweet,sweet
CC12C(=O)C=CCC1=CCC1C2CCC2(O)C(=O)OC3(C)C4CC5(C)C(COC16OC23C5C6=O)C(=O)O4,bitter,bitter
COC1(OC2OC(CO)C(O)C(O)C2O)OC(CO)C(O)C(O)C1O,sweet,sweet
COCC(C)(O)C1CC=C(C)CC1,bitter,bitter
Cn1c(=O)c2[nH]cnc2n(C)c1=O,bitter,sour
COC(=O)CC(NC(C)=O)C(=O)NC(Cc1ccccc1)C(=O)OC,sweet,sweet
N[C@@H](Cc1cc(Br)c(O)c(Br)c1)C(=O)O,sour,sour
COCC1OC(OC)C(OC2OC(CO)C(O)C(O)C2O)C(O)C1O,sweet,sweet
CC(Cc1ccc(O)cc1)NC(=O)C(N)CC(=O)O,sweet,sweet
COc1cc(OC2OC(COC3OC(CO)C(O)C(O)C3O)C(O)C(O)C2O)c(OC)c(O)c1C(=O)CCc1ccccc1,sweet,sweet
CCC1OC(O)(OC2OC(CO)C(O)C(O)C2O)C(O)C1O,sweet,sweet
O=C(O)CCCC1CCOC1=O,sour,sour
OCC1OC(OCC(O)C(O)C(O)C(O)O)C(O)C(O)C1O,sweet,sweet
OC1COC(O)(COC(O)C2(O)OCC(O)C(O)C2O)C(O)C1O,sweet,sweet
COc1cc(C=CC(=O)CCCCc2ccccc2)ccc1O,undefined,undefined
CCCCCCCCCCCCC(=O)O,undefined,undefined
CC1(C)C(=O)C(OC2OC(CO)C(O)C(O)C2O)CC2C1=CCC1C2(C)C(=O)CC2(C)C(C(C)(O)C(=O)CC(O)C(C)(C)O)C(O)CC12C,bitter,bitter
C=C1CC23CCC4C(C)(C(=O)OCCCP(=O)(O)O)CCCC4(C)C2CCC1(OC1OC(CO)C(O)C(O)C1OC1OC(CO)C(O)C(O)C1O)C3,sweet,sweet
CCOP(=O)(OCC)c1nc(N)nc2c1ncn2C1OC(CO)C(O)C1(C)O,sweet,sweet
CC1(C)CCC2(C(=O)O)CCC3(C)C(=CCC4C5(C)CCC(OC6OC(C(=O)OC7OC(CO)C(O)C(O)C7O)C(OC7OC(CO)C(O)C7O)C(O)C6O)C(C)(C)C5CCC43C)C2C1,sweet,sweet
N[C@@H](CCC(=O)O)C(=O)O,sour,sour
Nc1nc(Cl)nc2c1ncn2C1CC(O)C(COP(=O)(O)OP(=O)(O)O)O1,sweet,sweet
N#Cc1cc2[nH]nnc2nc1N,sour,sour
O=C(C=Cc1ccc(O)c(O)c1)Nc1ccccc1C(=O)O,bitter,bitter
CC(O)C(NC(=O)C(CC(=O)O)NC(=O)C(N)CC(N)=O)C(=O)NC(Cc1ccccc1)C(=O)O,sweet,sweet
CC=C(C)C(=O)OC1CC2C(CC=C3CC(O)CCC32C)C2(O)CCC(C(C)=O)C12C,bitter,bitter
CC(C)OP1(=O)OC(C)C2OC(n3cnc4c(N)ncnc43)C(O)C2O1,sweet,sweet
CC(NC(=O)C(Cc1ccccc1)NC(=O)C(N)CC(=O)O)C(=O)NC(CCCCN)C(=O)O,sweet,sweet
Cc1ccccc1OCC(O)CO,bitter,sweet
CCC(C(=O)O)(C(=O)O)C(C)C,sour,sour
COCC1(OC2OC(CO)C(O)C(O)C2O)OC(CO)C(OC)C1OC,sweet,sweet
O=S(=O)([O-])[O-].OCC1OC(OC2C(CO)OC(O)C(O)C2O)C(O)C(O)C1O.[Na+].[Na+],sweet,sweet
COc1ccc(-c2cc(=O)c3c(O)c(OC)c(OC4OC(COC5OC(C)C(O)C(O)C5O)C(O)C(O)C4O)cc3o2)cc1O,sweet,sweet
COC(=O)c1cocc1C(=O)O,sour,sour
COC(=O)c1ccc(S)cc1,sour,sour
CC1=CC2C(=C(C)CCC2C(C)C)CC1,undefined,undefined
NC(=O)CC(N)C(=O)NC(Cc1ccccc1)C(=O)NC(CC(=O)O)C(=O)NC(Cc1ccccc1)C(=O)O,sweet,sweet
COc1cc(-c2oc3cc(OC4OC(C)C(O)C(O)C4O)cc(O)c3c(=O)c2OC2OCC(O)C(O)C2O)ccc1O,sweet,sweet
CCC(O)(O)OC1OC(CO)C(O)C(O)C1O,sweet,sweet
Nc1ncnc2ncn(C3OC(COP(=O)(O)CP(=O)(O)O)C(O)C3O)c12,sweet,sweet
C=CC1CC=C(C=NO)CC1,sweet,sweet
O=C(O)c1ccc([N+](=O)[O-])c([N+](=O)[O-])c1,bitter,sour
CC1OC(OCC2OC(O)C(O)C(O)C2O)C(O)C(O)C1Oc1c(-c2ccc(O)c(O)c2)oc2cc(OCCO)cc(O)c2c1=O,sweet,sweet
CC(NC(=O)C(Cc1ccccc1)NC(=O)C(N)CC(=O)O)C(=O)NC(Cc1ccccc1)C(=O)O,sweet,sweet
CC(C)(C#N)OC1OC(CO)C(O)C(O)C1O,bitter,sweet
CC1OC(OC2C(O)C(O)OC(CO)C2O)C(O)C(O)C1O,sweet,sweet
COC(=O)C(Cc1ccccc1)NC(=O)CN(C)CC(=O)NC(C)C,sweet,sweet
OCC1OC(OC2(C(O)(O)O)OC(CO)C(O)C2O)C(O)C(O)C1O,sweet,sweet
NC(N)=NCCCOC1C(O)C(COP(N)O)OC1n1cnc2c(N)ncnc21,sweet,sweet
O=C(NCCO)C(O)C(O)C(O)C(O)CO,undefined,umami
CC(=O)c1ccc(C)o1,undefined,undefined
CC(NC(=O)C(N)CCCCN)C(=O)NC(Cc1ccccc1)C(=O)NC(CC(N)=O)C(=O)O,sweet,sweet
CCCc1c[nH]c(=S)[nH]c1=O,bitter,sour
NC(CS)C(=O)NC(CC(=O)O)C(=O)NCC(=O)NC(Cc1ccccc1)C(=O)O,sweet,sweet
OCC1OC(OC2OC(CO)C(O)C(O)C2O)C(O)C(O)C1O,sweet,sweet
CC1OC(OCC2OC(Oc3c(-c4ccc(O)c(OCCO)c4)oc4cc(OCCO)cc(O)c4c3=O)C(O)C(O)C2O)C(O)C(O)C1O,sweet,sweet
C=C1C(=O)C23CC1CC(O)C2C12COC(OC(C)=O)C1C(C)(C)CCC2OC3=O,undefined,bitter
COC(=O)C(Cc1ccccc1)NC(=O)C(CC(=O)O)N=CCC(C)(C)C,sweet,sweet
Cn1nnc2[nH]c(=S)[nH]c(=O)c21,sour,sour
CCC=CCC=CCCOC(C)=O,sweet,undefined
COC1OC(CO)C(O)C2OCOC3C(O)C(CO)OC(OC)C3OCOC12,sweet,sweet
CC1(C)C(O)CCC2(C)C3CCC4CC3(CCC12)CC4(O)COC1OC(CO)C(O)C(O)C1O,sweet,sweet
COC(=O)C12CCC(C)(C)CC1C1=CCC3C4(C)CCC(OC5OC(C(=O)O)C(OC6OCC(O)C(O)C6O)C(O)C5O)C(C)(CO)C4CCC3(C)C1(C)CC2,sweet,sweet
NC(CC(=O)O)C(=O)N1CCCC1C(=O)NCC(=O)NC(Cc1ccccc1)C(=O)O,sweet,sweet
NC(CO)C(=O)NC(CC(=O)O)C(=O)NC(CO)C(=O)NC(Cc1ccccc1)C(=O)O,sweet,sweet
CCC1OC(OC)C(O)C(O)C1OC,sweet,sweet
O=c1c2ccc(O)c(O)c2oc2cc(OC3C(O)C(O)OC(CO)C3O)cc(O)c12,sweet,sweet
CCOC(=O)C(CCc1ccccc1)NC(C)C(=O)N1CCCC1C(=O)O,bitter,sweet
COc1ccc(-c2cc(=O)c3ccc(OC4OC(OCC5OC(C)C(O)C(O)C5O)C(O)C(O)C4O)cc3o2)cc1O,sweet,sweet
CC(C)CC(NC(=O)C(CC(N)=O)NC(=O)C(N)CC(=O)O)C(=O)NC(Cc1ccccc1)C(=O)O,sweet,sweet
OCC1OC(OCC2CC2)C(O)C(O)C1O,sweet,sweet
Nc1ncnc2c1ncn2C1OC(COP(=O)(O)C(Br)(Br)P(=O)(O)OP(=O)(O)O)C(O)C1O,sweet,sweet
COc1cc2c(c(OC)c1OC)-c1ccc(OC)c(=O)cc1C(NC(C)=O)CC2,bitter,bitter
CCC(C)C(=O)OC(C)C1(O)CCC2(O)C3CCC4CC(OC5CC(OC)C(OC6CC(OC)C(OC7OC(C)C(O)C(OC)C7O)C(C)O6)C(C)O5)CCC4(C)C3CC(OC(C)=O)C12C,undefined,undefined
CCCCCCOc1ccc([N+](=O)[O-])cc1N,sweet,sweet
NC(CC(=O)O)C(=O)N(CC(=O)O)C(=O)C(N)Cc1ccccc1,sweet,sweet
COC1OC(COCC2OC(OC)C(O)C(O)C2O)C(O)C(O)C1O,sweet,sweet
COc1ccc(-c2cc(=O)c3c(O)cc(OC4OC(C(O)C(O)C(O)C(C)O)C(O)C(O)C4O)cc3o2)cc1O,sweet,sweet
OCC(O)C(O)C(O)C(O)CO,sweet,sweet
COc1cc(-c2cc(=O)c3c(O)cc(OC4OC(CO)C(OC5(CO)OC(CO)C(O)C5O)C(O)C4O)cc3o2)cc(OC)c1O,sweet,sweet
OCC1CC(O)C(O)C(OC2(CO)OC(CO)C(O)C2O)O1,sweet,sweet
CC(NC(=O)C(N)Cc1ccccc1)C(=O)NC(C)C(=O)NC(CC(N)=O)C(=O)O,sweet,sweet
CC(=O)SCc1ccco1,undefined,undefined
CC(C)C(NC(=O)C(N)CC(=O)O)C(=O)NC(Cc1ccccc1)C(=O)NC(CCCCN)C(=O)O,sweet,sweet
CC1OC(OC2C(Oc3cc(O)c4c(c3)OC(c3ccc(O)c(ON)c3)CC4=O)OC(CO)C(O)C2O)C(O)C(O)C1O,sweet,sweet
COC1C(O)OC(COC2OC(CO)C(O)C(O)C2O)C(O)C1O,sweet,sweet
COc1ccc(C2CC(=O)c3c(O)cc(OC4OC(COC5OC(C)C(O)C(O)C5O)C(O)C(O)C4O)cc3O2)cc1OC1OC(CO)C(O)C(O)C1O,sweet,sweet
CC(O)C1OC(C)(C)OC(C2COC(C)(C)O2)C1O,sweet,sweet
CCCC(C)(C)C(=O)O,sour,sour
CC(C)=CCCC(C)=CCS,undefined,undefined
CCC(C)C(NC(=O)C(CC(=O)O)NC(=O)C(CCC(N)=O)NC(=O)C(N)Cc1ccccc1)C(=O)O,sweet,sweet
O=Cc1ccc2n1CC1(CC(O)C(O)CO1)OC2,bitter,bitter
COC(=O)C(NC(=O)C(N)CC(=O)O)C(Cl)c1ccccc1,sweet,sweet
CSc1nc2[nH]c(=O)cnc2c(=O)n1C,sour,sour
COc1ccc(CCC(=O)c2cccc(C(=O)O)c2)cc1O,sweet,bitter
CC(NC(=O)C(CC(=O)O)NC(=O)C(N)Cc1ccccc1)C(=O)O,sweet,sweet
CC(C)Oc1cc(F)c([N+](=O)[O-])cc1N,sweet,sweet
CC(C)C(N)C(=O)NC(CC(=O)O)C(=O)NC(CS)C(=O)NC(Cc1ccccc1)C(=O)O,sweet,sweet
CC(C)CNC(=O)C(Cc1ccccc1)NC(=O)C1NC1C(=O)O,sweet,sweet
CCC(C)C(NC(=O)C(N)CCCCN)C(=O)NC(CC(N)=O)C(=O)NC(Cc1ccccc1)C(=O)O,sweet,sweet
CC1OC(OC2C(Oc3cc(O)c(C(=O)CCc4cccc(O)c4)c(O)c3)OC(CO)C(O)C2O)C(O)C(O)C1O,sweet,sweet
COCOC(CO)C1OC(C)(C)OC(C)C1O,sweet,sweet
O=C(CO)C(O)(F)C(O)C(O)CO,sweet,sweet
COC(=O)C(CC(=O)OC1CCCCC1)NC(=O)C(N)CC(=O)O,undefined,sweet
[N-]=[N+]=Nc1nc2c(N)ncnc2n1C1OC(COP(=O)(O)O)C(O)C1O,sweet,sweet
CC(=O)OC1CC(C)(C(=O)O)CC2C3=CC(=O)C4C5(C)CCC(OC6OC(C(=O)O)C(O)C(O)C6OC6OC(C(=O)O)C(O)C(O)C6O)C(C)(CO)C5CCC4(C)C3(C)CCC12C,sweet,sweet
COc1c(OC2OC(CO)C(O)C(O)C2O)ccc(C(=O)C=Cc2ccc(O)cc2)c1O,sweet,sweet
CC(C)OC(=O)OC1OC(CO)C(O)C(O)C1O,sweet,sweet
COc1cc2c(cc1O)CCC21SCc2ccccc2S1,undefined,undefined
CC12CCC(O)CC1CCC1C2C(O)CC2(C)C(c3ccc(=O)oc3)CCC12O,bitter,bitter
Nc1nc(Cl)nc2c1ncn2C1CC(O)C(COP(=O)(O)OP(=O)(O)OP(=O)(O)O)O1,sweet,sweet
CC(C)CC(NC(=O)C(N)CO)C(=O)NC(CC(=O)O)C(=O)NC(Cc1ccccc1)C(=O)O,sweet,sweet
NCCCCC(N)C(=O)NCC(=O)NC(CC(=O)O)C(=O)NC(Cc1ccccc1)C(=O)O,sweet,sweet
COc1ccc(-c2coc3cc(OC4OC(CO)C(O)C(O)C4O)c(OC4OC(CO)C(O)C(O)C4O)c(O)c3c2=O)cc1,sweet,sweet
CC1NC(CCCCCCCC(=O)O)CCC1O,sweet,bitter
OCC1OC(OC2OC(CF)C(O)C(O)C2O)C(O)C(O)C1O,sweet,sweet
N#Cc1ccccc1O,sour,sour
CC=C(C)C(=O)OCc1ccccc1,undefined,sweet
NCCCCNc1ncnc2c1ncn2C1OC(COP(=O)(O)OP(=O)(O)O)C(O)C1O,sweet,sweet
COc1cc2ccc(=O)oc2c(OC)c1O,bitter,bitter
CC(C)OC1OC(C(O)O)C(O)C(O)C1O,sweet,sweet
CC(=O)Nc1ncc2ncc(O)nc2n1,sour,sour
COc1cc(O)c2c(=O)c(OC)c(-c3ccc(OC)c(O)c3OC3OC(CO)C(O)C(O)C3O)oc2c1,sweet,sweet
CCCCCC(=O)OCC=C(C)CCC=C(C)C,undefined,undefined
OCCOCC1(OC2OC(CO)C(O)C(O)C2O)OC(CO)C(O)C1O,sweet,sweet
CC1OC(OC2C(OC3C(OC4CCC5(C)C(CCC6(C)C5CC=C5C7CC(C)(C(=O)O)CCC7(C)CCC56C)C4(C)CO)OC(C(=O)O)C(O)C3O)OC(C(=O)O)C(O)C2O)C(O)C(O)C1O,sweet,sweet
CCC1N=C(C)C(C)S1,undefined,undefined
CCOc1nc(=O)[nH]cc1[N+](=O)[O-],sour,sour
OCC1OC(OC2COC(O)C(O)C2O)C(O)C(O)C1O,sweet,sweet
Nc1ncnc2c1ncn2C1OC(COP(=O)(O)OS(=O)(=O)OP(=O)(O)O)C(O)C1O,sweet,sweet
CCC(C=O)=Cc1ccco1,undefined,sweet
CSCCCCO,undefined,undefined
Nc1ncnc2c1ncn2C1OC(COS(=O)(=O)OP(=O)(O)O)C(O)C1OP(=O)(O)O,sweet,sweet
CSCCCC=O,undefined,undefined
OCCC1CC(O)C(O)C2(CCCO2)O1,sweet,sweet
CC(NC(=O)C(N)CCCCN)C(=O)NC(Cc1ccccc1)C(=O)NC(CC(=O)O)C(=O)O,sweet,sweet
OCC1(O)OCC(OI)C(O)C1O,sweet,sweet
COc1cc2c(cc1OC)C(=O)NCC2,bitter,bitter
COC(=O)CC(N)C(=O)NC(Cc1ccccc1)C(=O)OC,sweet,sweet
CCC(C)C(NC(=O)C(N)Cc1ccccc1)C(=O)NC(CC(=O)O)C(=O)NC(CCCCN)C(=O)O,sweet,sweet
Nc1ncnc2c1ncn2C1OC(C(O)OP(=O)(O)OP(=O)(O)O)C(O)C1O,sweet,sweet
C=C1CCCC(C)(C)C1C=CC(C)=O,undefined,undefined
CCCCCCCCCC(=O)OCCC(C)C,sweet,undefined
CC(C)COCCOc1ccc([N+](=O)[O-])cc1N,sweet,sweet
CC1(C)CCC2(C(=O)OC3OC(CO)C(O)C(O)C3O)CCC3(C)C(=CCC4C5(C)CCC(OC6OC(C(=O)O)C(OC7OCC(O)C(O)C7O)C(O)C6OC6OCC(O)C(O)C6O)C(C)(C)C5CCC43C)C2C1,sweet,sweet
NC(=O)CCC(N)C(=O)NC(CCC(=O)O)C(=O)NC(CC(=O)O)C(=O)NC(Cc1ccccc1)C(=O)O,sweet,sweet
COCC1OC(OC)C(O)C(O)C1OC,sweet,sweet
C=C1CCC2C1C1C(C(C)C)CCC21C,undefined,undefined
CN(C)P1(=O)OCC2OC(n3cnc4c(N)ncnc43)C(O)C2O1,sweet,sweet
CC1(C)CCC2(C(=O)O)CCC3(C)C(=CCC4C5(C)CCC(OC6OC(C(=O)O)C(O)C(OC7OC(CO)C(O)C(O)C7O)C6OC6OC(CO)C(O)C(O)C6O)C(C)(CO)C5CCC43C)C2C1,sweet,sweet
Nc1ncnc2c1ncn2C1OC(COP(N)(=O)O)C(O)C1O,sweet,sweet
CC1OC(OC2C(OC3C(OC4CCC5(C)C(CCC6(C)C5CC=C5C7CC(C)(C(=O)OC8OC(CO)C(O)C(O)C8O)CC(O)C7(C)CCC56C)C4(C)CO)OC(C(=O)O)C(O)C3O)OC(CO)C(O)C2O)C(O)C(O)C1O,sweet,sweet
O=C(O)C=CNC(=O)Nc1ccc([N+](=O)[O-])cc1,undefined,undefined
COc1cc(OC2OC(COC3OCC(O)C(O)C3O)C(O)C(O)C2O)c2c(=O)cc(-c3ccc(OC)c(OC)c3)oc2c1,sweet,sweet
CC(C)CC(O)CC(C)C,undefined,undefined
COC1OC(CO)C(O)C(O)C1OC1(CO)OCC(O)C(O)C1O,sweet,sweet
CCOc1ccc(N)cc1[N+](=O)[O-],sweet,sweet
CC(C)C(O)C(O)CC(C)C1C(OC2OC(CO)C(O)C(O)C2O)CC2C3CC(=O)C4CC(OC5OC(COC6OC(CO)C(O)C(O)C6O)C(O)C(O)C5O)CCC4(C)C3CCC21C,sweet,sweet
O=c1cccc(O)cc1O,sour,sour
O=C(O)C[S+]([O-])c1ccc(Br)cc1,sour,sour
COC1C(O)C(C)OC(Oc2c(-c3ccc(O)c(O)c3)oc3cc(O)cc(O)c3c2=O)C1O,sweet,sweet
CCCOP(=O)(O)OP(=O)(O)OP(=O)(O)OCC1OC(n2cnc3c(N)ncnc32)C(O)C1O,sweet,sweet
CC(CCC(O)C(C)(C)O)C1CCC2(C)C3CC=C4C(CCC(O)C4(C)C)C3(C)C(O)CC12C,sweet,bitter
CC(=O)OC1CC(C)(C)CC2C3=CCC4C5(C)CCC(OC6OC(C(=O)O)C(O)C(O)C6OC6OC(CO)C(O)C(O)C6OC6OC(C)C(O)C(O)C6O)C(C)(C)C5CCC4(C)C3(C)CCC12C,sweet,sweet
CC[Se]c1nc2c(N)ncnc2n1C1OC2COP(=O)(O)OC2C1O,sweet,sweet
C[C@@]1(C(=O)O)C[C@]1(C(=O)O)c1ccccc1,sour,sour
CNc1[nH]c(=O)cnc1C=O,sour,sour
O=C(O)c1ccc(F)cc1,sour,sour
OCC1OC(O)(CO)CC(O)C1O,sweet,sweet
COc1c(-c2ccc(O)c(O)c2)oc2cc(OC3OC(COC4OC(C)C(O)C(O)C4O)C(O)C(O)C3O)cc(O)c2c1=O,sweet,sweet
Nc1ncnc2c1ncn2C1OC(CO)C(O)C1O.O=P([O-])([O-])OP(=O)([O-])OP(=O)([O-])[O-].O=P([O-])([O-])OP(=O)([O-])OP(=O)([O-])[O-].[Zn+2].[Zn+2].[Zn+2].[Zn+2].[Zn+2],sweet,sweet
COC1C(OC2C(O)C(C)OC(O)C2O)OC(C)C(O)C1OC,sweet,sweet
C=C1CC23CCC4C(C)(C(=O)OC5OC(COC6OC(CO)C(O)C(O)C6O)C(O)C(O)C5O)CCCC4(C)C2CCC1(OC1OC(CO)C(O)C(OC2OC(CO)C(O)C(O)C2O)C1OC1OC(CO)C(O)C(O)C1O)C3,sweet,sweet
CC(C)SCc1ccco1,undefined,undefined
CC(C)CC(NC(=O)C(Cc1ccccc1)NC(=O)C(CCCCN)NC(=O)C(N)CC(=O)O)C(=O)O,sweet,sweet
O=C1CCSC1,undefined,undefined
CCCCC(CC)CNC(=S)S,sour,sour
COC1C(COP(=O)(O)O)OC(n2cnc3c(N)ncnc32)C1OC,sweet,sweet
Cc1cccc(S)c1,sour,sour
C=C(C)NC(=O)Nc1ccc(OCC)cc1,sweet,sweet
COC(=O)C(Cc1ccccc1)NC(=O)C(C)NC(C)=O,sweet,sweet
CC(C)C(NC(=O)C(Cc1ccccc1)NC(=O)C(N)CC(=O)O)C(=O)NC(CC(=O)O)C(=O)O,sweet,sweet
O=c1cc(-c2ccccc2)oc2cc(O)cc(O)c12,bitter,bitter
NC(Cc1c[nH]c2ccccc12)C(=O)NC(Cc1ccccc1)C(=O)O,bitter,bitter
Nc1ncnc2c1ncn2C1OC(C(Br)OP(=O)(O)O)C(O)C1O,sweet,sweet
CCCCCCCC(=O)OCCC(C)C,sweet,undefined
NCCCCC(NC(=O)C(CC(=O)O)NC(=O)C(N)Cc1ccccc1)C(=O)O,sweet,sweet
Nc1ncnc2c1ncn2C1OC2CO[P+]([O-])(Cl)OC2C1O,sweet,sweet
CC1CCC2(C(=O)O)CCC3(C(=O)O)C(=CCC4C5(C)CCC(OC6OC(C)C(O)C(O)C6O)C(C)(C)C5CCC43C)C2C1C,bitter,bitter
O=C1CCC(C(=O)N2CCCC2C(=O)O)N1,umami,sour
CCC(C)C(NC(=O)C(CC(=O)O)NC(=O)C(N)Cc1ccccc1)C(=O)NC(CC(=O)O)C(=O)O,sweet,sweet
Cc1n[nH]c(N)nc1=O,sour,sour
CC1OC(OC2C(CO)OC(Oc3cc(O)c4c(=O)c(-c5ccc(O)c(O)c5)coc4c3)C(O)C2O)C(O)C(O)C1O,sweet,sweet
CC(OC(C)(C)C(=O)O)C(=O)O,sour,sour
Nc1nc(O)c2[nH]c(C(F)(F)F)nc2n1,sour,sour
NC(CO)C(=O)NC(CO)C(=O)NC(Cc1ccccc1)C(=O)O,sweet,sweet
O=C(O)OC1OC(CO)C(O)C(O)C1O,sweet,sweet
CCC(=O)OC1CC2CCC1(C)C2(C)C,undefined,undefined
CC(C)C(NC(=O)C(CC(N)=O)NC(=O)C(N)Cc1ccccc1)C(=O)NC(CC(N)=O)C(=O)O,sweet,sweet
CC(NC(=O)C(N)CC(=O)O)C(=O)NC(C)(C(C)C)C(C)C,sweet,sweet
O=Cc1ccncc1O,sour,sour
CC(C)C(NC(=O)C(N)Cc1ccccc1)C(=O)NC(CC(N)=O)C(=O)O,sweet,sweet
NC(CC(=O)O)C(=O)NC(CS)C(=O)NC(Cc1ccccc1)C(=O)O,sweet,sweet
CC(C)=CCO,undefined,undefined
COC1C(OC2C(O)C(O)OC(CO)C2O)OC(C)C(O)C1O,sweet,sweet
Nc1ncnc2c1ncn2C1OC(CO)C(O)C1OP(=O)(O)NP(=O)(O)OP(=O)(O)O,sweet,sweet
CC1(C)CCC2(C(=O)OC3OC(CO)C(O)C(O)C3O)CCC3(C)C(=CC(=O)C4C5(C)CCC(OC6OC(C(=O)O)C(O)C(O)C6OC6OC(CO)C(O)C(O)C6O)C(C)(C)C5CCC43C)C2C1,sweet,sweet
CCC(C)(OC(C)=O)C(=O)OC1C(O)CC2C(C)(C3CC4C=COC4O3)C(C)=CC(OC(C)=O)C2(COC(C)=O)C12CO2,bitter,bitter
CCCC(O)C(NC(=O)C(N)CC(=O)O)C(=O)OC,sweet,sweet
CC1(C(=O)O)CCC2(C)CCC3(C)C(=CC(=O)C4C5(C)CCC(OC6OC(C(=O)O)C(O)C(O)C6OC6OC(C(=O)O)C(O)C(O)C6O)C(C)(CO)C5CCC43C)C2C1,sweet,sweet
NCCCC(N)C(=O)O,undefined,undefined
CC(O)C(O)C(O)CCO,sweet,sweet
CC1(C)CC(=O)C2(C)CCC3(C)C(=CCC4C5(C)CCC(OC6OC(C(=O)O)C(O)C(O)C6OC6OCC(O)C(O)C6O)C(C)(CO)C5CCC43C)C2C1,sweet,sweet
O=C(O)c1cc(O)c2c(c1)C(=O)c1cccc(O)c1C2=O,bitter,bitter
NC(CC(=O)O)C(=O)NC(C(=O)O)c1ccccc1,sweet,sweet
CC1=C(O)C(=O)CC(OC2CC(C)(C)CC3C4=CCC5C6(C)CCC(OC7OC(C(=O)O)C(O)C(O)C7OC7OCC(O)C(O)C7OC7OC(C)C(O)C(O)C7O)C(C)(CO)C6CCC5(C)C4(C)CCC23C)C1,sweet,sweet
COC(=O)C1OC(OC2CCC3(C)C(CCC4(C)C3CC=C3C5CC(C)(C)CCC5(C(=O)OC5OC(CO)C(O)C(O)C5O)CCC34C)C2(C)C)C(O)C(O)C1OC1OC(CO)C(O)C1O,sweet,sweet
O=c1c(-c2ccc(O)c(O)c2)coc2c(OC3OC(CO)C(O)C(O)C3O)c(O)ccc12,sweet,sweet
CCOc1ccc(NC(=O)Nc2ccc(OC)cc2)cc1,sweet,sweet
Nc1ncnc2c1ncn2C1OC(COCP(=O)(O)O)C(O)C1O,sweet,sweet
CC1OC(OF)CC(O)C1O,sweet,sweet
CCCCCCCCO,undefined,undefined
COCC(O)CCCc1ccccc1,bitter,bitter
COC(=O)C(CCc1ccccc1)NC(=O)C(N)CC(=O)O,sweet,sweet
CC(C)CC(N)C(=O)NC(CC(=O)O)C(=O)NC(CC(C)C)C(=O)NC(CC(C)C)C(=O)NC(Cc1ccccc1)C(=O)NC(CC(C)C)C(=O)O,sweet,sweet
CC1=CC(O)C(O)C2(C)C1CC1OC(=O)CC3C(C)C(O)C4(O)OCC13C42,bitter,bitter
CC1OC(OC2C(O)OC(CO)C2O)C(O)C(O)C1O,sweet,sweet
Nc1ncnc2c1ncn2C1CC(O)C(COP(=O)(O)O)O1,sweet,sweet
COP(=O)(O)OP(=O)(OC)OP(=O)(OC)OCC1OC(n2cnc3c(N)ncnc32)[CH]C1O,sweet,sweet
C=CC1C(OC2OC(CO)C(O)C(O)C2OC(C)=O)OC=C2C(=O)OCCC21O,bitter,bitter
Cc1csc(C(=O)O)c1,sour,sour
O=C(O)C1CC=CCC1C(=O)O,sour,sour
CC(C)C(N)C(=O)NC(CC(=O)O)C(=O)NC(CO)C(=O)NC(Cc1ccccc1)C(=O)O,sweet,sweet
Nc1ncnc2c1ncn2C1CC(O)C(COP(O)(=S)OP(=O)(O)O)O1,sweet,sweet
CC(C)C(NC(=O)CN)C(=O)NC(CC(N)=O)C(=O)NC(Cc1ccccc1)C(=O)O,sweet,sweet
CC(C)(Cc1ccccc1)OC=O,undefined,undefined
CC1(C)OC2CC(=O)OC2(C)C1Cc1cc2c(o1)CCC13CC21C(O)OC3c1ccoc1,bitter,bitter
O=C(O)/C=C/Br,sour,sour
C[Ge](C)(C)CCCCOCC1OC(O)C(O)C(O)C1O,sweet,sweet
COC1CC(OC2CC(O)C(O)C(C)O2)C(O)C(C)O1,sweet,sweet
CNP(=O)(O)OP(=O)(O)OP(=O)(O)OCC1OC(n2cnc3c(N)ncnc32)C(O)C1O,sweet,sweet
CN1CC(=O)N=C1N,bitter,bitter
CCC(C)C(NC(=O)C(NC(=O)C(Cc1ccccc1)NC(C)=O)C(C)C)C(=O)NC(CC(N)=O)C(=O)NC(CC(=O)O)C(=O)NC(CC(C)C)C(=O)O,sweet,sweet
NC(=O)CC(NC(=O)C(N)CC(=O)O)C(=O)NC(CO)C(=O)NC(Cc1ccccc1)C(=O)O,sweet,sweet
CC1OCC2OCC(O)C(O)C2O1,sweet,sweet
CC(C)OC1OC(CO)C(OC(C)C)C(O)C1O,sweet,sweet
Oc1nc2cncnc2nc1S,sour,sour
CC(NC(=O)CN)C(=O)NC(CC(N)=O)C(=O)NC(Cc1ccccc1)C(=O)O,sweet,sweet
CC(C)C(NC(=O)C(CC(=O)O)NC(=O)C(Cc1ccccc1)NC(=O)C(N)CC(N)=O)C(=O)O,sweet,sweet
CC(=CCCC(C)C1CCC2(C)C3CC=C4C(CCC(OC5OC(CO)C(O)C(O)C5O)C4(C)C)C3(C)C(O)CC12C)COC1OC(CO)C(O)C(O)C1OC1OC(CO)C(O)C(O)C1O,sweet,sweet
O=C1CC(c2ccc(O)c(O)c2)Oc2cc(OC3OC(CO)C(O)C(O)C3O)c(O)c(O)c21,sweet,sweet
C=C(CO)C(=O)OC1CC(=C)C2CC(O)C(=C)C2C2OC(=O)C(=C)C12,bitter,bitter
CC(C)=CC1OC(C)(C)C2CC3C(=O)C(C(=O)CC(C)C)=C(O)C3(O)C12O,bitter,bitter
CC1(C(=O)O)CCC2(C)CCC3(C)C(=CC(=O)C4C3(C)CCC3(C)C(C)(C)C(OC5OC(C(=O)O)C(O)C(O)C5O)CCC43C)C2C1,sweet,sweet
CC(C)C1CCC(C)(S)CC1=O,undefined,undefined
N#Cc1ccc(N=C(NCC(=O)O)NCC23CC4CC(CC(C4)C2)C3)cc1,sweet,sweet
CCC(C)(C(=O)O)S(=O)(=O)c1ccccc1,undefined,undefined
O=C1C2C3C=CC(C3)C2C(=O)N1O,sour,bitter
CSCSSC,undefined,undefined
COP(=O)(O)Nc1ncnc2c1ncn2C1OC(CO)C(O)C1(C)O,sweet,sweet
COc1cc(-c2oc3cc(O)cc(O)c3c(=O)c2OC2OC(CO)C(O)C(O)C2O)ccc1OC1OC(C)C(O)C(O)C1O,sweet,sweet
COC(=O)C(C)(CCc1ccccc1)NC(=O)C(N)CC(=O)O,sweet,sweet
Cc1nc(C)c(C(=O)O)o1,sour,sour
COc1cc(-c2oc3cc(O)cc(O)c3c(=O)c2OC2OC(CO)C(C)C(O)C2O)ccc1O,sweet,sweet
C=C1C(=O)OC2CC(C)=CCCC(CO)=CC(O)C12,bitter,bitter
COc1cc(O)c2c(=O)c(OC)c(-c3ccc(OC4OC(CO)C(O)C(O)C4O)c(O)c3)oc2c1,sweet,sweet
CCCC(=O)NC1CCOC1=O,bitter,umami
Cc1cccc(S(=O)(=O)CC(=O)O)c1,sour,sour
OCC1OC(O)C(O)C(O)C1OC1OC(COC2OCC(O)C(O)C2O)C(O)C(O)C1O,sweet,sweet
COc1ccc(CC(C)c2ccccc2)cc1O,bitter,undefined
COC(=O)C(Cc1ccccc1)NC(=O)C(CC(C)(C)O)NC(=O)C(CC(C)C)NC(=O)OC(C)(C)C,sweet,sweet
CC(C)C(NC(=O)C(CC(=O)O)NC(=O)C1CCCN1)C(=O)NC(Cc1ccccc1)C(=O)O,sweet,sweet
O=CC(O)C(OF)C(O)C(O)CO,sweet,sweet
CCCCCCOC1OC(CO)C(O)CC1OC1OC(C)C(O)C(O)C1O,sweet,sweet
CCC(C)(OC(C)(CC)C(=O)O)C(=O)O,sour,sour
CCC(C)C(NC(=O)C(N)CC(N)=O)C(=O)NC(Cc1ccccc1)C(=O)O,sweet,sweet
CC1=NC(C)OC1,undefined,undefined
CCC=C(C)C(=O)OCC,undefined,sweet
CCCC(=O)OC(C)c1ccccc1,sweet,undefined
O=c1ccc(O)ccc1O,sour,sour
COc1c(OC2OC(CO)C(O)C(O)C2O)cc2occ(-c3ccc(O)c(O)c3)c(=O)c2c1O,sweet,sweet
COc1ccc(C2Cc3cccc(OC)c3C(=O)O2)cc1OC,undefined,sweet
CC(C)CC(N)C(=O)NC(CC(=O)O)C(=O)NC(CC(=O)O)C(=O)NC(Cc1ccccc1)C(=O)O,sweet,sweet
[N-]=[N+]=Nc1nc(N)c2nc(N=[N+]=[N-])n(C3OC(CO[P+](=O)[O-])C(O)C3O)c2n1,sweet,sweet
CCCCCCOC1OC(CO)C(O)C(O)C1OC1OC(C)C(O)C(O)C1O,sweet,sweet
O=c1cccccc1O,sour,sour
C[Si](C)(C)OC1OC(CO)C(O)C(O)C1O,sweet,sweet
CC1=NC(CC(C)C)SC1C,undefined,undefined
O=c1ccc(=O)[nH][nH]1,sour,sour
COC(C)C1CC=C(C=NO)CC1,sweet,bitter
CCCCCCCCC,undefined,undefined
CC([N+](=O)[O-])[N+](=O)[O-],sour,sour
CC1CCC2N(C1)CC1C3CC4C(CC(=O)C5CC(O)CCC54C)C3CCC1C2(C)O,bitter,bitter
C=C1CC23CCC4C(C)(C(=O)O)CCCC4(C)C2CCC1(OC1OC(CO)C(O)C(O)C1OC1OCC(O)C(O)C1O)C3,sweet,sweet
CC(C)C(NC(=O)CNC(=O)C(N)Cc1ccccc1)C(=O)NC(CC(=O)O)C(=O)O,sweet,sweet
Cn1cnc(O)cc1=S,sour,sour
NS(=O)(=O)c1cc(=O)[nH]c(=O)[nH]1,sour,sour
CC(NC(=O)C(N)CCC(N)=O)C(=O)NC(CC(=O)O)C(=O)NC(Cc1ccccc1)C(=O)O,sweet,sweet
OC1C(O)C(O)C(O)C(O)C1O,sweet,sweet
CCC(C)C(N)C(=O)NC(CC(=O)O)C(=O)NC(C(=O)NC(Cc1ccccc1)C(=O)O)C(C)CC,sweet,sweet
COc1ccc(-c2cc(=O)c3c(O)c(OC4OC(CO)C(O)C(O)C4OC4OC(CO)C(O)C(O)C4O)c(OC)cc3o2)cc1,sweet,sweet
CCCCOc1ccc(NC(=O)Nc2ccccc2)cc1,sweet,sweet
CCOc1cc(C(C)C)ccc1C,undefined,undefined
OCC(O)C(OC1(CO)OC(COC2OC(CO)C(O)C(O)C2O)C(O)C1O)C(O)C(O)COC1OC(CO)C(O)C(O)C1O,sweet,sweet
OCC(O)C(O)C(OC1OC(CO)(CO)C(O)C(O)C1O)C(O)CO,sweet,sweet
O=C1c2c(O)cc(O)cc2OC(c2ccc(O)c(OC3OC(CO)C(O)C(O)C3O)c2)C1O,sweet,sweet
COc1ccc(-c2oc3cc(OC4OC(CO)C(O)C(O)C4O)cc(O)c3c(=O)c2OC2OC(CO)C(O)C(O)C2O)cc1O,sweet,sweet
O=C1CC(c2ccc(O)c(OOC3OC(CO)C(O)C(O)C3O)c2)Oc2cc(O)cc(O)c21,sweet,sweet
O=C(O)CN(CC(=O)O)CC(=O)Nc1ccc(Br)cc1,sour,sour
COC(=O)C1OC(OC2CCC3(C)C(CCC4(C)C3CC=C3C5CC(C)(C)CCC5(C(=O)OC5OC(CO)C(O)C(O)C5O)CCC34C)C2(C)C)C(O)C(OC2OCC(O)C(O)C2O)C1O,sweet,sweet
CC1OC(Oc2cc(O)c3c(=O)c(O)c(-c4ccc(O)c(O)c4)oc3c2)C(O)C(OC2OC(CO)C(O)C(O)C2O)C1O,sweet,sweet
O=[N+]([O-])c1ccc(S)nc1,sour,sour
OCC1OC(OC2C(O)COC2O)C(O)C(O)C1O,sweet,sweet
OCC1OC(O)C(O)C(O)C1OC1OC(COO)C(O)C(O)C1O,sweet,sweet
O=c1c(O)c(-c2ccc(O)c(O)c2)oc2cc(O)c(O)c(O)c12,bitter,bitter
CC1CCC2(OC1)OC1CC3C4CCC5CC(OC6OC(COC7OC(CO)C(O)C(O)C7O)C(OC7OC(C)C(O)C(O)C7O)C(O)C6OC6OC(CO)C(O)C(O)C6O)CCC5(C)C4CCC3(C)C1C2C,bitter,bitter
COc1c(O)cc2c(c1O)C(=O)OC(c1ccccc1)C2,sweet,sweet
CC1(C)CCC2(CO)C(O)CC3(C)C(=CCC4C5(C)CCC(OC6(O)OC(CO)C(O)C(O)C6OC(=O)C6OC(O)C(O)C(O)C6O)C(C)(C)C5CCC43C)C2C1,sweet,sweet
ON=CC1=CCOCC1,bitter,sweet
COC(C)C1CCC=C(C=NO)C1,bitter,bitter
Cc1ccc(C)o1,undefined,undefined
O=P(O)(O)OP(=O)(O)OP(=O)(O)OC1C(O)C(CO)OC1n1cnc2c(NO)ncnc21,sweet,sweet
Nc1ncnc2c1ncn2C1OC(COP(=O)(O)C#CP(=O)(O)O)C(O)C1O,sweet,sweet
CC1OC(OC2C(Oc3c(O)cc4oc(-c5ccc(O)cc5)cc(=O)c4c3O)OC(CO)C(O)C2O)C(O)C(O)C1O,sweet,sweet
CC1=CCC(C(C)C=O)CC1,sour,sweet
CC(N)C(=O)NC(C)C(=O)NC(C)C(=O)NC(Cc1ccccc1)C(=O)O,sweet,sweet
COc1ccc2oc(-c3ccc(O)cc3)cc(=O)c2c1,bitter,bitter
CC1(C)CCC2C(=O)CC3(C)C(=CCC4C5(C)CCC(OC6OC(C(=O)O)C(O)C(O)C6O)C(C)(C)C5CCC43C)C2C1,sweet,sweet
O=C(O)C(=O)C=S1SCC=C1c1ccccc1,sour,sour
CCC(C)C(NC(=O)C(CC(=O)O)NC(=O)C(C)NC(=O)C(Cc1ccccc1)NC(=O)C(CC(=O)O)NC(=O)C(N)C(C)C)C(=O)NCC(=O)O,sweet,sweet
COc1cc(-c2oc3cc(O)cc(O)c3c(=O)c2OC2OC(C)C(O)C(O)C2O)cc(O)c1O,sweet,sweet
CC(CO)c1ccccc1,undefined,undefined
CC(C)(C)CCOc1ccc([N+](=O)[O-])cc1N,sweet,sweet
C=C1C2CCC3C4(C)CC(OC5OC(CO)C(O)C(OC6OC(CO)C(O)C(O)C6O)C5OC(=O)CC(C)C)CC(C(=O)O)C4CCC3(C2)C1O,sweet,sweet
OCC1CCCO1,undefined,sweet
COC(=O)C(C)NC(=O)C(CC(=O)O)NC(=O)Nc1ccc([N+](=O)[O-])cc1,sweet,sweet
CCC(O)CCOC1OC(CO)C(O)C(O)C1O,sweet,sweet
O=[Si]=O,undefined,sweet
Cc1cc2c(C(C)C)c(O)c(O)c(C=O)c2c(O)c1-c1c(C)cc2c(C(C)C)c(O)c(O)c(C=O)c2c1O,sweet,bitter
CCOP(=O)(CC(=O)O)OCC,sour,sour
COCC1(OC2OC(CO)C(OC)C(OC)C2OC)OC(CO)C(OC)C1OC,sweet,sweet
O=CC(=O)C(O)C(O)C(O)C(O)CO,sweet,sweet
CC1(C)C2CCC1(C)C(OC=O)C2,undefined,undefined
OCC(CO)OC1OC(CO)C(O)C(O)C1O,sweet,sweet
COc1ccc(-c2cc(=O)c3c(O)cc(OC4OC(CO)C(O)C(O)C4O)cc3o2)cc1OC,sweet,sweet
CC1OCCC1S,undefined,undefined
CC(C)COC(=O)CCCCC(=O)OCC(C)C,undefined,undefined
O=C1c2ccccc2C(=O)C1c1ccc(C2C(=O)c3ccccc3C2=O)c2ccccc12,sour,bitter
CC(NC(=O)C(N)C(C)C)C(=O)O,bitter,bitter
CC(NC(=O)C(CS)NC(=O)C(N)CC(=O)O)C(=O)NC(Cc1ccccc1)C(=O)O,sweet,sweet
CCCCCC=O,undefined,undefined
CC(N)C(=O)NC(CCC(N)=O)C(=O)NC(C)C(=O)NC(Cc1ccccc1)C(=O)O,sweet,sweet
O=C(OC1Cc2c(O)cc(O)cc2OC1c1cc(=O)c(O)c2c(O)c(O)cc(C3Oc4cc(O)cc(O)c4CC3O)c2c1)c1cc(O)c(O)c(O)c1,bitter,undefined
CC(=O)Cc1ccco1,undefined,sweet
CCOC1c2c(O)c(O)c(O)c3c2C(=O)OC1C1OC(=O)c2c(c(O)c(O)c(O)c2-3)-c2c(cc(O)c(O)c2O)C(=O)OC2COC(=O)c3cc(O)c(O)c(O)c3-c3c(cc(O)c(O)c3O)C(=O)OC21,bitter,bitter
C=CC1C(OC2OC(CO)C(O)C(O)C2O)OC=C2C(=O)OCCC21O,bitter,bitter
CCC(C)C(N)C(=O)NC(Cc1ccccc1)C(=O)NCC(=O)NC(CC(=O)O)C(=O)O,sweet,sweet
CC#CC#CCC(=O)O,sour,sour
O=c1c(CO)c(-c2ccc(OC3OC(CO)C(O)C(O)C3O)c(O)c2)oc2cc(OC3OC(CO)C(O)C(O)C3O)cc(O)c12,sweet,sweet
O=c1c(-c2ccc(O)cc2)coc2cc(O)c(O)cc12,bitter,bitter
COC(C(O)CO)C(O)C(O)C=O,sweet,sweet
COc1ccc(CCc2ccccc2O)cc1O,sweet,sweet
Nc1ncnc2c1ncn2C1OC(COP(=O)(O)F)C(O)C1O,sweet,sweet
O=C(O)c1cc(=O)cc(-c2ccccc2)s1,sour,sour
CCSC(C)=O,undefined,undefined
CCC(C)C(NC(=O)CN)C(=O)NC(Cc1ccccc1)C(=O)NC(CC(=O)O)C(=O)O,sweet,sweet
CC1OC(OC2C(O)C(OC3CCC4(C)C(CCC5(C)C4CC=C4C6CC(C)(C)CCC6(C(=O)OC6OC(CO)C(O)C(O)C6O)CCC45C)C3(C)C)OC(C(=O)O)C2OC2OCC(O)C(O)C2O)C(O)C(O)C1O,sweet,sweet
CC(C)CC(NC(=O)C(N)Cc1ccccc1)C(=O)NC(CC(=O)O)C(=O)O,sweet,sweet
CCCCCC(O)C=CC(=O)O,bitter,bitter
CC(C)COC1CC(O)C(O)C(C)O1,sweet,sweet
OCC(O)C(O)C(O)C(O)COC1(O)OC(CO)C(O)C(O)C1O,sweet,sweet
CC1OC(Oc2cc(-c3oc4cc(O)cc(O)c4c(=O)c3O)cc(O)c2O)C(O)C(O)C1O,sweet,sweet
CC1(C)CC(C(=O)OC2OC(CO)C(O)C(O)C2O)C2CCC3(C)C(=CCC4C5(C)CCC(OC6OC(C(=O)O)C(O)C(O)C6OC6OCC(O)C(O)C6O)C(C)(C)C5CCC43C)C2C1,sweet,sweet
C=C1CC23CCC4C(C)(C(=O)OC5OC(CO)C(O)C(O)C5OC5OC(CO)C(O)C(O)C5O)CCCC4(C)C2CCC1(OC1OC(CO)C(O)C(OC2OC(CO)C(O)C(O)C2O)C1OC1OCC(O)C(O)C1O)C3,sweet,sweet
CCCC(=O)OCC(NC(=O)C(N)CC(=O)O)C(=O)OC,sweet,sweet
CC(C)(C)OCC1OC(n2cnc3c(N)ncnc32)C(O)C1OP(=O)(O)OC(C)(C)C,sweet,sweet
CC(O)C(O)COC1CC(O)C(O)C(C)O1,sweet,sweet
C=C1CC23CCC4C(C)(C(=O)OC5OC(CO)C(O)C(O)C5O)CCCC4(C)C2CCC1(OC1OC(CO)C(O)C(O)C1OC1OC(CO)C(OC2OC(CO)C(O)C(O)C2O)C(O)C1O)C3,sweet,sweet
CCCOP(=O)(OCC1OC(n2cnc3c(N)ncnc32)C(O)C1O)OP(=O)(O)OP(=O)(O)OC,sweet,sweet
OCC1OC(OCCOC2OC(CO)C(O)C(O)C2O)C(O)C(O)C1O,sweet,sweet
COc1ccc(-c2oc3cc(OC4OC(OC(=O)O)C(O)C(O)C4O)cc(O)c3c(=O)c2O)cc1OC,sweet,sweet
Nc1ncnc2c1ncn2C1OC2COP(O)OC2C1O,sweet,sweet
NCCC(=O)O,sweet,sour
COC(OC)C(O)C1OCC(O)C1OC1OC(CO)C(O)C(O)C1O,sweet,sweet
CC1=CC(=O)CC(C)(C)C1=O,sweet,undefined
COC1(C)OCC(C(O)C(O)C2COC(C)(OC)C(C)(OC)O2)OC1(C)OC,sweet,sweet
O=c1cc(-c2ccc(O)cc2)oc2cc(O)c(OC3OC(COC4OCC(O)C(O)C4O)C(O)C(O)C3O)c(O)c12,sweet,sweet
CCCCCCCNC(=O)C(N)CC(=O)O,sweet,sweet
Nc1ncnc2c1ncn2C1OC(COP(=O)(OCC2OCC(O)C2O)OP(=O)(O)O)C(O)C1OP(=O)(O)O,sweet,sweet
COC(=O)C1OC(OC2CCC3(C)C(CCC4(C)C3C(=O)C=C3C5CC(C)(C)CC(O)C5(C)CCC34C)C2(C)CO)C(OC2OC(CO)C(O)C(O)C2OC2OC(C)C(O)C(O)C2O)C(O)C1O,sweet,sweet
CCOC(=O)C1CCCCC1,undefined,sweet
O=C1c2ccc(O)cc2C(=O)c2ccc(O)cc21,sour,bitter
[NH3+]CC(=O)NCC(=O)NC(Cc1ccccc1)C(=O)[O-],sweet,sweet
CN(C)C(=S)NCC(=O)O,sour,sour
CC(NC(=O)C(CO)NC(=O)C(CC(=O)O)NC(=O)C(N)Cc1ccccc1)C(=O)O,sweet,sweet
CC(C)C(NC(=O)C(Cc1ccccc1)NC(=O)C(N)CC(N)=O)C(=O)NC(CC(N)=O)C(=O)O,sweet,sweet
OCC1OC(OC2C(O)OC(CO)C(O)C2O)C(O)C(O)C1O,sweet,sweet
CC(O)CCOC1OC(CO)C(O)C(O)C1O,sweet,sweet
CC(C)CC(NC(=O)C(Cc1ccccc1)NC(=O)C(CC(=O)O)NC(=O)C(N)C(C)C)C(=O)O,sweet,sweet
NCCCCC(NC(=O)C(Cc1ccccc1)NC(=O)C(CC(N)=O)NC(=O)C(N)CC(N)=O)C(=O)O,sweet,sweet
NC(=O)c1ccc(NC(=O)NC(CC(=O)O)c2cccc(O)c2)cc1,sweet,sweet
CCCCCCCCOC1OC(COC)C(O)C(O)C1O,sweet,sweet
CCc1cnc(C)c(CC)n1,undefined,undefined
Sc1cnccn1,sour,sour
CC(COC(=O)C1CC1C)NC(=O)C(N)CC(=O)O,sweet,sweet
CC1OC(OCC2OC(Oc3cc(O)c4c(=O)cc(-c5ccc(OC6OC(CO)C(O)C(O)C6O)c(O)c5)oc4c3)C(O)C(O)C2O)C(O)C(O)C1O,sweet,sweet
Nc1ccc(O)c(/C=C\C(=O)O)c1,sour,sour
CCC=CCC=CCC=CCCCCCCCC(=O)O,bitter,undefined
C=C1CC23CCC4C(C)(C(=O)OC5OC(CO)C(O)C(O)C5O)CCCC4(C)C2CC(OC2OC(CO)C(O)C(O)C2O)C1C3,sweet,sweet
CCOCCOCCOC1OC(CO)C(O)C(O)C1O,sweet,sweet
CCCCCCCC1CCC(=O)O1,undefined,sweet
OCC1CC(OC2OCC(O)C(O)C2O)C(O)C(O)O1,sweet,sweet
COCCOCCOCC1OC(OC)C(O)C(O)C1OC,sweet,sweet
COc1ccc(CCC(=O)O)cc1,sour,sour
O=C(O)c1cncc(C(=O)O)c1C(=O)O,sour,sour
NCCCCC(N)C(=O)NC(CC(=O)O)C(=O)NC(CC(=O)O)C(=O)NC(Cc1ccccc1)C(=O)O,sweet,sweet
COC(=O)C(Cc1ccccc1)NC(=O)C(CC(=O)O)NC(=O)C(C)NC(=O)OC(C)(C)C,sweet,sweet
COC(=O)C1=CCCN(C)C1,bitter,undefined
COC(=O)C1(C)CCC2(C(=O)O)CCC3(C)C(=CCC4C5(C)CCC(OC6OC(C(=O)O)C(O)C(O)C6O)C(C)(C)C5CCC43C)C2C1,sweet,sweet
COC1OC(C)C(OC2OC(C)C(O)C(OC3OC(C)C(O)C(O)C3O)C2O)C(O)C1O,sweet,sweet
COc1ccc2ccc(=O)oc2c1CC1OC1(C)C,bitter,bitter
CC(C)C(N)C(=O)NC(Cc1ccccc1)C(=O)NC(CC(=O)O)C(=O)NC(CC(N)=O)C(=O)O,sweet,sweet
CCCC(C)OC(=O)C(C)CCC,undefined,undefined
CC(C)c1ccc(CCC=O)cc1,undefined,undefined
CN(C)C(=N)N=C(N)N,bitter,bitter
Nc1ncnc2c1ncn2C1OC(COP(=O)(O)OP(=O)(O)OCC2OCC(F)C2O)C(O)C1O,sweet,sweet
CCC(SC)C(=O)OC,undefined,undefined
C=C1C(O)CC23CC1C(C)(C)C2CCC3C,sweet,undefined
CC12CCC3C(CCC4CC(O)CCC43C)C1CCC2=O,bitter,bitter
CCCCCCCCCCCCCCCCO,undefined,undefined
CC1=C(O)C(=O)CC(OC2CC(C)(C)CC3C4=CCC5C6(C)CCC(OC7OC(C(=O)O)C(O)C(O)C7OC7OC(CO)C(O)C(O)C7OC7OC(CO)C(O)C(O)C7O)C(C)(CO)C6CCC5(C)C4(C)CCC23C)C1,sweet,sweet
COc1cc(C2Oc3cc(OC4OC(CO)C(O)C(O)C4O)cc(O)c3C(=O)C2O)ccc1O,sweet,sweet
CC(C)(O)C=CC(=O)C(C)(O)C1C(O)CC2(C)C3CC=C4C(CC(OC5OC(CO)C(O)C(O)C5O)C(=O)C4(C)C)C3(C)C(=O)CC12C,bitter,bitter
OCC1OC(OC2(CO)OC(CCl)C(O)C2O)C(O)C(O)C1O,sweet,sweet
CC1OC(Oc2c(O)c(OC3OC(CO)C(O)C(O)C3O)c3oc(-c4ccc(O)cc4)cc(=O)c3c2O)C(O)C(O)C1O,sweet,sweet
CCCSSC,undefined,undefined
O=P(O)(O)OCC1OC(n2cnc3c(F)ncnc32)C(O)C1O,sweet,sweet
O=C(C(Cl)Cl)N(CCO)Cc1ccc(Cl)cc1Cl,bitter,bitter
[N-]=[N+]=NC1C(COP(=O)(O)OP(=O)(O)OP(=O)(O)O)OC(n2cnc3c(N)ncnc32)C1O,sweet,sweet
CCCCOC1(CO)OCC(O)C(O)C1O,sweet,sweet
C=C(C)C=CC(O)C(C)(O)C1C(O)CC2(C)C3CCc4c(cc(OC5OC(CO)C(O)C(O)C5O)c(O)c4C)C3(C)C(=O)CC12C,bitter,bitter
CC1=C2CCC(C)C2CC(C(C)(C)O)CC1,undefined,undefined
CC(NC(=O)C(N)C(C)O)C(=O)NC(CC(=O)O)C(=O)NC(Cc1ccccc1)C(=O)O,sweet,sweet
O=C(O)c1ccccc1NCCO,sour,sour
CC(C)(C)OC(=O)C(Cc1ccccc1)NC(=O)C(N)CC(N)=O,sweet,sweet
Cc1c(O)ncnc1O,sour,sour
OC1OC(C(F)F)C(O)C(O)C1O,sweet,sweet
C=C(C)C1CCC2(C(=O)OC3OC(COC4OC(CO)C(OC5OC(C)C(O)C(O)C5O)C(O)C4O)C(O)C(O)C3O)CCC3(C)C(CC(O)C4C(C)(CCC(=O)OC)C(C(=C)C)CCC43C)C12,sweet,sweet
O=[N+]([O-])CCc1ccccc1,undefined,bitter
Nc1ncnc2c1ncn2C1OC(COP(=O)(O)CCP(=O)(O)O)C(O)C1O,sweet,sweet
O=[N+]([O-])c1cccnc1S,sour,sour
CCCCC(O)COC1OC(CO)C(O)C(O)C1O,sweet,sweet
CCCCCCOCC(O)COC1OC(CO)C(O)C(O)C1O,sweet,sweet
COC(=O)C(CS(C)(C)C)NC(=O)C(N)CC(=O)O,sweet,sweet
CC(=O)c1ccc(CC(=O)O)s1,sour,sour
C=CCc1ccc2c(c1)OCO2,sweet,undefined
CCC(C)C(N)C(=O)NC(Cc1ccccc1)C(=O)NC(CC(=O)O)C(=O)NCC(=O)O,sweet,sweet
O=C(O)c1csccc1=O,sour,sour
COc1ccc(-c2coc3cc(OC4OC(CO)C(O)C(O)C4O)ccc3c2=O)cc1OC,sweet,sweet
COC1CCC(O)C(C2OC(C)(C)OC2CO)O1,sweet,sweet
CCCCC(C)CCC(=O)O,undefined,undefined
COc1cc(-c2cc(=O)c3c(O)c(C4OC(CO)C(O)C(O)C4OC4OCC(O)C(O)C4O)c(O)cc3o2)ccc1O,sweet,sweet
Nc1ncnc2c1ncn2C1OC(COP(O)(=S)OP(=O)(O)OP(=O)(O)O)CC1O,sweet,sweet
COC(=O)CC(NC(=O)CCCc1ccccc1)C(=O)O,sweet,sweet
COc1ccccc1OC,sweet,undefined
CCOP(=O)(O)P(=O)(O)OP(=O)(O)OCC1OC(n2cnc3c(N)ncnc32)C(O)C1O,sweet,sweet
COC1C(O)C(COP(=O)(O)OP(=O)(O)O)OC1n1cnc2c(N)ncnc21,sweet,sweet
CC1CCCCC1=O,undefined,undefined
CCCC(=O)OC(C)CCC,sweet,undefined
CC(=O)OCCC1CCCCC1,undefined,sweet
COC(C)C1CC=C(C)CC1,sweet,bitter
CC12CCC(C(=O)O)CC1C1=CC(=O)C3C4(C)CCC(OC5OC(C(=O)O)C(O)C(O)C5OC5OC(C(=O)O)C(O)C(O)C5O)C(C)(C)C4CCC3(C)C1(C)CC2,sweet,sweet
COc1cc2c(c3c1C(=O)CC(c1ccc(O)cc1)O3)CCC(C)(C)O2,bitter,bitter
C=Cc1cncc2c1CCOC2=O,bitter,bitter
NCCOCCOP(N)(=O)OCC1OC(n2cnc3c(N)ncnc32)C(O)C1O,sweet,sweet
COC1CC(OC)C(OC2CC(OC)C(OC3OC(C)C(O)C(OC)C3O)C(C)O2)C(C)O1,sweet,sweet
COc1ccc(OCc2ccccc2C(=O)O)cc1O,sweet,sweet
NC(CC(=O)O)C(=O)NC(Cc1ccccc1)C(=O)OC1CCCCC1,undefined,sweet
CCC(=O)OCC(NC(=O)C(N)CC(=O)O)C(C)C,sweet,sweet
CCC(C)C(N)C(=O)NC(Cc1ccccc1)C(=O)NCC(=O)NC(CC(N)=O)C(=O)O,sweet,sweet
O=Cc1ccccc1OC1OC(CO)C(O)C(O)C1O,bitter,bitter
NC(CC(=O)O)C(=O)NCCC(=O)OC1CCCC1,sweet,sweet
COC(=O)c1ccnc(C(=O)O)c1,sour,sour
O=Cc1cccc(Cl)c1O,sour,sour
CC1(CCC(=O)O)N=N1,sour,sour
COCCCOCCOc1ccc([N+](=O)[O-])cc1N,sweet,sweet
Cc1cccs1,undefined,undefined
CC1(C)OC2CC(=O)OCC23C1CC(=O)C1(C)C3CCC(C)(C(O)c2ccoc2)C12OC2(C)C(=O)O,undefined,bitter
Nc1ncnc2c1ncn2C1OC(CO)C(O)C1OP(=O)(OP(=O)(O)O)OP(=O)(O)O,sweet,sweet
COc1c(O)cc(-c2oc3cc(O)cc(O)c3c(=O)c2OC2OCC(O)C(O)C2O)cc1O,sweet,sweet
[O-][n+]1c(O)ccc2ccccc21,sour,sour
Nc1ncnc2c1ncn2C1CC(O)C(CO[P+](=O)[O-])O1,sweet,sweet
CCCCCCCC1CCCC(=O)O1,sweet,sweet
OCC1OC(OC2(CO)OC(CO)C(O)C2O[Si](O)(O)O)C(O)C(O)C1O,sweet,sweet
CCC(C)C(NC(=O)C(Cc1ccccc1)NC(=O)C(CC(N)=O)NC(=O)CN)C(=O)O,sweet,sweet
COc1ccc(-c2oc3cc(OC4OC(C)C(O)C(O)C4O)cc(O)c3c(=O)c2OC2OC(CO)C(O)C(O)C2O)cc1OC,sweet,sweet
CCOc1ccc(C(=O)O)c(O)c1,sour,sour
COC1CC(OC2C(C)OC(OC3CCC(O)OC3C)CC2OC)OC(C)C1O,sweet,sweet
COc1cc(O)c2c(=O)c(OC3OC(C)C(O)C(O)C3O)c(-c3cc(O)c(OC)c(O)c3)oc2c1,sweet,sweet
CC1OC(Oc2c(O)cc(O)c3c(=O)cc(-c4ccc(O)c(O)c4)oc23)C(O)C(O)C1O,sweet,sweet
OCOC1OC(CO)C(O)C(O)C1O,sweet,sweet
CCCCC(O)CC,bitter,undefined
OCC1OC2OC3C(CO)OC(OC1C(O)C2O)C(O)C3O,sweet,sweet
CCCCOCc1ccc(O)c(OC)c1,undefined,undefined
C=C1CC23CCC4C(C)(C(=O)OC5OC(CO)C(OC6OC(CO)C(O)C(O)C6O)C(O)C5OC5OC(CO)C(O)C(O)C5O)CCCC4(C)C2CCC1(OC1OC(COC2OC(COC4OC(CO)C(OC5OC(CO)C(O)C(O)C5O)C(O)C4OC4OC(CO)C(O)C(O)C4O)C(O)C(O)C2O)C(O)C(O)C1OC1OC(CO)C(O)C(O)C1O)C3,sweet,sweet
CCN(CC)CCOCCOC(=O)C(CC)(CC)c1ccccc1,bitter,bitter
OC1COC(OC2COC(OC3COC(O)C(O)C3O)C(O)C2O)C(O)C1O,sweet,sweet
Nc1nc(Cl)nc2c1ncn2C1OC(COP(=O)(O)O)CC1O,sweet,sweet
CCCCCC(C=O)=Cc1ccccc1,sweet,undefined
COC(=O)C(C)C1CC(O)C2C(C1)C(=O)OC1CCC(C)(C)C(CO)C12CO,undefined,bitter
C=C(C)C1CC=C(C)C(OC(C)=O)C1,sweet,undefined
CC1OCCC12SC1CCOC1(C)S2,undefined,undefined
COc1cc(OC2OC(COC3OCC(O)C(O)C3O)C(O)C(O)C2O)c2c(=O)cc(-c3ccc(O)c(O)c3)oc2c1,sweet,sweet
CC(C)CC(NC(=O)C(N)CC(N)=O)C(=O)NC(CC(=O)O)C(=O)NC(Cc1ccccc1)C(=O)O,sweet,sweet
COc1cc(-c2cc(=O)c3c(O)cc(O)cc3o2)cc(OC)c1OC1OC(CO)C(O)C(O)C1O,sweet,sweet
COc1ccc(-c2oc3cc(O)cc(O)c3c(=O)c2OC2OC(COC3OC(C)C(O)C(O)C3O)C(O)C(O)C2O)cc1OC,sweet,sweet
NC(=O)CCC(N)C(=O)NC(CC(N)=O)C(=O)NC(CC(=O)O)C(=O)NC(Cc1ccccc1)C(=O)O,sweet,sweet
COc1cc(OC2OC(CO)C(O)C(O)C2O)c2c(=O)c3c(OC)c(O)ccc3oc2c1O,sweet,sweet
CC1CC(OC2OC(CO)C(O)C(O)C2OC(=O)Cc2ccc(O)c(O)c2)CC(=O)O1,bitter,bitter
OCC1OC(OCCC(O)O)C(O)C(O)C1O,sweet,sweet
CC(CC(=O)CC(C)C1CC(O)C2(C)C3=C(C(=O)CC12C)C1(C)CCC(=O)C(C)(C)C1CC3O)C(=O)O,bitter,bitter
C=C1C2CC(O)C3C4(C)CCCC(C)(C(=O)OC5OC(CO)C(O)C(O)C5O)C4CCC3(C2)C1OC(C)=O,sweet,sweet
COc1cc(-c2coc3c(OC4OC(CO)C(O)C(O)C4O)c(O)cc(OC)c3c2=O)ccc1O,sweet,sweet
CC1(C)CCC2(C(=O)O)CCC3(C)C(=CCC4C5(C)CCC(OC6OC(C(=O)O)C(O)C(O)C6O)C(C)(COC6OC(CO)C(O)C(O)C6O)C5CCC43C)C2C1O,sweet,sweet
Nc1ncnc2c1ncn2C1OC(CO)C(O)C1O.O=P([O-])([O-])[O-].[Cr+3],sweet,sweet
CC(NC(=O)C(N)CC(N)=O)C(=O)NC(CC(N)=O)C(=O)NC(Cc1ccccc1)C(=O)O,sweet,sweet
CC12C=CCC1C1CCC3CC(O)CCC3(C)C1CC2,undefined,bitter
CC1OC(Oc2c(O)cc3oc(-c4ccc(O)c(O)c4)cc(=O)c3c2O)C(O)C(O)C1O,sweet,sweet
COC(=O)C1(C)CCC2(C)CCC3(C)C(=CC(=O)C4C5(C)CCC(OC6OC(C(=O)O)C(O)C(OC7OCC(O)C(O)C7O)C6OC6OC(CO)C(O)C(O)C6O)C(C)(C)C5CCC43C)C2C1,sweet,sweet
CCC(=O)C(=O)CC,undefined,sweet
C=C1C(O)C2(O)OCC34C(CC5C(C)=CC(OC6OC(CO)C(O)C(O)C6O)C(O)C5(C)C23)OC(=O)CC14,bitter,bitter
CCC(C)C(NC(=O)C(Cc1ccccc1)NC(=O)C(CCCCN)NC(=O)C(N)CC(=O)O)C(=O)O,sweet,sweet
CC1OC(n2cnc3c(N)ncnc32)C(O)(OP(=O)(O)O)C1O,sweet,sweet
COC(=O)C1OC(OC2CCC3(C)C(CCC4(C)C3CC=C3C5CC(C)(C)CC(=O)C5(C)CCC34C)C2(C)CO)C(OC2OC(CO)C(O)C(O)C2OC2OC(C)C(O)C(O)C2O)C(O)C1O,sweet,sweet
CC1OC(Oc2cc(O)c3c(=O)c(O)c(-c4ccc(OC5C(CO)OC(OC6C(C)OC(O)C(O)C6O)C(O)C5O)c(O)c4)oc3c2)C(O)C(O)C1O,sweet,sweet
O=C1CCCC(=O)C1,sour,sweet
CCC1C=CC(=O)O1,undefined,sweet
COc1ccc(-c2coc3cc(OC4OC(CO)C(O)C(O)C4O)cc(O)c3c2=O)cc1,bitter,sweet
NC(Cc1ccccc1)C(=O)NC(CC(=O)O)C(=O)NCC(=O)NC(Cc1ccccc1)C(=O)O,sweet,sweet
CCC(C)C(NC(=O)C(CC(N)=O)NC(=O)C(N)CC(N)=O)C(=O)NC(Cc1ccccc1)C(=O)O,sweet,sweet
C=C(C)C(CO)CC=C(C)C,undefined,undefined
COc1cc2c(=O)c(-c3ccc(O)cc3)coc2cc1OC1OC(C)C(O)C(O)C1O,sweet,sweet
Cc1ccccc1C,undefined,undefined
C=C1CC23CCC4C(C)(C(=O)O)CCCC4(C)C2CCC1(O)C3,sweet,bitter
NC(Cc1ccccc1)C(=O)NCC(=O)NC(CC(=O)O)C(=O)NC(CC(=O)O)C(=O)O,sweet,sweet
CC(NC(=O)C(CCC(N)=O)NC(=O)CN)C(=O)NC(Cc1ccccc1)C(=O)O,sweet,sweet
CCCCCCCCC=CCCCCCCCC(=O)OC(COC(=O)CCCCCCCCCCCCCCC)COP(=O)([O-])OCC[N+](C)(C)C,undefined,sweet
CCCCCCCCCCCCCCCCCC(=O)O,undefined,undefined
Nc1c(C(=O)O)ncn1C1CCCCC1,sour,sweet
COc1ccc(-c2cc(=O)c3c(O)cc(OC4OC(COC5OC(C)C(O)C(O)C5O)C(O)C(O)C4OC4OC(C)C(O)C(O)C4O)cc3o2)cc1O,sweet,sweet
CCCCCCCC(O)CC(=O)CCc1ccc(O)c(OC)c1,undefined,undefined
O=c1cc(-c2ccc(OC3OC(CO)C(O)C(O)C3O)c(OC3OC(CO)C(O)C(O)C3O)c2)oc2cc(O)cc(O)c12,sweet,sweet
COC(OC)C1OC(CO)C(O)C(O)C1O,sweet,sweet
CC1OC(ON)C(O)C(O)C1O,sweet,sweet
C1CCc2nnnn2CC1,bitter,bitter
COc1ccc(C2CC(=O)c3c(O)cc(OC4OC(C)C(O)C(O)C4OC4OC(C)C(O)C(O)C4O)cc3O2)cc1O,sweet,sweet
OCC1OC(OC2C(CO)OC(Br)C(O)C2O)C(O)C(O)C1O,sweet,sweet
COc1ccc2c(c1)OC1(O)COc3ccccc3C21,sweet,undefined
COC1CC(O)OC(CO)C1O,sweet,sweet
COC1OC(CO)C(O)C(OC2OC(CO)C(O)C(O)C2O)C1OC1OC(CO)C(O)C(O)C1O,sweet,sweet
COc1cc(CO)ccc1O,sweet,sweet
O=c1cc(-c2ccc(O)c(O)c2)oc2cc(OC3OC(CO)C(O)C(O)C3O)c(C3OCC(O)C(O)C3O)c(O)c12,sweet,sweet
C=C1C(=O)OC2C1CCC(=C)C1CC(O)C(=C)C12,bitter,bitter
O=C(O)CC(O)C(O)C(O)C(=O)O,sweet,sweet
CC(O)C1OC(O)C(O)C1OC1OC(CO)C(O)C(O)C1O,sweet,sweet
CC1OC(OC2C(C(=O)O)OC(OC3CCC4(C)C(CCC5(C)C4CC=C4C6CC(C)(C)C(O)CC6C(=O)CC45C)C3(C)C=O)C(OC3OC(CO)C(O)C(O)C3O)C2O)C(O)C(O)C1O,sweet,sweet
OCC1OC(OCC2OC(O)C(O)(O)C(O)C2O)C(O)C(O)C1O,sweet,sweet
CC1COC(C)(C)O1,undefined,sweet
CCOC1OC(CO)C(O)CC1OC1OC(CO)C(O)C(O)C1O,sweet,sweet
[N-]=[N+]=Nc1nc2c(N)ncnc2n1C1OC(COP(=O)(O)OP(=O)(O)OP(=O)(O)O)C(O)C1O,sweet,sweet
CCC(=O)NC(CC(=O)O)C(=O)NC(Cc1ccccc1)C(=O)OC,sweet,sweet
O=C(O)CSCC(=O)O,sour,sour
CC(C(=O)O)C1CCC(C23CCC(O)C(C)(C)C2C(=O)OC3)C(C(=O)O)C1,bitter,bitter
CC(=O)OCC(NC(=O)C(N)CC(=O)O)C(C)C,sweet,sweet
NCCOP(=O)(O)OP(=O)(O)OP(=O)(O)OCC1OC(n2cnc3c(N)ncnc32)C(O)C1O,sweet,sweet
CC(C)C(NC(=O)C(Cc1ccccc1)NC(=O)C(N)CC(N)=O)C(=O)NC(CCCCN)C(=O)O,sweet,sweet
CC(C)=CCC(=O)C1(O)C(O)=C(C(=O)C(C)C)C(=O)C1CC=C(C)C,bitter,bitter
C=C1C(=O)OC2CC(C)=CCCC3=CC(OC3=O)C12,undefined,bitter
CC(C)(C)C(C(=O)O)C(=O)O,sour,sour
Nc1ncnc2c1ncn2C1OC(CP(=O)(O)O)C(O)C1O,sweet,sweet
O=C1CC(c2ccc(O)c(OC3OC(CO)C(O)C(O)C3O)c2)Oc2cc(O)cc(O)c21,sweet,sweet
COc1ccc(S(=O)(=O)C2(C(=O)O)CCCC2)cc1,undefined,undefined
COc1ccc(-c2coc3cc(OC4OC(COC5OCC(O)(CO)C5O)C(O)C(O)C4O)cc(O)c3c2=O)cc1,bitter,sweet
C=C1C(=O)OC2C3C(COC(=O)C(=O)O)=CC(=O)C3=C(C)CC(O)C12,bitter,bitter
CC(C)=CCc1occc1C,undefined,undefined
NC(=O)CC(N)C(=O)NC(Cc1ccccc1)C(=O)NCC(=O)NC(CC(N)=O)C(=O)O,sweet,sweet
COc1c(O)cc(OC2OC(CO)C(O)C(O)C2O)c2c(=O)c3c(O)c(O)ccc3oc12,sweet,sweet
COC(=O)C(Cc1ccccc1)NC(=O)C(NC(=O)OC(C)(C)C)C(C)(C)O,sweet,sweet
COc1cc(OC2OC(CO)C(O)C(O)C2O)cc2oc3c(O)c(O)ccc3c(=O)c12,sweet,sweet
C=C1CC23CCC4C(C)(C(=O)OC5OC(CO)C(O)C(OC6OC(CO)C(O)C(O)C6O)C5OC(O)C(O)C(OC5OC(CO)C(O)C(O)C5O)C(O)C(C)I)CCCC4(C)C2CCC1(OC1OC(CO)C(O)C(OC2OC(CO)C(O)C(O)C2O)C1OC1OC(CO)C(O)C(O)C1O)C3,sweet,sweet
CCCCCC=CCCC(=O)OCC,undefined,undefined
O=C1CCC(C(=O)N2CCCC2C(=O)NC(CO)C(=O)O)N1,umami,bitter
O=C(O)CC(NCc1ccccc1)C(=O)O,sour,sour
CCOC(C)OC(C)=O,undefined,undefined
NNC(=O)c1cccc(Cl)c1,sour,sour
CCCCC(C)NC(=Nc1ccc(C#N)cc1)NCC(=O)O,sweet,sweet
CC1OC(O)C(O)C(O)C1OC1OC(CO)C(OC2OCC(O)C(O)C2O)C(O)C1O,sweet,sweet
CC1OC(O)C(OC2OCC(O)C(O)C2O)C(O)C1O,sweet,sweet
CCC(C)Oc1ccc([N+](=O)[O-])cc1[N+](=O)[O-],sweet,sweet
CSC(C)CC(=O)OCC(C)C,sweet,undefined
CC(=O)C1C(O)CC2C3CCC4CC(OC5OC(CO)C(OC6OC(CO)C(O)C(OC7OCC(O)C(O)C7O)C6OC6OC(CO)C(O)C(O)C6O)C(O)C5O)CCC4(C)C3CCC21C,sweet,sweet
CC1=CC(=O)C(C2(O)CCC=C(C)C2)CC1,sweet,undefined
CCCCC/C=C\CCCCCC/C=C/C=C/C(=O)NCC(C)C,undefined,undefined
OCC1OC(O)C(O)C(OC2OC(COC3(CO)OCC(O)C(O)C3O)C(O)C(O)C2O)C1O,sweet,sweet
COc1ccc(C(O)Oc2ccccc2)cc1O,sweet,sweet
COc1cc(-c2cc(=O)c3c(O)cc(OC4OC(CO)C(OC5OC(CO)C(O)C(O)C5O)C(O)C4O)cc3o2)cc(OC)c1O,sweet,sweet
COC(OC1C(O)CC(O)OC1CO)C(O)C(O)C(O)CCO,sweet,sweet
COC1(C(=O)O)OC2C(C(=O)O)OC(OC3CCC4(C)C(CCC5(C)C4CC=C4C6CC(C)(C)CCC6(C(=O)OC6OC(CO)C(O)C(O)C6O)CCC45C)C3(C)C)C(O)C2OC1OCC(=O)O,sweet,sweet
OCC1OC(OC2C3COC2C(O)CO3)C(O)C1O,sweet,sweet
NC(=O)CCC(NC(=O)C(CC(=O)O)NC(=O)C1CCCN1)C(=O)NC(Cc1ccccc1)C(=O)O,sweet,sweet
COC(=O)C(C)(CC(=O)O)c1ccc([N+](=O)[O-])cc1,sour,sour
COCCOC1OC(CO)C(OC2OC(CO)C(O)C(O)C2O)C(O)C1O,sweet,sweet
CC(C)c1ccc(O)c(=O)cc1,sour,bitter
CC1(C)CCC2(C(=O)O)CCC3(C)C(=CCC4C5(C)CCC(OC6OC(C(=O)O)C(O)C(OC7OC(CO)C(O)C(OC8OCC(O)C(O)C8O)C7O)C6O)C(C)(C)C5CCC43C)C2C1,sweet,sweet
O=S(=O)(NBr)c1ccccc1,sour,sweet
NCC(=O)NC(CC(N)=O)C(=O)NC(CC(=O)O)C(=O)NC(Cc1ccccc1)C(=O)O,sweet,sweet
COC(C)C1=CCC(C=NO)=CC1,sweet,bitter
CCC(C)C(=O)C1=C(O)C(O)(CC=C(C)C)C(O)(C(=O)CC=C(C)C)C1=O,bitter,bitter
CCC(C)COC(=O)C(C)CC,sweet,undefined
CCCCCCCCC=CC=O,sweet,undefined
CCNCC,undefined,undefined
O=[N+]([O-])c1cccc(O)c1[N+](=O)[O-],sour,sour
OCC(O)COC(CO)OCC1OC(OC2(CO)OC(CO)C(O)C2O)C(O)C(O)C1O,sweet,sweet
COc1ccc(-c2coc3cc(OC4OC(CO)C(O)C(O)C4O)c(OC)cc3c2=O)cc1O,sweet,sweet
NCCCCC(NC(=O)C(Cc1ccccc1)NC(=O)C(N)CC(=O)O)C(=O)NCC(=O)O,sweet,sweet
COc1ccc(C2CC(=O)c3c(O)cccc3O2)cc1O,sweet,sweet
NC(=O)CCC(N)C(=O)NC(CC(=O)O)C(=O)NCC(=O)NC(Cc1ccccc1)C(=O)O,sweet,sweet
CC(C)CC(NC(=O)C(Cc1ccccc1)NC(=O)C(N)CC(N)=O)C(=O)NC(CCCCN)C(=O)O,sweet,sweet
CC(C)CC(NC(=O)C(N)Cc1ccccc1)C(=O)NC(CC(N)=O)C(=O)O,sweet,sweet
CC1OC(Oc2cc(-c3cc(=O)c4c(O)cc(O)cc4o3)ccc2O)C(O)C(O)C1O,sweet,sweet
OCC1OC(CO)(OCC2(O)OCC(O)C(O)C2O)C(O)C1O,sweet,sweet
C=C(C)C1CCC(C)C(OC(C)=O)C1,sweet,undefined
CC12CCC(CC1)C(C)(C)O2,sweet,undefined
CC(C)CC(N)C(=O)NCC(=O)NC(CC(N)=O)C(=O)NC(Cc1ccccc1)C(=O)O,sweet,sweet
CCCCOC(=O)C1OC(OC2CCC3(C)C(CCC4(C)C3CC=C3C5CC(C)(C)CCC5(C(=O)O)CCC34C)C2(C)C)C(OC2OC(CO)C(O)C(O)C2O)C(OC2OC(CO)C(O)C(O)C2O)C1O,sweet,sweet
O=P(O)(O)Oc1cccc2cccnc12,sour,sour
N#Cc1ccc(NC(=O)N(CCC(=O)O)Cc2ccccc2)cc1,bitter,sweet
COc1ccc(-c2cc(=O)c3c(O)cc(OC4OC(CO)C(O)C(O)C4OC4OC(CO)C(O)C(O)C4O)c(O)c3o2)cc1O,sweet,sweet
COc1cc(C)nc(-n2nc(C)cc2OC)n1,bitter,sour
COc1ccc(-c2cc(=O)c3c(OC)cc(OC4OC(COC5OC(C)C(O)C(O)C5O)C(O)C(O)C4O)cc3o2)cc1OC,sweet,sweet
CC(CNC(=O)C(N)CC(=O)O)C(=O)OC(C)(C)C,sweet,sweet
CCCS,sweet,undefined
NCCCOCCOCCOCCCNP(=O)(O)OCC1OC(n2cnc3c(N)ncnc32)C(O)C1O,sweet,sweet
CC(NC(=O)C(N)Cc1ccccc1)C(=O)NC(CC(=O)O)C(=O)NC(CC(=O)O)C(=O)O,sweet,sweet
COc1cc(-c2cc(=O)c3c(O)c(OC4OC(CO)C(O)C(O)C4O)c(O)c(OC4OC(CO)C(O)C(O)C4O)c3o2)cc(OC)c1O,sweet,sweet
Nc1ncnc2c1ncn2C1OC(C(O)CO)C(OCP(=O)(O)O)C1O,sweet,sweet
OCC(O)C1OC(OC(CO)C2OC(O)C(O)C2O)C(O)C1O,sweet,sweet
O=C(O)c1ccc2nccnc2c1,sour,sour
COc1ccc(-c2cc(=O)c3c(O)cc(OC4OC(COC5OC(C)C(O)C(O)C5O)C(OC5OC(CO)C(O)C(O)C5O)C(O)C4O)cc3o2)cc1O,sweet,sweet
CC1=C2C(=O)C=C(CO)C2C2OC(=O)C(C)C2C(OC(=O)Cc2ccc(O)cc2)C1,bitter,bitter
CCC(C)COC(=O)C=C(C)C,undefined,sweet
OCC(O)C(O)C(O)C(CO)OF,sweet,sweet
COc1ccc(CCC(=O)c2c(O)cc(OC3OC(COC4OC(CO)C(OC5OC(CO)C(OC6OC(CO)C(O)C(O)C6O)C(O)C5O)C(O)C4O)C(O)C(O)C3OC3OC(C)C(O)C(O)C3O)cc2O)cc1O,sweet,sweet
CCC1CN2CCc3cc(OC)c(OC)cc3C2CC1CC1NCCc2cc(OC)c(OC)cc21,bitter,bitter
COc1ccc(-c2cc(=O)c3c(O)c(I)c(OC4OC(COC5OC(C)C(O)C(O)C5O)C(O)C(O)C4O)cc3o2)cc1O,sweet,sweet
CC(NC(=Nc1cnc2cn[nH]c2c1)NCC(=O)O)c1ccccc1,sweet,sour
NCC(=O)NCC(=O)NC(CC(N)=O)C(=O)NC(Cc1ccccc1)C(=O)O,sweet,sweet
NCCCCCNc1ncnc2c1ncn2C1OC2COP(=O)(O)OC2C1O,sweet,sweet
COc1cc(O)c(C(=O)c2ccc(O)c(OC)c2)c(OC2OC(CO)C(O)C(O)C2O)c1,sweet,sweet
COc1cc(-c2cc(=O)c3c(O)c(C4OC(CO)C(O)C(O)C4O)c(O)cc3o2)ccc1OC1OC(CO)C(O)C(O)C1O,sweet,sweet
CC(O)COC1OC(CO)C(O)C(O)C1O,sweet,sweet
O=[N+]([O-])c1ccc(F)cc1O,sour,sour
O=C1c2cccc(O)c2C(=O)c2c(O)cc(CO)cc21,bitter,bitter
CC(O)C(O)C(O)C(O)C(O)C=O,sweet,sweet
CCOC(=O)C(N)CC(=O)NC(Cc1ccccc1)C(=O)OCC,sweet,sweet
COCC(=O)NN,sour,sour
NCCCCC(NC(=O)C(Cc1ccccc1)NC(=O)C(CCCCN)NC(=O)C(N)CC(N)=O)C(=O)O,sweet,sweet
CC1(n2cnc3c(N)ncnc32)OC(COP(=O)(O)O)C(O)C1O,sweet,sweet
OCC(O)COC1OC(CO)C(O)C(O)C1OC1OC(CO)C(O)C(O)C1O,sweet,sweet
CC(NC(=O)C(N)CC(=O)O)C(=O)NC(Cc1ccccc1)C(=O)NC(Cc1ccccc1)C(=O)O,sweet,sweet
OCC(O)COC1OC(CO)C(OC2OC(CO)C(O)C2O)C(O)C1O,sweet,sweet
OCC1OC(CO)(OC2OC(CO)C(Cl)C(O)C2O)C(O)C1O,sweet,sweet
CC1(C)CCC2(C(=O)OC3OC(CO)C(O)C(O)C3O)CCC3(C)C(=CCC4C5(C)CCC(OC6OC(C(=O)O)C(OC7OC(CO)C(O)C(O)C7O)C(O)C6O)C(C)(C)C5CCC43C)C2C1,sweet,sweet
CCC(C)C(NC(=O)C(CC(=O)O)NC(=O)C(NC(=O)C(N)Cc1ccccc1)C(C)C)C(=O)O,sweet,sweet
COc1ccc(C2OCc3ccccc3S2)cc1OC(=O)Nc1ccc([N+](=O)[O-])cc1,sweet,sweet
C=C(CC1OC2(O)C(C3CCC4C5(C)CCC(OC6OC(CO)C(O)C(O)C6O)C(C)(C)C5CCC4(C)C3(C)C2O)C1(C)O)C(C)C,bitter,bitter
NCCCCC(NC(=O)C(N)CC(N)=O)C(=O)NC(CC(=O)O)C(=O)NC(Cc1ccccc1)C(=O)O,sweet,sweet
OCC(O)C(O)C(O)CO,sweet,sweet
CC1(C(=O)O)CCC2(C)CCC3(C)C(=CC(=O)C4C5(C)CCC(OC6OC(C(=O)O)C(O)C(O)C6O)C(C)(C)C5CCC43C)C2C1,sweet,sweet
Nc1ncc([N+](=O)[O-])s1,bitter,bitter
O=S(=O)(O)OCC1OC(OC2C(CO)OC(O)C(O)C2O)C(O)C(O)C1O,sweet,sweet
CC(C)C(N)C(=O)NC(CCCCN)C(=O)NC(CC(=O)O)C(=O)NC(Cc1ccccc1)C(=O)O,sweet,sweet
CSC(=S)N(C)CC(=O)O,sour,sour
COc1cc2c(cc1OC)C(=O)Cc1ccc3c(c1CN(C)CC2)OCO3,bitter,bitter
C=CC(O)CCCCCC,undefined,undefined
O=CCC(O)C(O)C(O)C=O,sweet,sweet
NC(=O)CCC(NC(=O)C(N)CC(=O)O)C(=O)NC(Cc1ccccc1)C(=O)NCC(=O)O,sweet,sweet
CNc1ncnc2c1ncn2C1OC(COP(=O)(O)O)C(N)C1O,sweet,sweet
COc1c2ccoc2c(OC)c2oc(=O)ccc12,bitter,bitter
CNP1(=O)OCC2OC(n3cnc4c(N)ncnc43)C(O)C2O1,sweet,sweet
C=C(C)CC(C)=O,undefined,undefined
CCCOC1OC(CO)C(O)C(OC2OC(CO)C(O)C(O)C2O)C1O,sweet,sweet
O=c1cc(-c2ccc(OC3OC(CO)C(O)C(O)C3O)cc2)oc2cc(O)c(OC3OCC(O)C(O)C3O)c(O)c12,sweet,sweet
NCCCCC(NC(=O)C(CC(=O)O)NC(=O)C(CCCCN)NC(=O)C(N)Cc1ccccc1)C(=O)O,sweet,sweet
O=C(O)CNC(=Nc1cc(Cl)cc(Cl)c1)Nc1cccc2ccccc12,sweet,sweet
CC(C)C(C#N)C(=O)O,sour,sour
COC(=O)C(Cc1ccccc1)NC(=O)C(CC(=O)O)NCCC(C)(C)C,sweet,sweet
COC(=O)C1OC(OC2CCC3(C)C4CC=C5C6CC(C)(C)CCC6(C(=O)OC6OC(CO)C(O)C(O)C6O)CCC5(C)C4CCC3C2(C)C)C(O)C(O)C1O,sweet,sweet
CC(=O)C1=CCCCN1,undefined,undefined
CC1OC(CO)(OC2OC(CO)C(O)C(O)C2O)C(O)C1O,sweet,sweet
NCCCCC(N)C(=O)NC(CC(=O)O)C(=O)NC(Cc1ccccc1)C(=O)NC(Cc1ccccc1)C(=O)O,sweet,sweet
CC(O)C(NC(=O)C(CC(N)=O)NC(=O)C(N)CC(=O)O)C(=O)NC(Cc1ccccc1)C(=O)O,sweet,sweet
OCC1OC(OC2C(CO)OC(O)C(O)C2O)C(O)CC1O,sweet,sweet
CCC(C)c1nccs1,undefined,undefined
COC1C(O)C(O)OC(CO)C1O,sweet,sweet
COc1c(OC)c(O)c2c(=O)cc(-c3c(O)cccc3OC3OC(CO)C(O)C(O)C3O)oc2c1OC,sweet,sweet
Cc1ccccc1NC(=Nc1ccc(C#N)cc1)NCC(=O)O,sweet,sweet
CCOC(=O)CC(NC(=O)C(N)Cc1ccccc1)C(=O)OCC,sweet,sweet
C=C1CC23CCC4C(C)(C(=O)OC5OC(CO)C(O)C(OC6OC(CO)C(O)C(O)C6O)C5O)CCCC4(C)C2CCC1(OC1OC(CO)C(O)C(O)C1OC1OC(CO)C(O)C(O)C1O)C3,sweet,sweet
CC(NC(=O)C(N)CCC(N)=O)C(=O)NC(C)C(=O)NC(Cc1ccccc1)C(=O)O,sweet,sweet
COc1cc(-c2oc3cc(O)ccc3c(=O)c2O)ccc1OC1OC(CO)C(O)C(O)C1O,sweet,sweet
CC(CCO)CCCC(C)(C)O,undefined,undefined
CC1=C(O)C(=O)CC(OC2CC(C)(C)CC3C4=CCC5C6(C)CCC(OC7OC(C(=O)O)C(O)C(O)C7OC7OC(C(=O)O)C(O)C(O)C7OC7OC(C)C(O)C(O)C7O)C(C)(CO)C6CCC5(C)C4(C)CCC23C)O1,sweet,sweet
CC(=O)OCC1OC(OC2(CO)OC(CCl)C(O)C2O)C(O)C(O)C1O,sweet,sweet
C=CC1C(OC2OC(CO)C(O)C(O)C2O)OC=C2C(=O)NCCC21,bitter,bitter
CNc1nc(N)nc2c1ncn2C1OC(COP(=O)(OC)OP(=O)(O)OP(=O)(O)O)C(O)C1O,sweet,sweet
CCC1(c2ccccc2)C(=O)NC(=O)NC1=O,bitter,bitter
CC(C)Oc1ccc([N+](=O)[O-])cc1N,sweet,sweet
CCCNC(=O)Nc1ccc([N+](=O)[O-])cc1,undefined,sweet
CC(C)CC(NC(=O)C(CC(C)C)NC(=O)C(NC(=O)C(C)NC(=O)C(N)CC(=O)O)C(C)C)C(=O)NC(C(=O)NC(Cc1ccccc1)C(=O)NC(C)C(=O)NC(CC(N)=O)C(=O)NC(CCCCN)C(=O)O)C(C)C,sweet,sweet
COC(=O)C(Cc1ccccc1)NC(=O)CCC(=O)O,sweet,sweet
OCC1OC(O)C(O)C(O)C1OS,sweet,sweet
CCC/C=C\C(=O)O,sour,sour
CC(C)(C)OC(=O)NC(CC(=O)O)C(=O)NC(CO)Cc1ccccc1,sweet,sweet
O=c1cc(-c2ccc(O)c(O)c2)oc2cc(OC3OC(CO)C(OC4OC(CO)C(O)C(O)C4O)C(O)C3O)cc(O)c12,sweet,sweet
O=C(O)c1ccc([N+](=O)[O-])[nH]1,sour,sour
COC1=C(C2C(=O)C=C(C)C(=O)C2O)C(=O)C=C(C)C1=O,sour,sour
COC1C(O)OC(CO)C(O)C1OC1OC(C)C(O)CC1O,sweet,sweet
NOCC1OC(n2cnc3c(N)ncnc32)C(O)C1O,sweet,sweet
CC(O)C(O)C(O)C(O)CO,sweet,sweet
COc1cc(O)cc2oc(-c3ccc(O)c(O)c3)c(OC3OC(C)C(O)C(O)C3O)c(=O)c12,sweet,sweet
O=P(O)(O)OP(=O)(O)OP(=O)(O)OCC1OC(n2cnc3c(NO)ncnc32)C(O)C1O,sweet,sweet
CC(C)OC(=O)C(Cc1ccccc1)NC(=O)C(N)CC(=O)O,sweet,sweet
COc1ccc2c(c1)C(=O)NS2(=O)=O,bitter,sweet
CC(NC(=O)C(NC(=O)C(N)Cc1ccccc1)C(C)C)C(=O)NC(CC(N)=O)C(=O)O,sweet,sweet
CC1OCC(O)C(C(O)C(O)CO)O1,sweet,sweet
COC1OC(CO)C(OC2OC(CF)C(O)C(O)C2O)C(O)C1O,sweet,sweet
C=C1CC23CCC4C(C)(C(=O)OC5OC(CO)C(O)C(O)C5O)CCCC4(C)C2CCC1(OC1OC(CO)C(O)C(O)C1OC1OC(COC(C)=O)C(O)C(O)C1O)C3,sweet,sweet
CCC=CC=CC(C)=O,undefined,undefined
COc1cc2c3cc1Oc1cc(ccc1O)CC1c4c(cc(OC)c(O)c4Oc4ccc(cc4)CC3N(C)CC2)CCN1C,bitter,bitter
CC1OC(Oc2c(O)c(O)cc3oc(-c4cc(O)c(O)c(O)c4)cc(=O)c23)C(O)C(O)C1O,sweet,sweet
Nc1nc(N)c2ncn(C3CC(O)C(COP(=O)(O)O)O3)c2n1,sweet,sweet
COc1ccc(-c2coc3cc(O)cc(O)c3c2=O)cc1OC1OC(CO)C(O)C(O)C1O,sweet,sweet
CC(O)C(N)C(=O)NC(CO)C(=O)NC(CC(=O)O)C(=O)NC(Cc1ccccc1)C(=O)O,sweet,sweet
CC1(C)CCC2(C)CCC3(C)C(=CCC4C5(C)CCC(OC6OC(C(=O)O)C(O)C(OC7OCC(O)C(O)C7O)C6OC6OC(CO)C(O)C(O)C6O)C(C)(C)C5CCC43C)C2C1,sweet,sweet
N#CCCCCC([N+](=O)[O-])[N+](=O)[O-],sour,sour
Nc1ncnc2c1ncn2C1OC(COOP(=O)(O)O)C(O)C1O,sweet,sweet
COCCOC1C(O)C(COP(=O)(O)O)OC1n1cnc2c(N)ncnc21,sweet,sweet
C=C(C)C1CC23C(=O)C(C(=O)CC(C)C)=C(O)C(CC=C(C)C)(CC2C1(C)C)C3=O,bitter,bitter
C=CCOC(=O)C=CC=CC,undefined,undefined
CCCCCCCC(=O)OCCc1ccccc1,sweet,undefined
O.O=S(=O)([O-])NC1CCCCC1.O=S(=O)([O-])NC1CCCCC1.[Ca+2],sweet,sweet
CCCCCCCCCCCC=CC=O,undefined,undefined
CC(=O)OC(C)C(C)=O,sweet,sweet
CC(O)CCO,bitter,sweet
OCC1OC(OC2(CBr)OC(CBr)C(O)C2O)C(O)C(O)C1O,sweet,sweet
CC(C)=CCCC(C)CCOC(=O)CC(C)C,undefined,sweet
Nc1ncnc2c1ncn2C1CC(O)C(COP(=O)(O)OP(=O)(O)OP(O)(O)=S)O1,sweet,sweet
CC(C)C1(C2CC(C3C(=O)CC4C5=CCC6CC(OC7OC(CO)C(O)C(O)C7O)CCC6(C)C5=CCC43C)C(=O)O2)OC1C,bitter,bitter
CC(=O)CC(C)(C)S,undefined,undefined
CN1C(=O)CN=C(c2ccccc2)c2cc(Cl)ccc21,bitter,bitter
[O-][n+]1ccccc1S,sour,sour
COc1ccc(-c2coc3c(OC4OCC(O)C(O)C4O)c(O)ccc3c2=O)cc1,sweet,sweet
NCCCCCOP(=O)(O)OCC1OC(n2cnc3c(N)ncnc32)C(O)C1O,sweet,sweet
CCC(O)CO,sweet,sweet
CC1(S)CCC2CC1C2(C)C,undefined,undefined
Nc1ncnc2c1ncn2C1OC(COSP(=O)(O)O)C(O)C1O,sweet,sweet
CC(NC(=Nc1ccc2ccccc2n1)NCC(=O)O)c1ccccc1,sweet,sweet
COP(=O)(O)P(=O)(O)OP(=O)(O)OCC1OC(n2cnc3c(N)ncnc32)C(O)C1O,sweet,sweet
C=C(C)C(O)Cc1c(O)cc(OC)c(C(=O)C=Cc2ccc(O)cc2)c1O,bitter,bitter
OC1COC(O)(CF)C(O)C1O,sweet,sweet
C=C1CC23CCC4C(C)(C(=O)OCC(=O)O)CCCC4(C)C2CCC1(OC1OC(CO)C(O)C(O)C1OC1OC(CO)C(O)C(O)C1O)C3,sweet,sweet
CCCCCCNC(=O)C(Cc1ccccc1)NC(=O)C1NC1C(=O)O,sweet,sweet
CC(O)CC1OC(O)C(O)C(O)C1O,sweet,sweet
CC1(C)OCC2OC(O)C(O)C(O)C2O1,sweet,sweet
CCCCCCCCOC1OC(CO)C2OC12,sweet,sweet
CC(NC(=O)C(CC(=O)O)NC(=O)C(Cc1ccccc1)NC(=O)C(N)CC(=O)O)C(=O)O,sweet,sweet
CCOC(=O)c1ccc(O)c(O)c1,bitter,bitter
CCC(C)C(NC(=O)C(Cc1ccccc1)NC(=O)C(N)CC(N)=O)C(=O)NC(CCCCN)C(=O)O,sweet,sweet
CC(=O)CCS,undefined,undefined
O=CC(O)C(O)C(O)C(O)CCO,sweet,sweet
COc1nc(N)nc2c1nc(C(=O)O)c(=O)n2C,sour,sour
C=CC1C(OC2OC(CO)C(O)C(O)C2O)OC=C2C(=O)OC(OC(=O)C(C)CCCC(C)=CCO)CC21,bitter,bitter
COc1cc(C2CC(=O)c3c(O)cc(O)cc3O2)ccc1O,bitter,sweet
COc1ccc(CNCC(C)C)cc1O,undefined,undefined
CCCCCC=CCC=CCCCCCCCC(=O)OCC,bitter,undefined
CCC(C)C(NC(=O)C(Cc1ccccc1)NC(=O)C(CC(=O)O)NC(C)=O)C(=O)NCC(=O)O,sweet,sweet
CCC(C)C(NC(=O)C(Cc1ccccc1)NC(=O)C(CC(=O)O)NC(=O)CNC(=O)C(CC(C)C)NC(=O)CNC(=O)C(CC(C)C)NC(=O)C(N)CCCCN)C(=O)O,sweet,sweet
COc1ccc(CCc2ccc3c(c2)OCO3)cc1O,sweet,undefined
O=C1Nc2nn[nH]c2C(NO)N1,sour,sour
CC(C)CC(NC(=O)C(N)CC(N)=O)C(=O)NC(C(=O)NC(Cc1ccccc1)C(=O)O)C(C)C,sweet,sweet
CC(C)CC(NC(=O)C(CC(N)=O)NC(=O)CNC(=O)C(N)Cc1ccccc1)C(=O)O,sweet,sweet
CC(=O)CC(=O)OCC(C)C,sweet,sweet
CCCCCC=CCCCCCCCC(=O)CC(O)COC(C)=O,bitter,bitter
COc1cc2oc(-c3ccc(O)c(O)c3)cc(=O)c2c(OC2OC(CO)C(O)C(O)C2O)c1OC,sweet,sweet
CC(=O)CC(=O)NC(CC(=O)O)C(=O)NC(Cc1ccccc1)C(=O)O,sweet,sweet
CC(C)CC([NH3+])C(=O)NCC(=O)NC(Cc1ccccc1)C(=O)[O-],sweet,sweet
COC(=O)C(Cc1ccccc1)N(C(=O)C(CC(=O)O)NC(C)(C)C)C1CCCC1,sweet,sweet
COc1ccc(-c2oc3c(CC=C(C)C)c(OC)cc(O)c3c(=O)c2OC2OC(C)C(OC3OC(C)C(O)C(O)C3O)C(O)C2O)cc1O,sweet,sweet
CC(O)C(O)C(O)C(O)C1OC(Oc2cc(OC3OC(CO)C(O)C(O)C3O)c3c(=O)cc(-c4ccc(O)c(O)c4)oc3c2)C(O)C(O)C1O,sweet,sweet
COC(=O)C(CC(C)C)NC(=O)C(Cc1ccccc1)NC(=O)C(C)(C)N,sweet,sweet
C=C1CC23CCC4C(C)(C(=O)OC5OC(CO)C(O)C(CC6OC(CO)C(O)C(O)C6O)C5OC5OC(CO)C(O)C(O)C5O)CCCC4(C)C2CCC1(OC1OC(CO)C(O)C(OC2OC(CO)C(O)C(O)C2O)C1OC1OC(CO)C(O)C(O)C1O)C3,sweet,sweet
CC1OC(OCC2OC(OC3OC(CO)C(O)C(O)C3O)C(O)C(O)C2O)C(O)C(O)C1O,sweet,sweet
C=C(C)C1CCC(C)C(=O)C1,undefined,undefined
OCC(O)C(O)C(O)C(O)C1OCCO1,sweet,sweet
CCOc1ccc(NC(=O)NC(C)(C)C)cc1,sweet,sweet
CCCCCCC(=O)OCCCC,undefined,undefined
NCCCCC(N)C(=O)NC(Cc1ccccc1)C(=O)NC(CCCCN)C(=O)NC(CC(N)=O)C(=O)O,sweet,sweet
CC(O)OCC1OC(OC2(CO)OC(CO)C(O)C2O)C(O)C(O)C1O,sweet,sweet
CC(=O)OC1CC2(C)OC23CC=C(C)C3C2OC(=O)C(C)C12,bitter,bitter
CC(=O)OCC=C(C)C,sweet,sweet
CCCCCCCC(O)CC,undefined,undefined
CC1=CCC(C(C)C2CCC3(C)C4CCC5C(C)(C(=O)O)C(OC6OC(C(=O)O)C(O)C(O)C6OC6OC(CO)C(O)C(O)C6O)CCC56CC46CCC23C)OC1=O,sweet,sweet
CC(=O)c1ccccc1N,sweet,sweet
CCCCCCC(C)OC1OC(CO)C(O)C(O)C1O,sweet,sweet
CC1OC(CO)C(OC2OC(CO)C(O)C(O)C2O)C(O)C1O,sweet,sweet
CC(C)CC(NC(=O)C(C)N)C(=O)NC(CC(=O)O)C(=O)NC(Cc1ccccc1)C(=O)O,sweet,sweet
COC(=O)C1OC(OC2CCC3(C)C(CCC4(C)C3CC=C3C5CC(C)(C)CCC5(C(=O)OC5OCC(O)C(O)C5OC5OC(C)C(O)C(O)C5O)CCC34C)C2(C)C)C(O)C(O)C1O,sweet,sweet
CNc1ncnc2c1ncn2C1CC(OP(=O)(O)O)C(CO)O1,sweet,sweet
COC(=O)C(Cc1ccccc1)NC(=O)C(CC(=O)O)NC(=O)O,sweet,sweet
CCCOC1(CO)OC(CO)C(OC2OC(CO)C(O)C(O)C2O)C1O,sweet,sweet
COP1(=O)OC(C)C2OC(n3cnc4c(N)ncnc43)C(O)C2O1,sweet,sweet
COC(=O)CCC(=O)OC,sweet,undefined
CC(C)(C)OC(=O)NC(CC(=O)OC1CCCCC1)C(=O)NC(Cc1ccccc1)C(=O)O,sweet,sweet
C=CCSSC,undefined,undefined
O=c1cc(-c2ccc(O)cc2)oc2c(OC3OCC(O)C(O)C3O)c(O)cc(O)c12,sweet,sweet
COc1cc(O)c2c(=O)c3c(O)c(OC4OCC(O)C(O)C4OC4OC(C)C(O)C(O)C4O)ccc3oc2c1,sweet,sweet
NCCCCC(NC(=O)C(CC(=O)O)NC(=O)C(CC(=O)O)NC(=O)C(N)Cc1ccccc1)C(=O)O,sweet,sweet
COc1cc(OC2OC(COC3OC(C)C(O)C(O)C3O)C(O)C(O)C2O)c2c(=O)cc(-c3ccc(OC)c(OC)c3)oc2c1,sweet,sweet
COc1ccccc1OC(C)=O,sweet,sweet
CC=Cc1cc(OC)c(OC)c(OC)c1,undefined,undefined
COc1cc(OC2OC(CO)C(O)C(O)C2O)c2c(=O)cc(-c3ccc(O)c(O)c3)oc2c1,sweet,sweet
CCC(C)C(NC(=O)C(NC(=O)C(N)Cc1ccccc1)C(C)C)C(=O)NC(CC(=O)O)C(=O)NC(CC(=O)O)C(=O)NC(CCCCN)C(=O)O,sweet,sweet
CCC(CC)C(CC)(C(=O)O)C(=O)O,sour,sour
COC(=O)C(Cc1ccccc1)N(Cc1ccccc1)C(=O)C(CC(=O)O)NC=O,sweet,sweet
CNC(=O)C(Cc1ccccc1)NC(=O)C(N)CC(=O)O,sweet,sweet
O=C(OC1Cc2c(O)cc(O)cc2OC1C1CCC(=O)c2c(O)c(O)cc(C3Oc4cc(O)cc(O)c4CC3O)c2C1)c1cc(O)c(O)c(O)c1,bitter,bitter
CCCCCC1OCC2OC(O)C(O)C(O)C2O1,sweet,sweet
OCC1OC(OC2C(O)C(CO)OC2(O)O)C(O)C(O)C1O,sweet,sweet
CC(C)=CCCC(C)CCOC=O,undefined,undefined
COC1OC(CO)C(OC2OC(CO)C(O)C(O)C2O)CC1O,sweet,sweet
C=CCC1(C(C)(C)CC)C(=O)NC(=O)NC1=O,bitter,bitter
O=C1c2c([N+](=O)[O-])cc([N+](=O)[O-])c(O)c2C(=O)c2c(O)c([N+](=O)[O-])cc([N+](=O)[O-])c21,bitter,bitter
CCCc1ccccc1O,undefined,undefined
COC(=O)C1OC(OC2C(O)COC(OC3CCC4(C)C(CCC5(C)C4CC=C4C6CC(C)(C(=O)OC)CCC6(C(=O)OC6OC(CO)C(O)C(O)C6O)CCC45C)C3(C)C)C2O)C(O)C(O)C1O,sweet,sweet
CCOC(=O)C(NC(=O)C(N)CC(=O)O)C(C)O,sweet,sweet
CC1CCC(C(C)C2CCC3C4=CC(=O)C5CC(OC6OC(CO)C(O)C(O)C6OC6OC(C)C(O)C(O)C6O)CCC5(C)C4CCC32C)OC1OC1OC(C)C(O)C(O)C1O,sweet,sweet
COC(=O)C(Cc1ccccc1)NC(=O)C(Cc1ccccc1)NC(C)=O,sweet,sweet
CC=CC=CCO,sweet,undefined
CC(=O)OCC12C(CCC(C)(C)C1C=O)OC(=O)C13CC(CC(OC(C)=O)C12)C(C)C3=O,undefined,undefined
COC1C(O)OC(C)C(O)C1OC,sweet,sweet
Cc1nc(S)nc2c1nc(S)n2C,sour,sour
CCC(C)C(NC(=O)C(CC(=O)O)NC(=O)C(NC(=O)C(N)Cc1ccccc1)C(C)CC)C(=O)O,sweet,sweet
CC1CCC(C(C)(C)S)C(=O)C1,undefined,undefined
O=C(O)c1cccc(Cl)c1,sour,sour
COc1ccc(C2CC(=O)c3c(OC(C)=O)cc(OC4OC(COC5OC(C)C(O)C(O)C5O)C(O)C(O)C4O)cc3O2)cc1O,sweet,sweet
CC(=O)OC1C(CO)OC(OC2C(CO)OC(O)C(O)C2O)C(O)C1O,sweet,sweet
OCC1OC(O)C(O)C2OC12,sweet,sweet
CC(C)CC(N)C(=O)NC(CC(=O)O)C(=O)NC(CC(N)=O)C(=O)NC(Cc1ccccc1)C(=O)O,sweet,sweet
COC(=O)CNC(=O)C(C)NC(=O)Cc1ccccc1,sweet,sweet
CCCCOCC(O)COC1C(O)OC(CO)C(O)C1O,sweet,sweet
CC(=O)SC1=C(C)OCC1,undefined,undefined
c1cn[nH]c1,bitter,bitter
CC(O)CC(C)OC1OC(COC2OCC(O)C(O)C2O)C(O)C(O)C1O,sweet,sweet
COc1cc(-c2coc3cc(OC4OC(CO)C(O)C(O)C4O)cc(OC)c3c2=O)ccc1O,sweet,sweet
NC(N)=O,bitter,sweet
Oc1cc(S)ncn1,sour,sour
CC(NC(=Nc1ccc2c(c1)OCO2)NCC(=O)O)c1ccccc1,sweet,sweet
CCCCP(O)(=S)CCCC,sour,sour
COc1cc(-c2cc(=O)c3c(O)c(OC)c(OC)cc3o2)ccc1OC1OC(CO)C(O)C(O)C1O,sweet,sweet
OCC(O)C(O)C(OC1OC(CO)C(O)C(O)C1O)C(O)COC1OCC(O)C(O)C1O,sweet,sweet
O=P(O)(O)CN(CP(=O)(O)O)CP(=O)(O)O,sour,sour
CC(C)=CCC12CC3C(CC(C(C)C)C3(C)C)(C(=O)C(C(=O)CC(C)C)=C1O)C2=O,bitter,bitter
CC(C)C(N)C(=O)NC(CC(=O)O)C(=O)NC(CCC(N)=O)C(=O)NC(Cc1ccccc1)C(=O)O,sweet,sweet
CCCCCCCCCCCCOCC1(OC2OC(CO)C(O)C(O)C2O)OC(CO)C(O)C1O,sweet,sweet
NCC(=O)NC(CC(N)=O)C(=O)NCC(=O)NC(Cc1ccccc1)C(=O)O,sweet,sweet
SCCc1ccccc1,undefined,undefined
O=c1[nH]c(=O)c2[nH]cnc2[nH]1,bitter,sour
COc1ccc(S)cc1,sour,sour
COC(=O)C(N)CC(=O)NC(Cc1ccccc1)C(=O)O,sweet,sweet
CC(C)CC(NC(=O)CN)C(=O)NC(Cc1ccccc1)C(=O)NC(CC(=O)O)C(=O)O,sweet,sweet
COc1cc(CCN(C)C)c2ccc3ccccc3c2c1OC,bitter,bitter
CCCC(O)CC(=O)OCC,undefined,undefined
C=CC=CC=CCCCCC,undefined,undefined
COC1CC(OC2C(C)OC(OC3CCC4(C)C(=CCC5C4CCC4(C)C5CC(OC5OC(COC6OC(COC7OC(CO)C(O)C(O)C7O)C(O)C(O)C6OC6OC(CO)C(O)C(O)C6O)C(O)C(O)C5O)C4C(C)=O)C3)C(O)C2OC)OC(C)C1OC1CC(O)C(OC(=O)C=C(C)C)C(C)O1,sweet,sweet
CCc1cnc(CC)s1,undefined,undefined
CC(=O)OC1C(Oc2cc(O)cc3occ(-c4ccc(O)c(O)c4)c(=O)c23)OCC(O)C1O,sweet,sweet
CC1OC(OC2C(O)C(CO)OC(OC3C(C)OC(O)C(O)C3O)C2O)C(O)CC1O,sweet,sweet
CC1OC(OC2C(O)OC(CO)C(O)C2OC2OC(CO)C(O)C(O)C2O)C(O)C(O)C1O,sweet,sweet
CC1(C)CCC2(C(=O)OCC(=O)O)C(O)CC3(C)C(=CCC4C5(C)CCC(OC6OC(C(=O)O)C(O)C(O)C6O)C(C)(C)C5CCC43C)C2C1,sweet,sweet
CCCCC,undefined,undefined
CC(=O)O,sour,sour
CCC(C)C(NC(=O)C(NC(=O)C(N)CC(=O)O)C(C)C)C(=O)NC(Cc1ccccc1)C(=O)O,sweet,sweet
O=S(O)CCCCc1ccccc1,sour,sour
CCCCOC1(CO)OC(CO)C(OC2OC(CO)C(O)C(O)C2O)C1O,sweet,sweet
CCCCCC=CCOC(=O)CCC,undefined,undefined
CCC(C)C(CC(O)CC(=O)OC(CC(O)CC(=O)CC1C(O)C(C)OC(OC(=O)C23CCC(C)(C)CC2C2=CCC4C5(C)CCC(OC6OC(C(=O)O)C(O)C(OC)C6OC)C(C)(C=O)C5CCC4(C)C2(C)CC3O)C1OC)C(C)CC)OC,sweet,sweet
O=C(CC(O)C(O)CO)C(O)F,sweet,sweet
O=c1cc(-c2ccc(O)c(OC3OC(CO)C(O)C(O)C3O)c2)oc2c(C3OC(CO)C(O)C(O)C3O)c(O)cc(O)c12,sweet,sweet
CCCCCCCC=CC(=O)OCCCC,undefined,undefined
CCC1OC(Oc2c(-c3ccc(O)c(OC)c3)oc3cc(O)cc(O)c3c2=O)C(O)C(O)C1O,sweet,sweet
CCOC(=O)CC(C)O,undefined,undefined
N#CCCC([N+](=O)[O-])[N+](=O)[O-],sour,sour
C=C1CC23CCC4C(C)(C(=O)OC5OC(CO)C(O)C(O)C5O)CCCC4(C)C2CCC1(OCC1OC(CO)C(O)C(O)C1OC1OC(CO)C(COCC2OC(CO)C(O)C(O)C2O)C(O)C1O)C3,sweet,sweet
COc1cc(-c2cc(=O)c3c(OC4OC(C)C(O)C(O)C4O)c(OC)c(OC)cc3o2)cc(OC)c1O,sweet,sweet
OCC1(O)OCC(OC2OCC(O)C(O)C2O)C(O)C1O,sweet,sweet
N#Cc1ccc(NC(=NC2CCCCCCC2)NCc2nnn[nH]2)cc1,sweet,sweet
OCC(O)C1OC(OCC(O)C(O)C2OC(O)C(O)C2O)C(O)C(O)C1O,sweet,sweet
O=c1c2c(O)cc(O)cc2oc2c(O)ccc(OC3OC(CO)C(O)C(O)C3O)c12,sweet,sweet
OCC1OC(OC2C(CO)OC(OCC3OC(O)(CO)C(O)C3O)C(O)C2O)C(O)C(O)C1O,sweet,sweet
CC(=O)C1OC(OC2(CO)OC(CO)C(O)C2O)C(O)C(O)C1O,sweet,sweet
CC(=O)NC(C)C(=O)NC(CC(C)C)C(=O)NC(Cc1ccccc1)C(=O)O,sweet,sweet
O=[N+]([O-])c1ccc(S(=O)O)cc1,sour,sour
O=C(O)Cc1ccc(O)c(O)c1,sour,undefined
C=C1C(=O)OC2CC(C)C(C(CC(C)=O)OC(C)=O)=CCC12,bitter,bitter
CC(C)CC(=O)OCC=Cc1ccccc1,sweet,sweet
O=C1C=C(O)C(=O)c2ccccc21,sour,sour
CC1OC(Oc2cc(O)c3c(c2O)OC(c2ccc(O)cc2)CC3=O)C(O)C(O)C1O,sweet,sweet
OCC1(O)OCC(O)CC1O,sweet,sweet
COc1cc(C=O)cc([N+](=O)[O-])c1O,sour,sour
COC1C(C)OC(OC2C(C)OC(C)C(O)C2O)C(O)C1O,sweet,sweet
OCC1OC(O)C(O)C(O)C1OC1(O)C(CO)OCC(O)C1O,sweet,sweet
C=CCCCCCCCCCCCC(O)CC(O)COC(C)=O,bitter,bitter
O=C(O)c1ccc2cccccc1-2,sour,sour
CC(C)c1c(O)ncnc1S,sour,sour
COc1c2occc2cc2ccc(=O)oc12,bitter,bitter
CCOP(=O)(O)NC1C(CO)OC(n2cnc3c(N)ncnc32)C1O,sweet,sweet
COC(=O)C1OC(OC2CCC3(C)C(CCC4(C)C3C(=O)C=C3C5CC(C)(C(=O)OC)CCC5(C)CCC34C)C2(C)C)C(OC2OCC(CO)(OC)C2O)C(O)C1O,sweet,sweet
[B]P(=O)(OCC1OC(n2cnc3c(N)ncnc32)CC1O)OP(=O)(O)OP(=O)(O)O,sweet,sweet
CC1OC(OC2C(Oc3cc(O)c(C(=O)CCc4ccc(O)cc4)c(O)c3)OC(CO)C(O)C2O)C(O)C(O)C1O,sweet,sweet
CC(C)C(NC(=O)C(Cc1ccccc1)NC(=O)C(N)CC(=O)O)C(=O)NC(CC(N)=O)C(=O)O,sweet,sweet
CC(C)=CCC=C(C)CCO,undefined,sweet
O=C(O)C=Cc1ccc(OC2OC(CO)C(O)C(O)C2O)c(O)c1,undefined,undefined
CCCCOC1C(COC)OC(OCC(O)C(O)CO)C(OCC)C1OCCC,sweet,sweet
CSc1ccc(C2CSc3cc(O)ccc3O2)cc1O,undefined,sweet
COC(=O)C(Cc1ccccc1)NC(=O)C(CC(=O)O)NC(=S)Nc1ccc([N+](=O)[O-])cc1,sweet,sweet
CC1(C)CC(=O)C2(C)CCC3(C)C(=CCC4C5(C)CCC(OC6OC(C(=O)O)C(O)C(O)C6OC6OC(CO)C(O)C(O)C6OC6OC(CO)C(O)C(O)C6O)C(C)(CO)C5CCC43C)C2C1,sweet,sweet
C#CCCCCC(=O)O,sour,sour
CC(C)(O)C=CC(=O)C(C)(O)C1C(O)CC2(C)C3CC=C4C(C=C(OC5OC(CO)C(O)C(O)C5O)C(=O)C4(C)C)C3(C)C(=O)CC12C,bitter,bitter
OCC1OC(OC2(CCl)OC(CO)C(Cl)C2O)C(O)C(O)C1Cl,sweet,sweet
CC1OC(O)(COOC2OC(CO)C(O)C(O)C2O)C(O)C1O,sweet,sweet
CC1OC(C(C)OC2OCC(O)C(O)C2O)C(O)C(O)C1O,sweet,sweet
CC(NC(=O)C(N)C(C)C)C(=O)NC(Cc1ccccc1)C(=O)NC(CC(=O)O)C(=O)O,sweet,sweet
OCC1OC(OC2CCCCC2O)C(O)C(O)C1O,sweet,sweet
Cn1nc(O)ccc1=O,sour,sour
O=C(O)CF,sour,sour
COC1OC(CF)C(O)C(O)C1OC1OC(C)C(O)C(O)C1O,sweet,sweet
CCOC(=O)c1cc(NCCO)c(C(=O)O)cc1NCCO,sour,sweet
CCC(C)C1NC(=O)C(Cc2ccccc2)NC1=O,bitter,bitter
Nc1ncnc2c1ncn2C1CC(O)C(COP(=O)(O)C(P(=O)(O)O)P(=O)(O)O)O1,sweet,sweet
CC1OC(O)(O)C(O)C(O)C1O,sweet,sweet
CC1CCC2CC1SC2(C)C,undefined,undefined
CCC(C)C(NC(=O)C(CC(N)=O)NC(=O)C(CC(=O)O)NC(=O)C(N)Cc1ccccc1)C(=O)O,sweet,sweet
CC1OC(OC2C(OC3C(OC4CCC5(C)C(CCC6(C)C5CC=C5C7CC(C)(CO)CC(O)C7(C)CCC56C)C4(C)CO)OC(C(=O)O)C(O)C3O)OCC(O)C2O)C(O)C(O)C1O,sweet,sweet
COC(=O)C(NC(=O)C(N)CC(=O)O)C(C)c1ccccc1,sweet,sweet
CC1(C)CC(O)C2(C(=O)O)CCC3(C)C(=CCC4C5(C)CCC(OC6OC(C(=O)O)C(O)C(O)C6O)C(C)(C)C5CCC43C)C2C1,sweet,sweet
OC1CC(OCC2OC(O)C(O)C(O)C2O)OC(O)C1O,sweet,sweet
CC=CCCC=CCCC=CC=CC(=O)NCC(C)(C)O,undefined,undefined
O=C(O)CC(=O)O,sour,sour
COc1c(O)cc(-c2oc3cc(O)cc(O)c3c(=O)c2OC2OC(C)C(O)C(O)C2O)cc1O,sweet,sweet
CCC(C)C(N)C(=O)NC(CC(=O)O)C(=O)NC(Cc1ccccc1)C(=O)NC(Cc1ccccc1)C(=O)O,sweet,sweet
CC1OC(OCC(O)CO)C(O)C(O)C1O,sweet,sweet
NCCCCC(NC(=O)C(Cc1ccccc1)NC(=O)C(N)CC(N)=O)C(=O)O,sweet,sweet
CC(C)COC(=O)c1ccccc1,sweet,undefined
COC1C(O)COC(O)C1OC,sweet,sweet
COc1cc(C(=O)OC/C(C#N)=C/COC2OC(CO)C(O)C(O)C2O)ccc1O,undefined,undefined
COc1ccc(C2Cc3ccccc3C(=O)O2)cc1,undefined,sweet
Oc1cccc(C2OCc3ccccc3S2)c1,sweet,sweet
OCC1(O)COC(OCC2OC(O)C(O)C(O)C2O)C1O,sweet,sweet
CC1(C)OC2C(CO)OC(O)C(O)C2O1,sweet,sweet
COc1ccc(C2CC(=O)c3c(OC)cc(OC4OC(COC5CC(C)C(O)C(O)C5O)C(O)C(O)C4O)cc3O2)cc1O,sweet,sweet
COCCCOC1C(COC)OC(OC)C(O)C1O,sweet,sweet
CCOC(=O)SCc1ccco1,undefined,undefined
O=C(O)CCCCCCCCC(=O)O,sour,sour
CC1OC(OC2C(Oc3cc(O)c(C(=O)CCc4cc(O)c(O)c(O)c4)c(O)c3)OC(CO)C(O)C2O)C(O)C(O)C1O,undefined,sweet
O=c1cc(-c2ccc(O)cc2)oc2cc(O)c(O)c(O)c12,bitter,bitter
CC(C)C(N)C(=O)NC(Cc1ccccc1)C(=O)NC(CC(=O)O)C(=O)NC(CC(=O)O)C(=O)O,sweet,sweet
OCC1OC(OC2(C(O)=[Sn])OC(CO)C(O)C2O)C(O)C(O)C1O,sweet,sweet
OC1OC(COI)C(O)C(O)C1O,sweet,sweet
OCC1CC(O)C(O)C(OCOC2OC(CO)C(O)C(O)C2O)O1,sweet,sweet
Cc1ccc(S(=O)OC2CC(C)CCC2C(C)C)cc1,umami,undefined
CC(CC(=O)O)S(=O)(=O)c1ccccc1,undefined,undefined
COC1OC2(CCCO2)C(O)C(O)C1O,sweet,sweet
CC(C)C(N)C(=O)NC(C(=O)NC(CC(=O)O)C(=O)NC(Cc1ccccc1)C(=O)O)C(C)C,sweet,sweet
CC1OC(OC2C(c3c(O)cc4oc(-c5ccc(O)c(O)c5)cc(=O)c4c3O)OCC(O)C2O)C(O)C(O)C1O,sweet,sweet
CCCCCCCCC(=O)NCc1ccc(O)c(OC)c1,undefined,undefined
O=c1cc(-c2ccccc2)oc2cc(OC3OC(CO)C(OC4OC(CO)C(O)C(O)C4O)C(O)C3O)c(O)c(O)c12,sweet,sweet
CCCCCCCCCCCC(=O)CCc1ccc(O)c(OC)c1,undefined,undefined
COC(=O)C1OC(OC2CCC3(C)C(CCC4(C)C3CC=C3C5CC(C)(C)CC(=O)C5(C)CCC34C)C2(C)CO)C(OC2OC(CO)C(O)C(O)C2OC2OC(CO)C(O)C(O)C2O)C(O)C1O,sweet,sweet
C=C1CCC2OC2(C)CCC2C1CC2(C)C,sweet,undefined
CCCCCCC#CC(=O)OCC,undefined,undefined
CCC(C)C(NC(=O)C(N)CC(=O)O)C(=O)NC(C(=O)NC(Cc1ccccc1)C(=O)O)C(C)C,sweet,sweet
CC(C)OC1OC(C)C(O)C(O)C1O,sweet,sweet
c1ccc2cnccc2c1,sweet,undefined
C=CC12COC(=O)C(C)C1C1OC(=O)C(=C)C1C(OC(=O)C(=C)CO)C2,bitter,bitter
O=C(CO)C(O)C(OF)C(O)CO,sweet,sweet
OCC1OC(OC2C(CO)OC(O)C(O)C2O)C(O)C(O)C1O.[Cl-].[Na+],sweet,sweet
CCC(C)C(N)C(=O)NC(CCC(N)=O)C(=O)NC(CC(=O)O)C(=O)NC(Cc1ccccc1)C(=O)O,sweet,sweet
Cc1cc(=O)c2c(O)c3c(O)cc(O)c4c5c(O)cc(O)c6c(O)c7c(=O)cc(C)c8c1c2c(c34)c(c65)c78,bitter,bitter
[N-]=[N+]=Nc1nc(N)c2ncn(C3OC(COP(=O)(O)O)C(O)C3O)c2n1,sweet,sweet
Nc1ncnc2c1ncn2C1OC2CO[P+]([O-])(OP(=O)(O)C[P+]([O-])(O)O)OC2C1O,sweet,sweet
CC(NC(=O)C(CC(=O)O)NC(=O)C(N)CCC(=O)O)C(=O)NC(Cc1ccccc1)C(=O)O,sweet,sweet
CCCCCCCOC=O,undefined,undefined
Cc1c(N)cccc1[N+](=O)[O-],undefined,bitter
CCC1=C(C)CN(C(=O)NCCc2ccc(S(=O)(=O)NC(=O)NC3CCC(C)CC3)cc2)C1=O,bitter,sweet
C=CCOC(=O)Cc1ccccc1,sweet,sweet
CC(C)C(C)O,undefined,undefined
CC(NC(=O)C(CC(=O)O)NC(=O)C(N)CCC(N)=O)C(=O)NC(Cc1ccccc1)C(=O)O,sweet,sweet
O=CC(O)C(O)C(O)C(O)COP(O)O,sweet,sweet
O=C(O)C(O)c1ccc(Cl)cc1,sour,sour
C=C1C(=O)C23CCC4C(C)(C)CC(OOC5OC(CO)C(O)C(O)C5O)CC4(C)C2CCC1C3,bitter,sweet
NC(=O)CC(NC(=O)C(Cc1ccccc1)NC(=O)C(N)CC(=O)O)C(=O)NCC(=O)O,sweet,sweet
CC(N)C(=O)NC(CC(=O)O)C(=O)NC(Cc1ccccc1)C(=O)NC(CCC(=O)O)C(=O)O,sweet,sweet
OCC1OC(OC2C(O)C(CO)OC(OC3C(O)OC(CO)C(O)C3O)C2O)C(O)C(O)C1O,sweet,sweet
CCOC1OC(C(C)O)C(O)C1O,sweet,sweet
CCCOC1OC(CO)C(OC2OC(CO)C(OC)C(O)C2O)C(O)C1O,sweet,sweet
OCC(O)COC1C(O)C(CO)OC(OC2OC(CO)C(O)C(O)C2O)C1O,sweet,sweet
COC1OC(CO)CCC1O,sweet,sweet
COc1cc(-c2cc(=O)c3c(OC4OC(COC5OC(C)C(O)C(O)C5O)C(O)C(O)C4O)c(OC)c(OC)cc3o2)cc(OC)c1O,sweet,sweet
Cc1ccc(OC(=O)C(C)C)cc1,undefined,sweet
CCCCN(C)c1ncnc2c1ncn2C1OC2COP(=O)(O)OC2C1O,sweet,sweet
OCC1OC(OC2OC=CC3C(O)C4OC4(CO)C23)C(O)C(O)C1O,bitter,bitter
Nc1cccc([N+](=O)[O-])c1,sweet,sweet
COC(=O)COC(OC1C(O)C(OC2CCC3(C)C(CCC4(C)C3CC=C3C5CC(C)(C)CCC5(C(=O)OC5OC(CO)C(O)C(O)C5O)CCC34C)C2(C)C)OC(C(=O)O)C1O)C(=O)OC,sweet,sweet
CCOC(=O)C=C(CC(=O)O)C(=O)O,sweet,sour
CC1=CCC(C(C)(C)O)CC1,undefined,sweet
CCOC1C(COC2OC(C)C(O)C(O)C2O)OC(O)C(O)C1O,sweet,sweet
O=C1CC(O)Cc2ccc(O)c(c2)-c2cc(ccc2O)CC(O)C1O,bitter,bitter
O=C(O)CC#Cc1ccccc1,sour,sour
CC(NC(=O)C1CCCN1C(=O)C(N)CCCCN)C(=O)NCC(=O)NC(CC(=O)O)C(=O)NC(Cc1ccccc1)C(=O)O,sweet,sweet
CCC(C)C(N)C(=O)NC(CC(N)=O)C(=O)NC(Cc1ccccc1)C(=O)NC(CCCCN)C(=O)O,sweet,sweet
C=C(C)C1CC=C(CO)CC1,undefined,sweet
C=C1CC23CCC4C(C)(C(=O)OC5OC(CO)C(OC6OC(CO)C(O)C(O)C6O)C(O)C5O)CCCC4(C)C2CCC1(OC1OC(CO)C(OC2OC(CO)C(OC4OC(CO)C(O)C(O)C4O)C(O)C2O)C(O)C1O)C3,sweet,sweet
CC1=C2C(CC1)C(C)CCC1C2C1(C)C,undefined,undefined
COP(=S)(OP(=O)(O)O)OP(=O)(O)OCC1OC(n2cnc3c(N)ncnc32)C(O)C1O,sweet,sweet
COCC1OC(OC(CO)C(OC)C(CO)OC2OC(COC)C(OC)C(OC)C2OC)C(OC)C(OC)C1OC,sweet,sweet
CC1(C)OCC(C(CO)OC2CCCCO2)O1,sweet,sweet
COC(=O)COC1OC2C(O)C(OC3CCC4(C)C(CCC5(C)C4CC=C4C6CC(C)(C)CCC6(C(=O)OC)CCC45C)C3(C)C)OC(C(=O)OC)C2OC1(OC)C(=O)OC,sweet,sweet
CCCCC(CC)(C(=O)O)C(=O)O,sour,sour
CCC(C)C(=O)OCCC(C)C,sweet,sweet
NNC(=O)c1cccc([N+](=O)[O-])c1,sour,sour
O=C(OC1Cc2c(O)cc(O)c(C3c4c(O)cc(O)cc4OC(c4cc(O)c(O)c(O)c4)C3O)c2OC1c1ccc(O)c(O)c1)c1cc(O)c(O)c(O)c1,bitter,undefined
CC(C)(C)OC(=O)C(Cc1ccccc1)NC(=O)C(N)CC(=O)O,sweet,sweet
CC1(OC2OC(CO)C(Cl)C(O)C2O)OC(C(Cl)Cl)C(O)C1O,sweet,sweet
O=C1OC(c2ccc(O)c(O)c2)Cc2ccccc21,undefined,undefined
CCCCN(CCCC)CCN1S(=O)(=O)c2ccccc2S1(=O)=O,bitter,bitter
C[Sn+](C)C.O=C1[N-]S(=O)(=O)c2ccccc21,sweet,sweet
O=CC(O)C(O)C(OS(=O)(=O)O)C(O)CO,sweet,sweet
CCC(C)C(NC(=O)C(CCCCN)NC(=O)C(C)NC(=O)C(CC(=O)O)NC(=O)C(N)CC(N)=O)C(=O)NC(C(=O)NC(Cc1ccccc1)C(=O)O)C(C)C,sweet,sweet
COc1ccc(-c2oc3c(CC=C(C)C)c(O)cc(O)c3c(=O)c2OC2OC(C)C(O)C(O)C2OC2OC(C)C(O)C(O)C2O)cc1O,sweet,sweet
COC1CC(OC2CCC(O)OC2C)OC(C)C1O,sweet,sweet
NOCC(O)C(O)C(O)C(=O)CO,sweet,sweet
Cc1cc(=O)n(-c2ccccc2)n1C,bitter,bitter
COC1OC2COC(C)(C)OC2C(O)C1O,sweet,sweet
CC#CCOC1OC(CO)C(O)C(O)C1O,sweet,sweet
CCOP(=O)(O)Nc1ncnc2c1ncn2C1OC(CO)C(O)C1O,sweet,sweet
CC(C)CC(NC(=O)C(N)CC(N)=O)C(=O)NC(CCCCN)C(=O)NC(Cc1ccccc1)C(=O)O,sweet,sweet
OCC(O)C(CO)OC1OC(CO)C(O)C(OC2OC(CO)C(O)C(O)C2O)C1O,sweet,sweet
O=CC(O[B]O)C(O)C(O)C(O)CO,sweet,sweet
CCCCCC=CC=CC(=O)OCC,sweet,undefined
CCC(C)(C#N)OC1OC(CO)C(O)C(O)C1O,bitter,sweet
C1=NCCC1,undefined,bitter
COC(=O)C1OC(OCC2OC(OC3CCC4(C)C(CCC5(C)C4C(=O)C=C4C6CC(C)(C(=O)OC)CCC6(C)CCC45C)C3(C)C)C(OC(C)=O)C(OC(C)=O)C2OC(C)=O)C(OC(C)=O)C(OC(C)=O)C1OC(C)=O,sweet,sweet
Nc1ncnc2ncn(C3OC(CO)C(O)C3OP(=O)(O)O)c12,sweet,sweet
CC1=C(O)C(=O)CC(OC2CC(C)(C)CC3C4=CCC5C6(C)CCC(OC7OC(C(=O)O)C(O)C(O)C7OC7OC(CO)C(O)C(O)C7OC7OC(CO)C(O)C(O)C7O)C(C)(CO)C6CCC5(C)C4(C)CCC23C)O1,sweet,sweet
COc1cc(O)c(C(=O)c2ccc(O)cc2)cc1OC1OC(CO)C(O)C(O)C1O,sweet,sweet
COc1ccc(-c2coc3cc(OC4OC(CO)C(O)C(O)C4O)ccc3c2=O)c(O)c1OC,sweet,sweet
O=COC(CO)C(CO)OC1OC(CO)C(O)C(O)C1O,sweet,sweet
OCC1OC(OC2C(O)C(O)OC(COC3(CO)OCC(O)C(O)C3O)C2O)C(O)C(O)C1O,sweet,sweet
Nc1ncnc2c1ncn2C1OC(CO[As](=O)(O)O)C(O)C1O,sweet,sweet
Cc1ccc(N(CC2=NCCN2)c2cccc(O)c2)cc1,bitter,sour
COC(=O)C1OC(OC2CCC3(C)C(CCC4(C)C3CC=C3C5CC(C)(C)CCC5(C(=O)OC)CCC34C)C2(C)C)C(O)C(OC(C)=O)C1OC(C)=O,sweet,sweet
OCC1OC(O)C(OC2OCC(O)C(O)C2O)C(O)C1O,sweet,sweet
COC(=O)C(Cc1ccccc1)NC(=O)C(C)NC(=O)C(C)NC(C)=O,sweet,sweet
CC1OC(OC2OC(CO)C(O)C(O)C2O)C(O)C(O)C1O,sweet,sweet
CC1CCC2(OC1)OC1CC3C4CCC5CC(OC6OC(CO)C(OC7OCC(O)C(O)C7O)C(O)C6OC6OC(CO)C(O)C(O)C6O)CCC5(C)C4CCC3(C)C1C2C,bitter,bitter
CCCCCC(=O)OCC(C)C,sweet,undefined
CC(C)CC(N)C(=O)NC(Cc1ccccc1)C(=O)NC(CC(N)=O)C(=O)NC(CC(N)=O)C(=O)O,sweet,sweet
O=C1CCCCC=CCCCCCCCCCO1,sweet,undefined
NC(CCC(=O)O)C(=O)NC(CCC(=O)O)C(=O)NC(CC(=O)O)C(=O)NC(Cc1ccccc1)C(=O)O,sweet,sweet
CCC(S)C(C)=O,undefined,undefined
Cc1scnc1CCOC=O,undefined,undefined
C=C1CCc2c(C)ccc3c(C=O)c(=O)oc-3c21,bitter,bitter
O=c1c(O)c(-c2ccc(O)c(O)c2)oc2ccc(O)cc12,bitter,bitter
CCC(=O)CSC,undefined,undefined
CC(=O)CC(=O)OC1CC(C)CCC1C(C)C,undefined,undefined
O=C1CC(c2ccc(O)c(O)c2)Oc2c(O)c(OC3OC(CO)C(O)C(O)C3O)cc(O)c21,sweet,sweet
CC(C)C(NC(=O)CNC(=O)C(N)Cc1ccccc1)C(=O)NC(CC(N)=O)C(=O)O,sweet,sweet
CC(O)CN,undefined,bitter
COC(=O)C(Cc1ccccc1)NC(=O)C(CC(=O)O)NCl,sweet,sweet
COc1cc(-c2oc3cc(O)cc(O)c3c(=O)c2OC2CC(C)C(O)CO2)ccc1O,sweet,sweet
O=c1c(O)c(-c2ccc(OCC3OC(O)C(O)C(O)C3O)c(O)c2)oc2cc(O)cc(O)c12,sweet,sweet
COc1cc(OC2OC(CO)C(O)C(O)C2O)c2c(=O)c3ccc(OC)c(OC)c3oc2c1,sweet,sweet
O=C1CC(c2ccc(O)c(O)c2)Oc2cc(O)cc(OC3OC(CO)C(O)C(O)C3O)c21,sweet,sweet
COC(=O)C(Cc1ccccc1)NC(=O)CCCN,sweet,sweet
c1ccc(COCc2ccccc2)cc1,sweet,undefined
O=C1c2ccccc2C(=O)C1c1cccc2ccccc12,sour,sour
CC1(C)CCC2(C(=O)O)C(O)CC3(C)C(=CCC4C5(C)CCC(OC6OC(C(=O)O)C(O)C(OC7OC(CO)C(O)C(O)C7O)C6O)C(C)(C)C5CCC43C)C2C1,sweet,sweet
CC(C)CC(N)C(=O)NC(CC(=O)O)C(=O)NC(CCC(N)=O)C(=O)NC(Cc1ccccc1)C(=O)O,sweet,sweet
COC1C(COP(=O)(O)OC)OC(n2cnc3c(N)ncnc32)C1O,sweet,sweet
COc1cc2oc(-c3ccccc3)cc(=O)c2c(O)c1OC1OC(C)C(O)C(O)C1OC1OC(C)C(O)C(O)C1O,sweet,sweet
CC(=O)/C=C/C1=C(CC/C(C)=C/CO)C2(C)CCCC(C)(CO)C2C(OC2OCC(O)C(O)C2O)C1,bitter,bitter
CCC(C)C(NC(=O)C(CC(=O)O)NC(=O)C(N)C(C)C)C(=O)NC(Cc1ccccc1)C(=O)O,sweet,sweet
CCN1CC2(COC)CCC(O)C34C5CC6C(OC)CC(O)(C5C6O)C(O)(C(OC)C23)C14,bitter,bitter
O=C1OC2C(O)C(O)OC2C1O,undefined,sweet
CC(N)=O,undefined,bitter
CCC(C)C(NC(=O)C(Cc1ccccc1)NC(=O)C(NC(=O)C(N)CC(=O)O)C(C)CC)C(=O)O,sweet,sweet
CC1CCC(C(C)C)C(OC(=O)CCCC(=O)O)C1,undefined,undefined
CCCC=O,undefined,undefined
O=C1NC(Cc2ccc(O)cc2)C(=O)N2CCCC12,bitter,bitter
C=C1CC23CCC4C(C)(C(=O)OC5OC(CO)C(O)C(O)C5O)CCCC4(C)C2CCC1(OC1OC(CO)C(O)C(OC2OC(CO)C(O)C(O)C2O)C1OC1CC(C)C(O)C(O)C1O)C3,sweet,sweet
CC=CC(=O)OCC(C)C,undefined,sweet
CCC(C)C(NC(=O)C(N)CO)C(=O)NC(CC(=O)O)C(=O)NC(Cc1ccccc1)C(=O)O,sweet,sweet
CCCCCCCOC(=O)CCCCCC,undefined,undefined
CC(C)=C(C)C(=O)OCc1ccccc1,undefined,sweet
CCOC(=O)CCNC(=O)C(NC(CCc1ccccc1)C(=O)OCC)C(C)C,sweet,sweet
Nc1ncnc2c1ncn2C1OC(COP(=O)(O)OF)C(O)C1O,sweet,sweet
O=[N+]([O-])CCC([N+](=O)[O-])[N+](=O)[O-],sour,sour
CC(C)C(NC(=O)C1CCCN1C(=O)C(N)CC(=O)O)C(=O)NC(Cc1ccccc1)C(=O)O,sweet,sweet
O=C(O)/C=C\c1cc(O)ccc1O,sour,sour
CCC(C)C(NC(=O)C(Cc1ccccc1)NC(=O)C(N)CC(=O)O)C(=O)NC(C(=O)O)C(C)C,sweet,sweet
C=CC(=C)CCCC(C)(C)O,undefined,undefined
CCC(C)C(N)C(=O)NC(CC(=O)O)C(=O)NC(C(=O)NC(Cc1ccccc1)C(=O)O)C(C)C,sweet,sweet
CC1CCC(C(C)C)C(OCC(O)CO)C1,undefined,bitter
CC1CCC(C(C)C)CC1=O,undefined,undefined
CC(C)COC(=O)CC(C)C,sweet,sweet
CC(=O)SCC(=O)O,sour,sour
COc1cc(O)c2c(=O)c3c(O)ccc(OC4OC(CO)C(O)C(O)C4O)c3oc2c1,sweet,sweet
O=CC(O)(O)C(O)C(O)C(O)CO,sweet,sweet
CC(O)C(O)C(O)C(O)C1OC(O)C(O)C(O)C1O,sweet,sweet
CC1(C)CCC2(C(=O)O)CCC3(C)C(=CCC4C5(C)CCC(OC6OC(C(=O)O)C(O)C(OC(OCC(=O)O)C(O)C(=O)O)C6OC6OC(CO)C(O)C(O)C6O)C(C)(C)C5CCC43C)C2C1,sweet,sweet
Nc1ncnc2c1ncn2C1OC(COP2(=O)OOP(=O)(O)NP(=O)(O)O2)C(O)C1O,sweet,sweet
CC(=O)OC1CC(C)(C(=O)O)CC2C3=CC(=O)C4C5(C)CCC(OC6OC(C(=O)O)C(O)C(O)C6OC6OC(C(=O)O)C(O)C(O)C6OC6OC(C)C(O)C(O)C6O)C(C)(C)C5CCC4(C)C3(C)CCC12C,sweet,sweet
CCC=CCC=CCCC=CC=CC(=O)NCC(C)C,undefined,undefined
NC(CC(=O)O)C(=O)NC(Cc1ccccc1)C(=O)NC(CC(=O)O)C(=O)NC(CCC(=O)O)C(=O)O,sweet,sweet
Nc1ncnc2c1ncn2C1OC(COP(=O)(O)OP(N)(=O)OP(=O)(O)OP(=O)(O)O)C(O)C1O,sweet,sweet
CCCCCCCCCCCCCC,undefined,undefined
COC(=O)C1OC(OC2CCC3(C)C(CCC4(C)C3CC=C3C5C(C)=C(C)CCC5(C(=O)OC5OC(CO)C(O)C(O)C5O)CCC34C)C2(C)C)C(O)C(O)C1O,sweet,sweet
NC(=O)CC(NC(=O)C(CC(=O)O)NC(=O)C(N)Cc1ccccc1)C(=O)O,sweet,sweet
O=c1c(O)c(-c2ccccc2O)oc2cc(O)cc(O)c12,bitter,bitter
CCOc1cc(COC)ccc1O,sweet,sweet
COc1cc(CNC(=O)CCCCCC=CC(C)C)ccc1O,undefined,undefined
CC(=O)NCC(=O)N(C)C(Cc1ccccc1)C(=O)NC(CCCCN)C(=O)NC(CC(=O)O)C(N)=O,sweet,sweet
O=c1c(O)c(-c2ccc(O)c(OC3OCC(O)C(O)C3(O)CO)c2)oc2cc(O)cc(O)c12,sweet,sweet
CCC=CCCOC(=O)CC(C)C,undefined,undefined
O=c1cc(-c2ccc(O)c(O)c2)oc2cc(OC3OC(CO)C(OC4OCC(O)C(O)C4O)C(O)C3O)cc(O)c12,sweet,sweet
CC(C)C(=O)C(=O)O,undefined,sour
CC=Cc1cc(OC)ccc1OC(=O)C(C)CC,bitter,undefined
COc1cc2c(c(OC3OC(CO)C(O)C(O)C3O)c1)C(=O)CC(c1ccc(O)c(O)c1)O2,sweet,sweet
CCCOP(=O)(O)OP(=O)(O)OCC1OC(n2cnc3c(N)ncnc32)C(OP(=O)(O)O)C1O,sweet,sweet
CCCCCC=CCO,undefined,undefined
CC(C)C(NC(=O)C(CCCCN)NC(=O)C(CC(=O)O)NC(=O)C(N)Cc1ccccc1)C(=O)O,sweet,sweet
CCCCCCOCC(O)COC1C(O)OC(CO)C(O)C1O,sweet,sweet
COC1OC(CO)C(OC)C(O)C1OC1OC(CO)C(O)C(O)C1O,sweet,sweet
CC(COC1OC(CO)C(O)C(O)C1O)OC1OC(CO)C(O)C(O)C1O,sweet,sweet
CCC(=O)c1cccs1,undefined,undefined
O=C1c2ccccc2S(=O)(=O)N1I,sweet,sweet
Nc1ncnc2c1ncn2C1OC(COP(=O)(O)OP(=O)(O)OP(N)(=O)O)C(O)C1O,sweet,sweet
CC(C)C(NC(=O)C(Cc1ccccc1)NC(=O)C(N)CCCCN)C(=O)NC(CC(N)=O)C(=O)O,sweet,sweet
CC=C(C)C(=O)OCCC(C)C,undefined,sweet
CCCC(O)CCOC1OC(CO)C(O)C(O)C1O,sweet,sweet
NC(N)=NCCCC(NC(=O)C(N)CC(=O)O)C(=O)NC(Cc1ccccc1)C(=O)O,sweet,sweet
NCCCCC(NC(=O)C(N)CC(=O)O)C(=O)NC(CO)C(=O)NC(Cc1ccccc1)C(=O)O,sweet,sweet
CC1OC(OCC2OC(Oc3cc(O)c4c(c3)OC(c3ccc(O)c(O)c3)CC4=O)C(O)C(O)C2O)C(O)C(O)C1C,sweet,sweet
OCC(O)C(CO)OO,sweet,sweet
OC[C]1OC(O)C(O)C(O)C1O,sweet,sweet
COC1(OC2OC(CO)C(O)C(O)C2O)OC(CO)C(O)C1O,sweet,sweet
CCC(C)C(N)C(=O)NCC(=O)NC(Cc1ccccc1)C(=O)NC(CC(N)=O)C(=O)O,sweet,sweet
CC1OC(OOCC2(O)OC(CO)C(O)C2O)C(O)C(O)C1O,sweet,sweet
C=CCC#N,undefined,undefined
O=C(CCCCCCC=Cc1ccc2c(c1)OCO2)N1CCCCC1,undefined,undefined
O=C(O)CCN(CC(=O)O)CC(=O)O,sour,sour
OCC(O)C(O)C(O)C(O)COBr,sweet,sweet
COP(=O)(O)OP(=O)(O)OCC1OC(n2cnc3c(N)ncnc32)CC1O,sweet,sweet
COc1cc(C=CC(=O)Nc2ccc(O)cc2C(=O)O)ccc1O,bitter,bitter
CC12C=CC(=O)C=C1CCC1C2C(O)CC2(C)C1CCC2(O)C(=O)CO,bitter,bitter
CCOc1cc(CCC(=O)c2c(O)cc(OC3OC(CO)C(O)C(O)C3OC3OC(C)C(O)C(O)C3O)cc2O)ccc1O,undefined,sweet
COC(=O)C1OC(OC2C(OC3CCC45CC46CCC4(C)C(C(C)C7CC=C(C)C(=O)O7)CCC4(C)C6CCC5C3(C)C(=O)O)OC(CO)C(O)C2O)C(O)C(O)C1O,sweet,sweet
COC(=O)C1(C)CCC2(C)CCC3(C)C(=CC(=O)C4C5(C)CCC(OC6OC(CO)C(OC7OC(C(=O)O)C(O)C(O)C7O)C(O)C6O)C(C)(C)C5CCC43C)C2C1,sweet,sweet
CC(C)C(N)C(=O)NC(CC(N)=O)C(=O)NC(Cc1ccccc1)C(=O)NC(CC(N)=O)C(=O)O,sweet,sweet
CCCC(=O)C(O)CCC,sweet,sweet
CC1OC(OCCOC2OC(CO)C(O)C(O)C2O)C(O)C(O)C1O,sweet,sweet
CC(C)C/C=C1\OC(=O)c2ccccc21,bitter,undefined
C=Cc1cccc2c1S(=O)(=O)NC2=O,sweet,sweet
O=C1CCCCCCCCCOCCCCCO1,undefined,undefined
COC1C(C)OC(OC2C(O)OC(C)C(OC)C2OC)C(O)C1OC,sweet,sweet
CCc1cccnc1,undefined,undefined
C=C1CC23CCC4C(C)(C(=O)OC5OC(CO)C(O)C(O)C5O)CCCC4(C)C2CC(OC2OC(CO)C(O)C(O)C2OC2OC(CO)C(O)C(O)C2O)C1C3,sweet,sweet
CC(C)OC(=O)C(C)CNC(=O)C(N)CC(=O)O,sweet,sweet
CCCCCCCCCC(=O)OCCCC,undefined,undefined
COc1ccc(CCc2ccccc2CO)cc1O,sweet,undefined
COc1ccc(-c2coc3c(OC4OC(CO)C(O)C(O)C4O)c(O)ccc3c2=O)cc1,sweet,sweet
CCCCOC(=O)C(Cc1ccccc1)NC(=O)CNC(=O)C(CC(C)C)NC(C)=O,sweet,sweet
O=C(O)OC1C(O)C(CO)OC(OC2OC(CO)C(O)C(O)C2O)C1O,sweet,sweet
O=Cc1ccc(O)cc1Cl,sour,sour
CC(NC(=O)C(Cc1ccccc1)NC(=O)CNC(=O)C(CC(=O)O)NC(=O)CNC(=O)C(N)CC(=O)O)C(=O)O,sweet,sweet
COP(=O)(OC)OCC1OC(n2cnc3c(N)ncnc32)C(O)C1O,sweet,sweet
NC(=O)CC(NC(=O)C(N)Cc1ccccc1)C(=O)NC(CC(=O)O)C(=O)NCC(=O)O,sweet,sweet
CC(C)=CCC1C(=O)C(C(=O)CC(C)C)=C(O)C(O)(CC=C(C)C)C1=O,bitter,bitter
CC(NC(=O)C(CCC(N)=O)NC(=O)C(N)Cc1ccccc1)C(=O)NC(CC(N)=O)C(=O)O,sweet,sweet
CCOc1ccc([Se]CC(=O)O)cc1,sour,sour
NCC(=O)NC(CC(=O)O)C(=O)NC(CCC(=O)O)C(=O)NC(Cc1ccccc1)C(=O)O,sweet,sweet
Cc1ccccc1N=NC(=NNc1ccccc1)c1ccccc1,sweet,sweet
C=C1C(=O)OC2CC3(C)CCCC(=C)C3(OO)CC12,bitter,bitter
COc1ccc2c(c1O)C(=O)OC(C)C2,sweet,sweet
O=C1NS(=O)(=O)c2cc([N+](=O)[O-])ccc21,bitter,bitter
COc1ccc(CCc2cccc(CO)c2)cc1O,undefined,undefined
COc1cc(-c2coc3cc(OC4OC(CO)C(O)C(O)C4O)c(OC)c(O)c3c2=O)cc(OC)c1OC,sweet,sweet
COS(=O)(=O)NC1CCCCC1,undefined,sweet
Nc1ncnc2c1ncn2C1OC(COP(=O)(O)O)CC1O,sweet,sweet
S=C=NCc1ccccc1,undefined,undefined
Cc1cnc(C)c(CCC(C)C)n1,undefined,undefined
COC1CC2OC3C(OC(CO)C(O)C3O)OC2C(C)O1,sweet,sweet
N#Cc1ccc(NC(=NC2CCCCCCC2)NCC(=O)O)cc1,sweet,sweet
CCCCCC=C(C)C=O,undefined,undefined
CCCCCCCCC(=O)O,undefined,sour
CC(O)CCC(C)OC1OC(C)C(O)CC1O,sweet,sweet
CC1(C)CCC2(C(=O)O)CCC3(C)C(=CCC4C5(C)CCC(OC6OC(C(=O)O)C(O)C(OC7OC(CO)C(OC8OC(CO)C(O)C(O)C8O)C(O)C7O)C6O)C(C)(C)C5CCC43C)C2C1,sweet,sweet
CCOC(=O)CSC(C)(C)C(=O)O,sour,sour
CC(C)CC([N+](=O)[O-])[N+](=O)[O-],sour,sour
CSSC(C)(C)C=O,undefined,undefined
CC(NC(=O)C(CCC(N)=O)NC(=O)C(CC(=O)O)NC(=O)C(N)Cc1ccccc1)C(=O)O,sweet,sweet
COc1c(CC=C(C)C)c(O)c2c(c1C(=O)C=Cc1ccc(O)cc1)OC(C)(C)CC2,bitter,bitter
CC1(C)CCC2C(=O)CC3(C)C(=CCC4C5(C)CCC(OC6OC(C(=O)O)C(O)C(O)C6O)C(C)(CO)C5CCC43C)C2C1,sweet,sweet
CC=CC(=O)C1C(C)C=CCC1(C)C,sweet,undefined
Nc1cc([N+](=O)[O-])ccc1OC1CC1,sweet,sweet
CCC(C)C(NC(=O)C(CC(N)=O)NC(=O)CNC(=O)C(N)Cc1ccccc1)C(=O)O,sweet,sweet
NCCCCC(NC(=O)C(Cc1ccccc1)NC(=O)C(CC(=O)O)NC(=O)C(N)CO)C(=O)O,sweet,sweet
Cc1ccc(S(=O)(=O)CC(=O)O)cc1,sour,sour
COC1OC(CO)C(O)C(OC2(CO)OCC(O)C(O)C2O)C1O,sweet,sweet
Cc1cnc(C)s1,undefined,undefined
Nc1nc(F)nc2c1ncn2C1OC(COP(=O)(O)O)C(O)C1O,sweet,sweet
CC(=O)OCC(CO)NC(=O)C(N)CC(=O)O,sweet,sweet
Cn1c(=O)[nH]cc([N+](=O)[O-])c1=O,sour,sour
CCCCCC(O)CC,undefined,undefined
Nc1ncnc2c1ncn2C1OC(COP(=O)(O)OP(N)(=O)O)C(O)C1O,sweet,sweet
O=c1c(O)c(-c2ccc(O)cc2)oc2cc(O)cc(O)c12,bitter,bitter
O=C(O)C12CCC(C(=O)O)(CC1)C2,sour,sour
CC1=CCC(C(C)C2CCC3(C)C4CCC5C(C)(C(=O)O)C(OC6OC(CO)C(O)C(O)C6OC6OC(C(=O)O)C(O)C(O)C6O)CCC56CC46CCC23C)OC1=O,sweet,sweet
OCC(O)C(O)C(CO)OC1OCC(O)C(O)C1O,sweet,sweet
Nc1nc2ncc(CNc3ccc(C(=O)NC(CCC(=O)O)C(=O)O)cc3)nc2c(=O)[nH]1,sweet,sour
COC1CC(O)OC(C)C1O,sweet,sweet
O=c1ccc(Br)cc(Br)c1O,sour,sour
CCCCOC(=O)C=Cc1ccccc1,sweet,undefined
CC(C)CC(N)C(=O)NC(Cc1c[nH]c2ccccc12)C(=O)O,bitter,bitter
OCC(O)C1O[Sb]OC1C(O)CO,sweet,sweet
C=C(C)C1CCC(C)C1C=O,undefined,undefined
O=C(OC1Cc2c(O)cc(O)c(C3c4c(O)cc(O)cc4OC(c4ccc(O)c(O)c4)C3O)c2OC1c1cc(O)c(O)c(O)c1)c1cc(O)c(O)c(O)c1,bitter,undefined
CCOC(=O)n1ccn(C)c1=S,bitter,sour
O=C(O)/C=C\c1cc([N+](=O)[O-])ccc1O,sour,sour
O=C(O)C[S+]([O-])c1ccccc1,sour,sour
C=CCOc1ccc(NC(=O)N(C)C)cc1,sweet,sweet
CCC=CCCC=CCOC(C)=O,undefined,undefined
CCOC(C)=O,sweet,sweet
O=S(O)c1ccccc1,sour,sour
CCCCCCCCOCC1OC(COCCCCCCCC)(OC2OC(CO)C(O)C(O)C2O)C(OCCCCCCCC)C1OCCCCCCCC,sweet,sweet
CCCCCC(C)OC1OC(CO)C(O)C(O)C1O,sweet,sweet
CC=C(C)C(CCC(C)CCCC(C)CCCC(C)C)OC1C(CO)OC(Oc2cc(O)c3c(=O)c(O)c(-c4ccc(OC)c(OC)c4)oc3c2)C(O)C1O,sweet,sweet
Nc1ncnc2c1ncn2C1OC(COP(=O)(O)CP(=O)(O)OP(=O)(O)O)C(O)C1O,sweet,sweet
COC(=O)C(Cc1ccccc1)NC(=O)C(CC(=O)O)NC(=NC#N)Nc1ccc(C#N)cc1,sweet,sweet
CC1OC(OC2C(O)COC(CO)C2O)C(O)C(O)C1O,sweet,sweet
NC(=O)CCC(NC(=O)C(CC(=O)O)NC(=O)C(N)Cc1ccccc1)C(=O)O,sweet,sweet
C=C1C(=O)OC2CC(C)(CCCC(C)=O)C(=O)CC12,bitter,bitter
NCCCCC(NC(=O)C(CC(=O)O)NC(=O)C(CC(N)=O)NC(=O)C(N)Cc1ccccc1)C(=O)O,sweet,sweet
CCOC(Cc1ccccc1)OCC,sweet,bitter
O=C(C=Cc1ccccc1)OC1CCN2CC3CC(CN4C(=O)CCCC34)C2C1,bitter,bitter
Nc1ncnc2c1ncn2C1OC(COP(=O)(O)OP(=O)(O)OP(=O)(O)OS)C(O)C1O,sweet,sweet
COc1ccc(C=CC(=O)c2c(O)cc(OC3OC(CO)C(O)C(O)C3OC3OC(C)C(O)C(O)C3O)cc2O)cc1O,sweet,sweet
C=C1CC23CCC4C(C)(C(=O)OC5OC(CO)C(O)C(O)C5O)CCCC4(C)C2CCC1(OC1OC(COC(=O)/C=C/c2ccc(O)cc2)C(O)C(O)C1O)C3,bitter,sweet
O=c1cc(-c2ccc(O)cc2)oc2cc(O)ccc12,bitter,bitter
CC(C)CCOC(C)OCCC(C)C,undefined,undefined
CCCCCCCCCCCCCCCCC,undefined,undefined
CCCCCCCCCCCOC1C(OC)OC(CO)C(OCC(O)CO)C1OC(C)CCCCC,sweet,sweet
COc1c(OC2OC(CO)C(O)C(O)C2O)cc(O)c2c(=O)c(-c3ccc(O)cc3)coc12,sweet,sweet
COc1cc(O)c2c(=O)c(-c3cc(OC)c(OC)c(OC4OC(COC5OC(CO)C(O)C5O)C(O)C(O)C4O)c3)coc2c1,sweet,sweet
CCCCCCC(=O)OC,sweet,undefined
CCCCCC1OC1C=CC=O,undefined,undefined
CCCCCN(CCC)c1ncnc2c1ncn2C1OC2COP(=O)(O)OC2C1O,sweet,sweet
Nc1ncnc2c1ncn2C1CC(O)C(COP(O)(O)=S)O1,sweet,sweet
CC(C)Oc1ccc(NC(N)=O)cc1F,sweet,sweet
CCC(C)C(NC(=O)CNC(=O)C(Cc1ccccc1)NC(=O)C(N)CC(N)=O)C(=O)O,sweet,sweet
O=C(O)CCC([N+](=O)[O-])([N+](=O)[O-])[N+](=O)[O-],sour,sour
N#Cc1cccc2c1S(=O)(=O)NC2=O,sweet,sweet
COc1ccc(C2OC(=O)c3ccccc32)cc1,undefined,undefined
CC(C)CC(NC(=O)C(Cc1ccccc1)NC(=O)CNC(=O)C(N)CC(=O)O)C(=O)O,sweet,sweet
CCC(C)C(NC(=O)C(N)Cc1ccccc1)C(=O)NC(CC(C)C)C(=O)NC(CC(N)=O)C(=O)O,sweet,sweet
CCC1OC(=O)C(C)C(OC2CC(C)(OC)C(O)C(C)O2)C(C)C(OC2OC(C)CC(N(C)C)C2O)C(C)(OC)CC(C)C(=O)C(C)C(O)C1(C)O,bitter,bitter
O=C(O)[C@@H]1C[C@H]1c1cccc([N+](=O)[O-])c1,sour,sour
CC(C)P(=O)(O)OP(=O)(O)OCC1OC(n2cnc3c(N)ncnc32)C(O)C1O,sweet,sweet
CC(C)CC=O,sour,undefined
CC(N)C(=O)NC(CCCCN)C(=O)NC(CC(=O)O)C(=O)NC(Cc1ccccc1)C(=O)O,sweet,sweet
CC(C)c1cccc(=O)c(O)c1,sour,sour
O=c1c(O)c(-c2ccc(O)c(O)c2)oc2cc(O)cc(OC3OC(CO)C(O)C(O)C3O)c12,sweet,sweet
CC(=O)C=CC(=O)C=O,bitter,undefined
CC(C)c1ccc(CO)cc1,undefined,undefined
CCC(C)C(NC(=O)C(N)CC(N)=O)C(=O)NC(C)C(=O)NC(Cc1ccccc1)C(=O)O,sweet,sweet
CC(C)C(N)C(=O)NC(CCC(N)=O)C(=O)NC(CC(=O)O)C(=O)NC(Cc1ccccc1)C(=O)O,sweet,sweet
O=C(O)CN(CC(=O)O)C1(C(=O)O)CCCC1,sour,sour
OCCCOC1C(O)C(CO)OC(OC2C(CO)OC(O)C(O)C2O)C1O,sweet,sweet
NCC(=O)NC(CC(=O)O)C(=O)NC(Cc1ccccc1)C(=O)NC(Cc1ccccc1)C(=O)O,sweet,sweet
COc1ccc(C2OCc3ccccc3S2)cc1OC(=O)Nc1ccccc1,sweet,sweet
O=C(O)CC1CCCC1=O,sour,sour
O=C(O)/C=C\c1cc(Br)ccc1O,sour,sour
O=c1cnc2c(=O)nc[nH]c2[nH]1,sour,sour
CC=CC(=O)C1=C(C)C=CCC1(C)C,sweet,undefined
CCCCCCCC(=O)OCC(COC(=O)CCCCCCC)OC(=O)CCCCCCC,undefined,bitter
Nc1ncnc2c1ncn2C1OC(CO[P](=O)O)C([O])C1O,sweet,sweet
CC(=O)c1nc(C)cnc1C,undefined,undefined
CC(CC(=O)O)c1ccccc1,sour,sour
CCC1OC(OC2C(CO)OC(OC)C(O)C2O)C(O)C(O)C1O,sweet,sweet
CC(N=O)=NO,sour,sour
CCOC(=O)CC(C)CC,undefined,sweet
OCC1CC(OC2OC(CO)CC(O)C2O)C(O)C(O)O1,sweet,sweet
COc1c(OC2OC(CO)C(O)C(O)C2O)cc2oc(-c3ccc(O)c(O)c3)cc(=O)c2c1O,sweet,sweet
CC(C)C(NC(=O)C(CS)NC(=O)C(N)CC(=O)O)C(=O)NC(Cc1ccccc1)C(=O)O,sweet,sweet
NC(=O)CC(NC(=O)C(N)CO)C(=O)NC(CC(=O)O)C(=O)NC(Cc1ccccc1)C(=O)O,sweet,sweet
CNCC(=O)NC(Cc1ccccc1)C(=O)O,sweet,sweet
CCOCCOc1ccc([N+](=O)[O-])cc1N,sweet,sweet
COc1ccc(C2COc3ccccc3O2)cc1O,sweet,sweet
COC1OC(C)C(OC2OC(CO)C(O)C(O)C2O)C(O)C1O,sweet,sweet
CC1(C)CC(=O)C2(C)CCC3(C)C(=CCC4C5(C)CCC(OC6OC(C(=O)O)C(O)C(O)C6OC6OC(CO)C(O)C(O)C6O)C(C)(C)C5CCC43C)C2C1,sweet,sweet
CC(C)O,bitter,undefined
CONC(=O)Nc1ccc(OC)cc1,sweet,sweet
CCOc1ccc(N(C)C(N)=O)cc1,sweet,sweet
C=CCCN=C=S,undefined,undefined
CCCCCCCCCOC1C(O)OC(CO)C(O)C1O,sweet,sweet
Nc1ncnc2c1ncn2C1OC(COP(=S)(Cl)Cl)C(O)C1O,sweet,sweet
CC1CCCCN1,undefined,undefined
COc1cccc(S)c1,sour,sour
NC(CO)C(=O)NC(CO)C(=O)NC(CC(=O)O)C(=O)NC(Cc1ccccc1)C(=O)O,sweet,sweet
C=C(C)C1CCC2=CCCC(C)C2(C)C1,sweet,undefined
CCCCC1CCCC(=O)O1,sweet,sweet
CCOC(=O)c1cc(=O)c(O)c(C(=O)OCC)o1,sour,sour
CC(=O)N1C(=O)c2ccccc2S1(=O)=O,sweet,sweet
CC1(C(=O)O)CCC2(C)CCC3(C)C(=CC(=O)C4C3CCC3C(C)(C)C(OC5OC(C(=O)O)C(OC6OC(C(=O)O)C(O)C(O)C6O)C(O)C5O)CCC43C)C2C1,sweet,sweet
O=c1oc2ccccc2c(O)c1Cc1c(O)c2ccccc2oc1=O,bitter,bitter
COc1c(O)cc(-c2oc3cc(O)cc(O)c3c(=O)c2OC2OC(CO)C(O)C(O)C2O)cc1O,sweet,sweet
NC(=O)CC(N)C(=O)NC(CC(N)=O)C(=O)NCC(=O)NC(Cc1ccccc1)C(=O)O,sweet,sweet
O=CC(O)C(OS(=O)(=O)O)C(O)C(O)CO,sweet,sweet
CCCC(=O)OCSC,undefined,undefined
COC(=O)C1CC(O)CC2C1C1CC3(OC(c4ccoc4)CC23C)C(=O)O1,bitter,bitter
CC(C=CC=C(C)C(=O)OC1OC(COC2OC(CO)C(O)C(O)C2O)C(O)C(O)C1O)=CC=CC=C(C)C=CC=C(C)C(=O)OC1OC(COC2OC(CO)C(O)C(O)C2O)C(O)C(O)C1O,bitter,bitter
CCC=S=O,undefined,undefined
COC(=O)C(CCCNC(C)=O)NC(=O)C(N)CC(=O)O,sweet,sweet
NCC(=O)NC(CC(N)=O)C(=O)NC(Cc1ccccc1)C(=O)NC(CC(N)=O)C(=O)O,sweet,sweet
CCCCCCCCOC(=O)CC,sweet,undefined
OCC1OC(OCC2CC(O)C(O)C(O)(CO)O2)C(O)C(O)C1O,sweet,sweet
C=C1CC23CCC4C(C)(C(=O)OC5OC(COC(=O)/C=C/c6ccc(O)c(O)c6)C(O)C(O)C5O)CCCC4(C)C2CCC1(OC1OC(CO)C(O)C(O)C1O)C3,bitter,sweet
NCCOc1ccc([N+](=O)[O-])cc1[N+](=O)[O-],sweet,sweet
COP(=O)(O)OCC1OC(n2[c]nc3c(N)ncnc32)C(O)C1OP(=O)(O)OC,sweet,sweet
O=Cc1cc2ccccc2o1,bitter,sweet
OCC1OC(OC2C(CO)OCC(F)C2O)C(O)C(O)C1O,sweet,sweet
CSCCC(N)C(=O)NC(CC(=O)O)C(=O)NC(Cc1ccccc1)C(=O)O,sweet,sweet
COc1cc2ccc(=O)oc2c(O)c1O,sour,bitter
CCC=CC=CC=O,undefined,undefined
CC1(C)CCC2(C(=O)OC3OC(CO)C(O)C(O)C3O)CCC3(C)C(=CCC4C5(C)CCC(OC6OC(C(=O)O)C7OC(O)(C(=O)O)C(OCC(=O)O)OC7C6O)C(C)(C(=O)O)C5CCC43C)C2C1,sweet,sweet
CC1CCC2(C(=O)OC3OC(CO)C(O)C(O)C3O)CCC3(C)C(=CCC4C5(C)CCC(OC6OCC(O)C(OC7OC(CO)C(O)C(O)C7O)C6O)C(C)(C)C5CCC43C)C2C1(C)O,bitter,sweet
O=CC(O)C(O)C(O)C(O)CO[As](=O)(O)O,sweet,sweet
Nc1ncnc2c1nc(I)n2C1CC(O)C(COP(=O)(O)OP(=O)(O)OP(=O)(O)O)O1,sweet,sweet
CC(C)CC(N)C(=O)NC(C)C(=O)NC(CC(=O)O)C(=O)NC(Cc1ccccc1)C(=O)O,sweet,sweet
O=C(O)c1cccc(C=C[N+](=O)[O-])c1,sour,sour
[CH]C1OC(O)CC(O)C1O,sweet,sweet
COC(=O)C(Cc1ccccc1)NC(=O)C(CC(=O)O)NC(=O)C1CCCN1,sweet,sweet
CC(NC(=O)C(N)Cc1ccccc1)C(=O)NC(CC(N)=O)C(=O)NC(CCCCN)C(=O)O,sweet,sweet
CC(O)C(NC(=O)C(N)CC(=O)O)C(=O)NCC(=O)NC(Cc1ccccc1)C(=O)O,sweet,sweet
NC(CC(=O)O)C(=O)NC(Cc1ccccc1)C(=O)OCCc1ccccc1,sweet,sweet
CCCOC1OC(C)C(O)C(O)C1O,sweet,sweet
O=C1c2c(O)cc(O)cc2OC(c2ccc(O)c(O)c2)C1OC1OC(CO)C(O)C(O)C1O,sweet,sweet
CCCC(C)C=O,undefined,undefined
CCC(C)OC1OC(C)C(O)CC1O,sweet,sweet
CC(C)C(CC(=O)O)(CC(=O)O)C(C)C,sour,sour
CCOC(=O)C(C)S,undefined,undefined
C=C1CC23CCC4C(C)(C(=O)OC5OC(CO)C(O)C(OC6OC(CO)CC(O)C6O)C5OC5OC(CO)C(O)C(O)C5O)CCCC4(C)C2CCC1(OC1OC(CO)C(O)C(OC2OC(CO)CC(O)C2O)C1OC1OC(CO)C(O)C(O)C1O)C3,sweet,sweet
COc1cc(-c2cc(=O)c3c(O)c(C4OC(CO)C(O)C(O)C4OC4OC(CO)C(O)C(O)C4O)c(O)cc3o2)ccc1O,sweet,sweet
CC1CC(C)C(=O)C1=O,sweet,sweet
SCc1cccs1,undefined,undefined
CCCCCS(=O)(=O)NC(=Nc1ccc(C#N)cc1)NCC(=O)O,sweet,sweet
C#CC1OC(O)C(O)C(O)C1O,sweet,sweet
COCC1OC(OC2C(Oc3cc(O)c4c(=O)cc(-c5ccc(O)cc5)oc4c3O)OC(CO)C(O)C2O)C(O)C(O)C1O,sweet,sweet
COP(=O)(OP(=O)(O)O)OP(=O)(O)OCC1OC(n2cnc3c(N)ncnc32)C(O)C1O,sweet,sweet
CN(C(=Nc1ccc(C#N)cc1)NCC(=O)O)C1CCCCCCC1,sweet,sweet
CC(C)CC(NC(=O)C(C)NC(=O)C(Cc1ccccc1)NC(=O)C(N)CC(=O)O)C(=O)O,sweet,sweet
COCC1OC(OC)C(OCCO)C(O)C1O,sweet,sweet
CCN1CC2(COC)CCC(O)C34C5CC6C(OC)CC(O)(C5C6OC)C(O)(C(OC)C23)C14,bitter,bitter
NCCCCC(NC(=O)C(CCCCN)NC(=O)C(CC(=O)O)NC(=O)C(N)Cc1ccccc1)C(=O)O,sweet,sweet
CC(=O)OC1C(C(=O)O)OC(OC2C(O)CC3(C)C(CCC4(C)C3CC=C3C5CC(C)(C)CCC5C(O)C(=O)C34C)C2(C)C(=O)O)C(O)C1O,sweet,sweet
CC(C)CC(NC(=O)C(N)Cc1ccccc1)C(=O)NCC(=O)NC(CC(=O)O)C(=O)O,sweet,sweet
COc1ccccc1C,sweet,undefined
O=c1cc(-c2cc(O)c(O)c(O)c2)oc2cc(O)cc(O)c12,bitter,bitter
Nc1ncnc2c1ncn2C1OC(COP(=O)(O)O)C(OS(=O)(=O)O)C1O,sweet,sweet
CC1=CC=C(C(C)C)CC1,bitter,undefined
O=C(O)C1=CCCCC1C(=O)O,sour,sour
COc1ccc(-c2coc3cc(OC4OC(COC(C)=O)C(O)C(O)C4O)ccc3c2=O)cc1O,sweet,sweet
COC1OC(CO)C2OC(C)(C)OC2C1OC,sweet,sweet
O=C1c2ccccc2S(=O)(=O)N1Cl,sweet,sweet
COc1c(OC2OC(C)C(O)C(OC3OC(CO)C(O)C(O)C3O)C2O)cc2oc(-c3ccccc3)cc(=O)c2c1O,sweet,sweet
C=CC1C(OC2OC(CO)C(O)C(O)C2OC(=O)c2c(O)cc(O)cc2-c2cccc(O)c2)OC=C2C(=O)OCCC21,bitter,bitter
CCC1=C(O)C(=O)CC1,sweet,sweet
Nc1nc(F)nc2c1ncn2C1OC(COP(=O)(O)OP(=O)(O)OCC2OCC(O)C2O)C(O)C1O,sweet,sweet
O=C(O)CC(=O)OCC1OC(Oc2cc(O)c3c(=O)c(-c4ccc(O)cc4)coc3c2)C(O)C(O)C1O,bitter,undefined
CC(C)C(NC(=O)C(Cc1ccccc1)NC(=O)C(CC(=O)O)NC(=O)C(N)CC(=O)O)C(=O)O,sweet,sweet
COc1cc(-c2cc(=O)c3c(O)c(C4OC(CO)C(O)C(O)C4O)c(OC4OC(COC5OC(C)C(O)C(O)C5O)C(O)C(O)C4O)cc3o2)ccc1O,sweet,sweet
OCC1OC(O)C(OC2(CO)OC(CO)C(O)C2O)C(O)C1O,sweet,sweet
OCC1OC(O)C(F)(F)C(O)C1O,sweet,sweet
O=C(OCC1OC(O)C(O)C(O)C1O)c1ccccc1,bitter,bitter
O=C(O)C[Se]c1ccc([N+](=O)[O-])cc1,sour,sour
Nc1ncnc2c1ncn2C1OC(COP(=O)(O)CCl)C(O)C1O,sweet,sweet
CC1(C)CCC2(C(=O)OC3OC(CO)C(O)C(O)C3O)CCC3(C)C(=CCC4C5(C)CCC(OC6OC(C(=O)O)C(O)C(O)C6OC6OC(CO)C(O)C(O)C6O)C(C)(CO)C5CCC43C)C2C1,sweet,sweet
CCC(C)C(NC(=O)C(CC(=O)O)NC(=O)C(N)CCC(N)=O)C(=O)NC(Cc1ccccc1)C(=O)O,sweet,sweet
CC1(C)CCC2(C(=O)O)C(O)CC3(C)C(=CCC4C5(C)CCC(OC6OC(C(=O)O)C(O)C(O)C6O)C(C)(CO)C5C(O)CC43C)C2C1,sweet,sweet
CCC(C)C(NC(=O)C(CC(=O)O)NC(=O)C(Cc1ccccc1)NC(=O)C(N)CCC(N)=O)C(=O)O,sweet,sweet
COC(=O)C(Cc1ccccc1)NC(=O)C(C)NC(=O)CC1CCCCC1,sweet,sweet
COc1ccc(-c2coc3c(OC4OC(CO)C(O)C(O)C4O)c(O)ccc3c2=O)cc1O,sweet,sweet
COC(=O)C(Cc1ccccc1)NC(=O)C(C)NC(=O)C(N)C(C)C,sweet,sweet
OCC1OC(OOOC2OC(CO)C(O)C(O)C2O)C(O)C(O)C1O,sweet,sweet
NC(CC(=O)O)C(=O)NC(CC(=O)O)C(=O)NC(Cc1ccccc1)C(=O)O,sweet,sweet
O=C(CCCCC=Cc1ccc2c(c1)OCO2)N1CCCCC1,undefined,undefined
O=C(O)OC1OC(CO)C(OC2OC(CO)C(O)C(O)C2O)C(O)C1O,sweet,sweet
OCC1OC(OCl)C(O)C(O)C1O,sweet,sweet
CC12CCC(O)CC1(O)CCC1C2CCC2(C)C(C3=CC(=O)OC3)CCC12O,bitter,bitter
OCC(O)C(O)C(O)C(O)COC1OCC(O)C(O)C1O,sweet,sweet
ON=CC1=CCCC1,sweet,sweet
OCC1OC(O)C(O)C(O)[C]1OC1OC(CO)C(O)C(O)C1O,sweet,sweet
OC1COC(OF)C(O)C1O,sweet,sweet
CC(=O)OCC1OC(OC2(CO)OC(CO)C(O)C2O)C(O)C(O)C1Cl,sweet,sweet
CCCCCCC(C)NC(=O)CCC(=O)NC(Cc1ccccc1)C(=O)OC,sweet,sweet
CCCCCCCC,undefined,undefined
C=C1C2CCC3C45COC(O)(C(O)C4C(C)(C)C=CC5=O)C3(C2)C1OC(C)=O,bitter,bitter
CCC=CCCC1CCC(=O)O1,undefined,undefined
S,undefined,undefined
NOC(CO)C(O)C(O)C(O)CO,sweet,sweet
OCC(O)C(O)C(O)C(CO)OC1OC(CO)C(O)C(O)C1O,sweet,sweet
NC(=O)CC(NC(=O)C(CC(N)=O)NC(=O)C(Cc1ccccc1)NC(=O)C(N)CC(=O)O)C(=O)O,sweet,sweet
CC(N)C(=O)NCC(=O)NC(C)C(=O)NC(Cc1ccccc1)C(=O)O,sweet,sweet
CCCCC1COC(=O)CO1,undefined,undefined
COC(=O)C(Cc1ccccc1I)NC(=O)C(N)CC(=O)O,sweet,sweet
CCC(C)C(NC(=O)C(CC(C)C)NC(=O)C(N)CC(N)=O)C(=O)NC(Cc1ccccc1)C(=O)O,sweet,sweet
OCC1(O)CCC(O)C(O)C1O,sweet,sweet
CC1OC(Oc2ccc(C(=O)C=Cc3ccc(O)c(O)c3)c(O)c2O)C(O)C(O)C1O,sweet,sweet
COc1cc(O)c2c(=O)cc(-c3ccc(O)c(O)c3)oc2c1C1OC(CO)C(O)C(O)C1OC1OCC(O)C(O)C1O,sweet,sweet
Cc1nc2c(N)ncnc2n1C1OC(COP(=O)(Cl)Cl)C(O)C1O,sweet,sweet
COC(=O)C(Cc1ccccc1)NC(=O)C(CC(=O)O)NCCCc1ccc(OC)c(O)c1,sweet,sweet
OCC(O)C1OC(OC2C(O)C(O)OC(CO)C2O)C(O)C1O,sweet,sweet
COC(=O)CCCNC(=O)C(N)CC(=O)O,sweet,sweet
O=C(O)c1ccc(C(=O)O)c(NCCO)c1,sour,sour
COc1ccc(-c2oc3cc(OC4OC(COC5OC(C)C(O)C(O)C5O)C(OC5OC(CO)C(O)C(O)C5O)C(O)C4O)cc(O)c3c(=O)c2O)cc1O,sweet,sweet
CC=C(C=O)C(CC=O)CC(=O)OCCc1ccc(O)cc1,bitter,bitter
O=P(O)(O)OCCCc1ccccn1,sour,sour
CC(C)CC(N)C(=O)NC(CC(=O)O)C(=O)NC(CCCCN)C(=O)NC(Cc1ccccc1)C(=O)O,sweet,sweet
CC(NC(=Nc1cnc2ccccc2c1)NCC(=O)O)c1ccccc1,sweet,sweet
CC(=O)OC1C(OC2C(OC3CCC4(C)C(CCC5(C)C4C(=O)C=C4C6CC(C)(C(=O)O)CCC6(C)CCC45C)C3(C)C)OC(C(=O)O)C(OC(C)=O)C2OC(C)=O)OC(C(=O)O)C(OC(C)=O)C1OC(C)=O,sweet,sweet
OCC1OC(O)C(OF)C(OF)C1O,sweet,sweet
O=C(C=Cc1ccccc1)OC1CCCCC1,undefined,undefined
C=CC[S+]([O-])CC(N)C(=O)O,undefined,bitter
COC1OC(COC2OC(C(O)CO)C(O)C2O)C(O)C(O)C1O,sweet,sweet
O=C(O)[C@H]1CCCCCC[C@H]1C(=O)O,sour,sour
CCCCCCCCCCCC1OC(O)C(O)C(O)C1O,sweet,sweet
Nc1nc2c(c(C(=O)O)n1)CCCC2,sour,sour
COc1cc(-c2cc(=O)c3cc(OC4OC(C)C(O)C(O)C4O)c(O)cc3o2)ccc1O,sweet,sweet
COC(=O)C(Cc1ccccc1)NC(=O)C(C)NC(=O)CC1CCCC1,sweet,sweet
CC(C)(C)NC(=O)Nc1ccc(OCC#N)cc1,sweet,sweet
OCC1(O)OC[C](O)C(O)C1O,sweet,sweet
COC1CC(CO)OC(OC)C1O,sweet,sweet
O=c1c(-c2ccc(O)cc2)coc2c(O)c(OC3OC(CO)C(O)C(O)C3O)ccc12,sweet,sweet
CN(C(=O)C(N)CC(=O)O)C(Cc1ccccc1)C(=O)O,sweet,sweet
COC(=O)C1(NC(CC(=O)O)C(=O)NCc2ccccc2)CCCCC1,sweet,sweet
Nc1ncnc2c1ncn2C1OC(COP(=O)(O)OP(=O)(O)O)CC1O,sweet,sweet
NCCCCC(NC(=O)C(CC(=O)O)NC(=O)C(CCC(N)=O)NC(=O)C(N)Cc1ccccc1)C(=O)O,sweet,sweet
CC1=C2C3OC(=O)C(C)C3C(O)CC2(C)C=CC1=O,bitter,bitter
CN(C(=O)C(CC(=O)O)NC=O)C(Cc1ccccc1)C(=O)O,sweet,sweet
COCC1OC(OC2C(O)OC(CO)C(O)C2OC)C(O)C(O)C1O,sweet,sweet
C=C1CC23CCC4C(C)(C(=O)O)CCCC4(C)C2CCC1(OC1OC(CO)C(O)C(OC2OC(CO)C(O)C(O)C2OC2OC(CO)C(O)C(O)C2O)C1O)C3,sweet,sweet
CCC(O)C(O)C(OCCO)OC1CC(O)COC1CO,sweet,sweet
CCCCCCOC(=O)C(C)CC,undefined,undefined
O=C(O)c1cc([N+](=O)[O-])cc([N+](=O)[O-])c1,sour,sour
CCCCCCC(=O)CCOC(C)=O,undefined,undefined
OCC(O)C1OCC(O)C1O,sweet,sweet
CCCOP(=O)(O)OCC1OC(n2cnc3c(N)ncnc32)C(O)C1O,sweet,sweet
CCSCC,undefined,undefined
CC(C)c1ccc(CC=O)cc1,undefined,undefined
CCC=CCCCO,undefined,undefined
O=CNC(CC(=O)O)C(=O)NC(Cc1ccccc1)C(=O)O,sweet,sweet
OCC1OC(OO)C(O)C(O)C1O,sweet,sweet
C/C(=C/C(=O)O)C(=O)O,sour,sour
COc1cc2oc(-c3ccc(O)c(O)c3)cc(=O)c2c(O)c1OC1OC(COC2OC(C)C(O)C(O)C2O)C(O)C(O)C1O,sweet,sweet
COC1OC(COS(=O)OC)C(O)C(O)C1OS(=O)OC,sweet,sweet
OCC1OC(OC2(C(O)CC3CO3)OC(CO)C(O)C2O)C(O)C(O)C1O,sweet,sweet
CCCCCC=CC(C)=O,undefined,undefined
OO,bitter,undefined
CC(NC(=Nc1cccc(Br)c1)NCC(=O)O)c1ccccc1,sweet,sweet
C=C(C)C1CCC2(C)CCCC(=C)C2C1,undefined,undefined
OC1CCN2Cc3ccccc3N=C12,bitter,bitter
CN(C)Cc1cc(F)cc(CN(C)C)c1O,sour,sour
NC(CC(=O)O)C(=O)NC(CC(=O)O)C(=O)NCC(=O)NCC(=O)NC(CO)C(=O)NC(Cc1ccccc1)C(=O)O,sweet,sweet
CCCC=CCCCCC(=O)O,undefined,undefined
CCOC(=O)C[N+](=O)[O-],sour,sour
OCC1OC(OCC2OC(OCC3OCC(O)(O)C(O)C3O)C(O)C(O)C2O)C(O)C(O)C1O,sweet,sweet
CC12CC(c3ccoc3)OC(=O)C1CC(OC1OC(CO)C(O)C(O)C1O)=C1C3CC(CC12)OC3=O,bitter,bitter
CCCCCCCOC(=O)CCC,sweet,undefined
O=CC(O)C(O)C(O)C(O)C(O)C(O)CO,sweet,sweet
COc1cccc(C(N)C(=O)O)c1,sour,sour
O=C(O)C1OC(Oc2cc3oc(-c4ccccc4)cc(=O)c3c(O)c2O)C(O)C(O)C1O,bitter,sweet
CCc1ncc(C)nc1CC,undefined,undefined
CC1OC(OC2CC(C)(C)CC3C4=CC(=O)C5C6(C)CCC(OC7OC(C(=O)O)C(O)C(O)C7OC7OC(C(=O)O)C(O)C(O)C7O)C(C)(C)C6CCC5(C)C4(C)CCC23C)C(O)C(O)C1O,sweet,sweet
CC1OC(OC2CC(C)(C)CC3C4=CC(=O)C5C6(C)CCC(OC7OC(C(=O)O)C(O)C(O)C7OC7OC(CO)C(O)C(O)C7O)C(C)(CO)C6CCC5(C)C4(C)CCC23C)C(O)C(O)C1O,sweet,sweet
CC(=O)OC1C(O)C2(COC(=O)CC(C)C)C(OC(C)=O)CC3(C)C(=CCC4C5(C)CCC(OC6OC(C(=O)O)C(O)C(O)C6OC6OC(CO)C(O)C(O)C6O)C(C)(C)C5CCC43C)C2CC1(C)C,sweet,sweet
COC1C(O)C(CO)OC(OC2C(CO)OC(OCC(O)CO)C(O)C2O)C1O,sweet,sweet
CCCCC#Cc1nc(N)c2ncn(C3OC(COP(=O)(O)O)C(O)C3O)c2n1,sweet,sweet
Nc1nc(F)nc2c1ncn2C1OC(CO)C(OP(=O)(O)O)C1O,sweet,sweet
CCn1cc(C(=O)O)c(=O)c2cnc(N3CCNCC3)nc21,bitter,bitter
CCC(C)C(NC(=O)C(CC(=O)O)NC(=O)C(N)Cc1ccccc1)C(=O)NC(CCCCN)C(=O)O,sweet,sweet
CC(=O)OCc1ccc(C)cc1,sweet,sweet
CNc1ncnc2c1ncn2C1OC(COP(=O)(O)O)CC1O,sweet,sweet
Nc1ncnc2c1ncn2C1OC(COP(=O)(O)OP(=O)(O)OP(=O)(O)O)C(OP(=O)(O)OP(=O)(O)O)C1O,sweet,sweet
CCCCOC(=O)C(Cc1ccccc1)NC(=O)C(N)C(C)C,sweet,sweet
O=[As](O)(O)c1ccccc1O,sour,sour
SCc1ccccn1,undefined,undefined
Nc1nc(F)nc2c1ncn2C1OC(COP=O)C(O)C1O,sweet,sweet
CC1OC(Oc2cc(C3Oc4cc(O)cc(O)c4C(=O)C3O)ccc2O)C(O)C(O)C1O,sweet,sweet
CC1(C(=O)O)C=C2C3CCC4C5(C=O)CCC(OC6OC(C(=O)O)C(O)C(O)C6OC6OC(C(=O)O)C(O)C(O)C6O)C(C)(C)C5CCC4(C)C3(C)CCC2(C)CC1,sweet,sweet
CC(C)=CCCC(C)=CCCC(=CCCC(C)=CCO)CO,bitter,undefined
COc1ccc(C=CC(=O)c2c(O)cc(OC3OC(COC4OC(C)C(O)C(C)C4O)C(O)C(O)C3O)cc2OC)cc1O,sweet,sweet
COc1ccc(NS(=O)(=O)c2ccc(N)cc2)nn1,bitter,bitter
CC1OC(Oc2c(O)c(OC3OCC(O)C(O)C3O)c(O)c3c(=O)cc(-c4ccc(O)cc4)oc23)C(O)C(O)C1O,sweet,sweet
CCOC(=O)CC1(C)OCC(C)O1,undefined,undefined
CC(NC(=O)C(N)Cc1ccccc1)C(=O)NCC(=O)NC(CC(N)=O)C(=O)O,sweet,sweet
CCCCCCCCCCCCOCC(O)COC1OC(CO)C(O)C(O)C1O,sweet,sweet
O=Cc1ncccc1O,sour,sour
CC1(C)CC(O)C2(C)CCC3(C)C(=CCC4C5(C)CCC(OC6OC(C(=O)O)C(O)C(O)C6OC6OC(CO)C(O)C(O)C6O)C(C)(CO)C5CCC43C)C2C1,sweet,sweet
COC(=O)C(NC(=O)C(N)CC(=O)O)C(=O)OC1CC2CCC1(C)C2(C)C,sweet,sweet
O=C(O)c1ccc(Cl)c(Cl)c1,sour,sour
COc1ccc2c(c1OC)C13CCN(C)C(C2)C1(O)CCC(O)C3,bitter,bitter
CCC(C)C(NC(=O)C(CCC(N)=O)NC(=O)C(Cc1ccccc1)NC(=O)C(N)CC(=O)O)C(=O)O,sweet,sweet
CCC(C)C(N)C(=O)NC(CC(N)=O)C(=O)NCC(=O)NC(Cc1ccccc1)C(=O)O,sweet,sweet
NCCCCC(NC(=O)C(Cc1ccccc1)NC(=O)C(CC(=O)O)NC(=O)C(N)CC(N)=O)C(=O)O,sweet,sweet
OCC1(O)OC(CCl)C(O)C1O,sweet,sweet
CC1OC(OC2C(Oc3c(-c4ccc(O)c(O)c4)oc4cc(O)cc(O)c4c3=O)OC(C)C(O)C2O)C(O)C(O)C1O,sweet,sweet
COC1OC(C)C(O)C(O)C1O,sweet,sweet
NCCCCCCNc1nc2c(N)ncnc2n1C1OC(CO)C(O)C1OP(=O)(O)O,sweet,sweet
CC1(C(=O)O)CCC2(C)CCC3(C)C(=CC(=O)C4C5(C)CCC(OC6OC(C(=O)O)C(O)C(O)C6OC6OCC(O)C(O)C6O)C(C)(C)C5CCC43C)C2C1,sweet,sweet
CC(=O)NC(CC(=O)O)C(=O)NC(Cc1ccccc1)C(=O)O,sweet,sweet
C=C(C)C1CC2(O)C(CC3C(=O)C(C(=O)C(C)C)=C(O)C32O)C1(C)C,bitter,bitter
O=c1c(COC2OC(CO)C(O)C(O)C2O)c(-c2ccc(OCCO)c(OCCO)c2)oc2cc(OCCO)cc(O)c12,sweet,sweet
CCC1CN2CCc3cc(OC)c(OC)cc3C2CC1CC1NCCc2cc(O)c(OC)cc21,bitter,bitter
O=CC(F)(OF)C(O)C(O)C(O)CO,sweet,sweet
CCC(C)C(NC(=O)C(CC(=O)O)NC(=O)C(N)Cc1ccccc1)C(=O)O,sweet,sweet
COc1ccc(-c2oc3cc(O)cc(O)c3c(=O)c2O)cc1OC1OC(OC(=O)O)C(O)C(O)C1O,sweet,sweet
CCOCc1ccco1,sweet,sweet
Nc1ncnc2c1ncn2C1OC(COP(=O)(O)OCP(=O)(O)OP(=O)(O)O)C(O)C1O,sweet,sweet
CCOC(=O)C1NC1C(=O)NC(Cc1ccccc1)C(=O)NC1CCCCC1,sweet,sweet
N#Cc1c(O)cccc1[N+](=O)[O-],sour,sour
COCC(O)C(O)C1OCOC(CO)C1O,sweet,sweet
COc1cc(O)c2c(=O)cc(-c3cc(OC)c(OC)c(OC4OC(CO)C(O)C(O)C4O)c3OC)oc2c1,sweet,sweet
COC(=O)C1OC(OC2CCC3(C)C(CCC4(C)C3CC=C3C5CC(C)(C)CC(O)C5(COC5OC(C)C(O)C(O)C5O)C(OC(C)=O)CC34C)C2(C)C)C(O)C(OC2OC(CO)C(O)C(O)C2O)C1O,sweet,sweet
CN(CCO)P(=O)(O)OP(=O)(O)OP(=O)(O)OCC1OC(n2cnc3c(N)ncnc32)C(O)C1O,sweet,sweet
CSCCCCCCN=C=S,undefined,undefined
COC(=O)C1OC(C2C(O)CC3(C)C(CCC4(C)C3CC=C3C5CC(C)(C)CCC5(C(=O)OC5OC(CO)C(O)C(O)C5O)CCC34C)C2(C)C)C(O)C(OC2OC(CO)C(O)C(OC3OCC(O)C(O)C3O)C2O)C1O,sweet,sweet
COC1C(CO)OC(O)C(O)C1O,sweet,sweet
Cc1ccc(N=NC(=NNc2ccccc2)c2ccc(C)cc2)cc1,sweet,sweet
O=c1[nH]nc(Br)c(=O)[nH]1,sour,sour
OCC1(O)OCC(F)C(O)C1O,sweet,sweet
CC(C)C(N)C(=O)NC(CC(=O)O)C(=O)NC(CC(N)=O)C(=O)NC(Cc1ccccc1)C(=O)O,sweet,sweet
OCC1OC(O)(OC2OCC(O)C(O)C2O)C(O)C(O)C1O,sweet,sweet
OC1CC(O)C(O)C(O)C1O,undefined,sweet
OC1COC(OC(O)C2(O)OCC(O)C(O)C2O)C(O)C1O,sweet,sweet
CC1OC(OC(C(O)CO)C(O)C(O)CO)C(O)C(O)C1O,sweet,sweet
CCOC1OC(C)C(O)C(O)C1O,sweet,sweet
CC(C)C1C=CC(=O)CC1,undefined,undefined
CC(=O)OC1(C)CCC23CC1C(C)(C)C2CCC3C,undefined,undefined
CC(CCC(=O)C(C)C1C(O)CC2C3CCC4CC(OC5OC(CO)C(OC6OC(C)C(O)C(O)C6O)C(O)C5O)CCC4(C)C3CCC21C)COC1OC(CO)C(O)C(O)C1O,sweet,sweet
OC[C]1OC(O)C(OC2(CO)OC(CO)C(O)C2O)C(O)C1O,sweet,sweet
COC(=O)C(Cc1ccccc1)NC(=O)CN1CCN(C(C)=O)CC1,sweet,sweet
CCCCSCCCC,undefined,undefined
CC1OC(OC2C(OC3C(OC4CCC5(C)C(CCC6(C)C5CC=C5C7CC(C)(C)CC(=O)C7(C)CCC56C)C4(C)CO)OC(C(=O)O)C(O)C3O)OCC(O)C2O)C(O)C(O)C1O,sweet,sweet
Cn1c(=O)[nH]c(=O)c2[nH]c(=O)cnc21,sour,sour
CC(C)(OC(C)(C)C(=O)O)C(=O)O,sour,sour
CC(NC(=O)C(CCCCN)NC(=O)C(NC(=O)C(N)CC(=O)O)C(C)C)C(=O)NC(Cc1ccccc1)C(=O)O,sweet,sweet
C=CC(=O)N1C(=O)c2ccccc2S1(=O)=O,sweet,sweet
Nc1ncnc2c1nc(N)n2C1OC(COP(=O)(O)OP(=O)(O)OP(=O)(O)O)C(O)C1O,sweet,sweet
COc1cc2c3cc1Oc1c(OC)c(OC)cc4c1C(Cc1ccc(cc1)Oc1cc(ccc1O)CC3N(C)CC2)N(C)CC4,bitter,bitter
CC(C)C(NC(=O)C(CC(=O)O)NC(=O)C(CC(N)=O)NC(=O)C(N)Cc1ccccc1)C(=O)O,sweet,sweet
COc1ccc(OC(=O)c2ccccc2C(=O)O)cc1,sweet,undefined
CC1(C)CCC2(C(=O)O)CCC3(C)C(=CCC4C5(C)CCC(OC6OC(C(=O)O)C(O)C(OC7OC(CO)C(O)C(OC8OC(CO)C(O)C(O)C8O)C7O)C6O)C(C)(CO)C5CCC43C)C2C1,sweet,sweet
CC(NC(=O)C(N)CC(=O)O)C(=O)NC(Cc1ccccc1)C(=O)NCC(=O)O,sweet,sweet
CCCCCOCC1OC(O)CCC1OCCCCC,sweet,sweet
CC(C)CC(NC(=O)C(CC(=O)O)NC(=O)C(N)Cc1ccccc1)C(=O)NC(C(=O)O)C(C)C,sweet,sweet
CN1Cc2c(ccc3c2OCO3)C2C(O)Cc3cc4c(cc3C21)OCO4,bitter,bitter
CCCOc1ccc(NC(=O)Nc2ccccc2)cc1,sweet,sweet
OCC1(O)COC(Oc2cc(O)c3c(c2)OC(c2ccc(O)cc2)C(O)C3)C1O,bitter,sweet
CCN(CC(=O)N(C(=O)C(N)CC(=O)O)C(Cc1ccccc1)C(=O)O)C(=O)CCCC1CCNCC1,sweet,sweet
CCCCCCCCC(C)=O,undefined,undefined
C=C(C)C1CCC(C=O)CC1,undefined,undefined
NC(=O)CCC(NC(=O)C(Cc1ccccc1)NC(=O)C(N)CC(=O)O)C(=O)O,sweet,sweet
CC(NC(=O)CNC(=O)C(CC(=O)O)NC(=O)C(N)Cc1ccccc1)C(=O)O,sweet,sweet
COC1OC(CO)C(O)C1OC1OC(C)C(O)C(O)C1O,sweet,sweet
c1coc(COCc2ccco2)c1,undefined,undefined
O=S(=O)([O-])O.OCC1OC(O)C(OC2(CO)OC(CO)C(O)C2O)C(O)C1O.[Na+],sweet,sweet
Nc1nc(F)nc2c1ncn2C(O)C1OCC(OP(=O)(O)O)C1O,sweet,sweet
CCCCC(=O)OC(C)(C)C1CC=C(C)CC1,undefined,undefined
OCC1OC(OC2(CO)OC(CCl)C(Cl)C2O)C(O)C(O)C1Cl,sweet,sweet
NCCCCNCCCOP(=O)(OCC1OC(n2cnc3c(N)ncnc32)C(O)C1O)OP(=O)(O)O,sweet,sweet
CC1CC2=C(NCCC=C2)C1=O,bitter,bitter
CCCCCCCOC(C)=O,undefined,undefined
COC1OC(CO)C(O)C(O)C1OC,sweet,sweet
NC(CC(=O)O)C(=O)NC(CS)C(=O)NCC(=O)NC(Cc1ccccc1)C(=O)O,sweet,sweet
C=C1CC23CCC4C(C)(C(=O)OC5OC(CO)C(O)C(O)C5O)CCCC4(C)C2CCC1(OC1OC(CO)C(O)C(O)C1OC1OC(CO)C(O)C(O)C1OC1OC(CO)C(OC2OC(CO)C(O)C(O)C2O)C(O)C1O)C3,sweet,sweet
C=C(C)CCCC(C)CCOC(=O)Cc1ccccc1,undefined,undefined
O=C1CCCCC1=O,sweet,sour
CC(=O)C(=O)CC(C)C,sweet,sweet
COP(C)(=O)OCC1OC(n2cnc3c(N)ncnc32)C(O)C1O,sweet,sweet
O=C1CNC2=CNC(=O)NC2=N1,sour,bitter
COC(=O)C1OC(OC2C(OC3CCC4(C)C(CCC5(C)C4CC=C4C6CC(C)(C(=O)O)CCC6(C)CCC45C)C3(C)C)OC(C(=O)OC)C(O)C2O)C(O)C(O)C1O,sweet,sweet
