MaxAbsEStateIndex,MinAbsEStateIndex,MinEStateIndex,qed,SPS,MolWt,FpDensityMorgan1,AvgIpc,BalabanJ,Ipc,Kappa2,PEOE_VSA1,PEOE_VSA10,PEOE_VSA11,PEOE_VSA12,PEOE_VSA13,PEOE_VSA14,PEOE_VSA2,PEOE_VSA3,PEOE_VSA4,PEOE_VSA5,PEOE_VSA6,PEOE_VSA7,PEOE_VSA8,PEOE_VSA9,SMR_VSA1,SMR_VSA10,SMR_VSA2,SMR_VSA3,SMR_VSA4,SMR_VSA5,SMR_VSA6,SMR_VSA7,SMR_VSA9,SlogP_VSA1,SlogP_VSA10,SlogP_VSA11,SlogP_VSA12,SlogP_VSA2,SlogP_VSA3,SlogP_VSA4,SlogP_VSA5,SlogP_VSA7,SlogP_VSA8,TPSA,EState_VSA1,EState_VSA10,EState_VSA11,EState_VSA2,EState_VSA3,EState_VSA4,EState_VSA5,EState_VSA6,EState_VSA7,EState_VSA8,EState_VSA9,VSA_EState1,VSA_EState10,VSA_EState2,VSA_EState3,VSA_EState4,VSA_EState5,VSA_EState7,VSA_EState8,VSA_EState9,FractionCSP3,NHOHCount,NumAliphaticCarbocycles,NumAliphaticHeterocycles,NumAliphaticRings,NumAromaticHeterocycles,NumHAcceptors,NumHeteroatoms,NumRotatableBonds,NumSaturatedCarbocycles,NumSaturatedHeterocycles,NumSaturatedRings,RingCount,MolLogP,fr_Al_COO,fr_Al_OH,fr_Al_OH_noTert,fr_ArN,fr_Ar_COO,fr_Ar_N,fr_Ar_NH,fr_Ar_OH,fr_COO,fr_C_S,fr_HOCCN,fr_Imine,fr_NH0,fr_NH1,fr_NH2,fr_N_O,fr_Ndealkylation1,fr_Ndealkylation2,fr_SH,fr_aldehyde,fr_alkyl_carbamate,fr_alkyl_halide,fr_allylic_oxid,fr_amidine,fr_aniline,fr_aryl_methyl,fr_azide,fr_azo,fr_bicyclic,fr_ester,fr_ether,fr_furan,fr_guanido,fr_hdrzine,fr_hdrzone,fr_imidazole,fr_imide,fr_isocyan,fr_ketone,fr_ketone_Topliss,fr_lactone,fr_methoxy,fr_morpholine,fr_nitro,fr_nitro_arom_nonortho,fr_oxazole,fr_oxime,fr_para_hydroxylation,fr_phos_acid,fr_piperdine,fr_piperzine,fr_priamide,fr_pyridine,fr_quatN,fr_sulfide,fr_sulfonamd,fr_sulfone,fr_term_acetylene,fr_tetrazole,fr_thiazole,fr_thiophene,fr_unbrch_alkane,fr_urea,graph_diameter,avg_shortest_path,num_cycles,num_chains,clustering_coefficients,wiener_index,max_degree,avg_degree_centrality,avg_betweenness_centrality,betweenness_mean,betweenness_std,avg_load_centrality,closeness_mean,eigenvector_mean,avg_eigen_centrality,katz_centrality_std,ring_1,ring_2,ring_3,ring_4,ring_5,num_aromatic_rings,num_non_aromatic_rings,heteroatom_ratio,average_carbon,average_oxygen,average_nitrogen,average_sulphur,num_single_bonds,num_double_bonds,FP_0,FP_1,FP_2,FP_3,FP_4,FP_5,FP_6,FP_7,FP_8,FP_9,FP_10,FP_11,FP_12,FP_13,FP_14,FP_15,FP_16,FP_17,FP_18,FP_19,FP_20,FP_21,FP_22,FP_23,FP_24,FP_25,FP_26,FP_27,FP_28,FP_29,FP_30,FP_31,FP_32,FP_33,FP_34,FP_35,FP_36,FP_37,FP_38,FP_39,FP_40,FP_41,FP_42,FP_43,FP_44,FP_45,FP_46,FP_47,FP_48,FP_49,FP_50,FP_51,FP_52,FP_53,FP_54,FP_55,FP_56,FP_57,FP_58,FP_59,FP_60,FP_61,FP_62,FP_63,FP_64,FP_65,FP_66,FP_67,FP_68,FP_69,FP_70,FP_71,FP_72,FP_73,FP_74,FP_75,FP_76,FP_77,FP_78,FP_79,FP_80,FP_81,FP_82,FP_83,FP_84,FP_85,FP_86,FP_87,FP_88,FP_89,FP_90,FP_91,FP_92,FP_93,FP_94,FP_95,FP_96,FP_97,FP_98,FP_99,FP_100,FP_101,FP_102,FP_103,FP_104,FP_105,FP_106,FP_107,FP_108,FP_109,FP_110,FP_111,FP_112,FP_113,FP_114,FP_115,FP_116,FP_117,FP_118,FP_119,FP_120,FP_121,FP_122,FP_123,FP_124,FP_125,FP_126,FP_127,FP_128,FP_129,FP_130,FP_131,FP_132,FP_133,FP_134,FP_135,FP_136,FP_137,FP_138,FP_139,FP_140,FP_141,FP_142,FP_143,FP_144,FP_145,FP_146,FP_147,FP_148,FP_149,FP_150,FP_151,FP_152,FP_153,FP_154,FP_155,FP_156,FP_157,FP_158,FP_159,FP_160,FP_161,FP_162,FP_163,FP_164,FP_165,FP_166,FP_167,FP_168,FP_169,FP_170,FP_171,FP_172,FP_173,FP_174,FP_175,FP_176,FP_177,FP_178,FP_179,FP_180,FP_181,FP_182,FP_183,FP_184,FP_185,FP_186,FP_187,FP_188,FP_189,FP_190,FP_191,FP_192,FP_193,FP_194,FP_195,FP_196,FP_197,FP_198,FP_199,FP_200,FP_201,FP_202,FP_203,FP_204,FP_205,FP_206,FP_207,FP_208,FP_209,FP_210,FP_211,FP_212,FP_213,FP_214,FP_215,FP_216,FP_217,FP_218,FP_219,FP_220,FP_221,FP_222,FP_223,FP_224,FP_225,FP_226,FP_227,FP_228,FP_229,FP_230,FP_231,FP_232,FP_233,FP_234,FP_235,FP_236,FP_237,FP_238,FP_239,FP_240,FP_241,FP_242,FP_243,FP_244,FP_245,FP_246,FP_247,FP_248,FP_249,FP_250,FP_251,FP_252,FP_253,FP_254,FP_255,FP_256,FP_257,FP_258,FP_259,FP_260,FP_261,FP_262,FP_263,FP_264,FP_265,FP_266,FP_267,FP_268,FP_269,FP_270,FP_271,FP_272,FP_273,FP_274,FP_275,FP_276,FP_277,FP_278,FP_279,FP_280,FP_281,FP_282,FP_283,FP_284,FP_285,FP_286,FP_287,FP_288,FP_289,FP_290,FP_291,FP_292,FP_293,FP_294
11.304786365163348,0.13230142983119153,-1.3258233558702537,0.4090709280478973,13.85,323.13199999999995,1.35,2.4316702479283396,2.821158149823159,20854.00404623344,7.392954608862727,15.529843393687743,6.103966387748303,4.836269690250055,0.0,11.594566004035068,0.0,14.908855452837393,0.0,0.0,0.0,23.20187978046503,17.696185628620217,12.13273413692322,17.57203384247855,19.930903022570906,34.7964457845001,0.0,5.316788604006331,0.0,16.98207690714632,6.606881964512918,39.94323803430901,0.0,5.316788604006331,5.687386274683562,0.0,23.20187978046503,38.52853805176152,4.794537184071822,10.114318268765572,11.6674178794453,0.0,0.0,112.70000000000002,34.41944964982841,20.0153828476781,0.0,5.687386274683562,5.563451491696996,0.0,24.26546827384644,0.0,0.0,5.316788604006331,28.30840717530574,0.0,10.701515153828765,19.911924964098485,31.946182154335563,0.16922162383471995,-0.7561620265390101,-1.2529283194759382,-0.5511984284454523,0.0,0.36363636363636365,3,0,0,0,0,5,9,6,0,0,0,1,0.9089999999999998,0,2,2,0,0,0,0,0,0,0,0,0,1,1,0,0,0,0,0,0,0,2,0,0,0,0,0,0,0,0,0,0,0,0,0,0,0,0,0,0,0,0,0,1,1,0,0,0,0,0,0,0,0,0,0,0,0,0,0,0,0,0,0,11,4.631578947368421,1,1,0.0,880.0,3,0.10526315789473686,0.20175438596491224,0.20175438596491224,0.19626832246458978,0.20175438596491224,0.2253776707521576,0.19653611325425907,0.19653611325425907,0.018314442602149185,0,0,0,0,0,1,0,0.45,0.55,0.25,0.1,0.0,0.6,0.1,1,1,0,0,0,0,0,0,0,0,1,0,0,0,0,0,0,1,1,1,0,0,1,0,0,0,0,1,0,0,0,0,0,0,0,0,0,1,0,1,0,0,0,1,0,0,0,0,0,0,0,0,0,0,0,0,1,0,0,0,0,1,1,0,0,1,0,0,0,0,1,0,0,0,0,1,0,0,0,0,1,1,0,0,0,1,1,0,0,0,0,0,1,0,1,0,0,0,1,1,1,0,0,0,0,0,0,0,0,0,0,0,0,1,0,0,0,1,1,1,0,0,1,0,0,1,0,0,0,0,0,0,0,0,0,0,0,0,0,0,0,0,0,0,0,0,0,0,0,0,0,0,1,0,0,0,0,0,0,0,0,0,0,0,0,0,0,0,0,0,0,0,0,0,0,0,0,1,0,0,0,1,1,0,1,0,0,0,0,0,0,1,0,0,0,0,0,0,1,1,0,0,0,0,0,0,0,0,0,0,1,0,0,0,0,0,0,1,1,0,1,0,1,1,0,0,0,0,0,0,1,1,1,0,0,1,0,1,1,1,0,0,0,0,0,1,0,1,0,0,1,0,1,0,0,0,0,0,1,1,0,1,1,1,1,0,0,1,1,0,1,0,0,0,1,0,1,0,0,1,1,1,1,1,1,1,1,1,0,1,1,1,1,1,0
10.26175925925926,0.0671296296296291,-1.1128703703703706,0.6102585058580265,9.2,138.12199999999999,1.3,1.8787445285930133,3.1529414466808685,182.2382192735223,2.389632707443791,10.213054789681411,11.3129633249809,0.0,0.0,0.0,5.969305287951849,0.0,4.794537184071822,0.0,0.0,12.13273413692322,12.13273413692322,0.0,0.0,15.007591973753234,5.969305287951849,0.0,0.0,0.0,0.0,0.0,29.828919765543436,5.749511833283905,0.0,0.0,5.749511833283905,0.0,16.182360077633263,0.0,0.0,10.357988675768818,0.0,0.0,57.53,5.969305287951849,4.794537184071822,0.0,11.3129633249809,0.0,0.0,12.13273413692322,12.13273413692322,0.0,0.0,10.213054789681411,0.0,0.0,10.26175925925926,17.30574074074074,-0.0671296296296291,-1.3119444444444444,0.0,0.0,0.0,0.0,2,0,0,0,0,2,3,1,0,0,0,1,1.0903999999999998,0,0,0,0,1,0,0,1,1,0,0,0,0,0,0,0,0,0,0,0,0,0,0,0,0,0,0,0,0,0,0,0,0,0,0,0,0,0,0,0,0,0,0,0,0,0,0,1,0,0,0,0,0,0,0,0,0,0,0,0,0,0,0,5,2.533333333333333,1,1,0.0,114.0,3,0.22222222222222224,0.19166666666666665,0.19166666666666665,0.19913005242247533,0.19166666666666665,0.40817557442557445,0.296474511189714,0.296474511189714,0.023941575279692172,0,0,0,0,0,1,0,0.3,0.7,0.3,0.0,0.0,0.3,0.1,0,0,0,0,0,1,0,0,0,0,1,0,0,0,0,0,0,0,0,0,0,0,0,1,0,0,0,0,0,0,0,0,0,0,0,0,0,0,0,1,0,0,0,0,0,0,0,1,0,0,0,0,0,0,0,0,0,0,0,1,0,0,0,0,1,0,1,0,0,0,0,1,1,0,0,0,0,0,0,0,0,1,0,0,0,0,1,0,0,0,0,0,0,0,0,0,0,0,0,0,1,0,0,0,0,0,0,0,0,0,0,1,0,0,0,0,0,0,0,0,0,0,0,0,0,1,0,0,0,0,0,0,0,0,0,0,0,0,0,0,0,0,0,0,0,0,0,0,0,0,0,0,0,0,0,0,0,0,0,0,0,0,0,0,0,0,0,0,0,0,0,0,0,0,0,0,0,0,0,0,0,1,0,0,0,0,0,0,0,0,0,0,0,0,0,0,0,0,0,0,0,0,0,0,0,0,0,0,0,0,0,0,0,0,0,0,0,1,0,0,0,0,0,0,0,0,0,0,0,0,0,0,0,0,0,0,0,0,0,0,0,1,0,0,0,0,0,0,0,0,0,1,0,0,0,1,0,0,0,1,0,0,0,0,0,0,0,1,0,0,0,1,1,0,1,0,0,0,1,0,1,0,1,0,0,1,0,1,0,0,1,1,1,1,0
12.053441358024692,0.06706018518518553,-0.20975308641975343,0.8204937720146613,13.5625,239.746,1.375,2.135988248599496,2.784739067926244,2302.5953319902565,4.980637186859673,5.316788604006331,0.0,5.783244946364939,0.0,0.0,0.0,4.794537184071822,0.0,0.0,0.0,23.733674027155736,39.827682935685715,16.12501005782167,6.041840829147961,4.794537184071822,17.384184836597456,0.0,5.316788604006331,0.0,39.275714880293805,0.0,34.85155307928476,0.0,5.316788604006331,0.0,0.0,11.600939890232516,17.364011027896243,0.0,0.0,38.05293747453131,5.022633313741326,0.0,29.1,0.0,4.794537184071822,0.0,17.364011027896243,10.586084805438322,0.0,0.0,24.26546827384644,27.694948798762496,5.316788604006331,11.600939890232516,0.0,5.85407392972621,12.053441358024692,3.835665627362056,0.5740261243386244,0.06706018518518553,0.0,7.9789119845469045,0.0,0.46153846153846156,1,0,0,0,0,2,3,3,0,0,0,1,3.2993000000000023,0,0,0,0,0,0,0,0,0,0,0,0,0,1,0,0,0,0,0,0,0,0,0,0,0,0,0,0,0,0,0,0,0,0,0,0,0,0,1,1,0,0,0,0,0,0,0,0,0,0,0,0,0,0,0,0,0,0,0,0,0,0,0,8,3.783333333333333,1,1,0.0,454.0,4,0.13333333333333336,0.19880952380952382,0.19880952380952382,0.21983231601730646,0.19880952380952382,0.27400866983619265,0.22965862744190416,0.22965862744190416,0.02150733951471949,0,0,0,0,0,1,0,0.1875,0.8125,0.0625,0.0625,0.0,0.5625,0.0625,1,1,1,0,0,0,0,0,1,0,1,0,1,0,0,1,0,0,0,1,0,0,0,0,0,0,0,1,0,0,0,0,0,1,0,0,1,1,0,1,0,0,0,0,0,0,0,0,0,1,0,0,1,0,1,0,0,0,0,0,0,0,0,0,1,1,1,0,0,0,0,0,0,1,0,0,0,0,0,0,1,1,0,0,0,0,1,1,1,0,0,1,0,1,0,0,0,0,0,0,1,0,0,0,0,1,0,1,0,0,0,0,0,0,1,0,0,0,0,0,0,0,0,0,0,1,0,0,0,0,0,0,0,0,0,0,0,0,0,0,0,0,0,0,0,0,0,0,0,0,0,0,0,0,0,0,0,0,0,0,0,0,0,0,0,0,0,0,0,0,0,0,0,0,0,0,0,0,0,0,0,0,0,0,0,0,0,0,0,0,0,0,0,0,1,0,0,0,0,0,0,0,1,0,0,0,0,0,0,0,0,0,0,0,0,1,0,0,0,0,0,0,0,1,0,0,0,0,0,0,0,1,0,0,0,1,0,0,0,0,1,0,0,0,0,0,0,0,0,0,0,0,0,0,0,0,0,0,0,0,0,0,1,0,0,0,0,0,0,1,0,0,0,0,0,0,0,1,0,1,1,0,1,0,1,0,1,0,1,1,1,1,1,1,0
9.726527777777779,0.09018518518518492,-0.4201851851851859,0.7078187228911748,15.583333333333334,165.236,1.25,2.167053352545513,2.7110407232330616,606.7749387127436,4.236737214638821,10.423315998847038,0.0,0.0,0.0,0.0,0.0,0.0,0.0,0.0,0.0,30.33183534230805,19.53486067406481,6.041840829147961,6.103966387748303,5.106527394840706,0.0,0.0,5.316788604006331,0.0,19.069544416586886,7.04767198267719,35.89528683400505,0.0,5.316788604006331,0.0,0.0,0.0,18.196040206665856,0.0,0.0,18.591155079135923,0.0,0.0,32.26,6.103966387748303,5.106527394840706,0.0,6.041840829147961,0.0,5.563451491696996,0.0,0.0,44.30324452467586,5.316788604006331,0.0,0.0,0.0,0.0,12.739694822373394,0.9577314814814817,0.0,-0.4201851851851859,1.9560185185185186,1.844074074074074,0.4,2,0,0,0,0,2,2,3,0,0,0,1,1.3278999999999999,0,1,1,0,0,0,0,0,0,0,0,0,0,1,0,0,1,0,0,0,0,0,0,0,0,0,0,0,0,0,0,0,0,0,0,0,0,0,0,0,0,0,0,0,0,0,0,0,0,0,0,0,0,0,0,0,0,0,0,0,0,0,0,7,3.0606060606060606,1,1,0.0,202.0,3,0.1818181818181818,0.20606060606060606,0.20606060606060606,0.21708478410390686,0.20606060606060606,0.33946350851553425,0.265772074758312,0.265772074758312,0.020531322853189513,0,0,0,0,0,1,0,0.16666666666666666,0.8333333333333334,0.08333333333333333,0.08333333333333333,0.0,0.5,0.0,1,1,0,0,0,1,0,0,0,0,0,0,0,0,0,0,0,0,0,0,0,0,1,0,0,0,0,1,0,0,0,0,0,1,0,1,0,0,0,1,0,0,0,0,0,1,0,1,0,0,0,0,0,0,0,0,0,0,0,0,0,0,0,0,1,0,0,0,0,0,0,0,0,0,0,0,0,0,0,0,0,1,0,0,0,1,1,0,0,0,0,0,1,0,0,0,0,0,0,1,1,0,0,0,0,1,0,0,0,0,0,0,0,0,0,1,0,0,1,0,0,0,0,0,0,0,0,0,0,0,0,0,0,0,0,0,0,0,0,0,0,0,0,0,0,0,0,0,0,0,0,0,0,0,0,0,0,0,0,0,0,0,0,0,0,0,0,0,0,0,0,0,0,0,0,0,0,0,0,0,0,0,1,0,0,0,0,0,0,0,0,0,0,0,0,0,0,0,0,0,0,0,0,0,0,0,0,0,0,0,0,0,0,0,0,0,0,0,0,0,0,1,0,1,0,0,0,0,0,0,0,0,0,0,0,0,0,0,0,0,0,0,0,0,0,0,0,0,0,0,0,0,0,0,0,0,0,0,0,1,0,0,0,0,0,0,0,1,0,0,0,0,0,0,0,0,0,1,0,1,1,0,0,0,1,1,1,0,1,1,1,1,1,1,0
9.035908919123205,0.08708333333333318,-0.09187830687830667,0.544872838506118,9.909090909090908,153.18099999999998,1.1818181818181819,1.9759469291265472,2.864712197425543,310.2236678728679,3.253808596667817,15.946722266843596,0.0,11.49902366656781,0.0,0.0,0.0,0.0,0.0,0.0,0.0,6.06636706846161,30.6617636574588,0.0,0.0,10.213054789681411,0.0,0.0,0.0,5.733667477162185,6.4208216229260096,6.544756405912575,23.762552697081826,11.49902366656781,5.733667477162185,0.0,11.49902366656781,0.0,16.757811195593987,6.4208216229260096,0.0,5.563451491696996,0.0,0.0,66.48,0.0,0.0,0.0,11.49902366656781,12.965578028838586,5.563451491696996,12.13273413692322,6.06636706846161,0.0,0.0,15.946722266843596,0.0,0.0,0.0,17.966588246409675,6.237682350718065,-0.17896164021163985,0.7161111111111111,0.5458484504913076,0.0,0.25,4,0,0,0,0,3,3,2,0,0,0,1,0.5989999999999998,0,0,0,0,0,0,0,2,0,0,0,0,0,0,1,0,0,0,0,0,0,0,0,0,0,0,0,0,0,0,0,0,0,0,0,0,0,0,0,0,0,0,0,0,0,0,0,0,0,0,0,0,0,0,0,0,0,0,0,0,0,0,0,7,2.909090909090909,1,1,0.0,160.0,3,0.2,0.2121212121212121,0.2121212121212121,0.1604884900967205,0.2121212121212121,0.3580758838786988,0.2767536033029573,0.2767536033029573,0.021820460053022173,0,0,0,0,0,1,0,0.2727272727272727,0.7272727272727273,0.18181818181818182,0.09090909090909091,0.0,0.45454545454545453,0.0,0,0,0,0,0,0,0,0,0,0,0,0,0,0,0,0,1,0,0,1,0,0,0,0,0,0,0,0,0,0,0,0,0,0,0,0,0,0,0,1,0,1,0,0,0,0,0,0,1,0,0,0,0,0,1,0,0,0,0,1,0,0,0,0,0,1,1,1,0,0,0,1,0,0,0,0,0,1,0,0,1,1,0,0,0,1,1,0,0,0,1,1,0,0,0,0,0,0,0,0,1,0,0,0,1,0,0,1,0,0,0,0,0,0,0,0,0,0,0,0,0,0,0,0,0,0,0,0,0,0,0,0,0,0,0,0,0,0,0,0,0,0,0,0,0,0,0,0,0,0,0,0,0,0,0,0,0,0,0,0,0,0,0,0,0,0,0,0,0,0,0,0,0,0,0,0,0,0,0,0,0,0,1,0,0,0,0,0,0,0,0,0,0,0,0,0,0,0,0,0,1,0,0,0,0,0,0,0,0,0,1,0,1,0,0,0,0,0,0,1,0,0,0,0,0,0,0,0,1,0,0,0,1,0,0,0,0,0,0,1,0,1,0,0,0,0,1,0,0,0,0,0,0,0,0,1,0,0,0,1,0,0,0,0,0,0,0,1,0,0,0,1,1,0,0,1,0,0,1,1,1,1,0,1,0,1,1,1,0,1,1,1,1,1,0
9.733564814814816,0.047595427059712314,-0.7311111111111115,0.6021334012552946,13.066666666666666,211.261,1.1333333333333333,2.1204251404567516,2.683389959596669,1711.1830883485984,4.9999590646139,20.63637078852845,11.49902366656781,0.0,0.0,0.0,0.0,0.0,0.0,0.0,0.0,13.847474399381248,17.696185628620217,18.652964303522147,6.103966387748303,15.319582184522117,0.0,0.0,5.316788604006331,0.0,25.993281616277514,6.544756405912575,23.762552697081826,11.49902366656781,5.316788604006331,0.0,11.49902366656781,0.0,27.90617941958265,0.0,0.0,25.514892278826544,0.0,0.0,72.72,6.103966387748303,15.319582184522117,0.0,17.54086449571577,12.10820789760957,0.0,18.19910120538483,0.0,13.847474399381248,5.316788604006331,0.0,0.0,0.0,0.0,31.260281242126485,0.500601851851852,-0.09519085411942485,-0.7311111111111115,4.347098765432099,0.0,0.45454545454545453,4,0,0,0,0,4,4,4,0,0,0,1,1.1291999999999998,0,1,1,0,0,0,0,2,0,0,0,0,0,1,0,0,0,0,0,0,0,0,0,0,0,0,0,0,0,0,0,0,0,0,0,0,0,0,0,0,0,0,0,0,0,0,0,0,0,0,0,0,0,0,0,0,0,0,0,0,0,0,0,8,3.7523809523809524,1,1,0.0,394.0,3,0.14285714285714282,0.21172161172161177,0.21172161172161177,0.19859291149003674,0.21172161172161177,0.2774981843853658,0.22574966876556465,0.22574966876556465,0.01983822490096738,0,0,0,0,0,1,0,0.26666666666666666,0.7333333333333333,0.2,0.06666666666666667,0.0,0.6,0.0,1,1,0,0,1,0,0,0,0,0,0,0,0,0,1,0,0,0,0,0,0,0,0,0,0,0,0,1,0,0,0,0,0,1,0,0,0,0,1,1,0,0,0,0,0,0,1,0,0,0,0,0,0,1,0,0,0,0,0,0,0,0,0,1,0,0,1,0,0,0,0,0,0,0,0,0,0,0,0,0,1,1,1,0,0,1,0,0,0,0,0,0,0,0,1,0,0,0,0,1,1,0,0,0,0,1,0,1,0,0,1,0,0,0,0,0,0,0,0,0,1,0,0,0,0,0,0,0,0,0,0,0,0,0,0,0,0,0,0,0,0,0,0,0,0,0,0,0,0,0,0,0,0,0,0,0,0,0,0,0,0,0,0,0,0,0,0,0,0,0,0,0,0,0,0,0,0,0,0,0,0,1,1,0,0,0,0,0,0,0,0,0,0,0,0,0,0,0,0,0,0,0,1,0,0,0,0,0,0,0,1,0,0,0,0,0,0,1,0,0,0,0,0,1,0,0,0,0,1,0,0,0,1,0,0,0,0,0,0,0,0,1,0,0,1,0,0,0,0,0,0,0,0,0,0,1,0,0,0,1,1,0,0,0,0,0,0,1,0,0,0,1,0,0,1,0,0,1,0,1,1,1,0,1,1,1,1,1,1,1,1,1,1,1,0
3.213398526077097,0.567037037037037,0.567037037037037,0.6911085509284692,12.909090909090908,149.237,1.2727272727272727,2.0607532263263386,2.508120077819107,370.93558073874095,4.140518333373778,5.316788604006331,0.0,0.0,0.0,0.0,0.0,0.0,0.0,0.0,0.0,30.33183534230805,25.95568229699082,6.041840829147961,0.0,0.0,0.0,0.0,5.316788604006331,0.0,19.386399651764595,7.04767198267719,35.89528683400505,0.0,5.316788604006331,0.0,0.0,0.0,13.08951281182515,6.4208216229260096,0.0,12.487188691387619,0.0,0.0,12.03,0.0,0.0,0.0,0.0,6.041840829147961,6.4208216229260096,5.563451491696996,0.0,13.1140390511388,36.50599407754339,0.0,0.0,0.0,0.0,3.213398526077097,1.3975462962962966,0.0,1.1084722222222223,2.1875,1.9936574074074074,0.4,1,0,0,0,0,1,1,3,0,0,0,1,1.837,0,0,0,0,0,0,0,0,0,0,0,0,0,1,0,0,1,0,0,0,0,0,0,0,0,0,0,0,0,0,0,0,0,0,0,0,0,0,0,0,0,0,0,0,0,0,0,0,0,0,0,0,0,0,0,0,0,0,0,0,0,0,0,7,3.0545454545454547,1,1,0.0,168.0,3,0.2,0.2282828282828283,0.2282828282828283,0.20966349161538703,0.2282828282828283,0.33970857142793903,0.28151752579625133,0.28151752579625133,0.017634276917966797,0,0,0,0,0,1,0,0.09090909090909091,0.9090909090909091,0.0,0.09090909090909091,0.0,0.45454545454545453,0.0,1,1,0,0,0,1,0,0,0,0,0,0,0,0,0,0,0,0,0,0,0,0,1,0,0,0,0,1,0,0,0,0,0,1,0,0,0,0,0,0,0,0,1,0,0,0,0,1,0,1,0,0,0,0,0,0,0,0,0,0,0,0,0,0,1,0,0,0,0,0,0,0,0,0,0,0,0,0,0,1,1,1,0,0,0,0,1,0,0,1,1,0,0,0,0,0,0,0,1,0,1,0,0,0,0,0,0,0,0,0,0,1,0,0,0,1,0,0,0,0,0,0,0,0,0,0,0,0,0,0,0,0,0,0,0,0,0,0,0,0,0,0,0,0,0,0,0,0,0,0,0,0,0,0,0,0,0,0,0,0,0,0,0,0,0,0,0,0,0,0,0,0,0,0,0,0,0,0,0,0,0,0,0,0,0,0,0,0,0,0,0,0,0,0,0,0,0,0,0,0,0,0,0,0,0,0,0,0,0,0,0,0,0,0,0,0,0,0,0,0,0,1,0,0,0,0,0,0,0,0,0,0,1,0,0,0,0,0,0,1,0,0,0,1,1,0,0,0,0,0,0,0,0,0,0,0,0,0,0,0,0,0,0,0,0,0,0,0,0,0,0,0,0,0,0,0,0,1,0,1,0,0,0,1,1,0,1,0,1,1,1,1,0,1,0
10.271409674981104,0.2585185185185188,-0.9305555555555556,0.5665891872452881,9.2,137.138,1.3,1.8845053612018057,3.003400684579817,180.91251467537336,2.389632707443791,10.84019487200289,0.0,0.0,0.0,0.0,5.969305287951849,0.0,4.794537184071822,0.0,0.0,0.0,24.26546827384644,5.687386274683562,5.563451491696996,9.901064578912528,11.656691562635412,0.0,0.0,0.0,0.0,5.733667477162185,29.828919765543436,0.0,5.733667477162185,5.687386274683562,0.0,0.0,11.075832682792555,0.0,0.0,10.357988675768818,0.0,0.0,63.32000000000001,5.969305287951849,4.794537184071822,0.0,5.563451491696996,5.687386274683562,0.0,12.13273413692322,12.13273413692322,0.0,0.0,10.84019487200289,0.0,0.0,10.271409674981104,8.434890400604687,6.1664777021919885,-0.9305555555555556,0.0,0.0,0.0,0.0,3,0,0,0,0,2,3,1,0,0,0,1,0.9670000000000001,0,0,0,1,1,0,0,0,1,0,0,0,0,0,1,0,0,0,0,0,0,0,0,0,1,0,0,0,0,0,0,0,0,0,0,0,0,0,0,0,0,0,0,0,0,0,0,0,0,0,0,0,0,0,0,0,0,0,0,0,0,0,0,6,2.6666666666666665,1,1,0.0,120.0,3,0.22222222222222224,0.20833333333333331,0.20833333333333331,0.17380544678845175,0.20833333333333331,0.38835227272727274,0.29953549974264637,0.29953549974264637,0.023115915487277577,0,0,0,0,0,1,0,0.3,0.7,0.2,0.1,0.0,0.3,0.1,0,0,0,0,0,1,0,0,0,0,1,0,1,0,0,0,1,0,0,1,0,0,0,0,0,0,0,0,0,0,0,0,0,1,0,0,0,0,0,1,0,0,0,0,0,0,0,0,0,1,0,0,0,0,0,0,0,0,0,0,0,0,0,0,0,0,0,0,0,0,0,0,1,0,0,0,0,0,0,0,0,1,0,0,0,0,1,0,0,0,0,0,0,0,0,0,0,0,0,0,1,0,0,0,0,1,1,0,0,0,0,0,0,0,1,0,0,0,0,0,1,0,0,0,0,1,0,0,0,0,0,0,0,0,0,0,0,0,0,0,0,0,0,0,0,0,0,0,0,0,0,0,0,0,0,0,0,0,0,0,0,0,0,0,0,0,0,0,0,0,0,0,0,0,0,0,0,0,0,0,0,0,0,0,0,0,0,0,0,0,0,0,0,0,0,0,0,0,0,0,0,0,0,0,0,0,0,0,0,0,0,0,1,0,0,0,0,0,0,0,0,0,0,0,0,0,0,0,0,0,0,0,0,0,0,0,0,0,0,0,0,0,0,0,0,0,0,0,0,0,0,1,0,0,0,0,0,0,0,1,0,1,0,1,0,0,0,1,0,0,0,0,0,0,0,0,0,0,0,1,0,0,1,0,1,1,1,1,0,1,1,1,1,1,0
11.301131897203327,0.06435185185185133,-3.856388888888888,0.583236471898846,10.857142857142858,215.234,1.2142857142857142,2.0192017449044517,3.047486126365013,944.9864166152834,3.5425546321945207,11.46733495432437,0.0,0.0,0.0,10.023291153407584,6.031114512338072,0.0,17.934429032852847,0.0,0.0,0.0,24.26546827384644,5.687386274683562,4.895483475517775,13.212334168400758,21.741791940429216,0.0,4.722094864452088,5.733667477162185,4.895483475517775,5.733667477162185,24.26546827384644,0.0,16.189429818776457,10.481923458755384,0.0,0.0,14.448911496667009,10.023291153407584,0.0,0.0,0.0,0.0,115.27999999999999,16.054405665745655,13.212334168400758,0.0,4.895483475517775,5.687386274683562,0.0,24.26546827384644,4.722094864452088,0.0,0.0,11.46733495432437,24.227392290249433,0.0,10.298086262282691,0.0,10.489610733182163,0.0,0.0,0.0,-3.856388888888888,0.0,5,0,0,0,0,4,7,2,0,0,0,1,-0.3742000000000003,0,0,0,1,0,0,0,0,0,0,0,0,0,1,2,0,0,0,0,0,0,0,0,0,1,0,0,0,0,0,0,0,0,0,0,0,0,0,0,0,0,0,0,0,0,0,0,0,0,0,0,1,0,0,0,1,0,0,0,0,0,0,1,8,3.3736263736263736,1,1,0.0,307.0,4,0.15384615384615383,0.1978021978021978,0.1978021978021978,0.2054264250312384,0.1978021978021978,0.3089654409548733,0.23987245147944106,0.23987245147944106,0.02317604443715709,0,0,0,0,0,1,0,0.5,0.5,0.21428571428571427,0.21428571428571427,0.07142857142857142,0.35714285714285715,0.21428571428571427,1,0,0,0,1,0,0,0,0,0,1,0,1,0,0,0,1,0,0,1,0,0,0,1,0,0,0,0,0,0,0,0,0,0,0,0,0,0,0,1,0,0,0,0,0,0,0,0,0,1,0,1,0,0,0,0,0,0,0,0,0,0,0,1,0,0,0,0,1,0,0,0,0,0,0,1,0,0,0,0,0,1,0,0,0,0,1,0,0,0,0,0,0,0,1,0,0,0,0,0,1,0,0,0,0,0,0,0,0,0,0,0,0,0,0,1,0,0,1,0,1,0,0,0,0,1,0,0,0,0,0,0,0,0,0,0,0,0,0,0,0,0,0,0,0,0,0,0,0,0,0,0,0,0,0,0,0,0,0,0,1,1,0,0,0,1,0,0,0,0,0,1,0,0,0,0,0,0,0,1,0,0,0,1,0,0,1,1,1,1,0,0,1,0,0,1,0,1,0,0,0,1,0,0,0,1,0,0,0,1,0,0,1,0,0,0,1,1,0,0,0,0,1,0,0,1,0,0,0,0,1,0,0,0,1,0,0,0,1,0,1,0,0,0,0,1,0,0,0,0,0,0,1,0,0,0,0,0,1,1,0,1,0,1,1,0,0,0,0,0,1,0,0,0,1,0,1,0,0,1,0,0,1,0,1,0,1,1,0,1,1,1,1,1,0
11.021983890778534,0.0690088813303098,-0.8837500000000003,0.6540368201081147,11.777777777777779,254.28599999999997,1.4444444444444444,2.4284493578358175,2.8152885010121906,10189.77350547909,6.827096363101657,25.63070938360932,11.49902366656781,0.0,5.907179729351506,0.0,0.0,4.794537184071822,0.0,0.0,0.0,0.0,18.19910120538483,12.10820789760957,26.868317876215944,19.374790486512627,5.907179729351506,0.0,5.316788604006331,5.733667477162185,6.103966387748303,27.30910789438022,23.762552697081826,11.49902366656781,20.524181988768614,0.0,11.49902366656781,0.0,38.32281501857243,4.794537184071822,0.0,11.6674178794453,0.0,0.0,93.80999999999999,6.103966387748303,9.901064578912528,0.0,18.996692541176657,17.062475158264807,0.0,14.219595082555067,18.19910120538483,0.0,5.316788604006331,15.207393384762284,10.223407186948855,0.0,11.021983890778534,12.514798516628874,5.710452825426671,0.8159368438733523,-0.8837500000000003,-0.040152116402116356,3.046291657860471,0.4166666666666667,4,0,0,0,0,5,6,6,0,0,0,1,-0.18789999999999946,0,1,1,0,0,0,0,0,0,0,0,0,0,1,1,0,0,0,0,0,0,0,0,0,0,0,0,0,0,0,2,0,0,0,0,0,0,0,0,0,0,2,0,0,0,0,0,0,0,0,0,0,0,0,0,0,0,0,0,0,0,0,0,10,4.241830065359477,1,1,0.0,649.0,3,0.11764705882352938,0.20261437908496732,0.20261437908496732,0.19183869439789766,0.20261437908496732,0.24675580016243692,0.19700495144811436,0.19700495144811436,0.01781124450147125,0,0,0,0,0,1,0,0.3333333333333333,0.6666666666666666,0.2222222222222222,0.1111111111111111,0.0,0.6111111111111112,0.05555555555555555,1,1,0,0,0,0,0,0,0,0,1,0,0,1,0,0,0,0,0,1,0,0,0,0,0,0,0,1,0,0,0,0,0,1,0,0,0,0,0,1,0,1,1,0,0,0,1,0,0,0,1,0,1,0,0,1,0,0,0,0,0,0,0,0,0,0,1,0,0,1,0,0,0,1,0,0,0,0,1,0,1,1,1,0,0,1,1,0,0,0,0,0,1,0,1,0,0,1,0,1,1,0,1,0,0,0,0,1,0,1,0,0,0,0,0,0,1,0,0,0,0,1,0,0,0,1,0,0,0,0,0,0,0,0,0,0,0,0,0,0,0,0,0,0,0,0,0,0,0,0,0,0,0,0,0,0,0,0,0,0,0,0,0,0,0,0,0,0,0,0,0,0,0,0,0,0,0,0,0,0,0,0,1,0,0,0,0,0,0,0,0,0,0,0,0,0,0,0,0,0,0,0,0,0,0,0,0,1,0,0,1,0,1,0,0,0,0,1,0,1,1,1,0,1,0,0,0,0,1,0,0,0,1,0,0,0,0,0,1,1,0,1,0,0,0,1,0,0,0,0,0,0,0,0,1,1,0,1,0,1,1,0,0,0,0,0,1,1,1,0,1,1,1,0,1,0,0,1,1,1,1,1,1,1,1,1,1,1,1,1,1,1,1,1,0
9.226851851851851,0.08751511715797444,-0.7949074074074078,0.4724272074622585,12.833333333333334,169.17999999999998,1.25,2.0826293264561286,2.962539757428968,497.74840902301474,3.424418661595194,21.0532496616843,0.0,11.49902366656781,0.0,0.0,0.0,0.0,0.0,0.0,0.0,6.06636706846161,17.696185628620217,6.544756405912575,6.103966387748303,15.319582184522117,0.0,0.0,0.0,5.733667477162185,6.103966387748303,6.544756405912575,23.762552697081826,11.49902366656781,5.733667477162185,0.0,11.49902366656781,0.0,21.86433859043469,0.0,0.0,11.6674178794453,0.0,0.0,86.71000000000001,6.103966387748303,5.106527394840706,0.0,18.043780072480384,5.563451491696996,0.0,18.19910120538483,0.0,0.0,0.0,15.946722266843596,0.0,0.0,0.0,27.204736394557823,5.69138605442177,-0.4555820105820101,-0.7949074074074078,0.08751511715797444,0.0,0.25,5,0,0,0,0,4,4,2,0,0,0,1,0.08989999999999998,0,1,1,0,0,0,0,2,0,0,0,0,0,0,1,0,0,0,0,0,0,0,0,0,0,0,0,0,0,0,0,0,0,0,0,0,0,0,0,0,0,0,0,0,0,0,0,0,0,0,0,0,0,0,0,0,0,0,0,0,0,0,0,7,3.0,1,1,0.0,198.0,3,0.1818181818181818,0.19999999999999998,0.19999999999999998,0.17976109030259263,0.19999999999999998,0.34632803935936085,0.26632876689291046,0.26632876689291046,0.023114184043479067,0,0,0,0,0,1,0,0.3333333333333333,0.6666666666666666,0.25,0.08333333333333333,0.0,0.5,0.0,0,1,0,0,0,0,0,0,0,0,0,0,1,0,0,0,0,0,0,1,0,0,0,0,0,0,1,0,0,0,0,0,0,0,0,0,0,0,0,1,0,0,0,0,0,0,0,0,0,0,0,0,0,0,0,0,0,0,0,1,0,1,0,0,0,0,1,1,0,0,0,1,0,0,0,0,0,1,0,0,1,1,1,0,0,1,1,0,0,0,0,0,0,0,0,0,0,0,0,1,1,0,0,0,0,0,0,1,0,0,0,0,0,0,0,0,0,1,0,0,1,0,1,0,0,0,0,0,0,0,0,0,0,0,0,0,0,0,0,0,0,0,0,0,0,0,0,0,0,0,0,0,0,0,0,0,0,0,0,0,0,0,0,0,0,0,0,0,0,0,0,0,0,0,0,0,0,0,0,0,0,0,1,0,0,0,0,0,0,0,0,0,0,0,0,0,0,0,0,0,1,0,0,0,0,0,0,0,0,0,1,0,1,0,0,0,0,0,0,0,0,0,0,1,0,0,0,0,1,0,0,0,1,0,0,0,0,0,0,0,0,1,0,0,0,0,0,0,0,0,0,0,0,0,0,1,0,0,0,1,1,0,0,0,0,0,0,1,0,0,0,1,1,0,1,0,0,0,1,1,1,1,0,1,0,1,1,1,0,1,1,1,1,1,0
10.531708238851095,0.14296296296296274,-0.14296296296296274,0.6360784721720715,9.181818181818182,151.165,1.5454545454545454,1.8484025851343768,2.7909314514807626,268.01837484448464,3.0531381005525,10.423315998847038,5.749511833283905,0.0,5.907179729351506,0.0,0.0,4.794537184071822,0.0,0.0,0.0,6.06636706846161,12.13273413692322,18.677490542835795,0.0,9.901064578912528,11.594566004035068,0.0,0.0,0.0,6.923737199690624,5.316788604006331,24.26546827384644,5.749511833283905,5.316788604006331,5.687386274683562,5.749511833283905,0.0,11.013707124192212,4.794537184071822,0.0,6.923737199690624,0.0,0.0,49.33,0.0,4.794537184071822,0.0,11.65669156263541,5.687386274683562,0.0,12.990104268152233,18.19910120538483,0.0,5.316788604006331,5.106527394840706,0.0,0.0,10.531708238851095,11.52131708238851,0.6087962962962965,0.006342592592593066,0.0,1.4206821617535903,0.0,0.125,2,0,0,0,0,2,3,1,0,0,0,1,1.3505999999999998,0,0,0,0,0,0,0,1,0,0,0,0,0,1,0,0,0,0,0,0,0,0,0,0,1,0,0,0,0,0,0,0,0,0,0,0,0,0,0,0,0,0,0,0,0,0,0,0,0,0,0,0,0,0,0,0,0,0,0,0,0,0,0,6,2.9454545454545453,1,1,0.0,162.0,3,0.2,0.21616161616161617,0.21616161616161617,0.1940971580539392,0.21616161616161617,0.35188711856134725,0.2807346788869098,0.2807346788869098,0.02061883936214975,0,0,0,0,0,1,0,0.2727272727272727,0.7272727272727273,0.18181818181818182,0.09090909090909091,0.0,0.36363636363636365,0.09090909090909091,1,0,0,0,0,1,0,0,0,0,1,0,0,0,0,1,0,0,1,0,0,0,0,0,1,0,0,0,0,0,0,0,0,1,0,0,0,0,0,1,0,0,0,0,0,0,0,0,0,0,0,0,0,0,0,0,1,0,0,0,0,0,0,1,1,1,1,0,0,0,0,0,0,0,0,0,0,0,0,0,0,1,0,0,0,0,1,0,0,0,0,0,0,0,0,0,0,0,0,0,1,0,0,0,0,1,0,1,0,0,0,0,0,0,0,0,0,1,0,0,0,1,0,0,0,1,0,0,0,0,0,0,0,0,0,0,0,0,0,0,0,0,0,0,0,0,0,0,0,0,0,0,0,0,0,0,0,0,0,0,0,0,0,0,0,0,0,0,0,0,0,0,0,0,0,0,0,0,0,0,0,1,0,0,0,0,0,0,0,0,0,0,0,0,0,0,0,0,0,0,0,0,0,0,0,0,0,0,0,0,0,0,0,0,0,0,0,0,0,0,1,0,0,0,0,1,0,0,0,0,0,0,0,0,0,0,0,0,1,0,0,1,0,0,0,1,0,0,0,0,0,0,0,0,0,1,0,0,0,1,0,1,0,1,0,0,0,1,0,0,0,1,0,0,0,0,0,0,0,1,1,0,1,0,1,1,1,1,1,1,1,1,1,1,0
11.11946565935067,0.3017756776085596,-0.3017756776085596,0.5925570707970831,11.0,279.38,1.25,2.30462219340876,2.9804889595015727,16678.550813699196,7.2904051242661545,14.373635638450576,18.105905631080727,0.0,0.0,0.0,5.969305287951849,4.794537184071822,0.0,0.0,0.0,13.847474399381248,44.633172839826614,19.031945097300195,0.0,14.268263091671919,5.969305287951849,0.0,4.899909730850478,0.0,33.61285484492389,27.246982335779872,23.259637120317212,11.49902366656781,9.473725907600098,0.0,11.49902366656781,0.0,38.1161973545822,4.794537184071822,6.923737199690624,37.81602062862726,0.0,0.0,38.77,0.0,4.794537184071822,0.0,5.969305287951849,18.274299843958218,23.42117122259047,6.923737199690624,0.0,33.15181530196823,18.747384130231726,9.473725907600098,11.098740551776267,0.0,13.197972804862685,0.0,1.96764739229025,1.485887199270587,0.0,9.028332441001092,4.031280721910231,0.5625,0,0,0,0,0,4,4,6,0,0,0,1,2.9841200000000017,0,0,0,0,0,0,0,0,0,0,0,0,1,0,0,0,1,0,0,0,0,0,0,0,0,1,0,0,0,1,2,0,0,0,0,0,0,0,0,0,0,0,0,0,0,0,0,0,0,0,0,0,0,0,0,0,0,0,0,0,0,0,0,11,4.552631578947368,1,1,0.0,865.0,3,0.10526315789473686,0.19736842105263158,0.19736842105263158,0.16488091236651958,0.19736842105263158,0.2312011772320804,0.18333452511120207,0.18333452511120207,0.01807154836137349,0,0,0,0,0,1,0,0.2,0.8,0.15,0.05,0.0,0.65,0.05,0,1,0,0,0,0,0,0,0,0,1,1,1,1,0,0,1,0,1,1,0,0,0,0,0,0,0,1,0,0,0,1,0,1,0,0,0,0,1,1,0,0,0,0,1,0,0,1,0,0,1,0,0,1,0,1,0,0,1,0,1,0,0,0,0,1,0,1,0,0,0,0,0,0,0,0,0,0,0,0,1,1,0,0,0,0,1,0,0,0,0,0,0,0,0,0,0,0,0,0,1,0,0,0,0,0,0,1,0,1,1,1,0,1,0,0,0,0,0,0,0,1,0,0,0,1,0,0,0,0,0,0,0,0,0,0,0,0,0,0,0,0,0,0,0,0,0,0,0,0,0,0,0,0,0,0,0,0,0,0,0,0,0,0,0,0,0,0,0,0,0,0,0,0,0,0,0,0,0,0,0,0,0,0,0,0,0,0,0,0,0,0,0,0,0,0,0,0,0,0,0,0,1,0,0,0,0,0,0,0,0,0,0,1,1,0,0,0,0,0,0,1,0,1,0,0,0,0,1,0,0,0,0,0,0,0,0,1,0,1,0,1,0,1,1,0,1,0,0,0,1,1,0,0,1,1,0,0,0,0,1,0,0,0,0,0,1,0,0,1,0,1,1,0,1,1,1,1,1,0,1,1,1,1,0,1,1,1,1,1,1,1,1,1,0
10.717955089443185,0.1553698979591842,-1.266892479213908,0.663716312151751,14.714285714285714,195.218,1.4285714285714286,2.082298871294528,2.7864582134523794,1007.8326537065515,3.6732063513047053,15.946722266843596,11.288437085667251,0.0,0.0,0.0,5.969305287951849,4.794537184071822,0.0,0.0,0.0,12.13273413692322,24.619922828310838,6.4208216229260096,0.0,15.007591973753234,5.969305287951849,0.0,0.0,5.733667477162185,18.883484074999977,0.0,29.828919765543436,5.749511833283905,5.733667477162185,0.0,5.749511833283905,0.0,21.721285330016606,11.21535880699783,0.0,12.487188691387619,0.0,0.0,83.55,11.508230540335195,4.794537184071822,0.0,12.170333456209914,0.0,5.563451491696996,19.056471336613843,12.13273413692322,0.0,0.0,15.946722266843596,0.0,0.0,10.717955089443185,17.799386180398088,5.0879024943310664,-0.8811347316704452,0.23870370370370386,1.460506424792139,0.0,0.3,4,0,0,0,0,3,4,3,0,0,0,1,0.7367000000000001,1,0,0,0,0,0,0,1,1,0,0,0,0,0,1,0,0,0,0,0,0,0,0,0,0,0,0,0,0,0,0,0,0,0,0,0,0,0,0,0,0,0,0,0,0,0,0,0,0,0,0,0,0,0,0,0,0,0,0,0,0,0,0,8,3.4615384615384617,1,1,0.0,315.0,4,0.15384615384615388,0.20512820512820512,0.20512820512820512,0.21163556434896383,0.20512820512820512,0.2995176653121177,0.24629505243308242,0.24629505243308242,0.022961846709534457,0,0,0,0,0,1,0,0.2857142857142857,0.7142857142857143,0.21428571428571427,0.07142857142857142,0.0,0.5,0.07142857142857142,0,0,0,0,0,1,0,1,1,0,1,0,0,0,0,0,0,0,0,1,0,0,1,0,0,0,1,0,0,0,0,0,0,1,0,1,0,0,0,1,0,0,0,0,0,0,0,0,0,0,0,0,0,0,1,0,0,1,0,0,0,0,0,0,0,0,1,0,0,0,0,0,0,0,0,0,0,0,0,0,1,1,0,0,0,0,1,0,0,0,1,0,0,0,0,0,0,0,1,0,1,0,0,0,0,1,0,0,0,0,0,0,0,0,1,0,0,0,0,0,1,0,0,0,0,1,0,0,0,0,0,0,0,0,0,0,0,0,0,0,0,0,0,0,0,0,0,0,0,0,0,0,0,0,0,0,0,0,0,0,0,0,0,0,0,0,0,0,0,0,0,0,0,0,0,0,0,0,0,0,0,0,1,0,0,0,0,0,0,0,0,0,0,0,1,0,0,0,0,0,0,0,0,0,0,0,0,0,0,0,0,0,1,0,0,0,0,0,1,0,0,0,0,1,0,0,0,0,0,0,0,0,1,0,0,0,0,0,0,1,1,1,0,1,0,0,0,0,0,0,0,1,0,0,0,1,0,0,0,1,0,0,0,0,0,0,0,1,0,0,0,1,0,0,1,0,0,0,0,1,1,0,1,1,1,1,1,1,1,1,1,1,1,1,0
9.968935185185185,0.048361638636936766,-0.6526620370370377,0.6389509580864461,13.705882352941176,239.315,1.2941176470588236,2.2528393175016586,2.7202058661391737,4163.247058743065,5.489653133998208,20.63637078852845,5.749511833283905,0.0,0.0,0.0,0.0,0.0,0.0,0.0,0.0,6.06636706846161,38.46739722769209,17.647133149992914,12.71084835226122,15.319582184522117,0.0,0.0,5.316788604006331,0.0,39.020985203716435,6.544756405912575,29.32600418877882,5.749511833283905,5.316788604006331,0.0,5.749511833283905,0.0,27.403263842818035,6.606881964512918,0.0,38.002080970214166,0.0,0.0,72.72,6.103966387748303,10.213054789681411,0.0,17.89531905018017,17.671659389306566,0.0,6.06636706846161,12.13273413692322,20.771211599071872,5.316788604006331,5.106527394840706,0.0,0.0,0.0,31.6113353489544,1.0541228898966999,0.048361638636936766,-0.6526620370370377,6.2632119630259515,0.0,0.5384615384615384,4,0,0,0,0,4,4,4,0,0,0,1,1.3059999999999998,0,2,2,0,0,0,0,1,0,0,1,0,0,1,0,0,0,0,0,0,0,0,0,0,0,0,0,0,0,0,0,0,0,0,0,0,0,0,0,0,0,0,0,0,0,0,0,0,0,0,0,0,0,0,0,0,0,0,0,0,0,0,0,9,4.117647058823529,1,1,0.0,560.0,4,0.125,0.20784313725490194,0.20784313725490194,0.2006722889462866,0.20784313725490194,0.25251520392977556,0.21307185018712752,0.21307185018712752,0.02049325105082563,0,0,0,0,0,1,0,0.23529411764705882,0.7647058823529411,0.17647058823529413,0.058823529411764705,0.0,0.6470588235294118,0.0,1,1,0,0,0,0,0,0,1,0,0,0,0,1,0,0,0,0,0,0,0,0,0,0,0,0,1,0,0,0,0,0,0,1,0,0,1,1,0,1,0,0,1,0,0,0,0,0,0,0,0,0,0,0,0,0,0,0,0,0,0,1,0,0,0,1,1,1,0,1,0,1,0,0,0,1,0,0,0,0,1,1,1,0,0,1,1,0,0,1,0,1,0,0,1,0,0,0,0,1,1,0,0,0,0,0,0,1,0,0,0,0,0,0,1,0,0,0,0,0,1,0,0,0,0,0,0,0,0,0,0,0,0,0,0,0,0,0,0,0,0,0,0,0,0,0,0,0,0,0,0,0,0,0,0,0,0,0,0,0,0,0,0,0,0,0,0,0,0,0,0,0,0,0,0,0,0,0,0,0,0,1,1,0,0,0,0,0,0,0,0,0,0,0,1,0,0,0,0,0,0,0,1,0,0,0,0,0,0,0,1,0,0,0,0,0,0,1,1,0,0,0,0,1,0,0,0,0,1,0,0,0,1,0,0,0,0,1,0,0,1,1,0,0,1,0,0,0,0,0,0,0,0,0,0,1,0,0,0,1,1,0,0,0,0,0,1,1,0,1,0,1,1,0,1,0,0,1,1,1,1,1,0,1,1,1,1,1,1,1,1,1,1,1,0
10.431406551818258,0.1130541383219954,-0.7762874254640126,0.795449500750072,10.5,192.25799999999998,1.2142857142857142,2.062524930502117,2.634770490481017,1130.2636619151601,4.7957578706766775,5.106527394840706,0.0,0.0,0.0,0.0,5.969305287951849,4.794537184071822,0.0,0.0,0.0,38.112942673227685,23.465630652481394,0.0,6.4208216229260096,9.901064578912528,5.969305287951849,0.0,0.0,5.917906046161393,26.689117645233267,0.0,35.392371257240434,0.0,0.0,0.0,0.0,0.0,11.075832682792555,17.63618042992384,5.917906046161393,24.974377382775238,0.0,0.0,37.3,5.969305287951849,4.794537184071822,0.0,6.4208216229260096,5.917906046161393,11.984273114623004,5.563451491696996,0.0,24.26546827384644,13.847474399381248,5.106527394840706,0.0,0.0,10.431406551818258,8.581638820651717,2.1380971277399854,-0.13709876543209865,1.162013888888889,4.343572005962879,0.0,0.4166666666666667,1,0,0,0,0,1,2,4,0,0,0,1,2.5122,1,0,0,0,0,0,0,0,1,0,0,0,0,0,0,0,0,0,0,0,0,0,0,0,0,0,0,0,0,0,0,0,0,0,0,0,0,0,0,0,0,0,0,0,0,0,0,0,0,0,0,0,0,0,0,0,0,0,0,0,0,0,0,9,3.791208791208791,1,1,0.0,345.0,3,0.15384615384615383,0.2326007326007326,0.2326007326007326,0.16903481987747992,0.2326007326007326,0.27631027253668766,0.24158372249901677,0.24158372249901677,0.01871366849764642,0,0,0,0,0,1,0,0.14285714285714285,0.8571428571428571,0.14285714285714285,0.0,0.0,0.5,0.07142857142857142,0,1,0,0,0,1,0,0,0,0,1,0,0,0,0,0,0,1,1,0,0,0,0,0,0,0,0,1,0,0,0,0,0,1,0,0,0,0,0,1,0,0,0,0,0,0,0,0,0,0,0,0,0,0,1,1,0,0,0,1,0,0,0,0,0,0,0,0,0,1,0,0,0,1,0,0,0,0,1,1,1,1,0,0,0,0,1,0,0,1,1,0,0,0,0,0,0,0,0,0,1,0,0,0,0,0,0,0,0,0,0,0,0,0,0,0,0,0,0,0,0,0,0,0,0,1,0,0,0,0,0,0,0,0,0,0,0,0,0,0,0,0,0,0,0,0,0,0,0,0,0,0,0,0,0,0,0,0,0,0,0,0,0,0,0,0,0,0,0,0,0,0,0,0,0,0,0,0,0,0,0,0,0,0,0,0,0,0,0,0,0,0,0,0,0,0,0,0,0,0,0,0,1,0,0,0,0,0,0,0,0,0,0,0,0,0,0,0,0,0,0,0,0,0,0,0,0,0,0,0,0,0,1,0,0,0,0,0,0,0,0,0,0,1,0,0,0,0,0,0,0,1,0,0,0,0,0,0,0,0,1,0,0,0,0,0,0,1,0,0,0,0,0,0,0,0,0,1,0,0,0,0,1,1,0,1,0,1,1,0,1,1,1,1,0
11.392447430083145,0.05473703703703725,-1.1172184429327283,0.4569915391683752,10.05,613.9150000000002,0.85,2.2901201081861373,3.6760023940844433,14015.535062099161,7.195269506439019,15.740104602853368,0.0,0.0,11.814359458703011,0.0,5.969305287951849,9.589074368143644,4.794537184071822,0.0,0.0,0.0,67.77261188120417,13.847474399381248,27.648770854260306,19.490138947056174,96.93104917722616,0.0,0.0,0.0,13.847474399381248,10.633577208012662,16.273998304893183,0.0,10.633577208012662,11.374772549367124,0.0,67.77261188120417,22.890192141495568,9.589074368143644,10.710546813196189,24.205463075150064,0.0,0.0,95.50000000000001,5.969305287951849,19.490138947056174,0.0,17.377810950400008,22.08531936256331,0.0,13.847474399381248,0.0,67.77261188120417,10.633577208012662,0.0,1.4381519274376422,5.713592705971278,33.91796109851348,14.528235411942553,0.8330074074074076,-1.742859297052153,0.0,2.6719107457797935,0.0,0.18181818181818182,3,0,0,0,0,3,9,3,0,0,0,1,3.1154,0,0,0,0,1,0,0,0,1,0,0,0,0,2,0,0,0,0,0,0,0,0,0,0,2,0,0,0,0,0,0,0,0,0,0,0,0,0,0,0,0,0,0,0,0,0,0,0,0,0,0,0,0,0,0,0,0,0,0,0,0,0,0,8,3.9263157894736844,1,1,0.0,746.0,3,0.10526315789473684,0.16257309941520465,0.16257309941520465,0.1577603933564434,0.16257309941520465,0.2661859417955477,0.1882487426266331,0.1882487426266331,0.021157925581887504,0,0,0,0,0,1,0,0.45,0.55,0.2,0.1,0.0,0.55,0.15,1,0,0,0,0,1,0,0,0,0,1,0,0,0,0,0,0,0,0,0,0,1,0,0,1,0,0,0,0,0,1,0,0,1,0,0,0,0,0,1,0,0,0,0,0,0,0,0,0,0,0,1,0,0,0,0,0,0,0,1,1,0,0,0,0,0,0,0,0,0,0,0,1,0,1,0,0,0,0,0,1,1,0,0,0,1,0,0,0,1,0,0,0,0,0,0,0,0,0,0,1,0,0,0,0,0,0,0,0,0,0,0,0,0,0,0,0,1,0,0,0,1,0,0,0,1,0,0,0,0,0,0,0,0,0,0,0,0,0,0,0,0,0,0,0,0,0,0,0,0,0,0,0,0,0,1,0,0,0,0,0,0,0,0,0,0,0,0,0,0,0,0,0,0,0,0,0,0,0,0,0,1,0,0,0,0,0,0,0,0,0,0,0,0,0,0,0,0,0,0,0,0,0,0,0,0,0,0,1,0,0,0,0,0,0,1,0,0,0,0,1,0,0,0,0,0,0,0,0,0,0,0,0,0,0,1,0,0,1,0,0,0,0,0,0,1,0,0,0,0,0,1,0,0,0,0,0,0,0,1,0,1,1,1,1,0,0,1,1,0,1,0,1,0,1,0,0,1,1,1,0,0,1,0,1,1,1,1,1,1,1,1,1,1,0
10.611948223733938,0.01601851851851821,-1.1140277777777776,0.5501217966938848,9.307692307692308,180.15899999999996,1.3076923076923077,2.0325369160995868,3.0435273546341013,729.6807528797516,3.7092512583454584,9.843390348640755,11.3129633249809,0.0,0.0,0.0,11.938610575903699,4.794537184071822,4.794537184071822,0.0,0.0,12.13273413692322,12.13273413692322,6.923737199690624,0.0,19.432464716784395,11.938610575903699,0.0,0.0,0.0,6.923737199690624,0.0,29.828919765543436,5.749511833283905,4.736862953800049,0.0,5.749511833283905,0.0,17.045137970744406,4.794537184071822,0.0,17.28172587545944,0.0,0.0,63.60000000000001,11.938610575903699,9.589074368143644,0.0,11.3129633249809,0.0,0.0,19.056471336613843,12.13273413692322,0.0,4.736862953800049,5.106527394840706,4.686898148148147,0.0,21.184767573696142,8.687243008314436,-0.01601851851851821,-1.575879629629629,0.0,1.2208635676492818,0.0,0.1111111111111111,1,0,0,0,0,3,4,2,0,0,0,1,1.3101,0,0,0,0,1,0,0,0,1,0,0,0,0,0,0,0,0,0,0,0,0,0,0,0,0,0,0,0,0,1,1,0,0,0,0,0,0,0,0,0,0,0,0,0,0,0,0,1,0,0,0,0,0,0,0,0,0,0,0,0,0,0,0,6,3.1538461538461537,1,1,0.0,246.0,3,0.16666666666666669,0.19580419580419584,0.19580419580419584,0.20318867448626066,0.19580419580419584,0.330323080689858,0.2503034158337348,0.2503034158337348,0.02116016269469727,0,0,0,0,0,1,0,0.3076923076923077,0.6923076923076923,0.3076923076923077,0.0,0.0,0.38461538461538464,0.15384615384615385,0,0,1,0,0,1,0,0,0,0,1,1,0,1,0,0,0,0,0,0,0,0,0,1,0,0,0,0,0,0,0,0,0,1,0,0,0,0,0,1,0,0,0,0,0,0,0,1,0,0,1,0,0,0,0,1,0,0,0,0,1,0,0,0,1,1,0,0,0,0,0,1,1,0,0,0,0,0,0,0,1,1,0,0,0,0,1,0,0,0,0,0,0,0,0,0,0,0,0,0,1,0,0,0,0,0,0,0,0,0,0,1,0,0,0,0,0,0,0,0,0,1,0,0,0,1,0,0,0,0,0,0,0,0,0,0,0,0,0,0,0,0,0,0,0,0,0,0,0,0,0,0,0,0,0,0,0,0,0,0,0,0,0,0,0,0,0,0,0,0,0,0,0,0,0,0,0,0,0,0,0,0,0,0,0,0,0,0,0,0,0,0,0,0,0,0,0,0,0,0,0,0,0,0,0,0,0,0,0,0,0,0,0,0,0,0,0,1,0,0,0,0,0,0,0,0,0,0,0,0,0,0,0,0,0,0,0,0,0,0,0,1,0,0,0,0,0,0,0,0,0,1,0,0,1,1,0,0,0,0,0,0,0,0,1,0,0,1,1,0,0,1,1,0,1,0,0,0,1,0,1,0,1,0,0,1,0,1,1,0,1,1,1,1,0
11.768937258545392,0.05544537876879141,0.05544537876879141,0.5388605597174689,11.090909090909092,305.418,1.3636363636363635,2.4920250055706985,2.229830766701327,62666.952815086355,9.874350582736595,15.160178952647085,0.0,11.49902366656781,5.907179729351506,0.0,0.0,4.794537184071822,0.0,0.0,0.0,32.065881681510625,42.87655654355964,12.965578028838586,7.109797541277533,14.637927532712576,5.907179729351506,0.0,5.316788604006331,5.917906046161393,46.07551729699786,7.109797541277533,35.91459291074959,11.49902366656781,10.05365155780638,0.0,11.49902366656781,0.0,18.123504665469746,11.339293589984397,5.917906046161393,45.094212382782274,0.0,0.0,58.56,0.0,9.901064578912528,0.0,11.65669156263541,24.63299590828388,24.825916360475023,7.109797541277533,18.19910120538483,0.0,31.316303217055342,4.736862953800049,5.042442725859413,0.0,11.768937258545392,12.40041090213796,0.9054321588471121,1.167775680218307,7.880722193301697,4.757198155496766,1.5051087053278611,0.5,2,0,0,0,0,3,4,9,0,0,0,1,3.789600000000003,0,0,0,0,0,0,0,1,0,0,0,0,0,1,0,0,0,0,0,0,0,0,2,0,0,0,0,0,0,0,1,0,0,0,0,0,0,0,0,0,0,1,0,0,0,0,0,0,0,0,0,0,0,0,0,0,0,0,0,0,0,2,0,15,6.108225108225108,1,1,0.0,1411.0,3,0.09523809523809522,0.2554112554112554,0.2554112554112554,0.1991636059596964,0.2554112554112554,0.17073471679933727,0.15577104793317445,0.15577104793317445,0.013780374880784993,0,0,0,0,0,1,0,0.18181818181818182,0.8181818181818182,0.13636363636363635,0.045454545454545456,0.0,0.6363636363636364,0.09090909090909091,1,1,0,1,0,0,0,1,0,0,1,0,0,0,0,0,1,1,0,0,0,0,0,0,0,0,0,1,1,0,0,0,1,1,1,0,0,1,0,1,0,1,0,0,0,0,0,0,0,0,1,0,0,1,1,1,0,0,0,0,0,0,0,0,0,0,1,1,0,1,0,1,0,1,0,0,1,1,0,0,1,1,0,0,0,1,1,0,1,0,1,0,0,0,0,0,0,0,0,0,1,0,1,0,0,0,0,1,0,0,0,0,0,0,0,1,0,0,0,1,0,1,0,0,0,1,0,1,0,0,0,0,0,0,0,0,0,0,0,0,0,0,0,0,0,0,0,0,0,0,0,0,0,0,0,0,0,0,0,0,0,0,0,0,0,0,0,0,0,0,0,0,0,0,0,0,0,0,0,0,0,0,0,0,0,0,0,0,0,0,0,0,0,0,0,0,0,0,0,0,1,0,1,0,0,0,0,0,0,0,1,0,0,0,0,0,0,0,1,1,1,1,0,0,0,0,0,1,1,0,0,0,1,0,0,0,1,0,1,1,0,1,0,0,0,1,1,0,0,0,0,0,0,0,1,1,1,1,0,1,1,0,0,0,0,0,0,1,0,1,0,1,1,0,1,1,0,1,1,1,1,1,1,1,1,1,1,1,1,1,1,1,1,1,0
10.74650781595826,0.2234260215794306,-0.5484295214999584,0.637673978167625,12.421052631578947,266.34099999999995,1.368421052631579,2.345334627091968,2.346203475304779,13068.204542156445,7.759435821524982,20.893846429809273,18.460360185545124,0.0,5.907179729351506,0.0,0.0,4.794537184071822,0.0,0.0,0.0,25.980208536304467,17.696185628620217,12.586597235060536,6.4208216229260096,14.637927532712578,5.907179729351506,0.0,5.316788604006331,5.733667477162185,32.41410323920353,13.151638370425493,29.828919765543436,5.749511833283905,15.787319034968565,0.0,5.749511833283905,0.0,36.31115271151397,11.21535880699783,0.0,19.410925891078243,0.0,0.0,84.57999999999998,6.103966387748303,9.901064578912528,0.0,18.934883316790433,18.33610906834444,5.563451491696996,0.0,24.26546827384644,13.847474399381248,5.316788604006331,10.470530430962235,5.453870937263795,0.0,10.74650781595826,12.815085272605115,5.9573771903383275,0.30617384866611386,-0.3250034999205278,4.766257426351291,0.0,0.5,4,0,0,0,0,4,5,8,0,0,0,1,0.45210000000000006,0,1,1,0,0,0,0,0,0,0,0,0,0,1,1,0,0,0,0,0,0,0,0,0,0,0,0,0,0,0,1,0,0,0,0,0,0,0,0,0,0,0,0,0,0,0,0,0,0,0,0,1,0,0,0,0,0,0,0,0,0,0,0,13,5.204678362573099,1,1,0.0,890.0,3,0.11111111111111112,0.2473340213278294,0.2473340213278294,0.18393497789332314,0.2473340213278294,0.2010221903821502,0.19122250946193142,0.19122250946193142,0.015348945129140435,0,0,0,0,0,1,0,0.2631578947368421,0.7368421052631579,0.15789473684210525,0.10526315789473684,0.0,0.631578947368421,0.05263157894736842,1,1,0,0,1,0,0,0,0,0,1,0,1,0,1,0,0,1,1,1,0,0,0,1,0,0,0,1,0,0,0,0,0,1,0,0,0,1,1,1,0,1,0,0,1,0,1,0,0,0,0,0,0,0,1,1,0,0,0,0,0,0,0,0,0,0,1,0,0,1,0,0,0,0,0,0,0,0,1,0,1,1,0,0,0,0,1,0,0,0,1,0,0,0,1,0,0,0,0,1,1,0,1,0,0,0,1,1,0,0,1,0,0,0,0,0,0,0,1,0,0,0,0,0,0,1,0,0,0,0,0,0,0,0,0,0,0,0,0,0,0,0,0,0,0,0,0,0,0,0,0,0,0,0,0,0,0,0,0,0,0,0,0,0,0,0,0,0,0,0,0,0,0,0,0,0,0,0,0,0,0,0,1,0,0,0,0,0,0,0,0,0,0,0,0,0,0,0,0,0,1,0,1,0,0,0,0,0,0,0,1,0,1,0,0,0,0,0,1,0,1,0,0,1,0,1,0,0,1,0,0,0,1,0,0,0,0,1,1,1,0,1,0,0,1,1,0,0,0,0,0,0,0,0,1,1,0,0,0,1,1,0,0,0,0,0,1,1,0,0,1,1,0,0,1,0,0,1,0,1,1,1,1,1,1,1,1,1,1,1,1,1,1,1,0
5.191416603678508,0.7032681405895692,0.7032681405895692,0.6072627909596671,9.75,159.232,1.3333333333333333,2.061213671178517,2.480668698760722,585.3846826146989,4.583982660084925,0.0,0.0,0.0,0.0,0.0,0.0,4.899909730850478,0.0,0.0,6.423349895620259,36.252269661163695,12.611123474374185,6.544756405912575,6.544756405912575,0.0,0.0,0.0,4.899909730850478,0.0,6.544756405912575,13.592428388589765,35.89528683400505,12.343784214475903,0.0,0.0,0.0,0.0,18.492338119440245,6.544756405912575,12.343784214475903,5.563451491696996,0.0,0.0,3.24,0.0,0.0,0.0,0.0,6.544756405912575,6.544756405912575,5.563451491696996,0.0,25.24677318806202,22.95307818662934,6.423349895620259,0.0,0.0,2.1064814814814814,0.0,1.3011574074074077,2.6136373299319726,5.191416603678508,1.6249348072562357,2.0206944444444446,0.2727272727272727,0,0,0,0,0,1,1,3,0,0,0,1,1.7516,0,0,0,0,0,0,0,0,0,0,0,0,1,0,0,0,0,0,0,0,0,0,0,0,0,0,0,0,0,0,0,0,0,0,0,0,0,0,0,0,0,0,0,0,0,0,0,0,0,0,0,0,0,0,0,0,0,1,0,0,0,0,0,8,3.3484848484848486,1,1,0.0,221.0,3,0.1818181818181818,0.23484848484848483,0.23484848484848483,0.21013682192850255,0.23484848484848483,0.31075307954106374,0.2650259054714737,0.2650259054714737,0.01627966869781371,0,0,0,0,0,1,0,0.08333333333333333,0.9166666666666666,0.0,0.08333333333333333,0.0,0.4166666666666667,0.0,0,0,0,0,0,1,1,0,0,0,0,1,0,0,0,0,0,0,0,1,0,0,0,0,0,0,0,0,0,0,0,0,0,1,1,0,0,1,1,0,0,0,1,0,0,0,0,1,0,0,0,0,0,0,0,0,0,0,0,0,0,0,0,0,1,0,0,0,0,0,0,0,0,0,0,1,0,0,1,0,1,1,0,0,1,0,1,0,0,0,1,0,0,0,0,0,0,0,0,0,1,0,0,0,0,1,0,0,0,0,0,0,0,1,0,0,0,0,0,0,0,0,0,1,0,0,0,0,0,0,0,0,0,0,0,0,0,0,0,0,0,0,0,0,0,1,0,0,0,0,0,0,0,0,0,0,0,0,0,0,0,0,0,0,0,0,0,0,0,0,0,0,0,0,0,0,0,0,0,0,0,0,0,0,0,0,0,0,0,0,0,0,0,0,0,0,0,0,0,0,0,0,0,0,0,0,0,0,0,0,0,0,0,1,1,0,0,0,0,0,0,1,0,0,0,0,0,0,1,0,0,0,0,0,0,0,0,0,0,0,0,0,0,1,0,0,0,0,0,0,1,0,0,0,0,0,0,0,0,0,0,0,0,0,0,0,1,0,0,0,0,0,0,0,0,0,1,0,0,0,0,1,0,1,0,0,1,0,1,1,1,1,0,1,0
10.681432271982867,0.06559269232384302,-0.06559269232384302,0.770678866809672,9.384615384615385,179.219,1.3846153846153846,2.077783779457521,2.635972640607562,831.1135117830083,4.499571342364573,10.05365155780638,5.749511833283905,0.0,5.907179729351506,0.0,0.0,4.794537184071822,0.0,0.0,0.0,0.0,31.18920547353706,12.611123474374185,6.606881964512918,9.53140013787187,11.594566004035068,0.0,0.0,0.0,13.847474399381248,11.923670568519249,24.26546827384644,5.749511833283905,10.05365155780638,5.687386274683562,5.749511833283905,0.0,12.514061693864424,4.794537184071822,0.0,13.847474399381248,0.0,0.0,38.33,0.0,4.794537184071822,0.0,5.907179729351506,6.606881964512918,11.436898107967467,6.923737199690624,0.0,31.18920547353706,5.316788604006331,4.736862953800049,5.253109410430839,0.0,10.681432271982867,2.679609552154195,0.7879195011337872,0.7507054936172004,0.0,4.06713117808852,0.0,0.3,1,0,0,0,0,2,3,3,0,0,0,1,2.0437,0,0,0,0,0,0,0,0,0,0,0,0,0,1,0,0,0,0,0,0,0,0,0,0,1,0,0,0,0,0,1,0,0,0,0,0,0,0,0,0,0,0,0,0,0,0,0,0,0,0,0,0,0,0,0,0,0,0,0,0,0,0,0,9,3.58974358974359,1,1,0.0,280.0,3,0.16666666666666666,0.23543123543123545,0.23543123543123545,0.16003056771376398,0.23543123543123545,0.2923006994795959,0.25081324914612746,0.25081324914612746,0.018086217952189256,0,0,0,0,0,1,0,0.23076923076923078,0.7692307692307693,0.15384615384615385,0.07692307692307693,0.0,0.46153846153846156,0.07692307692307693,1,0,0,0,0,0,0,0,0,0,1,0,0,0,0,0,0,0,1,0,0,0,0,0,1,0,0,0,0,0,0,0,0,1,0,0,0,0,1,1,0,0,0,0,1,0,0,0,0,0,0,0,0,1,0,1,0,0,0,0,0,0,0,1,0,0,1,0,0,1,0,0,0,0,0,1,0,0,1,0,1,1,0,0,0,0,1,0,0,0,0,0,0,0,0,0,0,0,0,0,1,0,1,0,0,0,0,0,0,1,0,0,0,0,0,0,0,1,0,0,0,1,0,0,0,1,0,0,0,0,0,0,0,0,0,0,0,0,0,0,0,0,0,0,0,0,0,0,0,0,0,0,0,0,0,0,0,0,0,0,0,0,0,0,0,0,0,0,0,0,0,0,0,0,0,0,0,0,0,0,0,0,0,0,0,0,0,0,0,0,0,0,0,0,0,0,0,0,0,0,0,0,0,0,0,0,0,0,0,0,0,0,0,0,0,0,0,0,0,0,1,0,0,0,0,0,0,0,0,0,0,0,0,0,0,0,0,1,1,0,0,1,1,0,0,1,0,0,0,0,0,0,0,0,1,1,0,0,0,0,0,1,0,1,0,0,0,0,0,0,0,1,0,0,0,0,0,1,0,1,1,1,1,1,1,1,1,1,1,1,1,1,1,1,0
5.268946208112875,0.4939351851851852,0.4939351851851852,0.6530251998867979,12.428571428571429,187.286,1.3571428571428572,2.193890895812127,2.492478105443482,1518.1724999019918,5.46596949475999,0.0,0.0,0.0,0.0,0.0,0.0,4.899909730850478,0.0,0.0,6.423349895620259,36.252269661163695,25.95568229699082,6.041840829147961,6.544756405912575,0.0,0.0,0.0,4.899909730850478,0.0,19.386399651764595,13.592428388589765,35.89528683400505,12.343784214475903,0.0,0.0,0.0,0.0,24.534178948588206,6.4208216229260096,12.343784214475903,12.487188691387619,0.0,0.0,3.24,0.0,0.0,0.0,0.0,12.586597235060536,6.4208216229260096,5.563451491696996,0.0,6.06636706846161,49.057221505920374,6.423349895620259,0.0,0.0,2.1875,0.0,1.3646957671957674,2.6600763731418495,6.3235295414462085,2.9150200774754347,2.062962962962963,0.38461538461538464,0,0,0,0,0,1,1,4,0,0,0,1,2.1826,0,0,0,0,0,0,0,0,0,0,0,0,1,0,0,0,1,0,0,0,0,0,0,0,0,0,0,0,0,0,0,0,0,0,0,0,0,0,0,0,0,0,0,0,0,0,0,0,0,0,0,0,0,0,0,0,0,1,0,0,0,0,0,9,3.7032967032967035,1,1,0.0,337.0,3,0.15384615384615383,0.22527472527472522,0.22527472527472522,0.21755589927324717,0.22527472527472522,0.2809692728457055,0.24536470560306164,0.24536470560306164,0.017181551652558108,0,0,0,0,0,1,0,0.07142857142857142,0.9285714285714286,0.0,0.07142857142857142,0.0,0.5,0.0,0,1,0,0,0,1,0,0,0,0,0,1,0,0,0,0,0,0,0,1,0,0,0,0,0,0,0,1,0,0,0,0,0,1,1,0,0,1,1,0,0,0,1,0,0,0,1,1,0,0,0,0,0,0,1,0,0,0,0,0,0,0,0,0,1,0,0,0,0,0,0,1,0,0,0,0,0,1,1,1,1,1,0,0,0,0,1,0,0,1,1,0,0,0,0,0,0,0,0,0,1,0,0,0,0,0,0,0,0,0,0,0,0,1,0,0,0,0,0,0,0,0,0,0,0,0,0,0,0,0,0,0,0,0,0,0,0,0,0,0,0,0,0,0,0,1,0,0,0,0,0,0,0,0,0,0,0,0,0,0,0,0,0,0,0,0,0,0,0,0,0,0,0,0,0,0,0,0,0,0,0,0,0,0,0,0,0,0,0,0,0,0,0,0,0,0,0,0,0,0,0,0,0,0,0,0,0,0,0,0,0,0,0,1,1,0,0,0,0,0,0,1,0,0,0,0,0,0,1,0,0,0,0,0,0,0,0,0,0,1,0,0,0,1,1,0,0,0,0,0,1,0,0,0,0,0,0,1,0,0,0,0,0,0,0,0,0,0,0,0,0,0,0,0,0,0,1,1,0,0,0,1,0,1,1,0,1,0,1,1,1,1,0,1,0
5.867482993197279,0.09587962962962959,-0.09587962962962959,0.6831676333388244,11.545454545454545,149.237,1.1818181818181819,1.8549845694438387,2.657660984532226,244.8579631665867,3.0548987926736837,5.733667477162185,0.0,0.0,0.0,0.0,0.0,0.0,0.0,0.0,0.0,30.33183534230805,25.831747514004253,5.538925252383345,0.0,0.0,0.0,0.0,0.0,5.733667477162185,25.8072212746906,0.0,35.89528683400505,0.0,5.733667477162185,0.0,0.0,0.0,5.538925252383345,6.4208216229260096,0.0,19.410925891078243,0.0,0.0,26.02,0.0,0.0,0.0,5.538925252383345,0.0,6.4208216229260096,5.563451491696996,0.0,32.046575604766076,12.13273413692322,5.733667477162185,0.0,0.0,0.0,0.0,7.077158919123205,0.0,0.9383333333333332,4.083333333333333,0.0,0.4,2,0,0,0,0,1,1,2,0,0,0,1,1.9664,0,0,0,0,0,0,0,0,0,0,0,0,0,0,1,0,0,0,0,0,0,0,0,0,0,0,0,0,0,0,0,0,0,0,0,0,0,0,0,0,0,0,0,0,0,0,0,0,0,0,0,0,0,0,0,0,0,0,0,0,0,0,0,6,2.909090909090909,1,1,0.0,160.0,4,0.2,0.21212121212121213,0.21212121212121213,0.22259839602675097,0.21212121212121213,0.35502351902213897,0.28560428533620663,0.28560428533620663,0.022633016045501997,0,0,0,0,0,1,0,0.09090909090909091,0.9090909090909091,0.0,0.09090909090909091,0.0,0.45454545454545453,0.0,0,0,0,0,0,1,0,1,1,0,0,0,0,0,0,0,0,0,0,1,0,0,0,0,0,0,0,0,0,0,1,0,1,1,0,1,0,0,0,0,0,0,1,0,0,0,1,1,0,0,0,0,0,0,0,0,0,0,0,0,0,0,0,0,1,0,0,0,0,0,0,0,0,0,0,0,0,0,0,0,1,1,0,0,0,0,1,0,0,0,1,0,0,0,0,0,0,0,0,0,1,0,0,0,0,0,0,0,0,0,0,0,0,0,1,0,0,0,0,0,1,0,0,0,0,0,0,0,0,0,0,0,0,0,0,0,0,0,0,0,0,0,0,0,0,0,0,0,0,0,0,0,0,0,0,0,0,0,0,0,0,0,0,0,0,0,0,0,0,0,0,0,0,0,0,0,0,0,0,0,0,0,0,0,0,0,0,0,0,0,0,0,0,0,1,0,0,0,0,0,0,0,1,0,0,0,0,0,0,0,0,0,1,0,0,0,0,0,0,0,0,0,0,0,0,0,0,0,0,0,0,0,1,0,0,0,0,0,0,1,1,0,0,1,0,0,0,0,0,0,0,0,0,0,0,0,0,0,0,0,0,0,0,0,0,0,0,0,0,0,0,0,0,0,0,0,0,1,0,1,0,0,0,1,1,0,1,0,1,1,1,1,0,1,0
9.472777777777779,0.21074074074074112,-0.5451851851851859,0.6637111557988822,15.909090909090908,151.20899999999997,1.2727272727272727,2.0456060352867365,2.7679177813074443,335.4793897870248,3.5075532666587903,10.84019487200289,0.0,0.0,0.0,0.0,0.0,0.0,0.0,0.0,0.0,30.33183534230805,12.487188691387619,6.041840829147961,6.103966387748303,5.106527394840706,0.0,0.0,0.0,5.733667477162185,19.069544416586886,0.0,35.89528683400505,0.0,5.733667477162185,0.0,0.0,0.0,11.148368223988665,0.0,0.0,18.591155079135923,0.0,0.0,46.25,6.103966387748303,5.106527394840706,0.0,6.041840829147961,0.0,5.563451491696996,0.0,6.923737199690624,30.33183534230805,0.0,5.733667477162185,0.0,0.0,0.0,9.472777777777779,6.395260770975057,0.0,-0.5451851851851859,1.7893518518518519,0.0,0.3333333333333333,3,0,0,0,0,2,2,2,0,0,0,1,1.0672000000000001,0,1,1,0,0,0,0,0,0,0,0,0,0,0,1,0,0,0,0,0,0,0,0,0,0,0,0,0,0,0,0,0,0,0,0,0,0,0,0,0,0,0,0,0,0,0,0,0,0,0,0,0,0,0,0,0,0,0,0,0,0,0,0,6,2.8363636363636364,1,1,0.0,156.0,3,0.2,0.20404040404040405,0.20404040404040405,0.21655774145041287,0.20404040404040405,0.36526806526806527,0.28136378890109504,0.28136378890109504,0.021717735833778732,0,0,0,0,0,1,0,0.18181818181818182,0.8181818181818182,0.09090909090909091,0.09090909090909091,0.0,0.45454545454545453,0.0,0,1,0,0,0,1,0,0,0,0,0,0,0,0,0,0,0,0,1,1,0,0,0,0,0,0,0,1,0,0,0,0,0,1,1,0,0,0,0,1,0,0,0,0,0,1,0,1,0,0,0,0,0,0,0,0,0,0,0,0,0,0,0,0,1,0,0,0,0,0,1,0,0,0,0,0,0,0,0,0,0,1,0,0,0,1,1,0,0,1,0,0,1,0,0,0,0,0,0,1,1,0,0,0,0,0,0,0,0,0,0,0,0,0,0,0,0,0,1,0,0,0,0,0,0,0,0,0,0,0,0,0,0,0,0,0,0,0,0,0,0,0,0,0,0,0,0,0,0,0,0,0,0,0,0,0,0,0,0,0,0,0,0,0,0,0,0,0,0,0,0,0,0,0,0,0,0,0,0,0,0,0,1,0,0,0,0,0,0,0,0,0,0,0,0,0,0,0,0,0,0,0,0,0,0,0,0,0,0,0,0,0,1,0,0,0,0,0,0,0,0,0,0,1,0,0,0,0,0,0,0,0,0,0,0,0,0,0,0,0,0,0,0,0,0,0,0,0,0,0,0,0,0,0,0,0,0,0,0,1,0,0,0,0,0,0,0,1,0,0,0,0,0,0,0,0,0,0,0,1,1,0,0,0,1,1,1,0,1,1,1,1,1,1,0
10.449372965248237,0.04021990740740744,-0.8834939268917441,0.7852220850465939,9.666666666666666,226.659,1.6,2.1546820407334915,2.7767172318985907,2014.6277080858144,5.413038093450929,9.843390348640755,12.356393797796823,0.0,0.0,0.0,5.969305287951849,4.794537184071822,0.0,0.0,0.0,30.3222627491265,17.696185628620217,0.0,11.443454936667337,14.637927532712576,17.570245178184365,0.0,0.0,0.0,6.4208216229260096,6.606881964512918,41.44014180125553,5.749511833283905,4.736862953800049,0.0,5.749511833283905,11.600939890232516,17.682714647305474,11.21535880699783,0.0,5.563451491696996,5.022633313741326,0.0,46.53,5.969305287951849,4.794537184071822,0.0,6.4208216229260096,22.942478603235145,0.0,0.0,24.27512131221871,0.0,6.578935683598497,21.44433023887327,5.248479780801209,5.896358339632148,10.449372965248237,8.993525200599063,0.6513454270597132,-0.35043333228353024,1.5723685647098344,3.88955246718369,0.0,0.18181818181818182,1,0,0,0,0,2,4,5,0,0,0,1,2.5319000000000003,1,0,0,0,0,0,0,0,1,0,0,0,0,0,0,0,0,0,0,0,0,0,0,0,0,0,0,0,0,0,1,0,0,0,0,0,0,0,0,0,0,0,0,0,0,0,0,0,0,0,0,0,0,0,0,0,0,0,0,0,0,0,0,10,3.9047619047619047,1,1,0.0,410.0,3,0.14285714285714285,0.22344322344322345,0.22344322344322345,0.16111387557481155,0.22344322344322345,0.2695756552014999,0.2245922060918805,0.2245922060918805,0.018378084549663647,0,0,0,0,0,1,0,0.26666666666666666,0.7333333333333333,0.2,0.0,0.0,0.4666666666666667,0.13333333333333333,0,0,0,1,0,1,0,0,0,0,1,0,0,0,0,0,1,0,1,1,0,0,0,0,0,0,0,0,0,0,1,0,0,0,0,1,0,0,0,1,0,0,0,0,1,0,0,0,0,1,1,0,0,0,1,1,0,0,0,0,0,0,0,0,0,0,0,0,0,1,0,0,0,1,0,0,0,0,1,0,1,1,0,0,0,0,1,0,0,0,1,0,0,0,1,1,0,0,0,0,1,0,0,0,0,0,0,1,0,1,1,0,0,0,0,0,0,0,0,0,0,0,0,0,0,1,0,0,0,0,0,0,0,0,0,0,0,0,0,0,0,0,0,0,0,0,0,0,0,0,0,0,0,0,0,0,0,0,0,0,0,0,1,0,0,0,0,0,0,0,0,0,0,0,0,0,0,0,0,0,0,0,0,0,0,0,0,0,0,0,0,0,0,0,0,0,0,0,0,0,0,0,0,0,0,0,0,0,0,0,0,0,0,0,0,1,0,0,0,0,0,0,0,0,0,0,0,1,0,0,0,1,1,0,0,1,0,1,0,0,0,1,0,0,0,0,0,0,0,0,0,1,0,0,1,1,0,0,0,0,1,0,1,0,0,0,0,1,0,0,0,1,1,0,1,0,0,0,1,0,1,1,1,1,0,1,0,1,0,0,1,1,1,1,0
9.92962962962963,0.387685185185185,0.387685185185185,0.7326761559104263,11.23076923076923,178.27499999999995,0.9230769230769231,2.030421715967236,3.184631820665765,682.2216965649914,3.8194244691736134,5.106527394840706,5.749511833283905,0.0,0.0,0.0,0.0,0.0,0.0,0.0,0.0,45.89405000414732,22.96271507571678,0.0,0.0,5.106527394840706,0.0,0.0,0.0,0.0,39.53076089108528,0.0,29.32600418877882,5.749511833283905,0.0,0.0,5.749511833283905,0.0,5.106527394840706,0.0,0.0,50.65766387447927,0.0,0.0,20.23,0.0,5.106527394840706,0.0,0.0,17.58532392560669,11.126902983393991,0.0,0.0,18.19910120538483,27.694948798762496,0.0,0.0,0.0,0.0,9.92962962962963,2.094814814814815,1.254537037037037,0.0,8.385555555555555,0.0,0.5,1,0,0,0,0,1,1,2,0,0,0,1,3.6390000000000025,0,0,0,0,0,0,0,1,0,0,0,0,0,0,0,0,0,0,0,0,0,0,0,0,0,0,0,0,0,0,0,0,0,0,0,0,0,0,0,0,0,0,0,0,0,0,0,1,0,0,0,0,0,0,0,0,0,0,0,0,0,0,0,6,3.0,1,1,0.0,234.0,3,0.16666666666666666,0.1818181818181818,0.1818181818181818,0.1944885872052221,0.1818181818181818,0.34584924539675665,0.25270014057920637,0.25270014057920637,0.024088215493384576,0,0,0,0,0,1,0,0.07692307692307693,0.9230769230769231,0.07692307692307693,0.0,0.0,0.5384615384615384,0.0,0,1,0,0,0,0,0,0,0,0,0,0,0,0,0,1,0,0,0,0,0,0,0,0,0,0,0,1,0,0,0,0,0,1,0,0,0,0,0,1,0,0,0,0,0,0,0,0,0,0,0,0,0,0,0,0,0,0,0,0,1,0,0,0,1,0,1,1,0,1,0,0,0,0,1,0,0,0,0,0,0,1,0,0,0,0,1,0,0,0,0,0,0,0,0,0,0,0,0,0,1,0,0,0,0,0,0,0,0,1,0,0,0,0,0,0,0,0,0,0,0,1,0,0,0,0,0,0,0,0,0,0,0,0,0,0,0,0,0,0,0,0,0,0,0,0,0,0,0,0,0,0,0,0,0,0,0,0,0,0,0,0,0,0,0,0,0,0,0,0,0,0,0,0,0,0,0,0,0,0,0,0,0,0,0,0,0,0,0,0,0,0,0,0,0,0,0,0,0,0,0,0,1,0,0,0,0,0,0,0,0,0,0,0,0,0,0,0,0,0,0,0,0,0,0,0,0,0,0,0,0,0,0,0,0,0,0,0,0,0,0,1,0,0,0,0,0,0,0,0,0,0,0,0,0,1,0,0,0,0,0,0,0,0,0,0,0,1,0,1,0,1,1,0,0,0,0,1,1,0,1,0,0,0,0,1,0,0,1,0,1,1,1,1,0
10.95413281053162,0.0899537037037037,-1.3160591458805744,0.27902660017928355,14.375,226.232,1.4375,2.2285003925825153,2.948160261851516,2745.5124836616587,4.3777686661371735,15.319582184522117,5.538925252383345,11.49902366656781,0.0,0.0,5.969305287951849,10.63720745433806,5.425791397110385,0.0,0.0,6.06636706846161,24.619922828310838,6.4208216229260096,0.0,20.11411936859394,5.969305287951849,0.0,5.425791397110385,5.842670270266239,18.883484074999977,0.0,23.762552697081826,11.49902366656781,11.268461667376624,0.0,11.49902366656781,0.0,26.82781272485731,11.21535880699783,0.0,12.487188691387619,0.0,0.0,115.81000000000002,11.508230540335195,9.901064578912528,0.0,17.919845289493818,5.563451491696996,0.0,25.122838405075452,0.0,0.0,5.425791397110385,16.055725059947648,0.0,0.0,10.95413281053162,27.32426343222474,1.454553807634165,3.547990047871002,0.0899537037037037,1.4297996976568406,0.0,0.3,6,0,0,0,0,5,6,4,0,0,0,1,-0.05310000000000015,1,0,0,0,0,0,0,2,1,0,0,0,0,1,1,0,0,0,0,0,0,0,0,0,0,0,0,0,0,0,0,0,0,1,0,0,0,0,0,0,0,0,0,0,0,0,0,0,0,0,0,0,0,0,0,0,0,0,0,0,0,0,0,8,3.683333333333333,1,1,0.0,442.0,4,0.13333333333333336,0.19166666666666668,0.19166666666666668,0.20557355746385447,0.19166666666666668,0.28132341930096083,0.22904836518690705,0.22904836518690705,0.022544171164553033,0,0,0,0,0,1,0,0.375,0.625,0.25,0.125,0.0,0.5625,0.0625,1,0,0,0,0,1,0,0,1,0,1,0,0,0,0,0,0,0,0,1,0,0,0,0,0,0,1,0,0,0,0,0,0,1,0,0,0,1,0,1,0,0,1,0,0,0,0,0,0,0,0,0,0,0,1,0,0,1,0,1,0,0,1,0,0,1,1,1,0,0,0,1,0,0,0,0,1,1,0,0,1,1,0,0,0,1,1,0,0,0,1,0,0,0,0,0,0,0,0,0,1,0,0,0,0,0,0,1,0,0,0,0,0,1,1,0,0,0,0,0,1,0,0,0,0,1,0,0,0,0,0,0,0,0,0,0,0,0,0,0,0,0,0,0,0,0,0,0,0,0,0,0,0,0,0,0,0,0,0,0,0,0,0,0,0,0,0,0,0,0,0,0,0,0,0,0,0,0,0,0,1,1,1,0,0,0,0,0,0,0,0,0,0,0,1,0,1,1,0,0,1,0,0,0,0,0,0,0,0,0,0,0,1,0,0,0,0,0,1,1,0,0,1,1,0,1,0,0,0,0,0,0,1,0,0,0,0,0,0,1,1,1,0,1,0,0,0,0,0,0,0,1,1,0,0,1,0,0,0,1,0,0,0,0,0,0,0,1,1,0,1,1,1,0,1,0,0,0,1,1,1,0,1,1,1,1,1,1,1,1,1,1,1,1,0
11.702011999244142,0.005973639455781887,-3.8273711892164264,0.8794576573550539,10.941176470588236,276.745,1.2941176470588236,2.2605170869189917,2.750346436287121,4729.001745834531,5.8806369536687235,5.316788604006331,0.0,0.0,0.0,10.023291153407584,6.031114512338072,0.0,17.934429032852847,0.0,0.0,18.524677089923138,30.686289896772447,11.567389719653901,4.895483475517775,13.212334168400758,27.655345555978172,0.0,10.038883468458419,0.0,18.24004229813441,6.544756405912575,29.288101587587764,0.0,10.038883468458419,4.794537184071822,0.0,11.600939890232516,20.993667902579585,10.023291153407584,0.0,13.344558822616634,5.022633313741326,0.0,75.27000000000001,16.054405665745655,13.212334168400758,0.0,4.895483475517775,11.567389719653901,6.4208216229260096,24.26546827384644,0.0,11.645832064142713,5.316788604006331,11.600939890232516,25.309940476190476,5.641495691413319,11.224398288121835,2.8442882874589834,0.0,0.0,0.7305679931139887,2.287644801620271,-3.8273711892164264,0.3,2,0,0,0,0,3,7,4,0,0,0,1,1.7379,0,0,0,0,0,0,0,0,0,0,0,0,0,2,0,0,0,0,0,0,0,0,0,0,0,0,0,0,0,0,0,0,0,0,0,0,0,0,0,0,0,0,0,0,0,0,0,0,0,0,0,0,0,0,0,1,0,0,0,0,0,0,1,11,4.161764705882353,1,1,0.0,566.0,4,0.125,0.21078431372549022,0.21078431372549022,0.2054061954114771,0.21078431372549022,0.2517823329853392,0.20566113995899601,0.20566113995899601,0.019477038962844792,0,0,0,0,0,1,0,0.4117647058823529,0.5882352941176471,0.17647058823529413,0.11764705882352941,0.058823529411764705,0.47058823529411764,0.17647058823529413,1,0,0,0,0,0,0,0,0,0,1,0,0,0,0,0,0,0,0,1,0,0,0,0,0,0,1,1,0,0,0,0,0,1,0,0,0,0,1,1,0,1,0,0,0,0,1,0,1,1,0,1,0,0,0,0,0,0,0,0,0,0,0,1,0,0,0,0,1,1,1,0,0,0,0,1,0,0,0,0,1,1,0,0,0,0,1,0,1,0,0,0,0,0,1,0,0,0,0,0,1,0,0,0,0,0,0,0,0,1,0,0,0,0,0,1,0,0,1,0,0,0,0,0,0,1,0,0,0,0,0,0,0,0,0,0,0,0,0,0,0,0,0,0,0,0,0,0,0,0,0,0,0,0,0,0,0,0,0,0,1,1,0,0,0,1,0,0,0,0,0,1,0,0,0,0,0,0,0,1,0,0,0,1,0,0,1,1,1,1,0,0,1,0,0,1,0,1,0,0,0,1,0,0,0,1,0,0,0,1,1,0,0,0,0,1,1,1,1,1,0,0,1,0,0,1,0,0,1,0,1,1,1,0,1,1,0,0,1,1,1,0,1,1,0,1,1,0,0,0,0,0,1,0,0,0,0,0,1,1,0,0,1,0,1,0,0,0,0,0,1,0,0,0,1,1,1,0,0,1,0,1,1,1,1,0,1,1,1,1,1,1,1,1,0
10.483981481481482,0.07407407407407374,-0.6128703703703702,0.5912712208356959,9.2,137.13799999999998,1.4,1.8787445285930133,3.1529414466808685,182.2382192735223,2.389632707443791,10.84019487200289,5.749511833283905,0.0,0.0,5.907179729351506,0.0,4.794537184071822,0.0,0.0,0.0,12.13273413692322,12.13273413692322,0.0,5.563451491696996,9.901064578912528,5.907179729351506,0.0,0.0,5.733667477162185,0.0,0.0,29.828919765543436,5.749511833283905,5.733667477162185,0.0,5.749511833283905,0.0,11.013707124192212,0.0,0.0,10.357988675768818,0.0,0.0,63.32000000000001,5.907179729351506,4.794537184071822,0.0,11.3129633249809,0.0,0.0,12.13273413692322,12.13273413692322,0.0,0.0,10.84019487200289,0.0,0.0,10.483981481481482,8.980092592592593,5.0707407407407405,-0.6869444444444439,0.0,0.0,0.0,0.0,3,0,0,0,0,2,3,1,0,0,0,1,0.49110000000000004,0,0,0,0,0,0,0,1,0,0,0,0,0,0,1,0,0,0,0,0,0,0,0,0,0,0,0,0,0,0,0,0,0,0,0,0,0,0,0,0,0,0,0,0,0,0,0,1,0,0,0,1,0,0,0,0,0,0,0,0,0,0,0,5,2.533333333333333,1,1,0.0,114.0,3,0.22222222222222224,0.19166666666666665,0.19166666666666665,0.19913005242247533,0.19166666666666665,0.40817557442557445,0.296474511189714,0.296474511189714,0.023941575279692172,0,0,0,0,0,1,0,0.3,0.7,0.2,0.1,0.0,0.3,0.1,0,0,0,0,0,0,0,0,0,0,1,0,1,0,0,0,0,0,0,1,0,0,0,0,0,0,0,0,0,0,0,1,0,0,0,0,0,0,0,1,0,0,0,0,0,0,0,1,0,0,0,0,0,1,0,0,0,0,0,1,0,0,0,0,1,0,1,0,0,0,0,1,0,0,0,0,0,0,0,0,0,1,0,0,0,0,1,0,0,0,0,0,0,0,0,0,0,0,0,0,1,0,0,0,0,0,0,0,0,0,1,0,0,0,0,0,0,0,0,0,0,0,0,0,0,1,0,0,0,0,0,0,0,0,0,0,0,0,0,0,0,0,0,0,0,0,0,0,0,0,0,0,0,0,0,0,0,0,0,0,0,0,0,0,0,0,0,0,0,0,0,0,0,0,0,0,0,0,0,0,0,1,0,0,0,0,0,0,0,0,0,0,0,0,0,0,0,0,0,0,0,0,0,0,0,0,0,0,0,0,0,0,1,0,0,0,0,1,0,0,1,0,0,0,0,1,0,0,0,0,0,0,0,0,0,0,0,0,1,0,0,1,0,0,0,1,0,0,0,0,0,0,0,0,0,1,0,0,0,1,0,0,0,0,0,0,0,1,0,0,0,1,1,0,0,0,0,0,1,1,1,0,1,0,1,1,1,1,0,1,1,1,1,1,0
10.681131897203326,0.07564814814814835,-3.575138888888888,0.5805509816764027,11.363636363636363,172.20900000000003,1.0909090909090908,1.8607638717481272,3.2015159310664942,230.73472009676777,2.5192903206703843,5.733667477162185,0.0,0.0,10.023291153407584,0.0,0.0,0.0,13.556770721936878,0.0,0.0,0.0,24.26546827384644,5.687386274683562,4.895483475517775,8.417796984328938,15.710677428091145,0.0,0.0,5.138973737607942,4.895483475517775,5.733667477162185,24.26546827384644,0.0,10.872641214770127,5.687386274683562,0.0,0.0,8.417796984328938,10.023291153407584,0.0,0.0,0.0,0.0,86.18,10.023291153407584,8.417796984328938,0.0,4.895483475517775,5.687386274683562,0.0,24.26546827384644,0.0,0.0,0.0,10.872641214770127,21.36226379440665,0.0,0.07564814814814835,4.838240740740741,5.845791761148904,0.0,0.0,0.0,-3.575138888888888,0.0,4,0,0,0,0,3,5,1,0,0,0,1,-0.08380000000000004,0,0,0,1,0,0,0,0,0,0,0,0,0,0,2,0,0,0,0,0,0,0,0,0,1,0,0,0,0,0,0,0,0,0,0,0,0,0,0,0,0,0,0,0,0,0,0,0,0,0,0,0,0,0,0,1,0,0,0,0,0,0,0,6,2.7636363636363637,1,1,0.0,152.0,4,0.20000000000000007,0.19595959595959594,0.19595959595959594,0.19541734827318127,0.19595959595959594,0.37446037056922404,0.2820470317349148,0.2820470317349148,0.026288100736046413,0,0,0,0,0,1,0,0.45454545454545453,0.5454545454545454,0.18181818181818182,0.18181818181818182,0.09090909090909091,0.2727272727272727,0.18181818181818182,0,0,0,0,0,0,0,0,0,0,1,0,1,0,0,0,1,0,0,1,0,0,0,0,0,0,0,0,0,0,0,0,0,0,0,0,0,0,0,0,0,0,0,0,0,1,0,0,0,1,0,0,0,0,0,0,0,0,0,0,0,0,0,1,0,1,0,0,1,0,0,1,0,0,0,1,0,0,0,0,0,1,0,0,0,0,1,0,0,0,0,0,0,0,1,0,0,0,0,0,1,0,0,0,0,0,0,0,0,0,0,0,0,0,0,0,0,0,0,0,1,0,0,0,0,0,0,0,0,0,0,0,0,0,0,0,0,0,0,0,0,0,0,0,0,0,0,0,0,0,0,0,0,0,0,0,0,0,0,0,1,1,0,0,0,0,0,0,0,0,0,0,0,0,0,0,0,0,0,1,0,0,0,1,0,0,1,1,1,1,0,0,1,0,0,1,0,1,0,0,0,1,0,0,0,0,0,0,0,1,0,0,1,0,0,0,1,0,0,0,0,0,1,0,0,0,0,0,0,0,1,0,0,0,1,0,0,0,0,0,1,0,0,0,0,1,0,0,0,0,0,0,1,0,0,0,0,0,1,1,0,1,0,1,1,0,0,0,0,0,1,0,0,0,0,0,1,0,0,1,0,0,0,0,1,0,1,1,0,1,1,1,1,1,0
10.465175800079752,0.09189224300831444,-0.4368598192899249,0.3867470880654946,14.173913043478262,337.5730000000001,0.9565217391304348,2.530209229888664,2.280787787609528,106289.029329163,11.939079734143213,10.423315998847038,0.0,0.0,0.0,0.0,0.0,0.0,0.0,0.0,11.761884949391115,65.00805385062515,37.58550085714943,16.18726233464791,6.103966387748303,5.106527394840706,11.761884949391115,0.0,5.316788604006331,0.0,88.51110725871476,6.544756405912575,29.828919765543436,0.0,5.316788604006331,0.0,0.0,11.761884949391115,22.943062659883417,0.0,0.0,77.88729641576384,0.0,0.0,32.26,6.103966387748303,5.106527394840706,0.0,6.041840829147961,5.249938029982174,12.10820789760957,43.42041321307384,0.0,11.761884949391115,57.27720567661527,0.0,0.0,1.8548190849389563,1.2672606443685714,14.5153104363316,1.0009739975599465,0.0,7.398562721600773,9.700588213364501,0.0,0.7,2,0,0,0,0,3,3,12,0,0,0,1,5.559100000000006,0,1,1,0,0,0,0,0,0,0,0,0,0,1,0,0,0,0,0,0,0,0,0,0,0,0,0,0,0,0,0,0,0,0,0,0,0,0,0,0,0,0,0,0,0,0,0,0,0,0,0,0,0,0,1,0,0,0,0,0,0,5,0,17,6.213438735177865,1,1,0.0,1572.0,3,0.09090909090909088,0.24825898738942218,0.24825898738942218,0.18364683508441587,0.24825898738942218,0.16959251763399055,0.1615488791985135,0.1615488791985135,0.01348431296021923,0,0,0,0,0,1,0,0.13043478260869565,0.8695652173913043,0.043478260869565216,0.043478260869565216,0.043478260869565216,0.7391304347826086,0.0,1,1,0,0,0,0,0,0,0,0,0,0,0,0,1,0,0,1,0,0,0,0,0,0,0,0,1,1,0,0,0,0,0,1,0,1,1,0,1,1,0,0,0,1,0,0,0,0,0,0,0,1,0,0,0,0,0,0,0,0,0,1,0,0,0,0,0,0,0,1,0,0,0,0,0,0,0,0,0,1,1,1,0,0,0,1,1,0,0,0,0,0,1,0,0,0,0,0,0,1,1,0,0,1,0,0,0,0,0,0,0,0,0,0,0,0,1,1,1,1,0,0,0,1,0,0,0,0,0,0,0,0,0,0,0,0,0,0,0,0,0,0,0,0,0,0,0,0,0,0,0,0,0,0,0,0,0,0,0,0,0,0,0,0,0,0,0,0,0,0,0,0,0,0,0,0,0,0,0,0,0,0,1,0,0,0,0,1,0,0,0,0,1,0,0,0,0,0,0,0,0,0,1,0,0,0,0,0,0,1,1,0,0,0,0,0,1,0,1,1,0,0,0,1,0,0,0,0,1,0,0,0,1,0,0,0,1,0,0,1,0,0,1,1,1,0,1,0,0,0,0,0,0,0,0,0,1,1,0,1,0,0,0,0,0,0,0,1,0,1,0,0,0,0,0,1,0,1,0,1,1,1,0,1,1,1,1,0,1,1,1,1,1,1,0
12.935120733619963,0.008291749771941692,-0.854188491235397,0.19299410257077063,15.076923076923077,551.7690000000003,1.0256410256410255,2.8703669491495503,2.867822381624609,113229431.7073057,16.676544552009165,36.10123981457156,0.0,11.49902366656781,11.814359458703011,0.0,0.0,9.589074368143644,0.0,0.0,0.0,33.761315867224106,68.55984303526367,38.64200440993839,25.235636362935534,28.906190624384497,11.814359458703011,0.0,5.316788604006331,40.55394960836672,79.37151690674402,33.978115417493484,23.762552697081826,11.49902366656781,26.2578494659308,0.0,11.49902366656781,0.0,63.04480948793345,20.7467589448697,29.08661465404235,66.36833955861876,0.0,0.0,146.13,29.385883461805943,14.69560176298435,0.0,30.70856985051288,37.05151526468105,18.405094737549014,0.0,28.067069481936315,32.046575604766076,19.16426300338758,25.67792381572452,16.501967288126878,0.0,24.54594312778798,13.863342003207158,12.19251200785158,0.792422144978854,1.5602036738506257,12.869599797759602,3.2892581211572987,0.7333333333333333,6,0,0,0,0,7,9,19,0,0,0,1,3.2935000000000043,0,1,1,0,0,0,0,0,0,0,0,0,0,1,2,0,0,0,0,0,0,0,0,0,0,0,0,0,0,0,3,0,0,0,0,0,0,0,0,0,0,2,0,0,0,0,0,0,0,0,0,1,0,0,0,0,0,0,0,0,0,2,0,21,7.937921727395412,1,1,0.0,5882.0,4,0.052631578947368425,0.18751139803771383,0.18751139803771383,0.1958608405740986,0.18751139803771383,0.13141173798370578,0.13113991589848975,0.13113991589848975,0.013160303403992091,0,0,0,0,0,1,0,0.23076923076923078,0.7692307692307693,0.15384615384615385,0.07692307692307693,0.0,0.7948717948717948,0.05128205128205128,1,1,0,1,0,0,0,0,1,0,1,1,1,1,0,0,0,0,1,1,1,0,0,0,1,0,0,1,0,1,0,0,0,1,0,0,0,1,0,1,1,0,0,0,1,0,0,0,0,0,1,0,0,0,1,1,0,0,0,0,0,1,0,0,0,0,0,0,0,1,1,0,0,1,0,0,0,0,0,1,1,1,1,1,0,0,1,1,0,1,1,0,0,0,1,0,0,0,0,1,1,0,1,1,0,0,0,1,0,1,1,0,0,1,1,0,1,0,1,1,1,1,0,1,1,1,1,0,0,0,0,0,0,0,0,0,0,0,0,0,0,0,0,0,0,0,0,0,0,0,0,0,0,0,0,0,0,0,0,0,0,0,0,0,0,0,0,0,0,0,0,0,0,0,0,0,0,0,0,0,0,1,1,0,0,0,0,0,0,0,0,0,0,0,1,0,0,0,0,0,1,0,1,0,0,0,0,0,1,0,1,0,1,0,1,0,0,1,1,1,1,1,0,1,0,1,0,0,1,0,0,0,1,0,0,0,1,1,1,1,1,1,0,1,1,1,1,0,0,0,0,0,0,0,1,1,1,1,0,1,1,0,0,0,1,0,1,1,1,1,1,1,1,0,1,1,0,1,1,1,1,1,1,1,1,1,1,1,1,1,1,1,1,1,0
11.73668126781628,0.26207574850927995,-0.26207574850927995,0.5786881428918659,10.526315789473685,264.3689999999999,1.263157894736842,2.390447324634077,2.394548171898395,16073.367810839532,8.534307301090518,14.953561288656857,6.606881964512918,0.0,0.0,0.0,5.969305287951849,0.0,4.794537184071822,0.0,0.0,13.344558822616634,44.781633862126824,18.776899086508713,5.563451491696996,9.53140013787187,11.656691562635412,0.0,4.899909730850478,0.0,19.765380445542643,39.108527345698775,29.828919765543436,0.0,5.316788604006331,5.687386274683562,0.0,0.0,44.66095376049477,4.736862953800049,0.0,30.12336912131146,0.0,0.0,41.57,0.0,4.794537184071822,0.0,5.969305287951849,12.170333456209914,25.197720709434723,6.4208216229260096,12.13273413692322,31.127987833128078,12.240525803696954,4.736862953800049,5.1762925118011704,0.0,13.716868786921825,3.311027280900116,1.6371196040144458,-0.26207574850927995,2.3170763788567514,4.280133349227866,3.898019288034273,0.5333333333333333,1,0,0,0,0,4,4,8,0,0,0,1,2.617000000000001,0,0,0,0,0,0,0,0,0,0,0,0,1,1,0,0,1,0,0,0,0,0,0,0,1,0,0,0,0,1,1,0,0,0,0,0,0,0,0,0,0,0,0,0,0,0,0,0,0,0,0,0,0,0,0,0,0,0,0,0,0,1,0,14,5.216374269005848,1,1,0.0,892.0,3,0.11111111111111112,0.24802201582387345,0.24802201582387345,0.16831240832784192,0.24802201582387345,0.20232026917807427,0.18693671806663187,0.18693671806663187,0.014451232382933625,0,0,0,0,0,1,0,0.21052631578947367,0.7894736842105263,0.10526315789473684,0.10526315789473684,0.0,0.631578947368421,0.05263157894736842,1,0,0,0,1,0,0,0,1,0,1,1,1,1,0,0,0,1,1,1,0,0,0,0,0,0,1,1,0,0,0,1,0,1,0,0,0,0,1,1,0,0,0,0,0,0,0,0,0,0,0,0,1,1,0,1,1,0,0,0,0,0,1,1,0,0,0,0,0,0,0,0,0,0,0,1,0,0,0,1,1,1,0,0,0,0,1,0,0,0,0,0,0,0,1,0,0,0,0,0,1,0,0,0,0,1,0,0,0,0,0,0,0,1,1,0,0,0,0,1,0,0,0,0,0,1,0,1,0,0,0,0,0,0,0,0,0,0,0,0,0,0,0,0,0,0,0,0,0,0,0,0,0,0,0,0,0,0,0,0,0,0,0,0,0,0,0,0,0,0,0,0,0,0,0,0,0,0,0,0,0,0,0,0,0,0,0,0,0,0,0,0,0,0,0,0,0,0,0,0,0,0,1,0,0,0,0,0,0,0,1,0,0,1,1,0,0,0,1,0,0,1,0,1,0,0,0,0,1,0,0,0,1,0,0,0,0,1,0,1,0,0,1,1,1,0,1,0,0,0,1,1,0,0,1,0,0,0,0,0,1,1,0,1,0,0,1,0,0,1,1,0,0,0,0,1,1,1,0,1,0,1,1,1,1,1,1,1,1,1,1,1,1,1,0
11.805169779765288,0.1704389514389062,-0.8712580309901743,0.8292335988195222,12.307692307692308,367.4460000000001,1.0,2.507710659125271,3.095386878137171,217072.45007520172,8.863462841680537,29.696861368148088,11.49902366656781,0.0,0.0,0.0,12.18648014187683,0.0,9.589074368143644,0.0,0.0,0.0,38.46739722769209,46.34073665746629,6.103966387748303,24.169327670584444,12.18648014187683,0.0,15.116608065707286,0.0,32.41410323920352,34.735444336621335,23.762552697081826,11.49902366656781,14.790514511606428,9.589074368143644,11.49902366656781,0.0,67.36719658742317,0.0,0.0,32.43862947851717,0.0,0.0,91.34,18.290446529625132,14.69560176298435,0.0,23.58270532486373,5.563451491696996,0.0,15.866186530162565,40.32342206763198,20.771211599071872,5.316788604006331,9.473725907600098,10.490653580876796,0.0,26.15749107754519,13.650139676240865,0.29471127531846353,0.3566014739229033,-2.0206238977072317,6.243581295848611,6.2272347044623375,0.5555555555555556,2,0,0,0,0,6,8,5,0,0,0,1,2.2288999999999994,0,1,1,0,0,0,0,0,0,0,1,0,2,1,0,0,0,0,0,0,0,0,0,0,0,0,0,0,0,0,2,0,0,0,0,0,0,0,0,0,0,0,0,0,0,0,0,0,0,0,0,0,0,0,0,0,0,0,0,0,0,0,0,11,5.4338461538461535,1,1,0.0,1766.0,4,0.08,0.18474358974358976,0.18474358974358976,0.16427039694847478,0.18474358974358976,0.19277613554581738,0.16246042832647623,0.16246042832647623,0.016696873442177684,0,0,0,0,0,1,0,0.3076923076923077,0.6923076923076923,0.19230769230769232,0.11538461538461539,0.0,0.6923076923076923,0.07692307692307693,1,1,0,0,0,0,0,1,1,0,1,1,0,1,0,0,0,0,1,0,0,0,0,0,0,0,0,0,0,0,0,0,0,1,0,0,0,0,0,1,0,0,1,0,0,0,1,0,0,0,0,0,1,0,0,1,0,0,0,0,0,0,0,0,0,1,1,0,0,0,0,0,0,0,0,1,0,0,0,0,1,1,1,0,0,1,0,0,0,1,0,1,0,0,1,0,0,0,0,1,1,0,0,0,0,0,0,1,0,0,0,1,0,1,1,1,1,1,0,0,1,0,0,0,0,1,1,0,0,0,0,0,0,0,0,0,0,0,0,0,0,0,0,0,0,0,0,0,0,0,0,1,0,0,0,0,0,0,0,0,0,0,0,0,0,0,0,0,0,0,0,0,0,0,0,0,0,0,0,0,0,0,1,0,0,0,0,0,0,0,0,0,0,0,1,0,0,0,0,0,0,0,1,0,0,0,0,0,0,0,1,0,0,1,1,0,0,1,0,0,0,1,0,1,0,0,0,0,1,0,0,0,1,0,1,0,0,0,1,0,1,1,0,0,1,1,0,0,0,0,1,1,0,0,1,1,0,0,0,1,1,0,0,0,1,0,0,1,1,1,1,1,0,0,1,0,1,1,0,1,1,1,1,1,1,1,1,1,1,1,1,1,1,1,0
11.814636794532628,0.08216807865121378,-3.7754522156084644,0.8008194430489943,11.0,270.354,1.2222222222222223,2.288983030440514,2.6444911926355648,7718.450778645413,6.393460366483331,5.316788604006331,0.0,0.0,0.0,10.023291153407584,6.031114512338072,0.0,17.934429032852847,0.0,0.0,31.040744451236847,25.477292959539852,6.544756405912575,4.895483475517775,13.212334168400758,16.054405665745655,0.0,10.038883468458419,0.0,31.584601120751042,6.544756405912575,29.828919765543436,0.0,10.038883468458419,4.794537184071822,0.0,0.0,20.993667902579585,10.023291153407584,6.923737199690624,25.328831937239638,0.0,0.0,75.27000000000001,16.054405665745655,13.212334168400758,0.0,4.895483475517775,6.544756405912575,18.405094737549014,12.13273413692322,12.13273413692322,18.569569263833337,5.316788604006331,0.0,25.602366937515747,0.0,11.454532811581423,2.4916157249937014,0.9595808569703774,0.0,1.7529676981367999,4.315144201779528,-3.7754522156084644,0.4166666666666667,2,0,0,0,0,3,6,5,0,0,0,1,1.78302,0,0,0,0,0,0,0,0,0,0,0,0,0,2,0,0,0,0,0,0,0,0,0,0,0,1,0,0,0,0,0,0,0,0,0,0,0,0,0,0,0,0,0,0,0,0,0,0,0,0,0,0,0,0,0,1,0,0,0,0,0,1,1,12,4.477124183006536,1,1,0.0,685.0,4,0.11764705882352941,0.2173202614379085,0.2173202614379085,0.20491313387514654,0.2173202614379085,0.23436369891179798,0.1951129214655087,0.1951129214655087,0.018413026852375225,0,0,0,0,0,1,0,0.3333333333333333,0.6666666666666666,0.16666666666666666,0.1111111111111111,0.05555555555555555,0.5,0.16666666666666666,1,0,0,0,0,0,0,0,0,0,1,0,0,0,0,0,0,0,0,0,0,0,0,0,0,0,1,1,0,0,0,1,0,1,0,0,0,0,1,1,0,1,0,0,0,0,0,0,0,0,0,1,0,0,0,0,0,0,1,0,0,0,0,1,0,0,0,0,1,1,1,0,0,0,0,1,0,0,0,1,1,1,0,0,1,0,1,0,0,0,0,0,0,0,1,0,0,0,0,0,1,0,0,0,0,0,0,1,0,0,0,0,0,0,0,1,0,0,1,1,0,0,0,0,0,1,0,1,0,0,0,0,0,0,0,0,0,0,0,0,0,0,0,0,0,0,0,0,0,0,0,0,0,0,0,0,0,0,0,0,1,1,0,0,0,1,0,0,0,0,0,1,0,0,0,0,0,0,0,1,0,0,0,1,0,0,1,1,1,1,0,0,1,0,0,1,0,1,0,0,0,1,0,0,0,1,0,0,0,1,1,0,0,0,0,0,1,1,1,1,0,0,1,0,0,1,0,0,1,0,1,0,1,0,1,0,0,0,1,1,1,0,1,1,1,1,1,0,0,0,0,0,1,0,0,0,0,0,1,1,0,0,0,0,1,0,0,0,0,0,1,0,0,0,1,1,1,1,0,1,0,1,1,1,1,0,1,1,1,1,1,1,1,1,0
9.261910430839002,0.3399537037037039,0.3399537037037039,0.6659702056085907,11.583333333333334,166.24399999999997,1.3333333333333333,2.0450305908629405,3.026535165036495,445.81666880812105,3.1515896434999315,5.106527394840706,11.436898107967467,0.0,0.0,0.0,0.0,4.483030857694624,0.0,0.0,0.0,6.06636706846161,19.056471336613843,6.06636706846161,20.640100371266954,5.106527394840706,5.687386274683562,0.0,4.483030857694624,0.0,6.923737199690624,20.640100371266954,24.26546827384644,5.749511833283905,4.483030857694624,5.687386274683562,5.749511833283905,0.0,25.746627766107657,0.0,0.0,6.923737199690624,0.0,0.0,20.23,0.0,5.106527394840706,0.0,0.0,5.749511833283905,16.71517353829076,0.0,6.06636706846161,18.19910120538483,21.019081165045005,0.0,0.7999999999999999,0.0,0.0,9.261910430839002,1.1365740740740744,0.3399537037037039,0.0,3.146330309901739,4.239629629629629,0.4,1,0,0,0,0,1,2,2,0,0,0,1,1.9790000000000003,0,0,0,0,0,0,0,1,0,0,0,0,1,0,0,0,0,0,0,0,0,0,0,0,0,0,0,0,0,0,0,0,0,0,0,0,0,0,0,0,0,0,0,0,0,0,0,0,0,0,0,0,0,1,0,0,0,0,0,0,0,0,0,6,2.878787878787879,1,1,0.0,190.0,4,0.1818181818181818,0.18787878787878787,0.18787878787878787,0.2071495292207588,0.18787878787878787,0.35982943391031624,0.2653823971362308,0.2653823971362308,0.025124759557074328,0,0,0,0,0,1,0,0.16666666666666666,0.8333333333333334,0.08333333333333333,0.08333333333333333,0.0,0.5,0.0,0,0,0,0,0,0,0,0,0,0,0,0,0,0,0,1,0,0,0,0,0,0,0,0,0,0,0,1,0,0,1,0,0,1,0,0,0,0,1,1,0,0,0,1,0,0,0,0,0,0,0,0,0,0,0,0,0,0,0,0,0,0,0,0,1,1,1,0,0,0,0,0,0,0,0,0,0,0,0,0,1,1,0,0,0,0,1,0,0,0,0,1,1,0,0,0,0,0,0,0,1,0,0,0,0,1,0,1,0,0,0,0,0,0,0,0,1,0,0,0,0,0,0,0,1,1,0,0,0,0,0,0,0,0,0,0,0,0,0,0,0,0,0,0,0,0,0,0,0,0,0,0,0,0,0,0,0,0,1,0,0,0,0,0,0,0,0,0,0,0,0,0,0,0,0,0,0,1,0,0,0,0,0,0,0,0,0,0,0,0,0,0,0,0,0,0,0,0,0,0,0,0,1,0,0,0,0,0,0,0,0,0,0,1,1,0,0,0,0,0,0,1,0,0,0,1,0,0,1,0,0,0,0,0,0,0,0,0,0,0,1,1,1,1,0,0,0,0,0,0,1,0,0,0,0,1,0,0,0,0,0,1,0,1,0,0,0,1,0,1,0,1,0,0,0,0,1,1,0,0,1,1,0,1,1,1,1,0,1,1,1,1,1,1,0
11.855604464428868,0.3125226757369617,-4.748130754068029,0.6628591208058274,9.833333333333334,254.17099999999996,1.1666666666666667,2.303917874471548,2.706055022228147,7630.576000249766,5.547279562536673,4.736862953800049,17.887954458868453,0.0,5.711685002770702,0.0,6.362358859030383,5.425791397110385,0.0,15.625190635216697,13.171245143024459,0.0,24.26546827384644,0.0,5.687386274683562,17.908108096824506,11.399071277454265,10.523783109476973,0.0,5.101407525739723,6.362358859030383,5.425791397110385,24.26546827384644,17.887954458868453,10.162654350910433,18.858631417708022,5.749511833283905,0.0,12.074043861801085,0.0,22.66222573506152,0.0,0.0,0.0,81.2,12.074043861801085,13.171245143024459,0.0,5.749511833283905,5.687386274683562,12.13273413692322,24.271176762507768,0.0,0.0,15.264061876650157,10.523783109476973,39.22313244405506,0.0,0.0,20.191493376894936,2.257737097925591,-0.3770190329218106,-4.748130754068029,0.0,0.0,0.1,1,0,0,0,0,5,8,3,0,0,0,1,2.4002600000000003,0,0,0,0,0,0,0,0,0,0,0,0,3,1,0,0,0,0,0,0,0,3,0,0,1,0,0,0,0,0,1,0,0,0,1,0,0,0,0,0,0,0,0,0,0,0,0,0,0,0,0,0,0,0,0,0,0,0,0,0,0,0,0,11,4.73202614379085,1,1,0.0,724.0,4,0.11764705882352941,0.23325163398692808,0.23325163398692808,0.1835832670957179,0.23325163398692808,0.22074820904477482,0.20531405214394838,0.20531405214394838,0.01777255939348729,0,0,0,0,0,1,0,0.4444444444444444,0.5555555555555556,0.05555555555555555,0.2222222222222222,0.0,0.5,0.05555555555555555,1,1,0,0,0,0,0,0,1,0,0,0,0,0,0,0,0,1,0,0,0,0,1,0,0,0,0,0,0,0,0,0,0,0,1,1,1,0,0,1,0,0,0,0,0,1,0,0,0,0,0,0,0,0,0,1,0,0,0,0,1,1,0,1,0,0,1,0,0,1,0,0,0,0,0,1,0,0,1,0,0,1,0,0,0,1,1,0,0,0,0,0,0,0,0,0,0,0,0,0,1,0,0,1,1,0,0,0,0,0,0,0,0,0,1,1,1,0,0,0,0,0,0,0,0,1,0,0,0,0,0,0,0,0,0,0,0,0,0,0,0,0,0,0,0,0,0,0,0,0,0,0,0,0,0,0,0,0,0,0,0,0,0,0,0,0,0,0,0,1,1,0,0,0,0,0,0,0,0,0,1,0,0,0,0,0,0,0,0,0,0,0,0,0,0,0,0,1,0,0,0,0,0,0,0,0,1,1,1,0,0,0,0,0,0,0,0,0,0,0,0,0,1,0,0,0,0,0,0,0,0,0,0,0,1,1,0,0,0,0,1,1,0,0,0,0,0,1,0,0,0,0,1,0,1,1,0,0,0,0,0,1,1,1,0,0,0,0,0,0,1,1,0,0,0,0,0,0,0,1,1,0,0,0,1,1,1,0,0,1,1,1,1,1,0
11.05827335979101,0.21194319656978533,-0.5357398299718827,0.6762987306145708,12.238095238095237,295.379,1.2857142857142858,2.4895445077540503,2.3174642298261956,39404.51046873111,9.365172299785801,19.897041906447136,18.460360185545127,0.0,0.0,0.0,5.969305287951849,4.794537184071822,0.0,0.0,0.0,25.980208536304467,24.117007251546223,19.007418857986547,7.109797541277533,19.374790486512623,5.969305287951849,0.0,5.316788604006331,0.0,38.834924862129526,20.26143591170303,29.828919765543436,5.749511833283905,10.05365155780638,0.0,5.749511833283905,0.0,43.483075811391835,15.95222176079788,0.0,25.831747514004253,0.0,0.0,67.79,6.103966387748303,9.901064578912528,0.0,12.576187252464766,31.17775231419646,5.563451491696996,7.109797541277533,0.0,38.11294267322769,10.05365155780638,4.736862953800049,10.123150939792005,0.0,11.05827335979101,12.897223210240055,1.0507156615196842,0.49677439077379426,0.4822921519687253,4.816824766788519,1.3876252670515352,0.5625,2,0,0,0,0,5,5,9,0,0,0,1,1.5298999999999996,0,1,1,0,0,0,0,0,0,0,0,0,0,1,0,0,0,0,0,0,0,0,0,0,0,1,0,0,0,1,2,0,0,0,0,0,0,0,0,0,0,1,0,0,0,0,0,0,0,0,0,0,0,0,0,0,0,0,0,0,0,0,0,15,5.771428571428571,1,1,0.0,1212.0,3,0.10000000000000002,0.25112781954887226,0.25112781954887226,0.17761291358086617,0.25112781954887226,0.1817498992432627,0.1786202741644757,0.1786202741644757,0.014110786199498161,0,0,0,0,0,1,0,0.23809523809523808,0.7619047619047619,0.19047619047619047,0.047619047619047616,0.0,0.6666666666666666,0.047619047619047616,1,1,0,0,1,0,0,0,0,0,1,0,0,0,1,0,0,0,1,0,0,1,0,0,0,0,0,1,1,0,0,0,0,1,0,0,0,1,1,1,0,1,0,0,1,0,1,0,0,0,0,0,0,0,1,1,0,0,0,0,0,0,0,0,0,0,1,1,0,0,0,0,0,1,0,0,0,0,1,0,1,1,0,0,0,0,1,0,0,0,1,1,0,0,1,0,0,0,0,1,1,0,1,0,0,0,1,0,0,0,1,0,0,0,0,0,0,0,1,0,0,0,0,0,0,1,1,0,0,0,0,0,0,0,0,0,0,0,0,0,0,0,0,0,0,0,0,0,0,0,0,0,0,0,0,0,0,0,0,0,0,0,0,0,0,0,0,0,0,0,0,0,0,0,0,0,0,0,0,0,0,0,1,0,0,0,0,0,0,0,0,0,0,0,0,0,0,0,0,0,1,0,1,0,0,0,0,0,0,0,1,0,0,0,0,0,0,0,1,0,0,1,0,1,0,1,0,0,1,0,0,0,1,0,0,0,1,1,0,0,0,1,0,0,1,0,1,0,0,0,0,1,0,0,1,1,0,0,0,1,1,0,0,0,0,0,1,1,1,1,0,1,0,0,1,1,0,1,0,1,1,1,1,1,1,1,1,1,1,1,1,1,1,1,0
11.214754756773923,0.5087555546272187,-3.2681231716944237,0.4725190328976435,13.115384615384615,384.58600000000007,1.0,2.5873498495750535,2.3224081975645565,365747.77473592956,12.308317670661763,10.006437125691184,0.0,0.0,10.023291153407584,0.0,0.0,4.722094864452088,8.417796984328938,0.0,0.0,51.6634950280085,56.59291971513598,5.687386274683562,12.359735571259707,13.524324379169643,15.710677428091145,0.0,4.899909730850478,0.0,64.89719214761162,30.612133265701218,29.828919765543436,0.0,4.722094864452088,5.687386274683562,0.0,0.0,44.31427251126925,10.023291153407584,0.0,70.46064363930861,0.0,0.0,69.64,16.127257541155885,13.524324379169643,0.0,0.0,12.10820789760957,37.87431151587214,32.10410811463005,24.26546827384644,0.0,23.469478994683815,0.0,24.858579449587815,0.0,2.456142846384549,10.34557688905742,1.3429131804988421,0.0,8.780938481458776,7.627321097701152,-3.2681231716944237,0.7,2,0,0,0,0,4,6,14,0,0,0,1,4.164000000000003,0,1,1,0,0,0,0,0,0,0,0,0,1,1,0,0,0,0,0,0,0,0,0,0,1,0,0,0,0,0,0,0,0,0,0,0,0,0,0,0,0,0,0,0,0,0,0,0,0,0,0,0,0,0,0,1,0,0,0,0,0,3,0,18,6.809230769230769,1,1,0.0,2213.0,4,0.08,0.24205128205128207,0.24205128205128207,0.18897966453951456,0.24205128205128207,0.15379705155962137,0.1481893483242821,0.1481893483242821,0.013530925128279973,0,0,0,0,0,1,0,0.23076923076923078,0.7692307692307693,0.11538461538461539,0.07692307692307693,0.038461538461538464,0.6923076923076923,0.07692307692307693,1,1,0,0,0,1,0,1,0,0,1,0,0,0,0,0,0,1,0,0,0,1,0,0,0,1,1,0,0,0,0,1,0,1,0,0,1,0,1,1,0,0,0,0,0,1,0,0,0,0,0,0,1,0,0,0,0,0,0,0,1,1,0,1,0,0,0,0,1,0,0,0,0,0,0,1,0,0,0,1,1,1,1,0,0,1,1,0,0,0,0,0,0,0,1,0,0,0,0,1,1,0,0,0,1,0,0,0,0,0,0,0,1,1,0,0,0,0,1,1,0,0,0,1,0,0,0,0,0,0,0,0,0,0,0,0,0,0,0,0,0,0,0,0,0,0,0,0,0,0,0,0,0,0,0,0,0,0,0,0,1,1,0,0,0,0,0,0,0,0,0,0,0,0,0,0,0,0,0,1,0,0,0,1,0,0,1,0,1,1,0,0,0,0,0,1,0,1,0,0,0,1,0,0,0,0,0,0,0,0,0,0,0,1,1,0,1,0,1,1,0,1,1,0,0,0,0,0,1,0,1,0,1,0,1,0,1,0,0,1,1,0,1,1,1,1,1,0,0,0,1,0,1,0,0,0,1,1,1,1,1,1,0,1,1,0,1,1,0,1,1,0,0,0,1,1,1,1,0,1,1,1,0,1,1,1,1,1,1,1,1,1,1,1,0
12.667561885865457,0.12812499999999982,-4.860147156084656,0.6801783581027343,11.473684210526315,276.21399999999994,1.368421052631579,2.2672573134759912,3.1948197402285663,8776.553060465561,5.249619382287528,5.316788604006331,5.563451491696996,0.0,5.907179729351506,5.687386274683562,6.176298517443475,14.908855452837393,0.0,13.171245143024459,0.0,13.847474399381248,12.13273413692322,17.671659389306566,4.923311048817671,22.88909337591395,17.28195227871863,0.0,0.0,5.917906046161393,20.023772916824722,5.316788604006331,33.8768709658474,0.0,5.316788604006331,24.546017692391587,0.0,0.0,10.830490778169176,10.970835701515297,16.032224314926967,19.410925891078243,0.0,0.0,72.24,34.1755331081546,28.080100595861857,0.0,5.687386274683562,6.06636706846161,12.13273413692322,0.0,13.847474399381248,0.0,5.316788604006331,0.0,38.00268565759637,0.0,20.7799276685983,12.78682581674645,-2.5641416288737715,-0.8828645964558663,-4.860147156084656,3.149589238473167,0.0,0.36363636363636365,1,0,0,0,0,3,8,3,0,0,0,1,3.2081000000000017,0,0,0,0,0,0,0,0,0,0,0,0,1,1,0,0,0,0,0,0,0,3,0,0,1,0,0,0,0,0,0,0,0,0,0,0,0,0,0,0,0,0,0,1,0,0,0,0,0,0,0,0,0,0,0,0,0,0,0,0,0,0,0,9,4.128654970760234,1,1,0.0,706.0,4,0.11111111111111112,0.1840385276917785,0.1840385276917785,0.1823759734557713,0.1840385276917785,0.2525913567846021,0.19507687792921716,0.19507687792921716,0.021213564513779915,0,0,0,0,0,1,0,0.42105263157894735,0.5789473684210527,0.15789473684210525,0.10526315789473684,0.0,0.5789473684210527,0.10526315789473684,1,1,0,0,0,0,1,0,1,0,1,0,0,0,0,0,0,0,0,0,0,0,0,0,1,0,0,1,0,0,0,0,0,1,0,1,0,1,0,1,0,1,0,1,0,1,0,0,0,0,0,0,0,0,0,0,1,0,1,0,0,1,0,1,0,0,0,0,1,1,1,0,0,0,0,1,1,0,0,0,0,1,0,0,0,0,1,0,0,0,0,0,0,0,0,1,0,0,1,0,1,0,0,0,0,0,0,1,0,0,0,0,0,1,1,0,0,0,0,0,0,0,0,1,0,1,0,0,0,0,0,0,0,0,0,0,0,0,0,0,0,0,0,0,0,0,0,0,0,0,0,0,1,0,0,0,0,0,0,0,0,0,0,0,0,0,0,0,0,0,1,0,0,0,0,0,0,1,0,0,0,0,0,0,1,0,0,0,0,0,0,1,0,0,0,0,0,0,1,1,0,0,1,0,0,0,0,0,0,0,0,0,0,0,0,0,0,0,0,0,1,0,1,0,0,0,0,0,0,0,1,0,0,0,1,1,0,0,1,0,1,0,0,0,0,1,0,1,0,0,1,0,1,0,0,0,0,0,1,0,0,1,1,1,1,0,0,0,0,0,1,0,1,0,1,0,1,1,1,1,0,0,1,0,1,0,1,1,1,1,1,1,1,1,0
12.57384005233229,0.26607717624086713,-4.342906387493779,0.432027738820179,12.5,318.339,1.1363636363636365,2.4896586651809254,2.7832054113468665,60369.24331330708,9.423875114784204,15.308119014698867,6.606881964512918,0.0,0.0,0.0,6.176298517443475,0.0,0.0,13.171245143024459,0.0,17.28844686367376,36.958650497398246,20.26143591170303,11.275136494467699,22.74569668056114,5.711685002770702,0.0,0.0,10.889380203912726,25.438763386221503,26.868317876215947,35.392371257240434,0.0,5.733667477162185,13.171245143024459,0.0,0.0,32.58000287898665,15.750750054980156,0.0,30.38936785217202,0.0,0.0,56.84,11.73975000914047,13.171245143024459,0.0,6.606881964512918,30.8475964878192,24.974377382775238,12.13273413692322,7.109797541277533,0.0,5.15571272675054,15.308119014698867,42.689936891076485,0.0,5.063387542517007,3.9877787226001513,5.865387410792804,0.0,-2.1008229360576496,1.2218459788134213,1.6202596013940918,0.5333333333333333,2,0,0,0,0,4,7,9,0,0,0,1,3.201500000000001,0,0,0,0,0,0,0,0,0,0,0,0,1,0,1,0,0,0,0,0,0,3,0,0,0,0,0,0,0,0,1,0,0,0,0,0,0,0,0,0,0,1,0,0,0,0,1,0,0,0,0,0,0,0,0,0,0,0,0,0,0,3,0,12,5.264069264069264,1,1,0.0,1216.0,4,0.09523809523809525,0.2132034632034632,0.2132034632034632,0.16999115876813042,0.2132034632034632,0.2004313430625575,0.16997055987109586,0.16997055987109586,0.015359136143669698,0,0,0,0,0,1,0,0.3181818181818182,0.6818181818181818,0.09090909090909091,0.09090909090909091,0.0,0.6818181818181818,0.045454545454545456,0,1,0,0,1,0,0,0,1,1,0,0,0,1,0,0,0,0,0,1,1,0,0,0,0,0,0,0,1,0,0,0,0,1,0,0,0,0,0,1,0,1,0,1,0,1,0,1,1,0,0,0,0,0,0,1,0,0,0,0,0,0,0,0,0,0,0,0,0,0,0,0,0,1,1,0,0,0,0,0,1,1,0,0,0,1,1,0,0,1,0,0,0,0,1,0,1,1,0,0,1,1,1,0,0,1,0,0,1,1,0,1,0,0,1,1,0,0,0,1,0,0,0,0,0,0,0,1,0,0,0,0,0,0,0,0,0,0,0,0,0,0,0,0,0,0,0,0,0,0,0,0,1,0,0,0,0,0,0,0,0,0,0,0,0,0,0,0,0,0,1,0,0,0,0,0,0,0,0,0,0,0,0,0,0,0,0,0,0,0,0,0,0,0,0,0,0,0,0,1,0,0,0,0,0,0,1,0,1,0,1,0,1,0,1,0,0,0,0,0,0,1,1,1,0,0,0,0,1,0,1,0,1,0,1,1,1,1,0,1,1,0,0,1,1,0,1,1,0,0,0,0,1,0,1,0,1,1,0,0,1,0,1,0,0,0,1,0,0,0,1,0,0,0,0,1,0,0,0,1,0,1,0,1,1,1,1,1,1,1,1,1,1,1,0
9.480601851851851,0.18017809901738446,-0.6699074074074078,0.5101568892419974,12.76923076923077,183.207,1.3076923076923077,2.0993716925496053,2.8351682624881787,795.6618714763005,4.112564658547651,20.63637078852845,0.0,11.49902366656781,0.0,0.0,0.0,0.0,0.0,0.0,0.0,6.06636706846161,24.743857611297404,6.544756405912575,6.103966387748303,15.319582184522117,0.0,0.0,5.316788604006331,0.0,6.103966387748303,13.592428388589765,23.762552697081826,11.49902366656781,5.316788604006331,0.0,11.49902366656781,0.0,28.91201057311188,0.0,0.0,11.6674178794453,0.0,0.0,72.72,6.103966387748303,5.106527394840706,0.0,11.49902366656781,12.10820789760957,0.0,12.13273413692322,13.1140390511388,0.0,5.316788604006331,10.213054789681411,0.0,0.0,0.0,30.430309586797684,0.5737500000000004,-0.3953141534391529,-0.6699074074074078,0.40695956160241886,1.7256838939279415,0.3333333333333333,4,0,0,0,0,4,4,3,0,0,0,1,0.35060000000000013,0,1,1,0,0,0,0,2,0,0,0,0,0,1,0,0,1,0,0,0,0,0,0,0,0,0,0,0,0,0,0,0,0,0,0,0,0,0,0,0,0,0,0,0,0,0,0,0,0,0,0,0,0,0,0,0,0,0,0,0,0,0,0,8,3.282051282051282,1,1,0.0,256.0,3,0.16666666666666666,0.20745920745920748,0.20745920745920748,0.1833544859962566,0.20745920745920748,0.31775032960127614,0.2507782144760093,0.2507782144760093,0.02143767180611275,0,0,0,0,0,1,0,0.3076923076923077,0.6923076923076923,0.23076923076923078,0.07692307692307693,0.0,0.5384615384615384,0.0,1,1,0,0,0,0,0,0,0,0,0,0,0,0,0,0,0,0,0,0,0,0,1,0,0,0,1,0,0,0,0,0,0,1,0,0,0,0,0,1,0,0,0,0,0,0,0,0,0,0,0,0,0,0,0,0,0,0,0,1,0,1,0,0,0,0,1,1,0,0,0,1,0,0,0,1,1,1,0,0,1,1,1,0,0,1,1,1,0,0,0,0,0,0,1,0,0,0,0,1,1,0,0,0,0,0,0,1,0,0,0,0,0,0,0,0,0,0,0,0,1,0,0,0,0,0,0,0,0,0,0,0,0,0,0,0,0,0,0,0,0,0,0,0,0,0,0,0,0,0,0,0,0,0,0,0,0,0,0,0,0,0,0,0,0,0,0,0,0,0,0,0,0,0,0,0,0,0,0,0,0,0,1,0,0,0,0,0,0,0,0,0,0,0,0,0,0,0,0,0,1,0,0,0,0,0,0,0,0,0,1,0,0,0,1,0,0,0,0,0,0,1,0,1,0,0,0,0,1,0,0,0,1,0,0,0,0,0,0,0,0,1,0,1,0,0,0,0,0,0,0,0,0,0,0,1,0,0,0,1,1,0,0,0,0,0,0,1,0,0,0,1,1,0,1,0,0,0,1,1,1,1,0,1,0,1,1,1,1,1,1,1,1,1,0
5.624427437641724,0.26611111111111074,0.26611111111111074,0.6542162175383444,13.0,135.20999999999998,1.3,1.8810140578490522,2.5872871851548136,195.6254620163014,3.3737941826863076,5.733667477162185,0.0,0.0,0.0,0.0,0.0,0.0,0.0,0.0,0.0,30.33183534230805,18.90801031431363,6.041840829147961,0.0,0.0,0.0,0.0,0.0,5.733667477162185,19.386399651764595,0.0,35.89528683400505,0.0,5.733667477162185,0.0,0.0,0.0,6.041840829147961,6.4208216229260096,0.0,12.487188691387619,0.0,0.0,26.02,0.0,0.0,0.0,6.041840829147961,0.0,6.4208216229260096,5.563451491696996,0.0,25.122838405075452,12.13273413692322,5.733667477162185,0.0,0.0,0.0,0.0,6.941557067271353,0.0,0.9730555555555556,2.0208333333333335,0.0,0.3333333333333333,2,0,0,0,0,1,1,2,0,0,0,1,1.5763,0,0,0,0,0,0,0,0,0,0,0,0,0,0,1,0,0,0,0,0,0,0,0,0,0,0,0,0,0,0,0,0,0,0,0,0,0,0,0,0,0,0,0,0,0,0,0,0,0,0,0,0,0,0,0,0,0,0,0,0,0,0,0,6,2.8,1,1,0.0,126.0,3,0.22222222222222224,0.225,0.225,0.20429417786885437,0.225,0.36979895104895105,0.2984513147945601,0.2984513147945601,0.018576145179427433,0,0,0,0,0,1,0,0.1,0.9,0.0,0.1,0.0,0.4,0.0,0,1,0,0,0,1,0,0,0,0,0,0,0,0,0,1,0,0,1,1,0,0,0,0,0,0,0,1,0,0,0,0,0,1,0,0,0,0,0,0,0,0,1,0,0,0,0,1,0,0,0,0,0,0,0,1,0,0,0,0,0,0,0,0,1,0,0,0,0,0,0,0,0,0,0,0,0,0,0,1,1,1,0,0,0,0,1,0,0,1,1,0,0,0,0,0,0,0,0,0,1,0,0,0,0,0,1,0,0,0,0,0,0,0,0,0,0,0,0,0,0,0,0,0,0,0,0,0,0,0,0,0,0,0,0,0,0,0,0,0,0,0,0,0,0,0,0,0,0,0,0,0,0,0,0,0,0,0,0,0,0,0,0,0,0,0,0,0,0,0,0,0,0,0,0,0,0,0,0,0,0,0,0,0,0,0,0,0,0,0,0,0,0,0,0,0,0,0,0,0,0,0,0,0,0,0,0,0,0,0,0,0,1,0,0,0,0,0,0,0,0,0,0,0,0,0,0,0,0,0,0,0,1,0,0,0,0,0,0,1,0,0,0,1,0,0,0,0,0,0,0,0,0,0,0,0,0,0,0,0,0,0,0,0,0,0,0,0,0,0,0,0,0,0,0,0,0,0,0,1,0,0,0,1,1,0,1,0,1,1,1,1,0,1,0
9.067017195767196,0.052453703703703836,-0.8611923658352232,0.7198499687675642,12.214285714285714,198.21799999999996,1.2857142857142858,2.2574522041786462,2.569521757324299,1632.1379436211612,5.46596949475999,19.68678069728151,12.71084835226122,11.49902366656781,0.0,0.0,0.0,0.0,0.0,0.0,0.0,12.13273413692322,12.13273413692322,0.0,13.716679505790452,19.68678069728151,0.0,0.0,0.0,0.0,6.103966387748303,20.32356147030337,24.26546827384644,11.49902366656781,9.473725907600098,0.0,11.49902366656781,0.0,36.64058264773308,0.0,0.0,0.0,0.0,0.0,58.92,6.103966387748303,0.0,0.0,13.213763929025836,11.49902366656781,0.0,0.0,19.242531678200752,12.13273413692322,0.0,19.68678069728151,10.28781675170068,0.0,0.0,17.645052043965734,0.0,1.1667961073318218,-0.8611923658352232,-0.25791430461073306,1.5462944853867473,0.4,2,0,0,0,0,4,4,5,0,0,0,1,0.4272000000000001,0,2,2,0,0,0,0,0,0,0,0,0,0,0,0,0,0,0,0,0,0,0,0,0,0,0,0,0,0,0,2,0,0,0,0,0,0,0,0,0,0,1,0,0,0,0,0,2,0,0,0,0,0,0,0,0,0,0,0,0,0,0,0,8,3.6373626373626373,1,1,0.0,331.0,3,0.15384615384615388,0.21978021978021975,0.21978021978021975,0.2065459899343225,0.21978021978021975,0.28649222358280285,0.2337210060457974,0.2337210060457974,0.017707205905737388,0,0,0,0,0,1,0,0.2857142857142857,0.7142857142857143,0.2857142857142857,0.0,0.0,0.5714285714285714,0.0,1,1,1,0,0,0,0,0,0,0,0,0,1,0,1,0,0,0,1,0,0,0,0,0,0,0,0,1,0,0,0,0,0,1,0,0,0,0,0,1,0,0,0,0,1,0,0,1,0,0,1,0,0,0,0,1,0,1,0,0,0,0,0,0,1,0,0,0,0,0,0,0,0,1,0,0,0,0,0,0,1,1,0,0,0,0,1,0,0,0,0,0,0,0,1,0,0,0,1,1,1,0,0,0,0,0,0,0,0,0,0,0,0,0,0,0,0,0,1,0,0,1,0,0,0,0,0,0,0,0,0,0,0,0,0,0,0,0,0,0,0,0,0,0,0,0,0,0,0,0,0,0,0,0,0,0,0,0,0,0,0,0,0,0,0,0,0,0,0,0,0,0,0,0,0,0,0,0,0,0,0,0,1,0,0,0,0,0,0,0,0,0,0,0,0,0,0,0,0,0,1,0,0,0,0,0,0,0,0,0,1,0,0,0,0,0,0,1,1,0,0,1,0,0,0,0,0,0,0,0,0,0,1,0,0,0,0,1,0,0,0,1,0,0,0,0,0,0,0,0,0,0,0,0,1,1,0,0,0,1,1,0,0,0,0,0,1,1,1,0,0,1,1,0,1,0,0,0,1,0,1,1,0,1,0,1,0,1,1,0,1,1,1,1,0
9.487874543335852,0.12482239963886821,0.12482239963886821,0.7064082483225956,10.357142857142858,194.274,1.0714285714285714,2.1515183644211957,2.4244942240332854,1417.850602153568,5.529158500897423,10.213054789681411,11.49902366656781,0.0,0.0,0.0,0.0,0.0,0.0,0.0,0.0,32.25256913693026,24.471461806010623,6.06636706846161,0.0,10.213054789681411,0.0,0.0,0.0,0.0,39.02784531432067,0.0,23.762552697081826,11.49902366656781,0.0,0.0,11.49902366656781,0.0,10.213054789681411,6.4208216229260096,0.0,38.17047518309165,0.0,0.0,40.46,0.0,5.106527394840706,0.0,11.49902366656781,0.0,18.405094737549014,25.328831937239638,12.13273413692322,0.0,6.923737199690624,5.106527394840706,0.0,0.0,0.0,18.575026073713843,0.9295398715041574,0.3345432046275305,5.676101636642311,2.1785982649104945,0.0,0.5,2,0,0,0,0,2,2,5,0,0,0,1,3.2206000000000023,0,0,0,0,0,0,0,2,0,0,0,0,0,0,0,0,0,0,0,0,0,0,0,0,0,1,0,0,0,0,0,0,0,0,0,0,0,0,0,0,0,0,0,0,0,0,0,0,0,0,0,0,0,0,0,0,0,0,0,0,0,2,0,10,3.89010989010989,1,1,0.0,354.0,3,0.15384615384615388,0.24084249084249082,0.24084249084249082,0.1853236421489655,0.24084249084249082,0.26931739831533474,0.2262399739842318,0.2262399739842318,0.017277625486946623,0,0,0,0,0,1,0,0.14285714285714285,0.8571428571428571,0.14285714285714285,0.0,0.0,0.5714285714285714,0.0,0,0,0,0,0,0,0,0,0,0,0,0,0,0,0,0,0,0,0,0,0,0,0,0,0,0,1,0,0,1,0,0,1,1,0,0,1,0,1,1,0,0,0,0,0,0,0,0,0,0,0,0,0,0,0,0,0,0,0,1,0,0,0,0,0,0,1,0,0,1,0,1,0,0,0,0,0,1,0,1,1,1,0,0,0,0,1,0,0,0,0,1,0,0,0,0,0,0,0,1,1,0,0,0,0,1,0,1,0,0,0,0,0,0,0,0,0,0,0,1,0,0,0,0,0,1,0,0,0,0,0,0,0,0,0,0,0,0,0,0,0,0,0,0,0,0,0,0,0,0,0,0,0,0,0,0,0,0,0,0,0,0,0,0,0,0,0,0,0,0,0,0,0,0,0,0,0,0,0,0,0,1,0,0,0,0,0,0,0,0,0,0,0,0,0,0,0,0,0,0,0,0,0,0,0,0,0,0,0,0,0,0,0,0,0,0,0,1,1,1,0,0,0,0,0,0,0,0,0,0,0,0,0,0,0,0,1,0,0,0,0,1,1,1,1,0,1,0,0,0,0,0,0,0,0,1,1,1,0,1,0,0,0,0,0,0,0,1,0,0,0,1,1,0,0,1,0,0,1,0,1,0,0,1,0,1,0,1,1,0,1,1,1,1,0
12.887909763164524,0.003801662887376711,-1.3594929505319107,0.13891171870331429,12.096774193548388,777.0880000000001,0.7741935483870968,2.722654134353953,3.662660443416784,3037175.139954522,13.356646201268797,41.48300278622252,6.103966387748303,0.0,0.0,17.721539188054518,0.0,14.383611552215466,0.0,0.0,0.0,0.0,74.69634908089479,3.5701822710653963,62.46586331655593,39.91624852641899,91.18153734394225,0.0,10.633577208012662,0.0,25.111385245734848,31.744316462058006,21.837449796590178,0.0,15.950365812018994,5.687386274683562,0.0,67.77261188120417,87.86935206635395,4.794537184071822,10.710546813196189,27.639714551228256,0.0,0.0,188.45,62.336715092150406,39.91624852641899,0.0,27.52483607127374,0.0,0.0,6.923737199690624,22.590870627068057,45.181741254136114,15.950365812018994,0.0,0.74592319643907,5.408687307886118,37.877571055657235,53.96750285928065,0.1158532123960685,-2.177345443856555,-1.3594929505319107,-0.828547378113575,0.0,0.47058823529411764,8,0,0,0,0,8,14,10,0,0,0,1,-1.0143000000000004,0,5,5,0,0,0,0,0,0,0,0,0,0,3,0,0,0,0,0,0,0,0,0,0,1,0,0,0,0,0,0,0,0,0,0,0,0,0,0,0,0,0,0,0,0,0,0,0,0,0,0,0,0,0,0,0,0,0,0,0,0,0,0,12,5.531182795698925,1,1,0.0,2572.0,3,0.06666666666666668,0.15624768261030772,0.15624768261030772,0.15718694930865942,0.15624768261030772,0.18983894514076358,0.13598881781365083,0.13598881781365083,0.0161550380861743,0,0,0,0,0,1,0,0.45161290322580644,0.5483870967741935,0.25806451612903225,0.0967741935483871,0.0,0.7096774193548387,0.0967741935483871,1,1,0,0,0,0,1,0,0,0,1,0,1,0,0,1,0,0,0,0,0,1,0,0,1,0,0,1,0,0,0,0,0,1,0,0,0,0,0,1,0,0,1,0,0,0,0,0,0,0,0,1,0,0,0,0,0,0,1,0,1,1,0,0,0,0,0,0,0,1,1,0,0,0,1,0,0,1,0,0,1,0,0,1,0,1,0,0,0,0,0,0,0,0,1,0,0,0,1,1,1,0,1,0,0,0,0,0,0,0,0,0,0,0,1,0,0,1,0,0,0,0,0,1,0,1,0,0,0,0,0,0,0,0,0,0,0,0,0,0,0,0,0,0,0,0,0,0,0,0,0,0,0,0,0,1,0,0,0,0,0,0,0,0,0,0,0,0,0,0,0,0,0,0,0,0,0,0,0,0,0,1,1,0,0,0,0,0,0,0,0,0,0,0,0,0,0,0,0,0,1,0,0,0,0,0,0,0,0,0,1,0,0,0,0,1,0,1,1,0,1,0,0,1,0,0,0,0,0,0,0,0,1,0,0,1,0,1,1,1,0,0,0,0,0,1,0,0,0,0,0,0,0,0,0,0,0,0,0,1,0,1,1,1,1,0,1,1,1,0,1,0,1,0,1,0,0,0,1,1,1,1,1,1,1,1,1,1,1,1,1,1,1,1,0
5.126354875283447,0.8373148148148148,0.8373148148148148,0.4737324261638871,9.7,136.19799999999998,1.2,2.029573889867405,2.4265223465879537,251.66716234355823,4.0359420188368755,0.0,0.0,0.0,0.0,0.0,0.0,11.268461667376624,0.0,0.0,0.0,30.33183534230805,11.984273114623004,6.544756405912575,0.0,0.0,0.0,0.0,5.425791397110385,5.842670270266239,6.4208216229260096,6.544756405912575,35.89528683400505,0.0,11.268461667376624,0.0,0.0,0.0,6.544756405912575,6.4208216229260096,0.0,5.563451491696996,0.0,0.0,38.05,0.0,0.0,0.0,0.0,0.0,12.965578028838586,5.563451491696996,0.0,18.19910120538483,17.558525534033606,5.842670270266239,0.0,0.0,0.0,0.0,3.9360374149659867,5.126354875283447,0.997361111111111,0.8373148148148148,0.0,0.25,3,0,0,0,0,2,2,3,0,0,0,1,0.6923999999999992,0,0,0,0,0,0,0,0,0,0,0,0,0,1,1,0,0,0,0,0,0,0,0,0,0,0,0,0,0,0,0,0,0,1,0,0,0,0,0,0,0,0,0,0,0,0,0,0,0,0,0,0,0,0,0,0,0,0,0,0,0,0,0,7,2.9555555555555557,1,1,0.0,133.0,3,0.22222222222222224,0.24444444444444446,0.24444444444444446,0.187905939169864,0.24444444444444446,0.35229453934761384,0.2911673483552452,0.2911673483552452,0.014507273387262537,0,0,0,0,0,1,0,0.2,0.8,0.0,0.2,0.0,0.4,0.0,1,0,0,0,0,1,0,0,0,0,0,0,0,0,0,0,0,0,0,1,0,1,0,0,0,0,0,1,0,0,0,0,0,0,0,0,0,1,0,0,0,0,1,1,0,0,0,1,0,0,0,0,0,0,0,0,0,1,0,0,0,0,0,0,1,0,0,0,0,0,0,0,0,0,0,0,0,0,0,0,1,1,1,0,0,0,1,0,0,0,1,1,0,0,0,0,0,0,0,1,1,0,0,0,0,0,0,0,0,0,0,0,0,0,0,0,0,0,0,0,0,0,0,0,0,0,0,0,0,0,0,0,0,0,0,0,0,0,0,0,0,0,0,0,0,0,0,0,0,0,0,0,0,0,0,0,0,0,0,0,0,0,0,0,0,0,0,0,0,0,0,0,0,0,0,0,0,0,0,0,1,0,0,0,0,0,0,0,0,0,0,0,0,0,0,0,1,1,0,0,0,0,0,0,0,0,0,0,0,0,1,0,1,0,0,0,0,0,1,0,0,0,1,0,0,0,0,0,1,0,0,0,1,0,0,0,0,0,0,1,0,0,0,0,0,0,1,0,0,0,0,0,1,0,0,0,0,0,0,1,0,0,0,0,0,0,0,0,0,0,1,0,0,0,0,1,0,0,0,1,0,1,0,1,0,0,1,0,0,1,1,1,0,1,0
11.89231859410431,0.06120370370370365,0.06120370370370365,0.8489671904749567,10.647058823529411,234.343,1.1764705882352942,2.307845583406121,2.680267656047493,5511.135253173818,6.4012209135305955,5.316788604006331,0.0,0.0,5.907179729351506,0.0,0.0,9.694446914922299,0.0,0.0,0.0,32.046575604766076,38.06389019460039,5.687386274683562,6.544756405912575,4.794537184071822,11.594566004035068,0.0,4.899909730850478,0.0,27.694948798762496,24.951057821744055,29.32600418877882,0.0,5.316788604006331,5.687386274683562,0.0,0.0,30.44135867793971,4.794537184071822,13.847474399381248,24.974377382775238,0.0,0.0,32.34,0.0,4.794537184071822,0.0,5.907179729351506,6.544756405912575,29.903802069902703,0.0,0.0,32.046575604766076,24.064172734238056,0.0,0.0,0.0,13.9924574829932,2.9969907407407406,3.167083333333334,0.06120370370370365,0.0,10.416431720836485,0.0,0.5,1,0,0,0,0,2,3,5,0,0,0,1,2.5837400000000006,0,0,0,0,0,0,0,0,0,0,0,0,1,1,0,0,1,0,0,0,0,0,0,0,1,2,0,0,0,0,0,0,0,0,0,0,0,0,0,0,0,0,0,0,0,0,0,1,0,0,0,0,0,0,0,0,0,0,0,0,0,0,0,9,4.088235294117647,1,1,0.0,556.0,3,0.125,0.20588235294117646,0.20588235294117646,0.21654907642157892,0.20588235294117646,0.2538726374112904,0.2062177657271184,0.2062177657271184,0.018486092226778255,0,0,0,0,0,1,0,0.17647058823529413,0.8235294117647058,0.058823529411764705,0.11764705882352941,0.0,0.5882352941176471,0.058823529411764705,1,0,0,0,0,0,0,0,0,0,1,0,1,0,0,1,0,0,0,0,0,0,0,1,1,0,0,0,0,0,0,0,0,1,0,0,1,0,1,1,0,1,0,0,0,0,0,0,0,0,0,0,1,0,0,0,0,0,1,0,0,1,0,0,1,0,0,1,0,0,0,0,0,0,0,0,0,1,0,1,1,1,0,0,0,0,1,0,0,0,1,0,0,0,0,0,0,0,0,0,1,0,0,0,0,0,0,0,0,0,0,1,0,1,0,0,0,0,0,0,0,0,0,1,0,1,0,0,0,0,0,0,0,0,0,0,0,0,0,0,0,0,0,0,0,0,0,0,0,0,0,0,0,0,0,0,0,0,0,0,0,0,0,0,0,0,0,0,0,0,0,0,0,0,0,0,0,0,0,0,0,0,0,0,0,0,0,0,0,0,0,0,0,0,0,0,0,0,0,0,0,0,0,0,0,0,0,1,0,0,0,0,0,1,1,0,0,0,0,1,1,0,0,1,0,0,0,0,1,0,0,0,1,0,0,0,0,0,1,1,0,0,1,0,1,1,0,0,0,0,1,0,0,0,0,0,0,0,0,0,1,1,0,1,0,0,1,0,0,1,1,0,1,0,0,0,1,1,1,1,0,1,1,1,1,0,1,0,1,1,1,1,1,1,0
10.418623551272361,0.11425925925925906,-1.099477040816326,0.5125069246930146,12.357142857142858,197.18999999999997,1.3571428571428572,2.10922326203371,2.7772680269131413,1115.7791056158326,3.972117202268431,21.0532496616843,6.041840829147961,11.49902366656781,0.0,0.0,5.969305287951849,4.794537184071822,0.0,0.0,0.0,6.06636706846161,24.117007251546223,0.0,0.0,20.11411936859394,5.969305287951849,0.0,0.0,5.733667477162185,12.462662452073971,0.0,23.762552697081826,11.49902366656781,5.733667477162185,0.0,11.49902366656781,0.0,27.330728301621924,11.21535880699783,0.0,5.563451491696996,0.0,0.0,103.78000000000002,12.011146117099809,4.794537184071822,0.0,17.919845289493818,5.563451491696996,0.0,18.19910120538483,0.0,0.0,0.0,21.0532496616843,0.0,0.0,10.418623551272361,26.633114921894684,5.857960128495844,-1.6154629629629613,0.11425925925925906,0.0,0.0,0.2222222222222222,5,0,0,0,0,4,5,3,0,0,0,1,0.052200000000000135,1,0,0,0,0,0,0,2,1,0,0,0,0,0,1,0,0,0,0,0,0,0,0,0,0,0,0,0,0,0,0,0,0,0,0,0,0,0,0,0,0,0,0,0,0,0,0,0,0,0,0,0,0,0,0,0,0,0,0,0,0,0,0,8,3.5274725274725274,1,1,0.0,321.0,3,0.15384615384615388,0.21062271062271057,0.21062271062271057,0.1982722335517328,0.21062271062271057,0.2940841538342516,0.2432562169650522,0.2432562169650522,0.021410941451304132,0,0,0,0,0,1,0,0.35714285714285715,0.6428571428571429,0.2857142857142857,0.07142857142857142,0.0,0.5,0.07142857142857142,0,1,0,0,0,1,0,0,0,0,1,0,0,0,0,0,0,0,1,1,0,0,0,0,0,0,0,0,0,0,0,0,0,0,0,0,0,0,0,1,0,0,0,0,0,0,0,0,0,0,0,0,1,0,1,0,0,1,0,1,0,0,0,0,0,1,1,1,0,1,1,1,0,0,0,0,0,1,0,1,1,1,0,0,0,0,1,0,0,0,1,0,0,0,0,0,0,0,0,0,1,0,0,0,0,0,0,1,0,0,0,0,0,0,0,0,0,0,0,0,0,1,0,0,0,1,0,0,0,0,0,0,0,0,0,0,0,0,0,0,0,0,0,0,0,0,0,0,0,0,0,0,0,0,0,0,0,0,0,0,0,0,0,0,0,0,0,0,0,0,0,0,0,0,0,0,0,0,0,0,0,0,1,0,0,0,0,0,0,0,0,0,0,0,0,0,0,0,0,0,1,0,0,0,0,0,0,0,0,0,0,0,1,0,0,0,0,0,1,1,0,0,0,1,0,0,0,0,0,0,0,0,1,0,0,0,0,0,0,1,0,1,0,0,0,0,0,0,0,0,0,1,0,0,0,1,0,0,0,1,0,0,0,0,0,0,0,1,1,0,0,1,1,0,1,0,0,0,1,1,1,0,1,1,1,1,1,1,0,1,1,1,1,1,0
9.869132653061225,0.3555498866213156,-0.7545833333333338,0.781942163264455,14.466666666666667,211.261,1.2666666666666666,2.265008146606585,3.1084333760193648,2178.937837035535,4.9999590646139,20.313920779602988,11.49902366656781,0.0,0.0,0.0,0.0,0.0,0.0,0.0,0.0,0.0,25.122838405075456,11.605292320844956,20.323561470303368,14.580253302440804,0.0,0.0,0.0,5.733667477162185,19.069544416586886,14.219595082555067,23.762552697081826,11.49902366656781,15.207393384762284,0.0,11.49902366656781,0.0,25.367963306543732,0.0,0.0,18.591155079135923,0.0,0.0,64.71,6.103966387748303,5.106527394840706,0.0,6.041840829147961,17.062475158264807,0.0,0.0,39.34243348763052,0.0,0.0,15.207393384762284,10.221771541950114,0.0,0.0,9.869132653061225,6.28192932728647,1.2834259259259264,-0.7545833333333338,1.7396655328798185,3.128033824640968,0.45454545454545453,3,0,0,0,0,4,4,4,0,0,0,1,1.0844,0,1,1,0,0,0,0,0,0,0,0,0,0,0,1,0,0,0,0,0,0,0,0,0,0,0,0,0,0,0,2,0,0,0,0,0,0,0,0,0,0,2,0,0,0,0,0,0,0,0,0,0,0,0,0,0,0,0,0,0,0,0,0,7,3.4095238095238094,1,1,0.0,358.0,3,0.14285714285714282,0.18534798534798538,0.18534798534798538,0.18196097435087355,0.18534798534798538,0.3062363505604098,0.23047390712685553,0.23047390712685553,0.021321827153904366,0,0,0,0,0,1,0,0.26666666666666666,0.7333333333333333,0.2,0.06666666666666667,0.0,0.6,0.0,1,1,0,0,0,0,0,0,0,0,0,0,0,1,0,0,0,0,1,1,0,0,0,0,0,0,0,1,0,0,0,0,0,1,0,0,0,0,0,1,0,0,0,0,0,0,0,0,0,0,1,0,1,0,0,1,0,0,0,0,1,0,0,0,0,0,1,0,0,1,1,0,0,1,1,0,0,0,1,0,0,1,0,0,0,0,1,0,0,1,0,0,1,0,1,0,0,0,0,1,1,0,0,0,0,0,0,1,0,1,0,0,0,0,0,0,0,0,0,0,0,1,0,0,0,0,0,0,0,0,0,0,0,0,0,0,0,0,0,0,0,0,0,0,0,0,0,0,0,0,0,0,0,0,0,0,0,0,0,0,0,0,0,0,0,0,0,0,0,0,0,0,0,0,0,0,0,0,0,0,0,0,1,0,0,0,0,0,0,0,0,0,0,0,0,0,0,0,0,0,0,0,0,0,0,0,0,0,0,0,0,0,1,0,0,0,0,1,0,0,0,1,0,1,0,0,0,0,0,0,0,0,0,0,0,0,0,0,0,0,0,1,0,0,0,0,0,0,0,0,0,0,0,0,1,1,0,0,0,1,0,0,0,0,0,0,0,1,0,1,0,1,1,0,1,0,0,1,1,1,1,0,0,0,1,1,1,1,1,1,1,1,1,1,0
6.2039559712774,0.6155787037037036,0.6155787037037036,0.3570341652419156,11.5,423.64200000000034,0.5333333333333333,2.7800320120584985,2.8193534300327245,3717681.209085589,16.225057760974586,28.91031805395158,19.820645893538753,11.49902366656781,5.749511833283905,0.0,0.0,0.0,0.0,0.0,0.0,47.608790266605354,51.40127257239867,19.634269217737724,0.0,14.210588861400147,0.0,0.0,14.699729192551434,0.0,41.54242319814374,78.72345354675193,18.19910120538483,17.248535499851716,14.210588861400147,0.0,17.248535499851716,0.0,93.42318273930339,0.0,0.0,41.54242319814374,0.0,0.0,37.410000000000004,0.0,0.0,0.0,0.0,19.820645893538753,76.15134315306489,0.0,0.0,18.19910120538483,56.24215239069517,14.210588861400147,18.44643502771479,0.0,7.056968943454333,0.0,0.0,2.2572541362223904,0.0,23.799672580439175,0.0,0.75,0,0,0,0,0,6,6,18,0,0,0,1,3.8484000000000034,0,0,0,0,0,0,0,0,0,0,0,0,3,0,0,0,3,0,0,0,0,0,0,0,0,0,0,0,0,0,3,0,0,0,0,0,0,0,0,0,0,0,0,0,0,0,0,1,0,0,0,0,0,0,0,0,0,0,0,0,0,0,0,14,6.498850574712644,1,1,0.0,2827.0,3,0.0689655172413793,0.19638752052545155,0.19638752052545155,0.1767081125719951,0.19638752052545155,0.1621217024122671,0.13022802870731504,0.13022802870731504,0.012049425187383337,0,0,0,0,0,1,0,0.2,0.8,0.1,0.1,0.0,0.8,0.0,0,0,1,0,0,0,0,0,0,0,0,0,0,1,0,1,0,0,0,0,0,0,0,0,0,0,0,0,0,0,0,1,0,1,0,1,1,0,1,0,0,0,0,0,1,0,0,1,0,0,1,0,0,0,0,1,0,0,0,0,0,1,0,0,1,0,0,0,0,0,0,0,1,0,0,0,0,1,0,0,1,1,0,0,0,0,1,0,0,0,0,0,0,0,0,0,0,0,0,0,1,0,0,0,0,0,0,0,1,0,1,0,0,1,1,0,0,0,0,0,0,0,0,1,0,0,0,0,0,0,0,0,0,0,0,0,0,0,0,0,0,0,0,0,0,0,0,0,0,0,0,0,0,0,0,0,0,0,0,0,0,0,0,0,0,0,0,0,0,0,0,0,0,0,0,0,0,0,0,0,0,0,0,0,0,0,0,0,0,0,0,0,0,0,0,0,0,0,0,0,1,0,0,0,0,0,0,0,0,0,0,0,0,1,1,0,0,1,0,0,0,0,0,1,0,0,0,0,1,0,0,0,0,0,0,0,1,1,0,1,0,1,1,0,1,0,1,0,0,0,1,0,0,0,1,1,0,1,0,0,1,0,0,0,0,0,1,0,0,1,1,1,1,0,1,1,1,1,1,0,1,1,0,1,0,1,1,1,1,1,1,1,1,1,0
9.72949074074074,0.1779918850256148,-0.6815740740740746,0.5632719285067509,13.066666666666666,211.261,1.2,2.182165711599146,2.652574355517288,1870.1160148404683,4.9999590646139,20.63637078852845,0.0,11.49902366656781,0.0,0.0,0.0,0.0,0.0,0.0,0.0,19.913841467842857,17.696185628620217,12.586597235060536,6.103966387748303,15.319582184522117,0.0,0.0,5.316788604006331,0.0,25.993281616277514,6.544756405912575,23.762552697081826,11.49902366656781,5.316788604006331,0.0,11.49902366656781,0.0,27.90617941958265,0.0,0.0,25.514892278826544,0.0,0.0,72.72,6.103966387748303,10.213054789681411,0.0,11.49902366656781,18.150048726757532,0.0,12.13273413692322,6.06636706846161,13.847474399381248,5.316788604006331,5.106527394840706,0.0,0.0,0.0,31.154388804904677,0.5818981481481484,-0.3899391639371792,-0.6815740740740746,4.3927671747711425,0.0,0.45454545454545453,4,0,0,0,0,4,4,4,0,0,0,1,1.1291999999999998,0,1,1,0,0,0,0,2,0,0,0,0,0,1,0,0,0,0,0,0,0,0,0,0,0,0,0,0,0,0,0,0,0,0,0,0,0,0,0,0,0,0,0,0,0,0,0,0,0,0,0,0,0,0,0,0,0,0,0,0,0,0,0,9,3.8095238095238093,1,1,0.0,400.0,3,0.14285714285714282,0.21611721611721613,0.21611721611721613,0.19691157519175487,0.21611721611721613,0.2736338638295734,0.2255378718960762,0.2255378718960762,0.02007429504403289,0,0,0,0,0,1,0,0.26666666666666666,0.7333333333333333,0.2,0.06666666666666667,0.0,0.6,0.0,1,1,0,0,1,0,0,0,0,0,0,0,0,0,1,0,0,0,0,0,0,0,0,0,0,0,1,1,0,0,0,0,0,1,0,0,0,0,1,1,0,0,0,0,0,0,0,0,0,0,0,0,0,1,0,0,0,0,0,1,0,1,0,0,0,0,1,1,0,0,0,1,0,0,0,0,0,1,0,0,1,1,1,0,0,1,1,0,0,0,0,0,0,0,1,0,0,0,0,1,1,0,0,0,0,0,0,1,0,0,1,0,0,0,0,0,0,0,0,0,1,0,0,0,0,0,0,0,0,0,0,0,0,0,0,0,0,0,0,0,0,0,0,0,0,0,0,0,0,0,0,0,0,0,0,0,0,0,0,0,0,0,0,0,0,0,0,0,0,0,0,0,0,0,0,0,0,0,0,0,0,0,1,0,0,0,0,0,0,0,0,0,0,0,0,0,0,0,0,0,1,0,1,0,0,0,0,0,0,0,1,0,0,0,0,0,0,0,0,0,0,0,0,1,0,0,0,0,1,0,0,0,1,0,0,0,0,0,0,0,0,1,0,0,1,0,0,0,0,0,0,0,0,0,0,1,0,0,0,1,1,0,0,0,0,0,0,1,0,0,0,1,1,0,1,0,0,1,1,1,1,1,0,1,1,1,1,1,1,1,1,1,1,1,0
12.093707588677741,0.19423009224265808,-0.358377126444297,0.09628584931126413,11.19047619047619,603.7500000000003,0.5476190476190477,3.0072598197060145,1.7386033479807952,1520329704.793406,30.58331389381415,52.685418142006824,6.606881964512918,0.0,0.0,0.0,5.969305287951849,0.0,4.794537184071822,0.0,0.0,13.344558822616634,30.686289896772447,19.34194022187367,117.88044488841663,52.16316672207231,11.656691562635412,0.0,0.0,0.0,19.765380445542643,137.89521791242902,29.828919765543436,0.0,5.316788604006331,5.687386274683562,0.0,0.0,138.5477345963745,47.36862953800049,0.0,30.12336912131146,0.0,0.0,121.40000000000003,0.0,4.794537184071822,0.0,12.576187252464766,117.88044488841663,25.073785926448156,0.0,19.242531678200752,12.13273413692322,12.240525803696954,47.36862953800049,53.51369302696544,0.0,12.093707588677741,3.315472331761932,1.5188758631258377,-0.358377126444297,2.2481690133607555,11.733641665468454,1.6429904592340006,0.7666666666666667,1,0,0,0,0,12,12,32,0,0,0,1,2.8346000000000036,0,0,0,0,0,0,0,0,0,0,0,0,0,1,0,0,0,0,0,0,0,0,0,0,1,0,0,0,0,1,10,0,0,0,0,0,0,0,0,0,0,1,0,0,0,0,0,0,0,0,0,0,0,0,0,0,0,0,0,0,0,26,0,38,13.342624854819977,1,1,0.0,11488.0,3,0.04878048780487805,0.3085656213704994,0.3085656213704994,0.1759697135364398,0.3085656213704994,0.07821575410200589,0.08436805583130617,0.08436805583130617,0.005980348191527553,0,0,0,0,0,1,0,0.2857142857142857,0.7142857142857143,0.2619047619047619,0.023809523809523808,0.0,0.8333333333333334,0.023809523809523808,1,0,0,0,0,0,0,0,1,0,1,0,0,1,0,0,0,1,0,1,0,0,0,0,0,0,1,1,0,0,0,0,0,1,0,0,0,0,1,1,0,0,0,0,0,0,0,0,0,0,0,1,1,0,0,1,1,0,0,0,0,0,1,1,0,0,0,0,0,0,0,0,1,1,0,1,0,0,0,1,1,1,0,0,0,0,1,0,0,0,0,1,0,0,1,0,0,0,0,0,1,0,1,0,0,1,0,0,0,1,0,0,0,1,1,0,0,0,0,1,0,0,0,0,0,1,0,1,0,0,0,0,0,0,0,0,0,0,0,0,0,0,0,0,0,0,0,0,0,0,0,0,0,0,0,0,0,0,0,0,0,0,0,0,0,0,0,0,0,0,0,0,0,0,0,0,0,0,0,0,0,0,0,0,0,0,0,0,0,0,0,0,0,0,0,0,0,0,0,0,1,0,0,0,0,0,0,0,0,0,1,0,0,0,1,0,0,0,1,0,0,1,0,0,0,0,0,0,1,0,0,0,1,0,0,0,0,1,0,1,0,0,1,1,1,0,1,0,0,0,0,1,0,0,1,0,1,1,0,0,1,1,0,1,0,0,1,0,1,0,0,0,0,0,1,1,0,1,0,1,0,1,1,1,1,1,1,1,1,1,1,1,1,1,0
10.300428004535148,0.200509259259259,-0.200509259259259,0.4213777873274688,11.2,146.21,1.4,1.5929097864510184,3.2906175777248623,81.23839910900195,3.562154412456972,9.219893811494673,13.151638370425493,0.0,0.0,0.0,5.969305287951849,4.794537184071822,0.0,0.0,0.0,0.0,0.0,6.923737199690624,21.143015948031568,14.014430995566494,5.969305287951849,0.0,0.0,0.0,6.923737199690624,34.29465431845706,0.0,0.0,0.0,0.0,0.0,0.0,44.74699046410353,9.53140013787187,0.0,6.923737199690624,0.0,0.0,26.3,0.0,4.794537184071822,0.0,5.969305287951849,6.606881964512918,11.027787263607198,6.923737199690624,0.0,0.0,21.143015948031568,4.736862953800049,5.59,0.0,10.300428004535148,0.0,0.0,-0.200509259259259,0.0,2.799675925925926,6.177071995464853,0.8571428571428571,0,0,0,0,0,2,3,3,0,0,0,0,0.25570000000000004,0,0,0,0,0,0,0,0,0,0,0,0,1,0,0,0,1,0,0,0,0,0,0,0,0,0,0,0,0,1,1,0,0,0,0,0,0,0,0,0,0,0,0,0,0,0,0,0,0,0,0,0,0,1,0,0,0,0,0,0,0,0,0,6,3.088888888888889,0,0,0.0,139.0,4,0.2,0.2611111111111111,0.2611111111111111,0.2644584496758201,0.2611111111111111,0.3358338342349563,0.28334946344151146,0.28334946344151146,0.027438034111016557,0,0,0,0,0,0,0,0.3,0.7,0.2,0.1,0.0,0.8888888888888888,0.1111111111111111,0,0,0,0,0,0,0,0,0,0,1,1,0,1,0,0,0,1,0,1,0,0,0,0,0,0,0,0,0,0,1,0,0,1,0,0,0,0,0,1,0,0,0,0,1,0,0,0,0,0,0,0,0,0,0,1,1,0,0,0,0,0,0,1,0,0,0,0,0,0,0,0,0,0,0,0,0,0,1,0,1,0,0,0,0,0,0,0,0,0,0,0,0,0,0,0,0,0,0,0,0,0,0,0,0,0,0,0,0,0,0,0,0,0,0,0,1,0,0,0,0,1,0,0,0,1,0,0,0,0,0,0,0,0,0,0,0,0,0,0,0,0,0,0,0,0,0,0,0,0,0,0,0,0,0,0,0,0,1,0,0,0,0,0,0,0,0,0,0,0,0,0,0,0,0,0,0,1,0,0,0,0,0,0,0,0,0,0,0,0,0,0,0,0,0,0,0,0,0,0,0,0,1,0,0,0,0,0,0,0,0,0,0,1,1,0,0,0,0,0,0,1,0,1,0,0,0,0,1,0,0,0,0,0,0,0,1,1,0,1,1,0,0,1,1,0,1,0,0,0,1,1,0,0,1,0,0,0,0,0,1,0,0,0,0,0,1,0,0,1,0,0,0,0,0,1,1,1,0,0,0,1,1,1,0,1,1,1,1,1,0,0,1,0,0
9.888194444444444,0.0694444444444442,-1.0023148148148142,0.4104086183653024,11.375,117.14799999999998,1.5,1.210810026106033,3.5512529243669313,23.005390496014627,2.1320002271579725,14.384095436607153,6.544756405912575,0.0,0.0,0.0,0.0,0.0,0.0,0.0,0.0,0.0,0.0,0.0,27.112321235983416,14.384095436607153,5.969305287951849,0.0,0.0,0.0,0.0,27.687772353944144,0.0,0.0,5.106527394840706,0.0,0.0,0.0,38.14010849959062,4.794537184071822,0.0,0.0,0.0,0.0,40.129999999999995,5.969305287951849,9.901064578912528,0.0,6.544756405912575,4.483030857694624,0.0,0.0,21.143015948031568,0.0,0.0,0.0,0.4189814814814814,0.0,9.888194444444444,9.888194444444444,0.0,-1.0023148148148142,0.0,0.0694444444444442,5.404166666666667,0.8,0,0,0,0,0,2,3,2,0,0,0,0,-1.5574999999999983,1,0,0,0,0,0,0,0,1,0,0,0,1,0,0,0,1,0,0,0,0,0,0,0,0,0,0,0,0,0,0,0,0,0,0,0,0,0,0,0,0,0,0,0,0,0,0,0,0,0,0,0,0,1,0,0,0,0,0,0,0,0,0,4,2.357142857142857,0,0,0.0,66.0,4,0.24999999999999997,0.22619047619047616,0.22619047619047616,0.2961870310624935,0.22619047619047616,0.44166666666666665,0.3264794161600669,0.3264794161600669,0.034453437872333334,0,0,0,0,0,0,0,0.375,0.625,0.25,0.125,0.0,0.8571428571428571,0.14285714285714285,0,0,0,0,0,0,0,0,0,0,1,0,0,0,0,0,0,1,0,0,0,0,0,0,0,0,0,0,0,0,1,0,0,1,0,0,0,0,0,1,0,0,0,0,0,0,0,0,0,0,0,0,0,0,0,0,1,0,0,0,0,0,0,1,0,0,0,0,0,0,0,0,0,0,1,1,0,0,0,0,1,0,0,0,0,0,0,0,0,0,0,0,0,0,0,0,0,0,0,0,0,0,0,0,0,0,0,0,0,0,0,0,0,0,0,0,1,0,0,0,0,0,1,0,0,1,0,1,0,0,0,0,0,0,0,0,0,0,0,0,0,0,0,0,0,0,0,0,0,0,0,0,0,0,0,0,0,0,1,0,0,0,0,0,0,0,0,0,0,0,0,0,0,0,0,0,0,1,0,0,0,0,0,0,0,0,0,0,0,0,0,0,0,0,0,0,0,0,0,0,0,0,1,0,0,0,0,0,0,0,0,0,0,1,1,0,0,0,0,0,0,1,0,1,0,0,0,0,1,0,0,0,0,0,0,0,0,0,0,0,1,0,0,1,0,0,0,0,0,0,1,1,0,0,0,0,0,0,0,0,1,0,0,0,0,0,0,0,0,1,0,0,0,0,0,0,1,1,0,0,0,1,1,1,0,1,1,1,1,1,0,0,1,0,0
8.95662037037037,0.7258182161753588,-1.669305555555556,0.2612626527203185,21.5,182.172,0.6666666666666666,2.1228001749259824,3.9851644508585786,358.753229562491,5.413461330448892,30.63916436904423,24.41586555099321,0.0,0.0,0.0,0.0,0.0,0.0,0.0,0.0,0.0,0.0,0.0,13.213763929025836,30.63916436904423,0.0,0.0,0.0,0.0,24.41586555099321,13.213763929025836,0.0,0.0,0.0,0.0,0.0,0.0,68.26879384906327,0.0,0.0,0.0,0.0,0.0,121.38000000000001,37.62962948001904,0.0,0.0,0.0,0.0,0.0,0.0,0.0,0.0,0.0,30.63916436904423,0.0,0.0,0.0,52.1769142101285,0.0,0.0,-6.391944444444446,-1.4516364323507176,0.0,1.0,6,0,0,0,0,6,6,5,0,0,0,0,-3.5854000000000004,0,6,6,0,0,0,0,0,0,0,0,0,0,0,0,0,0,0,0,0,0,0,0,0,0,0,0,0,0,0,0,0,0,0,0,0,0,0,0,0,0,0,0,0,0,0,0,0,0,0,0,0,0,0,0,0,0,0,0,0,0,0,0,7,3.121212121212121,0,0,0.0,206.0,3,0.16666666666666666,0.21212121212121213,0.21212121212121213,0.247892864681425,0.21212121212121213,0.334813260417312,0.25764874372440544,0.25764874372440544,0.026099186713095888,0,0,0,0,0,0,0,0.5,0.5,0.5,0.0,0.0,1.0,0.0,0,1,0,0,0,0,0,0,0,0,0,0,0,0,0,0,0,1,0,0,0,0,0,0,0,0,0,0,0,0,0,0,0,0,0,0,0,0,0,1,0,0,0,0,0,0,0,0,0,0,0,0,0,0,0,0,0,0,0,0,0,1,0,1,0,0,0,0,0,0,0,0,0,0,0,0,0,0,0,0,1,0,0,0,0,0,0,0,0,0,0,0,0,0,1,0,0,0,1,1,0,0,0,0,0,0,0,0,0,0,0,0,0,0,0,0,0,0,0,0,1,1,0,0,0,0,0,0,0,0,0,0,0,0,0,0,0,0,0,0,0,0,0,0,0,0,0,0,0,0,0,0,0,0,0,0,0,0,0,0,0,0,0,0,0,0,0,0,0,0,0,0,0,0,0,0,0,0,0,0,0,1,1,0,0,0,0,0,0,0,0,0,0,0,0,0,0,0,0,0,1,0,0,0,0,0,0,0,0,0,1,0,0,0,0,0,0,1,1,1,0,0,0,0,0,0,0,0,0,0,0,0,1,0,0,0,0,1,0,0,0,0,0,0,0,0,0,0,0,0,0,0,0,0,0,0,0,0,0,1,1,0,0,0,0,0,1,1,1,0,0,0,0,0,1,0,0,0,0,0,1,1,0,1,0,1,0,1,0,0,0,0,1,0,0
9.931203231292518,0.2777777777777777,-0.715720899470899,0.5365844185944308,9.444444444444445,131.175,1.3333333333333333,1.8005768964064195,2.8288681349096856,84.62711413110172,5.564589502018842,10.84019487200289,0.0,0.0,0.0,0.0,5.969305287951849,4.794537184071822,0.0,0.0,0.0,6.4208216229260096,19.386399651764595,6.4208216229260096,0.0,9.901064578912528,5.969305287951849,0.0,0.0,5.733667477162185,25.683286491704038,6.544756405912575,0.0,0.0,5.733667477162185,0.0,0.0,0.0,17.62058908870513,4.794537184071822,0.0,25.683286491704038,0.0,0.0,63.32000000000001,5.969305287951849,4.794537184071822,0.0,6.4208216229260096,6.544756405912575,19.26246486877803,0.0,0.0,0.0,0.0,10.84019487200289,0.0,0.0,9.931203231292518,8.1815589569161,5.19796626984127,-0.715720899470899,2.9053703703703704,0.6662887377173091,0.0,0.8333333333333334,3,0,0,0,0,2,3,5,0,0,0,0,0.5901000000000001,1,0,0,0,0,0,0,0,1,0,0,0,0,0,1,0,0,0,0,0,0,0,0,0,0,0,0,0,0,0,0,0,0,0,0,0,0,0,0,0,0,0,0,0,0,0,0,0,0,0,0,0,0,0,0,0,0,0,0,0,0,2,0,7,3.1666666666666665,0,0,0.0,114.0,3,0.2222222222222222,0.30952380952380953,0.30952380952380953,0.2357022603955158,0.30952380952380953,0.3293693170123376,0.30981203001311225,0.30981203001311225,0.01945747011890177,0,0,0,0,0,0,0,0.3333333333333333,0.6666666666666666,0.2222222222222222,0.1111111111111111,0.0,0.875,0.125,0,0,0,0,0,1,0,1,0,0,1,0,0,0,0,0,0,0,0,1,0,0,0,0,0,0,0,0,1,0,0,0,0,0,0,0,0,0,0,1,0,0,0,0,0,0,0,0,1,0,0,0,0,0,0,0,0,0,1,0,0,0,0,0,0,0,0,0,0,0,0,0,0,1,0,0,0,0,0,0,1,0,0,0,0,1,1,0,0,0,0,0,0,0,0,0,0,0,0,0,0,0,0,0,0,0,0,0,0,1,0,0,0,0,0,1,0,0,0,1,0,0,0,0,0,1,0,0,0,0,0,0,0,0,0,0,0,0,0,0,0,0,0,0,0,0,0,0,0,0,0,0,0,0,0,0,0,0,0,0,0,0,0,0,0,0,0,0,0,0,0,0,0,0,0,0,0,0,0,0,0,0,0,0,0,0,0,0,0,0,0,0,0,0,0,0,0,0,0,0,0,0,0,0,0,0,0,0,0,0,1,0,1,0,0,0,0,0,1,1,0,0,0,0,0,0,0,0,1,0,0,0,1,0,0,0,0,0,0,1,0,0,0,0,0,0,1,0,0,0,0,1,0,0,0,0,1,1,0,1,1,0,0,0,0,0,0,1,0,0,0,0,0,0,0,1,0,0,0,1,0,1,1,1,0,1,1,1,0,1,0,0,1,0,0
9.555555555555555,0.6111111111111114,-0.6111111111111114,0.37375297187648615,9.0,78.136,1.5,0.8112781244591328,2.3237900077244498,3.2451124978365313,1.6121148036253767,4.552749873690364,0.0,0.0,0.0,0.0,0.0,0.0,0.0,0.0,0.0,11.175854473385288,0.0,0.0,12.511538367022808,4.552749873690364,11.175854473385288,0.0,0.0,0.0,0.0,12.511538367022808,0.0,0.0,0.0,0.0,0.0,0.0,17.06428824071317,11.175854473385288,0.0,0.0,0.0,0.0,23.06,11.175854473385288,4.552749873690364,0.0,0.0,0.0,0.0,0.0,12.511538367022808,0.0,0.0,0.0,9.555555555555555,-0.6111111111111114,0.0,0.0,0.0,0.0,3.2777777777777777,0.0,0.0,1.0,0,0,0,0,0,1,2,0,0,0,0,0,-0.005299999999999971,0,0,0,0,0,0,0,0,0,0,0,0,0,0,0,0,0,0,0,0,0,0,0,0,0,0,0,0,0,0,0,0,0,0,0,0,0,0,0,0,0,0,0,0,0,0,0,0,0,0,0,0,0,0,0,0,0,0,0,0,0,0,0,2,1.5,0,0,0.0,9.0,3,0.49999999999999994,0.25,0.25,0.4330127018922193,0.25,0.7000000000000001,0.48296289541914517,0.48296289541914517,0.03754693756604867,0,0,0,0,0,0,0,0.5,0.5,0.25,0.0,0.25,1.0,0.0,1,1,0,0,0,0,0,0,0,0,0,0,0,0,0,0,0,0,0,0,0,0,0,0,0,0,0,0,0,1,0,0,0,1,0,0,0,0,0,0,0,0,0,0,0,0,0,0,0,0,0,0,0,0,0,0,0,0,0,0,0,0,0,0,0,0,0,0,0,0,0,0,0,0,0,1,0,0,0,0,0,0,0,0,0,0,0,0,0,0,0,0,0,0,0,0,0,0,0,0,0,0,0,0,0,0,1,0,0,0,0,0,0,0,0,0,0,0,0,0,0,0,0,0,0,0,0,0,0,0,0,0,0,0,0,0,0,0,0,0,0,0,0,0,0,0,0,0,0,0,0,0,0,0,0,0,0,0,0,0,0,0,0,0,0,0,0,0,1,0,0,0,0,0,0,0,0,1,0,1,0,0,0,0,0,0,0,0,0,1,0,0,0,0,0,1,0,0,0,0,0,0,1,0,0,0,0,0,0,0,0,0,0,0,1,0,1,0,0,0,0,1,0,0,0,0,0,0,0,0,1,0,0,0,0,0,0,0,0,0,0,0,0,0,0,0,0,0,0,0,0,0,1,0,0,0,0,0,0,0,0,0,0,0,0,0,0,0,0,0,0,0,0,0,0,0,1,1,0,0,0,0,0,0,0,0,0,0,1,0,0,0,1,0,0
7.0522222222222215,0.05092592592592626,-0.0891666666666664,0.2818737771329878,8.222222222222221,129.167,1.4444444444444444,1.634374150092862,3.927830970185914,60.47184355343589,2.9071056558917943,16.36724468517485,0.0,5.959554568743835,5.959554568743835,0.0,0.0,5.409283605791522,0.0,4.992404732635669,0.0,0.0,0.0,14.09534396535438,0.0,0.0,11.91910913748767,5.409283605791522,4.899909730850478,16.459739686960038,0.0,14.09534396535438,0.0,0.0,11.46733495432437,0.0,0.0,0.0,30.91436283369253,0.0,5.409283605791522,0.0,0.0,0.0,91.49,0.0,0.0,0.0,11.91910913748767,0.0,0.0,4.899909730850478,14.09534396535438,0.0,4.992404732635669,16.876618560115894,0.0,0.0,4.958055555555555,7.0522222222222215,9.982777777777777,-0.03824074074074013,0.0,0.0,3.3785185185185185,0.5,5,0,0,0,0,1,5,0,0,0,0,0,-1.243829999999999,0,0,0,0,0,0,0,0,0,0,0,1,2,1,2,0,0,0,0,0,0,0,0,0,0,0,0,0,0,0,0,0,2,0,0,0,0,0,0,0,0,0,0,0,0,0,0,0,0,0,0,0,0,0,0,0,0,0,0,0,0,0,0,5,2.6666666666666665,0,0,0.0,96.0,3,0.2222222222222222,0.23809523809523808,0.23809523809523808,0.27251245576808564,0.23809523809523808,0.3908723764864115,0.3082799560841146,0.3082799560841146,0.028678565695597957,0,0,0,0,0,0,0,0.5555555555555556,0.4444444444444444,0.0,0.5555555555555556,0.0,0.75,0.25,1,0,0,0,0,0,0,0,0,0,0,1,1,0,0,0,0,0,0,1,0,0,0,0,0,0,0,0,0,0,0,0,0,1,0,0,0,0,0,1,0,0,0,0,0,0,0,0,0,0,0,0,0,0,0,0,0,0,0,0,0,0,0,0,0,0,0,0,0,0,0,0,0,0,0,0,0,1,0,0,1,0,0,0,0,1,0,0,0,0,0,1,0,0,0,1,0,0,0,0,0,0,0,0,1,0,0,0,0,0,0,1,0,1,0,0,0,1,0,0,1,0,0,0,0,0,0,0,0,0,0,0,0,0,0,0,0,0,0,0,0,0,0,0,0,0,0,0,0,0,0,0,0,1,0,0,0,0,0,0,0,0,0,0,0,0,0,0,0,0,0,1,0,0,0,0,0,0,0,0,0,1,0,0,0,0,0,0,0,0,0,0,0,0,0,0,0,0,0,0,0,0,1,0,0,1,1,0,1,0,0,0,1,1,1,0,0,0,0,0,0,1,0,0,0,0,0,0,0,0,0,0,0,0,1,0,0,0,0,0,0,0,0,0,0,0,0,1,0,0,1,0,0,0,0,0,0,0,0,1,0,0,0,0,0,0,0,0,0,0,1,0,0,0,0,0,1,1,0,1,0,0,0,0,1,0,1,0,1,1,0,0,0,0,0
10.01751133786848,0.2822222222222224,-1.2028240740740739,0.4944861326467559,14.545454545454545,161.20099999999996,1.5454545454545454,1.5345243669755788,3.6942591252386228,108.9512300552661,3.6866198733798097,19.49062283144786,12.648722793660877,0.0,0.0,0.0,0.0,0.0,0.0,0.0,0.0,0.0,0.0,12.390126910877859,21.143015948031568,19.49062283144786,5.969305287951849,0.0,0.0,0.0,12.524788010674312,27.687772353944144,0.0,0.0,5.106527394840706,0.0,0.0,0.0,49.35060228217962,4.794537184071822,0.0,6.4208216229260096,0.0,0.0,60.36,12.073271675700152,9.901064578912528,0.0,6.4208216229260096,11.027787263607198,0.0,0.0,0.0,21.143015948031568,0.0,5.106527394840706,0.5500462962962963,0.0,10.01751133786848,19.136261337868483,0.0,-1.2028240740740739,-1.0877777777777784,0.4245833333333333,5.662199546485261,0.8571428571428571,1,0,0,0,0,3,4,4,0,0,0,0,-1.8064999999999984,1,1,1,0,0,0,0,0,1,0,0,0,1,0,0,0,1,0,0,0,0,0,0,0,0,0,0,0,0,0,0,0,0,0,0,0,0,0,0,0,0,0,0,0,0,0,0,0,0,0,0,0,0,1,0,0,0,0,0,0,0,0,0,6,3.090909090909091,0,0,0.0,170.0,4,0.18181818181818182,0.2323232323232323,0.2323232323232323,0.2612864034622181,0.2323232323232323,0.33634734511949865,0.2738037053464431,0.2738037053464431,0.027880833959362285,0,0,0,0,0,0,0,0.36363636363636365,0.6363636363636364,0.2727272727272727,0.09090909090909091,0.0,0.9,0.1,0,1,0,0,0,0,0,0,0,0,1,0,0,0,0,0,0,1,0,0,0,0,0,0,0,0,0,0,1,0,1,0,0,1,0,0,1,0,0,1,0,0,0,0,0,0,0,0,0,0,0,0,0,0,0,0,0,0,0,0,0,0,0,1,0,0,0,0,0,0,1,0,0,0,1,1,0,0,0,0,1,0,0,0,1,0,0,0,0,0,0,0,0,0,0,0,0,1,0,1,0,0,0,0,0,0,0,0,0,0,0,0,0,0,0,0,1,0,1,0,0,0,0,0,0,1,0,0,0,0,0,0,0,0,0,0,0,0,0,0,0,0,0,0,0,0,0,0,0,0,0,0,0,0,0,0,0,0,1,0,0,0,0,0,0,0,0,0,0,0,0,0,0,0,0,0,0,1,0,0,0,0,0,0,0,0,0,0,0,0,0,0,0,0,0,0,0,0,0,0,0,0,1,0,0,0,0,0,0,0,0,0,0,1,1,0,0,1,0,0,0,1,0,1,0,0,0,0,1,0,0,0,1,0,0,0,1,0,0,0,1,0,0,1,0,0,0,0,0,0,1,1,0,0,0,0,0,0,0,0,1,0,0,0,0,0,0,1,0,1,0,0,0,0,1,0,1,1,0,0,1,1,1,1,0,1,1,1,1,1,0,0,1,0,0
11.264922052154194,0.03498488284202583,-1.3506528722600153,0.4560957521485702,13.333333333333334,219.23699999999997,1.4,2.1544188934266706,4.050539880408987,1165.540621343829,5.670840567860766,20.636370788528446,6.103966387748303,0.0,5.907179729351506,0.0,5.969305287951849,9.589074368143644,0.0,0.0,0.0,13.847474399381248,0.0,11.959746875309355,13.027703587438928,24.90865655266576,11.876485017303356,0.0,5.316788604006331,5.41499046939678,26.37226241005556,13.151638370425493,0.0,0.0,5.316788604006331,0.0,0.0,0.0,46.45167195999926,9.589074368143644,5.41499046939678,20.268296022307258,0.0,0.0,106.86,23.395441874448437,14.69560176298435,0.0,19.5724599933515,0.0,0.0,13.847474399381248,0.0,0.0,5.316788604006331,10.213054789681411,0.0,0.0,21.414848789052655,28.974628146783402,-0.9371955309901736,-1.6930479707315018,-1.547067979969766,2.704501212522046,0.0,0.7777777777777778,4,0,0,0,0,4,6,6,0,0,0,0,-1.0432999999999995,1,2,2,0,0,0,0,0,1,0,0,0,0,1,0,0,0,0,0,0,0,0,0,0,0,0,0,0,0,0,0,0,0,0,0,0,0,0,0,0,0,0,0,0,0,0,0,0,0,0,0,0,0,0,0,0,0,0,0,0,0,0,0,9,3.942857142857143,0,0,0.0,414.0,4,0.1333333333333333,0.2263736263736264,0.2263736263736264,0.2374168978816597,0.2263736263736264,0.26468217079991224,0.21025293475424395,0.21025293475424395,0.023727214549009133,0,0,0,0,0,0,0,0.4,0.6,0.3333333333333333,0.06666666666666667,0.0,0.8571428571428571,0.14285714285714285,1,1,0,0,0,1,0,1,1,0,1,0,0,0,0,0,0,0,0,0,0,0,0,0,0,0,0,1,1,0,0,0,0,1,0,0,0,0,0,1,0,0,0,0,1,0,0,1,0,0,0,0,0,0,0,0,0,0,0,0,0,1,0,0,0,0,0,0,0,1,0,0,0,1,0,0,0,0,0,0,1,0,0,0,0,0,0,0,0,0,0,0,0,0,1,0,0,0,0,1,0,0,1,0,0,0,0,1,0,0,0,0,0,0,1,1,0,0,0,0,0,0,1,0,0,1,0,0,0,0,0,0,0,0,0,0,0,0,0,0,0,0,0,0,0,0,0,0,0,0,0,0,0,0,0,0,0,0,0,0,0,0,0,0,0,0,0,0,0,0,0,0,0,0,0,0,0,0,0,0,0,1,1,0,0,0,0,0,0,0,0,0,0,0,1,0,0,0,0,0,1,0,1,0,0,0,0,0,0,0,1,0,0,0,0,0,0,1,1,1,1,0,0,1,0,1,0,0,1,0,0,0,1,0,0,0,0,1,1,1,1,0,0,1,0,1,1,0,0,0,0,1,0,0,0,0,0,0,0,1,1,0,0,0,1,0,1,1,1,0,0,0,0,0,1,1,0,1,0,1,1,1,1,1,1,1,1,1,1,1,0,0,1,0,0
10.717127267573696,0.03937500000000016,-5.302083333333334,0.32829033524227796,17.857142857142858,249.096,1.0714285714285714,1.951667403471731,5.0834598703953215,484.0135160609893,4.384126812949213,30.413841283012793,0.0,0.0,0.0,5.083227620067512,15.19152465357577,9.130096569862658,0.0,0.0,0.0,0.0,12.965578028838586,6.4208216229260096,0.0,33.810270375713266,15.19152465357577,0.0,0.0,5.733667477162185,17.92487086591953,6.544756405912575,0.0,0.0,5.733667477162185,0.0,0.0,15.19152465357577,36.3081578318307,9.130096569862658,0.0,12.841643245852019,0.0,0.0,161.30999999999997,26.69557389656929,14.236623964703364,0.0,12.965578028838586,0.0,0.0,0.0,0.0,0.0,0.0,25.307313888172086,21.434254535147392,0.0,34.50798752834467,5.913557098765432,5.005227072310405,0.0,-0.8563734567901231,-0.03937500000000016,-10.604166666666668,1.0,7,0,0,0,0,4,10,5,0,0,0,0,-1.2731999999999999,0,1,0,0,0,0,0,0,0,0,0,0,0,0,1,0,0,0,0,0,0,0,0,0,0,0,0,0,0,0,0,0,0,0,0,0,0,0,0,0,0,0,0,0,0,0,0,0,0,0,0,0,0,0,0,0,0,0,0,0,0,0,0,6,3.087912087912088,0,0,0.0,281.0,4,0.14285714285714285,0.17399267399267399,0.17399267399267399,0.2355883808090179,0.17399267399267399,0.3396516832666535,0.22697778733061114,0.22697778733061114,0.0309264617542668,0,0,0,0,0,0,0,0.7142857142857143,0.2857142857142857,0.5,0.07142857142857142,0.0,0.8461538461538461,0.15384615384615385,0,0,0,0,0,0,0,0,0,0,1,0,0,0,0,0,0,0,0,1,0,0,1,0,0,0,0,0,1,0,0,0,1,0,0,0,0,0,0,1,0,0,0,0,0,0,1,0,1,0,0,0,0,0,0,0,0,0,0,0,0,0,0,0,1,0,0,0,0,0,0,0,0,0,0,0,0,0,0,0,1,0,0,0,0,1,0,0,0,0,0,0,1,0,0,0,0,0,0,0,0,0,1,0,0,0,1,0,0,1,0,0,0,0,1,0,1,0,0,1,0,1,0,0,0,0,0,0,0,0,0,0,0,0,0,0,0,0,0,0,0,0,0,0,0,0,0,0,0,0,0,0,0,0,0,0,0,1,0,0,0,0,0,0,0,0,0,0,0,0,0,1,0,0,0,0,1,0,0,0,0,1,1,0,0,0,0,0,0,0,0,0,0,0,0,0,0,1,0,0,1,0,0,0,0,0,0,0,0,0,1,0,1,0,0,0,0,1,1,1,0,0,0,0,0,0,0,0,1,0,1,0,1,0,1,0,0,0,0,1,1,0,0,0,0,0,1,0,0,0,0,0,1,0,0,0,0,0,1,1,1,0,0,0,1,0,0,1,1,0,0,0,0,0,1,1,1,0,0,1,0,1,0,1,0,1,1,1,0,1,0,0,1,0,0
11.993633047127332,0.0,-1.4159615711513995,0.10360383786645375,10.805555555555555,661.7670000000004,0.5833333333333334,2.7414505334041452,0.0,15234953.39126552,22.655250870103142,49.81049685235034,0.0,0.0,11.814359458703011,0.0,39.94037928675891,24.288803560695076,0.0,0.0,0.0,0.0,0.0,73.12240273576825,44.21119260470653,88.70637329924023,29.72227532255856,0.0,25.333306400564094,0.0,0.0,99.42567947661924,0.0,0.0,25.95315939253478,0.0,0.0,0.0,143.84768399172924,33.4464118279592,39.94037928675891,0.0,0.0,0.0,206.77,49.356544540296284,39.292268104881224,0.0,105.51219446308534,0.0,0.0,28.9193242751065,0.0,0.0,10.633577208012662,9.473725907600098,9.64079683774402,0.0,61.16806301710731,38.37115524941114,0.0,-5.136312219459766,0.0,-1.1317917747971173,2.9214222233277427,0.75,2,0,0,0,0,13,16,22,0,0,0,0,-7.332700000000015,3,0,0,0,0,0,0,0,3,0,0,0,3,2,0,0,0,0,0,0,0,0,0,0,0,0,0,0,0,0,2,0,0,0,0,0,0,0,0,0,0,2,0,0,0,0,0,0,0,0,0,0,0,0,0,0,0,0,0,0,0,2,0,0,0.0,0,0,0.0,inf,3,0.053968253968253964,0.18025210084033613,0.18025210084033613,0.1798861908426493,0.18025210084033613,0.0,0.13733699865506155,0.13733699865506155,0.012467932494714612,0,0,0,0,0,0,0,0.4444444444444444,0.5555555555555556,0.2777777777777778,0.1388888888888889,0.0,0.8529411764705882,0.14705882352941177,1,1,1,1,0,0,0,0,0,0,1,0,1,1,0,0,0,1,0,0,0,0,0,0,0,0,0,1,0,0,0,1,0,1,0,0,0,0,1,1,0,1,0,0,0,0,0,0,0,0,0,0,0,0,0,1,0,0,0,0,0,0,0,0,0,0,0,0,0,1,0,0,0,1,1,1,0,0,0,0,1,0,0,0,0,1,0,0,0,0,1,0,0,0,0,0,0,0,0,0,0,0,1,1,0,0,0,0,0,1,0,0,0,1,0,0,0,0,0,0,0,0,0,1,0,1,1,0,0,0,0,0,0,0,1,0,0,0,0,0,0,0,0,0,0,0,0,0,0,0,0,0,0,0,0,0,0,0,0,0,0,0,0,0,0,0,0,0,0,0,0,0,1,0,0,0,0,1,0,0,0,0,0,0,0,0,0,0,0,0,0,0,0,0,0,0,0,0,0,0,0,0,0,0,0,0,0,1,0,0,1,0,0,1,1,0,0,0,0,1,1,1,0,1,0,0,0,0,1,0,0,0,1,0,0,0,0,1,1,1,0,0,0,1,1,1,1,0,0,0,1,1,0,0,1,0,1,1,0,1,1,0,0,0,1,0,1,0,1,0,1,0,0,0,1,1,1,1,0,1,0,1,1,1,1,1,1,1,1,1,0,0,1,0,1
10.329741039934493,0.4254456412194507,-3.869314010840962,0.3446247204426618,11.916666666666666,214.22699999999998,1.4166666666666667,1.9426157775298116,3.0623984211130764,304.9906770721804,6.884882140897875,20.837279286673468,0.0,0.0,0.0,0.0,6.797627491547048,0.0,4.565048284931329,0.0,0.0,0.0,30.89205923086432,12.297610012659364,0.0,14.351871490436281,18.17935228766021,0.0,5.316788604006331,5.733667477162185,6.4208216229260096,25.387122824484514,0.0,0.0,11.050456081168516,0.0,0.0,18.17935228766021,35.173946029989466,4.565048284931329,0.0,6.4208216229260096,0.0,0.0,95.58,6.797627491547048,4.565048284931329,0.0,0.0,30.224091214685096,12.965578028838586,0.0,0.0,0.0,5.316788604006331,15.520490682667134,10.329741039934493,0.6645226284958425,16.893279950869236,3.0147222222222223,5.242784382786036,0.4254456412194507,0.8894616874527589,-1.8210686640911509,0.0,1.0,5,0,0,0,0,4,7,7,0,0,0,0,-0.2492999999999997,0,0,0,0,0,0,0,0,0,0,0,0,0,1,1,0,0,0,0,0,0,0,0,0,0,0,0,0,0,0,0,0,0,0,0,0,0,0,0,0,0,0,0,0,0,0,0,0,0,0,0,0,0,0,0,0,0,0,0,0,0,4,0,9,3.9545454545454546,0,0,0.0,261.0,4,0.16666666666666666,0.29545454545454547,0.29545454545454547,0.23047740607431305,0.29545454545454547,0.2632837363295584,0.23521163275031784,0.23521163275031784,0.020659783914781255,0,0,0,0,0,0,0,0.5833333333333334,0.4166666666666667,0.25,0.16666666666666666,0.08333333333333333,0.9090909090909091,0.09090909090909091,1,0,0,1,0,0,0,0,0,1,1,0,0,0,0,1,0,0,0,1,0,0,0,0,0,0,0,1,0,0,1,0,0,0,0,0,0,0,0,1,0,0,1,0,0,0,1,0,1,0,0,0,0,0,0,1,0,0,0,0,0,0,0,0,1,0,0,0,0,1,0,0,0,0,0,0,0,0,0,0,1,0,0,0,0,1,0,0,0,0,0,0,0,0,0,0,0,0,0,0,0,0,1,0,1,0,0,0,1,1,0,0,0,0,0,0,1,0,0,1,0,0,0,0,0,0,1,0,0,0,0,0,0,0,0,0,0,0,0,0,0,0,0,0,0,0,0,0,0,0,0,0,0,0,0,0,0,1,0,0,0,0,0,0,0,0,0,0,0,0,0,1,0,0,0,0,1,0,0,0,0,1,0,0,0,0,0,0,0,0,0,0,0,0,0,1,0,1,0,0,0,0,0,0,0,0,0,0,1,1,1,0,1,0,1,0,1,0,1,1,0,0,0,0,0,0,0,0,1,0,1,0,1,0,1,0,0,0,0,1,1,0,0,0,0,0,1,0,0,0,0,0,1,0,0,0,1,1,1,1,0,0,0,0,0,0,1,1,0,0,1,0,0,0,1,1,1,0,0,1,0,1,0,1,0,0,1,1,0,1,0,0,1,0,0
10.586458333333333,0.45166666666666644,-5.313348765432099,0.3151248095305007,18.307692307692307,235.069,1.0769230769230769,1.824142155395243,5.2174153304994375,277.26960762007695,3.762656887002616,30.413841283012793,0.0,0.0,0.0,5.083227620067512,15.19152465357577,9.130096569862658,0.0,0.0,0.0,0.0,6.544756405912575,6.4208216229260096,0.0,33.810270375713266,15.19152465357577,0.0,0.0,5.733667477162185,11.50404924299352,6.544756405912575,0.0,0.0,5.733667477162185,0.0,0.0,15.19152465357577,36.3081578318307,9.130096569862658,0.0,6.4208216229260096,0.0,0.0,161.30999999999997,33.240330302481865,9.130096569862658,0.0,0.0,0.0,0.0,0.0,0.0,0.0,0.0,30.413841283012793,21.172916666666666,0.0,34.066944444444445,5.7117515432098775,4.861319444444445,0.0,-0.8734567901234569,-0.45166666666666644,-10.626697530864199,1.0,7,0,0,0,0,4,10,4,0,0,0,0,-1.6633000000000002,0,1,0,0,0,0,0,0,0,0,0,0,0,0,1,0,0,0,0,0,0,0,0,0,0,0,0,0,0,0,0,0,0,0,0,0,0,0,0,0,0,0,0,0,0,0,0,0,0,0,0,0,0,0,0,0,0,0,0,0,0,0,0,5,2.8205128205128207,0,0,0.0,220.0,4,0.1538461538461538,0.1655011655011655,0.1655011655011655,0.24398257435815712,0.1655011655011655,0.37064209179593804,0.2413770182441431,0.2413770182441431,0.033274780946580526,0,0,0,0,0,0,0,0.7692307692307693,0.23076923076923078,0.5384615384615384,0.07692307692307693,0.0,0.8333333333333334,0.16666666666666666,1,0,0,0,0,0,0,0,0,0,1,0,0,0,0,0,0,0,0,1,0,0,0,0,0,0,0,0,1,0,0,0,1,0,0,0,0,0,0,1,0,0,0,0,0,0,1,0,1,0,0,0,0,0,0,0,0,0,0,0,0,0,0,0,1,0,0,0,0,0,0,0,0,0,0,0,0,0,0,0,1,0,0,0,0,1,0,0,0,0,0,0,1,0,0,0,0,0,0,0,0,0,1,0,0,0,1,0,0,1,0,0,0,0,1,0,1,0,0,0,0,1,0,0,0,0,0,0,0,0,0,0,0,0,0,0,0,0,0,0,0,0,0,0,0,0,0,0,0,0,0,0,0,0,0,0,0,1,0,0,0,0,0,0,0,0,0,0,0,0,0,1,0,0,0,0,1,0,0,0,0,1,1,0,0,0,0,0,0,0,0,0,0,0,0,0,0,1,0,0,1,0,0,0,0,0,0,0,0,0,1,0,1,0,0,0,0,1,1,1,0,0,0,0,0,1,0,0,1,0,1,0,1,0,1,0,0,0,0,1,1,0,0,0,0,0,1,0,0,0,0,0,1,0,0,0,0,0,1,1,1,0,0,0,1,0,0,1,1,0,0,0,0,0,1,1,1,0,0,1,0,1,0,1,0,1,1,1,0,1,0,0,1,0,0
11.269551681783824,0.00023006424792137992,-1.2303769841269847,0.412780402657381,13.785714285714286,205.25399999999996,1.4285714285714286,2.1651429937208544,3.9888789246223633,848.7360535385749,5.951455171188357,20.636370788528446,6.103966387748303,0.0,5.907179729351506,0.0,0.0,4.794537184071822,0.0,0.0,0.0,13.847474399381248,6.4208216229260096,18.566628839822272,6.606881964512918,20.11411936859394,5.907179729351506,0.0,5.316788604006331,5.41499046939678,26.37226241005556,19.75852033493841,0.0,0.0,5.316788604006331,0.0,0.0,0.0,47.08924863656033,4.794537184071822,5.41499046939678,20.268296022307258,0.0,0.0,89.79,17.426136586496586,9.901064578912528,0.0,13.213763929025836,12.965578028838586,0.0,0.0,13.847474399381248,0.0,5.316788604006331,10.213054789681411,0.0,0.0,11.269551681783824,29.34890656494079,-0.8439504204459563,-0.5162037037037035,-0.7740143140589575,3.2657101914840005,0.0,0.8888888888888888,4,0,0,0,0,4,5,6,0,0,0,0,-1.1355999999999997,0,3,3,0,0,0,0,0,0,0,0,0,0,1,0,0,0,0,0,0,0,0,0,0,0,0,0,0,0,0,0,0,0,0,0,0,0,0,0,0,0,0,0,0,0,0,0,0,0,0,0,0,0,0,0,0,0,0,0,0,0,1,0,9,3.7142857142857144,0,0,0.0,338.0,4,0.14285714285714285,0.2261904761904762,0.2261904761904762,0.2351340941645675,0.2261904761904762,0.2823172457470099,0.2210676049674138,0.2210676049674138,0.024050822830456245,0,0,0,0,0,0,0,0.35714285714285715,0.6428571428571429,0.2857142857142857,0.07142857142857142,0.0,0.9230769230769231,0.07692307692307693,1,1,0,0,0,0,0,0,1,0,1,0,0,0,0,0,0,0,0,0,0,0,0,0,0,0,0,1,0,0,0,0,0,1,0,0,0,0,0,1,0,0,0,0,1,0,0,1,0,0,0,0,0,0,0,0,0,0,0,0,0,1,1,0,0,0,0,0,0,1,0,0,0,0,0,0,0,0,0,0,1,0,0,0,1,0,0,0,0,1,0,0,0,0,1,0,0,0,0,1,0,0,1,0,0,0,1,0,0,0,0,0,0,0,1,1,0,0,0,1,0,0,1,0,0,1,0,0,0,0,0,0,0,0,0,0,0,0,0,0,0,0,0,0,0,0,0,0,0,0,0,0,0,0,0,0,0,0,0,0,0,0,0,0,0,0,0,0,0,0,0,0,0,0,0,0,0,0,0,0,0,1,1,0,0,0,0,0,0,0,0,0,0,0,1,0,0,0,0,0,1,0,1,0,0,0,0,0,0,0,1,0,0,0,0,0,0,1,1,1,1,0,0,1,0,1,0,0,1,0,0,0,1,0,0,0,0,1,1,1,1,0,0,1,0,1,1,0,0,0,0,0,0,0,0,0,0,0,0,1,1,0,0,0,0,0,1,1,1,0,0,0,0,0,1,1,0,1,0,1,1,1,1,1,1,1,1,1,1,1,0,0,1,0,0
6.091458333333334,1.4334490740740737,-1.8506944444444449,0.6967679858322218,14.76923076923077,236.53599999999997,0.5384615384615384,1.4340528716182683,4.252851184729936,164.91608023610087,3.9771976552061865,8.230294196876905,0.0,16.634786505399077,0.0,0.0,8.56091420486596,0.0,0.0,0.0,0.0,0.0,52.37609082944869,0.0,0.0,8.230294196876905,25.195700710265037,0.0,0.0,0.0,52.37609082944869,0.0,0.0,0.0,0.0,0.0,0.0,0.0,25.195700710265037,8.230294196876905,0.0,0.0,52.37609082944869,0.0,18.46,25.195700710265037,0.0,0.0,0.0,0.0,0.0,0.0,0.0,0.0,52.37609082944869,8.230294196876905,12.182916666666667,0.0,0.0,0.0,0.0,0.0,0.0,17.61800925925926,-4.717592592592593,1.0,0,0,0,0,0,2,5,4,0,0,0,0,3.391200000000002,0,0,0,0,0,0,0,0,0,0,0,0,0,0,0,0,0,0,0,0,0,0,0,0,0,0,0,0,0,0,0,0,0,0,0,0,0,0,0,0,0,0,0,0,0,0,0,0,0,0,0,0,0,0,0,0,0,0,0,0,0,0,0,6,3.1794871794871793,0,0,0.0,248.0,4,0.15384615384615383,0.19813519813519814,0.19813519813519814,0.25702405871954376,0.19813519813519814,0.3264350515403722,0.25247778424910533,0.25247778424910533,0.03035787464656551,0,0,0,0,0,0,0,0.38461538461538464,0.6153846153846154,0.15384615384615385,0.0,0.0,1.0,0.0,0,0,0,0,0,0,0,0,0,0,0,0,0,0,0,0,1,0,0,0,0,0,0,0,0,0,0,0,0,0,0,0,0,1,0,0,0,0,0,0,0,0,0,0,0,0,0,0,0,0,0,0,0,0,0,1,0,0,0,0,0,0,0,0,0,0,0,0,0,0,0,0,0,0,0,0,0,0,0,0,1,0,0,0,1,0,0,0,1,0,0,0,0,0,0,0,0,0,0,0,0,0,0,0,0,0,0,0,0,0,0,0,0,0,0,0,0,0,0,0,0,0,1,0,1,0,0,0,0,0,0,0,0,0,0,0,0,0,0,0,0,0,0,0,0,0,0,0,1,0,0,0,0,0,0,0,0,0,1,0,0,0,0,0,0,0,0,0,0,0,0,0,0,0,0,0,0,0,0,0,0,0,0,0,0,0,0,0,0,0,0,0,0,0,0,0,0,0,0,0,0,0,1,0,0,0,0,0,0,0,0,0,0,0,1,0,0,0,0,0,0,1,0,0,0,0,0,0,0,0,1,0,0,0,0,0,0,0,0,0,1,0,0,0,0,0,0,0,0,0,0,0,1,0,1,0,0,0,1,0,0,0,0,0,0,0,0,0,0,1,0,0,0,0,0,0,1,1,0,0,0,0,0,0,0,0,0,1,1,0,0,0,1,0,0
0.0,0.0,0.0,0.31388569328273136,0.0,53.492000000000004,1.0,0.0,0.0,0.0,1.2500000000000002,18.557579511498012,0.0,0.0,0.0,0.0,0.0,0.0,0.0,0.0,0.0,0.0,0.0,0.0,0.0,12.407033161179976,0.0,0.0,6.150546350318038,0.0,0.0,0.0,0.0,0.0,18.557579511498012,0.0,0.0,0.0,0.0,0.0,0.0,0.0,0.0,0.0,36.5,0.0,0.0,0.0,18.557579511498012,0.0,0.0,0.0,0.0,0.0,0.0,0.0,0.0,0.0,0.0,0.0,0.0,0.0,0.0,0.0,0.0,0.0,4,0,0,0,0,0,2,0,0,0,0,0,-2.6198,0,0,0,0,0,0,0,0,0,0,0,0,0,0,0,0,0,0,0,0,0,0,0,0,0,0,0,0,0,0,0,0,0,0,0,0,0,0,0,0,0,0,0,0,0,0,0,0,0,0,0,0,0,1,0,0,0,0,0,0,0,0,0,0,0.0,0,0,0.0,inf,0,0.0,0.0,0.0,0.0,0.0,0.0,0.7071067811865476,0.7071067811865476,0.0,0,0,0,0,0,0,0,1.0,0.0,0.0,0.5,0.0,0.0,0.0,0,0,0,0,0,0,0,0,0,0,0,0,0,0,0,0,0,1,0,0,0,0,0,0,0,0,0,0,0,0,0,0,0,0,0,0,0,0,0,0,0,0,0,0,0,0,0,0,0,0,0,0,0,0,0,0,0,0,0,0,0,0,0,0,0,0,0,0,0,0,0,0,0,0,1,0,0,0,0,0,0,0,0,0,0,0,0,0,0,0,0,0,0,0,0,0,0,0,0,0,0,0,0,0,0,0,0,0,0,0,0,0,0,0,0,0,0,0,0,0,0,0,0,0,0,0,0,0,0,0,0,0,0,0,0,0,0,0,0,0,0,0,0,0,0,0,0,0,0,0,0,0,0,0,0,0,0,0,0,0,0,0,0,0,0,0,0,0,0,0,0,0,0,0,0,0,0,1,0,0,0,0,0,0,0,0,0,0,0,0,0,0,0,0,0,0,0,0,0,0,0,0,0,0,0,0,0,0,0,0,0,0,0,0,0,0,0,0,0,0,0,0,0,0,0,0,0,0,0,0,0,1,0,0,0,0,0,0,0,0,0,0,0,0,0,0,0,0,0,0,0,0,0,0,0,0,0,0,0,0,0,0,1,0,0,0,0,0,0,0,0,0,0,0,0,0,0,0,0,1,0,0,0,0,0,0,0,0,0,1,0,0,0,0,1
10.288622448979591,0.1180555555555558,-0.7028240740740739,0.6000594654010832,14.181818181818182,161.22499999999997,1.5454545454545454,1.5345243669755788,3.6942591252386228,108.9512300552661,3.5717551785978525,14.953561288656857,12.648722793660877,0.0,0.0,0.0,6.093240070938415,0.0,4.794537184071822,0.0,0.0,0.0,6.923737199690624,0.0,21.143015948031568,14.014430995566496,6.093240070938415,0.0,0.0,5.733667477162185,13.027703587438927,27.687772353944144,0.0,0.0,5.733667477162185,4.794537184071822,0.0,0.0,44.368009670325485,4.736862953800049,0.0,6.923737199690624,0.0,0.0,52.32,6.093240070938415,4.794537184071822,0.0,6.103966387748303,0.0,11.027787263607198,0.0,0.0,28.066753147722196,0.0,10.470530430962235,5.507824074074074,0.0,10.288622448979591,0.0,4.844115646258503,0.0,-0.8208796296296297,2.5944444444444446,6.085873015873016,0.8571428571428571,2,0,0,0,0,2,4,3,0,0,0,0,0.1764,0,0,0,0,0,0,0,0,0,0,0,0,1,0,1,0,1,0,0,0,0,0,0,0,0,0,0,0,0,0,1,0,0,0,0,0,0,0,0,0,0,0,0,0,0,0,0,0,0,0,0,1,0,1,0,0,0,0,0,0,0,0,0,6,3.090909090909091,0,0,0.0,170.0,4,0.18181818181818182,0.23232323232323235,0.23232323232323235,0.26128640346221804,0.23232323232323235,0.33634734511949865,0.2738037053464431,0.2738037053464431,0.027880833959362285,0,0,0,0,0,0,0,0.36363636363636365,0.6363636363636364,0.18181818181818182,0.18181818181818182,0.0,0.9,0.1,0,1,0,0,0,0,0,0,0,1,1,0,1,1,0,0,0,0,0,1,0,0,0,0,0,0,0,1,0,0,1,0,1,1,0,0,0,0,0,1,0,0,0,0,0,0,0,0,0,0,0,0,0,1,0,1,0,0,0,0,0,0,0,1,0,0,0,1,0,1,1,0,0,0,0,0,0,0,0,0,1,0,0,0,1,0,0,0,0,0,0,0,0,0,0,0,0,0,0,0,0,0,0,1,0,0,0,0,0,0,0,0,0,0,0,0,1,0,0,0,0,0,0,0,0,1,0,0,0,0,0,0,0,0,0,0,0,0,0,0,0,0,0,0,0,0,0,0,0,0,0,1,0,0,0,0,0,0,1,0,0,0,0,0,0,0,0,0,0,0,0,0,0,0,0,0,0,1,0,0,0,0,0,0,0,0,0,0,0,0,0,0,0,0,0,0,0,0,0,0,0,0,1,0,0,0,0,0,0,0,0,0,1,1,1,0,0,0,0,1,0,1,0,1,0,0,0,0,1,0,0,0,0,0,1,0,0,0,1,0,1,0,0,1,0,1,0,0,0,0,1,1,0,0,1,0,0,0,0,0,1,0,0,0,0,0,0,0,0,1,1,0,0,0,0,0,1,1,0,1,1,1,1,1,1,1,1,1,1,1,0,0,1,0,0
0.0,0.0,0.0,0.24216103359745625,0.0,6.941,1.0,0.0,0.0,0.0,0.2713156408808583,0.0,0.0,0.0,0.0,0.0,18.860603211274622,0.0,0.0,0.0,0.0,0.0,0.0,0.0,0.0,18.860603211274622,0.0,0.0,0.0,0.0,0.0,0.0,0.0,0.0,18.860603211274622,0.0,0.0,0.0,0.0,0.0,0.0,0.0,0.0,0.0,0.0,0.0,0.0,0.0,18.860603211274622,0.0,0.0,0.0,0.0,0.0,0.0,0.0,0.0,0.0,0.0,0.0,0.0,0.0,0.0,0.0,0.0,0.0,0,0,0,0,0,0,1,0,0,0,0,0,-2.996,0,0,0,0,0,0,0,0,0,0,0,0,0,0,0,0,0,0,0,0,0,0,0,0,0,0,0,0,0,0,0,0,0,0,0,0,0,0,0,0,0,0,0,0,0,0,0,0,0,0,0,0,0,0,0,0,0,0,0,0,0,0,0,0,0.0,0,0,0.0,0.0,0,1.0,0.0,0.0,0.0,0.0,0.0,1.0,1.0,0.0,0,0,0,0,0,0,0,1.0,0.0,0.0,0.0,0.0,0.0,0.0,0,0,0,0,0,0,0,0,0,0,0,0,0,0,0,0,0,0,0,0,0,0,0,0,0,0,0,0,0,0,0,0,0,0,0,0,0,0,0,0,0,0,0,0,0,0,0,0,0,0,0,0,0,0,0,0,0,0,0,0,0,0,0,0,0,0,0,0,1,0,0,0,0,0,0,0,0,0,0,0,0,0,0,0,0,0,0,0,0,0,0,0,0,0,0,0,0,0,0,0,0,0,0,0,0,0,0,0,0,0,0,0,0,0,0,0,0,0,0,0,0,0,0,0,0,0,0,0,0,0,0,0,0,0,0,0,0,0,0,0,0,0,0,0,0,0,0,0,0,0,0,0,0,0,0,0,0,0,0,0,0,0,0,1,0,0,0,0,0,0,0,0,1,0,0,0,0,1,0,0,0,0,0,0,0,0,0,0,0,0,0,0,0,0,0,0,0,0,0,0,0,0,0,0,0,0,0,0,0,0,0,0,0,0,0,0,0,0,0,0,0,0,0,0,0,0,0,0,0,0,0,0,0,0,0,0,0,0,0,0,0,0,0,0,0,0,0,0,0,0,0,0,0,0,0,0,0,0,0,0,0,0,0,0,0,0,0,0,0,0,0,0,0,0,0,0,0,0,0,0,0,0,0,0,0,0,0,0,0,0,0,0,0,0,0
10.473840834173174,0.047574640967498194,-3.3987781872008065,0.453312740145793,13.0,246.30599999999998,0.7857142857142857,1.9177908590097643,3.4084654000021937,531.2280679457048,5.640369803534786,0.0,0.0,0.0,0.0,20.236253718067108,0.0,8.366170865299415,0.0,16.835593968657875,0.0,0.0,12.841643245852019,0.0,25.725302296048646,25.20176483395729,20.236253718067108,0.0,0.0,0.0,12.841643245852019,25.725302296048646,0.0,0.0,0.0,0.0,0.0,0.0,42.560896264706514,28.60242458336652,0.0,12.841643245852019,0.0,0.0,86.74000000000001,20.236253718067108,16.835593968657875,0.0,13.213763929025836,12.841643245852019,12.511538367022808,0.0,0.0,0.0,8.366170865299415,0.0,50.75281940245233,0.0,0.0,0.0,0.0,0.0,2.7829210233476105,0.09514928193499639,-6.797556374401611,1.0,0,0,0,0,0,6,8,7,0,0,0,0,-0.2809999999999997,0,0,0,0,0,0,0,0,0,0,0,0,0,0,0,0,0,0,0,0,0,0,0,0,0,0,0,0,0,0,0,0,0,0,0,0,0,0,0,0,0,0,0,0,0,0,0,0,0,0,0,0,0,0,0,0,0,0,0,0,0,3,0,9,4.318681318681318,0,0,0.0,393.0,4,0.14285714285714285,0.2765567765567765,0.2765567765567765,0.24188308464895755,0.2765567765567765,0.23928196876223704,0.25556538192031764,0.25556538192031764,0.023035627141176233,0,0,0,0,0,0,0,0.5714285714285714,0.42857142857142855,0.42857142857142855,0.0,0.14285714285714285,0.6923076923076923,0.3076923076923077,0,0,0,0,0,0,0,0,0,0,1,0,0,1,1,0,0,0,0,0,0,0,0,0,0,0,0,0,0,0,0,0,0,1,0,0,0,0,0,0,0,0,0,0,0,0,0,0,0,0,0,0,1,0,0,1,0,0,0,0,0,0,0,0,0,0,1,0,1,0,0,0,0,0,0,0,0,0,0,0,1,0,0,0,0,0,0,0,0,0,0,1,0,0,1,0,1,1,0,0,0,0,0,0,0,0,0,0,0,0,0,0,0,0,0,0,0,0,0,1,0,0,0,1,0,0,0,0,0,0,0,0,0,0,0,0,0,0,0,0,0,0,0,0,0,0,0,0,0,0,0,0,0,0,0,0,0,0,0,0,0,0,0,0,0,0,0,1,1,0,0,0,0,0,0,0,1,0,0,1,0,0,0,1,0,0,1,0,1,1,0,0,0,0,0,1,0,0,0,0,0,1,0,0,0,0,0,0,0,0,0,0,0,0,0,0,1,0,0,0,0,1,0,0,0,0,0,0,0,0,1,0,0,0,1,0,1,1,0,0,1,0,0,0,1,0,1,0,0,0,0,0,1,0,1,0,0,1,1,0,1,0,0,0,1,0,1,0,1,0,0,0,0,0,1,1,1,1,0,0,0,1,0,1,0,1,0,1,1,0,0,0,1,0,0
11.376752173091457,0.02481560216679224,-0.8157777725287649,0.7323095649562918,13.833333333333334,260.334,1.2777777777777777,2.2352967381516975,4.239056776558339,4656.1231055699855,7.787157326668746,20.524181988768614,13.213763929025836,0.0,0.0,0.0,12.18648014187683,0.0,9.589074368143644,0.0,0.0,20.268296022307258,20.268296022307258,11.45683129854474,0.0,19.06280027574374,12.18648014187683,0.0,5.316788604006331,11.148657946558965,46.578432873762466,13.213763929025836,0.0,0.0,11.050456081168516,9.589074368143644,0.0,0.0,31.442084900050627,9.473725907600098,5.41499046939678,40.53659204461451,0.0,0.0,90.65,17.60147061127361,9.589074368143644,0.0,19.255604758173796,0.0,12.841643245852019,0.0,0.0,27.694948798762496,5.316788604006331,15.207393384762284,9.92078443877551,0.0,21.990500826133943,2.6287037037037035,4.5317256516931845,0.0,0.3875915427899548,7.932544901403578,0.0,0.8333333333333334,3,0,0,0,0,4,6,7,0,0,0,0,2.0227,0,0,0,0,0,0,0,0,0,0,0,0,0,1,1,0,0,0,0,0,1,0,0,0,0,0,0,0,0,0,2,0,0,0,0,0,0,0,0,0,0,0,0,0,0,0,0,0,0,0,0,1,0,0,0,0,0,0,0,0,0,0,0,10,4.522875816993464,0,0,0.0,692.0,4,0.1111111111111111,0.2201797385620915,0.2201797385620915,0.21609631564739637,0.2201797385620915,0.2315874960184103,0.19393201761100304,0.19393201761100304,0.019409818476612065,0,0,0,0,0,0,0,0.3333333333333333,0.6666666666666666,0.2222222222222222,0.1111111111111111,0.0,0.8823529411764706,0.11764705882352941,1,1,0,0,1,0,0,0,1,1,1,0,1,1,0,0,0,0,0,1,1,0,0,0,0,1,1,1,1,0,0,0,0,1,0,0,0,0,1,1,0,0,0,0,0,0,0,0,0,0,0,1,0,0,0,1,0,0,0,0,0,0,0,0,0,0,0,0,0,0,0,0,0,0,0,0,0,0,0,0,1,0,0,0,0,0,0,0,0,0,0,0,0,0,1,0,0,0,0,0,0,1,0,1,0,0,0,0,0,0,0,1,0,0,1,0,0,1,0,0,0,0,0,0,1,1,0,0,0,0,0,0,0,0,0,0,0,0,0,0,0,0,0,0,0,0,0,0,0,0,0,1,0,0,0,0,0,0,0,0,0,0,0,0,0,0,0,0,0,0,0,0,0,0,0,0,0,0,0,0,0,0,0,0,0,0,0,0,0,0,0,0,0,0,1,0,0,0,0,0,0,0,1,0,0,0,0,0,0,0,0,0,1,0,0,0,0,1,1,0,0,0,0,0,0,0,0,0,0,0,0,0,0,0,1,0,1,1,1,0,1,0,1,1,1,1,1,0,0,0,0,1,0,0,1,0,0,1,0,1,0,0,0,0,1,0,1,0,1,1,1,0,0,0,1,1,0,1,0,1,0,1,1,1,1,1,1,1,1,1,0,0,1,0,0
8.04861111111111,1.9050925925925928,-1.9722222222222219,0.4090497087455616,12.857142857142858,165.403,1.1428571428571428,1.3143204867061786,3.541196965079901,17.086166327180322,2.3749885386789593,10.213054789681411,0.0,6.290026729335213,3.792535935529771,0.0,0.0,0.0,0.0,0.0,0.0,34.802819670697545,0.0,0.0,0.0,10.213054789681411,34.802819670697545,0.0,0.0,0.0,10.082562664864984,0.0,0.0,0.0,0.0,0.0,0.0,34.802819670697545,20.295617454546395,0.0,0.0,0.0,0.0,0.0,40.46,10.082562664864984,0.0,0.0,0.0,0.0,0.0,0.0,0.0,0.0,0.0,45.01587446037896,-1.9722222222222219,14.696759259259258,0.0,16.09722222222222,0.0,0.0,-1.9050925925925928,0.0,0.0,1.0,2,0,0,0,0,2,5,0,0,0,0,0,0.6672999999999998,0,2,1,0,0,0,0,0,0,0,0,0,0,0,0,0,0,0,0,0,0,3,0,0,0,0,0,0,0,0,0,0,0,0,0,0,0,0,0,0,0,0,0,0,0,0,0,0,0,0,0,0,0,0,0,0,0,0,0,0,0,0,0,3,2.0,0,0,0.0,42.0,4,0.2857142857142857,0.19999999999999998,0.19999999999999998,0.3207134902949093,0.19999999999999998,0.522632129774987,0.35052718846126396,0.35052718846126396,0.04044757097558441,0,0,0,0,0,0,0,0.7142857142857143,0.2857142857142857,0.2857142857142857,0.0,0.0,1.0,0.0,0,1,0,0,1,0,0,0,0,0,0,0,0,0,0,0,0,0,0,1,0,0,0,0,0,0,0,0,0,0,0,0,0,0,0,1,0,0,0,1,0,0,0,0,0,0,0,1,0,0,0,0,0,0,0,0,0,0,0,0,0,0,0,0,0,0,0,0,0,0,0,0,0,0,0,0,0,0,0,0,0,0,0,0,0,0,0,0,0,0,0,0,0,1,0,0,0,0,0,1,0,0,0,0,0,0,0,0,0,0,0,0,0,0,1,0,0,0,0,0,0,0,0,0,0,0,0,0,0,0,0,0,0,0,0,0,0,0,0,0,0,0,0,0,0,0,0,0,0,0,0,0,0,0,0,0,0,0,0,0,0,0,0,0,0,0,0,0,0,0,0,1,0,0,0,0,0,0,0,0,0,0,0,0,0,0,0,0,0,0,0,0,0,0,0,0,0,0,0,0,0,0,0,0,0,0,0,0,0,0,0,0,0,0,0,0,0,0,0,0,0,0,0,0,0,0,0,0,0,0,0,1,0,0,1,1,0,0,0,0,1,0,0,0,0,0,0,0,0,0,0,1,0,0,0,0,0,0,0,1,0,0,1,0,0,0,0,1,0,0,0,0,0,0,0,0,0,0,0,0,0,0,0,0,0,1,0,1,0,0,0,0,1,0,0
0.0,0.0,0.0,0.24339242075148573,0.0,58.443,1.0,0.0,0.0,0.0,2.29,12.407033161179976,0.0,0.0,0.0,0.0,29.557286032607934,0.0,0.0,0.0,0.0,0.0,0.0,0.0,0.0,41.96431919378791,0.0,0.0,0.0,0.0,0.0,0.0,0.0,0.0,41.96431919378791,0.0,0.0,0.0,0.0,0.0,0.0,0.0,0.0,0.0,0.0,0.0,0.0,0.0,41.96431919378791,0.0,0.0,0.0,0.0,0.0,0.0,0.0,0.0,0.0,0.0,0.0,0.0,0.0,0.0,0.0,0.0,0.0,0,0,0,0,0,0,2,0,0,0,0,0,-5.992,0,0,0,0,0,0,0,0,0,0,0,0,0,0,0,0,0,0,0,0,0,0,0,0,0,0,0,0,0,0,0,0,0,0,0,0,0,0,0,0,0,0,0,0,0,0,0,0,0,0,0,0,0,0,0,0,0,0,0,0,0,0,0,0,0.0,0,0,0.0,inf,0,0.0,0.0,0.0,0.0,0.0,0.0,0.7071067811865476,0.7071067811865476,0.0,0,0,0,0,0,0,0,1.0,0.0,0.0,0.0,0.0,0.0,0.0,0,0,0,0,0,0,0,0,0,0,0,0,0,0,0,0,0,0,0,0,0,0,0,0,0,0,0,0,0,0,0,0,0,0,0,0,0,0,0,0,0,0,0,0,0,0,0,0,0,0,0,0,0,0,0,0,0,0,0,0,0,1,0,0,0,0,0,0,0,0,0,0,0,0,1,0,0,0,0,0,0,0,0,0,0,0,0,0,0,0,0,0,0,0,0,0,0,0,0,0,0,0,0,0,0,0,0,0,0,0,0,0,0,0,0,0,0,0,0,0,0,0,0,0,0,0,0,0,0,0,0,0,0,0,0,0,0,0,0,0,0,0,0,0,0,0,0,0,0,0,0,0,0,0,0,0,0,0,0,0,0,0,0,1,0,0,0,0,0,0,0,0,1,0,0,0,0,1,0,0,0,0,0,0,0,0,0,0,0,0,0,0,0,0,0,0,0,0,0,0,0,0,0,0,0,0,0,0,0,0,0,0,0,0,0,0,0,0,0,0,0,0,0,0,0,0,0,0,0,0,0,1,0,0,0,0,0,0,0,0,0,0,0,0,0,0,0,0,0,0,0,0,0,0,0,0,0,0,0,0,0,0,1,0,0,0,0,0,0,0,0,0,0,0,0,0,0,0,0,0,0,0,0,0,0,0,0,0,0,0,0,0,0,0,1
11.426372748173343,0.08368173658352229,-0.3453679295792387,0.4515871613452488,12.1,290.404,0.7,2.224299025959205,3.661659204594956,8830.467133058042,8.214749914080395,18.439787622989346,26.303276740850986,0.0,0.0,0.0,11.938610575903699,9.589074368143644,0.0,0.0,0.0,0.0,0.0,0.0,55.12767514191515,28.02886199113299,11.938610575903699,0.0,0.0,0.0,12.841643245852019,68.58930863691411,0.0,0.0,0.0,0.0,0.0,0.0,89.49398092820705,19.06280027574374,0.0,12.841643245852019,0.0,0.0,52.60000000000001,0.0,9.589074368143644,0.0,24.780253821755714,13.213763929025836,22.055574527214397,0.0,0.0,42.286031896063136,0.0,9.473725907600098,11.596481482413258,0.0,22.852745496346685,0.0,0.0,-0.6907358591584769,0.1673634731670448,2.2471657007614794,12.160313039803341,0.8571428571428571,0,0,0,0,0,4,6,9,0,0,0,0,0.2654000000000025,0,0,0,0,0,0,0,0,0,0,0,0,2,0,0,0,2,0,0,0,0,0,0,0,0,0,0,0,0,2,2,0,0,0,0,0,0,0,0,0,0,0,0,0,0,0,0,0,0,0,0,0,0,2,0,0,0,0,0,0,0,0,0,13,5.673684210526316,0,0,0.0,1078.0,4,0.09999999999999999,0.2596491228070175,0.2596491228070175,0.2234224283237062,0.2596491228070175,0.1832412953879162,0.21468553960673917,0.21468553960673917,0.018560238735787347,0,0,0,0,0,0,0,0.3,0.7,0.2,0.1,0.0,0.8947368421052632,0.10526315789473684,0,0,0,0,0,0,0,0,0,0,1,0,0,1,0,1,0,1,0,1,0,0,0,0,0,0,0,0,1,0,1,0,0,1,0,0,0,1,0,1,0,0,0,0,1,0,0,0,0,0,0,0,0,0,0,1,0,0,0,0,0,0,0,1,0,0,0,0,0,0,0,0,0,0,0,0,0,0,0,0,1,0,0,0,0,0,0,0,0,0,0,0,0,0,0,0,0,0,0,0,0,0,0,0,0,0,1,0,0,0,0,0,0,0,0,0,1,0,0,0,0,0,0,0,0,1,0,0,0,0,0,0,0,0,0,0,0,0,0,0,0,0,0,0,0,0,0,0,0,0,0,0,0,0,0,0,0,0,1,0,0,0,0,0,0,0,0,0,0,0,0,0,0,0,0,0,0,1,0,0,0,0,0,0,0,0,0,0,0,0,0,0,0,0,0,0,0,0,0,0,0,0,1,0,0,0,0,0,0,0,0,0,0,1,1,0,0,0,0,0,0,1,0,1,0,0,0,0,1,0,0,0,0,0,0,0,0,1,0,1,1,0,0,1,1,0,1,0,0,0,1,1,0,0,1,0,1,1,0,0,1,0,0,0,1,0,1,0,1,1,1,0,0,0,1,1,1,1,0,0,0,1,1,1,0,1,1,1,1,1,0,0,1,0,0
11.982260898260375,0.019079622431686927,-0.5484284749786721,0.05957996992949681,10.58974358974359,560.6930000000002,0.5641025641025641,2.9090886967846243,3.7506113991547503,131941435.66106305,23.10991870094547,16.367244685174846,0.0,0.0,29.535898646757527,0.0,0.0,39.594444994690974,15.189653174896048,0.0,0.0,6.4208216229260096,57.91132938932066,65.33080572095754,0.0,39.594444994690974,29.535898646757527,0.0,25.823230382908708,5.733667477162185,90.39441829772878,39.26853843547545,0.0,0.0,16.367244685174846,0.0,0.0,0.0,99.61584933146092,23.97268592035911,0.0,90.39441829772878,0.0,0.0,205.84,17.721539188054518,39.594444994690974,0.0,57.13191516814478,73.34885213018984,19.26246486877803,6.923737199690624,0.0,0.0,10.633577208012662,5.733667477162185,0.0,0.0,58.38062418884438,36.05658571792469,5.3931314540781,-2.051920810684872,5.835989972429801,3.2189228107412475,0.0,0.8,7,0,0,0,0,9,14,23,0,0,0,0,0.9221000000000046,0,0,0,0,0,0,0,0,0,0,0,0,3,2,1,6,0,0,0,0,0,0,0,0,0,0,0,0,0,0,0,0,0,0,0,0,0,0,0,0,0,0,0,0,0,0,0,0,0,0,0,0,0,0,0,0,0,0,0,0,0,8,0,30,10.887989203778677,0,0,0.0,8068.0,3,0.05128205128205127,0.2672429514534778,0.2672429514534778,0.20011363277410638,0.2672429514534778,0.09598178494664675,0.13211229345003458,0.13211229345003458,0.010320277358931639,0,0,0,0,0,0,0,0.358974358974359,0.6410256410256411,0.20512820512820512,0.15384615384615385,0.0,0.868421052631579,0.13157894736842105,1,0,0,0,0,1,0,0,0,0,1,0,0,0,0,0,0,0,1,1,0,0,0,0,1,0,0,1,1,0,0,1,0,1,0,0,0,0,0,1,0,1,0,0,0,0,0,0,1,0,0,0,1,1,0,0,0,0,1,0,0,0,0,0,0,0,0,0,0,1,0,0,1,0,0,0,0,0,0,0,1,0,0,0,1,1,1,0,0,0,0,0,0,0,0,1,0,0,0,0,0,0,0,0,0,0,0,1,0,1,0,0,0,1,0,1,0,1,0,1,0,1,0,0,0,1,0,0,0,0,0,0,0,0,0,0,0,0,0,0,0,1,0,0,0,0,0,0,0,0,0,0,1,0,0,0,0,0,0,0,0,0,0,0,0,0,0,0,0,0,0,0,0,0,0,0,0,0,0,0,0,0,0,0,0,0,0,0,0,0,0,0,0,0,0,0,0,1,0,1,1,0,0,0,0,0,0,0,0,0,1,0,1,0,0,0,0,0,1,1,1,0,1,0,0,0,0,0,1,0,1,0,1,0,0,0,1,0,1,1,0,0,0,0,1,1,1,0,0,0,1,0,1,0,0,0,1,1,1,1,1,0,0,0,1,0,1,1,1,0,1,0,0,0,1,1,1,0,0,1,0,1,1,1,1,0,1,1,1,1,0,0,1,0,0
10.294544595616024,0.14583333333333304,-0.7489814814814812,0.6306196110552211,13.454545454545455,159.229,1.5454545454545454,1.8393274935143755,3.6645690593675506,176.57543937738006,5.129492287873465,10.84019487200289,0.0,0.0,0.0,0.0,5.969305287951849,4.794537184071822,0.0,0.0,0.0,13.847474399381248,24.801390121161372,6.4208216229260096,0.0,9.901064578912528,5.969305287951849,0.0,0.0,17.569479569484972,26.689117645233267,6.544756405912575,0.0,0.0,5.733667477162185,0.0,0.0,0.0,17.62058908870513,4.794537184071822,11.835812092322787,26.689117645233267,0.0,0.0,63.32000000000001,5.969305287951849,4.794537184071822,0.0,12.338727669087403,12.462662452073968,6.4208216229260096,0.0,0.0,0.0,13.847474399381248,10.84019487200289,0.0,0.0,10.294544595616024,8.472339380196523,5.406018518518518,-0.07268518518518541,1.1086111111111112,4.624504913076342,0.0,0.875,3,0,0,0,0,2,3,5,0,0,0,0,1.0821,1,0,0,0,0,0,0,0,1,0,0,0,0,0,1,0,0,0,0,0,0,0,0,0,0,0,0,0,0,0,0,0,0,0,0,0,0,0,0,0,0,0,0,0,0,0,0,0,0,0,0,0,0,0,0,0,0,0,0,0,0,0,0,6,3.1272727272727274,0,0,0.0,172.0,3,0.18181818181818182,0.23636363636363636,0.23636363636363636,0.2434825385042505,0.23636363636363636,0.33447488075437254,0.2750648672488418,0.2750648672488418,0.02375618620726147,0,0,0,0,0,0,0,0.2727272727272727,0.7272727272727273,0.18181818181818182,0.09090909090909091,0.0,0.9,0.1,0,1,0,0,0,1,0,0,0,0,1,0,1,0,0,0,0,0,0,1,0,0,0,0,0,0,0,1,0,0,1,0,0,1,0,1,0,0,0,1,1,0,0,0,0,0,0,0,0,0,0,0,0,0,0,1,0,0,0,1,0,0,0,0,0,0,0,0,0,0,0,0,0,1,1,0,0,0,0,0,1,0,0,0,0,1,0,0,0,0,0,0,0,0,0,0,0,0,0,0,0,0,0,0,0,0,0,0,0,0,0,0,0,0,0,0,0,1,0,1,0,0,0,0,0,1,0,0,0,0,0,0,0,0,0,0,0,0,0,0,0,0,0,0,0,0,0,0,0,0,0,0,0,0,0,0,0,0,0,0,0,0,0,0,0,0,0,0,0,0,0,0,0,0,0,0,0,0,0,0,0,0,0,0,0,0,0,0,0,0,0,0,0,0,0,0,0,0,0,0,0,0,1,0,0,0,0,0,0,0,1,0,1,0,0,0,0,0,1,1,0,0,0,0,0,0,0,0,1,0,0,0,1,0,0,0,1,0,0,0,0,0,0,1,0,0,0,0,0,0,0,1,0,0,0,0,0,0,0,1,1,0,0,0,0,0,0,1,0,0,0,0,0,0,0,0,0,1,0,1,0,1,1,1,0,1,1,1,1,1,0,0,1,0,0
8.20949074074074,0.04938271604938227,0.04938271604938227,0.4493996678556496,14.5,124.23,1.6666666666666667,1.6500224216483543,2.7541847860376616,19.800269059780252,3.836678445229682,5.106527394840706,0.0,0.0,0.0,0.0,0.0,0.0,0.0,25.257578296025983,0.0,0.0,0.0,11.002791636728963,6.606881964512918,5.106527394840706,25.257578296025983,0.0,0.0,0.0,5.249938029982174,12.359735571259707,0.0,0.0,0.0,0.0,0.0,25.257578296025983,22.716200996082588,0.0,0.0,0.0,0.0,0.0,20.23,0.0,0.0,0.0,11.856819994495092,5.752853606746789,0.0,0.0,0.0,0.0,25.257578296025983,5.106527394840706,0.0,7.762731481481482,0.0,8.258873456790123,0.0,0.6385030864197531,0.0,0.11766975308641991,0.0,1.0,1,0,0,0,0,3,3,2,0,0,0,0,0.20690000000000003,0,1,1,0,0,0,0,0,0,0,0,0,0,0,0,0,0,0,2,0,0,0,0,0,0,0,0,0,0,0,0,0,0,0,0,0,0,0,0,0,0,0,0,0,0,0,0,0,0,0,0,0,0,0,0,0,0,0,0,0,0,0,0,4,2.066666666666667,0,0,0.0,31.0,3,0.3333333333333334,0.26666666666666666,0.26666666666666666,0.29814239699997197,0.26666666666666666,0.5081955081955082,0.38346603713025496,0.38346603713025496,0.029655510806958333,0,0,0,0,0,0,0,0.5,0.5,0.16666666666666666,0.0,0.3333333333333333,1.0,0.0,0,1,0,0,0,0,0,0,0,0,0,0,0,0,0,0,0,0,0,0,0,0,0,0,0,0,0,0,0,0,0,0,0,0,0,0,0,0,0,1,0,0,0,0,0,0,0,0,0,0,0,1,0,0,0,0,0,0,0,0,0,0,0,0,0,1,0,0,0,0,0,0,0,0,0,0,0,0,0,0,1,0,0,0,1,0,0,0,0,0,0,0,0,0,1,0,0,0,1,0,0,1,0,0,0,0,0,0,1,0,1,0,0,0,0,0,0,0,0,0,0,0,0,0,1,0,0,0,0,0,0,0,0,0,0,0,0,0,0,0,0,0,0,0,0,0,0,0,0,0,0,0,0,0,0,0,0,0,0,0,0,0,0,0,0,0,0,0,0,0,0,0,0,0,0,0,0,0,0,0,0,1,1,0,0,0,0,0,0,0,0,0,0,0,0,0,0,0,0,0,0,0,0,0,0,0,0,0,0,1,1,0,0,0,0,0,1,0,1,0,0,0,0,0,0,0,0,0,0,0,0,0,1,0,0,0,0,1,0,0,0,0,0,0,0,0,0,0,0,0,0,0,0,0,0,0,0,0,0,1,0,0,0,0,0,0,1,1,0,0,0,0,0,0,0,0,0,0,0,0,0,1,0,1,0,1,0,0,0,0,0,0,1,0,0
10.324075013009868,0.09722222222222232,-0.6642338559142937,0.2704824862574098,10.625,343.552,0.8333333333333334,2.579989728402166,0.0,120601.61985415925,24.383321122588914,15.946722266843596,0.0,0.0,0.0,0.0,5.969305287951849,4.794537184071822,0.0,0.0,0.0,70.44235039676647,32.10410811463005,12.965578028838586,6.606881964512918,15.007591973753234,5.969305287951849,0.0,0.0,5.733667477162185,96.81523992065479,13.151638370425493,12.152040213667762,0.0,5.733667477162185,0.0,0.0,0.0,29.333998448058757,4.794537184071822,0.0,96.81523992065479,0.0,0.0,83.55,5.969305287951849,4.794537184071822,0.0,6.606881964512918,12.965578028838586,12.841643245852019,70.62903785218613,0.0,0.0,19.075777413358384,15.946722266843596,0.0,0.0,10.324075013009868,16.258189546874622,4.777777777777778,-0.6642338559142937,21.239807373012,2.731050811906696,0.0,0.85,4,0,0,0,0,3,4,16,0,0,0,0,5.045900000000004,1,1,1,0,0,0,0,0,1,0,0,0,0,0,1,0,0,0,0,0,0,0,2,0,0,0,0,0,0,0,0,0,0,0,0,0,0,0,0,0,0,0,0,0,0,0,0,0,0,0,0,0,0,0,0,0,0,0,0,0,0,10,0,0,0.0,0,0,0.0,inf,3,0.07971014492753624,0.18560606060606058,0.18560606060606058,0.1382621613130757,0.18560606060606058,0.0,0.17019723718036026,0.17019723718036026,0.009194218475172149,0,0,0,0,0,0,0,0.16666666666666666,0.8333333333333334,0.125,0.041666666666666664,0.0,0.9090909090909091,0.09090909090909091,0,0,0,0,0,1,0,1,0,0,1,0,0,0,0,0,0,1,0,1,0,0,0,0,0,0,1,0,1,0,0,0,1,1,0,0,1,0,1,1,0,0,0,0,0,0,0,0,1,0,0,1,0,0,1,0,0,0,0,0,0,0,0,0,0,0,0,0,0,0,0,0,0,1,0,0,1,0,0,1,1,0,0,0,0,1,1,0,0,1,0,1,0,0,1,0,0,0,0,0,0,0,0,0,0,0,0,0,0,0,0,0,0,0,0,1,0,0,0,1,0,0,0,0,0,1,0,0,0,0,0,0,0,0,0,0,0,0,0,0,0,0,0,0,0,0,0,0,0,0,0,0,0,0,0,0,0,0,0,0,0,0,0,0,0,0,0,0,0,0,0,0,0,0,0,0,0,0,0,0,0,0,1,0,0,0,0,0,0,0,0,0,0,0,0,0,0,0,0,0,0,0,0,0,0,0,0,0,0,0,1,0,1,0,0,0,0,0,1,1,0,0,0,1,0,0,0,1,1,0,0,0,1,0,0,0,1,1,0,1,0,0,1,1,1,0,1,0,0,0,0,1,0,0,0,0,1,1,0,1,1,0,0,0,0,0,1,1,0,0,0,0,0,0,1,1,0,0,0,1,0,1,1,1,0,1,1,1,1,1,0,0,1,0,1
8.402777777777779,1.3768749999999998,-1.7509645061728396,0.7004256495399727,11.23076923076923,238.46399999999997,1.0,1.8405826705055677,0.0,237.43516449521823,6.59875871064006,8.541152124557703,0.0,8.317393252699539,0.0,0.0,17.853457543853366,8.923893333118075,0.0,0.0,0.0,0.0,32.735056768405435,7.109797541277533,0.0,17.465045457675778,26.170850796552905,0.0,0.0,0.0,32.735056768405435,7.109797541277533,0.0,0.0,0.0,0.0,0.0,0.0,33.28064833783044,17.465045457675778,0.0,0.0,32.735056768405435,0.0,52.6,26.170850796552905,0.0,0.0,0.0,0.0,0.0,0.0,7.109797541277533,0.0,32.735056768405435,17.465045457675778,27.900486111111114,0.0,0.0,0.0,0.0,0.0,0.0,10.693263888888888,-2.8159722222222223,1.0,0,0,0,0,0,4,7,3,0,0,0,0,1.5676999999999999,0,0,0,0,0,0,0,0,0,0,0,0,0,0,0,0,0,0,0,0,0,0,0,0,0,0,0,0,0,0,0,0,0,0,0,0,0,0,0,0,0,0,0,0,0,0,0,0,0,0,0,0,0,0,0,0,0,0,0,0,0,0,0,0,0.0,0,0,0.0,inf,4,0.141025641025641,0.08741258741258741,0.08741258741258741,0.13926641655384894,0.08741258741258741,0.0,0.22298773468097866,0.22298773468097866,0.02780449390347543,0,0,0,0,0,0,0,0.5384615384615384,0.46153846153846156,0.3076923076923077,0.0,0.0,0.8181818181818182,0.18181818181818182,1,0,0,0,0,0,0,0,0,0,1,0,0,0,0,0,1,0,0,0,0,0,1,0,0,0,0,0,0,0,0,0,0,1,0,0,0,0,1,0,0,0,0,0,0,0,0,0,0,0,0,0,0,0,0,1,0,1,0,0,0,0,0,0,1,0,0,0,0,0,0,0,0,1,0,0,0,1,0,0,1,0,0,0,1,0,0,0,0,0,0,0,0,0,0,0,0,0,0,0,0,0,0,0,0,0,0,0,0,0,0,0,0,0,0,0,0,0,0,0,0,0,1,0,1,0,0,0,0,0,0,0,0,0,0,0,0,0,0,0,0,0,0,0,0,0,0,0,1,0,0,0,0,0,0,0,0,0,1,0,0,0,0,0,0,0,0,0,0,0,0,0,0,0,0,0,0,0,0,0,0,0,0,0,0,0,0,0,0,0,0,0,0,0,0,0,0,0,0,0,0,0,1,0,0,0,0,0,0,0,0,0,0,0,1,0,0,0,0,0,0,1,0,0,0,0,0,0,0,0,1,0,0,0,0,0,0,0,0,0,1,0,0,0,0,0,0,0,0,0,0,0,1,0,1,0,0,0,1,0,0,0,0,0,1,0,0,0,1,1,0,0,0,0,1,0,1,1,0,0,0,0,0,0,0,1,0,1,1,0,0,0,1,0,1
5.341120559334845,0.9208390022675739,0.9208390022675739,0.5731348904238733,10.0,296.5520000000001,0.75,2.2924875731149372,4.041784405967148,2714.3052865680856,9.503950075898128,9.799819461700956,8.641068171117942,0.0,0.0,0.0,0.0,0.0,0.0,0.0,0.0,24.43574688609339,49.282744751535944,26.1790256236503,0.0,0.0,54.66461100998478,0.0,9.799819461700956,0.0,27.694948798762496,26.1790256236503,0.0,0.0,0.0,0.0,0.0,46.023542838866845,44.6199132564692,0.0,0.0,27.694948798762496,0.0,0.0,6.48,0.0,0.0,0.0,0.0,0.0,34.82009379476824,0.0,21.587795952773448,0.0,37.49476826046345,24.43574688609339,1.841678004535148,10.68224111866969,4.329057067271353,0.0,0.0,0.0,0.0,12.296283068783069,3.184074074074074,0.8,0,0,0,0,0,4,6,4,0,0,0,0,3.6212000000000026,0,0,0,0,0,0,0,0,0,2,0,0,2,0,0,0,0,0,0,0,0,0,0,0,0,0,0,0,0,0,0,0,0,0,0,0,0,0,0,0,0,0,0,0,0,0,0,0,0,0,0,0,0,0,0,0,0,0,0,0,0,0,0,9,4.183333333333334,0,0,0.0,502.0,3,0.125,0.2273809523809524,0.2273809523809524,0.23213675205647383,0.2273809523809524,0.24848070908949238,0.22662029351796947,0.22662029351796947,0.0199595201795014,0,0,0,0,0,0,0,0.375,0.625,0.0,0.125,0.25,0.8666666666666667,0.13333333333333333,0,0,0,0,0,0,0,0,0,0,0,0,0,0,0,0,0,0,0,0,0,0,0,1,1,0,0,0,0,0,0,0,0,1,0,0,1,0,1,1,0,0,0,0,0,0,0,0,0,1,0,0,0,0,0,0,0,0,0,0,0,0,0,0,0,0,0,0,0,0,0,0,0,0,0,0,0,0,0,0,1,0,1,0,0,0,0,0,0,0,0,0,0,0,0,0,0,1,0,0,0,0,0,0,0,1,0,0,0,0,1,0,1,1,0,0,1,0,0,0,0,0,0,0,0,0,0,0,0,0,0,0,0,0,0,0,0,0,0,0,0,0,1,0,0,0,0,0,0,0,0,0,0,0,0,0,0,0,0,0,0,0,0,0,0,0,0,0,0,0,0,0,0,0,0,1,0,0,0,0,0,0,0,0,0,0,0,0,0,0,0,0,0,0,0,1,0,0,0,0,0,1,0,0,0,0,0,0,0,1,0,0,0,1,1,0,1,0,0,0,0,0,0,0,0,0,0,0,1,0,0,0,0,0,1,0,0,0,0,0,0,0,1,0,1,0,0,0,0,0,1,0,1,0,0,0,0,0,0,0,0,0,0,0,0,0,1,0,0,1,1,0,0,0,0,0,1,1,0,0,0,1,0,1,1,0,1,0,1,1,0,0,0,0,0
10.251875,0.38348765432098775,-5.197723765432099,0.36558296000069435,19.454545454545453,206.027,1.0,1.5812853946781595,5.079498628795793,88.55198210197693,2.638564941834449,24.680173805850607,0.0,0.0,0.0,5.083227620067512,15.19152465357577,9.130096569862658,0.0,0.0,0.0,0.0,6.923737199690624,0.0,0.0,33.810270375713266,15.19152465357577,0.0,0.0,0.0,12.006964819758135,0.0,0.0,0.0,0.0,0.0,0.0,15.19152465357577,29.763401425918122,9.130096569862658,0.0,6.923737199690624,0.0,0.0,135.29000000000002,20.274752273643283,9.130096569862658,0.0,0.0,6.923737199690624,0.0,0.0,0.0,0.0,0.0,24.680173805850607,20.50375,0.0,32.999722222222225,5.3695987654321,0.0,0.0,0.0,0.38348765432098775,-10.395447530864196,1.0,5,0,0,0,0,3,9,2,0,0,0,0,-0.9922000000000002,0,1,0,0,0,0,0,0,0,0,0,0,0,0,0,0,0,0,0,0,0,0,0,0,0,0,0,0,0,0,0,0,0,0,0,0,0,0,0,0,0,0,0,0,0,0,0,0,0,0,0,0,0,0,0,0,0,0,0,0,0,0,0,4,2.4727272727272727,0,0,0.0,136.0,4,0.18181818181818182,0.1636363636363636,0.1636363636363636,0.2717152941995139,0.1636363636363636,0.42004442925495555,0.2713464169688646,0.2713464169688646,0.038259610883824534,0,0,0,0,0,0,0,0.8181818181818182,0.18181818181818182,0.6363636363636364,0.0,0.0,0.8,0.2,0,0,0,0,0,0,0,0,1,0,1,0,0,0,0,0,0,0,0,0,0,1,0,0,0,0,0,0,1,0,0,0,0,1,0,0,0,0,0,1,0,0,0,0,0,0,1,0,0,0,0,0,0,0,0,0,0,0,0,0,0,0,0,0,1,1,0,0,0,0,0,0,0,0,0,0,0,0,0,0,0,0,0,0,0,0,0,0,0,0,0,0,0,0,0,0,0,0,0,0,0,0,1,0,0,0,1,0,0,0,0,0,0,0,1,0,1,0,0,0,0,0,0,0,0,0,0,0,0,0,0,0,0,0,0,0,0,0,0,0,0,0,0,0,0,0,0,0,0,0,0,0,0,0,0,0,0,1,0,0,0,0,0,0,0,0,0,0,0,0,0,1,0,0,0,0,1,0,0,0,0,1,1,0,0,0,0,0,0,0,0,0,0,0,0,0,0,1,0,0,1,0,0,0,0,0,0,0,0,0,0,0,0,0,0,0,0,1,0,0,0,0,0,0,0,0,0,0,0,0,1,0,0,0,1,0,0,0,0,0,1,0,0,0,0,0,0,0,0,0,0,0,1,0,0,0,0,0,1,1,0,0,0,0,1,0,0,1,1,0,0,0,0,0,1,0,1,0,0,0,0,0,0,0,0,1,0,1,1,0,0,0,1,0,0
7.25,0.0,0.0,0.4293494955481806,1.0769230769230769,215.941,0.5384615384615384,2.3333620347709894,-6.545454543305785e-09,149.33517022534332,118.95950320962228,69.67096826647966,0.0,0.0,0.0,0.0,17.068678152405656,0.0,0.0,0.0,0.0,0.0,0.0,0.0,0.0,17.068678152405656,0.0,26.309457773692433,0.0,0.0,0.0,0.0,43.36151049278723,0.0,0.0,0.0,0.0,0.0,0.0,17.068678152405656,64.07720746546515,0.0,0.0,5.593760801014508,158.32,0.0,0.0,0.0,17.068678152405656,0.0,0.0,0.0,0.0,0.0,0.0,69.67096826647966,0.0,0.0,7.25,31.25,5.75,0.0,0.0,23.75,0.0,0.0,0,0,0,0,0,6,8,0,0,0,0,0,0.8015499999999999,0,0,0,0,0,0,0,0,0,0,0,0,6,0,0,0,0,0,0,0,0,0,0,0,0,0,0,0,0,0,0,0,0,0,0,0,0,0,0,0,0,0,0,0,0,0,0,0,0,0,0,0,0,0,0,0,0,0,0,0,0,0,0,0,0.0,0,0,0.0,inf,1,0.07692307692307693,0.0,0.0,0.0,0.0,0.0,0.2664700326668694,0.2664700326668694,0.007445130459927015,0,0,0,0,0,0,0,0.6153846153846154,0.38461538461538464,0.07692307692307693,0.46153846153846156,0.0,0.0,0.16666666666666666,0,0,0,0,0,0,0,0,0,0,1,0,0,0,0,0,0,0,0,0,0,0,0,0,0,0,0,0,0,0,0,0,0,0,0,0,0,0,0,0,1,1,0,0,0,0,0,0,0,0,0,0,0,0,0,0,0,0,0,0,1,0,0,0,0,0,0,0,0,0,0,0,0,0,0,0,1,0,0,0,0,0,0,0,0,0,0,0,0,0,0,0,0,0,0,0,0,0,0,0,0,0,0,0,1,0,0,0,0,0,0,0,0,0,0,0,0,0,0,1,0,0,0,0,0,0,0,0,0,0,0,0,0,0,0,0,0,1,0,0,0,0,0,0,0,0,0,0,0,0,0,0,0,0,0,0,0,0,0,0,0,0,0,0,0,0,0,0,0,1,0,0,1,0,0,0,0,1,0,0,0,0,0,0,0,0,0,0,0,0,0,1,0,0,0,0,0,0,0,1,0,0,0,0,0,0,0,0,0,0,0,0,0,0,0,0,0,0,0,0,0,0,1,0,0,0,0,0,0,0,1,0,0,0,0,0,0,0,0,0,0,0,0,0,0,0,0,1,0,0,0,0,1,0,0,0,0,0,0,0,0,0,0,0,0,0,0,0,0,0,1,0,0,0,0,0,0,0,0,0,0,0,0,0,0,0,0,0,0,1,0,0,1,0,1
10.479351851851852,0.0,-0.8854629629629625,0.586604994058723,9.80952380952381,310.40999999999997,0.8095238095238095,2.3843565217097407,-2.945454482826448e-07,12360.504208543296,17.99015045135406,15.007591973753234,0.0,0.0,0.0,0.0,35.52659132055978,4.794537184071822,0.0,0.0,0.0,53.378235290466534,31.601192537865433,5.969305287951849,5.917906046161393,49.35941519043299,11.938610575903699,0.0,0.0,11.835812092322787,79.06152178217057,0.0,0.0,0.0,34.66381342744864,0.0,0.0,0.0,17.045137970744406,9.589074368143644,11.835812092322787,79.06152178217057,0.0,0.0,77.42999999999999,11.938610575903699,14.69560176298435,0.0,41.39309812493072,0.0,51.36657298340809,0.0,0.0,27.694948798762496,0.0,5.106527394840706,0.0,0.0,20.847592592592594,19.003703703703707,0.0,-1.83574074074074,6.9622222222222225,8.022222222222222,0.0,0.875,1,0,0,0,0,3,5,10,0,0,0,0,0.2441000000000031,2,0,0,0,0,0,0,0,2,0,0,0,0,0,0,0,0,0,0,0,0,0,0,0,0,0,0,0,0,0,0,0,0,0,0,0,0,0,0,0,0,0,0,0,0,0,0,0,0,0,0,0,0,0,0,0,0,0,0,0,0,0,0,0,0.0,0,0,0.0,inf,3,0.08571428571428573,0.04310776942355889,0.04310776942355889,0.04505984083803328,0.04310776942355889,0.0,0.19002937975324366,0.19002937975324366,0.01835818588053912,0,0,0,0,0,0,0,0.23809523809523808,0.7619047619047619,0.19047619047619047,0.0,0.0,0.8888888888888888,0.1111111111111111,0,1,0,0,0,1,0,0,0,0,1,0,0,0,0,0,0,0,0,0,1,0,0,0,0,0,1,0,0,0,0,0,1,1,0,0,0,0,1,1,0,0,0,0,0,0,0,0,0,0,0,0,1,0,0,0,0,0,0,0,0,1,0,0,0,0,0,0,0,0,0,0,0,1,1,1,0,0,0,0,1,0,0,0,0,1,0,0,0,0,0,0,0,0,0,0,0,0,0,1,0,0,0,0,0,0,1,0,0,0,0,0,0,0,0,0,0,1,0,0,0,0,0,0,0,1,0,0,0,0,0,0,0,0,0,0,0,0,0,0,0,0,0,0,0,0,0,0,0,0,0,0,0,0,0,0,0,0,0,0,0,0,0,1,0,0,0,0,0,0,0,0,1,0,0,0,0,1,0,0,0,0,0,0,0,0,0,0,0,0,0,0,0,0,0,0,0,0,0,0,0,0,0,0,0,0,0,0,0,0,0,0,0,0,0,0,0,0,1,1,0,0,0,0,0,0,0,0,0,0,0,0,0,0,0,0,1,0,0,0,0,0,1,1,0,0,1,0,0,0,0,1,0,0,0,0,1,1,0,0,0,0,0,0,1,0,0,1,1,1,0,0,0,0,1,1,0,1,0,0,0,0,1,1,0,1,0,1,1,0,0,0,1,0,1
12.146055373748826,0.0,-5.014448963584514,0.19682610404110115,14.379310344827585,444.56600000000026,0.8620689655172413,2.6485201063137813,0.0,630403.4042249125,17.522514721957375,14.026475781290461,10.118126859033554,5.249938029982174,0.0,0.0,41.49589660851163,9.589074368143644,8.417796984328938,0.0,0.0,66.21987853631856,24.677455338174806,0.0,19.634585551951847,61.59063316637098,22.056737434937254,0.0,0.0,11.835812092322787,90.73228143507876,13.213763929025836,0.0,0.0,29.557286032607934,0.0,0.0,0.0,43.37285939293101,29.180927134777292,11.835812092322787,85.48234340509659,0.0,0.0,109.80000000000001,33.727497087845435,22.559621226162943,0.0,54.606862053956554,0.0,51.36657298340809,0.0,0.0,13.847474399381248,13.847474399381248,9.473725907600098,44.57178632594758,0.0,24.1471338956458,-2.056111478542034,0.0,-1.7444028675292556,6.581602135709543,8.264440952352881,-5.014448963584514,0.9,0,0,0,0,0,7,9,16,0,0,0,0,0.8135000000000032,0,0,0,0,0,0,0,0,0,0,0,0,0,0,0,0,0,0,0,0,0,0,0,0,0,0,0,0,0,2,2,0,0,0,0,0,0,0,0,0,0,0,0,0,0,0,0,0,0,0,0,0,0,0,0,0,0,0,0,0,0,0,0,0,0.0,0,0,0.0,inf,4,0.0665024630541872,0.185458857872651,0.185458857872651,0.18881850896831437,0.185458857872651,0.0,0.1308673299169998,0.1308673299169998,0.015863042793008254,0,0,0,0,0,0,0,0.3103448275862069,0.6896551724137931,0.2413793103448276,0.0,0.034482758620689655,0.8518518518518519,0.14814814814814814,0,1,0,0,0,0,0,0,1,0,1,0,1,0,0,0,0,0,0,1,1,0,1,0,0,0,1,0,0,1,0,0,0,1,1,0,0,0,1,1,0,0,0,0,0,0,0,0,1,0,0,0,0,0,0,1,0,0,0,0,1,1,1,1,0,0,1,0,1,0,0,0,0,0,0,1,0,1,0,1,1,0,0,0,1,0,0,0,0,1,0,0,0,0,1,0,0,0,0,1,0,0,0,0,0,0,1,0,0,0,0,0,0,0,0,0,0,0,1,1,0,0,0,0,0,1,0,0,0,0,0,0,0,0,0,0,0,0,0,0,0,0,0,0,0,0,0,0,0,0,0,0,0,0,0,0,0,0,0,0,0,0,0,1,0,0,0,1,1,0,0,0,1,0,0,0,1,1,0,1,0,0,0,1,0,0,1,0,1,1,0,0,0,0,0,1,0,0,0,0,0,1,0,0,0,0,0,0,0,1,0,0,0,0,0,0,1,1,0,0,0,0,0,0,0,0,0,0,0,0,1,0,0,0,1,0,1,1,0,0,1,0,1,1,1,0,1,0,0,0,0,1,1,0,1,0,1,1,1,0,1,0,0,0,1,0,1,0,1,1,0,0,0,0,1,1,1,1,0,0,0,1,1,1,0,1,0,1,1,0,0,0,1,0,1
10.070883408919123,0.5520833333333333,-0.9129166666666662,0.596996208092774,13.11111111111111,149.215,1.8888888888888888,1.822759080813784,3.2659073992264416,80.20139955580649,4.6392732499312475,10.84019487200289,6.041840829147961,0.0,0.0,0.0,5.969305287951849,4.794537184071822,0.0,11.761884949391115,0.0,0.0,18.429444413184203,0.0,0.0,9.901064578912528,17.731190237342965,0.0,0.0,5.733667477162185,12.462662452073971,12.008622790258194,0.0,0.0,5.733667477162185,0.0,0.0,11.761884949391115,29.12629630219871,4.794537184071822,0.0,6.4208216229260096,0.0,0.0,63.32000000000001,12.011146117099809,4.794537184071822,0.0,0.0,6.4208216229260096,5.752853606746789,0.0,11.761884949391115,6.255769183511404,0.0,10.84019487200289,0.0,1.6040277777777776,10.070883408919123,8.274364134542706,5.189675925925926,-0.09995370370370327,2.477252456538171,0.0,0.0,0.8,3,0,0,0,0,3,4,4,0,0,0,0,0.1513999999999998,1,0,0,0,0,0,0,0,1,0,0,0,0,0,1,0,0,0,0,0,0,0,0,0,0,0,0,0,0,0,0,0,0,0,0,0,0,0,0,0,0,0,0,0,0,0,0,0,0,0,0,0,0,0,1,0,0,0,0,0,0,0,0,6,2.8333333333333335,0,0,0.0,102.0,3,0.2222222222222222,0.26190476190476186,0.26190476190476186,0.2564364193873573,0.26190476190476186,0.3694279521349113,0.30064994698359254,0.30064994698359254,0.02530409102496625,0,0,0,0,0,0,0,0.4444444444444444,0.5555555555555556,0.2222222222222222,0.1111111111111111,0.1111111111111111,0.875,0.125,0,1,0,0,0,1,0,0,0,0,1,1,0,0,0,0,0,0,1,1,0,0,1,0,0,0,0,0,0,0,1,0,0,1,0,0,0,0,0,1,0,0,0,0,0,0,0,0,0,0,0,0,1,0,0,0,0,1,0,0,0,0,0,0,0,0,0,0,0,0,0,0,0,0,0,0,0,0,0,0,1,0,0,0,0,0,0,0,0,0,0,0,0,0,0,0,0,0,0,1,0,0,0,0,0,0,0,0,0,0,0,0,0,0,0,0,1,0,0,0,0,0,0,0,0,1,0,1,0,0,0,0,0,0,0,0,0,0,0,0,0,0,0,0,0,0,0,0,0,0,0,0,0,0,0,0,0,0,0,0,0,0,0,0,0,0,0,0,0,0,0,0,0,0,0,0,0,0,0,0,0,0,1,0,0,0,0,0,0,0,0,0,0,0,0,0,0,0,0,0,0,0,0,0,0,0,0,0,0,0,0,0,1,0,1,0,1,0,1,1,0,1,0,1,0,0,0,0,0,0,0,0,1,0,0,0,0,0,0,1,0,0,0,1,1,0,1,0,0,0,0,1,0,0,0,0,0,0,0,1,0,0,0,0,0,0,0,1,0,0,0,0,0,0,0,1,0,0,0,1,0,1,1,1,1,1,1,1,1,1,0,0,1,0,0
10.217141912320484,0.012867063492064013,-1.0002777777777772,0.22778310351275471,12.083333333333334,174.20399999999998,1.5,1.9663276882372422,3.4399088073379387,312.6461024297215,5.363379355687048,22.30752982632726,6.041840829147961,5.959554568743835,0.0,0.0,5.969305287951849,9.786941916707491,0.0,0.0,0.0,0.0,12.841643245852019,6.544756405912575,0.0,9.901064578912528,11.928859856695684,0.0,0.0,22.193407164122224,18.88348407499998,6.544756405912575,0.0,0.0,17.201002431486554,0.0,0.0,0.0,29.621984486596922,4.794537184071822,0.0,12.841643245852019,0.0,0.0,127.72000000000001,12.011146117099809,4.794537184071822,0.0,5.959554568743835,19.386399651764595,0.0,0.0,0.0,0.0,4.992404732635669,22.30752982632726,0.0,0.0,13.896738473167044,8.380306279919376,15.321431720836483,-0.9874107142857131,0.9558333333333333,0.4199537037037038,0.0,0.6666666666666666,7,0,0,0,0,3,6,5,0,0,0,0,-1.548099999999999,1,0,0,0,0,0,0,0,1,0,0,1,1,0,3,0,0,0,0,0,0,0,0,0,0,0,0,0,0,0,0,0,1,0,0,0,0,0,0,0,0,0,0,0,0,0,0,0,0,0,0,0,0,0,0,0,0,0,0,0,0,1,0,8,3.742424242424242,0,0,0.0,247.0,3,0.16666666666666666,0.2742424242424242,0.2742424242424242,0.24126141570311385,0.2742424242424242,0.2776162086505171,0.25684197775219414,0.25684197775219414,0.021469703242377885,0,0,0,0,0,0,0,0.5,0.5,0.16666666666666666,0.3333333333333333,0.0,0.8181818181818182,0.18181818181818182,0,1,0,0,0,1,1,0,0,0,1,0,1,0,0,0,1,0,1,1,0,0,0,0,0,0,0,0,1,0,1,0,0,0,0,0,0,0,0,1,0,0,0,0,0,0,0,0,0,0,0,0,1,0,0,0,0,1,0,0,0,0,0,0,0,0,0,0,0,0,0,0,0,0,0,0,0,0,0,0,1,0,1,0,1,1,0,0,0,0,0,0,0,0,0,1,0,0,0,1,0,0,0,0,0,0,0,0,0,0,0,0,0,0,0,0,0,0,0,1,0,0,0,0,0,1,0,1,0,0,0,0,0,0,0,0,0,0,0,0,0,0,0,0,0,0,0,0,0,0,0,0,0,1,0,0,0,0,0,0,0,0,0,0,0,0,0,0,0,0,0,1,0,0,0,0,0,0,0,0,0,0,1,0,0,0,0,0,0,0,0,0,0,0,0,0,0,0,0,0,0,0,0,0,0,1,1,0,0,0,0,0,1,0,0,0,0,0,1,1,0,0,0,1,0,0,0,0,1,0,0,0,1,0,1,0,0,0,0,1,0,0,0,0,0,0,1,1,0,0,0,1,0,0,0,0,0,0,0,1,0,0,0,0,0,0,0,1,0,0,1,0,0,0,0,1,0,0,0,1,0,1,1,1,1,1,1,1,0,1,0,0,1,0,0
8.340277777777779,0.4027777777777777,-1.208333333333333,0.3368315430776369,12.0,121.136,1.0,1.8672649607197351,3.5832125652604643,52.28341890015258,2.9852263467168973,21.0532496616843,0.0,0.0,0.0,0.0,0.0,0.0,0.0,0.0,0.0,0.0,0.0,0.0,25.3595711459221,15.319582184522117,0.0,0.0,0.0,5.733667477162185,5.538925252383345,19.820645893538753,0.0,0.0,5.733667477162185,0.0,0.0,0.0,40.679153330444215,0.0,0.0,0.0,0.0,0.0,86.71000000000001,25.3595711459221,0.0,0.0,0.0,0.0,0.0,0.0,0.0,0.0,0.0,21.0532496616843,0.0,0.0,0.0,25.020833333333336,3.937500000000001,0.0,0.0,-1.208333333333333,0.0,1.0,5,0,0,0,0,4,4,3,0,0,0,0,-2.3391999999999995,0,3,3,0,0,0,0,0,0,0,0,0,0,0,1,0,0,0,0,0,0,0,0,0,0,0,0,0,0,0,0,0,0,0,0,0,0,0,0,0,0,0,0,0,0,0,0,0,0,0,0,0,0,0,0,0,0,0,0,0,0,0,0,4,2.2857142857142856,0,0,0.0,64.0,4,0.25,0.21428571428571427,0.21428571428571427,0.27664166758624403,0.21428571428571427,0.4609375,0.3199908057416607,0.3199908057416607,0.03384678979577843,0,0,0,0,0,0,0,0.5,0.5,0.375,0.125,0.0,1.0,0.0,0,0,0,0,0,0,0,0,0,0,0,0,0,0,0,0,0,0,0,1,0,0,0,0,0,0,0,0,0,0,0,1,0,1,0,1,0,0,0,1,0,0,0,0,0,0,0,0,0,0,0,0,0,0,0,0,0,0,0,0,0,0,0,0,0,0,0,0,0,0,0,0,0,0,0,0,0,0,0,0,1,0,0,0,0,0,0,0,0,0,0,1,0,0,1,0,0,0,0,0,0,0,0,0,0,0,0,0,0,0,0,0,0,0,1,1,0,0,0,0,0,0,0,0,0,0,0,0,0,0,0,0,0,0,0,0,0,0,0,0,0,0,0,0,0,0,0,0,0,0,0,0,0,0,0,0,0,0,0,0,0,0,0,0,0,0,0,0,0,0,0,0,0,0,0,0,0,0,0,0,0,1,1,0,0,0,0,0,0,0,0,0,0,0,1,0,0,0,0,0,0,0,0,0,0,0,0,0,0,0,1,0,1,0,0,0,0,1,1,0,0,0,0,1,0,0,0,0,0,0,0,0,1,0,0,0,0,1,0,1,1,0,0,0,0,0,0,0,0,0,0,0,0,0,0,0,0,0,0,1,0,0,0,0,0,0,1,1,0,0,0,0,0,0,1,0,0,0,0,1,0,1,0,1,1,1,1,1,0,1,0,0,1,0,0
5.205136432480859,0.8421107331821616,0.8421107331821616,0.7817668594270732,10.666666666666666,285.391,1.0,2.524137734342262,2.1048843505456873,64335.222572915576,7.643445481761465,14.536682415501005,11.567374611118932,0.0,0.0,0.0,0.0,0.0,4.9839785209472085,0.0,0.0,18.19910120538483,43.92426373089781,25.8311127893508,7.109797541277533,4.736862953800049,5.817862777835028,0.0,9.883888251797686,0.0,6.544756405912575,39.19456404930754,54.22486454254134,5.749511833283905,9.636772684650527,5.817862777835028,5.749511833283905,0.0,44.17854257025475,6.544756405912575,0.0,5.563451491696996,0.0,0.0,28.6,0.0,0.0,0.0,0.0,0.0,31.20164382885666,5.563451491696996,7.109797541277533,30.462311845459517,47.078243153387376,4.736862953800049,5.205136432480859,0.0,8.947573906105653,0.0,1.250193688586546,1.8949960107499793,1.8393004115226337,2.775415800579491,5.861358245063151,0.35294117647058826,0,0,0,0,1,4,4,7,0,0,0,2,2.658400000000001,0,0,0,0,0,1,0,0,0,0,0,0,3,0,0,0,1,0,0,0,0,0,0,0,1,0,0,0,0,0,1,0,0,0,0,0,0,0,0,0,0,1,0,0,0,0,0,0,0,0,0,0,1,0,0,0,0,0,0,0,0,0,0,11,4.780952380952381,2,2,0.0,1004.0,3,0.10476190476190479,0.19899749373433584,0.19899749373433584,0.1830116306465345,0.19899749373433584,0.21880197883286762,0.19491690577445736,0.19491690577445736,0.012961343040238625,0,0,0,0,0,2,0,0.19047619047619047,0.8095238095238095,0.047619047619047616,0.14285714285714285,0.0,0.45454545454545453,0.0,1,0,0,1,0,0,0,0,0,0,0,1,1,1,0,0,0,0,0,0,0,0,0,1,1,0,0,0,0,0,0,1,0,1,0,0,0,0,0,0,0,0,0,0,1,0,0,1,0,0,0,0,0,1,1,1,0,0,0,0,0,0,0,1,1,0,1,0,0,0,0,0,0,1,1,0,0,0,1,0,1,1,0,0,0,0,1,0,0,0,1,0,1,0,0,1,0,0,0,0,1,0,0,0,0,0,0,0,0,0,0,1,1,1,0,0,0,0,0,0,0,0,1,1,0,0,1,0,0,0,0,0,0,0,0,0,0,0,0,0,0,0,0,0,0,0,0,0,0,0,0,0,0,0,0,0,0,0,0,0,0,0,0,0,0,0,1,0,0,0,0,0,0,0,0,0,0,0,0,0,0,0,0,0,0,0,0,0,0,0,0,0,0,1,0,0,0,0,0,0,0,0,1,0,0,1,0,1,0,0,0,0,0,1,1,0,0,0,0,0,0,1,0,0,0,0,1,0,1,0,0,0,0,0,0,0,0,0,0,1,0,1,0,1,1,0,1,0,0,1,1,0,0,1,1,1,0,1,0,0,0,1,0,1,0,1,1,0,0,1,1,1,0,1,0,1,1,1,0,0,1,1,0,1,1,1,1,0,1,1,1,1,1,1,0
15.18304277792763,0.07630304948347777,-1.883873546368781,0.11786115760162932,26.22222222222222,1255.4379999999994,0.6111111111111112,0.8920513070706612,1.3208241868707518,8.264391025355007e+20,27.571948433999033,70.29115712294384,71.753288121145,11.343267560516685,52.686228226712586,11.814359458703011,11.938610575903699,52.73990902479004,14.573052889090853,0.0,0.0,61.456264665986595,88.67967803527071,46.8436522342309,29.903802069902703,71.42532305351531,87.79751500336083,0.0,55.650591322075414,23.671624184645573,169.31079229667182,60.10338103152124,44.60986767968357,11.454175413722904,32.42961228508805,5.687386274683562,0.0,0.0,220.3062177385082,57.419097748318315,37.519098584026814,126.7635388235419,0.0,22.553896272981408,359.97999999999996,190.68776042769932,52.73990902479004,9.589074368143644,53.9180273192041,18.405094737549014,9.799819461700956,80.69427259010575,62.3136347972156,0.0,21.267154416025324,24.608522842762838,18.29715262748304,0.0,199.2508969525003,10.681160314999978,3.568276919814764,-12.363301552971892,-1.650609259966071,18.365291069855516,5.5851375916587696,0.6129032258064516,6,1,5,6,0,18,28,8,0,4,4,7,0.7256400000000032,0,0,0,1,0,1,0,0,0,0,0,0,7,4,1,0,4,0,0,0,0,0,0,0,1,1,0,0,4,2,2,0,0,0,0,0,0,0,0,0,2,0,0,0,0,0,0,0,0,0,0,0,0,0,0,0,0,0,0,0,0,0,0,28,11.330337078651686,7,7,0.0,45378.0,3,0.023970037453183515,0.11739019407558732,0.11739019407558732,0.1588454138600164,0.11739019407558733,0.09087508403728152,0.05735133526494759,0.05735133526494759,0.00925009614379129,0,0,0,0,2,3,4,0.3111111111111111,0.6888888888888889,0.17777777777777778,0.13333333333333333,0.0,0.7083333333333334,0.13541666666666666,1,1,0,1,1,1,0,0,0,0,1,1,1,1,1,0,1,0,0,1,0,0,0,0,0,0,1,1,0,1,1,1,1,1,0,1,0,0,1,1,1,0,0,0,1,1,1,0,0,1,1,0,0,0,0,0,0,0,1,0,1,0,1,1,0,0,0,1,1,0,0,1,1,0,1,1,0,0,1,1,0,1,1,1,0,0,1,1,0,0,1,0,0,1,0,0,0,0,1,0,1,0,1,1,0,1,0,0,1,0,1,1,0,0,1,1,0,0,0,0,1,1,1,1,1,1,1,0,0,0,0,0,0,0,0,0,0,0,0,0,0,0,0,0,0,0,0,0,0,0,0,0,0,0,0,0,0,0,0,0,0,0,0,0,0,0,0,0,0,0,0,0,0,0,0,0,0,0,0,0,0,1,1,0,0,1,0,0,0,0,0,0,0,1,0,0,0,0,0,0,0,0,1,1,0,0,0,1,1,0,0,1,1,1,1,0,0,1,0,1,1,1,0,1,1,1,1,0,1,1,0,0,0,1,0,0,1,0,1,1,0,1,0,1,1,1,1,0,1,1,1,1,0,0,0,1,1,1,0,1,1,1,0,1,1,1,1,0,1,1,1,1,1,1,1,1,1,1,1,1,1,1,1,0,1,1,1,1,1,1,1,1,1,1,0
9.942733134920635,0.6673665175946919,-1.7390736541530194,0.24325846760776557,51.65217391304348,342.297,0.6521739130434783,2.545285003366989,2.1148619024818234,108711.66777880747,7.630403592249655,55.062808020125786,48.83173110198641,12.580053458670426,0.0,0.0,0.0,0.0,0.0,0.0,0.0,0.0,0.0,0.0,13.213763929025836,55.062808020125786,0.0,0.0,0.0,0.0,61.41178456065684,13.213763929025836,0.0,0.0,0.0,0.0,0.0,0.0,115.47776764840835,14.210588861400147,0.0,0.0,0.0,0.0,189.52999999999997,74.62554848968267,35.745691763884935,0.0,0.0,0.0,0.0,0.0,0.0,0.0,0.0,19.31711625624085,15.261925941672967,0.0,0.0,76.48660504325187,0.0,0.0,-15.570181379650629,-1.3450162719408745,0.0,1.0,8,0,2,2,0,11,11,4,0,2,2,2,-5.397199999999993,0,8,8,0,0,0,0,0,0,0,0,0,0,0,0,0,0,0,0,0,0,0,0,0,0,0,0,0,0,0,3,0,0,0,0,0,0,0,0,0,0,0,0,0,0,0,0,0,0,0,0,0,0,0,0,0,0,0,0,0,0,0,0,10,4.482213438735178,2,2,0.0,1134.0,3,0.09486166007905136,0.16581968755881799,0.16581968755881799,0.17658219822477644,0.16581968755881799,0.23080563068223411,0.1895358108138012,0.1895358108138012,0.01848254674531714,0,0,0,0,0,0,2,0.4782608695652174,0.5217391304347826,0.4782608695652174,0.0,0.0,1.0,0.0,0,1,0,0,0,0,0,0,0,0,0,0,0,1,0,0,1,0,0,0,0,0,0,0,0,0,0,0,0,0,1,0,0,0,0,0,0,0,0,1,0,0,0,1,0,0,0,0,1,0,0,0,1,1,0,1,0,1,0,0,0,0,0,0,1,0,0,0,0,0,0,0,0,0,0,0,0,0,0,1,1,0,1,0,0,0,0,0,0,0,0,0,0,0,1,0,0,0,1,0,1,1,0,0,0,1,0,0,1,0,0,0,0,0,0,0,0,0,0,0,0,0,0,1,0,0,0,0,0,0,0,0,0,0,0,0,0,0,0,0,0,0,0,0,0,0,0,0,0,0,0,0,0,0,0,0,0,0,0,0,0,0,0,0,0,0,0,0,0,0,0,0,0,0,0,0,0,0,0,0,0,1,1,0,0,1,0,0,0,0,0,0,0,0,0,0,0,0,0,0,1,0,0,0,0,0,0,0,0,0,1,0,0,0,0,0,0,1,1,1,0,0,0,0,0,0,1,0,0,0,0,0,0,0,0,0,0,1,0,0,0,0,0,0,0,0,0,0,1,0,0,1,0,0,1,1,0,0,0,1,1,0,0,0,0,1,1,1,1,0,0,1,0,1,1,0,0,0,1,0,1,1,0,1,0,1,0,1,0,0,0,1,1,1,0
10.902370480599647,0.19557634164777005,-0.5201606198034772,0.43328794180573177,11.0,277.269,1.368421052631579,2.974707334056786,2.083457965754208,37430.74238443653,4.314847409507476,19.665396437504135,16.869980771050045,10.673137199436969,6.3273200747645415,0.0,5.817862777835028,0.0,14.951935562841626,0.0,0.0,0.0,21.669174519155995,7.04767198267719,6.3273200747645415,4.923311048817671,28.743625665610132,0.0,29.486992252527394,7.04767198267719,10.051919957338482,0.0,29.096278493059202,0.0,0.0,5.817862777835028,0.0,11.761884949391115,34.41030330134507,7.04767198267719,10.114318268765572,0.0,0.0,11.16387793838399,115.41999999999999,4.923311048817671,10.114318268765572,0.0,5.817862777835028,21.215797895722474,11.761884949391115,18.981960224293623,11.614771630468544,0.0,24.91989260473604,0.0,1.5764984882842024,1.1463888888888887,29.16016085600907,11.868851962081129,1.1577031368102801,-0.19557634164777005,4.26446696271101,0.0,1.6881727135298563,0.1111111111111111,1,0,0,0,3,8,10,3,0,0,0,3,1.1457999999999997,0,0,0,0,0,6,1,0,0,0,0,0,6,1,0,0,0,0,0,0,0,0,0,0,0,1,0,0,1,0,0,0,0,0,0,2,0,0,0,0,0,0,0,1,0,0,0,0,0,0,0,0,0,0,0,0,0,0,0,0,0,0,0,8,3.953216374269006,3,3,0.0,676.0,3,0.12280701754385963,0.173718610251118,0.173718610251118,0.197981997039006,0.173718610251118,0.2610246777465666,0.2143471320489483,0.2143471320489483,0.015871666651778044,0,0,0,0,2,3,0,0.5263157894736842,0.47368421052631576,0.10526315789473684,0.3684210526315789,0.05263157894736842,0.23809523809523808,0.047619047619047616,0,1,0,0,0,0,0,1,0,0,1,0,0,0,0,0,0,0,1,0,0,0,0,0,0,0,0,0,0,0,0,0,1,1,0,0,1,0,1,1,1,0,0,1,1,0,0,0,0,0,0,1,1,0,0,0,0,0,0,0,0,0,0,0,0,0,1,0,1,0,1,1,0,1,0,1,0,0,0,0,0,1,0,0,0,0,0,0,1,0,1,0,1,1,0,0,0,0,0,0,1,0,0,0,0,1,0,1,0,1,0,0,0,1,0,0,1,0,0,0,0,1,1,1,0,0,0,0,0,0,0,0,0,0,0,0,0,0,0,0,0,0,0,0,0,0,0,0,0,0,0,0,1,0,0,0,0,0,0,0,0,0,0,0,0,0,1,0,0,0,0,0,0,0,0,1,0,1,0,0,0,0,0,0,1,0,0,1,0,0,0,1,1,1,0,0,0,0,1,1,0,0,0,1,0,1,0,1,1,1,0,1,0,1,0,0,1,0,0,0,0,1,1,1,1,1,1,0,0,1,1,0,0,1,0,0,0,0,0,0,0,0,0,0,0,0,0,1,1,1,1,0,1,1,0,0,0,0,1,0,0,1,0,1,0,1,0,0,0,0,1,0,1,0,0,0,1,0,1,1,0,0,0,0,1,0,1,1,1,1,1,1,1,1,0
12.54410608112493,0.0853637117151731,-0.5970862680910276,0.671999391844661,37.89655172413793,404.54700000000025,1.3103448275862069,2.6543848600082294,1.7401695799133003,2389463.979055108,9.460979947044212,14.580253302440804,12.207932775496605,0.0,0.0,0.0,11.938610575903699,9.589074368143644,0.0,0.0,0.0,45.92300911926414,49.010109160257485,12.338727669087403,18.442694056835705,24.169327670584448,11.938610575903699,0.0,0.0,29.589530230806965,84.53177769956346,0.0,23.80116485057091,0.0,0.0,0.0,0.0,0.0,35.35703713398931,19.06280027574374,29.589530230806965,66.21987853631856,0.0,0.0,72.83,6.103966387748303,14.69560176298435,0.0,42.4031770666491,24.17453976141019,25.683286491704038,5.573104530069267,0.0,13.847474399381248,32.07553471988289,9.473725907600098,11.505992733717301,0.0,24.21316292324496,9.893439565731441,1.2726621945074328,0.7548182808576572,9.701063477760322,8.325527490847552,0.0,0.75,1,2,1,3,0,5,5,6,0,1,1,3,4.195500000000004,0,1,1,0,0,0,0,0,0,0,0,0,0,0,0,0,0,0,0,0,0,0,3,0,0,0,0,0,1,2,2,0,0,0,0,0,0,0,0,0,1,0,0,0,0,0,0,0,0,0,0,0,0,0,0,0,0,0,0,0,0,0,0,13,5.532019704433497,3,3,0.0,2246.0,3,0.07635467980295567,0.16785258164568506,0.16785258164568506,0.1787420303675637,0.1678525816456851,0.18849924311258553,0.1445451967110642,0.1445451967110642,0.014048636520543088,0,0,0,0,0,0,3,0.1724137931034483,0.8275862068965517,0.1724137931034483,0.0,0.0,0.8709677419354839,0.12903225806451613,1,1,0,1,0,0,0,0,1,0,1,0,1,1,0,0,1,0,0,1,0,1,1,0,0,0,0,1,1,1,1,0,1,1,0,1,0,0,1,1,1,0,0,0,1,0,0,1,0,1,0,0,0,0,0,1,0,1,1,1,0,0,0,0,1,0,0,0,0,0,0,0,0,0,1,0,0,0,1,1,1,1,1,0,0,1,0,1,0,0,0,1,0,0,0,0,1,0,1,0,1,0,1,1,0,1,0,0,1,0,1,1,0,0,1,0,0,0,0,1,0,0,0,1,1,1,0,0,0,0,0,0,0,0,0,0,0,0,0,0,0,0,0,0,0,0,0,0,0,0,0,0,0,0,1,0,0,0,0,0,0,0,0,0,0,0,0,0,0,0,0,0,0,0,0,0,0,0,1,0,0,0,0,0,0,1,0,0,0,0,0,0,0,0,0,0,0,0,0,0,0,0,0,0,1,0,0,0,0,0,0,0,0,0,0,0,0,1,0,1,0,0,0,0,0,0,1,1,0,1,0,0,1,1,0,0,1,0,0,0,0,0,1,1,1,0,1,0,0,0,0,1,0,0,1,1,1,1,0,0,1,0,0,0,1,1,0,1,1,1,0,1,0,1,1,1,0,1,1,0,1,0,1,1,0,1,0,1,1,0,0,1,1,1,0
12.86586534038419,0.09494861247150621,-0.6010271924864974,0.6390622750209786,36.53333333333333,418.57400000000024,1.2666666666666666,2.6612407051297953,1.7612771112578929,3230269.853941353,9.25239239827976,14.580253302440804,12.207932775496605,0.0,0.0,0.0,11.938610575903699,9.589074368143644,0.0,0.0,0.0,38.999271919573516,62.85758355963873,12.338727669087403,17.93977848007109,24.169327670584448,11.938610575903699,0.0,0.0,29.08661465404235,91.45551489925408,0.0,23.80116485057091,0.0,0.0,0.0,0.0,0.0,35.35703713398931,19.06280027574374,29.08661465404235,73.14361573600918,0.0,0.0,72.83,11.518956857145081,14.69560176298435,0.0,36.48527102048771,24.17453976141019,25.683286491704038,5.573104530069267,0.0,20.771211599071872,32.07553471988289,9.473725907600098,11.62223202052477,0.0,24.56508668502449,9.917686908488399,0.7846613747720799,0.7758697529846167,9.612790675898678,10.305005915640299,0.0,0.76,1,2,1,3,0,5,5,6,0,1,1,3,4.585600000000005,0,1,1,0,0,0,0,0,0,0,0,0,0,0,0,0,0,0,0,0,0,0,3,0,0,0,0,0,1,2,2,0,0,0,0,0,0,0,0,0,1,0,0,0,0,0,0,0,0,0,0,0,0,0,0,0,0,0,0,0,0,0,0,13,5.609195402298851,3,3,0.0,2440.0,4,0.0735632183908046,0.1646141215106733,0.1646141215106733,0.18122613836181564,0.16461412151067328,0.18566407449333514,0.1444440244796338,0.1444440244796338,0.014795230423180861,0,0,0,0,0,0,3,0.16666666666666666,0.8333333333333334,0.16666666666666666,0.0,0.0,0.875,0.125,1,0,0,1,0,1,0,0,1,0,1,0,1,1,0,0,1,0,0,0,0,1,1,0,0,0,0,0,1,1,1,0,1,1,0,1,0,0,1,1,1,0,0,0,0,0,0,1,0,1,0,0,0,0,0,1,0,1,1,1,0,0,1,0,1,0,0,0,0,0,1,0,0,0,1,0,0,0,1,1,1,1,1,0,0,1,0,1,0,0,0,0,0,1,0,0,0,0,0,0,1,0,1,1,0,1,0,0,1,0,1,1,0,0,1,0,0,1,0,1,0,0,0,1,1,1,0,0,0,0,0,0,0,0,0,0,0,0,0,0,0,0,0,0,0,0,0,0,0,0,0,0,0,0,1,0,0,0,0,0,0,0,0,0,0,0,0,0,0,0,0,0,0,0,0,0,0,0,1,0,0,0,0,0,0,1,0,0,0,0,0,0,0,0,1,0,0,0,0,0,0,0,1,0,1,0,0,0,0,0,0,0,0,0,0,0,0,1,0,1,0,0,0,0,0,0,1,1,0,1,0,0,1,1,0,0,1,0,0,0,1,0,1,1,1,0,1,0,0,0,0,1,0,0,1,1,1,1,0,0,1,0,0,0,1,1,0,1,1,1,0,1,0,1,1,1,0,1,1,0,1,0,1,1,0,1,0,1,1,0,0,1,1,1,0
12.652920918367347,0.04379157218442864,-0.8996116780045349,0.839282607029206,40.56521739130435,315.3690000000001,1.391304347826087,2.895961565791113,1.8570488669453709,312827.5602598876,4.080510538449306,19.480163033291284,0.0,23.38623500068105,0.0,0.0,0.0,4.794537184071822,0.0,0.0,0.0,6.06636706846161,44.4847118175264,18.026113943770966,18.125838821658,19.374790486512623,5.783244946364939,0.0,4.899909730850478,0.0,48.84513498898077,20.7022259298673,23.259637120317212,11.49902366656781,9.473725907600098,0.0,11.49902366656781,0.0,54.238766029803365,16.63034927639461,0.0,30.389367852172022,0.0,0.0,59.00000000000001,17.12000766812877,9.901064578912528,0.0,11.8250857755129,24.34066691241983,24.94985114346159,5.563451491696996,7.109797541277533,6.06636706846161,18.013948781989278,9.473725907600098,11.63301280234316,0.0,14.906166619425548,11.748903061224489,0.7371707294028726,1.4683446712018149,1.892578892668178,0.8712365362811791,3.6961236300075586,0.6111111111111112,1,2,2,4,0,5,5,1,1,1,2,5,1.0481999999999998,0,1,0,0,0,0,0,0,0,0,0,0,1,0,0,0,1,1,0,0,0,0,0,0,0,0,0,0,0,0,2,0,0,0,0,0,0,0,1,1,0,1,0,0,0,0,0,0,0,1,0,0,0,0,0,0,0,0,0,0,0,0,0,9,3.5849802371541504,5,5,0.0,907.0,4,0.10671936758893277,0.1230942970073405,0.1230942970073405,0.1030363612989378,0.1230942970073405,0.28879917827796314,0.18271426185737863,0.18271426185737863,0.018759237319735354,0,0,0,0,0,1,2,0.21739130434782608,0.782608695652174,0.17391304347826086,0.043478260869565216,0.0,0.7407407407407407,0.037037037037037035,1,0,1,0,0,1,0,0,1,1,1,1,0,0,1,1,1,0,0,0,0,0,0,0,0,0,0,0,0,0,1,0,0,1,0,0,1,0,1,1,0,0,1,0,1,0,0,0,0,0,1,0,0,0,0,1,0,1,1,0,1,0,0,0,0,0,0,1,0,0,0,1,1,1,1,0,0,0,0,0,1,1,0,0,1,0,1,0,0,0,0,0,1,1,1,0,1,1,0,0,1,0,1,1,0,0,0,0,0,0,1,0,0,0,1,0,0,0,0,0,1,1,0,1,0,0,0,0,0,0,0,0,0,0,0,0,0,0,0,0,0,0,0,0,0,0,0,0,0,0,0,0,0,0,0,0,0,0,0,0,0,0,0,0,0,0,0,0,0,0,0,0,0,0,0,0,0,0,0,0,0,0,0,0,0,1,0,0,0,0,0,0,0,0,1,0,0,0,0,0,1,0,0,1,0,0,0,0,0,0,0,1,0,1,1,0,0,1,1,1,0,1,0,1,1,0,1,0,1,1,0,0,1,1,0,0,1,0,0,1,1,1,0,1,1,0,1,0,1,1,1,0,0,0,1,1,1,1,0,0,1,0,0,0,0,1,0,1,1,0,0,1,1,1,1,1,1,1,0,0,1,1,1,0,1,1,1,1,1,1,1,1,1,1,0
12.523775510204082,0.003187830687830351,-0.9537499999999999,0.7396980124727146,42.0,301.342,1.3636363636363635,2.8471862049636005,1.8774137434717626,182851.99245517235,3.6576030214697695,19.84982747433194,0.0,23.38623500068105,0.0,0.0,0.0,4.794537184071822,0.0,0.0,0.0,6.06636706846161,44.4847118175264,18.026113943770966,11.016041280380467,19.744454927553285,5.783244946364939,0.0,4.899909730850478,0.0,48.84513498898076,13.592428388589765,23.259637120317212,11.49902366656781,4.736862953800049,0.0,11.49902366656781,0.0,52.23549588336654,16.63034927639461,0.0,30.38936785217202,0.0,0.0,70.0,17.12000766812877,15.007591973753234,0.0,17.574597608796804,25.011976702061933,24.092481012232575,0.0,6.06636706846161,13.1140390511388,4.899909730850478,4.736862953800049,5.944015022675737,0.0,14.737958711262284,21.836262912572437,0.3702083333333339,0.5607955404383982,1.606200869236583,0.8280286281179138,2.044698444192492,0.5882352941176471,2,2,2,4,0,5,5,0,1,1,2,5,0.7451999999999999,0,1,0,0,0,0,0,1,0,0,0,0,1,0,0,0,1,1,0,0,0,0,0,0,0,0,0,0,0,0,1,0,0,0,0,0,0,0,1,1,0,0,0,0,0,0,0,0,0,1,0,0,0,0,0,0,0,0,0,0,0,0,0,8,3.411255411255411,5,5,0.0,788.0,4,0.11255411255411256,0.12056277056277055,0.12056277056277055,0.10304101382881693,0.1205627705627706,0.30226668334784756,0.18955956429849213,0.18955956429849213,0.0192217571397452,0,0,0,0,1,0,2,0.22727272727272727,0.7727272727272727,0.18181818181818182,0.045454545454545456,0.0,0.7307692307692307,0.038461538461538464,0,0,1,0,0,1,0,0,1,1,1,1,0,0,1,1,1,0,0,0,0,0,1,0,0,0,0,0,0,0,1,0,0,1,0,0,1,0,1,1,0,0,1,0,1,0,0,0,0,0,0,0,0,0,0,1,0,1,1,0,1,0,0,0,0,0,1,1,0,0,0,1,1,0,1,0,0,0,0,0,1,1,0,0,1,0,1,0,0,0,0,0,1,1,0,0,1,1,0,0,1,0,1,1,0,0,0,0,0,0,1,0,0,0,1,0,0,0,0,0,1,1,0,1,0,0,0,0,0,0,0,0,0,0,0,0,0,0,0,0,0,0,0,0,0,0,0,0,0,0,0,0,0,0,0,0,0,0,0,0,0,0,0,0,0,0,0,0,0,0,0,0,0,0,0,0,0,0,0,0,0,0,0,0,0,1,0,0,0,0,0,0,0,0,1,0,0,0,0,0,1,0,0,1,0,0,0,0,0,0,0,1,0,1,1,0,0,1,1,1,0,1,0,1,1,0,1,0,1,1,0,0,1,1,0,0,1,0,0,1,1,1,0,1,1,0,1,0,1,1,1,0,0,0,0,1,1,1,0,1,1,0,0,0,0,1,0,1,1,0,0,1,1,1,1,1,1,0,0,0,1,1,1,0,1,1,1,1,1,1,1,1,1,1,0
12.621809807256236,0.09328703703703689,-0.28444444444444494,0.7941668671387195,38.45454545454545,299.37000000000006,1.4090909090909092,2.8761242741534874,1.8132163706052855,226722.00040724524,4.046460401447863,14.373635638450576,0.0,23.38623500068105,0.0,0.0,0.0,4.794537184071822,0.0,0.0,0.0,6.06636706846161,50.402617863687794,23.441104413167746,7.109797541277533,14.268263091671919,5.783244946364939,0.0,4.899909730850478,5.917906046161393,43.244084177997074,20.7022259298673,23.259637120317212,11.49902366656781,9.473725907600098,0.0,11.49902366656781,0.0,43.531187823978975,16.63034927639461,5.917906046161393,30.389367852172022,0.0,0.0,38.77,0.0,4.794537184071822,0.0,17.302201803510023,18.380568498235363,37.30624494125841,11.126902983393991,7.109797541277533,6.06636706846161,18.013948781989278,9.473725907600098,11.776510062358277,0.0,15.115796249055178,0.0,2.5734259259259264,2.458489229024944,3.470125188964474,1.0460282029478458,3.9117146164021164,0.6111111111111112,0,2,2,4,0,4,4,1,1,1,2,5,1.9333,0,0,0,0,0,0,0,0,0,0,0,0,1,0,0,0,1,1,0,0,0,0,0,0,0,0,0,0,0,0,2,0,0,0,0,0,0,0,1,1,0,1,0,0,0,0,0,0,0,1,0,0,0,0,0,0,0,0,0,0,0,0,0,9,3.567099567099567,5,5,0.0,824.0,4,0.11255411255411256,0.12835497835497833,0.12835497835497833,0.09752578923234674,0.12835497835497836,0.29025533261112285,0.18869662278592025,0.18869662278592025,0.01726919190798975,0,0,0,0,0,1,2,0.18181818181818182,0.8181818181818182,0.13636363636363635,0.045454545454545456,0.0,0.7307692307692307,0.038461538461538464,1,0,0,0,0,0,0,1,0,0,1,0,0,0,1,1,1,0,0,1,1,0,0,0,0,1,0,0,0,1,1,0,0,1,1,0,1,0,0,1,0,0,0,0,1,1,0,0,0,0,1,0,0,1,0,1,0,0,1,0,1,1,0,0,0,0,0,1,1,0,0,0,1,1,1,0,0,0,0,0,1,1,0,0,1,0,1,0,0,0,0,0,0,1,1,0,0,0,0,0,1,0,1,1,0,1,0,0,0,0,1,0,0,0,1,0,0,0,0,0,1,1,0,1,0,0,1,0,0,0,0,0,0,0,0,0,0,0,0,0,0,0,0,0,0,0,0,0,0,0,0,0,0,0,0,0,0,0,0,0,0,0,0,0,0,0,0,0,0,0,0,0,0,0,0,0,0,0,0,0,0,0,0,0,0,1,0,0,0,0,0,0,0,0,1,0,0,0,0,0,1,0,0,1,0,0,0,0,0,0,0,1,0,1,1,0,0,0,0,0,0,1,0,0,1,0,1,0,1,1,0,0,0,1,0,0,1,0,0,1,1,1,0,1,1,0,1,0,1,1,1,0,0,0,1,1,1,1,0,0,1,0,0,0,0,1,0,0,0,0,0,1,1,1,1,1,1,1,0,0,1,1,1,0,1,1,1,1,1,1,1,1,1,1,0
12.492664399092972,0.1724537037037035,-0.3659259259259262,0.7869335307088955,39.857142857142854,285.34299999999996,1.4285714285714286,2.827160578068894,1.8330360876486917,132503.36197293294,3.609883762957393,14.743300079491233,0.0,23.38623500068105,0.0,0.0,0.0,4.794537184071822,0.0,0.0,0.0,6.06636706846161,50.402617863687794,23.441104413167746,0.0,14.637927532712578,5.783244946364939,0.0,4.899909730850478,5.917906046161393,43.24408417799708,13.592428388589765,23.259637120317212,11.49902366656781,4.736862953800049,0.0,11.49902366656781,0.0,41.52791767754215,16.63034927639461,5.917906046161393,30.38936785217202,0.0,0.0,49.77,0.0,9.901064578912528,0.0,23.051713636793927,24.13008033151927,31.3706727663876,5.563451491696996,6.06636706846161,6.06636706846161,11.947581713527669,4.736862953800049,6.038806689342404,0.0,14.947588340891913,10.198565444696396,2.2606018518518525,1.4951010959939537,3.1837471655328793,1.0028202947845803,2.1994901108591582,0.5882352941176471,1,2,2,4,0,4,4,0,1,1,2,5,1.6302999999999999,0,0,0,0,0,0,0,1,0,0,0,0,1,0,0,0,1,1,0,0,0,0,0,0,0,0,0,0,0,0,1,0,0,0,0,0,0,0,1,1,0,0,0,0,0,0,0,0,0,1,0,0,0,0,0,0,0,0,0,0,0,0,0,8,3.3904761904761904,5,5,0.0,712.0,4,0.11904761904761907,0.12581453634085213,0.12581453634085213,0.09673606494637395,0.12581453634085213,0.30405870222009723,0.19595038588266175,0.19595038588266175,0.01763573702838768,0,0,0,0,1,0,2,0.19047619047619047,0.8095238095238095,0.14285714285714285,0.047619047619047616,0.0,0.72,0.04,0,0,0,0,0,0,0,1,0,0,1,0,0,0,1,1,1,0,0,1,1,0,1,0,0,1,0,0,0,1,1,0,0,1,1,0,1,0,0,1,0,0,0,0,1,1,0,0,0,0,1,0,0,1,0,1,0,0,1,0,1,1,0,0,0,0,1,1,1,0,0,1,1,0,1,0,0,0,0,0,1,1,0,0,1,0,1,0,0,0,0,0,0,1,0,0,0,0,0,0,1,0,1,1,0,1,0,0,0,0,1,0,0,0,1,0,0,0,0,0,1,1,0,1,0,0,1,0,0,0,0,0,0,0,0,0,0,0,0,0,0,0,0,0,0,0,0,0,0,0,0,0,0,0,0,0,0,0,0,0,0,0,0,0,0,0,0,0,0,0,0,0,0,0,0,0,0,0,0,0,0,0,0,0,0,1,0,0,0,0,0,0,0,0,1,0,0,0,0,0,1,0,0,1,0,0,0,0,0,0,0,1,0,1,1,0,0,0,0,0,0,1,0,0,1,0,1,0,1,1,0,0,0,1,0,0,1,0,0,1,1,1,0,1,1,0,1,0,1,1,1,0,0,0,0,1,1,1,0,0,1,0,0,0,0,1,0,1,0,0,0,1,1,1,1,1,1,0,0,0,1,1,1,0,1,1,1,1,1,1,1,1,1,1,0
11.395483749055177,0.05999999999999961,-0.740691609977324,0.5601191738811692,10.642857142857142,194.154,1.5714285714285714,2.5508633822312086,2.906324847582418,2040.690705784967,2.6198926454093896,5.733667477162185,6.3273200747645415,11.341105215616189,0.0,5.907179729351506,5.689743398203474,4.794537184071822,14.179210311280823,4.681802935145185,5.098681808301038,5.213385095654868,0.0,7.04767198267719,0.0,4.794537184071822,11.554356950119233,0.0,24.378542966310093,12.781339459839375,0.0,0.0,22.505528651888298,0.0,11.423410875365658,0.0,0.0,0.0,30.285722695661597,7.04767198267719,0.0,10.488465178920283,0.0,5.647177220767728,108.17000000000002,11.59692312755498,9.589074368143644,0.0,11.341105215616189,0.0,9.082497541406978,13.37499205744173,0.0,0.0,15.296045424903113,5.733667477162185,2.131494708994709,0.0,25.90685326908541,7.143055555555556,4.595841836734695,-0.740691609977324,1.1869444444444444,0.0,1.443168461829176,0.16666666666666666,2,0,0,0,2,7,8,1,0,0,0,2,-2.078099999999999,0,0,0,0,0,5,0,0,0,0,0,0,5,0,1,0,0,0,0,0,0,0,0,0,0,1,0,0,1,0,0,0,0,0,0,1,0,0,0,0,0,0,0,0,0,0,0,0,0,0,0,1,0,0,0,0,0,0,0,0,0,0,0,7,3.043956043956044,2,2,0.0,277.0,3,0.16483516483516486,0.17032967032967036,0.17032967032967036,0.15749850888273764,0.17032967032967036,0.3407175142468079,0.24442039074891822,0.24442039074891822,0.022150738327120494,0,0,0,0,1,2,0,0.5714285714285714,0.42857142857142855,0.14285714285714285,0.42857142857142855,0.0,0.2,0.13333333333333333,1,0,0,1,0,0,0,0,0,0,1,0,1,0,0,0,0,0,0,1,0,0,0,0,1,0,0,0,1,0,1,1,1,1,0,0,1,0,0,1,0,0,0,0,1,0,0,0,0,1,0,0,0,1,0,0,0,0,1,0,0,0,1,0,0,0,0,0,0,0,0,0,1,0,0,0,0,0,0,0,0,1,0,0,0,0,0,0,0,1,0,0,0,1,0,0,0,0,0,0,1,0,0,0,0,0,1,0,0,0,0,0,0,0,0,0,0,1,0,1,0,1,1,0,0,1,0,0,0,0,0,0,0,0,0,0,0,0,0,0,0,0,0,0,0,0,0,0,0,0,0,0,0,0,0,0,0,0,0,0,0,0,0,0,0,1,1,0,0,0,0,0,0,0,0,0,0,0,0,0,1,0,0,0,0,0,0,0,0,0,0,0,0,1,0,0,0,0,1,0,0,0,0,1,0,1,0,1,1,0,0,1,1,1,0,0,0,0,0,0,1,1,1,1,1,1,1,0,0,1,0,0,0,1,1,0,0,0,1,0,0,1,0,0,0,1,0,0,1,1,1,0,1,1,0,1,0,0,1,0,0,0,0,0,1,1,0,0,0,0,1,1,1,0,0,0,1,0,1,1,0,0,1,0,1,0,1,1,1,1,1,1,1,1,0
11.060776486520535,0.11467498110355279,-0.6910429526748967,0.34574784602989994,15.647058823529411,238.15899999999996,1.5294117647058822,2.8220175609935407,2.0702875864987447,9165.91303810702,4.040253449723967,4.417150937053347,11.468067454730246,5.760247418874442,5.907179729351506,0.0,11.91529671419908,20.225644056843723,9.803449708026353,5.101407525739723,0.0,0.0,6.06636706846161,0.0,12.280967647996928,18.92953635401466,24.037077023085903,0.0,10.325701127960862,5.101407525739723,0.0,6.544756405912575,28.007299824563233,0.0,5.316788604006331,10.67871938593283,0.0,0.0,34.62987479990967,4.794537184071822,10.114318268765572,5.760247418874442,0.0,0.0,118.05000000000001,22.745787492368255,19.703392636909214,0.0,12.305003824787018,0.0,17.28988017195146,6.06636706846161,0.0,5.316788604006331,5.101407525739723,4.417150937053347,4.775271872637944,0.0,31.496028911564625,16.882178183001596,0.0,-0.7686812116822026,1.11625,-0.1824055964978586,0.0,0.125,1,0,1,1,1,6,9,3,0,1,1,2,0.07349999999999995,0,0,0,0,0,0,0,0,0,0,0,0,3,1,0,0,0,0,0,0,0,0,0,0,0,0,0,0,0,0,0,1,0,0,1,0,1,0,0,0,0,0,0,1,0,0,0,0,0,0,0,0,0,0,0,0,0,0,0,0,0,0,1,10,4.264705882352941,2,2,0.0,580.0,3,0.1323529411764706,0.21764705882352942,0.21764705882352942,0.20209043049880568,0.21764705882352942,0.24275084773620192,0.2280202497556177,0.2280202497556177,0.017371088058780598,0,0,0,0,2,1,1,0.5294117647058824,0.47058823529411764,0.29411764705882354,0.23529411764705882,0.0,0.5,0.2222222222222222,0,0,1,0,0,0,0,0,0,0,1,1,0,0,1,0,1,1,0,1,0,0,0,0,0,0,1,0,1,0,1,1,1,0,1,0,1,0,0,1,0,0,0,1,1,0,0,0,0,0,0,0,0,0,1,0,0,0,1,0,0,0,0,0,1,0,0,0,1,0,1,1,1,0,0,1,0,0,0,0,0,1,0,0,0,1,1,0,0,0,1,0,0,0,0,0,1,0,0,0,1,0,0,0,0,0,0,0,1,0,0,0,0,1,0,0,0,0,0,1,0,0,0,0,0,0,0,1,0,0,0,0,0,0,0,0,0,0,0,0,0,0,0,0,0,0,0,0,0,0,0,0,1,0,0,0,0,0,0,0,0,0,0,0,0,1,0,0,0,0,0,0,0,0,0,0,0,1,0,0,1,0,0,0,1,1,0,0,0,0,0,1,0,0,0,0,0,0,1,1,1,0,0,1,0,1,1,1,1,0,0,1,0,0,0,0,0,1,1,0,1,0,1,1,1,1,0,0,1,0,1,0,1,0,1,0,0,0,1,1,0,0,0,0,0,1,0,1,1,1,1,0,1,0,0,1,0,0,1,0,1,1,0,1,1,1,0,0,1,0,1,1,0,0,1,0,1,0,1,1,1,1,1,0,1,0,1,1,0,1,1,0,1,1,0
6.217532080218918,0.4269444444444441,0.4269444444444441,0.8662663446746823,16.285714285714285,300.833,1.0476190476190477,2.464688558179496,1.9437632658356148,72649.15994089883,6.084174777959774,10.216698334856808,0.0,0.0,0.0,0.0,0.0,0.0,0.0,0.0,0.0,29.800041095617345,68.8741148743594,22.315311909269845,0.0,0.0,22.97571243959964,0.0,4.899909730850478,0.0,18.75954929201341,25.956888975273284,58.614105776366586,0.0,5.316788604006331,11.374772549367124,0.0,11.600939890232516,25.540010102117435,0.0,0.0,29.8864522754074,5.022633313741326,0.0,15.27,0.0,0.0,0.0,0.0,5.917906046161393,17.988211342579913,28.92249715568712,0.0,6.06636706846161,60.71024471098085,11.600939890232516,0.0,6.217532080218918,2.2419289161137708,4.340341684513312,5.112136558327036,0.4269444444444441,2.3215970647518267,1.113089805366591,4.252354917275552,0.3333333333333333,1,0,1,1,0,2,3,4,0,0,0,3,4.870700000000004,0,0,0,0,0,0,0,0,0,0,0,0,1,1,0,0,0,0,0,0,0,0,0,0,2,0,0,0,2,0,0,0,0,0,0,0,0,0,0,0,0,0,0,0,0,0,0,1,0,0,0,0,0,0,0,0,0,0,0,0,0,0,0,9,4.266666666666667,3,3,0.0,896.0,3,0.10952380952380951,0.17192982456140352,0.17192982456140352,0.15111694343310175,0.1719298245614035,0.2452620504451111,0.1848467349441132,0.1848467349441132,0.014456873765330808,0,0,0,0,0,2,0,0.14285714285714285,0.8571428571428571,0.0,0.09523809523809523,0.0,0.4782608695652174,0.0,0,0,0,1,0,0,0,0,0,0,0,1,1,0,0,0,0,0,0,1,0,0,0,0,0,0,0,0,0,0,0,1,0,1,0,1,1,1,0,0,0,0,0,0,1,1,0,1,1,1,1,0,0,1,0,0,0,0,0,0,0,0,1,0,1,0,1,0,0,0,0,0,0,0,1,0,0,0,0,0,1,1,0,0,0,0,1,0,1,0,1,1,0,0,0,0,0,0,0,0,1,0,0,0,0,0,0,1,0,0,0,1,0,1,0,1,0,0,0,1,0,0,0,1,0,0,1,0,0,0,0,0,0,0,0,0,0,0,0,0,0,0,0,0,0,0,0,0,0,0,0,0,0,0,0,0,0,0,0,0,0,0,0,0,0,0,0,0,0,0,0,0,0,0,0,0,0,0,0,0,0,0,0,0,0,0,0,0,0,0,0,0,0,0,0,0,0,0,0,0,0,0,1,0,0,0,0,0,0,0,0,0,0,1,1,1,0,0,0,1,0,1,0,0,0,0,1,0,1,1,0,1,0,1,0,1,1,0,0,1,0,0,0,1,1,0,1,0,0,1,1,0,0,1,0,0,0,0,0,0,0,0,1,1,0,1,0,0,0,0,1,0,1,1,0,1,1,1,0,1,0,1,0,1,1,0,1,0,1,1,1,1,0,1,0
4.793981481481481,0.7638888888888891,0.7638888888888891,0.5004564356679512,9.285714285714286,114.173,1.8571428571428572,1.9053999311004344,3.391829211284276,49.54039820861129,1.4995195518462698,9.551078168738563,0.0,4.771065770590158,0.0,0.0,0.0,0.0,0.0,0.0,0.0,0.0,12.217873443046695,19.441359125903343,0.0,0.0,12.217873443046695,0.0,9.551078168738563,7.04767198267719,0.0,0.0,17.16475291381631,0.0,0.0,0.0,0.0,12.217873443046695,9.551078168738563,7.04767198267719,4.771065770590158,0.0,0.0,0.0,20.72,0.0,0.0,0.0,0.0,0.0,4.771065770590158,0.0,0.0,24.008458773694695,4.9839785209472085,12.217873443046695,2.606481481481482,4.793981481481481,2.846064814814815,0.0,0.0,0.0,3.685185185185185,0.0,1.9016203703703705,0.25,1,0,0,0,1,2,3,0,0,0,0,1,1.08269,0,0,0,0,0,2,1,0,0,0,0,0,1,1,0,0,0,0,0,0,0,0,0,0,0,1,0,0,0,0,0,0,0,0,0,1,0,0,0,0,0,0,0,0,0,0,0,0,0,0,0,0,0,0,0,0,0,0,0,0,0,0,0,3,1.9047619047619047,1,1,0.0,40.0,3,0.3333333333333333,0.18095238095238095,0.18095238095238095,0.18759729146278292,0.18095238095238095,0.5401978973407544,0.3634571149326166,0.3634571149326166,0.02719887318295157,0,0,0,0,1,1,0,0.42857142857142855,0.5714285714285714,0.0,0.2857142857142857,0.14285714285714285,0.14285714285714285,0.14285714285714285,0,1,0,0,0,0,0,0,1,1,0,0,0,0,0,0,0,0,0,0,0,0,0,0,0,0,0,0,0,0,0,0,0,1,0,0,1,0,1,1,0,0,0,0,0,0,0,0,0,0,0,0,0,1,0,1,0,0,0,0,0,0,0,0,0,0,0,0,0,0,0,0,0,0,0,0,0,1,0,0,0,1,0,0,0,0,0,1,0,0,1,0,0,0,0,0,0,1,1,0,1,0,0,0,0,0,0,0,0,0,0,0,0,0,0,0,0,1,0,0,0,1,0,0,0,0,0,0,0,0,0,0,0,0,0,0,0,0,0,0,0,0,0,0,0,0,0,0,0,0,0,0,0,0,0,0,0,0,0,0,0,0,0,0,0,0,0,0,0,0,0,0,0,0,0,1,0,0,0,0,0,0,0,0,0,0,0,1,0,0,0,0,1,1,0,0,0,0,0,0,0,1,0,1,0,1,0,1,0,1,0,1,0,1,0,0,1,0,0,0,0,1,0,0,1,0,0,0,0,0,0,0,0,0,1,0,0,0,0,0,0,0,0,0,0,0,0,0,1,1,1,0,0,0,0,0,0,0,0,0,0,0,0,0,0,1,0,0,0,0,1,0,1,0,0,0,1,0,1,1,0,0,0,0,1,0,1,0,1,1,1,0,0,1,0
11.416260629251699,0.3096541950113376,-0.3096541950113376,0.7185665096760774,17.933333333333334,207.273,1.2666666666666666,2.2448371104810128,2.3732051649079926,3070.9371671380254,4.0883655102337055,5.20725302477729,0.0,0.0,0.0,5.559266895052008,0.0,4.794537184071822,0.0,4.7304076419062255,0.0,19.26246486877803,31.395199005701247,11.984273114623004,5.693927994848461,5.20725302477729,0.0,0.0,4.7304076419062255,0.0,44.94575136048206,0.0,33.743917702592505,0.0,5.559266895052008,0.0,0.0,0.0,9.937660666683517,0.0,6.923737199690624,49.2793936473369,0.0,0.0,42.230000000000004,0.0,10.001790208849112,0.0,5.559266895052008,5.917906046161393,28.8294303743037,25.328831937239638,0.0,12.990104268152233,0.0,0.0,0.8224074074074073,0.0,11.416260629251699,9.678410808767952,1.4177286470143617,0.35773148148148115,5.851667847694633,1.8965539965986395,0.0,0.5833333333333334,1,1,0,1,1,3,3,1,1,0,1,2,2.4417199999999992,0,0,0,0,0,1,0,0,0,0,0,0,1,0,0,0,0,0,0,0,0,0,0,0,0,1,0,0,0,0,0,0,0,0,0,0,0,0,0,0,0,0,0,0,0,0,0,0,0,0,0,0,1,0,0,0,0,0,0,0,0,0,0,7,3.3142857142857145,2,2,0.0,348.0,3,0.15238095238095237,0.17802197802197803,0.17802197802197803,0.1756959239204043,0.17802197802197803,0.31218090926562275,0.23634424664759318,0.23634424664759318,0.0182304781531912,0,0,0,0,0,1,1,0.2,0.8,0.13333333333333333,0.06666666666666667,0.0,0.5625,0.0625,0,0,1,0,1,1,0,0,0,0,1,0,0,0,1,0,0,0,0,0,0,0,0,1,0,0,0,0,0,0,1,1,0,1,0,0,0,0,0,1,0,0,0,0,0,1,0,0,0,0,0,0,0,0,0,0,1,0,1,0,0,0,0,0,0,0,0,0,0,0,0,0,0,0,0,0,0,0,0,0,1,1,0,0,0,0,0,0,0,0,1,0,0,1,0,0,0,0,0,0,1,0,0,0,0,0,0,1,0,0,0,0,0,1,0,0,0,1,0,0,0,0,1,1,0,0,1,0,0,0,0,0,0,0,0,0,0,0,0,0,0,1,0,0,0,0,0,0,0,0,0,0,1,0,0,0,0,0,0,0,0,0,0,0,0,0,0,0,0,0,0,0,0,0,0,0,0,0,0,0,0,0,0,0,0,0,0,0,0,0,1,0,0,1,0,0,0,1,0,1,1,0,0,1,0,0,0,0,0,0,0,0,0,0,0,0,0,0,0,1,1,0,1,0,0,0,1,0,0,0,1,0,0,0,0,0,0,0,1,0,0,1,0,0,0,1,1,0,0,1,1,0,1,0,0,1,1,1,0,0,0,0,0,0,0,1,0,1,0,0,0,1,1,1,0,1,1,0,1,0,0,0,1,0,1,0,0,1,1,1,1,1,1,1,0
9.995061912110524,0.048472739098190054,-0.759508606689794,0.641468123492022,23.0,309.406,1.2272727272727273,2.432505803001663,1.9518277980661054,58912.85804289727,6.959388449702855,25.373233742328495,18.460360185545124,0.0,0.0,0.0,0.0,0.0,0.0,0.0,0.0,12.13273413692322,32.40103015923048,30.488776395844933,12.207932775496605,20.056445138322168,0.0,0.0,5.316788604006331,0.0,57.46367926055214,13.151638370425493,29.32600418877882,5.749511833283905,10.05365155780638,0.0,5.749511833283905,0.0,52.32204497057586,12.841643245852019,0.0,31.898114582465862,0.0,0.0,81.95,18.31189916324491,15.319582184522117,0.0,12.145807216896262,25.1359114850485,11.126902983393991,0.0,0.0,38.970312804456704,5.316788604006331,4.736862953800049,5.7322515117157975,0.0,0.0,32.80080113667089,1.8764225299662263,0.6789432161753592,-1.2699713985175758,6.77836442531709,0.0,0.6470588235294118,4,1,0,1,0,5,5,5,0,0,0,2,0.6347999999999998,0,3,3,0,0,0,0,0,0,0,1,0,0,1,0,0,0,0,0,0,0,0,0,0,0,0,0,0,1,0,1,0,0,0,0,0,0,0,0,0,0,0,0,0,0,0,0,0,0,0,0,0,0,0,0,0,0,0,0,0,0,0,0,12,5.0562770562770565,2,2,0.0,1168.0,4,0.09956709956709958,0.2028138528138528,0.2028138528138528,0.19560462071302032,0.2028138528138528,0.2055096553371653,0.16824571195841867,0.16824571195841867,0.016724312575982697,0,0,0,0,0,1,0,0.22727272727272727,0.7727272727272727,0.18181818181818182,0.045454545454545456,0.0,0.7391304347826086,0.0,1,1,1,0,0,0,0,0,1,0,0,0,0,0,0,1,0,0,1,0,0,0,0,0,0,0,0,0,0,0,1,0,0,1,0,0,0,0,0,1,0,0,1,0,1,0,1,0,0,0,1,0,0,0,0,1,0,0,0,0,0,0,0,0,1,0,0,0,0,0,1,0,0,1,0,1,0,0,0,0,1,1,0,0,1,0,1,0,0,1,0,1,0,0,1,0,0,0,0,1,1,0,0,1,0,1,0,0,1,0,0,0,0,0,1,0,0,1,1,0,0,0,0,1,0,0,0,0,0,0,0,0,0,0,0,0,0,0,0,0,0,0,0,0,0,0,0,0,0,0,0,0,0,0,0,0,0,0,0,0,0,0,0,0,0,0,0,0,0,0,0,0,0,0,0,0,0,0,0,0,0,0,1,0,0,0,0,0,0,0,0,0,0,0,1,0,0,0,0,0,1,0,1,0,0,0,0,0,0,0,1,0,0,0,0,0,0,0,1,0,0,0,0,1,0,1,0,0,1,1,0,0,1,1,0,0,0,1,0,0,1,1,0,0,1,0,0,0,0,0,0,0,0,0,1,1,1,1,0,1,1,0,0,0,0,0,1,1,1,1,0,1,1,1,1,0,0,1,1,1,1,1,0,1,1,1,1,1,1,1,1,1,1,1,0
13.230322622136292,0.10407248276240422,-1.8406696762599535,0.4865420212105028,19.322580645161292,421.4530000000002,1.2580645161290323,3.0967545147230604,1.7487721103238782,12269942.157708623,6.633166188512516,24.41692712212329,12.356393797796823,5.601050810983688,0.0,5.559266895052008,5.969305287951849,4.794537184071822,9.77851570501903,0.0,0.0,6.923737199690624,44.781633862126824,28.621335095468357,29.012764604922754,19.744454927553285,16.872230220032904,0.0,14.450987899589041,0.0,38.64200440993839,14.09534396535438,56.87307831975825,17.137367822980828,5.559266895052008,0.0,5.749511833283905,0.0,44.72869194257668,34.82884572519363,0.0,35.59836478940461,0.0,22.29078092177798,104.89,11.570356098935537,19.802129157825057,0.0,24.33648231577484,41.120972502532325,16.513127197858786,0.0,29.689938052866808,25.06162076466647,0.0,9.720841474747257,6.71434572605915,0.0,32.276591198126745,22.179838863482907,2.0297591136750617,-0.5323085655346438,0.10407248276240422,2.4076915158264707,3.8556238431995316,0.34782608695652173,2,0,2,2,2,8,8,3,0,0,0,5,1.8468000000000002,0,1,0,0,0,2,0,1,0,0,0,0,3,0,0,0,0,0,0,0,0,0,0,0,0,0,0,0,5,1,1,0,0,0,0,0,0,0,0,0,1,0,0,0,0,0,0,0,0,0,0,0,2,0,0,0,0,0,0,0,0,0,0,13,5.344086021505376,5,5,0.0,2485.0,4,0.0752688172043011,0.14979606970708195,0.14979606970708195,0.12501765292279915,0.14979606970708195,0.19443274433915875,0.15399810217374213,0.15399810217374213,0.015045847731730703,0,0,0,0,1,3,0,0.25806451612903225,0.7419354838709677,0.16129032258064516,0.0967741935483871,0.0,0.45714285714285713,0.05714285714285714,0,0,1,0,0,1,1,0,1,0,1,1,1,0,0,0,1,1,1,0,1,0,0,0,0,0,1,0,1,1,1,0,0,1,0,0,1,0,1,1,0,0,0,0,0,0,0,0,0,0,0,0,1,0,0,0,0,1,1,0,1,0,0,1,0,1,1,1,0,0,0,1,0,1,0,0,0,1,0,0,1,1,0,0,1,0,1,0,1,0,0,0,0,1,0,0,0,1,0,0,1,0,0,0,0,1,0,1,0,0,0,1,0,1,1,1,0,0,0,1,1,0,1,1,0,0,0,0,0,0,0,0,0,0,0,0,0,0,0,0,0,0,0,0,0,0,0,0,0,0,0,0,0,0,0,0,0,0,0,0,0,0,0,0,0,0,0,0,0,0,0,0,0,0,0,0,0,0,0,0,0,0,0,0,0,1,0,0,0,0,0,0,0,1,1,0,0,0,0,0,1,0,1,0,0,0,0,1,1,0,0,1,0,1,1,0,0,1,1,1,1,1,0,0,1,1,1,0,1,1,0,0,1,1,0,0,0,1,1,0,1,1,1,1,0,1,0,0,1,1,1,1,0,1,0,1,1,0,0,1,1,0,0,0,1,1,1,1,1,1,1,1,1,1,1,0,1,1,1,0,1,1,1,1,1,1,1,1,1,1,1,1,1,1,0
12.178815507684554,0.2586574074074077,-0.5589351851851851,0.8571565291687987,25.75,237.7299999999999,1.3125,2.311349163517636,2.483414674415516,5246.762601185034,4.559460216979955,5.316788604006331,5.538925252383345,5.783244946364939,0.0,0.0,0.0,4.794537184071822,0.0,0.0,0.0,36.22086271854336,31.519133788687814,11.443454936667337,0.0,4.794537184071822,17.384184836597456,0.0,5.316788604006331,0.0,31.22221174408738,7.04767198267719,34.85155307928476,0.0,5.316788604006331,0.0,0.0,11.600939890232516,12.830916929042129,10.333462436455168,0.0,31.246737983401033,5.022633313741326,0.0,29.1,5.538925252383345,4.794537184071822,0.0,5.783244946364939,11.443454936667337,24.825916360475023,0.0,0.0,31.313140256523628,5.316788604006331,11.600939890232516,0.0,6.198959278155707,12.178815507684554,3.8635648148148154,0.361311728395062,0.2586574074074077,3.544294611363064,0.0,1.8398302469135803,0.46153846153846156,1,1,0,1,0,2,3,2,1,0,1,2,2.897800000000001,0,0,0,0,0,0,0,0,0,0,0,0,0,1,0,0,1,0,0,0,0,0,0,0,0,0,0,0,0,0,0,0,0,0,0,0,0,0,1,1,0,0,0,0,0,0,0,0,0,0,0,0,0,0,0,0,0,0,0,0,0,0,0,7,3.2333333333333334,2,2,0.0,388.0,4,0.1416666666666667,0.15952380952380954,0.15952380952380954,0.1934734420769829,0.15952380952380954,0.3207451447221279,0.22281674857076073,0.22281674857076073,0.02037782616158996,0,0,0,0,0,1,1,0.1875,0.8125,0.0625,0.0625,0.0,0.5882352941176471,0.058823529411764705,1,0,0,0,1,1,0,0,0,0,1,0,1,0,1,0,0,0,0,1,0,1,1,0,0,0,1,0,0,0,1,0,1,1,1,0,1,0,0,0,0,0,0,0,0,0,0,1,0,1,0,0,1,0,1,0,0,0,1,0,1,0,0,1,1,0,0,0,0,0,0,0,0,0,1,0,0,0,1,0,0,1,0,0,0,0,1,0,0,0,0,0,0,0,1,0,0,0,0,0,1,0,1,0,0,0,0,0,0,0,1,0,0,0,0,0,0,0,0,0,0,0,0,0,0,0,0,0,0,0,0,0,0,0,0,0,0,0,0,0,0,0,0,0,0,0,0,0,0,0,0,0,0,0,0,0,0,0,0,0,0,0,0,0,0,0,0,0,0,0,0,0,0,0,0,0,0,0,0,0,0,0,0,0,0,0,0,0,0,0,1,0,0,0,1,0,0,0,0,0,0,0,0,0,0,0,0,0,0,0,0,0,0,0,0,1,0,0,1,1,0,1,0,1,0,0,0,0,0,0,0,1,1,0,0,1,1,0,0,1,1,0,0,0,1,0,1,0,0,0,0,0,0,0,0,1,1,1,0,0,1,1,1,0,0,0,0,0,0,0,0,1,1,1,0,1,0,0,1,1,1,0,1,0,1,0,1,0,1,1,1,1,1,1,0
12.073004377676998,0.08251516964810612,-3.824862764550262,0.8915880432277354,17.0,311.4070000000001,1.0476190476190477,2.667575785536693,1.9555505102862112,50630.58840948643,6.906843880182502,0.0,0.0,0.0,0.0,10.023291153407584,6.031114512338072,5.425791397110385,22.94334155680738,0.0,0.0,30.537828874472236,31.898114582465862,13.08951281182515,4.895483475517775,13.212334168400758,16.054405665745655,0.0,15.156798785517005,0.0,37.50250716691244,13.08951281182515,29.828919765543436,0.0,10.147886261562473,4.794537184071822,0.0,0.0,32.54733683244669,10.023291153407584,6.923737199690624,31.246737983401033,0.0,0.0,78.50999999999999,16.054405665745655,13.212334168400758,0.0,4.895483475517775,0.0,44.336250795226185,12.13273413692322,17.14164666087775,11.645832064142713,5.425791397110385,0.0,26.186242126480224,0.0,11.918856659947929,1.7708281893004116,3.5613085603336323,0.0,4.290587731666271,3.366937095515392,-3.824862764550262,0.5,2,0,1,1,0,4,7,3,0,1,1,2,1.7739199999999995,0,0,0,0,0,0,0,0,0,0,0,0,1,2,0,0,0,0,0,0,0,0,0,0,0,1,0,0,0,0,0,0,0,1,0,0,0,0,0,0,0,0,0,0,0,0,0,0,0,0,0,0,0,0,0,1,0,0,0,0,0,0,1,12,4.828571428571428,2,2,0.0,1014.0,4,0.10476190476190479,0.20150375939849624,0.20150375939849624,0.20654533581671547,0.20150375939849624,0.2148190263650602,0.18012689969201684,0.18012689969201684,0.015272870710161401,0,0,0,0,0,1,1,0.3333333333333333,0.6666666666666666,0.14285714285714285,0.14285714285714285,0.047619047619047616,0.5909090909090909,0.13636363636363635,1,0,1,0,1,0,0,0,0,0,1,0,0,0,0,0,0,0,0,0,0,0,0,0,0,0,0,0,0,0,1,1,0,1,0,0,0,0,1,1,0,0,0,0,0,0,0,0,0,0,0,1,0,0,0,0,0,0,1,0,0,0,0,1,0,0,0,0,1,1,1,0,1,0,0,1,0,0,1,0,0,1,1,0,0,0,1,0,0,0,0,0,0,0,1,0,0,0,0,0,1,0,0,0,0,0,0,1,0,0,0,0,0,0,0,1,0,0,1,0,0,0,0,0,0,1,0,0,0,0,0,0,0,0,0,0,0,0,0,0,0,0,0,0,0,0,0,1,0,0,0,0,0,0,0,0,0,0,0,0,1,1,0,0,0,1,0,0,0,0,0,1,0,0,0,0,0,0,0,1,1,0,0,1,0,0,1,1,1,1,0,0,1,0,0,1,0,1,0,0,0,1,0,1,0,1,0,1,0,1,0,0,0,0,1,0,1,1,1,1,0,0,1,1,0,1,0,0,1,0,1,0,1,0,1,0,0,0,1,1,1,0,0,0,0,1,1,0,0,1,1,0,1,0,0,0,1,1,1,1,0,1,0,0,1,1,1,0,0,0,1,0,0,0,1,1,1,0,0,1,0,1,1,0,1,0,1,1,1,1,1,1,1,1,0
12.39322393543939,0.007174338559550408,-0.235912837229576,0.5573177512168599,20.153846153846153,391.2940000000001,1.0769230769230769,3.1328981827975237,1.5921835455133286,860306.3725889312,7.728056373419576,9.473725907600098,22.597373805238654,0.0,0.0,0.0,5.969305287951849,4.794537184071822,0.0,0.0,0.0,67.38118952215433,47.23783638793549,0.0,5.917906046161393,14.268263091671919,29.171185068416882,0.0,0.0,17.250802561719567,20.454356363894167,0.0,70.7282433888433,11.49902366656781,4.736862953800049,0.0,11.49902366656781,23.20187978046503,5.969305287951849,16.13828210238479,17.250802561719567,19.410925891078243,0.0,0.0,35.53,0.0,4.794537184071822,0.0,34.31845798834225,5.749511833283905,11.3129633249809,0.0,6.076020106833881,68.44477801553573,0.0,32.67560568806513,11.481065113622765,11.454854986201843,12.39322393543939,0.0,0.678148210451035,1.0063919002775803,1.7116665955230168,4.20705453143404,0.0,0.2857142857142857,0,1,0,1,0,3,5,6,1,0,1,3,6.113300000000004,0,0,0,0,0,0,0,0,0,0,0,0,0,0,0,0,0,0,0,0,0,0,1,0,0,0,0,0,0,1,2,0,0,0,0,0,0,0,0,0,0,0,0,0,0,0,0,1,0,0,0,0,0,0,0,0,0,0,0,0,0,0,0,15,5.984615384615385,3,3,0.03205128205128205,1945.0,4,0.08615384615384616,0.20769230769230773,0.20769230769230773,0.1988476830439307,0.20769230769230773,0.1734549658693546,0.11749477135000665,0.11749477135000665,0.014790752676330697,0,0,1,0,0,2,1,0.19230769230769232,0.8076923076923077,0.11538461538461539,0.0,0.0,0.5,0.07142857142857142,0,0,1,0,0,1,0,0,0,0,1,0,1,0,0,1,0,0,0,1,0,0,1,0,0,0,0,0,0,0,0,0,0,1,0,0,1,1,0,1,0,0,1,0,0,0,0,1,0,0,1,0,0,0,1,1,0,0,0,0,0,0,0,0,1,1,1,0,0,0,1,1,0,0,0,0,0,1,0,0,1,1,0,0,0,0,1,0,0,0,1,0,0,1,1,0,0,0,0,0,1,0,0,0,0,1,0,1,0,0,0,0,0,1,0,0,1,0,0,0,0,0,1,1,0,1,0,0,0,0,0,0,0,0,0,0,0,0,0,0,0,0,0,0,0,0,0,0,0,1,1,0,0,0,0,0,0,0,0,0,0,0,0,0,0,0,0,0,0,0,0,0,0,0,0,0,0,0,0,0,0,0,0,0,0,0,0,0,0,0,0,0,0,0,1,0,0,0,0,0,0,0,1,0,1,0,0,0,0,0,0,0,0,0,0,0,0,0,0,0,0,0,0,0,0,0,0,1,0,0,0,1,0,0,0,1,0,1,0,0,1,1,0,0,0,0,0,0,0,0,0,1,0,1,1,1,0,0,0,0,0,0,1,0,0,0,0,0,0,0,0,1,0,1,1,0,0,1,1,0,1,1,1,1,0,1,0,1,1,0,1,1,1,1,0
14.945481969958259,0.06371904860811739,-2.3534381141562335,0.1468094861389331,33.689655172413794,807.8900000000002,0.9482758620689655,3.144412387322181,1.4857057667213098,1464011835189.8,15.171694085358682,49.4272129523694,35.61796717296058,17.488262145096932,0.0,0.0,24.001155934793964,9.589074368143644,14.383611552215466,0.0,0.0,62.37841094707413,63.46108068721186,25.180370914939424,35.64903718866435,68.08311026872217,29.784400881158902,0.0,5.316788604006331,16.747886984954953,127.70033243196583,6.606881964512918,82.93678272814864,0.0,5.316788604006331,4.794537184071822,0.0,0.0,110.24434318447554,38.06792632121571,16.747886984954953,90.19482183999078,0.0,0.0,224.44999999999996,112.42190107762873,44.39879549972193,0.0,29.737364139274455,5.563451491696996,6.923737199690624,25.980208536304467,83.14962254614599,0.0,5.316788604006331,23.684314769000245,29.507859364191926,0.0,68.90980717341509,51.56241389387875,-8.13552639593535,-5.363479982528286,-11.482330648139211,11.790462565874922,0.0,0.5581395348837209,5,3,1,4,0,14,15,8,2,1,3,6,3.2596000000000025,0,4,3,0,0,0,0,0,0,0,0,0,0,1,0,0,0,0,0,0,1,0,0,0,0,0,0,0,5,3,5,0,0,0,0,0,0,0,1,1,0,0,0,0,0,0,0,0,0,0,0,0,0,0,0,0,0,0,0,0,0,0,0,18,7.614640048396854,6,6,0.0,12587.0,4,0.03811252268602541,0.11811857229280096,0.11811857229280096,0.14932281473543202,0.11811857229280096,0.1371077825825889,0.08858787846707501,0.08858787846707501,0.012382311310281965,0,0,0,1,0,2,4,0.25862068965517243,0.7413793103448276,0.2413793103448276,0.017241379310344827,0.0,0.7142857142857143,0.09523809523809523,1,1,1,1,0,1,0,0,1,1,1,1,1,0,0,0,1,1,0,1,1,0,0,0,0,0,1,0,1,1,1,0,1,1,1,0,1,0,1,1,1,1,1,0,0,1,0,1,1,0,1,1,0,0,1,1,1,1,1,0,1,0,0,1,1,1,1,1,1,0,0,1,1,0,1,0,0,0,0,0,0,1,0,0,0,1,1,0,1,0,0,1,0,1,1,0,1,0,0,1,1,0,1,1,0,1,0,1,0,0,0,0,1,0,1,0,1,1,0,1,1,1,1,1,0,1,0,0,0,0,0,0,0,0,0,0,1,0,0,1,0,0,0,0,0,0,0,0,0,0,0,1,0,0,1,0,0,0,0,0,0,0,0,0,0,0,0,0,0,0,0,0,0,0,0,0,0,0,1,0,0,0,1,0,0,1,0,0,0,0,0,0,0,0,1,0,0,0,0,0,1,0,1,0,1,0,0,0,0,0,0,0,0,0,0,0,0,1,0,0,0,0,0,1,0,1,0,1,0,1,0,0,1,1,1,0,1,1,1,0,1,0,0,0,1,1,0,0,0,0,0,1,0,1,1,1,0,1,0,1,1,0,0,0,1,1,0,1,1,1,0,1,0,1,1,0,0,1,1,1,1,1,1,0,1,1,1,1,1,1,1,1,1,1,0
9.887857142857143,0.23009306500377869,-0.7616062242798354,0.5477635402256686,33.8421052631579,268.273,1.4736842105263157,2.92538342987279,1.8867372360480157,35318.15414885419,4.892089958278337,25.373233742328495,29.947624718914966,0.0,0.0,0.0,0.0,9.559504380427024,4.9839785209472085,0.0,0.0,0.0,0.0,6.4208216229260096,31.92146019546022,20.056445138322168,12.156398140356913,0.0,9.551078168738563,4.992404732635669,30.96062195690579,18.468426974431825,12.021248069613002,0.0,5.316788604006331,5.817862777835028,0.0,0.0,56.56876686170465,4.736862953800049,0.0,24.446617176257643,0.0,0.0,112.13000000000001,24.539800333979777,10.213054789681411,0.0,13.151638370425493,17.9326123956095,0.0,6.338535362521884,10.894419722555895,0.0,15.293171857589208,9.843390348640755,7.269351851851852,0.0,8.147504251700681,31.686702045015537,0.5028132086167802,0.6014257369614513,0.9345706307214239,0.02429894179894254,0.0,0.6363636363636364,4,0,2,2,1,8,8,2,0,1,1,3,-0.9890000000000005,0,3,3,0,0,2,0,0,0,0,0,1,3,1,0,0,0,0,0,0,0,0,0,0,1,0,0,0,1,0,1,0,0,0,0,1,0,0,0,0,0,0,0,0,0,0,0,0,0,0,0,0,0,0,0,0,0,0,0,0,0,0,0,9,3.91812865497076,3,3,0.0,670.0,3,0.12280701754385963,0.1716546267629859,0.1716546267629859,0.1677151518266771,0.1716546267629859,0.26475145809446715,0.20655646672409764,0.20655646672409764,0.016217018571781115,0,0,0,0,2,1,1,0.42105263157894735,0.5789473684210527,0.21052631578947367,0.21052631578947367,0.0,0.7142857142857143,0.047619047619047616,1,1,0,0,1,0,0,1,1,0,0,1,1,0,0,0,1,0,0,0,1,0,0,1,0,0,0,1,0,0,1,0,0,0,0,0,1,0,0,1,0,0,0,0,1,0,0,0,0,1,0,0,0,0,0,1,1,0,0,0,0,0,0,0,1,1,1,0,0,0,0,0,0,0,0,0,0,0,0,0,1,1,0,0,0,0,0,0,0,1,1,0,0,0,1,0,1,0,1,0,1,0,0,1,1,1,0,0,1,0,1,0,1,0,0,0,0,0,0,0,0,0,1,1,0,0,0,0,0,0,0,0,0,0,0,0,0,0,0,0,0,0,0,0,0,0,0,1,0,0,0,0,0,0,0,0,0,0,0,0,0,0,0,0,0,0,1,0,0,0,0,0,0,0,0,0,0,0,0,0,0,1,0,0,0,1,0,0,0,0,1,0,0,1,0,0,0,0,0,0,1,0,0,1,0,1,1,1,1,0,1,1,0,1,0,0,0,1,1,1,1,0,0,1,1,1,0,0,1,1,0,0,1,1,0,0,0,1,1,1,0,0,0,0,0,1,0,1,1,1,1,0,0,0,0,1,1,1,0,1,1,1,0,1,0,1,1,1,1,0,1,1,1,0,1,0,1,0,1,1,1,1,0,1,1,1,1,1,0,1,1,0,1,1,0
13.017899738599144,0.03831065759637209,-1.1156127173091452,0.5776171321259124,28.529411764705884,246.194,1.588235294117647,2.645469496889508,2.335396041923273,7965.508655134308,4.39657731316238,14.94991774348146,12.331867558483172,0.0,5.817220841045895,5.559266895052008,5.689743398203474,14.345615352810384,4.794537184071822,4.39041504767482,0.0,0.0,0.0,6.4208216229260096,18.907691923874296,19.34033279115628,0.0,0.0,9.551078168738563,0.0,24.856655569157482,6.606881964512918,32.85214907405809,0.0,11.24901029325548,4.39041504767482,0.0,0.0,38.578947698429495,4.736862953800049,5.817220841045895,12.64872279366088,0.0,0.0,104.55000000000001,42.10894704504577,19.086016810659167,0.0,6.4208216229260096,0.0,10.763943219404432,0.0,4.9839785209472085,0.0,0.0,9.843390348640755,19.01961931531872,0.0,23.999546091584783,18.33426017783657,-1.9345431521373984,-1.1156127173091452,-1.8987585034013619,-0.4045112118921639,0.0,0.5555555555555556,3,0,1,1,1,6,8,2,0,1,1,2,-1.6836,0,2,2,0,0,2,1,0,0,0,0,0,1,1,0,0,0,0,0,0,0,0,0,0,0,0,0,0,0,0,1,0,0,0,0,0,0,0,0,0,0,0,0,0,0,0,0,0,0,0,0,0,0,0,0,0,0,0,0,0,0,0,0,9,3.713235294117647,2,2,0.0,505.0,3,0.1323529411764706,0.1808823529411765,0.1808823529411765,0.16664864377754485,0.1808823529411765,0.2798063395802843,0.22191723588082882,0.22191723588082882,0.019831716323331517,0,0,0,0,1,1,1,0.47058823529411764,0.5294117647058824,0.29411764705882354,0.11764705882352941,0.0,0.5555555555555556,0.1111111111111111,1,1,0,0,1,0,0,0,1,0,1,0,1,0,0,0,1,0,0,0,0,0,0,0,0,0,0,1,0,0,1,0,0,0,0,0,0,0,0,1,0,0,0,0,0,0,0,0,1,0,0,0,0,0,0,1,0,0,1,1,0,1,0,0,0,1,0,0,0,0,0,0,0,0,0,0,0,0,0,0,1,1,0,0,0,0,0,0,0,1,1,0,0,1,1,0,0,0,1,0,1,0,0,0,0,1,0,0,1,0,1,0,1,0,0,0,0,0,1,0,0,1,0,1,0,0,0,0,0,0,0,0,0,0,0,0,0,0,0,0,0,0,0,0,0,0,0,0,0,0,0,0,0,0,0,0,0,0,0,0,0,0,0,0,0,1,0,0,0,0,1,0,0,0,0,0,0,0,0,0,0,1,0,0,0,1,0,0,0,0,1,0,0,1,0,0,0,0,0,0,1,0,0,1,0,1,0,0,1,0,1,1,0,1,0,1,0,1,1,1,1,0,0,0,1,1,1,0,0,0,0,0,1,0,1,1,0,1,1,1,0,1,0,0,0,1,0,0,1,1,1,0,0,0,0,1,1,1,0,1,1,1,1,0,1,1,0,1,1,0,1,1,1,0,1,0,1,0,1,1,1,1,1,1,1,1,1,1,0,1,1,1,1,1,0
11.70027415595868,0.26456065759637215,-0.6706481481481485,0.4454004294146897,26.105263157894736,267.245,1.6842105263157894,2.770402711217943,2.3418569370217903,22562.15968015893,5.268544354094518,9.843390348640755,6.22790117073487,0.0,0.0,5.559266895052008,5.689743398203474,14.345615352810384,4.794537184071822,0.0,0.0,5.114250125629398,12.454866198475877,23.092828333488544,18.75268918140918,9.843390348640755,0.0,0.0,9.551078168738563,5.114250125629398,31.718267210247767,6.606881964512918,43.041220370746906,0.0,11.24901029325548,0.0,0.0,0.0,33.410294744988455,4.736862953800049,6.923737199690624,18.212174285357875,0.0,10.442840646037716,133.07999999999998,29.622718680886617,9.589074368143644,0.0,13.027703587438928,5.563451491696996,0.0,10.763943219404432,6.923737199690624,0.0,15.009940293829068,15.374519347426006,6.692031368102797,0.0,27.83457096843686,12.671790412152514,7.755911625835418,0.0,0.32880149281934923,1.2593624811035524,0.0,0.6,2,0,1,1,1,6,9,3,0,1,1,2,-0.19628000000000012,0,1,1,0,0,2,1,0,0,0,0,0,4,1,0,0,0,0,0,0,0,0,0,0,0,1,1,0,0,0,1,0,0,0,0,0,0,0,0,0,0,0,0,0,0,0,0,0,0,0,0,0,0,0,0,0,0,0,0,0,0,0,0,10,4.099415204678363,2,2,0.0,701.0,3,0.11695906432748536,0.1823185414516684,0.1823185414516684,0.15903205215076482,0.1823185414516684,0.25454516433414887,0.2040703401047572,0.2040703401047572,0.018213751486340243,0,0,0,0,1,1,1,0.47368421052631576,0.5263157894736842,0.21052631578947367,0.2631578947368421,0.0,0.5,0.2,1,1,1,0,1,0,1,0,0,0,1,0,1,0,0,0,1,0,0,0,0,0,0,0,1,0,0,1,0,0,1,0,1,1,0,0,0,0,0,1,0,1,0,0,0,0,1,0,1,0,0,1,0,0,0,1,0,0,1,0,0,1,0,0,0,1,0,0,0,0,0,0,0,0,0,0,0,0,0,0,1,1,0,0,0,1,1,0,0,0,1,0,0,1,1,0,0,0,1,0,1,0,0,1,1,0,0,0,1,0,1,1,0,0,0,0,0,0,1,0,0,1,0,1,0,0,0,0,0,0,0,0,0,0,0,0,0,0,0,0,0,0,0,0,0,0,0,0,0,0,0,0,0,0,0,0,0,0,0,0,0,0,0,0,0,1,0,0,0,0,0,0,0,0,0,0,0,1,0,0,1,0,0,0,0,1,0,0,0,0,1,0,0,1,0,0,0,0,1,0,1,0,0,1,0,1,0,0,1,0,1,1,0,1,0,0,0,1,0,1,1,0,1,1,1,1,1,0,0,0,0,0,0,0,1,0,0,1,1,1,0,1,0,0,0,1,0,1,1,1,1,0,1,0,0,1,1,1,1,1,1,1,0,0,1,1,0,1,1,0,1,1,1,0,1,0,1,0,1,1,1,1,1,1,1,1,1,1,1,1,1,1,1,1,0
11.560870653817082,0.20164399092970542,-0.8180654761904764,0.578029884636738,28.529411764705884,354.1,1.588235294117647,2.645469496889508,2.335396041923273,7965.508655134308,4.881735942153658,14.94991774348146,12.331867558483172,0.0,0.0,5.559266895052008,5.689743398203474,14.345615352810384,4.794537184071822,0.0,0.0,0.0,22.590870627068057,12.617665194539086,16.281030623326615,14.94991774348146,22.590870627068057,0.0,9.551078168738563,0.0,24.856655569157482,6.606881964512918,30.605110504077594,0.0,11.24901029325548,0.0,0.0,22.590870627068057,38.578947698429495,4.736862953800049,3.5701822710653963,12.64872279366088,0.0,0.0,104.55000000000001,29.684844239486956,14.69560176298435,0.0,13.027703587438928,3.5701822710653963,0.0,10.763943219404432,22.590870627068057,0.0,4.9839785209472085,9.843390348640755,6.886940192743764,1.8019904793398842,24.897879424918116,18.49872777042916,-1.0460098188040647,0.0,-0.6068918367346952,-0.31263621189216395,0.0,0.5555555555555556,3,0,1,1,1,6,8,2,0,1,1,2,-1.2181000000000002,0,2,2,0,0,2,1,0,0,0,0,0,1,1,0,0,0,0,0,0,0,0,0,0,0,0,0,0,0,0,1,0,0,0,0,0,0,0,0,0,0,0,0,0,0,0,0,0,0,0,0,0,0,0,0,0,0,0,0,0,0,0,0,9,3.713235294117647,2,2,0.0,505.0,3,0.1323529411764706,0.1808823529411765,0.1808823529411765,0.16664864377754485,0.1808823529411765,0.2798063395802843,0.22191723588082882,0.22191723588082882,0.019831716323331517,0,0,0,0,1,1,1,0.47058823529411764,0.5294117647058824,0.29411764705882354,0.11764705882352941,0.0,0.5555555555555556,0.1111111111111111,1,1,0,0,1,0,0,0,0,1,1,0,1,0,0,0,1,0,0,0,0,1,0,0,0,0,0,1,0,0,1,0,0,0,0,0,0,0,1,1,0,0,0,0,0,0,0,0,0,0,0,1,0,0,0,1,0,0,1,0,0,1,0,0,0,1,0,0,0,0,1,0,0,0,0,0,0,0,0,0,1,1,0,0,0,0,0,0,0,1,1,0,0,1,1,0,0,0,1,0,1,0,0,0,0,1,0,0,1,0,1,0,1,0,0,0,0,0,1,0,0,1,0,1,0,0,0,0,0,0,0,0,0,0,0,0,0,0,0,0,0,0,0,0,0,0,0,0,0,0,0,0,0,0,0,1,0,0,0,0,0,0,0,0,0,1,0,0,0,0,0,0,0,0,0,0,0,0,0,0,0,1,0,0,0,1,0,0,0,0,1,0,0,1,0,0,0,0,0,0,1,0,0,1,0,1,0,0,1,0,1,1,0,1,0,1,0,1,1,1,1,0,0,0,1,1,1,0,0,0,0,0,1,0,1,1,0,1,1,1,0,1,0,0,0,1,0,0,1,1,1,0,0,0,0,1,1,1,0,1,1,1,1,0,1,1,0,1,1,0,1,1,1,0,1,0,1,0,1,1,1,1,1,1,1,1,1,1,0,1,1,1,1,1,0
13.555265810027715,0.20803883744855955,-0.9162433862433865,0.6757916364888925,18.93103448275862,414.52700000000016,1.1379310344827587,2.812118854571921,2.0558523189198885,3020643.091876138,9.325064666284545,19.273545369301054,5.749511833283905,6.103966387748303,0.0,5.907179729351506,5.969305287951849,9.589074368143644,0.0,0.0,11.761884949391115,24.26546827384644,43.92426373089781,24.90873348703355,18.04712184594327,19.06280027574374,29.32575624137803,0.0,4.899909730850478,0.0,23.17312509293888,39.19456404930754,54.09438803938988,5.749511833283905,9.636772684650527,5.687386274683562,5.749511833283905,11.761884949391115,57.17501545435919,14.325937321943691,0.0,17.737126721369794,0.0,0.0,59.080000000000005,12.073271675700152,9.589074368143644,0.0,11.15711775933368,13.08951281182515,21.89583307518224,6.923737199690624,23.771592221519125,67.52619024389773,0.0,9.473725907600098,10.828902890675838,1.54208734882842,30.158230889080457,-0.3585071806500377,1.7473855190224241,0.052814670748924986,-0.9162433862433865,2.548077373881396,5.540471876588988,0.36363636363636365,0,0,1,1,0,6,7,6,0,0,0,3,3.368500000000002,0,0,0,0,0,0,0,0,0,0,0,0,2,0,0,0,1,0,0,0,0,0,0,0,1,0,0,0,1,1,2,0,0,0,0,0,0,0,0,0,0,1,0,0,0,0,0,1,0,0,0,0,0,0,1,0,0,0,0,0,0,0,0,13,5.115763546798029,3,3,0.0,2077.0,3,0.07635467980295567,0.15243568691844556,0.15243568691844556,0.1392624732006346,0.15243568691844556,0.20520304695389127,0.15367028726990836,0.15367028726990836,0.013609560496126083,0,0,0,0,0,2,0,0.2413793103448276,0.7586206896551724,0.13793103448275862,0.06896551724137931,0.034482758620689655,0.5483870967741935,0.06451612903225806,1,0,0,0,0,1,0,1,0,1,1,1,1,1,0,1,0,0,0,0,0,1,0,0,0,1,0,0,0,0,0,1,0,1,0,1,0,0,0,1,0,0,0,0,0,0,0,1,0,0,0,0,0,1,0,1,0,0,1,0,0,0,0,1,1,0,1,0,0,0,0,1,0,1,0,0,1,0,1,0,1,1,0,0,0,0,1,0,0,0,0,0,0,0,0,0,0,0,0,0,1,0,1,0,1,0,0,0,1,0,0,1,0,1,0,0,0,0,0,0,1,1,1,1,0,1,0,1,0,0,0,0,0,0,0,0,0,0,0,0,0,0,0,0,0,0,0,1,0,0,0,0,0,0,0,0,0,0,0,0,0,0,0,0,1,0,0,0,0,0,0,0,0,0,0,0,0,0,0,0,0,0,0,0,0,0,0,1,0,0,1,0,0,0,0,0,0,0,0,0,1,0,1,1,0,0,0,1,0,1,0,0,0,1,1,0,1,0,0,0,1,1,0,1,0,0,0,0,1,1,0,0,0,1,0,0,0,0,1,1,0,1,0,1,1,1,1,0,1,1,1,1,0,1,1,1,0,0,0,0,0,0,0,1,1,1,1,0,1,1,1,1,1,1,1,1,1,1,1,0,1,1,1,1,1,1,1,1,1,1,1,1,1,1,0
11.347731481481482,0.1424999999999994,-0.1424999999999994,0.6722652900688486,10.076923076923077,179.223,1.3846153846153846,2.1536132174589144,2.4977844401611917,895.9030984629084,4.567742759779543,0.0,0.0,0.0,0.0,5.907179729351506,0.0,15.204307102129416,5.425791397110385,0.0,0.0,0.0,25.980208536304467,23.99897946407111,0.0,4.794537184071822,5.907179729351506,0.0,15.835561315167979,0.0,19.88931522852921,0.0,30.08987277184637,0.0,10.85158279422077,0.0,0.0,0.0,16.932999079446674,0.0,0.0,24.205463075150064,0.0,0.0,54.019999999999996,0.0,4.794537184071822,0.0,11.949020558499466,5.563451491696996,0.0,0.0,24.52642128014937,13.847474399381248,15.835561315167979,0.0,0.0,0.0,15.17033525447216,0.0,6.005582955404384,-0.1424999999999994,3.1751738473167044,3.902438271604938,0.0,0.3333333333333333,2,0,0,0,1,3,4,3,0,0,0,1,0.7243999999999996,0,0,0,0,0,1,0,0,0,0,0,0,1,2,0,0,0,0,0,0,0,0,0,0,0,0,0,0,0,0,0,0,0,1,0,0,0,0,0,0,0,0,0,0,0,0,0,0,0,0,0,0,1,0,0,0,0,0,0,0,0,0,0,8,3.5128205128205128,1,1,0.0,274.0,3,0.16666666666666666,0.22843822843822845,0.22843822843822845,0.21697424973911772,0.22843822843822845,0.2961634726963439,0.24883702118220796,0.24883702118220796,0.017929256149321927,0,0,0,0,0,1,0,0.3076923076923077,0.6923076923076923,0.07692307692307693,0.23076923076923078,0.0,0.46153846153846156,0.07692307692307693,1,1,0,0,1,0,0,0,0,0,1,0,1,0,0,1,0,0,0,0,0,1,0,0,0,1,0,1,0,0,0,0,0,1,0,0,0,0,0,1,0,0,0,0,0,0,0,0,1,0,0,0,0,0,0,0,1,0,0,0,0,0,0,0,0,0,0,1,0,0,0,0,0,0,1,0,0,0,0,0,0,1,0,0,0,0,1,0,0,0,0,0,0,0,0,0,0,0,0,0,1,0,1,0,0,1,0,0,0,0,0,0,0,1,0,0,0,0,0,0,0,0,1,0,0,1,0,1,0,0,0,0,0,0,0,0,0,0,0,0,0,0,0,0,0,0,0,0,0,0,0,0,0,0,0,0,0,0,0,0,0,0,0,0,0,0,0,0,0,0,0,0,0,0,0,0,0,0,0,0,1,0,0,0,0,0,0,0,0,0,0,0,0,1,0,0,1,1,0,0,0,0,1,0,0,0,0,0,0,0,0,0,0,0,0,0,0,0,0,0,1,0,1,1,0,0,1,0,0,0,0,0,0,0,0,0,0,0,1,0,0,0,0,0,0,1,0,0,0,1,0,0,1,0,0,0,0,0,0,1,0,0,0,0,0,1,0,0,0,0,1,0,0,0,0,0,0,1,0,1,0,0,1,0,1,0,1,0,1,1,1,1,1,1,0
10.160925925925927,0.21990740740740788,-0.9415740740740743,0.5998689433499305,8.88888888888889,123.11099999999998,1.6666666666666667,1.9003726279897948,2.981454614041131,129.22533870330605,2.2593342006647616,5.106527394840706,0.0,0.0,0.0,0.0,5.969305287951849,4.9839785209472085,4.794537184071822,0.0,0.0,0.0,12.13273413692322,12.393687143226153,5.563451491696996,9.901064578912528,5.969305287951849,0.0,4.9839785209472085,0.0,0.0,0.0,30.08987277184637,0.0,0.0,0.0,0.0,0.0,16.059811203739763,0.0,0.0,10.357988675768818,0.0,0.0,50.19,5.969305287951849,4.794537184071822,0.0,5.563451491696996,0.0,0.0,18.460054211687762,6.06636706846161,0.0,4.9839785209472085,5.106527394840706,0.0,0.0,13.78601851851852,8.344814814814814,0.21990740740740788,-0.9415740740740743,2.842037037037037,0.0,0.0,0.0,1,0,0,0,1,2,3,1,0,0,0,1,0.7797999999999999,0,0,0,0,1,1,0,0,1,0,0,0,1,0,0,0,0,0,0,0,0,0,0,0,0,0,0,0,0,0,0,0,0,0,0,0,0,0,0,0,0,0,0,0,0,0,0,0,0,0,0,0,1,0,0,0,0,0,0,0,0,0,0,5,2.4444444444444446,1,1,0.0,88.0,3,0.25,0.20634920634920637,0.20634920634920637,0.19581634589643376,0.20634920634920637,0.42196511454823477,0.31737654198312654,0.31737654198312654,0.02137123305840784,0,0,0,0,0,1,0,0.3333333333333333,0.6666666666666666,0.2222222222222222,0.1111111111111111,0.0,0.2222222222222222,0.1111111111111111,0,0,0,0,0,1,0,0,0,0,1,0,0,1,0,0,0,0,0,1,0,0,0,0,0,0,0,0,0,0,0,0,0,0,0,0,0,0,0,1,0,0,1,0,0,0,0,0,0,0,1,0,0,1,0,0,0,0,0,0,0,0,0,0,1,1,0,1,0,0,0,0,1,0,1,0,0,0,0,0,0,1,0,0,0,0,1,0,0,0,0,0,0,0,0,0,0,0,0,0,1,0,0,0,0,1,0,0,0,0,0,0,0,0,1,0,0,0,0,0,0,0,1,0,0,1,0,1,0,0,0,0,0,0,0,0,0,0,0,0,0,0,0,0,0,0,0,0,0,0,0,0,0,0,0,0,0,0,0,0,0,0,0,0,0,0,0,0,0,0,0,0,0,0,0,0,0,0,0,0,0,0,0,0,0,0,0,0,0,0,0,0,0,1,0,0,0,0,0,0,0,0,0,0,0,0,0,0,0,0,0,0,0,0,0,0,0,0,0,0,0,0,0,0,0,1,1,0,0,0,0,0,0,0,0,0,0,0,0,0,0,0,0,0,0,0,0,0,0,1,0,1,0,0,0,0,0,0,0,0,0,0,0,0,0,1,0,1,0,0,0,0,0,0,0,0,0,0,0,0,0,0,1,0,0,1,0,1,0,1,1,1,1,1,0
8.736095993953137,0.04395746724615779,0.04395746724615779,0.3628973046812223,13.61111111111111,245.33,1.3888888888888888,2.2897428153787263,2.838773337676929,7684.376888411005,6.009621892056233,5.316788604006331,0.0,6.19315609577884,5.959554568743835,0.0,0.0,10.30076712495354,4.992404732635669,5.261891554738487,0.0,20.771211599071872,24.471461806010623,18.081073417909714,6.041840829147961,0.0,11.646940843427398,5.261891554738487,10.30076712495354,10.407395202032449,33.736789627910454,5.316788604006331,24.52642128014937,6.19315609577884,10.633577208012662,5.687386274683562,0.0,0.0,16.985373918839002,0.0,16.870038119914106,27.694948798762496,0.0,0.0,73.1,0.0,0.0,0.0,11.45683129854474,5.959554568743835,5.687386274683562,0.0,12.393687143226153,25.249627432392682,41.38117206066741,5.261891554738487,0.0,0.0,8.417869976694382,14.353530801209374,0.8843363410178889,0.4501157407407408,5.246087018140589,8.347299067775259,0.0,0.46153846153846156,2,0,0,0,1,3,5,2,0,0,0,1,2.3547800000000008,0,0,0,0,0,1,0,0,0,0,0,1,3,2,0,0,0,0,0,0,0,0,0,0,1,0,0,0,0,0,0,0,1,0,0,0,0,0,0,0,0,0,0,0,0,0,0,0,0,0,0,0,1,0,0,0,0,0,0,0,0,0,0,9,4.254901960784314,1,1,0.0,651.0,4,0.11764705882352938,0.2034313725490196,0.2034313725490196,0.214148932929439,0.2034313725490196,0.24429946746214293,0.21175043432449783,0.21175043432449783,0.01801846916792062,0,0,0,0,0,1,0,0.2777777777777778,0.7222222222222222,0.0,0.2777777777777778,0.0,0.5555555555555556,0.05555555555555555,1,1,0,0,0,0,1,0,1,1,0,0,0,0,0,0,0,0,0,0,0,0,1,0,1,0,0,1,0,0,0,0,0,1,1,0,0,0,0,1,0,0,0,0,0,0,0,0,0,0,0,0,0,1,0,0,1,0,1,0,0,0,1,1,0,0,0,1,0,0,0,0,0,0,1,0,0,0,0,0,0,1,0,0,0,1,1,0,0,0,0,0,0,0,0,0,0,0,0,0,1,0,0,0,1,0,0,0,0,1,0,0,1,0,1,0,0,0,0,1,0,0,1,0,1,0,0,1,0,0,0,0,0,0,0,0,0,0,0,0,0,0,0,0,0,0,0,0,0,0,0,0,0,1,0,0,0,0,0,0,0,0,0,0,0,0,0,0,0,1,0,1,0,0,0,0,0,0,0,0,0,0,0,0,0,0,0,0,0,0,0,0,0,1,1,0,0,0,0,0,0,0,1,0,0,1,1,0,1,0,0,0,0,0,0,0,0,0,0,0,0,0,0,0,0,0,1,0,0,0,0,0,0,0,1,0,0,0,0,0,1,0,0,0,0,0,0,1,0,1,0,0,0,0,0,0,0,0,0,1,0,1,0,1,0,1,0,0,0,1,1,0,0,0,0,0,0,1,0,1,0,0,0,0,1,0,1,0,1,1,1,1,0,1,0
9.37587962962963,0.037916666666666377,-0.28662037037037047,0.5858308475922274,10.25,169.18,1.3333333333333333,2.0917167227349727,3.2532934621839313,518.7457472382732,3.511902541144525,15.319582184522117,5.749511833283905,0.0,0.0,0.0,0.0,4.9839785209472085,0.0,0.0,0.0,0.0,6.923737199690624,17.323746555007066,18.907691923874296,15.319582184522117,0.0,0.0,4.9839785209472085,0.0,20.137501128716462,0.0,23.017674549855528,5.749511833283905,0.0,0.0,5.749511833283905,0.0,20.303560705469327,13.213763929025836,6.923737199690624,16.82083097824245,0.0,0.0,73.58000000000001,0.0,5.106527394840706,0.0,18.963275762309742,16.82083097824245,0.0,6.196843571613076,6.923737199690624,0.0,4.9839785209472085,10.213054789681411,0.0,0.0,3.836990740740741,27.0344567271353,1.2656018518518524,-0.037916666666666377,1.4450462962962964,1.1224877173091459,0.0,0.375,3,0,0,0,1,4,4,2,0,0,0,1,0.08021999999999985,0,2,2,0,0,1,0,1,0,0,0,0,1,0,0,0,0,0,0,0,0,0,0,0,0,1,0,0,0,0,0,0,0,0,0,0,0,0,0,0,0,0,0,0,0,0,0,0,0,0,0,0,1,0,0,0,0,0,0,0,0,0,0,6,2.8181818181818183,1,1,0.0,186.0,3,0.1818181818181818,0.1818181818181818,0.1818181818181818,0.1708026748005085,0.1818181818181818,0.3691143452995233,0.2631287040106223,0.2631287040106223,0.024273898809826028,0,0,0,0,0,1,0,0.3333333333333333,0.6666666666666666,0.25,0.08333333333333333,0.0,0.5,0.0,0,0,0,0,0,0,0,0,0,0,0,0,0,0,0,0,0,0,0,0,0,0,0,0,0,1,0,0,1,0,0,0,0,1,0,0,0,1,0,1,0,0,0,0,1,0,0,0,0,0,1,0,0,0,0,0,0,0,1,0,0,0,0,0,0,1,1,0,0,1,0,0,0,0,1,0,0,0,0,0,1,1,1,0,0,0,0,0,0,0,0,0,1,0,1,0,0,0,0,0,1,0,0,0,0,0,0,0,0,0,0,0,0,0,1,0,0,0,1,0,0,0,1,0,0,0,0,1,0,0,0,0,0,0,0,0,0,0,0,0,0,0,0,0,0,0,0,0,0,0,0,0,0,0,0,0,0,0,0,0,0,0,0,0,0,0,0,0,0,0,0,0,0,0,0,0,0,0,0,0,0,1,0,0,0,0,0,0,0,0,0,0,0,1,0,0,0,0,0,0,0,0,0,0,0,0,0,0,0,0,1,0,0,0,0,0,0,1,1,1,0,0,0,1,0,1,1,0,0,0,0,0,0,0,0,0,1,1,0,0,0,1,0,0,0,0,0,0,0,1,0,0,0,0,0,1,0,1,0,1,0,0,0,0,0,1,1,1,0,0,0,1,1,0,1,0,0,0,1,0,1,1,0,1,1,1,0,1,1,1,1,1,1,1,0
5.941251264101192,0.30940948601662877,0.30940948601662877,0.6778826115024819,12.333333333333334,303.83299999999997,1.0,2.54023234276253,1.9041693414958267,73239.97890652926,8.705162031710836,4.736862953800049,12.356393797796823,0.0,0.0,0.0,0.0,4.899909730850478,0.0,0.0,11.600939890232516,48.53093654769288,24.619922828310838,25.01135708594345,0.0,4.736862953800049,11.600939890232516,0.0,4.899909730850478,0.0,19.51033443475116,19.031641815395833,66.2271221763131,5.749511833283905,4.736862953800049,0.0,5.749511833283905,11.600939890232516,29.97339237539427,6.544756405912575,0.0,12.487188691387619,0.0,0.0,12.47,0.0,0.0,0.0,0.0,18.52872623863122,18.839024645109056,5.563451491696996,0.0,36.39820241076966,36.08911520438754,16.337802844032566,5.848035241874529,5.941251264101192,2.352453703703704,0.0,1.3001646090534982,1.539420797640044,0.0,4.592070656966491,0.0,0.3333333333333333,0,0,0,0,0,2,3,8,0,0,0,2,4.194900000000003,0,0,0,0,0,0,0,0,0,0,0,0,1,0,0,0,0,0,0,0,0,1,0,0,0,0,0,0,0,0,1,0,0,0,0,0,0,0,0,0,0,0,0,0,0,0,0,1,0,0,0,0,0,0,0,0,0,0,0,0,0,0,0,12,4.980952380952381,2,2,0.0,1046.0,3,0.10476190476190479,0.2095238095238095,0.2095238095238095,0.20379993246388348,0.2095238095238095,0.20897807481875,0.1965077421815941,0.1965077421815941,0.011436845792687925,0,0,0,0,0,2,0,0.14285714285714285,0.8571428571428571,0.047619047619047616,0.047619047619047616,0.0,0.45454545454545453,0.0,0,1,0,0,1,1,0,1,0,0,0,0,0,0,0,0,0,0,0,1,0,0,0,0,0,0,0,1,0,0,0,1,0,1,1,0,0,1,1,0,0,0,1,0,1,0,0,1,1,0,1,0,1,0,0,1,0,0,0,0,0,0,0,0,1,0,1,0,0,0,0,0,1,1,0,0,0,0,1,0,1,1,0,0,0,1,1,0,0,0,1,0,0,0,0,0,0,0,0,0,1,0,1,0,0,0,0,0,0,0,0,0,0,1,0,0,0,0,1,0,0,0,0,1,0,0,0,0,0,0,0,0,0,0,0,0,0,0,0,0,0,0,0,0,0,0,0,0,0,0,0,0,0,0,0,0,0,0,0,0,0,0,0,0,0,0,0,0,0,0,0,0,0,0,0,0,0,0,0,0,0,0,0,0,0,0,0,0,0,0,0,0,0,0,0,0,0,0,0,0,0,0,0,0,0,0,0,0,0,0,0,0,0,1,1,0,0,0,0,0,0,0,0,1,0,0,0,0,1,0,0,1,0,0,0,0,1,1,0,1,0,1,0,1,1,0,1,0,0,0,1,0,0,1,1,1,1,1,0,0,0,0,1,0,0,0,1,0,0,0,0,1,0,1,0,1,1,0,0,0,1,1,0,1,1,1,1,0,1,1,1,1,1,1,0
13.643057057489099,0.0172524144593047,-2.2407371425638924,0.23526258168565614,29.846153846153847,543.5250000000003,1.1538461538461537,2.9047365340290137,1.6862632099701684,374870204.0707537,9.662462759118538,45.47689331276586,29.456468275348325,17.85651662206509,5.783244946364939,0.0,0.0,14.383611552215466,0.0,0.0,0.0,12.13273413692322,12.990104268152233,41.994660173016975,42.112051179613424,54.12683738781914,17.34973483909482,0.0,0.0,5.733667477162185,62.43101960118041,13.716679505790452,51.579810155566804,17.248535499851716,10.470530430962235,0.0,17.248535499851716,0.0,86.73990246405225,20.68908471459793,0.0,68.83913015161656,0.0,0.0,206.07,95.6690042321333,39.91624852641899,0.0,34.4241394229979,0.0,0.0,25.30889874666236,6.923737199690624,0.0,0.0,19.944256338562333,16.992219914907572,0.0,39.73908207424436,53.69213165007618,2.373741684889566,-3.774704747880252,-5.122799847545572,0.5596546492817411,1.3221851690045994,0.4444444444444444,7,2,1,3,0,12,12,5,0,1,1,5,0.0012999999999993017,0,3,2,0,0,0,0,2,0,0,0,0,0,0,1,0,0,0,0,0,0,0,0,0,0,0,0,0,3,0,3,0,0,0,0,0,0,0,3,1,0,1,0,0,0,0,0,0,0,0,0,0,0,0,0,0,0,0,0,0,0,0,0,14,5.9271255060728745,5,5,0.0,4392.0,4,0.058029689608636977,0.13316555421818582,0.13316555421818582,0.1300698638006602,0.13316555421818582,0.17574981258267736,0.1276189154672853,0.1276189154672853,0.01422866075846377,0,0,0,0,0,2,1,0.3076923076923077,0.6923076923076923,0.28205128205128205,0.02564102564102564,0.0,0.6511627906976745,0.06976744186046512,1,1,1,0,0,0,0,0,0,0,1,1,1,0,0,1,1,0,0,1,0,0,0,1,0,0,0,0,0,1,1,0,0,1,1,0,1,0,1,1,1,0,1,0,1,0,1,1,1,0,1,0,1,0,0,1,0,1,1,0,0,1,0,0,1,0,1,0,1,0,1,0,0,1,1,1,1,1,0,1,1,1,1,1,0,0,1,0,1,0,0,0,1,0,1,0,1,0,1,0,1,1,0,0,0,1,0,0,0,0,0,1,1,0,0,0,1,0,0,0,0,1,0,1,0,1,0,0,0,0,0,0,0,0,0,0,0,0,0,0,0,0,0,0,0,0,0,0,0,0,0,0,0,0,0,0,0,0,0,0,0,0,0,0,0,0,0,0,0,0,0,0,0,0,0,0,0,0,0,0,0,1,1,0,0,1,0,0,0,0,0,0,0,0,1,0,0,0,0,0,1,0,0,0,0,0,0,0,0,0,1,0,1,0,0,0,0,1,1,1,0,1,0,1,0,1,1,0,0,1,0,0,1,1,0,0,1,1,0,1,1,1,0,0,0,0,0,0,0,0,0,1,0,1,1,1,1,1,0,1,1,1,0,0,1,1,0,1,1,0,0,1,1,1,1,0,0,1,1,1,1,1,1,1,1,1,1,1,1,1,1,1,1,1,0
13.635458711262281,0.032609231964390695,-2.9658901407785327,0.1428705577241176,36.0625,444.44000000000017,1.125,2.6996376544886194,2.0440400121833404,8427682.935942445,6.893358820274297,31.266304451365713,17.08178123500935,17.26739541199137,11.566489892729878,0.0,0.0,19.283521283065944,0.0,0.0,0.0,19.056471336613843,31.64306857167438,11.49101057623066,23.627164754754652,39.91624852641899,23.108899710750993,0.0,4.899909730850478,17.56947956948497,30.58850127373197,14.09534396535438,46.3553129035601,5.749511833283905,5.733667477162185,0.0,5.749511833283905,0.0,79.62448353738314,14.383611552215466,11.835812092322787,23.96854622924601,0.0,5.759164871656176,181.62,75.6387845918964,39.91624852641899,0.0,11.3129633249809,5.563451491696996,0.0,25.06162076466647,19.056471336613843,0.0,0.0,5.733667477162185,0.0,0.0,41.149270523815076,53.870803407451135,1.4353667284878977,-8.973887610472206,-1.6091515495086928,1.6710648673049469,2.9199007164339053,0.4090909090909091,7,3,0,3,0,10,10,1,2,0,2,4,-0.5041999999999991,0,4,3,0,0,0,0,1,0,0,0,0,1,0,1,0,1,0,0,0,0,0,0,0,0,0,0,0,3,0,0,0,0,0,0,0,0,0,3,3,0,0,0,0,0,0,0,0,0,0,0,0,0,0,0,0,0,0,0,0,0,0,0,11,4.709677419354839,4,4,0.0,2336.0,4,0.07056451612903225,0.12365591397849462,0.12365591397849462,0.12308995985720686,0.12365591397849462,0.21993011599683512,0.14957957908381553,0.14957957908381553,0.017807368633401988,0,0,0,0,0,1,2,0.3125,0.6875,0.25,0.0625,0.0,0.6857142857142857,0.14285714285714285,0,0,1,1,0,1,0,0,1,0,1,1,1,0,0,1,1,0,0,1,1,0,0,0,0,0,0,0,0,1,0,0,0,1,0,1,1,1,0,1,0,1,0,0,0,1,1,1,1,1,0,0,0,0,1,1,1,1,1,0,0,1,0,1,1,0,1,0,0,0,0,1,0,0,0,0,0,0,0,1,1,1,0,1,0,0,1,0,0,0,0,0,0,0,1,1,0,0,0,0,1,0,0,0,0,1,0,0,0,1,0,0,0,1,0,1,0,0,1,0,0,0,0,1,0,0,0,0,0,0,0,0,0,0,0,0,0,0,0,0,0,0,0,0,0,0,0,0,0,1,0,0,0,0,1,0,0,0,0,0,0,0,0,0,0,0,0,0,0,0,0,1,0,1,0,0,0,0,1,0,0,1,0,0,0,0,0,0,0,0,0,0,0,0,1,0,0,0,0,0,1,0,1,0,1,0,0,0,0,0,0,0,1,1,1,0,0,1,0,0,1,1,0,1,0,1,0,1,0,1,0,0,0,1,0,0,0,0,1,0,1,1,0,0,0,1,0,0,0,0,1,0,0,0,0,1,0,0,0,1,0,1,0,0,1,0,0,1,1,1,1,1,1,1,1,0,1,1,1,1,1,0,1,0,1,1,1,1,1,1,1,1,1,1,0
11.418943786641766,0.08956964740910789,0.08956964740910789,0.755913406639335,17.40740740740741,369.4690000000002,1.1481481481481481,3.168056093423033,1.2218802755815938,2867838.4257858926,8.499674795088241,10.05365155780638,5.749511833283905,5.824404497999927,5.907179729351506,0.0,0.0,4.794537184071822,4.681802935145185,0.0,5.098681808301038,19.26246486877803,66.29343100302161,18.52902952053558,12.648722793660879,9.53140013787187,11.594566004035068,0.0,20.20725493475596,0.0,70.25005705840807,11.923670568519249,29.58695719508175,5.749511833283905,10.05365155780638,5.687386274683562,5.749511833283905,0.0,32.72131662862038,17.63618042992384,0.0,68.79626980225297,0.0,0.0,81.93,0.0,4.794537184071822,0.0,5.907179729351506,19.06954441658689,48.50804058936843,32.10410811463005,0.0,18.19910120538483,25.52404353876229,4.736862953800049,7.947111405617482,0.0,11.418943786641766,15.242677014212129,2.061951054378974,1.96768110776839,10.473844913836235,0.6767262692113882,0.0,0.6,1,1,1,2,1,6,7,7,1,0,1,4,3.4647000000000014,0,0,0,0,0,4,0,0,0,0,0,0,4,1,0,0,0,0,0,0,0,0,0,0,1,2,0,0,1,0,1,0,0,0,0,0,0,0,0,0,0,0,0,0,0,0,0,0,0,0,0,0,0,0,0,0,0,0,1,0,0,2,0,17,6.555555555555555,4,4,0.0,2301.0,3,0.08547008547008549,0.2222222222222222,0.2222222222222222,0.19765622072441466,0.22222222222222227,0.1573439720724331,0.0,0.0,0.009559671412962947,0,0,0,0,1,2,1,0.25925925925925924,0.7407407407407407,0.07407407407407407,0.18518518518518517,0.0,0.6,0.03333333333333333,0,1,1,0,1,0,0,0,0,0,1,0,1,1,0,0,0,0,0,0,0,1,0,0,0,0,0,0,0,0,1,0,1,0,0,0,1,0,0,1,0,0,1,0,1,1,0,0,1,0,0,0,0,0,0,1,0,1,1,0,0,0,1,0,0,0,1,0,1,0,0,0,1,1,1,0,0,1,1,0,1,1,0,0,1,0,1,0,0,0,1,1,1,1,0,0,0,1,0,0,1,0,0,0,0,0,0,1,0,0,1,0,0,0,1,0,0,1,1,1,0,0,1,1,0,0,1,0,0,0,0,0,0,0,0,0,0,0,0,0,0,0,0,0,0,0,0,0,0,0,0,0,0,0,0,0,0,0,0,0,0,0,0,0,0,0,1,0,0,0,0,0,0,0,0,0,0,0,0,0,1,0,0,0,0,0,0,0,0,0,1,0,0,1,0,0,0,0,1,0,0,0,0,1,0,1,0,1,1,0,0,1,0,0,0,0,0,0,1,1,1,0,1,0,1,0,1,0,0,1,0,0,1,1,0,0,0,1,1,1,0,1,0,0,0,1,1,0,1,1,1,0,1,1,1,1,1,1,1,0,1,1,0,1,0,1,0,0,0,0,1,1,1,1,0,1,1,0,1,1,1,1,1,1,1,1,1,1,0,1,1,1,1,1,0
13.809625991907424,0.07124852016408312,-0.833277682731598,0.2628234200956571,21.933333333333334,613.8030000000003,1.0,3.317933722622015,1.285219856564186,9690025118.395958,14.643085866126452,20.846631997694075,6.041840829147961,0.0,11.814359458703011,0.0,0.0,24.372872350791805,0.0,0.0,0.0,60.6636706846161,61.93302788017348,62.99512209425977,18.249773604644567,19.802129157825057,11.814359458703011,0.0,25.417375190660824,5.917906046161393,76.40897255993835,26.1790256236503,101.37753086309188,0.0,10.633577208012662,0.0,0.0,0.0,86.77893671171081,28.975474019908237,5.917906046161393,55.48768001793382,0.0,0.0,118.03000000000002,35.74844573233727,19.802129157825057,0.0,24.779937487541595,32.475912463589744,28.798562372700555,0.0,6.196843571613076,93.69809292376269,25.417375190660824,0.0,0.0,0.0,35.887265478181696,28.5052082583052,3.6766292690542652,-0.7813825973835404,3.2603443654366497,8.742259043051524,0.0,0.4722222222222222,4,1,1,2,1,7,9,11,0,1,1,5,2.8669000000000016,0,2,2,0,0,1,0,0,0,0,1,0,3,2,0,0,0,0,0,0,0,0,0,0,0,0,0,0,1,0,0,0,0,0,0,0,0,0,0,0,0,0,0,0,0,0,0,0,0,0,1,0,1,0,0,0,0,0,0,0,0,0,0,19,7.866666666666666,5,5,0.0,7788.0,4,0.04949494949494951,0.15968992248062017,0.15968992248062017,0.17659435514172125,0.15968992248062017,0.13213504562885986,0.0944981307303527,0.0944981307303527,0.009973901318466377,0,0,0,0,1,3,1,0.2,0.8,0.08888888888888889,0.1111111111111111,0.0,0.5918367346938775,0.04081632653061224,1,1,1,1,0,1,0,0,1,0,1,0,1,0,0,0,0,0,1,1,0,0,0,0,0,0,0,0,1,0,1,1,0,1,0,0,0,1,0,1,1,0,1,0,1,0,0,1,0,1,1,0,0,1,0,1,1,1,0,0,0,1,0,0,1,0,0,1,0,0,0,0,1,1,1,0,0,0,0,1,1,1,0,0,1,1,1,0,0,1,1,1,0,0,0,0,1,0,1,1,1,1,1,1,0,1,0,1,1,0,0,0,0,0,1,1,1,0,1,0,0,0,1,1,1,1,0,1,0,0,0,0,0,0,0,0,0,0,0,0,0,0,0,0,0,0,0,0,0,0,0,0,0,0,0,0,0,0,0,0,0,0,0,0,0,0,0,0,0,0,0,0,0,0,0,0,0,0,0,0,0,0,1,0,0,0,0,0,0,0,0,0,0,1,1,0,0,0,0,0,0,0,1,1,0,0,0,1,1,0,0,0,0,1,1,0,0,0,1,1,1,0,0,1,1,1,1,0,1,1,0,0,1,1,0,0,0,0,1,1,1,0,0,0,0,1,1,0,1,1,1,0,0,1,0,1,1,1,0,1,1,1,0,0,1,1,1,1,1,1,1,1,1,1,1,1,1,1,1,1,1,1,1,1,1,1,1,1,1,1,1,1,1,1,0
12.880512618627698,0.18179368424446252,-0.997694058078032,0.4404838614326969,11.607142857142858,375.42400000000004,0.8571428571428571,2.7387977782118655,1.7562743377533576,2464129.226630554,8.971005080225428,15.160178952647085,0.0,6.22790117073487,5.783244946364939,0.0,5.969305287951849,4.794537184071822,4.794537184071822,0.0,0.0,54.59730361615449,42.316108456931055,17.857719730893475,5.563451491696996,19.4324647167844,17.43993650900035,0.0,0.0,0.0,13.151638370425495,11.923670568519249,89.98967487339495,11.126902983393991,5.316788604006331,5.687386274683562,0.0,0.0,29.69386076440528,4.736862953800049,0.0,27.639714551228256,0.0,11.126902983393991,75.63,12.197206458686718,9.589074368143644,0.0,11.346696438061935,17.857719730893475,11.126902983393991,12.13273413692322,24.26546827384644,49.38830667892189,5.316788604006331,9.843390348640755,5.577712737298777,0.0,23.84145147530716,12.01016557541319,3.4385750582272125,-1.1886451792672479,-0.8580987549340728,2.1733163087447,0.0,0.13043478260869565,2,0,0,0,0,4,5,8,0,0,0,3,4.709200000000003,0,0,0,0,1,0,0,0,1,0,0,0,0,1,0,0,0,0,0,0,0,0,0,0,1,0,0,0,0,0,1,0,0,0,0,0,0,0,1,1,0,0,0,0,0,0,0,0,0,0,0,0,0,0,0,0,0,0,0,0,0,0,0,16,6.124338624338624,3,3,0.0,2315.0,3,0.07936507936507935,0.19708994708994712,0.19708994708994712,0.17472667191710237,0.19708994708994712,0.1706933974755152,0.1666163010822774,0.1666163010822774,0.011981026364306518,0,0,0,0,0,3,0,0.17857142857142858,0.8214285714285714,0.14285714285714285,0.03571428571428571,0.0,0.3333333333333333,0.06666666666666667,1,1,1,0,0,1,0,0,1,0,1,0,0,0,0,0,0,0,0,0,0,0,0,1,0,0,0,0,0,0,0,0,0,1,0,0,0,1,1,1,0,0,0,0,1,0,0,1,0,0,1,0,0,0,0,1,0,0,0,0,1,0,0,1,1,0,0,0,1,1,0,0,1,0,0,1,0,0,0,0,1,1,0,0,0,0,1,0,0,1,0,0,1,0,0,0,1,0,0,0,1,0,0,0,0,1,1,0,0,0,0,0,0,0,1,0,0,0,0,0,0,0,0,0,0,1,0,0,0,0,0,0,0,0,0,0,0,0,0,0,0,0,0,0,0,0,0,0,0,0,0,0,0,0,0,0,0,0,0,0,0,0,0,0,0,0,0,0,0,0,0,0,0,0,0,0,0,0,0,0,0,0,0,0,0,0,0,0,0,0,1,0,0,0,0,0,0,0,0,0,1,0,0,0,0,0,0,0,0,0,0,0,0,0,0,0,0,0,1,0,1,0,0,1,0,0,0,0,0,0,0,0,0,0,0,0,0,1,1,0,0,0,1,0,0,1,0,0,0,0,0,1,0,1,1,0,0,0,0,1,0,1,0,1,1,0,0,1,1,0,0,0,0,1,1,0,0,0,0,1,1,1,1,1,1,1,1,1,1,1,1,1,1,1,0
12.010730895804398,0.6642884962627024,-0.9578487726332241,0.6990736026363058,21.192307692307693,386.5860000000001,1.1153846153846154,2.6551437871560064,1.6444417704231018,1167402.9997616042,7.847806796945353,14.352569335391319,6.255769183511404,4.895483475517775,0.0,0.0,0.0,0.0,0.0,0.0,0.0,30.31544070924034,68.29621600459951,28.443931254557693,11.374772549367124,4.552749873690364,34.312511972143525,0.0,4.899909730850478,0.0,46.41157774740533,31.29286370886422,42.46456947923127,0.0,4.899909730850478,11.374772549367124,0.0,11.761884949391115,41.88745441170256,11.175854473385288,0.0,25.683286491704038,0.0,0.0,29.54,11.175854473385288,4.552749873690364,0.0,0.0,6.041840829147961,17.86106150435636,46.972960775093284,6.255769183511404,17.828252017852726,53.245693855147806,0.0,12.010730895804398,0.8597733456585368,8.437737167912434,0.0,2.488296642731167,0.0,6.8845789644336115,2.214325102707137,2.2600300417075307,0.42857142857142855,0,0,2,2,0,4,5,4,0,1,1,4,4.901100000000005,0,0,0,0,0,0,0,0,0,0,0,0,2,0,0,0,0,1,0,0,0,0,0,0,2,0,0,0,2,0,0,0,0,0,0,0,0,0,0,0,0,0,0,0,0,0,0,1,0,1,0,0,0,0,0,0,0,0,0,0,0,0,0,11,4.935384615384615,4,4,0.0,1604.0,3,0.08923076923076924,0.163974358974359,0.163974358974359,0.16314212689725088,0.163974358974359,0.21093387767211125,0.16102837067792297,0.16102837067792297,0.012543075250263089,0,0,0,0,0,2,1,0.19230769230769232,0.8076923076923077,0.038461538461538464,0.07692307692307693,0.07692307692307693,0.5862068965517241,0.0,1,1,0,0,1,0,0,0,0,0,1,0,0,1,0,1,1,0,0,0,0,1,0,0,0,0,0,0,0,0,1,0,0,1,0,1,1,0,0,1,0,0,0,0,0,1,0,1,0,1,1,0,0,1,0,0,0,0,0,0,0,0,0,0,1,0,0,1,0,0,0,0,1,1,0,1,1,1,1,0,1,1,0,0,0,0,1,1,0,0,0,0,0,0,1,0,0,0,0,0,1,0,1,0,1,0,1,1,0,0,0,1,0,0,0,0,0,0,0,0,0,1,1,1,1,0,0,0,0,0,0,0,0,0,0,0,0,0,0,0,0,0,0,0,0,0,0,0,0,0,0,0,0,0,0,0,0,0,0,0,0,0,0,0,1,0,0,0,1,0,0,0,0,0,0,0,0,1,0,1,0,0,0,0,0,0,0,1,0,1,0,0,1,0,0,1,0,0,0,0,0,0,0,1,0,0,0,0,1,1,0,0,0,1,1,0,1,0,0,0,0,1,0,0,0,0,1,0,1,1,1,0,0,1,0,0,1,0,0,1,0,0,0,1,1,0,1,0,1,1,1,0,1,1,0,0,1,1,0,0,0,0,0,1,0,1,1,0,0,0,1,0,1,1,0,1,1,1,1,0,0,1,0,1,1,0,1,0,1,1,1,1,1,1,0
10.532445200302343,0.6713425925925929,-1.4179629629629635,0.3850054008235984,25.833333333333332,176.124,1.5,2.3151802572988025,2.796067066263468,518.6003776349318,2.9969802601028404,25.162972533162872,6.103966387748303,11.86313125940448,5.759164871656176,0.0,5.969305287951849,0.0,4.794537184071822,0.0,0.0,0.0,0.0,0.0,6.606881964512918,29.957509717234693,5.969305287951849,0.0,0.0,0.0,12.207932775496605,6.606881964512918,11.518329743312352,0.0,0.0,0.0,0.0,0.0,45.210229607324194,9.53140013787187,0.0,0.0,0.0,0.0,107.22000000000001,36.30244977127373,4.794537184071822,0.0,0.0,0.0,0.0,0.0,0.0,0.0,4.736862953800049,20.426109579362823,4.31550925925926,0.0,10.532445200302343,35.04547146636432,0.0,-2.7786574074074073,-2.7767592592592605,-0.6713425925925929,0.0,0.5,4,0,1,1,0,6,6,2,0,0,0,1,-1.4073999999999995,0,4,4,0,0,0,0,0,0,0,0,0,0,0,0,0,0,0,0,0,0,0,0,0,0,0,0,0,0,1,1,0,0,0,0,0,0,0,0,0,1,0,0,0,0,0,0,0,0,0,0,0,0,0,0,0,0,0,0,0,0,0,0,6,2.8484848484848486,1,1,0.0,188.0,3,0.1818181818181818,0.18484848484848485,0.18484848484848485,0.18746288276632173,0.18484848484848485,0.3661780908620434,0.258862602335647,0.258862602335647,0.026477093969076517,0,0,0,0,1,0,1,0.5,0.5,0.5,0.0,0.0,0.8333333333333334,0.16666666666666666,0,1,0,0,1,0,0,0,0,0,1,0,0,0,0,0,1,0,0,0,1,0,0,0,0,0,1,0,0,0,0,0,0,0,0,1,0,0,0,1,0,0,0,0,0,0,0,0,0,0,0,0,0,0,0,0,0,0,1,0,0,0,0,0,1,0,1,0,0,0,0,0,1,0,0,1,0,0,0,0,1,0,0,0,0,0,0,0,0,0,0,1,0,0,1,0,0,0,1,1,1,0,1,0,0,0,0,0,0,1,1,0,0,0,0,0,0,0,0,0,0,0,0,1,0,0,0,0,0,0,0,0,0,0,0,0,0,0,0,0,0,0,0,0,0,0,0,0,0,0,0,0,0,0,0,0,0,0,0,0,0,0,0,0,0,0,0,0,0,0,0,0,0,0,0,0,0,0,0,0,0,1,1,0,0,1,0,0,0,0,0,0,0,0,0,0,0,0,0,0,1,0,0,0,1,0,0,0,0,0,1,1,0,0,0,0,0,1,0,1,0,0,0,0,1,0,0,1,0,0,0,0,1,0,0,0,0,1,0,0,0,0,0,0,0,0,0,0,0,0,0,1,0,0,0,1,0,0,0,1,1,0,0,0,0,1,0,1,1,0,0,1,0,0,1,0,0,0,1,0,1,1,1,1,0,1,0,1,0,0,0,0,1,1,0
12.826666981607458,0.09193056080456885,-1.6949844256139357,0.46304615262258836,12.892857142857142,384.24500000000006,1.1071428571428572,2.6752263701822323,2.1619332305440584,1408881.2155927708,10.531039362336648,20.68162235814467,11.735768823996422,0.0,5.907179729351506,5.907179729351506,7.118392334224363,14.573052889090853,4.9839785209472085,0.0,0.0,44.179309741689295,17.9021791607844,18.814508766152162,12.138036169478873,19.63711951827565,18.932751792927373,0.0,20.60153424990708,5.917906046161393,38.67215107224702,0.0,60.17974554369273,0.0,10.633577208012662,0.0,0.0,0.0,50.931787411967555,11.21535880699783,5.917906046161393,36.320212692924535,0.0,0.0,124.44000000000001,30.91578521994113,19.63711951827565,0.0,18.032655663935863,6.4208216229260096,5.563451491696996,18.59053071483923,0.0,44.179309741689295,20.60153424990708,0.0,0.0,0.0,33.07797794477448,24.450794335551283,0.9456827653901069,-1.7203417003471129,4.78381958130921,3.8310241943936028,-1.6949844256139357,0.3684210526315789,4,0,0,0,1,6,9,9,0,0,0,2,0.36059999999999964,0,0,0,0,0,2,0,0,0,0,0,0,2,2,0,0,0,0,0,0,0,0,0,0,0,0,0,0,0,0,0,0,0,0,0,0,0,0,0,0,0,0,0,0,0,0,0,0,0,0,0,0,0,0,0,0,0,0,0,0,0,0,0,12,5.603174603174603,2,2,0.0,2118.0,3,0.07671957671957673,0.17704517704517708,0.17704517704517708,0.19307526204585698,0.17704517704517708,0.18606262126818657,0.166306096629323,0.166306096629323,0.012775835361020714,0,0,0,0,0,2,0,0.32142857142857145,0.6785714285714286,0.14285714285714285,0.14285714285714285,0.0,0.5172413793103449,0.06896551724137931,1,1,1,0,0,1,0,0,0,0,1,0,0,0,0,1,0,0,0,0,0,0,0,0,0,0,0,1,0,1,0,0,0,1,0,0,0,0,0,1,1,0,1,0,1,0,0,1,0,0,1,0,1,0,0,1,0,0,0,0,0,1,1,0,1,0,0,1,0,0,0,0,0,0,1,0,0,0,0,1,1,1,0,0,0,0,1,1,0,1,1,0,0,0,0,0,1,0,0,1,1,1,1,0,0,0,0,0,0,0,0,0,0,0,0,0,0,1,0,1,0,0,1,0,0,1,0,1,0,0,0,0,0,0,0,0,0,0,0,0,0,0,0,0,0,0,1,0,0,0,0,0,0,0,0,0,0,0,0,0,0,0,0,0,0,0,0,0,0,0,0,1,1,0,0,0,0,0,0,0,0,0,1,0,0,0,0,0,0,0,0,0,0,1,0,0,0,1,0,0,0,0,1,0,0,0,0,1,1,0,0,0,0,0,0,0,0,0,1,0,1,0,0,1,0,1,1,0,0,0,1,0,1,0,0,0,0,0,1,1,0,0,0,1,0,1,0,0,1,1,0,0,1,1,0,0,0,0,1,1,0,0,0,0,1,1,0,1,1,0,1,0,0,1,1,0,1,1,0,1,0,0,1,1,1,0,1,1,1,1,1,1,1,1,0
14.048314571487927,0.09389397875807282,-1.1801932788072345,0.16276043934928294,12.731707317073171,558.6500000000003,0.8536585365853658,3.2826385446891564,1.8911368586991832,1186797891.381011,13.391123510541881,25.203470436319805,5.817220841045895,0.0,0.0,5.907179729351506,5.969305287951849,9.589074368143644,4.39041504767482,0.0,0.0,62.37841094707412,66.28465468617706,23.489522167141594,29.88613388496807,29.299071600340582,17.563871291986917,0.0,4.567099647791355,0.0,57.78053449572985,5.316788604006331,102.00373928605393,22.384282469939446,5.316788604006331,10.077801322358383,0.0,0.0,43.971099625113425,11.339293589984397,5.817220841045895,55.07976198493796,0.0,22.384282469939446,111.79,24.598059686374462,24.192544205499875,0.0,37.02870626832339,28.07166874462301,11.257379486545457,12.13273413692322,12.13273413692322,79.0782447317887,5.316788604006331,5.106527394840706,15.998983327452047,0.0,25.023454499271384,32.78224420143489,4.773502105591753,-1.9345567444934908,-2.507398410465587,4.25238810622198,0.0,0.2727272727272727,4,0,0,0,1,5,8,12,0,0,0,4,6.313600000000008,1,2,2,0,0,1,0,0,1,0,0,0,1,1,0,0,0,0,0,0,0,0,0,0,1,0,0,0,0,0,0,0,0,0,0,0,0,0,0,0,0,0,0,0,0,0,0,1,0,0,0,0,0,0,0,0,0,0,0,0,0,0,0,16,6.5634146341463415,4,4,0.0,5382.0,3,0.053658536585365846,0.14265165728580365,0.14265165728580365,0.14461228102174564,0.14265165728580365,0.16058759515334153,0.10899022044828689,0.10899022044828689,0.01129594615392419,0,0,0,0,1,4,0,0.1951219512195122,0.8048780487804879,0.12195121951219512,0.04878048780487805,0.0,0.4318181818181818,0.045454545454545456,1,1,1,0,0,1,1,0,1,0,1,0,0,0,0,1,0,0,0,0,0,0,0,0,1,0,0,1,0,1,0,0,0,1,1,0,0,1,0,1,1,1,0,0,0,0,0,1,0,0,0,0,0,1,0,0,0,0,1,1,0,0,0,1,1,0,0,0,0,0,0,0,0,1,1,0,0,1,0,0,1,1,0,1,0,0,1,0,0,0,1,0,0,0,0,1,1,0,0,1,1,0,1,1,0,0,0,0,0,1,0,0,1,0,0,0,0,1,1,0,0,1,0,0,0,1,0,0,0,0,0,0,0,0,0,0,0,0,0,0,0,0,0,0,0,0,0,0,0,0,0,0,0,0,0,0,0,0,0,0,0,0,0,0,0,0,0,0,0,0,1,0,0,0,0,0,0,0,0,0,0,1,0,0,0,0,0,0,0,0,1,0,0,1,0,0,0,0,0,0,0,0,1,1,0,0,0,0,1,0,0,1,0,1,0,1,0,1,1,1,1,0,0,0,1,1,0,0,1,0,0,0,1,0,0,1,1,0,1,1,0,0,0,0,0,1,1,0,0,1,1,1,0,1,0,0,1,1,0,1,1,1,1,1,1,1,0,1,1,0,1,0,1,1,1,1,1,1,1,1,1,1,1,1,1,1,1,1,1,1,1,1,1,1,0
12.31310941043084,0.3519444444444446,-1.1392824074074075,0.8001945345367882,16.842105263157894,252.27300000000002,0.7368421052631579,2.7647753330153657,2.2308361050041707,37379.76250236775,4.2423570760462965,5.316788604006331,0.0,5.538925252383345,0.0,5.907179729351506,6.031114512338072,10.111325788078153,4.794537184071822,0.0,0.0,60.6636706846161,11.126902983393991,0.0,0.0,9.589074368143644,11.938294241689578,0.0,10.633577208012662,0.0,5.538925252383345,0.0,71.7905736680101,0.0,10.633577208012662,4.794537184071822,0.0,0.0,11.938294241689578,10.333462436455168,0.0,11.126902983393991,0.0,0.0,58.2,11.570039764721418,9.589074368143644,0.0,5.907179729351506,0.0,11.126902983393991,0.0,0.0,60.6636706846161,10.633577208012662,0.0,0.0,0.0,23.885786564625853,5.065824829931973,0.34136574074074133,-0.3519444444444446,0.0,0.0,0.0,0.06666666666666667,2,0,1,1,0,2,4,2,0,1,1,3,1.7696,0,0,0,0,0,0,0,0,0,0,0,0,0,2,0,0,0,0,0,0,0,0,0,0,0,0,0,0,0,0,0,0,0,0,0,0,1,0,0,0,0,0,0,0,0,0,0,0,0,0,0,0,0,0,0,0,0,0,0,0,0,0,1,8,3.608187134502924,3,3,0.0,617.0,4,0.12280701754385966,0.15342277261781906,0.15342277261781906,0.18161751628940806,0.15342277261781906,0.2888150847695002,0.19696153758792956,0.19696153758792956,0.016805248345693944,0,0,0,0,1,2,1,0.21052631578947367,0.7894736842105263,0.10526315789473684,0.10526315789473684,0.0,0.3333333333333333,0.09523809523809523,0,0,1,0,1,1,0,0,0,0,1,1,0,0,0,0,0,0,0,0,0,0,0,0,0,0,0,0,0,0,0,0,0,0,0,0,1,0,1,0,0,0,0,0,1,0,0,1,0,0,0,0,0,0,1,0,0,0,1,0,0,0,0,0,1,0,0,0,0,0,0,0,0,1,0,0,1,0,0,0,0,1,0,0,0,0,1,0,0,0,1,0,1,0,0,0,0,0,0,0,1,0,0,0,0,0,0,0,0,0,0,0,0,0,1,1,1,0,0,0,0,0,0,0,0,0,0,0,0,0,0,0,0,0,0,0,0,0,0,0,0,0,0,0,0,0,0,0,0,0,0,0,0,0,0,0,0,0,0,0,0,0,0,0,0,1,0,0,0,0,0,1,0,0,0,0,0,0,0,0,0,0,1,0,0,0,0,0,0,0,1,0,0,0,1,0,0,0,0,0,0,0,0,0,0,1,0,1,0,0,0,1,0,0,0,0,0,1,0,0,1,0,0,1,1,1,0,0,0,0,0,0,0,0,1,0,0,0,1,0,1,0,0,0,0,1,0,0,1,1,0,0,0,1,0,1,0,0,0,1,0,0,0,0,1,1,0,0,0,0,1,1,0,1,0,0,0,0,1,1,0,0,1,0,1,0,1,1,0,1,1,1,1,1,0
12.399077853363568,0.05425925925925967,-0.5860185185185185,0.755476256361758,11.176470588235293,226.279,1.0588235294117647,2.396581886028139,2.371936959939713,8781.076030407103,4.454042614687935,0.0,0.0,5.783244946364939,0.0,0.0,0.0,14.76249422596624,0.0,0.0,0.0,6.06636706846161,37.61002709646307,30.3508257781493,5.41499046939678,4.794537184071822,5.783244946364939,0.0,9.967957041894417,0.0,19.26246486877803,0.0,60.17974554369273,0.0,0.0,0.0,0.0,0.0,15.751201988259357,5.41499046939678,0.0,29.76891456684706,0.0,0.0,42.85,5.41499046939678,4.794537184071822,0.0,5.783244946364939,5.563451491696996,5.563451491696996,0.0,36.920108423375524,25.980208536304467,9.967957041894417,0.0,0.0,0.0,20.434730568153185,0.0,0.9512093726379443,0.05425925925925967,6.691172682035777,3.8042592592592595,0.0,0.21428571428571427,0,0,0,0,2,3,3,3,0,0,0,2,2.637100000000001,0,0,0,0,0,2,0,0,0,0,0,0,2,0,0,0,0,0,0,0,0,0,0,0,0,0,0,0,0,0,0,0,0,0,0,0,0,0,1,1,0,0,0,0,0,0,0,0,0,0,0,0,2,0,0,0,0,0,0,0,0,0,0,9,3.7058823529411766,2,2,0.0,504.0,4,0.1323529411764706,0.1803921568627451,0.1803921568627451,0.2102741203527414,0.1803921568627451,0.28009375715212287,0.2144160084915718,0.2144160084915718,0.018114114996039578,0,0,0,0,0,2,0,0.17647058823529413,0.8235294117647058,0.058823529411764705,0.11764705882352941,0.0,0.2777777777777778,0.05555555555555555,0,0,0,0,0,0,0,0,1,1,1,0,0,0,0,0,0,0,0,1,0,0,0,0,1,1,0,0,0,0,0,0,0,1,0,0,0,0,0,1,0,0,1,0,0,0,0,0,0,0,1,0,0,1,0,0,0,0,0,0,0,0,0,0,1,1,0,1,0,0,0,0,0,0,1,0,0,1,0,0,1,1,0,0,0,0,1,0,0,0,0,0,1,0,0,0,0,1,0,0,1,0,0,0,0,1,0,0,0,0,1,0,0,0,1,0,0,0,0,0,0,0,1,0,0,1,1,1,0,0,0,0,0,0,0,0,0,0,0,0,0,0,0,0,0,0,0,0,0,0,0,0,0,0,0,0,0,0,0,0,0,0,0,0,0,0,0,0,0,0,0,0,0,0,0,0,0,0,0,0,0,0,0,0,0,0,0,0,0,0,0,0,0,1,1,0,0,0,0,0,0,0,1,0,0,0,0,0,0,0,0,0,0,0,0,0,0,0,0,0,0,0,0,0,0,1,1,0,0,0,0,0,0,0,0,0,0,0,0,0,1,0,0,0,0,0,0,0,1,1,0,0,0,1,0,0,0,0,0,0,0,0,0,0,0,1,0,0,0,0,1,0,0,1,0,0,0,1,0,0,1,0,1,0,0,0,0,0,1,1,1,1,1,1,0
13.740066933811072,0.029635475121586374,-1.0294599704615044,0.5250269393753955,25.55263157894737,523.5460000000003,1.131578947368421,3.213860988725715,1.362110907775749,430491492.2681737,10.738620489366959,20.10730311561276,23.819450482292343,0.0,18.104386188038223,11.814359458703011,5.969305287951849,33.96557696526085,5.008912523954532,0.0,0.0,24.26546827384644,37.63879335139506,31.155527779429374,6.4208216229260096,33.4464118279592,40.37047263428746,0.0,25.63538077686893,0.0,63.44339453109977,13.151638370425493,42.222606908769585,0.0,10.633577208012662,0.0,0.0,0.0,82.16701536141873,28.651874643887382,0.0,49.51631049324095,0.0,10.772448428929591,147.24,48.10639369278546,23.97268592035911,0.0,44.01521096340348,18.227867460316816,5.386224214464796,16.21466861952214,25.122838405075452,12.13273413692322,15.617555728959871,9.473725907600098,10.542383050934447,0.0,69.28571227102066,9.445406794180643,0.170493818281656,-2.413425780048202,1.4919385227700523,2.3133224186917394,0.0,0.46153846153846156,2,0,3,3,1,8,12,6,0,3,3,5,0.6559000000000019,0,0,0,0,0,1,0,0,0,0,0,0,3,2,0,0,0,0,0,0,0,0,0,0,0,0,0,0,2,1,2,0,0,1,0,0,0,0,0,0,1,0,0,0,0,0,0,0,0,0,0,0,1,0,0,0,0,0,0,0,0,0,0,17,6.638691322901849,5,5,0.0,4667.0,3,0.05974395448079659,0.15663031452505136,0.15663031452505136,0.18100000471764588,0.15663031452505138,0.15675752440320903,0.13275669844140295,0.13275669844140295,0.011393572930701356,0,0,0,0,1,2,3,0.3157894736842105,0.6842105263157895,0.18421052631578946,0.13157894736842105,0.0,0.6190476190476191,0.11904761904761904,1,0,0,1,1,1,1,0,0,1,1,0,0,0,0,0,1,0,0,1,0,0,0,0,0,1,0,0,0,1,1,0,1,1,1,0,0,1,1,1,0,0,0,1,1,1,0,1,0,1,0,0,0,1,0,1,0,1,1,1,0,0,1,1,1,0,0,0,0,0,0,0,1,0,1,0,1,1,0,1,1,1,1,1,0,0,1,0,0,0,0,0,0,0,0,0,0,0,1,0,1,0,1,1,1,0,1,0,0,0,1,1,0,0,0,0,0,0,0,0,0,0,1,1,0,1,1,0,0,0,0,0,0,0,0,0,0,0,0,0,0,0,0,0,0,0,0,1,0,0,0,0,0,0,0,0,0,0,0,0,0,0,0,0,0,0,0,0,0,0,0,0,0,0,0,0,0,0,0,0,1,0,0,0,0,1,0,0,0,0,0,0,0,1,0,0,0,0,0,0,0,0,0,0,0,0,0,1,1,0,0,1,0,0,0,0,0,1,1,1,1,0,1,1,1,1,1,0,1,1,0,0,1,1,0,0,0,1,1,1,0,0,1,0,0,1,1,0,1,1,1,1,1,1,1,1,1,1,0,1,1,1,0,0,1,1,1,0,1,0,1,1,0,1,1,1,1,0,1,1,0,1,1,1,1,1,1,1,1,1,1,1,1,1,0
13.816034106202729,0.06129158974266491,-0.9753959649121573,0.378225602855961,22.142857142857142,577.7220000000002,1.0,3.0112826694922825,1.1992355117376579,2815861698.484548,13.254178299258303,25.166616078338272,23.079789748099113,0.0,11.814359458703011,0.0,5.969305287951849,14.488984098994122,4.794537184071822,0.0,0.0,44.73975782831788,79.98366806325811,26.1790256236503,11.6674178794453,29.333529295696927,17.78366474665486,0.0,15.116608065707286,5.917906046161393,88.94062068121693,19.634269217737724,59.65783953108687,11.49902366656781,10.05365155780638,0.0,11.49902366656781,0.0,75.11554068505455,16.133830774056218,5.917906046161393,80.63257197349054,0.0,0.0,119.41000000000001,23.654037757231457,19.49013894705617,0.0,23.2957169965614,43.97493613015756,50.63313763516563,18.55355575984923,12.13273413692322,29.165378004696915,17.140435534547432,9.843390348640755,5.856862063180724,0.0,42.70786574010984,23.202265299722814,0.4611200162046869,0.0740620541423267,7.152717352062582,4.720774910693147,0.0,0.5454545454545454,3,1,2,3,0,6,9,10,1,2,3,5,4.580000000000004,0,1,1,0,1,0,0,0,1,0,0,0,2,1,0,0,0,1,0,0,0,0,0,0,0,0,0,0,0,0,1,0,0,0,0,0,0,0,0,0,0,0,0,0,0,0,0,0,0,1,1,0,0,0,0,0,0,0,0,0,0,0,0,23,8.413472706155632,5,5,0.0,7244.0,4,0.05342624854819977,0.18533681765389082,0.18533681765389082,0.15038617468519647,0.18533681765389082,0.1247212104569042,0.10297397438726036,0.10297397438726036,0.010819179284331288,0,0,0,0,0,2,3,0.21428571428571427,0.7857142857142857,0.14285714285714285,0.07142857142857142,0.0,0.6739130434782609,0.06521739130434782,1,1,1,0,1,1,0,0,0,0,1,0,0,0,0,0,1,0,0,1,0,1,1,0,0,0,1,0,0,1,1,0,0,1,0,0,1,0,1,1,0,0,0,0,0,1,1,1,0,0,0,0,0,0,1,1,0,0,1,0,0,0,0,0,0,1,1,0,0,0,0,0,1,1,0,0,0,0,1,1,1,1,1,0,0,0,1,0,0,0,1,0,0,0,0,1,0,0,1,1,1,1,0,0,0,1,1,1,0,0,0,0,0,0,1,0,0,0,0,1,0,1,1,1,1,1,0,1,0,0,0,0,0,0,0,0,0,0,0,0,0,0,0,0,0,0,0,0,0,0,0,0,0,0,0,0,0,0,0,0,0,0,0,0,0,0,0,0,0,0,0,0,0,0,0,0,0,0,0,0,0,0,1,0,0,0,0,0,0,0,0,0,0,0,1,0,0,0,0,0,0,0,0,1,0,0,0,1,1,0,0,0,0,1,1,0,0,1,1,1,1,0,0,1,0,1,1,0,1,0,0,0,0,1,0,0,0,0,1,1,1,1,1,1,1,1,1,0,1,1,1,1,0,1,1,1,1,1,0,1,0,0,0,0,1,1,1,1,1,0,1,1,0,1,1,1,1,0,1,1,1,1,1,1,1,1,1,1,1,1,1,1,1,1,0
6.34462962962963,0.10023715041572134,0.10023715041572134,0.7159243797705694,12.428571428571429,297.423,1.0476190476190477,3.0564837074338524,1.9028725223173684,130768.59893884994,6.74349609375,10.05365155780638,11.853478221032208,0.0,0.0,0.0,0.0,0.0,0.0,0.0,11.336785877934737,42.46456947923127,36.491449510443694,16.684193031092107,0.0,4.736862953800049,22.10923430686433,0.0,5.316788604006331,0.0,12.524788010674312,13.592428388589765,64.85451358032171,5.749511833283905,10.05365155780638,0.0,5.749511833283905,11.336785877934737,13.592428388589765,0.0,0.0,17.40193520437561,0.0,10.772448428929591,21.259999999999998,0.0,0.0,0.0,6.103966387748303,0.0,18.71508986212249,15.64959562263089,11.336785877934737,7.04767198267719,65.29415499062674,4.736862953800049,6.34462962962963,1.7533271657428402,1.2760964663643237,7.701506939195432,0.0,0.960743575207861,1.0588031462585028,0.9378301366843035,1.9755924561182499,0.2222222222222222,1,0,0,0,1,3,3,6,0,0,0,3,4.630900000000003,0,0,0,0,0,0,0,0,0,0,0,0,0,1,0,0,0,0,0,0,0,0,0,0,0,0,0,0,1,0,1,0,0,0,0,0,0,0,0,0,0,0,0,0,0,0,0,0,0,0,0,0,0,0,0,0,0,0,0,0,1,0,0,10,4.433333333333334,3,3,0.0,931.0,3,0.10952380952380954,0.18070175438596486,0.18070175438596486,0.19084024041544703,0.18070175438596486,0.2343369660959292,0.19164257679628444,0.19164257679628444,0.011674573966187964,0,0,0,0,1,3,0,0.14285714285714285,0.8571428571428571,0.047619047619047616,0.047619047619047616,0.047619047619047616,0.30434782608695654,0.0,1,1,1,0,0,0,0,0,0,1,0,0,0,0,1,1,0,0,0,0,0,0,1,0,1,0,0,1,0,0,0,1,0,1,0,1,0,1,0,0,0,0,0,0,0,0,0,1,0,0,1,0,0,0,0,1,0,0,0,0,0,0,0,1,1,0,0,0,0,0,0,0,0,0,0,1,1,1,1,0,1,1,0,0,0,0,1,0,1,0,0,0,1,0,1,0,0,1,0,1,1,0,0,0,0,0,0,0,0,0,0,0,0,1,0,0,0,0,1,0,0,0,0,0,0,0,0,1,0,0,0,0,0,0,0,0,0,0,0,0,0,0,0,0,0,0,0,0,0,0,0,0,0,0,0,0,0,0,0,0,0,0,0,0,1,0,0,0,0,0,0,0,0,0,0,0,0,0,0,0,0,0,0,0,0,0,0,0,0,0,0,0,0,0,0,0,0,0,0,0,0,0,0,0,0,0,0,0,0,1,1,1,0,0,1,0,1,0,0,0,0,1,0,0,1,1,0,0,1,1,0,0,1,1,0,0,0,0,0,1,0,1,0,1,1,0,1,0,0,0,0,0,0,1,1,1,0,0,0,0,1,0,0,0,0,1,0,0,0,0,0,1,0,1,0,1,0,0,0,1,1,1,0,1,0,1,1,0,1,1,1,1,1,1,0
13.37295743726705,0.039453436700426,-0.4706478344676952,0.7091922744684137,15.814814814814815,387.85000000000014,1.1851851851851851,2.669722964708036,1.5959234208525108,1782926.426966897,7.575736618306902,15.533486938863138,23.177942351042958,5.817862777835028,5.948339280986494,0.0,0.0,0.0,24.326329131463655,0.0,0.0,11.600939890232516,51.177929245739186,11.729227103831523,11.219476885354403,4.39041504767482,40.08792965897012,0.0,24.83582381463931,0.0,18.88348407499998,30.770762002515003,41.56311900654967,0.0,10.633577208012662,21.844003381179903,0.0,11.600939890232516,51.014849438289616,0.0,5.817220841045895,12.841643245852019,5.022633313741326,11.033401435232523,78.86,5.817220841045895,4.39041504767482,0.0,5.022633313741326,34.528830597885566,25.93115605767717,18.460054211687762,12.263210640074686,0.0,42.517073005329166,11.600939890232516,13.37295743726705,5.855413634305922,19.75673074877188,6.562410275670072,1.8220835094572474,0.5881891241840786,5.192551763934941,2.0962117841858934,2.1247391064756687,0.3333333333333333,2,0,1,1,2,7,9,4,0,1,1,4,3.4620000000000015,0,0,0,0,0,4,0,0,0,0,0,0,5,2,0,0,0,1,0,0,0,0,0,0,3,0,0,0,1,0,0,0,0,0,0,0,0,0,0,0,0,0,0,0,0,0,0,0,0,1,0,0,0,0,0,0,0,0,0,0,0,0,0,15,5.6581196581196584,4,4,0.0,1986.0,3,0.0854700854700855,0.18632478632478633,0.18632478632478633,0.17382645903337704,0.18632478632478633,0.18427264371008217,0.16238937274800377,0.16238937274800377,0.011459375403402767,0,0,0,0,0,3,1,0.3333333333333333,0.6666666666666666,0.0,0.25925925925925924,0.0,0.43333333333333335,0.0,1,0,0,0,0,0,0,0,1,0,0,0,0,0,0,0,1,0,1,1,0,0,0,0,0,0,0,0,0,0,1,0,1,1,0,0,0,0,0,1,0,1,0,0,1,1,1,0,1,1,0,0,0,1,1,0,0,0,0,1,1,0,0,1,0,0,0,0,1,0,0,0,1,1,1,1,0,0,0,1,1,1,0,0,1,0,1,1,1,0,0,0,0,0,1,0,0,1,1,0,1,0,0,0,0,1,0,1,0,0,1,0,1,0,0,0,0,0,0,1,1,1,1,1,0,0,0,1,0,0,0,0,0,0,0,0,0,0,0,0,0,0,0,0,0,0,0,0,0,0,0,0,0,1,0,0,0,0,0,0,0,0,0,0,0,0,1,0,0,0,1,0,0,0,0,0,0,0,0,0,0,0,0,0,0,0,0,0,0,0,0,0,0,1,0,0,0,0,0,0,0,0,0,1,0,1,0,1,1,0,0,0,0,1,1,1,0,0,1,0,0,1,0,0,0,0,1,0,1,1,0,1,1,1,1,1,0,0,0,1,0,0,0,1,1,0,1,0,1,1,1,0,0,1,0,0,1,1,0,1,0,1,1,1,0,1,1,0,0,0,1,0,1,1,0,1,1,0,1,1,0,1,0,0,1,0,1,0,1,1,1,1,0,1,0
3.8277437641723355,0.8588917233560089,0.8588917233560089,0.7354070672581984,30.75,277.496,0.65,2.551779563650304,1.6083797130755597,71858.11251239256,7.8230600428570565,5.316788604006331,0.0,0.0,0.0,0.0,0.0,0.0,0.0,0.0,0.0,70.62903785218613,43.56093941317478,6.041840829147961,0.0,0.0,0.0,0.0,5.316788604006331,17.75371813848418,95.93334355011213,6.544756405912575,0.0,0.0,5.316788604006331,0.0,0.0,0.0,12.586597235060536,0.0,17.75371813848418,89.89150272096417,0.0,0.0,12.03,0.0,0.0,0.0,0.0,0.0,23.79555896763214,70.75297263517268,25.683286491704038,0.0,5.316788604006331,0.0,0.0,0.0,0.0,3.8277437641723355,0.0,3.2197713529856387,21.142482048374905,1.2844444444444445,0.0,1.0,1,2,1,3,0,1,1,4,2,1,3,3,5.295400000000005,0,0,0,0,0,0,0,0,0,0,0,0,0,1,0,0,0,0,0,0,0,0,0,0,0,0,0,0,0,0,0,0,0,0,0,0,0,0,0,0,0,0,0,0,0,0,0,0,0,1,0,0,0,0,0,0,0,0,0,0,0,0,0,9,4.221052631578948,3,3,0.0,802.0,3,0.11578947368421051,0.1789473684210526,0.1789473684210526,0.18940869580723899,0.1789473684210526,0.24662882994196922,0.20055634427440908,0.20055634427440908,0.009564733417834929,0,0,0,0,0,0,3,0.05,0.95,0.0,0.05,0.0,1.0,0.0,0,1,1,0,1,0,0,0,0,0,0,0,0,0,0,0,0,1,0,0,0,0,0,0,0,0,0,0,0,0,1,0,0,0,0,0,0,0,0,0,0,0,0,0,0,1,0,0,0,1,0,0,0,0,1,0,0,0,1,0,0,0,0,0,0,0,0,0,0,1,0,0,0,0,0,0,0,0,0,0,1,0,0,0,0,0,0,0,0,0,1,0,0,0,0,0,0,0,1,1,1,0,1,0,0,0,0,0,0,0,0,0,0,0,0,0,1,0,0,0,1,0,1,1,0,1,0,0,0,0,0,0,0,0,0,0,0,0,0,0,0,0,0,0,0,0,0,0,0,0,0,0,0,0,0,0,0,0,0,0,0,0,0,0,0,0,0,0,0,0,0,0,0,0,0,0,0,0,0,0,0,0,0,0,0,0,0,0,0,0,0,0,0,0,0,0,0,0,0,0,0,0,0,0,0,0,0,0,0,0,1,0,0,0,0,0,0,0,1,1,0,0,0,0,0,0,1,0,1,0,0,0,1,0,0,0,0,0,0,1,0,0,0,0,0,0,1,0,0,1,0,0,0,0,0,0,1,1,0,0,0,0,0,0,0,1,0,0,0,0,0,0,0,1,0,1,0,0,0,1,0,1,0,1,1,0,1,0,0,1,0,1,0,1,0
12.93673469387755,0.13079270597127768,-0.13697491496598602,0.6527189222048309,22.681818181818183,309.4940000000001,1.0,2.5965001563808814,1.9368165406411606,114495.27089577135,8.9049901544223,9.636772684650527,6.606881964512918,0.0,0.0,0.0,5.969305287951849,4.794537184071822,0.0,0.0,0.0,52.37240413693732,44.69070534969059,6.544756405912575,5.41499046939678,9.53140013787187,5.969305287951849,0.0,4.899909730850478,11.332896515558172,78.05569062864137,26.241151182250643,0.0,0.0,0.0,0.0,0.0,0.0,37.110366201052976,9.53140013787187,11.332896515558172,78.05569062864137,0.0,0.0,29.54,0.0,4.794537184071822,0.0,11.384295757348628,12.52478801067431,32.475912463589744,51.36657298340809,0.0,0.0,18.747384130231726,4.736862953800049,5.791649659863946,0.0,15.25760015117158,0.0,-0.13697491496598602,0.7164439510372053,12.297809754679344,7.823471398213912,0.0,0.9473684210526315,0,2,0,2,0,3,3,7,2,0,2,2,4.402200000000004,0,0,0,0,0,0,0,0,0,0,0,0,1,0,0,0,1,0,0,0,0,0,0,0,0,0,0,0,0,1,1,0,0,0,0,0,0,0,0,0,0,0,0,0,0,0,0,0,0,0,0,0,0,0,0,0,0,0,0,0,0,0,0,11,4.757575757575758,2,2,0.0,1099.0,4,0.09956709956709958,0.18787878787878787,0.18787878787878787,0.20125726892884166,0.18787878787878787,0.21992092815383602,0.1667464322348101,0.1667464322348101,0.01505873120403507,0,0,0,0,0,0,2,0.13636363636363635,0.8636363636363636,0.09090909090909091,0.045454545454545456,0.0,0.9565217391304348,0.043478260869565216,0,0,1,0,1,0,0,0,0,0,1,0,0,1,0,0,1,0,0,1,0,0,0,0,0,0,0,1,0,0,1,1,0,1,0,0,1,0,1,1,0,0,0,0,1,1,0,0,0,0,0,0,0,0,0,1,0,0,0,0,1,1,0,0,0,1,0,0,0,0,0,0,0,0,0,0,0,1,0,0,1,0,0,0,0,0,0,1,0,0,0,0,0,0,1,0,0,1,0,0,0,0,1,0,0,0,0,0,1,0,0,0,0,1,0,0,0,0,0,0,0,0,1,1,0,1,0,0,0,0,0,0,0,0,0,0,0,0,0,0,0,0,0,0,0,0,0,0,0,0,0,0,0,0,0,0,0,0,0,0,0,0,0,0,0,0,0,0,0,0,0,0,0,0,0,0,0,0,0,0,0,0,0,0,0,0,0,0,0,0,1,0,0,0,1,0,0,0,0,0,0,0,0,0,0,0,0,0,0,0,0,0,0,1,1,0,0,0,0,0,0,0,0,1,0,0,0,0,1,0,0,0,0,0,0,0,1,1,0,1,1,0,1,0,1,0,1,0,0,0,1,1,0,0,1,0,1,1,0,0,1,0,0,0,0,0,1,0,0,0,0,0,0,1,0,1,1,1,0,0,0,1,1,1,0,1,1,1,1,1,0,1,1,1,0
6.197967984518909,0.878347741874528,0.878347741874528,0.7928094140981296,15.823529411764707,263.793,1.2352941176470589,2.792906788080226,1.741225139957795,15922.361598845368,4.807937906226536,0.0,0.0,0.0,0.0,0.0,0.0,4.899909730850478,0.0,0.0,11.336785877934737,29.800041095617345,35.06052151370914,29.53404972518035,0.0,0.0,22.937725768167255,0.0,4.899909730850478,0.0,19.51033443475116,6.544756405912575,56.73858160361058,0.0,0.0,0.0,0.0,22.937725768167255,11.444666136763054,19.51033443475116,0.0,16.00405017709529,5.022633313741326,0.0,3.24,0.0,0.0,0.0,0.0,0.0,24.65690253147905,17.54772460632,4.877147193701299,23.469520014857956,28.479073706701225,11.600939890232516,0.0,8.082096368382743,4.024452422944487,3.076425325788752,2.7232868795666416,0.0,1.1780283919123204,3.150548626858151,0.0,0.2857142857142857,0,0,1,1,1,2,3,2,0,0,0,3,3.959800000000002,0,0,0,0,0,0,0,0,0,0,0,0,1,0,0,0,0,0,0,0,0,0,0,0,0,0,0,0,1,0,0,0,0,0,0,0,0,0,0,0,0,0,0,0,0,0,0,0,0,0,0,0,0,0,0,0,0,0,0,0,1,0,0,9,3.9191176470588234,3,3,0.0,533.0,3,0.13970588235294118,0.1946078431372549,0.1946078431372549,0.1825057340058694,0.1946078431372549,0.2631850014219621,0.2211943390777042,0.2211943390777042,0.012820760656084753,0,0,0,0,1,2,0,0.17647058823529413,0.8235294117647058,0.0,0.058823529411764705,0.058823529411764705,0.42105263157894735,0.0,1,0,0,0,0,0,0,0,0,0,0,0,1,0,1,0,0,0,0,1,0,0,0,0,0,0,1,0,0,0,1,1,0,0,0,1,0,0,0,1,0,0,1,0,0,0,0,1,0,1,0,0,0,0,0,0,0,0,0,0,0,1,0,0,1,0,0,0,0,1,1,0,1,1,1,0,0,0,1,0,1,1,0,0,1,0,1,0,0,0,0,0,0,0,0,0,0,0,0,0,1,1,0,0,0,0,0,0,0,0,1,0,0,0,0,0,0,1,1,0,0,0,0,0,0,0,0,1,0,0,0,0,0,0,0,0,0,0,0,0,0,0,0,0,0,0,0,0,0,0,0,0,0,0,0,0,0,0,0,0,0,0,0,0,1,0,0,0,0,0,0,0,0,0,0,0,0,0,0,0,0,0,0,0,0,0,0,0,0,0,0,0,0,0,0,0,0,0,0,0,0,0,0,1,0,0,0,0,0,1,0,1,0,1,1,1,1,0,0,0,0,0,0,0,1,0,1,0,1,1,0,1,0,1,0,1,0,0,0,1,0,0,0,0,0,0,1,0,1,1,1,0,0,1,0,0,1,1,0,0,0,0,1,0,0,1,1,0,0,0,0,0,1,1,0,1,1,0,1,0,0,1,0,1,0,0,1,0,0,1,1,1,0,1,0
11.384498299319727,0.03734410430838975,-0.03734410430838975,0.7000907484342611,25.6,208.261,1.6666666666666667,2.7563007869744327,2.064704832030699,4051.762156852416,4.044863499807325,9.303962601591405,0.0,0.0,0.0,0.0,5.969305287951849,4.794537184071822,4.9839785209472085,0.0,0.0,6.923737199690624,12.841643245852019,24.85634959530012,18.85210808543885,9.53140013787187,5.969305287951849,0.0,9.551078168738563,18.883484074999977,19.765380445542643,6.606881964512918,18.21809164122608,0.0,0.0,0.0,0.0,0.0,22.12726542120333,22.99989374347507,11.835812092322787,19.038486817465095,0.0,0.0,44.12,0.0,4.794537184071822,0.0,11.887211334113243,12.52478801067431,18.53557124070048,0.0,6.3273200747645415,24.735352401772246,4.9839785209472085,4.736862953800049,7.0845729402872255,0.0,15.455381235827662,0.0,1.1636574074074075,0.3495077475434616,5.380486111111111,2.593263888888889,1.9731306689342403,0.6363636363636364,0,0,1,1,1,4,4,3,0,1,1,2,1.1618000000000002,0,0,0,0,0,2,0,0,0,0,0,0,2,0,0,0,0,0,0,0,0,0,0,0,0,1,0,0,0,1,1,0,0,0,0,1,0,0,0,0,1,0,0,0,0,0,0,0,0,0,0,0,0,0,0,0,0,0,0,0,0,0,0,7,3.4952380952380953,2,2,0.0,367.0,3,0.15238095238095237,0.19194139194139195,0.19194139194139195,0.20787795903031303,0.19194139194139195,0.296157375060414,0.23857707619481128,0.23857707619481128,0.01855799362526612,0,0,0,0,2,1,1,0.26666666666666666,0.7333333333333333,0.13333333333333333,0.13333333333333333,0.0,0.625,0.0625,0,1,0,1,0,0,0,1,0,0,1,0,0,0,1,0,1,0,0,0,0,1,0,0,0,0,0,0,0,1,1,0,0,1,0,0,1,1,1,1,0,1,0,0,0,1,1,0,0,0,0,0,0,0,0,0,0,1,1,0,0,0,0,0,0,0,0,1,0,0,1,0,0,0,1,0,0,0,0,0,1,1,0,0,0,0,0,0,0,0,0,0,0,0,0,0,0,1,1,0,1,0,0,0,0,0,0,0,0,0,0,0,1,0,0,1,0,0,0,0,0,1,1,1,0,0,0,1,0,0,0,0,0,0,0,0,0,0,0,0,0,0,0,0,0,0,0,0,0,0,0,0,0,0,0,0,0,0,0,0,0,0,0,0,0,0,0,0,0,0,0,0,0,0,0,0,0,0,0,0,0,0,0,0,0,1,0,0,0,0,0,0,0,1,0,0,0,0,0,0,0,0,0,1,0,1,0,1,0,0,0,1,0,1,0,0,0,0,0,0,0,1,0,0,1,0,0,0,0,0,0,0,0,0,0,0,1,1,0,1,0,0,1,0,1,0,0,0,1,1,1,1,0,0,0,1,1,1,0,0,0,0,0,0,0,1,0,0,0,0,1,1,1,0,0,0,1,1,1,0,0,1,1,1,1,1,1,1,1,1,1,0,1,1,0
11.068854593745467,0.3976773379104732,-0.5327429844119058,0.8327124144827058,10.555555555555555,265.33799999999997,1.5555555555555556,2.7686852384208223,2.1939902741755097,16664.71645005493,5.769921587334713,9.720841474747257,0.0,0.0,5.948339280986494,0.0,6.093240070938415,5.316788604006331,9.77851570501903,0.0,11.761884949391115,6.923737199690624,30.372776435057627,4.895483475517775,18.143198976510057,9.53140013787187,34.836865736548546,0.0,9.967957041894417,0.0,18.24004229813441,18.179439752030653,18.19910120538483,0.0,5.316788604006331,10.742876465058316,0.0,11.761884949391115,28.923848260857152,4.736862953800049,0.0,13.344558822616634,0.0,11.033401435232523,67.00999999999999,6.093240070938415,4.794537184071822,0.0,0.0,5.948339280986494,23.207076664905323,12.005281016795308,11.761884949391115,18.19910120538483,26.94534579939142,0.0,4.512820287843737,1.8031088067943224,19.547607769398443,2.50902982489292,1.726627456538171,1.4878674064131319,0.6069655639140668,2.1528895893501776,1.3169454925118707,0.3333333333333333,2,0,0,0,1,4,6,4,0,0,0,2,3.2433000000000005,0,0,0,0,0,2,1,0,0,0,0,0,1,2,0,0,0,0,0,0,0,0,0,0,1,0,0,0,1,0,1,0,0,0,0,1,0,0,0,0,0,1,0,0,0,0,0,0,0,0,0,0,0,0,1,0,0,0,0,0,0,0,0,12,4.4183006535947715,2,2,0.0,676.0,3,0.12418300653594769,0.21364379084967322,0.21364379084967322,0.1468334102122691,0.21364379084967322,0.2383125829920603,0.1967749559168736,0.1967749559168736,0.015513846392094906,0,0,0,0,1,2,0,0.3333333333333333,0.6666666666666666,0.1111111111111111,0.16666666666666666,0.05555555555555555,0.42105263157894735,0.05263157894736842,1,0,0,0,0,0,0,0,0,1,1,0,0,1,0,0,1,0,0,0,0,0,1,1,1,0,1,0,0,0,1,0,0,1,0,0,0,0,1,1,0,0,1,1,0,0,0,0,0,0,0,0,0,0,0,1,0,0,0,0,0,0,0,1,0,1,0,0,0,0,0,0,0,1,0,0,0,0,1,0,1,1,0,0,0,1,1,1,0,0,1,0,0,0,1,0,0,0,0,0,1,0,0,1,0,0,0,1,0,0,0,0,0,0,0,1,1,1,0,1,0,0,1,0,0,1,0,1,0,0,0,0,0,0,0,0,0,0,0,0,0,0,0,0,0,0,0,0,0,0,0,1,0,1,0,0,0,0,0,0,0,0,0,0,0,0,0,0,0,0,0,1,0,0,0,0,0,0,0,0,0,0,0,0,0,0,0,1,0,0,0,0,1,1,0,0,0,0,0,0,0,0,0,0,0,1,0,1,0,1,0,1,0,0,0,0,1,0,0,0,0,1,0,0,1,1,0,0,0,1,0,0,0,1,1,0,0,0,1,0,0,0,1,1,0,1,1,0,1,1,0,1,0,1,1,0,0,0,0,1,0,1,0,1,0,1,0,0,0,0,1,0,0,0,0,1,0,1,0,1,0,1,1,1,1,1,1,1,1,1,1,1,1,1,0
10.864683484504914,0.38708333333333367,-0.5379109977324259,0.720984649471693,10.071428571428571,191.19000000000003,1.5,2.590414113297658,2.3104906039484137,2507.520861672133,3.3706725661083032,9.720841474747257,0.0,0.0,5.948339280986494,0.0,6.093240070938415,5.316788604006331,9.77851570501903,0.0,0.0,12.13273413692322,12.13273413692322,0.0,18.143198976510057,9.53140013787187,23.07498078715743,0.0,9.967957041894417,0.0,0.0,12.426586145283864,24.26546827384644,0.0,5.316788604006331,10.742876465058316,0.0,0.0,23.170994654110363,4.736862953800049,0.0,0.0,0.0,11.033401435232523,67.00999999999999,6.093240070938415,4.794537184071822,0.0,0.0,5.948339280986494,11.033401435232523,7.109797541277533,0.0,24.26546827384644,20.021608599700794,0.0,4.44009023053666,0.0,17.935563114134546,2.4531944444444442,1.6785241874527594,0.38708333333333367,-0.5379109977324259,0.0,1.3035591458805744,0.1111111111111111,2,0,0,0,1,3,5,1,0,0,0,2,1.7411999999999996,0,0,0,0,0,2,1,0,0,0,0,0,1,2,0,0,0,0,0,0,0,0,0,0,1,0,0,0,1,0,1,0,0,0,0,1,0,0,0,0,0,1,0,0,0,0,0,2,0,0,0,0,0,0,0,0,0,0,0,0,0,0,0,8,3.4505494505494507,2,2,0.0,314.0,3,0.16483516483516483,0.20421245421245418,0.20421245421245418,0.16410859404803224,0.20421245421245418,0.3016094087397291,0.23607972248813186,0.23607972248813186,0.016857190509406744,0,0,0,0,1,2,0,0.35714285714285715,0.6428571428571429,0.14285714285714285,0.21428571428571427,0.0,0.26666666666666666,0.06666666666666667,1,0,0,0,0,0,0,0,0,0,1,0,0,0,0,0,1,0,0,0,0,0,1,1,1,0,0,0,0,0,0,0,0,1,0,0,0,0,0,1,0,0,1,0,0,0,0,1,0,0,0,0,0,0,0,1,0,0,0,0,0,0,0,1,1,0,0,0,0,0,0,0,0,1,0,0,0,0,1,0,0,1,0,0,0,0,1,1,0,0,1,0,0,0,1,0,0,0,0,0,1,0,0,0,0,0,0,0,0,0,0,0,0,0,0,1,1,0,0,1,0,0,1,0,0,1,0,1,0,0,0,0,0,0,0,0,0,0,0,0,0,0,0,0,0,0,0,0,0,0,0,1,0,1,0,0,0,0,0,0,0,0,0,0,0,0,0,0,0,0,0,1,0,0,0,0,0,0,0,0,0,0,0,0,0,0,0,0,0,0,0,0,0,1,0,0,0,0,0,0,0,0,0,0,0,1,0,1,0,0,0,1,0,0,0,0,0,0,0,0,0,1,0,0,1,1,0,0,0,1,0,0,0,1,1,0,0,0,1,0,0,0,0,0,0,1,0,0,1,1,0,1,0,1,1,0,0,0,0,1,0,1,0,1,0,1,0,0,0,0,1,0,0,0,0,0,0,0,0,1,0,0,1,0,1,1,1,1,1,1,1,1,1,1,0
11.048278462058224,0.35138104161417694,-0.5587846510785723,0.8725109720202993,10.333333333333334,249.26999999999998,1.5,2.7686852384208223,2.1939902741755097,16664.71645005493,5.394841750550562,14.457704428547306,5.749511833283905,0.0,5.948339280986494,0.0,6.093240070938415,5.316788604006331,9.77851570501903,0.0,0.0,6.923737199690624,18.55355575984923,6.06636706846161,24.750080941022972,14.268263091671919,23.07498078715743,0.0,9.967957041894417,0.0,13.344558822616634,19.033468109796782,18.19910120538483,5.749511833283905,10.05365155780638,10.742876465058316,5.749511833283905,0.0,29.77787661862328,4.736862953800049,0.0,13.344558822616634,0.0,11.033401435232523,76.24000000000001,6.093240070938415,4.794537184071822,0.0,0.0,12.555221245499412,23.203734891442437,7.109797541277533,0.0,25.122838405075452,20.021608599700798,4.736862953800049,10.007208646582292,0.0,18.22182973441902,2.475016219450743,1.555794123204838,1.1269533152767284,0.3957387120622149,2.7222463245195025,1.3002788258452038,0.3333333333333333,2,0,0,0,1,4,6,4,0,0,0,2,2.5300000000000002,0,0,0,0,0,2,1,0,0,0,0,0,1,2,0,0,0,0,0,0,0,0,0,0,1,0,0,0,1,0,2,0,0,0,0,1,0,0,0,0,0,1,0,0,0,0,0,0,0,0,0,0,0,0,0,0,0,0,0,0,0,0,0,12,4.4183006535947715,2,2,0.0,676.0,3,0.12418300653594769,0.21364379084967322,0.21364379084967322,0.1468334102122691,0.21364379084967322,0.2383125829920603,0.1967749559168736,0.1967749559168736,0.015513846392094906,0,0,0,0,1,2,0,0.3333333333333333,0.6666666666666666,0.16666666666666666,0.16666666666666666,0.0,0.42105263157894735,0.05263157894736842,1,0,0,0,0,0,0,0,0,0,1,0,0,1,0,0,1,0,0,0,0,0,1,0,1,0,1,0,0,0,0,0,0,1,0,0,0,0,1,1,0,0,1,0,1,0,0,0,0,0,0,0,0,1,0,1,0,0,0,0,0,0,0,1,0,1,1,0,0,0,0,0,0,1,0,0,1,0,1,0,1,1,0,0,0,0,1,1,0,0,1,0,0,1,1,0,0,0,0,0,1,0,1,0,0,0,0,1,0,0,0,0,0,0,0,1,1,1,0,1,0,0,1,0,0,1,0,1,0,0,0,0,0,0,0,0,0,0,0,0,0,0,0,0,0,0,0,0,0,0,0,1,0,1,0,0,0,0,0,0,0,0,0,0,0,0,0,0,0,0,0,1,0,0,0,0,0,0,0,0,0,0,0,0,0,0,0,0,0,0,0,0,0,1,0,0,0,0,0,0,0,0,0,0,0,1,0,1,0,0,0,1,0,0,0,0,0,0,0,0,0,1,0,0,1,1,0,0,0,1,0,0,0,1,1,0,0,1,1,0,0,1,1,1,0,1,1,0,1,1,0,1,0,1,1,1,0,0,0,1,1,1,0,1,0,1,0,0,0,0,1,1,0,0,1,1,0,1,0,1,1,1,1,1,1,1,1,1,1,1,1,1,1,1,0
12.568396954481036,0.04520626746168088,-1.012484854401225,0.16221462387574467,55.54545454545455,780.9490000000002,0.6909090909090909,3.673753658404126,0.8374981988041249,1464396350590.4775,15.080660135484404,63.79720504564457,24.918781127757825,18.870080188005637,0.0,0.0,5.969305287951849,0.0,4.794537184071822,0.0,0.0,13.847474399381248,106.79750376659157,30.75347544500869,54.4327819129701,68.59174222971639,5.969305287951849,0.0,0.0,34.501605123439134,196.86248511485988,6.606881964512918,11.64912463690315,0.0,0.0,0.0,0.0,0.0,134.83011288572968,37.952577860672164,34.501605123439134,105.24772385063923,0.0,0.0,203.05999999999997,90.92578534586912,35.43370155311605,0.0,61.11132711687205,18.75954929201341,44.09803426762532,0.0,19.92349450621513,13.847474399381248,6.923737199690624,33.15804067660034,42.07609305117681,0.0,11.94416008709359,66.86696110569042,-0.8917606903031147,0.20418191395697838,-1.5118808956400893,9.895578761358749,0.0,0.926829268292683,6,4,4,8,0,14,14,7,4,3,7,8,2.218100000000003,0,6,5,0,0,0,0,0,0,0,0,0,0,0,0,0,0,0,0,0,0,0,0,0,0,0,0,0,5,1,7,0,0,0,0,0,0,0,0,0,1,0,0,0,0,0,0,0,0,0,0,0,0,0,0,0,0,0,0,0,0,0,0,28,10.06060606060606,8,8,0.0,14940.0,4,0.041750841750841754,0.17095483133218983,0.17095483133218983,0.15480961919362635,0.17095483133218978,0.10345861803964604,0.08258769838347592,0.08258769838347592,0.01131179135421842,0,0,0,0,2,0,8,0.2545454545454545,0.7454545454545455,0.2545454545454545,0.0,0.0,0.967741935483871,0.03225806451612903,0,1,1,1,0,0,0,1,0,0,1,0,1,0,0,0,1,0,0,0,0,0,0,1,0,0,0,0,0,1,1,1,0,1,0,0,1,1,1,1,0,1,1,1,0,1,0,1,0,0,1,0,0,0,0,1,0,1,1,1,1,0,0,1,0,0,0,1,1,1,0,0,0,0,0,0,0,1,0,1,1,1,1,0,1,0,1,0,0,0,0,0,1,0,0,0,0,1,0,1,1,1,0,0,1,1,0,0,0,1,0,0,1,0,1,0,0,1,0,1,1,0,1,1,1,0,0,0,0,0,0,0,0,0,0,0,0,0,0,0,0,0,0,0,0,0,0,0,0,0,0,0,0,0,0,0,0,0,0,0,0,0,0,0,0,0,0,0,0,0,0,0,0,0,0,0,0,0,1,0,0,1,1,0,0,1,0,0,0,0,1,0,0,0,1,0,0,0,0,0,1,0,0,0,1,0,0,0,0,0,0,1,0,0,0,0,0,1,1,1,0,0,0,0,1,0,1,1,0,1,0,0,1,1,0,0,1,1,0,0,1,0,0,1,1,0,1,0,1,0,0,1,0,0,1,1,1,1,0,1,1,0,0,0,0,1,0,1,1,1,0,1,0,1,1,1,0,1,1,0,1,1,1,0,0,1,0,1,1,0,0,1,1,1,0
11.735951803368392,0.22956898346395982,-0.4670423696657009,0.7166041254699328,22.64516129032258,441.54900000000015,1.1612903225806452,3.0646728998652573,1.4050354429726284,9100031.311102703,8.111623031088127,14.580253302440804,29.45646827534832,0.0,5.907179729351506,5.239211713172287,0.0,14.905862972149976,0.0,0.0,0.0,23.894619086314336,81.34395377125175,5.563451491696996,5.249938029982174,24.169327670584448,22.908276391914907,0.0,5.316788604006331,0.0,57.80840250850639,6.606881964512918,52.08272573233142,17.248535499851716,14.790514511606428,4.794537184071822,17.248535499851716,11.761884949391115,33.71078964284328,17.63618042992384,20.771211599071872,41.16181628110161,0.0,0.0,84.86,5.601050810983688,14.69560176298435,0.0,16.396329472505965,18.777215420722833,63.919809320295926,0.0,0.0,51.960417072608934,5.316788604006331,9.473725907600098,12.445402640742058,1.0365045406869118,23.048428320067714,12.001405126208347,4.311500190575578,1.723017442961701,2.127327869441606,8.283852937816661,0.0,0.4166666666666667,2,0,2,2,0,6,7,5,0,1,1,4,4.374260000000002,0,0,0,0,0,0,0,1,0,0,0,0,0,1,0,0,0,0,0,0,0,0,0,0,0,0,0,0,1,0,2,0,0,0,0,0,1,0,0,0,0,0,0,0,0,0,0,0,0,0,0,0,0,0,1,0,0,0,0,0,0,0,0,17,6.651612903225806,4,4,0.0,3093.0,4,0.0731182795698925,0.19488320355951055,0.19488320355951055,0.17332399709230129,0.19488320355951058,0.15593665068215118,0.13026704261817276,0.13026704261817276,0.01402571006667736,0,0,0,0,1,2,1,0.22580645161290322,0.7741935483870968,0.16129032258064516,0.03225806451612903,0.03225806451612903,0.5882352941176471,0.058823529411764705,1,0,1,0,0,0,1,0,0,0,1,0,0,0,1,0,1,0,0,0,0,0,0,0,0,0,0,0,0,0,1,1,1,1,0,1,1,0,0,1,1,1,1,0,1,0,0,0,1,0,0,0,0,0,1,1,0,0,1,0,0,1,0,0,0,0,1,0,0,0,0,0,0,0,1,0,0,0,1,0,1,1,0,0,0,0,1,0,1,0,1,1,0,0,1,0,0,0,0,0,1,0,1,0,1,1,0,0,1,0,0,0,1,0,0,0,0,0,0,0,0,0,1,1,1,0,0,0,0,0,0,0,0,0,0,0,0,0,0,0,0,0,0,0,0,0,0,0,0,0,0,0,0,0,0,0,0,0,0,0,0,0,0,0,1,0,0,0,0,0,0,0,0,0,0,1,0,0,0,0,0,0,0,0,0,1,0,0,0,0,0,0,0,0,1,0,0,0,0,0,1,0,0,0,0,0,0,0,0,1,0,1,0,0,0,0,1,1,1,1,1,0,0,0,1,0,1,0,0,1,0,0,0,1,1,0,1,1,1,0,1,1,0,1,1,1,1,0,1,1,0,0,0,1,1,1,0,1,0,1,1,0,0,0,1,1,0,1,1,1,0,1,1,1,1,1,0,1,1,1,1,1,1,1,1,1,1,1,1,1,1,1,1,1,0
11.695363126732174,0.006588745065927881,-0.6658739606953901,0.5301148369563783,26.5,277.28399999999993,1.6,2.9072026161536444,2.1214831804234486,47631.60766306131,4.4263734949925535,25.49780043558216,5.647177220767728,5.516700717616262,5.948339280986494,0.0,5.559266895052007,4.794537184071822,4.9839785209472085,4.9839785209472085,0.0,6.578935683598497,11.993926152995277,5.917906046161393,25.080009256173724,10.213054789681411,17.112217219370482,0.0,19.51903521063298,5.917906046161393,18.566628839822272,12.340549441675103,28.83316436755613,0.0,11.29293437221419,5.948339280986494,0.0,0.0,42.44293835257562,0.0,5.917906046161393,12.462662452073971,0.0,11.16387793838399,130.04999999999998,11.66323328280031,15.007591973753232,0.0,30.031668838425027,17.641103373763006,0.0,6.3273200747645415,4.567099647791355,0.0,21.53087124644012,5.733667477162185,1.704351851851852,0.0,22.11749110292265,19.236435526371043,6.382267442470816,-0.3653037341479808,1.228754724111866,3.7750771604938276,0.0,0.4166666666666667,5,1,0,1,2,7,8,2,1,0,1,3,-0.8278000000000001,0,2,2,1,0,4,1,0,0,0,0,0,3,1,1,0,0,0,0,0,0,0,0,0,1,0,0,0,1,0,0,0,0,0,0,1,0,0,0,0,0,0,0,0,0,0,0,0,0,0,0,0,0,0,0,0,0,0,0,0,0,0,0,9,3.957894736842105,3,3,0.0,752.0,3,0.11578947368421053,0.16432748538011693,0.16432748538011693,0.1706500485651001,0.16432748538011693,0.2619375490881519,0.20240199710355,0.20240199710355,0.01826625108315388,0,0,0,0,2,2,1,0.4,0.6,0.15,0.25,0.0,0.45454545454545453,0.09090909090909091,0,0,0,0,0,0,1,0,0,0,1,0,1,0,1,1,0,1,0,1,0,0,0,0,0,0,0,0,1,1,1,0,1,0,0,1,1,0,0,1,0,1,0,0,1,0,0,0,0,1,0,0,0,0,0,0,0,1,1,0,1,0,0,1,0,1,1,0,0,1,0,1,0,0,0,0,0,0,1,0,1,1,0,1,1,0,1,0,1,0,1,0,1,1,1,0,0,0,0,0,1,0,0,0,0,1,0,0,1,0,0,0,0,0,0,0,0,0,0,0,0,0,1,1,0,0,0,0,0,0,0,0,0,0,0,0,0,0,0,0,0,0,0,0,0,0,0,0,0,0,0,0,0,1,0,0,0,0,0,0,0,0,1,0,0,0,1,0,0,0,0,1,0,0,0,0,0,0,1,0,0,1,0,0,0,0,0,0,0,0,1,0,0,1,0,0,0,0,0,0,0,0,0,1,1,1,0,1,1,0,1,1,1,1,0,0,0,1,1,1,1,0,0,1,1,1,1,1,0,1,0,0,1,1,1,0,0,1,1,1,0,1,0,0,0,1,0,0,1,1,1,0,0,1,0,1,1,1,0,1,1,1,0,1,0,1,0,1,0,0,1,1,0,0,1,0,1,0,1,1,1,1,1,1,1,1,1,1,0,1,1,1,1,1,0
6.046992652220225,0.3168209876543209,0.3168209876543209,0.853074635255455,18.571428571428573,300.8330000000001,0.8095238095238095,2.5240304300700314,1.9289634830199602,89330.48498103855,6.608742951067684,4.899909730850478,0.0,0.0,0.0,0.0,0.0,4.899909730850478,0.0,0.0,0.0,54.06550936946379,30.3073091029944,31.201658937391628,6.041840829147961,0.0,11.600939890232516,0.0,9.799819461700956,0.0,6.041840829147961,33.22669760632749,70.74683991328982,0.0,0.0,0.0,0.0,11.600939890232516,43.02651706802845,0.0,0.0,17.16874381254195,5.022633313741326,0.0,6.48,0.0,0.0,0.0,0.0,6.041840829147961,31.201658937391628,11.126902983393991,0.0,12.13273413692322,59.312060923609415,11.600939890232516,0.0,6.046992652220225,4.9573276224069875,0.7953140484588901,2.6662301587301593,0.0,0.0,4.435735509224266,2.1916212058744526,0.3333333333333333,0,0,1,1,0,2,3,3,0,1,1,3,3.6768000000000027,0,0,0,0,0,0,0,0,0,0,0,0,2,0,0,0,1,0,0,0,0,0,0,0,0,0,0,0,0,0,0,0,0,0,0,0,0,0,0,0,0,0,0,0,0,0,0,0,0,0,1,0,0,0,0,0,0,0,0,0,0,0,0,10,4.266666666666667,3,3,0.0,896.0,3,0.10952380952380954,0.1719298245614035,0.1719298245614035,0.1749881435170477,0.1719298245614035,0.24484644925523943,0.1950293580541798,0.1950293580541798,0.012747993248896512,0,0,0,0,0,2,1,0.14285714285714285,0.8571428571428571,0.0,0.09523809523809523,0.0,0.4782608695652174,0.0,0,1,0,0,0,1,0,0,0,0,0,0,0,0,1,1,0,0,0,1,0,0,0,0,0,0,0,0,0,0,1,0,0,1,0,0,0,0,0,1,0,1,0,0,0,1,1,1,1,1,0,0,0,0,0,0,0,0,0,0,0,1,0,0,1,0,0,0,0,0,0,0,1,0,0,0,0,1,0,1,0,1,0,0,1,1,1,0,1,0,0,1,0,0,0,0,0,0,0,0,1,0,0,0,0,0,0,0,0,0,0,0,0,1,0,0,0,0,0,0,0,1,0,0,0,0,0,0,0,0,0,0,0,0,0,0,0,0,0,0,0,0,0,0,0,0,0,0,0,0,0,0,0,0,0,0,0,0,0,0,0,0,0,0,0,0,0,0,0,0,0,0,0,0,0,0,0,0,0,0,0,0,0,0,0,0,0,0,0,0,0,0,0,0,0,0,0,0,0,0,0,0,0,1,0,0,0,1,0,0,0,0,0,1,1,1,0,0,0,0,0,1,0,0,0,0,1,0,1,0,0,1,0,0,0,1,0,0,0,1,0,0,0,1,1,0,1,0,1,1,1,0,0,1,0,0,1,1,0,0,0,0,1,0,0,1,1,0,0,0,1,0,0,1,0,1,1,0,0,0,0,1,0,0,1,0,1,0,1,1,1,1,0,1,0
2.601851851851852,0.3806481481481482,0.3806481481481482,0.84234198198695,17.5,266.38800000000003,0.7,2.517089149883903,1.9195611561338586,62826.54518110222,6.207034130159708,4.899909730850478,0.0,0.0,0.0,0.0,0.0,4.899909730850478,0.0,0.0,0.0,60.6636706846161,18.17457496607118,26.1790256236503,6.041840829147961,0.0,0.0,0.0,9.799819461700956,0.0,6.041840829147961,33.22669760632749,71.7905736680101,0.0,0.0,0.0,0.0,0.0,43.02651706802845,0.0,0.0,17.16874381254195,0.0,0.0,6.48,0.0,0.0,0.0,0.0,6.041840829147961,26.1790256236503,11.126902983393991,0.0,0.0,77.51116212899426,0.0,0.0,0.0,5.008148148148148,0.0,2.783801965230537,0.0,0.0,4.557782501889645,2.2057350718065005,0.3333333333333333,0,0,1,1,0,2,2,3,0,1,1,3,3.0234000000000014,0,0,0,0,0,0,0,0,0,0,0,0,2,0,0,0,1,0,0,0,0,0,0,0,0,0,0,0,0,0,0,0,0,0,0,0,0,0,0,0,0,0,0,0,0,0,0,0,0,0,1,0,0,0,0,0,0,0,0,0,0,0,0,9,4.08421052631579,3,3,0.0,776.0,3,0.11578947368421051,0.17134502923976608,0.17134502923976608,0.1803181074740996,0.17134502923976608,0.25534035775682024,0.2002923604659607,0.2002923604659607,0.0118257967172603,0,0,0,0,0,2,1,0.1,0.9,0.0,0.1,0.0,0.45454545454545453,0.0,0,1,0,0,0,1,0,0,0,0,0,0,0,0,1,1,0,0,0,0,0,0,0,0,0,0,0,0,0,0,1,0,0,1,0,0,0,0,0,1,0,1,0,0,0,1,0,1,0,0,0,0,0,0,0,0,0,0,0,0,0,0,0,0,1,0,0,0,0,0,0,0,1,0,0,0,0,1,0,1,0,1,0,0,1,1,1,0,0,0,0,1,0,0,0,0,0,0,0,0,1,0,0,0,0,0,0,0,0,0,0,0,0,1,0,0,0,0,0,0,0,1,0,0,0,0,0,0,0,0,0,0,0,0,0,0,0,0,0,0,0,0,0,0,0,0,0,0,0,0,0,0,0,0,0,0,0,0,0,0,0,0,0,0,0,0,0,0,0,0,0,0,0,0,0,0,0,0,0,0,0,0,0,0,0,0,0,0,0,0,0,0,0,0,0,0,0,0,0,0,0,0,0,1,0,0,0,1,0,0,0,0,0,1,1,0,0,0,0,0,0,1,0,0,0,0,1,0,1,0,0,0,0,0,0,0,0,0,0,1,0,0,0,1,1,0,1,0,1,1,1,0,0,1,0,0,1,1,0,0,0,0,0,0,0,1,1,0,0,0,1,0,0,1,0,1,1,0,0,0,0,1,0,0,1,0,1,0,1,1,1,1,0,1,0
8.77909416100397,0.0908983878814047,0.0908983878814047,0.720292463198365,17.307692307692307,374.91200000000015,0.8846153846153846,2.6891362356790953,1.6597658526944237,1096995.4794379873,10.046711738220441,9.843390348640755,0.0,0.0,0.0,0.0,0.0,9.799819461700956,0.0,0.0,0.0,54.06550936946379,23.259637120317212,37.7464153433042,25.862486722686715,9.843390348640755,11.600939890232516,0.0,9.799819461700956,0.0,6.041840829147961,52.54442792310162,70.74683991328982,0.0,0.0,0.0,0.0,11.600939890232516,67.45077477964328,4.736862953800049,0.0,17.16874381254195,5.022633313741326,0.0,35.940000000000005,0.0,0.0,0.0,12.648722793660879,13.213763929025836,37.7464153433042,11.126902983393991,0.0,12.13273413692322,52.26438894093222,21.44433023887327,5.391908339762187,6.090422103266382,4.97365139728731,9.55063141262038,2.592482134701652,0.0,0.0,6.202457080457192,0.0,0.42857142857142855,1,0,1,1,0,4,5,8,0,1,1,3,3.055900000000001,0,1,1,0,0,0,0,0,0,0,0,0,2,0,0,0,0,0,0,0,0,0,0,0,0,0,0,0,0,0,1,0,0,0,0,0,0,0,0,0,0,0,0,0,0,0,0,0,0,0,1,0,0,0,0,0,0,0,0,0,0,2,0,15,5.633846153846154,3,3,0.0,1831.0,3,0.08615384615384616,0.1930769230769231,0.1930769230769231,0.16209742527079643,0.1930769230769231,0.1875443231352329,0.16211483919141223,0.16211483919141223,0.010852753582064658,0,0,0,0,0,2,1,0.19230769230769232,0.8076923076923077,0.07692307692307693,0.07692307692307693,0.0,0.5714285714285714,0.0,0,1,0,0,0,1,0,0,0,0,0,0,0,1,0,1,0,0,0,1,0,1,0,0,0,0,0,0,0,0,1,0,0,0,0,0,0,0,0,1,0,1,0,0,0,1,1,1,1,1,0,1,0,0,0,1,0,0,0,0,0,1,0,0,1,0,0,0,0,0,0,0,1,0,1,0,0,1,0,0,1,1,0,0,1,1,1,0,1,1,0,1,0,0,1,0,0,0,0,0,1,0,0,0,0,0,0,0,0,0,0,0,0,1,0,0,0,0,0,0,0,1,0,0,0,0,0,1,0,0,0,0,0,0,0,0,0,0,0,0,0,0,0,0,0,0,0,0,0,0,0,0,0,0,0,0,0,0,0,0,0,0,0,0,0,0,0,0,0,0,0,0,0,0,0,0,0,0,0,0,0,0,0,0,0,0,0,0,0,0,0,0,0,0,0,0,0,0,0,0,1,0,0,1,0,0,0,1,0,0,1,0,0,1,1,1,0,0,0,1,0,0,0,1,0,0,1,0,1,0,0,1,1,0,0,1,0,1,0,1,0,0,0,0,0,0,1,0,1,1,1,0,0,1,1,0,1,1,0,0,1,0,1,0,0,1,1,1,0,0,1,0,0,1,0,1,1,0,0,0,0,1,0,1,1,1,1,1,0,1,1,1,1,1,0
11.192642668178383,0.05661753590325014,-0.6516666666666675,0.6809458251088377,21.076923076923077,176.17499999999998,1.3076923076923077,2.468783951899655,2.2637060984012773,1451.644963716997,2.895010133611532,10.470530430962235,0.0,0.0,6.103966387748303,11.928859856695684,0.0,4.794537184071822,0.0,4.992404732635669,0.0,30.33183534230805,0.0,5.563451491696996,0.0,9.53140013787187,11.928859856695684,0.0,0.0,10.726072209797854,6.103966387748303,0.0,35.89528683400505,0.0,5.733667477162185,0.0,0.0,0.0,11.928859856695684,9.53140013787187,0.0,11.6674178794453,0.0,0.0,64.67999999999999,6.103966387748303,4.794537184071822,0.0,11.928859856695684,0.0,5.563451491696996,0.0,12.13273413692322,18.19910120538483,4.992404732635669,10.470530430962235,5.0378240740740745,0.0,14.67268046107332,0.0,6.034549319727891,-0.34379629629629593,-0.6516666666666675,0.0,0.0,0.1111111111111111,2,0,1,1,0,3,4,1,0,0,0,2,0.5992000000000001,0,0,0,0,0,0,0,0,0,0,0,1,1,0,1,0,0,0,0,0,0,0,0,1,0,0,0,0,0,0,1,0,0,0,0,0,0,0,0,0,0,0,0,0,0,0,0,0,0,0,0,0,0,0,0,0,0,0,0,0,0,0,0,7,3.0641025641025643,2,2,0.0,239.0,3,0.17948717948717946,0.18764568764568762,0.18764568764568762,0.1820160599148026,0.18764568764568762,0.3379762170107001,0.25491787996620824,0.25491787996620824,0.018012358610443948,0,0,0,0,1,1,1,0.3076923076923077,0.6923076923076923,0.15384615384615385,0.15384615384615385,0.0,0.42857142857142855,0.14285714285714285,0,0,0,0,0,1,0,0,0,0,1,0,0,0,0,0,1,0,0,1,0,0,0,0,1,0,0,0,0,0,0,1,0,0,0,0,0,1,0,0,1,1,0,0,0,0,0,1,0,1,0,0,1,0,0,0,0,0,1,0,0,0,0,0,1,0,0,1,0,0,0,0,0,0,0,0,0,0,0,0,0,1,0,0,0,0,1,0,0,0,0,0,0,1,0,0,0,0,0,0,1,0,0,0,0,0,0,0,0,0,1,0,0,0,0,0,0,0,0,0,0,0,1,1,1,0,0,1,0,0,0,0,0,0,0,0,0,0,0,0,0,0,0,0,0,0,0,0,0,0,0,0,0,0,0,0,0,0,0,0,0,0,0,0,0,1,0,0,0,0,0,0,0,0,0,0,0,0,0,0,0,0,0,0,0,1,0,0,0,0,1,0,0,0,0,0,0,0,0,0,1,0,0,0,0,1,1,0,0,0,0,1,1,0,0,0,0,1,0,0,1,0,0,1,1,1,0,0,0,0,0,0,0,0,1,0,0,0,1,0,0,0,0,0,0,1,0,1,1,1,0,0,0,0,0,1,0,0,0,0,0,1,0,0,0,1,0,0,0,0,1,1,0,0,0,0,0,0,1,1,1,0,1,0,1,1,1,1,0,1,1,1,1,1,0
11.303411674855127,0.4066988693625595,-1.6346740362811791,0.2710418297657056,35.94444444444444,265.222,1.3888888888888888,2.369270449633599,2.70655278648843,7908.624760876954,6.019115933438388,30.4797611371692,24.353739992392867,6.290026729335213,0.0,0.0,6.031114512338072,0.0,4.794537184071822,5.008912523954532,4.907065243988282,0.0,0.0,7.04767198267719,11.892766685475626,29.957509717234693,6.031114512338072,0.0,10.325701127960862,5.2858847209627084,30.643766721728078,13.654553947190108,4.907065243988282,0.0,5.316788604006331,4.794537184071822,0.0,0.0,75.76445728457361,4.736862953800049,4.907065243988282,0.0,0.0,0.0,151.92,43.28176319857907,25.021184612582218,0.0,0.0,5.008912523954532,7.04767198267719,0.0,0.0,0.0,10.60267332496904,9.843390348640755,4.798582530234317,0.0,21.39354864438378,42.352026936157074,0.0,0.0,-5.844696187116823,-0.6054075333837239,1.0671970269589317,0.875,5,0,1,1,0,8,10,3,0,1,1,1,-2.8909,0,4,4,0,0,0,0,0,0,0,0,0,2,1,0,0,0,0,0,0,0,0,0,0,0,0,0,0,0,0,1,0,0,0,0,0,0,0,0,0,0,0,0,0,0,0,0,0,0,0,0,0,0,0,0,0,0,0,0,0,0,0,1,10,3.980392156862745,1,1,0.0,609.0,3,0.11764705882352938,0.18627450980392157,0.18627450980392157,0.18675762942694843,0.18627450980392157,0.2620396109577269,0.20078086827833264,0.20078086827833264,0.02092060930759829,0,0,0,0,0,0,1,0.5555555555555556,0.4444444444444444,0.3888888888888889,0.16666666666666666,0.0,0.8888888888888888,0.1111111111111111,1,1,1,1,1,0,0,0,0,0,1,1,0,0,0,0,1,0,0,0,0,0,0,0,0,0,0,0,0,0,0,1,0,1,0,0,0,0,0,1,0,0,0,0,0,0,0,1,1,0,0,0,1,0,0,0,0,0,0,0,0,0,0,0,1,1,0,0,0,0,0,0,0,0,0,0,0,1,1,1,1,0,1,1,0,1,0,0,0,0,0,0,0,0,1,0,0,0,1,0,1,0,0,0,0,1,0,0,1,0,0,0,0,1,1,0,0,0,0,0,0,0,0,1,0,1,0,0,0,0,0,0,0,0,0,0,0,0,0,0,0,0,0,0,0,0,0,0,0,0,0,0,0,0,0,0,0,0,0,0,0,0,0,0,0,1,0,0,0,0,0,0,0,0,0,0,0,0,0,0,1,1,1,0,0,1,0,0,0,0,0,1,0,0,0,0,0,0,1,1,1,0,0,0,0,1,0,1,0,0,1,0,0,0,0,0,0,1,1,1,0,1,1,1,0,1,1,0,0,0,1,0,0,0,1,0,0,1,1,0,0,0,0,0,0,1,0,1,0,0,1,1,1,0,0,1,0,0,1,1,1,1,0,0,1,1,0,1,1,0,1,1,0,0,1,0,1,0,1,1,1,1,1,1,1,1,1,1,1,1,0,1,1,1,0
6.117203640715546,0.43374999999999986,0.43374999999999986,0.7740399810607017,19.5,238.334,1.0555555555555556,2.4003118523969404,2.107473718104637,19557.74097333027,4.4649612493444435,10.633577208012664,0.0,0.0,0.0,0.0,0.0,0.0,0.0,0.0,0.0,42.46456947923127,29.804393526229784,24.69480513267011,0.0,0.0,5.687386274683562,0.0,4.899909730850478,0.0,12.462662452073968,19.32609586575195,65.22129102278387,0.0,5.733667477162185,5.687386274683562,0.0,0.0,18.492338119440245,6.544756405912575,0.0,22.60826052125238,0.0,0.0,29.259999999999998,0.0,0.0,0.0,0.0,5.917906046161393,18.776899086508713,16.690354475090988,0.0,6.06636706846161,54.412151192758934,5.733667477162185,0.0,0.0,2.343611111111111,0.0,11.08505936633913,0.43374999999999986,0.0,2.0057608182161752,2.1580555555555554,0.25,2,0,1,1,0,2,2,1,0,0,0,3,2.8461000000000016,0,0,0,1,0,0,0,0,0,0,0,0,1,0,1,0,1,0,0,0,0,0,0,0,1,0,0,0,1,0,0,0,0,0,0,0,0,0,0,0,0,0,0,0,0,0,0,0,0,0,0,0,0,0,0,0,0,0,0,0,0,0,0,8,3.627450980392157,3,3,0.0,555.0,3,0.130718954248366,0.16421568627450978,0.16421568627450978,0.15869243695512247,0.1642156862745098,0.28535350629637013,0.21231626265748085,0.21231626265748085,0.01498229975129338,0,0,0,0,0,2,0,0.1111111111111111,0.8888888888888888,0.0,0.1111111111111111,0.0,0.4,0.0,0,0,0,1,0,1,1,0,0,0,0,0,0,0,1,1,0,0,0,1,0,1,1,0,0,0,1,0,0,0,1,0,0,1,0,0,0,0,0,1,0,0,0,1,0,0,0,1,0,1,0,0,0,0,0,0,0,0,0,0,0,0,0,0,1,0,0,0,0,0,0,0,0,0,0,0,0,0,0,1,1,1,0,0,0,0,1,0,0,0,0,0,0,0,0,0,0,0,0,1,1,0,0,0,0,1,0,0,0,0,1,1,0,0,0,1,0,0,1,0,0,1,0,1,0,0,0,1,0,0,0,0,0,0,0,0,0,0,0,0,0,0,0,0,0,0,0,0,0,0,0,0,0,0,0,0,0,0,0,0,0,0,0,0,0,0,0,0,0,0,0,0,0,0,0,0,0,0,0,0,0,0,0,0,0,0,0,0,0,0,1,0,0,0,0,0,0,0,0,0,0,0,0,1,0,0,0,0,1,0,0,0,1,1,1,0,0,0,1,0,0,1,0,0,0,0,1,0,1,1,0,0,0,1,0,0,0,0,0,0,0,0,0,1,0,0,0,0,0,1,1,0,0,1,0,0,1,0,0,0,0,1,0,1,0,1,1,0,0,0,1,0,1,1,0,0,1,0,0,1,0,1,0,0,1,0,1,0,1,1,1,1,0,1,0
9.450190451668558,0.07140861411649624,-0.08428233721350287,0.593334886982252,12.227272727272727,301.386,0.8636363636363636,2.5016770133910144,1.6963573101724978,85967.62888816882,7.707406448941566,20.63637078852845,5.749511833283905,11.49902366656781,0.0,0.0,0.0,0.0,0.0,0.0,0.0,18.19910120538483,68.12332973162165,6.041840829147961,0.0,15.319582184522117,0.0,0.0,5.316788604006331,0.0,32.22804289761662,6.544756405912575,53.59147246262526,17.248535499851716,5.316788604006331,0.0,17.248535499851716,0.0,27.90617941958265,12.841643245852019,0.0,24.471461806010623,0.0,0.0,72.72,0.0,15.319582184522117,0.0,11.49902366656781,11.791352662431866,31.3706727663876,11.629818560158606,18.19910120538483,18.19910120538483,12.240525803696954,0.0,0.0,0.0,0.0,31.424199533001183,2.211519884303074,0.1425256528019745,2.7891236559923427,2.9679222831107754,0.0,0.3333333333333333,4,0,0,0,0,4,4,7,0,0,0,2,2.956800000000002,0,0,0,0,0,0,0,3,0,0,0,0,0,1,0,0,0,0,0,0,0,0,0,0,0,1,0,0,0,0,0,0,0,0,0,0,0,0,0,0,0,0,0,0,0,0,0,0,0,0,0,0,0,0,0,0,0,0,0,0,0,0,0,15,5.8268398268398265,2,2,0.0,1346.0,3,0.09956709956709955,0.24134199134199133,0.24134199134199133,0.2026030681488509,0.24134199134199133,0.1775679564756723,0.16709470373988267,0.16709470373988267,0.013234771507108984,0,0,0,0,0,2,0,0.18181818181818182,0.8181818181818182,0.13636363636363635,0.045454545454545456,0.0,0.4782608695652174,0.0,1,1,0,0,0,0,0,0,0,0,0,0,0,0,1,0,0,0,0,0,0,1,0,0,0,0,0,1,0,0,0,0,0,1,0,0,0,0,0,1,0,0,0,0,0,0,0,0,0,0,0,0,0,0,1,0,0,0,0,1,0,1,0,0,0,1,1,1,0,0,0,1,0,0,0,0,0,1,0,0,1,1,0,0,0,0,1,0,0,0,1,1,1,0,0,0,0,0,1,1,1,0,0,0,1,1,0,1,1,0,0,0,0,0,1,0,0,0,0,0,0,0,0,1,0,1,0,0,0,0,0,0,0,0,0,0,0,0,0,0,0,0,0,0,0,0,0,0,0,0,0,0,0,0,0,0,0,0,0,0,0,0,0,0,0,0,0,0,0,0,0,0,0,0,0,0,0,0,0,0,0,0,1,0,0,0,0,0,0,0,0,0,0,0,0,0,0,0,0,0,1,0,0,0,0,0,0,0,0,0,1,0,0,0,0,0,0,0,1,1,0,0,0,0,0,0,0,0,1,0,0,0,1,0,0,0,1,0,0,1,0,1,0,1,1,0,1,0,0,0,0,0,0,1,0,1,1,1,0,1,0,0,0,0,0,0,0,1,0,0,0,1,1,1,1,1,0,0,1,1,1,1,0,1,1,1,1,1,1,1,1,1,1,1,0
13.391455125428823,0.16054179316354622,-0.30288331320204875,0.6577452185749303,18.066666666666666,410.4930000000003,1.2,3.1679844987412777,1.2328492308842516,12434275.79786954,7.945993904374621,9.423004667823825,11.641625339045822,5.583020141642242,0.0,5.559266895052008,0.0,9.361636831863176,9.374393568622029,0.0,0.0,5.156663257125445,64.25009226306904,48.138211250384416,5.693927994848461,8.913509984648169,10.969244356107037,0.0,19.607651156714486,0.0,57.911329389320656,19.634269217737724,57.145838104948396,0.0,5.559266895052008,4.39041504767482,0.0,0.0,39.241920374452214,19.386399651764595,12.740958040736519,54.37690451725928,0.0,10.969244356107037,64.16,0.0,9.184952231746642,0.0,11.376487736097904,11.500926187803636,92.86589155506502,12.13273413692322,6.06636706846161,11.49083684748198,10.056572987975922,9.507073457920557,20.61639405905525,0.0,20.05844080987514,5.145664014026554,3.380492052384917,0.9737534052999743,5.810256603119455,5.554423463734266,0.0,0.5217391304347826,0,0,2,2,2,6,7,4,0,1,1,5,3.5904200000000026,0,0,0,0,0,3,0,0,0,0,0,0,4,0,0,0,0,1,0,0,0,0,0,0,0,2,0,0,2,0,0,0,0,0,0,0,0,0,0,0,0,0,0,0,0,0,0,0,0,1,0,0,0,0,0,0,0,0,0,0,0,0,0,17,6.4206896551724135,5,5,0.0,2793.0,3,0.0781609195402299,0.19359605911330047,0.19359605911330047,0.1751007044648367,0.19359605911330047,0.16109073511062702,0.1599915619880114,0.1599915619880114,0.011357521817492553,0,0,0,0,1,3,1,0.23333333333333334,0.7666666666666667,0.06666666666666667,0.13333333333333333,0.0,0.5,0.029411764705882353,0,0,1,0,1,0,1,0,1,1,1,0,0,0,0,0,1,0,0,0,0,0,0,0,0,0,0,0,0,0,1,0,0,1,1,0,0,1,0,1,0,1,0,0,1,1,0,0,0,0,0,1,0,0,1,1,0,0,1,1,0,0,0,1,0,0,0,0,0,1,0,0,1,0,1,0,0,1,1,1,1,1,0,0,0,0,1,0,1,0,1,1,1,0,0,0,0,0,0,0,1,0,0,0,0,1,0,1,0,1,1,0,1,0,1,0,1,1,1,0,1,1,1,1,0,0,0,1,0,0,0,0,0,0,0,0,0,0,0,0,0,0,0,0,0,0,0,0,0,0,0,0,0,0,0,0,0,0,0,0,0,0,0,0,0,0,1,0,0,0,1,0,0,0,0,0,0,0,0,0,0,0,0,0,0,1,0,0,0,0,1,0,0,1,0,0,0,0,0,1,0,0,0,1,0,1,0,0,1,0,0,1,0,1,1,1,0,0,0,0,1,0,1,0,1,1,1,0,1,1,1,0,0,1,0,1,1,0,1,1,0,1,0,0,1,1,1,0,1,1,1,0,1,1,0,1,1,1,0,0,0,0,1,0,0,1,1,0,0,0,1,1,1,1,0,1,1,0,1,0,1,1,1,1,1,0,1,1,1,1,1,1,1,1,0
12.898982963812404,0.13141685853761942,-0.45960724258839325,0.6030824294043329,14.793103448275861,391.46700000000016,1.0344827586206897,2.768133880253036,1.6279871806745376,5561557.431636063,8.617466970188554,9.154013890853395,17.930580875084356,11.011810533542782,0.0,0.0,5.969305287951849,9.694446914922299,4.794537184071822,0.0,0.0,42.81902403369567,44.98762739429101,17.671659389306566,5.386224214464796,13.948551074925218,16.938549644058888,0.0,4.899909730850478,0.0,26.186202068468653,26.241151182250643,69.88116710705924,11.323698910571437,5.428790391900541,0.0,0.0,0.0,37.11036620105297,4.736862953800049,6.923737199690624,35.18390503624384,0.0,22.292943266678478,59.75,5.969305287951849,9.589074368143644,0.0,16.57526202523978,23.316805089549153,25.197720709434723,19.26246486877803,25.122838405075452,30.33183534230805,4.899909730850478,9.154013890853395,11.608769729348735,0.0,27.95691445894132,0.3959829996175599,1.7685234927587377,0.023417508851311553,3.669215848018478,4.920353838241541,0.0,0.3333333333333333,0,0,1,1,1,5,5,5,0,1,1,4,4.411120000000004,0,0,0,0,0,0,0,0,0,0,0,0,1,0,0,0,0,1,0,0,0,0,0,0,0,0,0,0,1,1,1,0,0,0,0,0,0,0,0,0,0,0,0,0,0,0,0,1,0,1,0,0,0,0,0,0,0,0,0,0,0,0,0,15,5.807881773399015,4,4,0.0,2358.0,3,0.07881773399014778,0.17806969531107464,0.17806969531107464,0.17566063546044947,0.1780696953110746,0.18000561422713357,0.14368557353721195,0.14368557353721195,0.011609155474254914,0,0,0,0,0,3,1,0.1724137931034483,0.8275862068965517,0.13793103448275862,0.034482758620689655,0.0,0.40625,0.0625,1,0,1,0,1,1,0,0,1,1,1,0,0,1,1,1,1,1,0,1,0,1,0,0,0,0,0,0,0,0,1,1,0,1,0,0,1,1,0,1,0,0,0,0,0,0,0,1,0,1,0,0,0,0,0,1,1,0,1,0,0,0,0,0,1,0,0,0,1,0,0,1,1,0,1,0,0,1,1,1,1,1,0,0,0,0,1,0,0,0,0,0,0,0,0,0,1,0,0,0,1,0,0,0,0,0,0,0,1,0,0,0,0,0,0,0,0,0,0,0,1,1,0,0,1,1,0,1,0,0,0,0,0,0,0,0,0,0,0,0,0,0,0,0,0,0,0,0,0,0,0,0,0,0,0,0,0,0,0,0,0,0,0,0,0,0,0,0,0,0,0,0,0,0,0,0,0,0,0,0,0,0,0,0,0,1,0,0,0,0,1,0,0,0,0,0,0,0,0,0,0,0,0,1,0,0,0,0,0,0,0,0,0,1,1,0,0,1,0,0,0,0,0,1,0,0,1,0,1,1,0,0,0,1,0,0,0,1,0,1,0,1,0,0,0,0,1,0,1,1,1,1,0,1,1,1,1,1,0,0,1,0,0,0,1,1,1,0,1,0,0,1,1,1,1,1,1,0,1,0,1,1,1,1,0,1,1,1,1,1,1,1,1,1,0
5.50505787037037,0.45590277777777766,0.45590277777777766,0.7761322150181272,36.1,271.404,1.25,2.5031969579630586,1.8780647132723423,65310.911830214165,4.489710209343101,9.636772684650527,5.749511833283905,0.0,0.0,0.0,0.0,0.0,0.0,0.0,0.0,18.90801031431363,68.4532580467724,11.45683129854474,7.109797541277533,4.736862953800049,0.0,0.0,4.899909730850478,5.917906046161393,49.98176103610081,20.7022259298673,29.32600418877882,5.749511833283905,4.736862953800049,0.0,5.749511833283905,0.0,31.64397648986574,11.83581209232279,5.917906046161393,43.23101109802404,0.0,0.0,12.47,0.0,0.0,0.0,0.0,5.41499046939678,17.70925870859326,45.06968614346863,18.236700524671523,0.0,30.1466829189125,4.736862953800049,5.50505787037037,0.0,2.626397628495843,0.0,3.6701620370370374,1.9115117157974302,8.222769668052406,1.2617226473922902,4.120768219324767,0.6666666666666666,0,2,1,3,0,2,2,1,1,1,2,4,3.3834000000000026,0,0,0,0,0,0,0,0,0,0,0,0,1,0,0,0,1,1,0,0,0,0,0,0,0,0,0,0,1,0,1,0,0,0,0,0,0,0,0,0,0,1,0,0,0,0,0,0,0,1,0,0,0,0,0,0,0,0,0,0,0,0,0,9,3.5894736842105264,4,4,0.0,682.0,4,0.12105263157894737,0.14385964912280702,0.14385964912280702,0.12031370054440213,0.14385964912280702,0.2891911967186885,0.1979569499988893,0.1979569499988893,0.016628361350050715,0,0,0,0,0,1,2,0.1,0.9,0.05,0.05,0.0,0.7391304347826086,0.0,1,0,0,0,1,0,0,1,0,0,1,0,0,1,0,0,0,0,0,0,0,0,0,1,0,1,0,0,1,1,1,0,0,1,1,0,1,0,0,1,0,0,0,0,1,1,0,0,0,0,1,0,1,0,0,1,0,0,0,0,1,0,0,0,0,0,1,1,1,0,0,0,1,1,0,0,0,0,1,0,0,1,0,0,1,0,1,0,0,0,0,0,1,0,1,0,0,0,0,0,1,0,1,1,1,0,0,1,0,0,1,0,0,0,0,0,0,0,0,0,0,1,1,1,0,0,0,0,0,0,0,0,0,0,0,0,0,0,0,0,0,0,0,0,0,0,0,0,0,0,0,0,0,0,0,0,0,0,0,0,0,0,0,0,0,0,0,0,0,0,0,0,0,0,0,0,0,0,0,0,0,0,0,0,0,0,0,0,0,0,0,0,0,0,1,0,0,0,0,0,0,0,0,1,0,0,0,0,0,0,0,0,0,1,1,0,0,0,0,0,0,1,0,0,0,0,1,0,1,1,0,0,0,1,0,0,1,0,0,1,1,1,0,1,1,0,1,0,0,1,1,0,0,0,1,1,1,1,0,0,0,0,0,0,0,1,0,0,0,0,0,1,1,1,0,1,1,1,0,0,1,1,0,0,1,1,1,0,1,1,1,1,1,1,0
12.399415784832453,0.06857379062736202,-0.10394364921894672,0.6760895538895387,46.90909090909091,296.41,1.1818181818181819,2.7726872145697685,1.775914314819425,125355.96165791381,4.305387329379492,0.0,5.783244946364939,5.783244946364939,0.0,0.0,0.0,9.589074368143644,0.0,0.0,0.0,32.075534719882896,61.16214937392524,17.25080256171957,0.0,9.589074368143644,11.566489892729878,0.0,0.0,28.58369907727774,45.95158251401129,0.0,35.953205064238674,0.0,0.0,0.0,0.0,0.0,11.566489892729878,9.589074368143644,28.58369907727774,45.95158251401129,0.0,0.0,34.14,0.0,9.589074368143644,0.0,16.6132258851585,23.53696308484912,43.250317174768576,0.0,12.152040213667762,0.0,26.502430189813627,0.0,0.0,0.0,24.19280462648022,0.0,2.0906543288611745,2.1401531530822213,10.495814804316787,8.747239753926262,0.0,0.6,0,4,0,4,0,2,2,0,3,0,3,4,4.029500000000003,0,0,0,0,0,0,0,0,0,0,0,0,0,0,0,0,0,0,0,0,0,0,5,0,0,0,0,0,5,0,0,0,0,0,0,0,0,0,2,1,0,0,0,0,0,0,0,0,0,0,0,0,0,0,0,0,0,0,0,0,0,0,0,10,3.8614718614718613,4,4,0.0,892.0,4,0.10822510822510822,0.14307359307359307,0.14307359307359307,0.1294391695115866,0.1430735930735931,0.26800870710511887,0.19383272462556345,0.19383272462556345,0.019109843801270596,0,0,0,0,1,0,4,0.09090909090909091,0.9090909090909091,0.09090909090909091,0.0,0.0,0.8,0.2,0,0,0,0,0,0,0,1,0,0,1,0,1,0,0,0,0,1,0,1,0,0,0,0,0,0,0,0,0,1,1,0,0,1,0,1,1,0,0,1,0,0,0,1,0,1,0,0,0,0,0,0,0,0,0,0,0,0,1,0,0,1,0,1,1,0,0,0,0,0,0,1,0,0,1,0,0,0,0,0,0,1,0,0,1,0,1,0,0,1,0,1,1,0,0,0,0,1,0,0,1,1,0,1,0,0,0,0,0,0,1,1,1,0,0,0,0,0,1,0,0,1,1,1,0,0,0,0,0,0,0,0,0,0,0,0,0,0,0,0,0,0,0,0,0,0,0,0,0,0,0,0,0,0,1,0,0,0,0,0,0,0,1,0,0,0,0,0,0,0,0,0,0,0,0,0,0,0,1,0,0,0,0,0,0,0,0,0,0,0,0,0,0,0,1,0,0,0,0,0,0,0,0,0,1,0,0,0,0,0,0,0,0,0,0,0,0,0,0,0,0,0,0,0,1,0,0,1,0,1,0,0,0,1,0,0,1,0,0,0,1,0,0,1,1,0,1,0,0,0,0,0,0,0,0,1,1,1,0,0,1,0,0,0,1,0,0,0,0,0,0,1,0,1,0,1,0,1,1,0,1,0,1,0,0,0,0,1,1,0,0,1,1,1,0
5.546260746595342,0.36190948601662887,0.36190948601662887,0.8371289360458547,12.368421052631579,259.35299999999995,1.4210526315789473,2.4449374120434855,2.2939285575857626,23720.782771645896,6.38396738750566,15.787319034968565,5.749511833283905,0.0,0.0,0.0,0.0,4.9839785209472085,0.0,0.0,0.0,6.06636706846161,38.44287098837844,23.691275683687444,18.313884533577358,4.736862953800049,16.59031120676462,0.0,4.9839785209472085,5.733667477162185,25.807221274690605,18.97134255119644,30.462311845459514,5.749511833283905,15.787319034968565,5.687386274683562,5.749511833283905,0.0,24.68037329728528,0.0,0.0,19.765380445542643,0.0,10.902924932081056,60.17,0.0,0.0,0.0,0.0,6.041840829147961,41.72622269181312,0.0,7.109797541277533,30.462311845459514,17.224504324644162,10.470530430962235,5.337889581758629,0.0,4.447158525447216,4.57539338729319,7.534566207668661,0.8416896835894851,3.871103237591333,2.8819821586041825,1.6797277668719768,0.4,3,0,0,0,1,4,4,6,0,0,0,2,2.782700000000001,0,0,0,0,0,1,0,0,0,0,0,0,1,1,1,0,0,0,0,0,0,0,0,0,1,0,0,0,1,0,1,0,0,0,0,0,0,0,0,0,0,1,0,0,0,0,0,0,0,0,0,0,1,0,0,0,0,0,0,0,0,0,0,10,4.245614035087719,2,2,0.0,726.0,3,0.11695906432748539,0.19091847265221876,0.19091847265221876,0.16678778692034982,0.1909184726522188,0.24666379854564532,0.19252846261927248,0.19252846261927248,0.01511324389139453,0,0,0,0,0,2,0,0.21052631578947367,0.7894736842105263,0.05263157894736842,0.15789473684210525,0.0,0.45,0.0,1,1,1,0,0,0,0,0,0,0,0,0,0,1,0,0,0,0,0,1,0,0,0,0,0,0,0,1,0,0,0,0,0,1,0,0,0,0,1,0,0,0,0,0,1,0,0,1,1,0,1,0,0,0,0,1,0,1,0,0,1,0,0,1,1,0,1,1,0,0,0,0,1,1,1,0,0,0,0,0,1,1,0,0,1,1,1,0,0,0,0,1,0,0,0,0,0,0,1,1,1,0,0,1,0,0,0,1,0,1,0,0,0,0,0,0,0,0,0,1,0,0,1,0,1,0,0,0,0,0,0,0,0,0,0,0,0,0,0,0,0,0,0,0,0,0,0,0,0,0,0,0,0,0,0,0,0,0,0,0,0,0,0,0,0,0,0,0,0,0,0,0,0,0,0,0,0,0,0,0,0,0,0,0,0,0,0,0,0,0,0,0,0,1,0,0,0,0,0,0,0,0,0,0,0,0,0,1,0,0,1,0,1,0,0,0,0,0,1,1,0,1,0,0,0,1,1,0,1,1,0,0,1,1,0,0,1,0,0,1,0,1,0,1,1,0,1,0,0,1,0,0,0,1,1,1,0,0,0,1,0,1,0,1,0,1,0,0,0,0,1,1,0,1,0,1,0,1,0,1,1,1,0,1,1,1,1,0,1,1,1,1,1,1,0
9.308703703703703,0.2389814814814819,0.2389814814814819,0.614103356782718,10.181818181818182,145.16099999999997,1.0909090909090908,2.055950140473121,2.9131611636048604,505.7637345563877,2.234974333040861,5.106527394840706,11.266212550900168,0.0,0.0,0.0,0.0,4.9839785209472085,0.0,0.0,0.0,18.19910120538483,12.13273413692322,11.583067786077873,0.0,5.106527394840706,10.902924932081056,0.0,4.9839785209472085,0.0,0.0,0.0,36.52867891392113,5.749511833283905,0.0,0.0,5.749511833283905,0.0,10.090505915787915,0.0,0.0,0.0,0.0,10.902924932081056,33.120000000000005,0.0,5.106527394840706,0.0,5.749511833283905,5.516700717616262,5.386224214464796,0.0,18.3295777085363,18.19910120538483,4.9839785209472085,0.0,0.0,0.0,4.0307407407407405,10.273981481481481,0.6620370370370372,0.2389814814814819,1.6687037037037036,0.0,0.0,0.0,1,0,0,0,1,2,2,0,0,0,0,2,1.9403999999999995,0,0,0,0,0,1,0,1,0,0,0,0,1,0,0,0,0,0,0,0,0,0,0,0,0,0,0,0,1,0,0,0,0,0,0,0,0,0,0,0,0,0,0,0,0,0,0,1,0,0,0,0,1,0,0,0,0,0,0,0,0,0,0,5,2.5454545454545454,2,2,0.0,140.0,3,0.21818181818181823,0.17171717171717174,0.17171717171717174,0.13597525437520283,0.17171717171717174,0.4023438820818685,0.28699763254419347,0.28699763254419347,0.01752630964605915,0,0,0,0,0,2,0,0.18181818181818182,0.8181818181818182,0.09090909090909091,0.09090909090909091,0.0,0.08333333333333333,0.0,0,0,0,0,0,0,0,0,0,0,1,0,0,0,0,1,0,0,0,1,0,0,0,0,0,0,0,0,0,0,0,0,0,0,0,0,0,0,0,1,0,0,0,0,1,0,0,0,0,0,0,0,0,0,0,0,0,0,0,0,1,0,0,1,1,1,1,0,0,0,0,1,0,0,1,0,0,0,0,0,0,1,0,0,0,0,1,0,0,0,0,0,0,0,0,0,0,0,0,0,1,0,0,0,0,0,0,0,0,0,0,0,0,0,0,1,0,0,0,0,0,0,1,0,0,0,0,0,0,0,0,0,0,0,0,0,0,0,0,0,0,0,0,0,0,0,0,0,0,0,0,0,0,0,0,0,0,0,0,0,0,0,0,0,0,0,0,0,0,0,0,0,0,0,0,0,0,0,0,0,0,0,0,0,0,0,0,0,0,0,0,0,0,1,0,0,0,0,0,0,0,0,0,0,0,0,0,0,0,0,0,0,0,0,0,0,0,0,0,0,0,0,0,1,0,0,1,0,0,1,0,0,0,1,0,0,0,0,0,0,0,1,0,0,0,0,0,0,0,1,0,0,0,1,0,1,0,0,0,0,0,0,0,0,0,1,0,1,0,0,0,1,0,1,0,0,0,0,0,0,1,0,0,0,1,1,0,0,0,1,1,1,1,1,0
9.673310185185185,0.20944444444444477,0.20944444444444477,0.7647021848838895,10.615384615384615,238.08400000000003,1.4615384615384615,2.146239890526001,2.966872933924146,1131.0684223072026,2.996325579626391,5.106527394840706,5.516700717616262,5.749511833283905,0.0,0.0,0.0,4.9839785209472085,0.0,0.0,0.0,6.06636706846161,40.549866726260184,11.583067786077873,4.472719515832414,5.106527394840706,26.832868830030407,0.0,4.9839785209472085,0.0,6.923737199690624,0.0,34.43211578452732,5.749511833283905,0.0,0.0,5.749511833283905,15.929943897949348,10.090505915787915,0.0,6.923737199690624,5.563451491696996,0.0,10.902924932081056,33.120000000000005,0.0,5.106527394840706,0.0,5.749511833283905,9.989420233448676,10.949675706161791,0.0,6.196843571613076,25.122838405075452,20.913922418896558,0.0,0.690925925925926,3.2771348261526834,4.122407407407407,10.662384259259259,1.7519907407407411,0.20944444444444477,1.674537037037037,1.9942592592592592,0.0,0.1,1,0,0,0,1,2,3,0,0,0,0,2,3.0113200000000004,0,0,0,0,0,1,0,1,0,0,0,0,1,0,0,0,0,0,0,0,0,0,0,0,0,1,0,0,1,0,0,0,0,0,0,0,0,0,0,0,0,0,0,0,0,0,0,0,0,0,0,0,1,0,0,0,0,0,0,0,0,0,0,6,2.7948717948717947,2,2,0.0,218.0,3,0.1794871794871795,0.1631701631701632,0.1631701631701632,0.13800680003077626,0.16317016317016317,0.3681334640374599,0.2587224549313895,0.2587224549313895,0.021265873782001524,0,0,0,0,0,2,0,0.23076923076923078,0.7692307692307693,0.07692307692307693,0.07692307692307693,0.0,0.21428571428571427,0.0,0,0,0,0,0,0,0,0,0,0,0,0,0,0,0,0,0,0,0,1,1,0,0,0,0,0,0,0,0,0,0,0,0,1,0,0,0,1,0,1,0,0,0,0,1,0,0,0,0,0,0,0,0,0,0,0,0,0,1,0,1,0,0,0,1,1,1,0,0,0,0,0,0,0,1,0,0,1,0,0,0,1,0,0,0,0,1,0,1,0,0,0,0,0,0,1,0,0,1,0,1,0,0,0,0,0,0,1,0,0,0,1,0,0,0,0,0,1,0,0,0,0,1,0,0,0,0,0,0,0,0,0,0,0,0,0,0,0,0,0,0,0,0,0,0,0,0,0,0,0,0,0,0,0,0,0,0,0,0,0,0,0,0,0,0,0,0,0,0,0,0,0,0,0,1,0,0,0,0,0,0,0,0,0,0,0,0,0,0,0,0,0,0,1,0,0,0,0,0,0,0,0,0,0,0,0,0,0,0,0,0,0,0,0,0,1,0,0,0,0,0,0,0,1,0,0,1,0,0,1,0,0,0,1,0,1,0,0,0,0,0,1,0,0,0,0,0,0,0,1,0,0,0,1,0,1,0,0,0,0,0,0,1,0,0,1,0,1,0,0,0,1,1,1,0,0,0,0,1,0,1,0,0,0,1,1,0,0,1,1,1,1,1,1,0
5.4270159832885305,0.6737870842781557,0.6737870842781557,0.6824184549395481,10.56,339.3910000000001,0.72,2.6649512286854597,2.03987108374421,577772.0861839224,7.298718628776461,18.947451815200196,0.0,22.99804733313562,0.0,0.0,0.0,4.9839785209472085,0.0,0.0,0.0,6.06636706846161,41.281511048469845,18.003889409003882,34.1331181599586,18.947451815200196,10.772448428929591,0.0,4.9839785209472085,0.0,6.4208216229260096,28.439190165110134,53.852425468928196,22.99804733313562,18.947451815200196,0.0,22.99804733313562,0.0,33.42316868605734,6.4208216229260096,0.0,11.257379486545457,0.0,10.772448428929591,49.81,0.0,0.0,0.0,0.0,29.418868956061626,22.02982791547505,0.0,28.439190165110134,42.595045982382736,4.9839785209472085,18.947451815200196,21.49279372820665,0.0,4.562716285588309,2.0954273746535654,2.0538035661795586,2.8174529337038363,2.4836465419501135,0.0,6.529637728574104,0.25,0,0,0,0,1,5,5,6,0,0,0,3,3.860000000000003,0,0,0,0,0,1,0,0,0,0,0,0,1,0,0,0,0,0,0,0,0,0,0,0,0,0,0,0,1,0,4,0,0,0,0,0,0,0,0,0,0,4,0,0,0,0,0,0,0,0,0,0,1,0,0,0,0,0,0,0,0,0,0,13,5.113333333333333,3,3,0.0,1534.0,3,0.08999999999999998,0.17884057971014497,0.17884057971014497,0.16582135983473814,0.17884057971014491,0.20332343453069118,0.1694264599271129,0.1694264599271129,0.014028626339981,0,0,0,0,0,3,0,0.2,0.8,0.16,0.04,0.0,0.37037037037037035,0.0,1,0,0,1,0,0,0,0,0,0,0,0,1,0,1,0,0,0,0,1,0,0,1,0,0,0,0,0,0,0,0,0,0,1,0,0,0,0,0,0,0,0,1,0,1,1,0,0,1,0,1,0,0,0,1,1,0,1,0,0,0,0,0,1,0,0,0,0,1,0,0,0,0,1,1,0,0,1,0,0,1,1,1,0,0,0,1,0,0,0,1,0,0,1,1,0,0,0,0,0,1,0,0,0,0,1,0,1,0,0,0,0,1,0,0,0,0,0,1,0,0,1,1,0,0,0,0,0,0,0,0,0,0,0,0,0,0,0,0,0,0,0,0,0,0,0,0,0,0,0,0,0,0,0,0,0,0,0,0,0,0,0,0,0,0,0,0,0,0,0,0,0,0,0,0,0,0,0,0,0,0,0,0,0,0,0,0,0,0,0,0,0,0,1,0,0,0,0,0,0,1,0,0,0,0,0,0,0,0,0,0,0,0,0,0,0,0,0,0,0,0,1,0,0,0,0,1,0,0,1,0,0,0,1,0,0,0,0,0,1,0,1,0,0,0,0,0,0,0,1,0,0,0,1,1,1,0,0,0,0,0,0,0,0,0,1,0,0,1,1,0,1,1,1,1,0,0,1,1,0,1,0,0,1,1,1,0,1,1,1,1,1,1,1,0
11.645125526679909,0.07099754871084252,-0.07099754871084252,0.733928635563028,51.0,274.40399999999994,1.1,2.7412569097074844,1.6303925026216404,62569.18896407333,4.4303564930818595,5.106527394840706,0.0,5.783244946364939,0.0,0.0,0.0,4.794537184071822,0.0,0.0,0.0,12.496841729759891,80.10838612135831,6.4208216229260096,6.103966387748303,9.901064578912528,5.783244946364939,0.0,0.0,29.08661465404235,64.39427657084701,0.0,11.64912463690315,0.0,0.0,0.0,0.0,0.0,16.99373872895395,4.794537184071822,29.08661465404235,58.29031018309871,0.0,0.0,37.3,0.0,9.901064578912528,0.0,11.518956857145081,11.701150992526333,43.43700463018821,31.256391021773304,0.0,6.076020106833881,6.923737199690624,0.0,0.0,0.0,11.645125526679909,10.385010212801067,1.6500090151801463,3.3782725366381117,10.856953735197784,2.3346289735029817,0.0,0.8333333333333334,1,4,0,4,0,2,2,0,3,0,3,4,3.4891000000000028,0,1,1,0,0,0,0,0,0,0,0,0,0,0,0,0,0,0,0,0,0,0,1,0,0,0,0,0,5,0,0,0,0,0,0,0,0,0,1,0,0,0,0,0,0,0,0,0,0,0,0,0,0,0,0,0,0,0,0,0,0,0,0,10,3.8105263157894735,4,4,0.0,724.0,4,0.12105263157894737,0.15614035087719297,0.15614035087719297,0.12609783738016375,0.15614035087719297,0.27184785243033277,0.20138241384431504,0.20138241384431504,0.01719175460808063,0,0,0,0,1,0,4,0.1,0.9,0.1,0.0,0.0,0.9130434782608695,0.08695652173913043,0,0,0,0,0,0,0,1,0,0,1,0,0,0,0,0,0,0,0,0,0,1,0,0,1,0,0,0,0,0,1,1,0,1,0,0,1,0,0,1,0,0,0,0,0,1,0,1,0,0,1,0,1,0,1,0,1,1,1,0,0,0,0,0,0,0,0,0,0,1,0,1,0,1,1,0,0,1,0,0,0,1,0,0,1,0,0,0,1,1,0,0,0,0,0,0,0,0,0,0,1,0,0,0,0,1,0,0,0,0,1,0,0,0,1,0,0,0,0,1,1,0,1,1,0,1,0,1,0,0,0,0,0,0,0,0,0,0,0,0,0,0,0,0,0,0,0,0,0,0,0,0,0,0,1,0,0,0,0,0,0,0,0,0,0,0,0,0,0,0,0,0,0,0,0,0,0,0,1,0,0,0,0,0,0,0,0,0,0,0,0,0,0,0,1,0,0,0,0,0,0,0,0,0,1,0,0,0,0,0,0,0,0,0,0,0,0,0,1,1,0,0,0,0,1,0,0,1,0,1,0,0,1,1,0,0,1,0,0,0,1,0,0,1,1,0,1,0,0,0,0,0,0,0,0,1,1,1,0,0,1,0,0,0,0,0,0,1,0,0,0,1,0,1,0,1,0,0,1,0,1,0,1,0,0,1,0,1,1,0,0,1,1,1,0
12.28280998383564,0.046418903483747664,-1.1335052385151592,0.7794864097683887,52.04,344.4950000000001,1.16,2.8251320653610814,1.7341463185610488,424524.1200656136,5.280013405786982,5.106527394840706,5.601050810983688,11.566489892729878,0.0,0.0,0.0,9.589074368143644,0.0,0.0,0.0,26.344316129141138,80.61130169812293,11.83581209232279,0.0,14.69560176298435,11.566489892729878,0.0,0.0,34.501605123439134,78.24175097022825,0.0,11.64912463690315,0.0,0.0,0.0,0.0,0.0,22.274068098554274,9.589074368143644,34.501605123439134,72.64070015924457,0.0,0.0,54.37,5.601050810983688,14.69560176298435,0.0,16.6132258851585,42.29651237686252,32.10410811463005,5.573104530069267,6.923737199690624,6.076020106833881,20.771211599071872,0.0,0.0,0.0,24.295345978835112,11.204927068432209,0.10672704344083384,2.2736071731582657,8.306387865331317,8.396338204135597,0.0,0.8181818181818182,1,4,0,4,0,3,3,1,3,0,3,4,4.084400000000003,0,1,0,0,0,0,0,0,0,0,0,0,0,0,0,0,0,0,0,0,0,0,1,0,0,0,0,0,5,0,0,0,0,0,0,0,0,0,2,1,0,0,0,0,0,0,0,0,0,0,0,0,0,0,0,0,0,0,0,0,0,0,0,11,4.253333333333333,4,4,0.0,1276.0,4,0.09333333333333332,0.14144927536231883,0.14144927536231883,0.13671476246547934,0.14144927536231885,0.24395908940825323,0.17653249719595845,0.17653249719595845,0.019601247345655264,0,0,0,0,1,0,4,0.12,0.88,0.12,0.0,0.0,0.8928571428571429,0.10714285714285714,0,1,1,0,0,1,0,1,0,0,1,0,1,1,0,0,0,1,0,0,0,0,1,0,0,0,0,0,1,1,1,0,0,1,0,0,1,0,0,1,0,0,1,1,0,1,0,0,0,0,0,1,1,0,0,0,0,0,1,0,0,0,0,0,0,0,1,1,1,0,0,0,0,1,1,0,1,0,0,0,0,1,0,0,1,0,0,0,1,0,0,0,1,0,0,1,0,0,1,0,1,0,0,0,1,0,0,0,0,0,1,0,0,0,1,0,0,0,0,0,0,1,1,1,0,1,0,0,0,0,0,0,0,0,0,0,0,0,0,0,0,0,0,0,0,0,0,0,0,0,0,0,0,0,1,0,0,0,0,0,0,0,0,0,0,0,0,0,0,0,0,0,0,0,0,0,0,0,1,0,0,0,0,0,0,0,0,0,0,0,0,0,0,0,1,0,0,0,0,0,1,0,0,0,1,0,0,0,0,0,0,0,0,0,0,0,0,0,1,1,0,0,0,0,1,0,0,1,0,1,0,0,1,1,0,0,1,0,0,0,1,0,0,1,1,0,1,0,0,0,0,0,0,0,0,1,1,1,0,0,1,0,0,0,1,0,0,1,0,1,0,1,0,1,1,1,0,1,1,0,1,0,1,0,0,1,0,1,1,0,0,1,1,1,0
11.750304590040791,0.06089234536407129,-0.8928235491727556,0.7460501574652694,48.73913043478261,312.4530000000001,1.2173913043478262,2.8809595799769827,1.6711962826978066,264546.9943909664,5.214170225517998,5.106527394840706,5.601050810983688,5.783244946364939,0.0,0.0,0.0,4.794537184071822,0.0,0.0,6.423349895620259,18.417276048615534,81.11421727488754,11.83581209232279,0.0,9.901064578912528,5.783244946364939,0.0,0.0,29.086614654042354,70.3121826170084,0.0,11.64912463690315,12.343784214475903,0.0,0.0,0.0,0.0,16.490823152189332,4.794537184071822,41.430398868518246,64.71113180602472,0.0,0.0,37.3,5.601050810983688,9.901064578912528,0.0,5.41499046939678,29.45486913101051,44.94575136048208,18.414747775921285,0.0,6.076020106833881,12.844171518546268,6.423349895620259,0.0,0.0,11.750304590040791,11.11098243502329,0.4737905879944575,5.7306521392418315,16.884279179915005,2.216657734451295,0.0,0.7619047619047619,1,4,0,4,0,2,2,1,3,0,3,4,3.8826000000000036,0,1,0,0,0,0,0,0,0,0,0,0,0,0,0,0,0,0,0,0,0,0,1,0,0,0,0,0,5,0,0,0,0,0,0,0,0,0,1,0,0,0,0,0,0,0,0,0,0,0,0,0,0,0,0,0,0,1,0,0,0,0,0,11,4.16205533596838,4,4,0.0,1053.0,4,0.1027667984189723,0.1505740636175419,0.1505740636175419,0.13306856683295448,0.1505740636175419,0.24997557727147648,0.17829865549840032,0.17829865549840032,0.018035221379600407,0,0,0,0,1,0,4,0.08695652173913043,0.9130434782608695,0.08695652173913043,0.0,0.0,0.8846153846153846,0.07692307692307693,0,0,1,0,0,0,0,1,0,1,1,0,0,1,0,0,0,1,0,1,0,0,1,0,1,0,0,0,0,0,1,0,1,1,1,0,1,0,1,1,0,0,0,0,0,1,0,1,0,0,0,0,1,0,1,0,1,1,1,0,0,0,0,0,0,0,0,0,0,0,0,1,0,1,1,1,0,1,1,0,1,1,0,0,1,0,0,0,0,1,0,0,0,0,0,0,0,0,1,0,1,0,0,0,0,0,0,0,1,0,1,0,0,0,1,0,1,0,0,0,0,0,0,1,0,1,0,1,0,0,0,0,0,0,0,0,0,0,0,0,0,0,0,0,0,1,0,0,0,0,0,0,0,0,1,0,0,0,0,0,0,0,0,0,0,0,0,0,0,0,0,0,0,0,0,0,0,0,1,0,0,0,0,0,0,0,0,0,0,0,0,0,0,0,1,0,0,0,0,0,0,0,0,0,1,0,0,0,0,0,0,0,0,0,0,0,0,0,1,1,0,0,0,0,1,0,0,1,0,1,0,0,1,1,0,0,1,0,0,0,1,0,1,0,1,0,1,0,0,0,0,0,0,0,0,1,1,1,0,0,1,0,0,0,0,0,0,1,0,0,0,1,0,1,0,1,0,0,1,0,1,0,1,1,0,1,0,1,1,0,0,1,1,1,0
16.783234678130512,0.017080171236692143,-1.8794918036659105,0.6798949641188835,51.851851851851855,380.45600000000013,1.2222222222222223,2.8845410512247427,1.7976551042621038,1033877.2035799723,5.70729325462098,15.319582184522117,17.876692594242282,11.566489892729878,0.0,0.0,0.0,9.589074368143644,4.39041504767482,0.0,0.0,19.420578929450514,50.518855890551336,23.168708607880962,6.103966387748303,29.299071600340582,11.566489892729878,0.0,0.0,22.665793031116348,76.167002777341,6.606881964512918,11.64912463690315,0.0,0.0,4.39041504767482,0.0,0.0,50.86673105924258,9.589074368143644,22.665793031116348,58.79322575986332,0.0,0.0,94.83,46.51179091331048,24.90865655266576,4.39041504767482,30.963615861304362,25.683286491704038,5.573104530069267,0.0,12.999757306524504,6.923737199690624,0.0,0.0,16.783234678130512,0.0,24.224949284353023,31.547889936594515,-4.676166199504493,-1.3565770164496267,2.6477974648307434,2.828871852045328,0.0,0.8095238095238095,3,4,0,4,0,5,6,2,3,0,3,4,1.8737,0,3,2,0,0,0,0,0,0,0,0,0,0,0,0,0,0,0,0,0,0,1,1,0,0,0,0,0,5,0,0,0,0,0,0,0,0,0,2,1,0,0,0,0,0,0,0,0,0,0,0,0,0,0,0,0,0,0,0,0,0,0,0,12,4.367521367521367,4,4,0.0,1533.0,4,0.08547008547008546,0.13470085470085472,0.13470085470085472,0.14205074859078182,0.13470085470085472,0.23846722363682135,0.16644080054879962,0.16644080054879962,0.020005729711137916,0,0,0,0,1,0,4,0.2222222222222222,0.7777777777777778,0.18518518518518517,0.0,0.0,0.9,0.1,1,0,1,0,1,0,1,1,1,0,1,0,0,0,0,0,0,1,1,0,0,0,0,0,0,1,0,1,1,0,1,0,0,1,1,0,1,0,0,1,0,0,0,0,0,1,0,1,0,0,0,0,0,0,1,1,0,0,1,1,0,1,0,0,0,0,0,0,1,0,0,0,0,1,1,1,1,1,0,0,1,1,0,0,1,0,0,0,0,0,0,0,0,0,1,1,0,0,1,0,1,0,0,0,0,1,0,0,1,0,0,0,0,0,1,0,0,0,1,0,1,0,1,1,0,1,0,0,0,0,0,0,0,0,0,0,0,0,0,0,0,0,0,0,0,0,0,0,0,0,0,0,0,0,1,0,0,0,0,0,0,0,0,0,0,0,0,0,0,0,1,0,0,0,0,0,0,0,1,0,0,1,0,0,0,0,0,0,0,0,0,0,0,0,1,0,0,0,0,0,1,0,0,0,1,0,0,0,0,0,1,0,0,0,0,1,0,1,1,1,0,0,0,0,1,0,0,1,0,1,0,0,1,1,0,1,1,1,0,0,1,0,0,1,1,0,1,0,0,0,0,0,0,0,0,1,1,1,0,1,1,0,1,0,1,0,0,1,1,0,0,1,0,1,1,1,0,1,1,0,1,1,1,1,0,1,0,1,1,0,0,1,1,1,0
11.703982275991205,0.10255901203073803,-0.9015041047283114,0.6950885218084817,50.40909090909091,298.42600000000004,1.1818181818181819,2.790408774112263,1.6520192857313454,148000.49097014032,4.7123736531989255,5.106527394840706,5.601050810983688,5.783244946364939,0.0,0.0,0.0,4.794537184071822,0.0,0.0,6.423349895620259,18.417276048615534,74.69339565196152,11.83581209232279,0.0,9.901064578912528,5.783244946364939,0.0,0.0,29.086614654042354,63.89136099408239,0.0,11.64912463690315,12.343784214475903,0.0,0.0,0.0,0.0,16.490823152189332,4.794537184071822,41.430398868518246,58.29031018309871,0.0,0.0,37.3,5.601050810983688,9.901064578912528,0.0,5.41499046939678,29.45486913101051,44.94575136048208,11.993926152995277,0.0,6.076020106833881,12.844171518546268,6.423349895620259,0.0,0.0,11.703982275991205,10.91973243502329,0.41844761747291526,5.65632548265327,15.73554062276375,2.2326382327622407,0.0,0.75,1,4,0,4,0,2,2,0,3,0,3,4,3.4925000000000024,0,1,0,0,0,0,0,0,0,0,0,0,0,0,0,0,0,0,0,0,0,0,1,0,0,0,0,0,5,0,0,0,0,0,0,0,0,0,1,0,0,0,0,0,0,0,0,0,0,0,0,0,0,0,0,0,0,1,0,0,0,0,0,11,4.073593073593074,4,4,0.0,941.0,4,0.10822510822510821,0.15367965367965367,0.15367965367965367,0.13183862630738455,0.1536796536796537,0.25507604393332883,0.18482612906251666,0.18482612906251666,0.018285216778900673,0,0,0,0,1,0,4,0.09090909090909091,0.9090909090909091,0.09090909090909091,0.0,0.0,0.88,0.08,0,0,1,0,0,0,0,1,0,1,1,0,0,1,0,0,0,1,0,1,0,0,0,0,1,0,0,0,1,0,1,0,0,1,1,0,1,0,0,1,0,0,0,1,0,1,0,1,0,0,0,0,1,0,1,0,1,1,1,0,0,0,0,0,0,0,0,0,0,0,0,1,0,1,1,1,0,1,1,0,0,1,0,0,1,0,0,0,0,1,0,0,0,0,0,0,0,0,0,0,1,0,0,0,0,0,0,0,1,0,1,0,0,0,1,0,0,0,0,0,0,0,1,1,0,1,0,1,0,0,0,0,0,0,0,0,0,0,0,0,0,0,0,0,0,1,0,0,0,0,0,0,0,0,1,0,0,0,0,0,0,0,0,0,0,0,0,0,0,0,0,0,0,0,0,0,0,0,1,0,0,0,0,0,0,0,0,0,0,0,0,0,0,0,1,0,0,0,0,0,0,0,0,0,1,0,0,0,0,0,0,0,0,0,0,0,0,0,1,1,0,0,0,0,1,0,0,1,0,1,0,0,1,1,0,0,1,0,0,0,1,0,0,1,1,0,1,0,0,0,0,0,0,0,0,1,1,1,0,0,1,0,0,0,0,0,0,1,0,0,0,1,0,1,0,1,0,0,1,0,1,0,1,0,0,1,0,1,1,0,0,1,1,1,0
12.361570770557739,0.0696792328042326,-1.5437315234735869,0.6960164410604959,50.5,362.4660000000002,1.2307692307692308,2.8620358714783705,1.7350832012021686,715692.1381653672,5.727622740292945,15.319582184522117,12.207932775496605,11.566489892729878,0.0,0.0,0.0,9.589074368143644,0.0,0.0,0.0,19.420578929450514,67.7696584522709,11.83581209232279,6.103966387748303,24.90865655266576,11.566489892729878,0.0,0.0,28.583699077277743,70.49824295859531,6.606881964512918,11.64912463690315,0.0,0.0,0.0,0.0,0.0,45.1979712404969,9.589074368143644,28.583699077277743,58.79322575986332,0.0,0.0,94.83,29.51013457900663,24.90865655266576,0.0,28.951953554245897,19.26246486877803,25.683286491704038,5.573104530069267,6.076020106833881,6.923737199690624,6.923737199690624,0.0,0.0,0.0,24.256966952531407,31.725521463742414,-1.2319753217645077,0.13994650962747124,5.735065983349261,3.457807745847293,0.0,0.8095238095238095,3,4,0,4,0,5,5,2,3,0,3,4,1.7815999999999996,0,3,2,0,0,0,0,0,0,0,0,0,0,0,0,0,0,0,0,0,0,0,1,0,0,0,0,0,5,0,0,0,0,0,0,0,0,0,2,1,0,0,0,0,0,0,0,0,0,0,0,0,0,0,0,0,0,0,0,0,0,0,0,12,4.384615384615385,4,4,0.0,1425.0,4,0.08923076923076924,0.14102564102564102,0.14102564102564102,0.14072207394923475,0.14102564102564102,0.23743771440456002,0.16993418701505522,0.16993418701505522,0.019128555701631442,0,0,0,0,1,0,4,0.19230769230769232,0.8076923076923077,0.19230769230769232,0.0,0.0,0.896551724137931,0.10344827586206896,1,1,1,0,0,1,1,1,0,0,1,0,0,0,0,0,0,1,1,0,0,0,0,0,1,0,0,1,1,0,1,0,0,1,0,0,1,0,0,1,0,0,0,0,0,1,0,0,0,0,0,1,0,0,1,0,0,0,1,1,0,0,0,0,0,0,0,1,1,0,0,0,0,1,1,1,1,1,0,0,1,1,0,0,1,0,0,0,1,0,0,0,1,0,1,1,0,0,1,0,1,0,0,0,0,1,0,0,0,0,1,0,0,1,1,0,0,0,0,0,1,0,1,1,0,1,0,0,0,0,0,0,0,0,0,0,0,0,0,0,0,0,0,0,0,0,0,0,0,0,0,0,0,0,1,0,0,0,0,0,0,0,0,0,0,0,0,0,0,0,0,0,0,0,0,0,0,0,1,0,0,1,0,0,0,0,0,0,0,0,0,0,0,0,1,0,0,0,0,0,1,0,0,0,1,0,0,0,0,0,1,0,0,0,0,0,0,1,1,1,0,0,0,0,1,0,0,1,0,1,0,0,1,1,0,0,1,1,0,0,1,0,0,1,1,0,1,0,0,0,0,0,0,0,0,1,1,1,0,1,1,0,0,0,1,0,0,1,1,0,0,1,0,1,1,1,0,1,1,0,1,1,1,1,0,1,0,1,1,0,0,1,1,1,0
11.119363248421031,0.15464687556611212,-0.16412509448223744,0.3131966868527805,13.885714285714286,516.8570000000003,0.42857142857142855,2.596277436739646,2.5663884762528664,7180431.040803116,9.559267957026048,10.213054789681411,11.49902366656781,0.0,0.0,0.0,0.0,0.0,0.0,0.0,23.52376989878223,83.08484639628746,59.7729045508148,32.04477291782353,4.07905443703834,10.213054789681411,23.52376989878223,0.0,0.0,0.0,132.46230406132975,0.0,46.519274240634424,11.49902366656781,0.0,0.0,11.49902366656781,23.52376989878223,14.29210922671975,21.65996187758712,0.0,119.18612676245668,0.0,0.0,40.46,0.0,10.213054789681411,0.0,25.73901631462546,11.49902366656781,22.253805966787983,9.79096695103555,0.0,23.52376989878223,121.19778906951517,0.0,-0.16412509448223744,3.660463435374149,2.3352186213991777,22.238726496842062,3.3365831435880153,0.8388551494467802,0.0,30.35531734248227,0.0,0.6129032258064516,2,0,0,0,0,4,4,4,0,0,0,2,9.908299999999995,0,0,0,0,0,0,0,2,0,0,0,0,0,0,0,0,0,0,0,0,0,0,0,0,0,0,0,0,0,0,0,0,0,0,0,0,0,0,0,0,0,0,0,0,0,0,0,0,0,0,0,0,0,0,2,0,0,0,0,0,0,0,0,12,6.157983193277311,2,2,0.0,3664.0,4,0.060504201680672255,0.15630252100840333,0.15630252100840333,0.17965012610641443,0.15630252100840333,0.16726847352256835,0.15423093242294011,0.15423093242294011,0.01748162245181732,0,0,0,0,0,2,0,0.11428571428571428,0.8857142857142857,0.05714285714285714,0.0,0.05714285714285714,0.6666666666666666,0.0,0,0,0,0,0,1,0,1,1,0,0,0,0,0,1,0,0,0,0,0,1,0,0,0,0,0,0,0,0,0,0,0,0,1,0,1,0,0,0,1,0,0,0,1,0,0,0,0,0,0,0,0,0,1,0,0,0,0,0,1,0,0,0,0,0,0,1,0,0,0,0,0,0,0,1,0,0,0,0,1,0,1,0,0,0,0,0,0,0,0,0,0,0,0,0,0,0,0,0,0,1,0,1,0,1,0,0,1,0,0,0,0,0,0,1,0,1,0,0,0,0,0,0,0,0,0,0,0,0,0,0,0,0,0,0,0,0,0,0,0,0,0,0,0,0,0,0,0,0,0,0,0,0,0,0,0,0,0,0,0,0,0,0,0,0,0,0,0,0,0,0,0,0,0,0,0,0,0,0,0,0,0,0,0,0,0,0,1,0,0,0,0,1,0,1,0,0,0,0,0,0,0,1,0,0,0,0,0,0,1,0,0,0,0,0,0,1,0,0,0,0,0,0,0,0,0,0,0,0,0,0,0,0,0,0,0,0,0,0,0,1,1,0,0,0,0,0,0,0,0,0,0,0,1,0,1,0,0,0,1,0,0,0,0,0,0,0,1,0,1,0,1,1,1,0,0,0,1,1,0,1,0,0,0,0,1,0,1,1,0,1,1,1,1,0
12.07979686318972,0.1565211640211639,-0.779722222222222,0.813193738638947,41.4,339.4350000000001,1.28,3.3230461229939956,1.5787879801585996,1400624.0642884932,4.413058033526125,14.94991774348146,6.103966387748303,11.49902366656781,0.0,0.0,0.0,4.899909730850478,0.0,0.0,0.0,12.645302752060108,68.19051527985789,18.150048726757532,11.016041280380467,14.94991774348146,0.0,0.0,4.899909730850478,5.917906046161393,61.686778234832786,13.08951281182515,35.411677333984976,11.49902366656781,4.736862953800049,0.0,11.49902366656781,0.0,45.94933536023699,11.83581209232279,5.917906046161393,43.23101109802404,0.0,0.0,52.93000000000001,11.016041280380467,10.213054789681411,0.0,17.89531905018017,5.749511833283905,55.827261371456835,18.405094737549014,6.06636706846161,6.06636706846161,11.478845414448976,4.736862953800049,6.2874559870244395,0.0,2.5573899281934995,22.489529447224253,2.2065660955740336,1.6372309880742426,5.787642279491125,6.403002671747711,0.0,0.6190476190476191,2,3,2,5,0,4,4,2,2,1,3,6,2.512500000000001,0,1,0,0,0,0,0,1,0,0,0,0,1,0,0,0,0,1,0,0,0,0,0,0,0,0,0,0,0,0,1,0,0,0,0,0,0,0,0,0,0,0,0,0,0,0,0,0,0,1,0,0,0,0,0,0,0,0,0,0,0,0,0,10,3.9633333333333334,6,6,0.09333333333333332,1189.0,4,0.1,0.12884057971014493,0.12884057971014493,0.10744148701143459,0.12884057971014493,0.26301807453970477,0.17159679180608706,0.17159679180608706,0.01632745335218458,0,0,1,0,1,0,3,0.16,0.84,0.12,0.04,0.0,0.7666666666666667,0.03333333333333333,0,0,1,0,0,1,0,1,1,1,1,1,1,0,1,1,1,0,0,0,0,0,1,0,0,0,0,0,0,1,1,0,0,0,0,1,1,0,0,1,0,0,1,0,1,1,0,0,0,0,0,0,0,0,0,1,0,0,0,0,1,0,1,0,0,0,1,1,0,1,0,1,1,0,1,0,0,0,0,0,1,1,0,0,1,0,1,0,0,0,1,0,0,0,0,0,1,1,0,0,1,0,1,1,0,0,0,0,0,0,1,0,0,0,0,0,0,0,0,0,1,1,0,1,0,0,0,0,0,0,0,0,0,0,0,0,0,0,0,0,0,0,0,0,0,0,0,0,0,0,1,0,0,0,0,0,0,0,0,0,0,0,1,0,0,0,0,0,0,0,0,0,0,0,0,0,0,0,1,0,0,0,0,0,0,1,0,0,0,0,0,0,0,0,1,0,0,0,0,0,1,0,0,1,1,0,0,0,0,0,0,1,0,1,1,0,0,1,1,1,0,0,0,1,1,0,1,1,1,1,0,0,1,1,0,0,0,0,0,1,1,1,0,0,0,0,1,0,1,1,1,0,0,0,0,1,1,1,0,1,1,0,0,0,0,1,1,1,0,0,0,1,1,1,1,1,1,0,0,0,1,1,0,1,1,1,1,1,0,1,1,1,1,1,0
3.2441748551272362,1.0563827475434617,1.0563827475434617,0.8516371541172786,13.55,266.388,0.9,2.6554311444917134,1.9961712661354012,64665.059230662206,6.101275951557094,10.216698334856808,0.0,0.0,0.0,0.0,0.0,0.0,0.0,0.0,0.0,36.39820241076966,56.11453037768501,17.9195289552797,0.0,0.0,11.374772549367124,0.0,5.316788604006331,0.0,19.26246486877803,25.037094525352817,59.65783953108687,0.0,10.216698334856808,11.374772549367124,0.0,0.0,20.13718479450234,12.841643245852019,0.0,17.54772460632,0.0,0.0,15.27,0.0,0.0,0.0,0.0,0.0,32.351977680603184,22.501675532761116,0.0,7.04767198267719,58.74763488254968,0.0,0.0,0.0,2.4950462962962963,3.2441748551272362,5.697612433862435,0.0,3.4212276392038294,2.1207345993953135,2.018173343411439,0.3333333333333333,1,0,1,1,0,2,2,4,0,0,0,3,3.5328000000000026,0,0,0,0,0,0,0,0,0,0,0,0,1,1,0,0,0,0,0,0,0,0,0,0,2,2,0,0,2,0,0,0,0,0,0,0,0,0,0,0,0,0,0,0,0,0,0,2,0,0,0,0,0,0,0,0,0,0,0,0,0,1,0,9,3.9947368421052634,3,3,0.0,759.0,3,0.11578947368421051,0.16637426900584798,0.16637426900584798,0.14754323382640497,0.16637426900584798,0.2617555100190218,0.19555338086006718,0.19555338086006718,0.012639831175441433,0,0,0,0,0,2,0,0.1,0.9,0.0,0.1,0.0,0.45454545454545453,0.0,1,1,0,0,0,0,0,0,0,0,1,0,0,0,0,1,0,0,0,0,0,0,1,0,0,0,0,1,0,0,1,0,0,1,0,0,0,0,0,1,0,0,0,0,1,0,0,1,0,1,0,0,0,0,0,0,0,0,0,1,0,0,1,0,1,0,0,0,0,0,0,0,0,0,1,1,1,1,1,0,1,1,0,0,1,0,1,0,0,0,0,0,0,0,1,0,0,0,0,0,1,0,0,0,0,0,0,0,0,0,0,1,0,0,0,0,0,0,0,1,0,1,0,0,0,0,0,0,0,0,0,0,0,0,0,0,0,0,0,0,0,0,0,0,0,0,0,1,0,0,0,0,0,0,0,0,0,0,0,0,0,0,0,0,0,0,0,0,0,0,0,0,0,0,0,0,0,0,0,0,0,0,0,0,0,0,0,0,0,0,0,0,0,0,0,0,0,0,0,0,0,0,0,1,0,0,0,0,1,0,1,0,0,1,1,0,0,0,1,0,0,1,0,0,0,0,0,0,1,1,0,0,1,1,0,0,1,0,0,1,0,0,0,1,1,0,1,0,0,1,1,0,0,1,0,0,1,0,0,0,0,0,0,1,0,1,1,0,0,0,1,0,1,1,0,1,1,0,0,1,0,1,0,1,1,0,1,0,1,1,1,1,0,1,0
6.666018518518518,0.04648715041572138,0.04648715041572138,0.8289288715670488,27.47826086956522,307.43700000000007,0.8260869565217391,2.826716166694745,1.5709905337644723,364883.82966162445,6.463714555599074,9.636772684650527,6.103966387748303,0.0,0.0,0.0,0.0,0.0,0.0,0.0,0.0,60.6636706846161,43.857861457775215,12.083681658295921,6.103966387748303,4.736862953800049,0.0,0.0,4.899909730850478,0.0,49.97490092549657,7.04767198267719,71.7905736680101,0.0,0.0,0.0,0.0,0.0,30.135229759571892,4.736862953800049,0.0,42.91415586284633,0.0,0.0,12.47,0.0,0.0,0.0,6.103966387748303,18.187648046044224,0.0,36.81018947509803,0.0,0.0,72.61125239814378,4.736862953800049,6.666018518518518,0.0,2.5693461829176116,0.0,2.5092129629629634,0.0,5.427016565885613,0.0,2.2821702569916855,0.42857142857142855,0,0,2,2,0,2,2,4,0,2,2,4,4.417800000000004,0,0,0,0,0,0,0,0,0,0,0,0,1,0,0,0,0,0,0,0,0,0,0,0,0,0,0,0,2,0,1,0,0,0,0,0,0,0,0,0,0,0,0,0,0,0,0,0,0,1,0,0,0,0,0,0,0,0,0,0,0,0,0,10,4.58893280632411,4,4,0.0,1161.0,3,0.1027667984189723,0.17090156220591002,0.17090156220591002,0.18306140866289,0.17090156220591002,0.22592772619707574,0.17787186512240175,0.17787186512240175,0.011139355710397883,0,0,0,0,0,2,2,0.08695652173913043,0.9130434782608695,0.043478260869565216,0.043478260869565216,0.0,0.5384615384615384,0.0,0,1,0,0,0,1,1,0,0,0,0,0,1,0,0,0,0,0,0,0,0,0,0,0,0,0,1,0,0,0,1,0,0,1,0,0,0,0,0,1,0,0,0,0,0,1,0,1,0,1,0,1,0,0,0,1,0,0,0,0,0,0,0,0,1,0,0,0,0,0,1,0,0,0,0,0,0,0,0,0,0,1,1,0,1,1,1,0,0,0,0,0,0,0,0,0,0,1,0,0,1,0,0,0,0,0,0,0,0,0,0,0,0,0,0,0,0,0,1,1,0,1,0,1,1,0,0,0,0,0,0,0,0,0,0,0,0,0,0,0,0,0,0,0,0,0,0,1,0,0,0,0,0,0,0,0,0,0,0,0,0,0,0,0,0,0,0,0,0,0,0,0,0,0,0,0,0,0,0,0,0,0,0,0,0,0,0,0,0,0,0,0,0,0,0,0,0,0,0,0,0,0,0,1,0,0,0,0,0,0,0,1,0,1,0,0,0,0,0,0,0,1,0,0,1,1,1,0,0,0,0,0,0,1,0,0,1,0,0,1,0,0,0,0,1,0,1,0,0,1,1,0,0,1,1,1,1,1,0,0,1,0,0,0,0,1,0,0,0,0,0,1,0,1,0,1,1,0,0,0,1,0,0,0,1,1,1,0,1,1,1,1,1,1,0
5.640675862937767,0.2774825207860925,0.2774825207860925,0.7511676712570863,10.75,213.24400000000003,0.875,2.2918779535973837,2.2421519865382917,5509.67460044811,4.393598267190168,11.46733495432437,11.50524905251859,5.817862777835028,0.0,0.0,0.0,0.0,4.9839785209472085,5.114250125629398,5.114250125629398,18.19910120538483,24.26546827384644,0.0,5.687386274683562,0.0,23.01049810503718,0.0,4.9839785209472085,10.228500251258795,0.0,11.46733495432437,42.46456947923127,0.0,11.46733495432437,23.01049810503718,0.0,0.0,4.9839785209472085,0.0,0.0,0.0,0.0,0.0,89.64999999999999,0.0,0.0,0.0,5.817862777835028,11.50524905251859,5.687386274683562,0.0,12.13273413692322,30.33183534230805,15.212478772206005,11.46733495432437,0.0,0.0,3.8876527462836985,8.030239984882842,12.386859613450522,0.6489279940371215,0.0,0.0,0.0,0.0,4,0,0,0,1,5,5,2,0,0,0,2,2.6613999999999995,0,0,0,2,0,1,0,0,0,0,0,0,3,0,2,0,0,0,0,0,0,0,0,0,2,0,0,1,0,0,0,0,0,0,0,0,0,0,0,0,0,0,0,0,0,0,0,0,0,0,0,0,1,0,0,0,0,0,0,0,0,0,0,10,4.041666666666667,2,2,0.0,485.0,3,0.1416666666666667,0.21726190476190477,0.21726190476190477,0.19441518649331135,0.21726190476190477,0.25603546127934795,0.22511693931129273,0.22511693931129273,0.014205318086043792,0,0,0,0,0,2,0,0.3125,0.6875,0.0,0.3125,0.0,0.23529411764705882,0.058823529411764705,0,0,0,0,0,1,0,0,0,1,0,0,0,0,0,0,1,0,1,1,0,0,0,0,0,0,0,0,0,0,0,0,0,0,0,1,0,0,0,0,1,0,0,0,0,0,0,1,0,1,0,1,0,0,0,0,0,0,0,0,0,0,1,1,1,0,0,0,0,0,0,0,0,0,1,0,0,0,0,0,0,1,0,0,0,1,1,1,0,0,0,0,0,0,0,0,0,0,0,0,1,0,0,0,0,0,0,0,0,0,0,0,0,0,0,0,0,1,0,0,0,0,1,0,0,0,1,0,0,0,0,0,0,0,0,0,0,0,0,0,0,0,0,0,0,0,0,0,0,0,0,0,0,0,0,0,0,0,0,0,0,0,0,0,0,0,1,0,0,0,0,0,0,0,0,0,0,0,0,0,1,1,0,0,0,0,0,0,0,0,0,0,0,1,0,0,0,0,0,0,0,0,0,0,0,1,0,1,1,0,0,0,1,0,0,0,0,0,0,0,0,0,1,0,0,0,1,0,0,0,0,0,0,0,0,0,0,0,0,0,0,0,0,0,0,0,0,1,0,1,0,0,1,1,0,0,0,0,0,1,0,1,0,1,0,1,0,0,0,0,1,0,1,1,0,0,0,0,1,1,0,0,0,0,1,0,1,0,0,1,1,1,0,1,0
12.69273478835979,0.04565381708238769,0.04565381708238769,0.891012713024742,19.476190476190474,288.43500000000006,1.2857142857142858,2.4887575491955323,2.065054948314816,57281.24375228437,7.599376898652427,5.316788604006331,0.0,0.0,5.907179729351506,0.0,0.0,9.694446914922299,0.0,0.0,0.0,37.964481650927475,57.326355063378415,5.687386274683562,6.041840829147961,4.794537184071822,11.594566004035068,0.0,4.899909730850478,0.0,58.91716054284987,18.406301415831482,29.32600418877882,0.0,5.316788604006331,5.687386274683562,0.0,0.0,29.938443101175096,4.794537184071822,13.847474399381248,50.15474829771466,0.0,0.0,32.34,0.0,4.794537184071822,0.0,11.949020558499466,0.0,42.74544531575472,19.26246486877803,0.0,6.06636706846161,43.120644070851895,0.0,0.0,0.0,15.06370701058201,3.1740077003023432,3.265787273242631,0.1696324640967497,5.721966308319573,8.41524302931049,0.0,0.6111111111111112,1,0,1,1,0,2,3,5,0,1,1,2,3.8965400000000026,0,0,0,0,0,0,0,0,0,0,0,0,1,1,0,0,0,1,0,0,0,0,0,0,1,2,0,0,0,0,0,0,0,0,0,0,0,0,0,0,0,0,0,0,0,0,0,1,0,1,0,0,0,0,0,0,0,0,0,0,0,0,0,11,4.561904761904762,2,2,0.0,958.0,3,0.10476190476190476,0.18746867167919803,0.18746867167919803,0.20098016113397832,0.18746867167919803,0.22796175564085838,0.19575735251635704,0.19575735251635704,0.015127196270512235,0,0,0,0,0,1,1,0.14285714285714285,0.8571428571428571,0.047619047619047616,0.09523809523809523,0.0,0.6818181818181818,0.045454545454545456,1,0,0,0,1,0,0,0,0,0,1,0,0,0,0,1,0,0,0,1,0,0,0,0,1,0,1,0,1,0,1,0,0,1,0,0,0,0,1,1,1,0,0,0,0,1,0,0,0,1,1,0,1,0,0,0,0,0,1,0,0,0,0,0,1,0,0,0,0,1,0,0,1,0,0,0,0,1,1,1,1,1,0,0,0,0,1,0,0,0,1,0,0,0,1,0,0,0,1,0,1,0,1,0,0,0,0,0,0,0,0,1,0,0,0,0,0,0,0,1,0,1,1,1,0,1,0,0,0,0,0,0,0,0,0,0,0,0,0,0,0,0,0,0,0,0,0,0,0,0,0,0,0,0,0,0,0,0,0,0,0,0,0,0,0,0,0,0,0,0,0,0,0,0,0,0,0,0,0,0,0,0,0,0,0,0,0,0,0,0,0,0,0,0,0,0,0,0,0,0,0,0,0,1,0,0,0,1,0,0,0,0,0,1,1,0,0,0,1,1,1,0,0,1,0,0,1,0,1,0,0,0,0,0,0,0,0,0,1,1,0,0,1,1,1,1,1,0,0,1,1,0,0,0,0,0,1,1,0,0,0,1,0,1,0,1,1,0,0,1,1,0,1,1,0,1,1,1,1,1,0,1,1,1,1,0,1,0,1,1,1,1,1,1,0
13.063838970773494,0.11878863273704598,-1.0706915223902398,0.660289548252613,24.366666666666667,470.3340000000002,1.3,3.144298249906367,1.6227197444307269,4159133.0872566467,7.176983153246343,19.846320666670863,34.47518137668456,0.0,5.907179729351506,5.907179729351506,5.969305287951849,9.589074368143644,4.794537184071822,0.0,11.761884949391115,34.42491010605209,32.903945735995094,10.310473944914555,10.045266627482652,24.013233884029518,52.74742947651101,0.0,15.373361591982254,0.0,42.975788523554094,0.0,39.56806674343892,11.257379486545457,5.316788604006331,0.0,0.0,34.963764729856145,55.151342053953705,9.589074368143644,6.923737199690624,29.965710494024506,10.045266627482652,11.257379486545457,112.74,39.988241671137075,19.490138947056174,0.0,17.0176269054199,15.608718119179649,0.0,16.66179468024159,38.9703128044567,0.0,10.473451861131776,27.72497471743838,4.51760224708953,13.842745032084915,38.6639157205203,16.286354665906458,0.6454161446935178,-1.843739751198223,0.0,5.101309769124975,0.0,0.3684210526315789,2,0,2,2,1,6,11,4,0,2,2,4,3.2021200000000007,1,0,0,0,0,1,0,0,1,0,0,0,2,1,0,0,0,0,0,0,0,0,0,0,0,1,0,0,1,0,0,0,0,0,0,0,0,0,0,0,0,0,0,0,0,0,0,0,0,0,0,0,0,0,1,0,0,0,0,0,0,0,0,13,5.52183908045977,4,4,0.0,2402.0,4,0.07586206896551723,0.16149425287356323,0.16149425287356323,0.18754200225549902,0.16149425287356323,0.18709523611122725,0.13053552229612816,0.13053552229612816,0.016492050627213463,0,0,0,1,2,2,2,0.36666666666666664,0.6333333333333333,0.16666666666666666,0.1,0.03333333333333333,0.5757575757575758,0.09090909090909091,1,0,1,1,0,1,1,0,0,0,1,0,0,1,0,1,1,1,1,1,0,0,0,1,0,0,0,0,0,0,0,0,0,1,0,1,1,0,0,1,1,0,0,0,0,0,0,0,0,1,0,0,0,1,0,0,0,1,1,0,0,0,0,0,1,0,0,1,0,0,0,0,0,0,1,0,0,1,1,0,0,1,0,1,0,1,1,0,0,0,0,0,0,0,0,0,0,0,0,1,1,0,1,0,0,1,1,0,0,0,1,0,0,1,0,0,0,0,1,0,1,0,1,1,0,1,1,1,0,0,0,0,0,0,0,0,1,0,0,1,0,0,0,0,0,0,0,1,0,0,0,0,0,0,0,0,0,0,0,0,0,0,0,0,1,0,0,0,0,0,0,0,0,0,0,1,0,0,0,0,0,0,0,0,0,1,0,0,0,0,1,0,0,1,1,0,0,0,0,1,0,0,1,0,0,0,0,1,1,1,0,1,0,1,0,1,1,1,0,0,1,0,1,1,1,1,0,0,0,0,1,1,0,1,0,1,0,0,1,0,1,0,0,0,0,1,0,0,1,1,1,1,1,1,0,1,0,0,0,1,0,1,1,0,1,1,0,1,1,1,1,1,1,0,1,0,1,1,1,1,1,0,1,0,1,1,1,1,1,1,1,1,1,1,0
12.995622795414462,0.19573307718149047,-1.0564710346849038,0.7092649200190689,24.75862068965517,435.8890000000002,1.3448275862068966,3.148303864901545,1.5979754118001421,2912873.7018842073,6.773308085557597,19.846320666670863,34.47518137668456,0.0,5.907179729351506,5.907179729351506,5.969305287951849,9.589074368143644,4.794537184071822,0.0,11.761884949391115,34.95670435274279,26.83757866753348,10.310473944914555,5.022633313741326,24.013233884029518,41.14648958627849,0.0,15.373361591982254,0.0,42.975788523554094,0.0,40.6118004981592,11.257379486545457,5.316788604006331,0.0,0.0,23.36282483962363,55.151342053953705,9.589074368143644,6.923737199690624,29.965710494024506,5.022633313741326,11.257379486545457,112.74,39.988241671137075,19.490138947056174,0.0,11.257379486545457,16.346332224312764,0.0,16.66179468024159,45.03667987291831,0.0,10.473451861131776,16.124034827205865,4.541556435437658,7.5907254748504585,38.56028248279976,16.16571345056101,1.0263729348169748,-1.695413467882462,0.0,5.158945755873516,0.0,0.3684210526315789,2,0,2,2,1,6,10,4,0,2,2,4,2.5487200000000003,1,0,0,0,0,1,0,0,1,0,0,0,2,1,0,0,0,0,0,0,0,0,0,0,0,1,0,0,1,0,0,0,0,0,0,0,0,0,0,0,0,0,0,0,0,0,0,0,0,0,0,0,0,0,1,0,0,0,0,0,0,0,0,13,5.448275862068965,4,4,0.0,2212.0,4,0.07881773399014777,0.16475095785440613,0.16475095785440613,0.1866599428334077,0.16475095785440613,0.18979207135639736,0.13350564490532651,0.13350564490532651,0.01635285844863384,0,0,0,1,2,2,2,0.3448275862068966,0.6551724137931034,0.1724137931034483,0.10344827586206896,0.034482758620689655,0.5625,0.09375,1,0,1,1,0,1,1,0,0,0,1,0,0,1,0,0,1,1,1,1,1,0,0,1,0,0,0,0,0,0,0,0,0,1,0,1,1,0,0,1,1,0,0,0,0,0,0,1,0,1,0,0,0,1,0,0,0,1,1,0,0,0,0,0,1,0,0,1,0,0,1,0,0,0,1,0,1,1,1,0,0,1,0,0,0,0,1,0,1,0,0,0,0,0,0,0,1,0,0,1,1,0,1,0,0,1,1,0,0,0,1,0,0,1,0,0,0,0,1,0,1,0,1,1,0,1,1,1,0,0,0,0,0,0,0,0,1,0,0,1,0,0,0,0,0,0,0,1,0,0,0,0,0,0,0,0,0,0,0,0,0,0,0,0,1,0,0,0,0,0,0,0,0,0,0,1,0,0,0,0,0,0,0,0,0,1,0,0,0,0,1,0,0,1,1,0,0,0,0,1,0,0,1,0,0,0,0,1,1,1,0,1,0,1,0,1,1,1,0,0,1,0,1,1,1,1,0,0,0,0,1,1,0,1,0,1,0,0,1,0,1,0,0,0,0,1,0,0,1,1,1,1,1,1,0,1,0,0,0,1,0,1,1,0,1,1,0,1,1,1,1,1,1,0,1,0,1,1,1,1,1,0,1,0,1,1,1,1,1,1,1,1,1,1,0
9.997825727513227,0.6681220474300833,-2.368856725560595,0.23789143451934985,51.130434782608695,342.29699999999997,0.8695652173913043,2.797664825331315,2.1281884089863876,117627.81758105513,7.207281294562587,55.062808020125786,42.72776471423811,6.290026729335213,5.7871111525705965,0.0,0.0,0.0,0.0,0.0,0.0,0.0,0.0,0.0,19.820645893538753,55.062808020125786,0.0,0.0,0.0,0.0,54.80490259614392,19.820645893538753,0.0,0.0,0.0,0.0,0.0,0.0,115.47776764840835,14.210588861400147,0.0,0.0,0.0,0.0,189.52999999999997,74.62554848968267,30.63916436904423,0.0,0.0,0.0,0.0,0.0,0.0,0.0,0.0,24.423643651081555,15.310769951499118,0.0,0.0,76.50737401056102,0.0,-2.368856725560595,-12.212382618942643,-2.320237950890232,0.0,1.0,8,0,2,2,0,11,11,5,0,2,2,2,-5.395599999999993,0,8,7,0,0,0,0,0,0,0,0,0,0,0,0,0,0,0,0,0,0,0,0,0,0,0,0,0,0,0,3,0,0,0,0,0,0,0,0,0,0,0,0,0,0,0,0,0,0,0,0,0,0,0,0,0,0,0,0,0,0,0,0,10,4.474308300395257,2,2,0.0,1132.0,4,0.09486166007905136,0.16544325239977414,0.16544325239977414,0.1774591359799635,0.16544325239977414,0.2314361784081337,0.17680976896878517,0.17680976896878517,0.01951009852831309,0,0,0,0,1,0,2,0.4782608695652174,0.5217391304347826,0.4782608695652174,0.0,0.0,1.0,0.0,0,1,1,0,0,1,0,1,0,0,0,0,0,1,0,0,1,0,0,0,0,0,0,0,0,1,0,0,0,0,1,0,0,0,0,0,1,0,0,1,0,0,0,1,0,0,1,0,0,0,0,0,1,1,0,1,0,1,0,0,0,0,1,0,0,0,0,0,0,0,0,0,0,0,0,0,0,0,0,1,1,0,1,0,0,0,0,0,0,1,0,0,0,0,1,0,0,0,1,0,1,1,0,0,0,1,0,0,1,0,0,0,0,0,0,1,0,0,0,0,0,0,0,1,0,0,0,0,0,0,0,0,0,0,0,0,0,0,0,0,0,0,0,0,0,0,0,0,0,0,0,0,0,0,0,0,0,0,0,0,0,0,0,0,0,0,0,0,0,0,0,0,0,0,0,0,0,0,0,0,0,1,1,0,0,1,0,0,0,0,0,0,0,0,0,0,0,0,0,0,1,0,0,0,0,0,0,0,0,0,1,1,0,0,0,0,0,1,1,1,0,0,0,0,1,0,1,0,0,0,0,0,1,0,0,0,0,1,0,0,1,0,0,0,0,0,0,0,1,0,0,1,0,0,1,1,1,0,0,1,1,0,0,0,0,1,1,1,1,0,0,1,0,0,1,0,0,0,1,0,1,1,0,1,0,1,0,1,0,0,0,1,1,1,0
12.268665438397582,0.24108796296296275,-4.588876894893759,0.6603736450853359,11.142857142857142,308.31100000000004,1.1428571428571428,2.4548935982210898,2.629387288164202,42155.432868652555,5.547506689505285,9.843390348640755,16.394507142085587,5.783244946364939,0.0,10.118126859033554,0.0,9.347287057762186,0.0,8.417796984328938,0.0,30.33183534230805,6.06636706846161,11.629818560158606,12.673249032974528,27.608474390731878,15.901371805398494,0.0,0.0,0.0,4.895483475517775,7.109797541277533,53.59147246262526,11.49902366656781,4.736862953800049,0.0,11.49902366656781,0.0,30.97011674050248,10.118126859033554,0.0,15.921440167465814,0.0,0.0,100.9,26.546367114200173,18.318861563241466,0.0,16.876414816677897,0.0,12.13273413692322,19.242531678200752,18.19910120538483,0.0,0.0,9.289612827490412,36.58625157470395,0.0,11.687259070294784,9.867078609221467,0.03599962207105145,-1.2561409255060034,0.0,0.0,-3.406194544175694,0.07142857142857142,2,0,0,0,0,5,7,4,0,0,0,2,1.8785,0,0,0,0,0,0,0,1,0,0,0,0,0,0,0,0,0,0,0,0,0,0,0,0,0,0,0,0,0,0,1,0,0,0,0,0,0,0,1,0,0,1,0,0,0,0,0,0,0,0,0,0,0,0,0,0,0,0,0,0,0,0,0,10,4.228571428571429,2,2,0.0,888.0,4,0.10476190476190475,0.1699248120300752,0.1699248120300752,0.17771314646041006,0.1699248120300752,0.2457908300514178,0.19017051187317296,0.19017051187317296,0.018403384410532093,0,0,0,0,0,2,0,0.3333333333333333,0.6666666666666666,0.2857142857142857,0.0,0.047619047619047616,0.3181818181818182,0.13636363636363635,1,0,0,0,0,1,0,0,1,1,1,0,0,0,1,0,0,0,0,0,0,0,1,0,0,0,0,1,0,0,0,0,0,1,0,0,0,0,0,1,0,0,0,0,0,0,0,1,0,0,1,0,0,0,0,1,0,0,0,1,0,0,0,0,1,1,1,0,1,0,0,1,0,1,0,0,0,1,0,0,1,1,0,0,0,0,1,0,0,0,0,0,0,0,1,0,0,0,0,0,1,0,0,1,0,1,0,1,0,0,0,1,0,0,1,0,0,0,0,0,0,1,0,0,0,1,0,0,0,0,0,0,0,0,0,0,0,0,0,0,0,0,0,0,0,0,0,0,0,0,0,0,0,0,0,0,0,0,0,0,0,0,0,0,0,0,0,1,1,0,0,0,0,0,0,0,1,0,0,1,0,0,0,1,0,0,1,1,1,1,0,0,1,0,0,1,0,1,0,0,0,1,0,0,0,0,0,0,0,1,0,0,0,0,0,0,1,1,0,0,0,1,0,0,0,0,0,0,0,0,1,0,0,0,1,0,0,0,0,0,1,1,0,0,0,0,0,0,0,0,0,0,1,1,1,1,0,0,1,1,0,0,0,0,1,0,0,1,1,0,0,1,1,1,1,0,1,0,1,0,1,0,1,0,0,1,0,1,1,0,1,1,1,1,0
12.089797808012092,0.22389833711262241,-0.8582664609053496,0.357575955658407,10.4,278.216,0.7,2.4087858801044497,2.550693529851314,25003.197435484188,4.540522097117969,30.63916436904423,0.0,34.530804112784466,5.749511833283905,0.0,0.0,4.794537184071822,0.0,0.0,0.0,0.0,24.26546827384644,5.563451491696996,5.563451491696996,35.43370155311605,5.783244946364939,0.0,0.0,0.0,0.0,0.0,35.392371257240434,34.49707099970343,0.0,0.0,34.49707099970343,0.0,36.42240931540917,0.0,0.0,15.921440167465814,0.0,0.0,138.45000000000002,40.28031594606837,30.327174158275348,0.0,11.126902983393991,0.0,24.26546827384644,0.0,0.0,0.0,0.0,5.106527394840706,0.0,0.0,12.089797808012092,55.95618764172336,-0.5666855631141339,-5.324089978584024,0.0,0.0,0.0,0.0,6,0,0,0,0,7,7,2,0,0,0,2,1.1511999999999996,0,0,0,0,0,0,0,6,0,0,0,0,0,0,0,0,0,0,0,0,0,0,0,0,0,0,0,0,0,0,0,0,0,0,0,0,0,0,1,0,0,0,0,0,0,0,0,0,0,0,0,0,0,0,0,0,0,0,0,0,0,0,0,10,4.147368421052631,2,2,0.0,788.0,3,0.11052631578947367,0.17485380116959065,0.17485380116959065,0.1837309267715817,0.17485380116959065,0.24940980713234925,0.20626273136244522,0.20626273136244522,0.019463597134919578,0,0,0,0,0,2,0,0.35,0.65,0.35,0.0,0.0,0.38095238095238093,0.047619047619047616,0,0,0,0,0,0,0,0,0,1,1,0,0,0,0,0,0,0,0,0,0,0,1,0,0,0,0,0,0,0,0,0,0,0,0,0,0,0,0,1,0,0,0,1,0,0,0,0,1,0,0,0,0,0,0,0,1,0,0,0,0,0,0,0,0,0,1,1,0,1,0,1,0,0,1,0,0,0,0,0,0,1,0,0,0,0,1,0,0,0,0,0,1,0,0,0,0,0,0,1,1,0,0,0,0,1,0,1,0,0,0,0,0,0,0,0,0,0,0,0,0,0,0,0,0,1,0,0,0,0,0,0,0,0,0,0,0,0,0,0,0,0,0,0,0,0,0,0,0,0,0,0,0,0,0,0,0,0,0,0,0,0,0,0,0,0,0,0,0,0,0,0,0,0,0,0,0,0,0,0,0,1,1,0,0,0,0,0,0,0,0,0,0,0,0,0,0,0,0,0,1,0,0,0,0,0,0,0,0,0,0,0,0,0,0,0,0,1,0,0,0,0,0,0,0,0,0,0,0,0,0,0,0,0,0,0,0,0,0,0,0,1,0,0,0,0,0,0,0,0,0,0,0,1,0,1,0,0,0,1,0,0,0,0,0,0,0,1,1,0,0,1,1,1,1,0,0,0,1,0,1,0,1,0,0,1,0,1,0,0,1,1,1,1,0
12.180597127739984,0.059395313681027684,-0.8601440329218106,0.38710486030618185,10.25,273.24399999999997,1.1,2.410746241936564,2.498650958063002,27193.217609044445,5.004554624716358,10.213054789681411,0.0,11.532756779648844,5.749511833283905,0.0,5.687386274683562,14.908855452837393,0.0,0.0,0.0,29.828919765543436,12.990104268152233,17.193270051855603,4.923311048817671,19.930903022570906,11.470631221048501,0.0,0.0,0.0,6.923737199690624,0.0,63.20287515462622,11.49902366656781,0.0,5.687386274683562,11.49902366656781,0.0,20.919610784864023,0.0,17.038055468456196,21.48489165916281,0.0,0.0,100.67,27.89296593643398,25.12191024251881,0.0,5.563451491696996,5.563451491696996,17.696185628620217,0.0,24.26546827384644,6.923737199690624,0.0,0.0,0.0,0.0,22.073566477146922,29.59435675469045,0.5485059208868748,-2.0198909255060045,0.0,1.866549137357218,0.0,0.07142857142857142,2,0,0,0,0,5,6,3,0,0,0,2,2.545420000000002,0,0,0,0,0,0,0,2,0,0,0,0,1,0,0,0,0,0,0,0,0,0,0,0,0,1,0,0,0,0,0,0,0,0,0,0,0,0,1,0,0,0,0,1,0,0,0,0,0,0,0,0,0,0,0,0,0,0,0,0,0,0,0,10,4.257894736842105,2,2,0.0,809.0,3,0.11052631578947367,0.1809941520467836,0.1809941520467836,0.17615812488470284,0.1809941520467836,0.24388417130781498,0.19885465198886473,0.19885465198886473,0.018057720560042047,0,0,0,0,0,2,0,0.3,0.7,0.25,0.05,0.0,0.3333333333333333,0.09523809523809523,1,0,0,0,0,0,0,0,0,1,1,0,0,0,0,0,0,0,0,0,0,0,0,0,1,0,0,0,0,0,0,1,0,1,0,0,0,0,0,1,0,0,0,1,0,0,0,0,1,0,0,0,0,0,0,1,0,0,1,0,0,0,0,0,0,0,1,0,0,0,1,1,0,0,1,1,1,0,0,0,0,1,0,0,0,0,1,0,0,0,0,0,0,0,0,0,0,0,1,0,1,0,0,0,0,1,0,1,0,0,0,1,0,1,0,0,0,0,0,0,0,0,0,0,0,1,0,0,0,0,0,0,0,0,0,0,0,0,0,0,0,0,0,0,0,0,0,0,0,0,0,0,1,0,0,0,0,0,0,0,0,0,0,0,0,0,0,0,0,0,0,0,0,0,0,0,0,1,0,0,0,0,1,0,1,0,0,0,0,0,0,1,0,0,0,0,0,0,1,1,1,0,0,0,0,0,0,0,0,0,0,0,0,0,0,0,0,1,0,0,0,0,1,1,0,1,0,0,0,0,1,0,0,0,0,0,0,0,0,0,0,1,0,0,0,0,0,1,0,0,1,0,1,1,0,1,0,0,1,1,0,1,0,1,1,0,0,1,1,0,0,1,1,1,1,0,1,0,1,0,1,0,1,0,1,1,1,1,1,1,1,1,1,1,0
12.425620864233103,0.1095422487431863,-1.1190726991362796,0.5540618915195044,11.28,360.837,0.92,2.544225378987669,2.099929247281439,255195.98241397916,7.702508411543377,9.473725907600098,5.749511833283905,11.384295757348628,0.0,0.0,5.969305287951849,4.794537184071822,4.794537184071822,0.0,0.0,11.600939890232516,76.22588534645539,16.149536297135317,6.103966387748303,19.06280027574374,23.353490124549303,0.0,0.0,0.0,39.399965997494476,0.0,64.6804728448282,5.749511833283905,4.736862953800049,0.0,5.749511833283905,11.600939890232516,23.45756743304878,9.53140013787187,0.0,43.61638896622831,5.022633313741326,0.0,52.6,11.570356098935537,9.589074368143644,0.0,11.887211334113243,21.899048130419224,0.0,0.0,76.22588534645539,0.0,0.0,21.074665797832616,10.905199669433943,5.835982981423941,24.480738160813797,0.5794565267030307,-0.03930888401554622,-0.06585760171674093,-0.21319601540845623,6.852452754962988,0.0,0.3,0,0,0,0,0,4,5,6,0,0,0,2,4.680000000000004,0,0,0,0,0,0,0,0,0,0,0,0,0,0,0,0,0,0,0,0,0,0,0,0,0,0,0,0,0,1,2,0,0,0,0,0,0,0,1,0,0,0,0,0,0,0,0,0,0,0,0,0,0,0,0,0,0,0,0,0,0,0,0,15,5.72,2,2,0.0,1716.0,4,0.08666666666666666,0.20521739130434782,0.20521739130434782,0.18459888564731539,0.20521739130434782,0.18227280046889419,0.18011292305385512,0.18011292305385512,0.015899847543337016,0,0,0,0,0,2,0,0.2,0.8,0.16,0.0,0.0,0.46153846153846156,0.07692307692307693,0,1,1,0,0,0,0,0,1,1,1,0,0,0,0,0,0,0,0,1,0,0,0,0,0,0,0,1,0,0,0,0,0,1,0,0,1,0,1,1,0,0,0,0,0,0,1,0,1,1,0,0,0,0,0,1,0,0,1,0,0,1,0,0,0,0,1,0,0,1,1,0,0,1,0,0,0,0,1,0,0,1,0,0,0,0,1,0,1,0,0,1,0,0,0,0,0,0,0,0,1,0,0,0,0,1,0,0,0,0,0,1,0,0,1,0,0,0,0,0,0,0,0,0,0,1,0,0,0,0,0,0,0,0,0,0,0,0,0,0,0,0,0,0,0,0,0,0,0,0,0,0,0,0,0,0,0,0,0,0,0,0,0,0,0,0,0,0,0,0,0,0,0,0,0,0,0,0,0,0,0,0,0,0,0,0,0,0,0,0,0,0,0,0,1,0,0,0,0,0,1,0,1,0,0,0,0,0,0,0,0,0,0,0,0,1,0,0,0,0,0,0,0,0,0,0,0,0,0,0,0,1,0,0,0,1,0,0,0,0,1,1,0,0,0,0,0,0,0,0,0,1,0,1,1,1,0,0,0,0,0,0,1,0,1,0,0,0,1,1,0,1,0,1,1,0,0,1,0,0,1,0,1,0,0,1,0,1,1,0,1,1,1,1,0
12.243546390778533,0.09718631897203278,-0.8987869530528261,0.8528036890699656,11.842105263157896,254.285,0.9473684210526315,2.463074257573089,2.3400417314396122,22591.317090460372,5.481743927766793,5.106527394840706,0.0,5.783244946364939,0.0,0.0,5.969305287951849,9.589074368143644,0.0,0.0,0.0,48.53093654769288,18.55355575984923,11.126902983393991,5.917906046161393,14.69560176298435,11.75255023431679,0.0,0.0,0.0,12.841643245852017,0.0,71.28765809124549,0.0,0.0,0.0,0.0,0.0,16.859077629157493,4.794537184071822,0.0,34.326534905014825,0.0,0.0,54.37,11.887211334113243,9.589074368143644,0.0,5.783244946364939,16.690354475090988,0.0,0.0,55.4546737473835,6.06636706846161,0.0,5.106527394840706,0.0,0.0,23.209487626470853,8.997030199438209,1.7441751700680277,-1.6177109053497947,0.0,1.605595238095238,0.0,0.125,1,0,0,0,0,2,3,4,0,0,0,2,3.1057000000000015,1,0,0,0,0,0,0,0,1,0,0,0,0,0,0,0,0,0,0,0,0,0,0,0,0,0,0,0,0,0,0,0,0,0,0,0,0,0,1,0,0,0,0,0,0,0,0,0,0,0,0,0,0,0,0,0,0,0,0,0,0,0,0,10,4.233918128654971,2,2,0.0,724.0,3,0.11695906432748539,0.19023047815617472,0.19023047815617472,0.196923928005165,0.19023047815617472,0.24512582308497297,0.20796671166550104,0.20796671166550104,0.01621288087065808,0,0,0,0,0,2,0,0.15789473684210525,0.8421052631578947,0.15789473684210525,0.0,0.0,0.3,0.1,0,1,0,0,1,1,0,0,0,1,1,0,0,0,0,1,0,0,0,0,0,0,0,0,0,1,0,1,0,0,0,0,0,1,0,0,0,0,0,1,0,0,0,0,0,1,0,1,0,0,0,0,1,0,0,0,0,0,0,0,0,0,0,0,1,1,0,0,0,0,0,0,0,0,0,0,0,0,0,0,0,1,1,0,0,1,1,0,0,0,0,0,0,0,0,0,0,0,0,0,1,1,0,0,0,1,0,1,0,0,0,1,0,0,0,0,0,0,0,0,0,0,0,1,0,1,0,0,0,0,0,0,0,0,0,0,0,0,0,0,0,0,0,0,0,0,0,0,0,0,0,0,0,0,0,0,0,0,0,0,0,0,0,0,0,0,0,0,0,0,0,0,0,0,0,0,0,0,0,0,0,0,0,0,0,0,0,0,0,0,0,0,0,0,0,0,0,0,0,0,0,0,0,0,0,0,0,0,0,0,0,0,0,0,0,0,0,0,0,0,0,0,0,0,0,0,0,0,0,0,0,0,0,0,0,0,0,0,0,0,0,0,0,0,0,0,0,0,0,0,0,1,0,1,0,0,0,0,0,0,0,0,0,0,1,0,0,1,0,0,0,0,0,1,1,0,0,0,0,0,1,0,1,0,0,1,0,1,1,0,1,1,1,1,0
12.373703231292517,0.20110003569328927,-0.9815364173931991,0.6654785528464892,10.25,334.169,1.1,2.406834472940525,2.3946661536312703,29430.77193511674,5.878302341530973,10.84019487200289,0.0,5.783244946364939,0.0,0.0,5.969305287951849,9.589074368143644,0.0,0.0,0.0,28.06267803487257,35.89528683400505,21.287008773909967,6.4208216229260096,14.69560176298435,33.3698804069497,0.0,0.0,0.0,6.4208216229260096,5.733667477162185,63.62764347015467,0.0,5.733667477162185,5.687386274683562,0.0,15.929943897949348,16.859077629157493,11.21535880699783,0.0,21.48489165916281,0.0,0.0,80.39000000000001,5.969305287951849,9.589074368143644,0.0,17.89145284397451,16.690354475090988,4.472719515832414,0.0,42.46456947923127,0.0,15.929943897949348,10.84019487200289,0.8765276363580838,3.302767389720402,23.13756132495851,8.822724835189662,7.407947045330479,-1.2016856993281948,-0.20110003569328927,0.0,0.0,0.06666666666666667,3,0,0,0,0,3,5,4,0,0,0,2,2.889400000000001,1,0,0,1,0,0,0,0,1,0,0,0,0,0,1,0,0,0,0,0,0,0,0,0,1,0,0,0,0,0,0,0,0,0,0,0,0,0,1,0,0,0,0,0,0,0,0,1,0,0,0,0,0,0,0,0,0,0,0,0,0,0,0,11,4.368421052631579,2,2,0.0,830.0,3,0.11052631578947367,0.18713450292397663,0.18713450292397663,0.1889893455826286,0.18713450292397663,0.2385596829295904,0.1973310164368553,0.1973310164368553,0.01675843333977591,0,0,0,0,0,2,0,0.25,0.75,0.15,0.05,0.0,0.3333333333333333,0.09523809523809523,0,0,0,0,0,1,0,0,0,1,1,0,0,1,0,1,0,0,1,1,0,1,1,0,0,0,0,0,0,0,0,0,0,1,0,0,0,0,0,1,0,0,0,0,0,0,0,0,0,1,0,0,0,0,0,0,0,0,0,0,0,1,0,0,1,0,0,0,0,1,0,1,0,1,0,0,0,0,0,0,1,1,0,0,0,0,1,0,1,0,0,0,0,0,0,1,0,0,0,0,1,0,0,0,0,1,0,0,0,0,0,1,0,1,0,0,0,0,0,0,0,0,0,0,0,1,0,1,0,0,0,0,0,0,0,0,0,0,0,0,0,0,0,0,0,0,0,0,0,0,0,0,0,0,0,0,0,0,0,0,0,0,0,0,0,0,0,0,0,0,0,0,0,0,1,0,0,0,0,0,0,0,0,0,0,0,0,0,0,0,0,0,0,0,0,0,0,0,0,0,0,0,0,0,0,0,0,0,0,0,0,0,1,0,0,1,0,0,1,0,0,0,0,0,0,1,0,0,0,0,0,0,1,0,0,1,0,0,0,0,0,0,0,0,0,0,0,0,0,0,0,1,0,1,0,0,0,0,0,1,1,1,1,1,1,0,0,1,0,0,0,0,1,1,1,0,0,0,1,1,1,0,1,1,1,1,1,1,0,1,1,1,1,1,0
12.239873766655421,0.05307279856386993,-0.5286880616444107,0.5104218936123291,55.833333333333336,332.4840000000001,1.0416666666666667,2.774008134024443,1.6716296028254916,280848.90551303665,5.092752969019969,10.213054789681411,0.0,5.783244946364939,0.0,0.0,0.0,4.794537184071822,0.0,0.0,0.0,13.847474399381248,86.37109368361183,11.993926152995277,11.86313125940448,15.007591973753234,5.783244946364939,0.0,0.0,34.501605123439134,77.73883539346365,0.0,11.835184978490059,0.0,0.0,0.0,0.0,0.0,21.59735054703004,4.794537184071822,34.501605123439134,72.13778458247995,0.0,0.0,57.53,5.601050810983688,15.007591973753234,0.0,16.6132258851585,35.665550337640845,44.787010185976854,6.4208216229260096,0.0,6.923737199690624,13.847474399381248,0.0,0.0,0.0,12.239873766655421,20.469956029103304,0.30438860806668355,2.546940704522549,9.11394153649114,6.741566021827566,0.0,0.8571428571428571,2,4,0,4,0,3,3,0,4,0,4,4,4.401000000000005,0,2,1,0,0,0,0,0,0,0,0,0,0,0,0,0,0,0,0,0,0,0,1,0,0,0,0,0,5,0,0,0,0,0,0,0,0,0,1,1,0,0,0,0,0,0,0,0,0,0,0,0,0,0,0,0,0,0,0,0,0,0,0,10,4.202898550724638,4,4,0.0,1160.0,4,0.09782608695652173,0.1455862977602108,0.1455862977602108,0.13712080728478057,0.1455862977602108,0.24668748204092264,0.18119970808340027,0.18119970808340027,0.019371096334869668,0,0,0,0,1,0,4,0.125,0.875,0.125,0.0,0.0,0.9259259259259259,0.07407407407407407,0,0,1,0,1,0,0,1,0,0,1,1,1,0,0,0,1,1,0,0,0,0,0,0,0,0,1,0,1,0,1,0,0,1,1,1,1,1,0,1,0,0,0,1,1,1,0,1,1,0,0,0,0,1,1,0,1,0,1,0,1,0,0,0,0,0,0,0,0,1,0,1,0,0,0,0,0,0,0,0,0,0,1,0,0,0,0,0,0,0,0,0,0,0,0,0,0,0,0,0,1,0,0,1,0,1,0,0,0,0,1,1,0,0,0,1,0,0,0,1,0,0,1,1,0,0,0,0,0,0,0,0,0,0,0,0,0,0,0,0,0,0,0,0,0,0,0,0,0,0,0,0,0,0,0,0,0,0,0,0,0,0,0,0,0,0,0,0,0,0,0,0,0,0,0,0,0,0,1,0,0,0,0,0,0,0,0,0,0,0,0,0,0,0,1,0,0,0,0,0,0,0,0,0,1,0,0,0,0,0,0,0,0,0,0,0,0,1,1,1,0,0,0,0,1,0,0,1,0,1,0,0,1,1,0,0,1,0,0,0,1,0,0,1,1,0,1,0,0,0,0,0,0,0,0,1,1,1,0,1,1,0,0,0,0,0,0,1,0,1,0,1,0,1,1,1,0,1,1,0,1,0,1,0,0,1,0,1,1,0,0,1,1,1,0
12.066983644250232,0.13985445245591377,-2.3835465554066744,0.06824479508490591,47.425,581.5800000000005,0.9,3.130220139184528,1.9644310693719826,309841678.95483994,12.713947053534865,82.94460209174022,60.91541276028234,36.38637393027133,0.0,0.0,0.0,4.794537184071822,9.984809465271338,0.0,0.0,0.0,13.971409182367815,0.0,18.75268918140918,59.48768076315695,18.205269660617226,0.0,5.316788604006331,32.919479373920076,98.16606144652333,13.654553947190108,0.0,0.0,28.251458512655073,0.0,0.0,0.0,158.84783961852497,23.741988999272017,0.0,6.923737199690624,0.0,0.0,336.43000000000006,109.76831534883331,40.540228947956756,0.0,6.286160523129555,0.0,0.0,13.971409182367815,0.0,0.0,15.30159806927767,41.88212172384894,22.94253289058383,0.0,19.68950597547466,76.63545537503171,19.379660756073754,-1.033988377539079,-17.319876642627715,0.6200089351018281,1.4179156661352939,0.8571428571428571,16,1,2,3,0,15,19,9,1,2,3,3,-8.161100000000008,0,7,6,0,0,0,0,0,0,0,0,2,2,1,4,0,1,0,0,1,0,0,0,0,0,0,0,0,0,0,4,0,2,0,0,0,0,0,0,0,0,0,0,0,0,0,0,0,0,0,0,0,0,0,0,0,0,0,0,0,0,0,0,15,6.3961538461538465,3,3,0.0,4989.0,4,0.05384615384615384,0.14200404858299595,0.14200404858299595,0.16985053211464587,0.14200404858299595,0.1622623459153889,0.1267932906388712,0.1267932906388712,0.014611612463641436,0,0,0,0,1,0,3,0.475,0.525,0.3,0.175,0.0,0.9285714285714286,0.07142857142857142,1,1,1,0,1,0,0,0,0,0,1,0,1,0,0,1,1,1,0,1,0,0,1,0,1,0,0,0,0,1,1,0,0,1,0,0,1,0,0,1,0,1,0,1,0,0,0,0,0,0,1,0,1,1,1,1,0,1,0,0,1,0,0,0,1,1,0,0,0,0,0,1,0,1,0,1,0,0,1,1,1,0,1,0,0,1,0,0,1,0,0,0,0,1,1,1,0,1,1,0,1,1,0,0,0,1,0,0,1,0,0,0,0,1,0,0,0,1,0,1,0,0,0,1,0,0,0,0,0,0,0,0,0,0,0,0,0,0,0,0,0,0,0,0,0,0,0,0,0,0,0,0,0,1,0,0,0,0,0,0,0,0,0,0,0,0,0,0,0,0,0,1,0,0,0,0,0,0,0,0,0,1,1,0,0,1,0,0,0,0,0,0,0,0,1,0,0,0,0,0,1,0,0,0,0,1,1,0,1,0,1,1,1,0,0,0,0,1,1,1,0,1,0,1,1,1,1,0,0,0,0,0,0,0,1,0,0,1,0,0,1,0,0,0,0,0,0,1,1,0,0,1,0,0,1,1,0,0,0,1,1,1,0,0,0,1,0,1,1,0,1,1,0,1,1,0,0,1,1,1,1,1,1,1,1,1,1,1,1,1,0,1,1,1,0
9.853784328546233,0.11892164273116612,-0.11892164273116634,0.7079213197705984,10.736842105263158,356.057,0.6842105263157895,2.31315039654253,2.4729202264566297,14757.899529941342,5.8974041608264,10.213054789681411,11.49902366656781,0.0,0.0,0.0,0.0,0.0,0.0,0.0,0.0,58.16564451032118,24.26546827384644,10.045266627482652,19.836233578518204,10.213054789681411,58.16564451032118,0.0,0.0,0.0,9.79096695103555,0.0,44.35600152881174,11.49902366656781,0.0,0.0,11.49902366656781,58.16564451032118,10.213054789681411,0.0,0.0,0.0,20.090533254965305,0.0,40.46,0.0,10.213054789681411,0.0,21.544290294050462,19.836233578518204,11.761884949391115,24.26546827384644,0.0,0.0,0.0,46.40375956093006,0.0,24.444529548444887,0.7891358024691362,20.70854938271605,0.0,-0.23784328546233247,0.0,0.0,0.0,0.0,2,0,0,0,0,3,7,2,0,0,0,2,5.862600000000001,0,0,0,0,0,0,0,2,0,0,0,0,0,0,0,0,0,0,0,0,0,0,0,0,0,0,0,0,0,0,0,0,0,0,0,0,0,0,0,0,0,0,0,0,0,0,0,0,0,0,0,0,0,0,0,0,0,0,0,0,0,0,0,8,4.023391812865497,2,2,0.0,688.0,3,0.11695906432748536,0.17784657722738215,0.17784657722738215,0.18684339647546774,0.17784657722738215,0.25644993319905934,0.21389729484922942,0.21389729484922942,0.01872219655503813,0,0,0,0,0,2,0,0.3684210526315789,0.631578947368421,0.10526315789473684,0.0,0.05263157894736842,0.4,0.0,0,1,0,0,0,0,0,0,0,0,0,0,0,0,0,0,0,0,0,1,0,0,0,0,0,0,0,0,0,0,0,0,0,0,0,0,0,0,0,1,1,0,0,0,0,0,0,0,0,1,0,0,0,0,0,0,0,1,0,0,0,0,0,0,0,1,1,0,0,0,0,0,0,0,1,0,0,0,0,0,0,1,0,1,1,0,0,0,1,0,0,0,0,0,0,0,0,0,0,0,1,0,0,0,0,0,0,1,0,0,1,0,0,0,0,0,1,0,0,0,0,0,0,0,1,0,1,0,0,0,0,0,0,0,0,0,0,0,0,0,0,0,0,0,0,0,0,0,0,0,0,0,0,0,0,0,0,0,0,0,0,0,0,0,0,0,0,0,0,0,0,0,0,0,0,0,0,0,0,0,0,0,0,0,0,0,0,1,0,0,0,0,1,0,0,0,0,0,0,0,0,0,0,0,0,0,0,0,0,1,0,0,0,0,0,1,1,0,0,0,0,0,0,0,0,0,0,0,0,0,0,1,0,0,0,1,0,0,0,0,0,1,0,0,0,0,0,0,0,0,0,0,0,1,0,1,0,0,0,1,0,0,1,0,0,0,0,1,0,0,0,1,1,1,0,0,0,0,1,0,1,0,0,0,0,1,0,1,0,0,1,1,1,1,0
10.531635797637193,0.038071317778207714,-0.7443338629197218,0.4136022576828499,13.08,344.41100000000006,1.2,2.6210197232872168,1.8840413786932881,376630.0501574799,9.054618196642002,25.58349495149412,11.49902366656781,0.0,6.410095306116121,0.0,0.0,4.794537184071822,0.0,0.0,0.0,18.19910120538483,48.73693007985707,12.586597235060536,18.9011502037094,19.74445492755328,12.097481580799684,0.0,5.316788604006331,0.0,25.4903660395129,18.97134255119644,53.59147246262526,11.49902366656781,15.37044016181271,5.687386274683562,11.49902366656781,0.0,36.3195448721356,11.21535880699783,0.0,24.154606570832918,0.0,0.0,90.82,6.103966387748303,15.007591973753232,0.0,17.478738937115427,18.518303203725694,12.170333456209914,11.629818560158606,19.242531678200752,31.189205473537065,10.633577208012662,4.736862953800049,5.144080787527992,0.0,10.531635797637193,25.64641833216939,2.0708530075801352,0.7877180488937836,0.5658168629277032,2.412474585883226,1.638824785468843,0.3157894736842105,4,0,0,0,0,5,6,9,0,0,0,2,2.2233,0,1,1,0,0,0,0,1,0,0,0,0,0,2,0,0,0,0,0,0,0,0,0,0,1,0,0,0,0,0,1,0,0,0,0,0,0,0,0,0,0,1,0,0,0,0,0,0,0,0,0,0,0,0,0,0,0,0,0,0,0,0,0,16,6.033333333333333,2,2,0.0,1810.0,3,0.08666666666666666,0.21884057971014492,0.21884057971014492,0.1952518717599165,0.21884057971014492,0.17224703690863405,0.1576787595704393,0.1576787595704393,0.013476656191718162,0,0,0,0,0,2,0,0.24,0.76,0.16,0.08,0.0,0.5,0.038461538461538464,1,1,0,0,1,0,0,0,0,0,1,0,0,1,1,0,0,0,0,0,0,0,0,0,0,0,1,1,0,0,0,0,0,1,0,0,0,0,0,1,0,0,0,0,1,0,0,0,0,0,0,1,0,1,1,1,0,0,0,0,0,1,1,1,1,0,1,1,0,0,0,1,1,1,0,0,0,0,1,1,1,1,1,0,0,1,1,0,0,1,1,0,0,0,1,0,0,0,1,1,1,0,0,0,1,0,1,1,1,0,0,0,0,0,0,0,0,0,0,0,1,0,0,0,1,0,0,0,0,0,0,0,0,0,0,0,0,0,0,0,0,0,0,0,0,0,0,0,0,0,0,0,0,0,0,0,0,0,0,0,0,0,0,0,0,0,0,0,0,0,0,0,0,0,0,0,0,0,0,0,0,0,1,0,0,0,0,0,0,0,0,0,0,0,0,0,0,0,0,0,0,0,0,0,0,0,0,0,0,0,1,0,0,0,0,0,0,0,0,0,0,1,0,1,0,0,0,0,1,0,0,0,1,0,0,0,0,0,1,1,0,1,0,1,1,1,0,0,0,0,0,0,0,1,1,1,0,1,0,1,1,1,0,1,0,0,0,1,1,0,1,1,1,1,1,0,0,1,1,1,1,1,1,1,1,1,1,1,1,1,1,1,1,1,0
11.552106324011085,0.2667237759301253,-0.3076100718065,0.7807773221849421,10.176470588235293,231.25500000000002,1.3529411764705883,2.771743997576574,1.8118451746108213,11452.846197986404,5.267645730243813,4.523094936973348,5.760247418874442,5.693927994848461,0.0,5.907179729351506,0.0,10.220328581182207,5.425791397110385,0.0,0.0,35.4884985994335,12.487188691387619,12.611123474374185,0.0,9.31763212104517,5.907179729351506,0.0,16.008246051346216,0.0,13.4684936056032,0.0,53.41582931618956,0.0,10.85158279422077,0.0,0.0,0.0,11.063842986476951,6.544756405912575,6.923737199690624,21.81216408949172,0.0,0.0,67.16,0.0,4.794537184071822,0.0,11.601107724199966,12.305003824787018,5.563451491696996,0.0,12.990104268152233,30.33183534230805,16.008246051346216,4.523094936973348,4.81162737259734,0.0,11.552106324011085,3.6143096497858402,6.731190607415806,0.3018430521632187,0.0,2.296221235407743,0.0,0.16666666666666666,2,0,0,0,1,4,5,4,0,0,0,2,1.4176199999999997,0,0,0,0,0,1,0,0,0,0,0,0,1,2,0,0,0,0,0,0,0,0,0,0,0,1,0,0,0,0,0,0,0,1,0,0,0,0,0,0,0,0,0,0,0,0,0,0,0,0,0,0,0,0,0,0,0,0,0,0,0,0,0,11,4.507352941176471,2,2,0.0,613.0,3,0.1323529411764706,0.2338235294117647,0.2338235294117647,0.21397213237544482,0.2338235294117647,0.22933106127631367,0.20106371798126,0.20106371798126,0.01343189868609067,0,0,0,0,1,2,0,0.29411764705882354,0.7058823529411765,0.11764705882352941,0.17647058823529413,0.0,0.3333333333333333,0.05555555555555555,1,1,0,0,0,1,1,0,0,0,1,0,0,0,0,0,1,0,0,0,0,0,0,0,0,0,0,0,0,0,0,0,1,1,0,0,0,0,0,1,0,0,1,0,0,1,1,1,0,0,0,0,0,0,0,0,0,0,1,0,0,0,0,0,1,0,0,1,0,0,0,0,0,0,0,0,0,0,1,0,1,1,0,1,1,0,1,1,0,0,1,0,0,0,0,0,0,0,0,0,1,0,1,0,0,1,0,1,0,0,0,0,0,0,0,0,0,0,1,0,1,0,1,0,0,1,1,1,0,0,0,0,0,0,0,0,0,0,0,0,0,0,0,0,0,0,0,0,0,0,0,0,0,0,0,0,0,0,0,0,0,0,0,0,0,0,0,0,0,0,0,0,0,0,0,0,0,0,0,0,1,0,0,0,0,1,0,0,0,0,0,0,0,1,0,0,1,1,0,1,0,0,0,0,0,0,0,1,1,0,1,1,0,0,0,0,0,1,0,0,1,0,1,1,1,1,0,0,1,0,1,0,1,0,0,0,0,0,1,1,0,0,0,0,0,1,0,0,1,1,0,0,1,1,0,0,0,0,1,1,0,0,0,0,0,1,0,0,0,0,1,0,0,0,0,0,0,0,0,1,1,1,1,1,1,0,1,1,1,1,1,1,1,1,0
12.913567058767953,0.3833333333333331,-4.992877692743764,0.5149371381813627,17.59090909090909,317.223,1.2727272727272727,2.5614308120889007,2.5729027020200763,44112.961445795045,4.681462447745509,5.316788604006331,11.102376744080342,0.0,0.0,11.594566004035068,12.207413029781547,14.908855452837393,9.694446914922299,13.171245143024459,0.0,0.0,25.980208536304467,6.06636706846161,10.610697323501233,27.683630559985772,23.313066791056702,0.0,5.316788604006331,0.0,25.562698169208065,4.899909730850478,33.8768709658474,0.0,10.216698334856808,29.340554876463408,0.0,0.0,22.400530542890593,10.970835701515297,10.114318268765572,19.410925891078243,0.0,0.0,92.55000000000001,39.827666826714626,32.87463777993368,0.0,5.687386274683562,17.032643867773697,6.06636706846161,13.847474399381248,0.0,0.0,5.316788604006331,0.0,38.74070117630386,0.0,33.83166355662635,12.987860292265054,-4.327844072814312,-0.7504837490551772,-4.992877692743764,2.784311460695389,0.0,0.3333333333333333,1,0,1,1,0,4,10,2,0,1,1,2,2.4484000000000004,0,0,0,0,0,0,0,0,0,0,0,0,2,1,0,0,0,0,0,0,0,3,0,0,1,0,0,0,0,0,0,0,0,0,0,0,1,0,0,0,0,0,0,1,0,0,0,0,0,0,0,0,0,0,0,0,0,0,0,0,0,0,1,9,4.216450216450217,2,2,0.0,974.0,4,0.09956709956709955,0.16082251082251084,0.16082251082251084,0.1755248443135861,0.16082251082251084,0.24561876386037448,0.18743808332731382,0.18743808332731382,0.021156739113818806,0,0,0,0,1,1,1,0.45454545454545453,0.5454545454545454,0.18181818181818182,0.13636363636363635,0.0,0.6086956521739131,0.13043478260869565,0,0,0,0,0,0,1,0,1,0,1,0,0,0,0,0,0,0,0,1,0,0,1,0,0,0,0,0,0,0,0,0,0,1,0,1,1,0,0,1,0,1,0,1,0,1,0,0,0,0,0,0,0,0,0,1,0,1,1,0,0,0,0,0,0,0,0,0,1,0,1,0,0,0,0,1,1,0,0,0,0,1,0,0,0,0,1,0,0,0,1,0,0,0,0,1,0,0,1,1,1,0,0,0,0,1,0,1,0,0,0,0,0,1,1,0,1,0,0,0,0,0,1,0,0,0,0,1,0,0,0,0,0,0,0,0,0,0,0,0,0,0,0,0,0,0,0,0,0,0,0,0,1,0,0,0,0,0,0,0,0,0,0,0,0,1,0,0,0,0,1,0,0,0,0,0,0,1,0,0,0,0,0,0,1,0,0,0,0,0,1,1,0,0,1,0,0,0,1,1,0,0,1,1,0,1,0,1,0,0,0,1,0,1,0,0,0,1,0,0,1,0,1,1,1,1,0,0,0,0,1,0,0,0,1,1,0,0,1,0,1,0,0,0,0,1,0,1,1,1,1,0,1,0,0,1,0,0,1,0,0,1,1,1,1,1,0,0,1,0,1,1,1,0,1,0,1,1,1,1,0,0,1,0,1,0,1,1,1,1,1,1,1,1,0
10.90133309830491,0.022477208759192457,-1.9324940210585126,0.10348325925697462,52.04545454545455,645.6080000000003,0.6363636363636364,3.0047334238313765,1.4210571433946444,2893816093.2773805,14.81630679946309,95.38595950593577,79.35156304072792,18.870080188005637,0.0,0.0,0.0,0.0,0.0,0.0,0.0,6.076020106833881,12.496841729759891,0.0,38.00829393958298,90.06917090192944,0.0,0.0,5.316788604006331,0.0,123.33302847446839,19.820645893538753,11.64912463690315,0.0,5.316788604006331,0.0,0.0,0.0,202.61479330124567,23.684314769000245,0.0,6.923737199690624,0.0,0.0,321.17,136.22993716831652,66.38485613292916,0.0,5.573104530069267,0.0,0.0,12.999757306524504,0.0,0.0,5.316788604006331,23.684314769000245,27.385218675731934,0.0,0.0,135.59295958346112,0.022477208759192457,0.0,-26.579535443827016,-0.7529520954868156,0.0,0.92,14,1,3,4,0,19,19,9,0,3,3,4,-8.564500000000002,0,13,13,0,0,0,0,0,0,0,0,0,0,1,0,0,0,0,0,0,0,0,0,0,0,0,0,0,0,0,5,0,0,0,0,0,0,0,0,0,0,0,0,0,0,0,0,0,0,0,0,0,0,0,0,0,0,0,0,0,0,0,0,20,7.83615221987315,4,4,0.0,7413.0,3,0.04968287526427062,0.16276552904459882,0.16276552904459882,0.16664032342062213,0.16276552904459882,0.13269470044838153,0.13283268837251036,0.13283268837251036,0.01311764209775829,0,0,0,0,0,0,4,0.4318181818181818,0.5681818181818182,0.4090909090909091,0.022727272727272728,0.0,0.9787234042553191,0.02127659574468085,1,1,0,0,0,0,0,1,0,0,0,0,0,0,0,0,1,0,0,0,0,0,1,0,1,0,0,0,0,1,1,0,0,1,0,0,1,0,0,1,0,0,0,1,0,0,0,0,1,0,0,0,0,1,0,1,0,1,0,1,0,0,1,0,1,0,0,0,1,1,1,0,0,1,0,0,0,0,1,1,1,1,1,0,0,0,0,1,0,0,0,0,1,0,1,0,0,0,1,0,1,1,0,0,0,1,0,0,1,0,0,0,0,0,1,0,1,0,0,0,0,0,0,1,0,1,0,0,0,0,0,0,0,0,0,0,0,0,0,0,0,0,0,0,0,0,0,0,0,0,0,0,0,0,0,0,0,0,0,0,0,0,0,0,0,0,0,0,0,0,0,0,0,0,0,0,0,0,1,0,0,1,1,0,0,1,0,0,0,0,0,0,0,0,0,0,0,0,0,0,1,0,0,0,1,0,0,0,0,0,1,0,0,0,0,0,0,1,1,1,0,0,0,1,0,1,1,1,0,0,0,0,0,0,0,0,0,1,0,0,0,0,0,0,0,0,0,0,1,0,0,1,0,0,1,1,0,0,0,1,1,1,0,0,0,1,1,1,1,0,0,1,0,1,1,0,0,0,1,1,1,1,0,1,1,1,1,1,1,1,0,1,1,1,0
10.32911683964985,0.0990473565969594,-0.6390969597715637,0.7357108216476381,15.045454545454545,301.386,1.0,2.536873008331416,1.821810760404442,92951.02702526309,7.8230600428570565,20.26670634748779,18.105905631080727,0.0,0.0,0.0,0.0,0.0,0.0,0.0,0.0,30.33183534230805,43.67639416492468,12.083681658295921,6.103966387748303,14.94991774348146,0.0,0.0,5.316788604006331,0.0,32.03512244542547,6.606881964512918,60.160755107851486,11.49902366656781,10.05365155780638,0.0,11.49902366656781,0.0,28.903618412490246,0.0,0.0,25.514892278826544,0.0,0.0,61.72,6.103966387748303,10.213054789681411,0.0,17.833193491579827,6.606881964512918,11.3129633249809,0.0,24.26546827384644,44.179309741689295,5.316788604006331,4.736862953800049,5.692654697094633,0.0,0.0,22.941473294223496,0.7722016122539215,1.0315532531955005,-0.6390969597715637,4.4684261883765855,0.0,0.3333333333333333,3,0,0,0,0,4,4,7,0,0,0,2,2.871200000000001,0,1,1,0,0,0,0,1,0,0,0,0,0,1,0,0,0,0,0,0,0,0,0,0,0,0,0,0,0,0,1,0,0,0,0,0,0,0,0,0,0,0,0,0,0,0,0,1,0,0,0,0,0,0,0,0,0,0,0,0,0,0,0,14,5.3982683982683985,2,2,0.0,1247.0,3,0.09956709956709958,0.2199134199134199,0.2199134199134199,0.2101483037093565,0.2199134199134199,0.19239402198424296,0.17698883746961583,0.17698883746961583,0.013539403891851766,0,0,0,0,0,2,0,0.18181818181818182,0.8181818181818182,0.13636363636363635,0.045454545454545456,0.0,0.4782608695652174,0.0,1,1,0,0,0,1,0,0,0,0,0,1,0,0,1,0,0,0,0,0,0,0,0,0,0,0,0,1,0,0,0,0,0,1,0,1,0,1,0,1,0,0,0,0,1,0,0,1,0,0,1,0,0,0,0,1,0,0,0,0,0,1,0,0,1,0,1,0,0,0,0,0,0,0,0,0,0,0,0,0,1,1,0,1,0,1,1,0,0,0,0,0,1,0,0,0,0,0,1,1,1,0,1,0,0,1,0,0,0,0,0,0,0,0,1,1,0,0,1,0,0,0,0,0,0,0,0,0,0,0,0,0,0,0,0,0,0,0,0,0,0,0,0,0,0,0,0,0,0,0,0,0,0,0,0,0,0,0,0,0,0,0,0,0,0,0,0,0,0,0,0,0,0,0,0,0,0,0,0,0,0,0,1,0,0,0,0,0,0,0,0,0,0,0,0,0,0,0,0,0,0,0,0,0,0,0,0,0,0,0,0,0,0,0,0,0,0,0,0,0,0,0,0,1,0,0,0,0,0,0,0,0,1,0,0,0,1,1,0,1,0,1,0,1,0,0,0,0,0,0,0,0,0,1,1,1,0,0,0,1,0,0,0,0,0,0,0,1,0,0,0,1,0,1,1,0,0,1,0,1,1,1,0,1,1,1,1,1,1,1,1,1,1,1,0
11.439664981733435,0.015084404132023277,-0.3525878422356594,0.7521450742487874,24.529411764705884,236.23099999999994,1.5294117647058822,2.942920493316597,2.016013441752289,16439.15387566651,3.935096028973356,14.827368869587964,11.875078391502598,5.516700717616262,0.0,0.0,5.559266895052008,9.361636831863176,4.9839785209472085,4.9839785209472085,0.0,0.0,12.841643245852019,0.0,25.365488501790306,9.843390348640755,11.16387793838399,0.0,19.519035210632982,0.0,25.173510804335194,6.606881964512918,23.008444228652912,0.0,5.559266895052008,0.0,0.0,0.0,37.336410957734905,4.736862953800049,0.0,19.06954441658689,0.0,11.16387793838399,93.03,0.0,4.794537184071822,0.0,24.4980164180481,11.16387793838399,12.841643245852019,6.3273200747645415,10.894419722555895,0.0,14.951935562841626,9.843390348640755,7.405349584278156,0.0,21.974982442050894,9.021015815276728,0.5614290700848248,0.0,4.188805350844041,0.015084404132023277,0.0,0.5,2,0,1,1,2,6,7,2,0,1,1,3,-0.21050000000000008,0,1,1,0,0,4,1,0,0,0,0,0,3,1,0,0,0,0,0,0,0,0,0,0,0,0,0,0,1,0,1,0,0,0,0,1,0,0,0,0,0,0,0,0,0,0,0,0,0,0,0,0,0,0,0,0,0,0,0,0,0,0,0,9,3.6911764705882355,3,3,0.0,502.0,3,0.13970588235294118,0.17941176470588235,0.17941176470588235,0.17369065843882323,0.17941176470588235,0.28157133964921477,0.21922713548171538,0.21922713548171538,0.016005031039460497,0,0,0,0,2,2,1,0.4117647058823529,0.5882352941176471,0.17647058823529413,0.23529411764705882,0.0,0.42105263157894735,0.05263157894736842,0,1,1,0,1,0,1,0,0,0,1,1,1,0,0,0,1,0,0,0,0,0,0,0,0,0,0,0,0,0,1,0,0,0,0,0,1,0,1,1,0,0,0,0,1,1,0,0,1,0,0,0,0,0,0,0,1,0,1,0,1,0,0,0,0,1,1,0,0,0,0,1,1,1,0,0,0,0,0,1,1,1,0,1,0,0,0,0,0,0,1,0,1,0,1,0,0,0,0,0,1,0,0,0,0,0,0,0,1,0,0,1,0,0,0,0,0,1,0,0,0,0,1,1,0,0,0,1,0,0,0,0,0,0,0,0,0,0,0,0,0,0,0,0,0,0,0,0,0,0,0,0,0,0,0,0,0,0,0,0,0,0,0,0,0,0,1,0,0,0,0,0,0,0,0,0,0,0,0,0,0,0,0,0,0,1,0,0,0,0,1,0,0,1,0,0,0,0,0,0,1,0,0,1,0,1,0,1,1,0,1,1,0,1,0,0,0,0,1,1,1,0,0,1,1,1,1,0,0,1,0,0,0,1,0,0,0,1,1,1,0,1,0,0,0,1,1,0,1,1,1,0,0,1,0,1,1,1,0,1,1,1,0,0,0,1,0,1,0,0,1,1,0,0,1,1,1,0,0,1,1,1,1,1,1,1,1,1,0,1,1,1,1,1,0
12.877937836086975,0.14382672142991537,-1.953650022022343,0.1740524389923602,39.55384615384615,926.1070000000002,0.6153846153846154,3.2177530894237893,2.2638296188184777,21423965031723.848,30.02069215351825,76.11605768181009,23.90908376802294,6.290026729335213,0.0,0.0,11.938610575903699,14.383611552215466,0.0,0.0,0.0,86.75971568138782,52.372404136937305,31.098276961100815,79.6062927173053,84.76600175686339,17.72185552226864,0.0,0.0,23.48738561564636,183.58659562723372,0.0,72.91224128200658,0.0,5.733667477162185,0.0,0.0,0.0,165.5770874647275,28.59420041361561,17.75371813848418,91.90316502802261,0.0,0.0,327.45,146.92438470550658,70.55541289546322,0.0,31.60119253786543,0.0,12.841643245852019,12.999757306524504,44.227574933550656,43.37985784069391,0.0,19.944256338562333,16.969728519782944,0.0,37.78704797854678,116.24015971661063,5.956707864679894,-5.881010476526699,0.8480226616561612,6.731464748702453,0.0,0.6808510638297872,13,0,2,2,0,17,18,3,0,1,1,2,0.7783000000000064,1,10,10,0,0,0,0,0,1,0,0,0,0,0,1,0,0,0,0,0,0,0,10,0,0,0,0,0,0,1,3,0,0,0,0,0,0,0,1,1,1,0,0,0,0,0,0,0,0,0,0,0,0,0,0,0,0,0,0,0,0,0,0,25,11.074038461538462,2,2,0.0,23034.0,3,0.03173076923076923,0.1599053724053724,0.1599053724053724,0.12270692899345423,0.1599053724053724,0.0913610547697308,0.06666139174923202,0.06666139174923202,0.009403540247286984,0,0,0,0,0,0,2,0.27692307692307694,0.7230769230769231,0.26153846153846155,0.015384615384615385,0.0,0.8636363636363636,0.13636363636363635,0,1,0,0,0,1,0,0,0,0,1,0,1,0,0,0,1,0,0,1,0,1,0,1,1,0,1,0,0,1,1,0,0,1,1,1,1,1,1,1,1,1,0,1,1,1,0,0,1,0,0,0,0,0,1,1,0,0,1,1,1,0,0,0,1,0,0,1,0,1,1,0,0,1,1,0,0,1,1,1,1,1,1,0,0,0,0,0,0,0,0,0,0,1,1,1,0,1,0,0,1,1,0,1,1,1,0,0,0,0,1,0,0,0,1,0,1,0,0,0,0,0,0,1,0,1,0,0,0,0,0,0,0,0,0,0,0,0,0,0,0,0,0,0,0,0,0,0,0,0,0,0,0,0,0,0,0,0,0,0,0,0,0,0,0,0,0,0,0,0,0,0,0,0,0,0,0,0,0,0,0,1,1,0,0,1,0,0,0,0,0,0,0,0,0,0,0,0,0,0,1,0,0,0,0,0,0,0,0,0,0,0,1,0,0,0,0,1,1,1,0,0,0,1,0,1,1,1,0,0,0,0,1,0,0,0,1,0,0,0,0,0,0,0,0,0,1,0,1,0,0,1,0,0,1,1,1,1,0,1,1,1,0,0,1,1,0,1,1,1,0,1,0,0,1,1,0,1,1,1,1,0,1,0,1,1,1,1,1,1,0,1,1,1,0
11.541034580498867,0.44097505668934245,-0.6207638888888884,0.8863958351409401,24.047619047619047,287.4470000000001,0.9523809523809523,3.0772567555311636,1.7530078068956165,128998.60319186638,6.933140526690529,10.006437125691184,0.0,0.0,0.0,0.0,0.0,0.0,0.0,0.0,0.0,49.59430021108608,56.67497846431358,6.544756405912575,5.601050810983688,5.106527394840706,0.0,0.0,4.899909730850478,5.917906046161393,56.96762379439177,19.634269217737724,35.89528683400505,0.0,0.0,0.0,0.0,0.0,29.64070634342891,5.601050810983688,5.917906046161393,56.930024475105085,0.0,0.0,23.47,5.601050810983688,5.106527394840706,0.0,0.0,5.917906046161393,18.52902952053558,58.03526417230724,0.0,6.06636706846161,29.165378004696915,0.0,0.0,0.0,2.5245401077097505,11.541034580498867,0.5145110544217695,0.44097505668934245,9.81884975749559,3.479133912824389,0.0,0.6842105263157895,1,1,1,2,0,2,2,5,1,1,2,3,3.940400000000003,0,1,0,0,0,0,0,0,0,0,0,0,1,0,0,0,0,1,0,0,0,0,0,0,0,0,0,0,0,0,0,0,0,0,0,0,0,0,0,0,0,0,0,0,0,0,0,0,0,0,0,0,0,0,0,0,0,0,0,0,0,0,0,9,4.3,3,3,0.0,903.0,4,0.10952380952380954,0.17368421052631577,0.17368421052631577,0.19411605991533978,0.17368421052631577,0.24270546913931032,0.18446231163920823,0.18446231163920823,0.013050500185754968,0,0,0,0,1,1,2,0.09523809523809523,0.9047619047619048,0.047619047619047616,0.047619047619047616,0.0,0.7391304347826086,0.0,0,0,1,0,1,1,0,0,0,1,1,0,0,0,1,0,0,0,0,0,1,0,0,0,0,0,0,0,1,0,1,1,0,0,0,0,0,0,0,1,0,1,0,0,0,1,0,1,0,0,0,0,0,0,0,0,0,0,0,0,0,0,0,0,1,0,0,0,0,0,0,0,1,0,1,0,0,0,1,0,1,1,0,0,0,0,1,0,0,0,0,0,0,0,0,0,0,1,0,0,1,0,0,0,0,0,0,0,0,0,0,0,1,0,1,0,1,0,1,0,0,1,1,1,0,0,0,1,0,0,0,0,0,0,0,0,0,0,0,0,0,0,0,0,0,0,0,0,0,0,0,0,0,0,0,0,0,0,0,0,0,0,0,0,0,0,0,0,0,0,0,0,0,0,0,0,0,0,0,0,0,0,0,0,0,0,0,0,0,0,0,0,0,0,1,0,0,0,0,0,0,0,0,1,0,0,0,0,0,0,0,1,0,1,1,0,0,0,1,1,0,0,0,0,1,1,0,0,1,0,0,0,1,0,0,0,0,0,0,1,1,0,0,0,0,0,1,0,0,1,1,0,0,0,0,0,1,1,0,0,1,0,0,0,0,1,1,1,0,0,0,0,0,1,0,1,1,0,0,0,1,1,0,1,0,1,1,0,0,1,1,1,1,1,0
13.179328726701666,0.1961883432221776,-3.7235150268062323,0.6055890008979128,17.310344827586206,436.96100000000007,1.103448275862069,2.7505859026190724,1.8466744320912427,2697785.6556323967,9.153338986218834,10.423315998847038,0.0,0.0,0.0,10.023291153407584,5.969305287951849,9.099753175368056,8.417796984328938,0.0,0.0,48.70805140993098,48.712403840543416,18.491126919344527,16.624710579349298,18.318861563241466,33.28092260627551,0.0,5.316788604006331,0.0,43.04143241929579,17.897644379886,58.614105776366586,0.0,9.622004595302565,5.687386274683562,0.0,11.600939890232516,33.086058055711256,14.817828337479405,0.0,49.272851927172,5.022633313741326,0.0,86.71000000000001,15.992596441359433,13.212334168400758,0.0,17.358145927591746,29.23904910896047,24.825916360475023,10.371583059757844,25.24677318806202,18.19910120538483,5.316788604006331,16.70746728507322,27.66924935943532,6.116325086009325,10.799951211866311,12.586928304650408,2.209613416035224,-0.7650142802305566,3.5241975414960014,0.6923618197278912,-2.164306588581706,0.38095238095238093,2,0,1,1,0,4,8,8,0,0,0,3,4.192600000000003,1,0,0,0,0,0,0,0,1,0,0,0,1,1,0,0,0,0,0,0,0,0,0,0,1,0,0,0,2,0,0,0,0,0,0,0,0,0,0,0,0,0,0,0,0,0,0,1,0,0,0,0,0,0,0,1,0,0,0,0,0,4,0,14,5.684729064039409,3,3,0.0,2308.0,4,0.07635467980295566,0.17350848385331144,0.17350848385331144,0.15919550658644302,0.17350848385331144,0.1856861951371448,0.14406600138630957,0.14406600138630957,0.014472674926816663,0,0,0,0,0,2,0,0.27586206896551724,0.7241379310344828,0.13793103448275862,0.06896551724137931,0.034482758620689655,0.5161290322580645,0.0967741935483871,1,0,0,1,0,1,0,1,0,0,1,0,0,0,0,1,1,0,0,1,0,0,0,1,0,0,0,1,1,0,1,0,0,1,0,0,0,1,0,1,0,0,0,0,1,0,0,1,1,1,0,0,0,0,0,0,0,0,0,0,0,1,1,1,1,0,0,0,0,0,0,0,1,1,0,0,0,0,0,1,1,1,0,0,0,1,1,0,1,0,0,0,0,0,1,0,1,0,0,0,1,0,0,0,0,0,0,1,0,0,0,1,0,0,0,1,0,0,1,1,0,1,0,1,0,1,0,1,0,0,0,0,0,0,0,0,0,0,0,0,0,0,0,0,0,0,0,1,0,0,0,0,0,0,0,0,0,0,0,0,1,1,0,0,1,0,0,0,0,0,0,0,0,0,0,0,0,0,0,1,0,0,0,1,0,0,1,1,1,1,0,0,0,0,0,1,0,0,0,0,0,1,0,1,0,0,0,0,1,1,1,0,0,0,0,1,1,0,1,1,0,1,1,0,0,0,0,0,1,1,1,1,1,1,1,1,0,0,0,1,1,0,0,0,0,1,1,0,1,1,1,1,1,1,0,1,1,1,1,1,1,1,1,1,1,1,0,1,1,0,1,1,1,1,1,1,1,0,1,1,0,1,1,1,1,1,1,1,1,1,1,1,1,1,0
8.805606221965279,0.09849876444302863,0.09849876444302863,0.6605933879271789,20.857142857142858,286.45900000000006,1.1904761904761905,2.3726499695843146,2.7758531600280003,29802.856267948577,8.187904106559273,5.106527394840706,0.0,0.0,0.0,0.0,0.0,0.0,0.0,0.0,0.0,67.02290863059234,51.02177146731594,0.0,6.606881964512918,5.106527394840706,0.0,0.0,0.0,5.41499046939678,53.88115086723114,6.606881964512918,58.74853876128035,0.0,0.0,0.0,0.0,0.0,11.713409359353623,0.0,5.41499046939678,53.88115086723114,0.0,0.0,20.23,0.0,0.0,0.0,6.606881964512918,5.41499046939678,5.573104530069267,35.98177845898583,6.076020106833881,19.075777413358388,45.92300911926414,5.106527394840706,0.0,0.0,0.0,8.805606221965279,5.658978228720067,0.0,16.284795343445875,11.167286872535442,0.0,0.5,1,1,0,1,0,1,1,5,0,0,0,1,5.510300000000006,0,1,1,0,0,0,0,0,0,0,0,0,0,0,0,0,0,0,0,0,0,0,9,0,0,0,0,0,0,0,0,0,0,0,0,0,0,0,0,0,0,0,0,0,0,0,0,0,0,0,0,0,0,0,0,0,0,0,0,0,0,0,0,13,5.304761904761905,1,1,0.0,1114.0,4,0.1,0.2265664160401002,0.2265664160401002,0.2163753656958947,0.2265664160401002,0.1959584037473066,0.15929650798835787,0.15929650798835787,0.01715506861863617,0,0,0,0,0,0,1,0.047619047619047616,0.9523809523809523,0.047619047619047616,0.0,0.0,0.7619047619047619,0.23809523809523808,0,0,1,1,1,0,0,0,1,0,1,0,0,0,0,0,0,0,0,0,0,0,0,0,0,0,0,0,0,0,1,1,0,1,0,1,1,1,0,1,1,0,0,0,1,1,0,0,1,0,0,0,0,0,1,1,0,1,1,0,1,0,0,1,0,0,0,1,0,1,0,0,0,0,1,0,0,0,1,0,1,0,0,0,0,0,0,0,0,0,1,0,0,0,1,1,0,0,0,0,1,0,0,0,0,0,1,0,0,0,0,1,0,0,0,0,1,0,0,0,0,1,1,0,0,0,0,0,0,0,0,0,0,0,0,0,0,0,0,0,0,0,0,0,0,0,0,0,0,0,0,0,0,0,0,0,0,0,0,0,0,0,0,0,0,0,0,0,0,0,0,0,0,0,0,0,0,0,1,0,0,0,0,0,0,0,0,0,0,0,0,0,0,0,1,0,0,0,0,0,0,0,1,0,1,0,0,0,0,0,1,0,0,0,0,0,0,0,0,0,0,0,0,0,0,0,0,1,0,0,0,0,0,0,0,0,1,1,0,0,1,0,0,1,1,0,1,0,0,0,0,0,0,0,0,0,1,0,0,0,0,0,0,0,0,0,0,1,0,1,0,0,0,0,0,1,0,1,1,0,0,1,0,1,0,1,0,0,1,0,0,1,1,1,0
12.715290681891062,0.08468248719240745,-0.441983688734906,0.48582883339698324,16.458333333333332,333.47200000000015,1.0416666666666667,3.1275657931189085,1.7647819834615983,376558.9214915166,9.796796597251936,14.373635638450576,6.606881964512918,0.0,0.0,0.0,5.969305287951849,4.794537184071822,0.0,0.0,0.0,57.02095298754132,31.494607549374166,6.544756405912575,18.628754398422615,14.268263091671919,5.969305287951849,0.0,4.899909730850478,0.0,44.94575136048208,39.45491511127648,35.89528683400505,0.0,0.0,0.0,0.0,0.0,50.32413013007881,19.6832535610687,0.0,45.09421238278229,0.0,0.0,38.77,5.41499046939678,4.794537184071822,0.0,5.969305287951849,19.820645893538753,50.88100720113876,0.0,0.0,30.33183534230805,18.747384130231726,9.473725907600098,11.166498960695389,0.0,15.029709875111664,0.0,0.6505642423470259,-0.08468248719240745,3.9504529939295168,8.787896839386963,0.0,0.65,0,1,0,1,0,4,4,10,1,0,1,2,3.400000000000002,0,0,0,0,0,0,0,0,0,0,0,0,1,0,0,0,1,0,0,0,0,0,0,0,0,0,0,0,0,1,2,0,0,0,0,0,0,0,0,0,0,0,0,0,0,0,0,0,0,0,0,0,0,0,0,0,0,0,0,0,0,3,0,14,5.77536231884058,2,2,0.0,1594.0,4,0.09057971014492754,0.2170619235836627,0.2170619235836627,0.21174828509965887,0.2170619235836627,0.18066626057898563,0.14698723502495084,0.14698723502495084,0.013860053713235416,0,0,0,0,1,1,1,0.16666666666666666,0.8333333333333334,0.125,0.041666666666666664,0.0,0.72,0.04,0,0,0,0,1,1,0,0,0,0,1,0,0,1,0,0,0,0,0,1,0,0,0,1,0,0,0,0,0,0,1,1,0,1,0,0,1,0,1,1,0,0,0,0,1,0,0,1,0,0,0,1,1,0,0,1,0,0,0,1,1,1,0,0,1,1,0,0,0,0,0,0,1,0,0,0,0,0,0,0,1,1,0,0,0,0,1,0,0,0,0,1,0,0,0,0,0,0,0,0,1,0,1,0,0,0,0,0,1,0,0,0,0,1,0,0,0,0,0,0,0,0,0,1,0,1,0,0,0,0,0,0,0,0,0,0,0,0,0,0,0,0,0,0,0,0,0,0,0,0,0,0,0,0,0,0,0,0,0,0,0,0,0,0,0,0,0,0,0,0,0,0,0,0,0,0,0,0,0,0,0,0,0,0,0,0,0,0,0,0,1,0,0,0,1,0,0,0,0,0,1,0,0,0,0,0,0,0,0,0,0,0,0,1,1,0,0,0,0,0,0,0,0,1,1,0,0,0,1,0,0,0,0,0,0,0,1,1,0,1,1,0,1,0,1,0,1,0,0,0,1,1,0,0,1,0,1,1,0,0,1,0,0,0,0,0,1,0,0,0,0,0,0,0,1,1,1,1,0,0,0,1,1,1,0,1,1,1,1,1,1,1,1,1,0
10.04255432728647,0.016601764353838533,-0.4853155706727139,0.8429853880163447,17.904761904761905,291.4350000000001,1.2380952380952381,2.96195737820554,1.8766515218979218,61099.256797623886,7.278263900862018,15.160178952647087,18.460360185545124,0.0,0.0,0.0,0.0,0.0,0.0,0.0,0.0,31.04074445123685,51.16057945124389,12.08368165829592,0.0,9.843390348640755,0.0,0.0,5.316788604006331,0.0,64.01529577706896,13.151638370425493,29.828919765543436,5.749511833283905,10.05365155780638,0.0,5.749511833283905,0.0,29.901057405397847,0.0,0.0,57.935855628634314,0.0,0.0,41.489999999999995,6.103966387748303,5.106527394840706,0.0,5.538925252383345,19.069544416586886,5.749511833283905,31.246737983401033,0.0,12.13273413692322,38.22073434000142,4.736862953800049,5.886558956916099,0.0,0.0,13.340178020282188,1.3276948844722565,1.5743071040144454,4.664754249878708,7.170459881878982,0.0,0.6666666666666666,2,1,0,1,0,3,3,6,1,0,1,2,3.472000000000002,0,1,1,0,0,0,0,0,0,0,1,0,0,1,0,0,0,0,0,0,0,0,0,0,0,0,0,0,0,0,1,0,0,0,0,0,0,0,0,0,0,0,0,0,0,0,0,1,0,0,0,0,0,0,0,0,0,0,0,0,0,0,0,11,4.966666666666667,2,2,0.0,1043.0,4,0.10476190476190479,0.20877192982456141,0.20877192982456141,0.21158775859988732,0.20877192982456141,0.20909403907391866,0.1763920232166855,0.1763920232166855,0.01506599306114512,0,0,0,0,1,1,1,0.14285714285714285,0.8571428571428571,0.09523809523809523,0.047619047619047616,0.0,0.7272727272727273,0.0,1,1,1,1,1,0,0,0,1,0,0,0,0,0,0,0,0,0,1,0,0,0,0,1,0,0,0,0,0,0,1,0,0,1,0,0,0,0,0,1,1,1,1,0,1,1,1,1,0,0,1,0,0,0,0,1,0,0,0,0,0,0,0,0,1,0,0,0,0,0,0,0,0,1,0,1,0,0,0,0,1,1,0,0,0,0,1,0,0,1,0,1,0,0,1,0,0,0,0,1,1,0,0,0,0,1,0,0,0,0,0,0,0,0,1,1,0,0,1,0,0,0,1,1,0,0,0,0,0,0,0,0,0,0,0,0,0,0,0,0,0,0,0,0,0,0,0,0,0,0,0,0,0,0,0,0,0,0,0,0,0,0,0,0,0,0,0,0,0,0,0,0,0,0,0,0,0,0,0,0,0,0,1,0,0,0,0,0,0,0,1,0,0,0,1,0,0,0,0,0,1,0,1,0,0,0,0,0,0,0,1,0,0,0,0,0,0,0,1,0,0,0,0,1,1,1,0,0,1,0,0,0,1,0,0,0,0,1,0,0,1,1,0,0,1,0,1,0,0,0,0,0,0,0,1,1,0,1,0,1,1,0,0,0,0,0,1,1,0,1,0,1,1,0,0,1,0,1,1,1,1,1,0,1,1,1,1,1,1,1,1,1,1,1,0
11.349448425235312,0.1625510204081626,-4.105997483098177,0.768936392874182,11.333333333333334,330.749,1.4285714285714286,2.8690096274557706,2.406625749127726,47413.253103334064,5.761535947024768,14.840466935900384,10.655730894392217,0.0,10.023291153407584,0.0,5.969305287951849,0.0,18.3513079060087,0.0,0.0,11.600939890232516,24.26546827384644,0.0,29.081390481673516,22.73601250029481,33.28092260627551,0.0,0.0,5.138973737607942,11.440239881430351,5.316788604006331,46.874963493798255,0.0,10.455762341614273,5.687386274683562,0.0,11.600939890232516,19.493629667121493,16.56804755932016,0.0,16.118236094643258,5.022633313741326,0.0,122.63000000000001,20.88807991687721,13.212334168400758,0.0,22.81822748603446,5.760247418874442,6.06636706846161,12.329530064100666,12.13273413692322,0.0,5.316788604006331,26.263591959734512,27.803894068493637,5.8357995909269045,10.791697268413538,16.808307021895587,-0.09140636810279568,-0.7254669390904505,1.4783664787548867,0.22056602733686081,-4.105997483098177,0.08333333333333333,4,0,0,0,1,5,9,5,0,0,0,2,1.8907,0,0,0,0,1,0,0,0,1,0,0,0,0,1,1,0,0,0,0,0,0,0,0,0,1,0,0,0,0,0,0,1,0,0,0,0,0,0,0,0,0,0,0,0,0,0,0,0,0,0,0,0,0,0,0,1,0,0,0,0,0,0,0,10,4.4714285714285715,2,2,0.0,939.0,4,0.10476190476190475,0.1827067669172932,0.1827067669172932,0.17482833351630017,0.1827067669172932,0.23329267799298992,0.18333906873580705,0.18333906873580705,0.017939578593671776,0,0,0,0,1,2,0,0.42857142857142855,0.5714285714285714,0.23809523809523808,0.09523809523809523,0.047619047619047616,0.36363636363636365,0.13636363636363635,1,0,1,0,0,1,1,0,1,0,1,0,0,0,1,1,1,0,0,1,0,0,0,1,0,0,0,1,0,0,0,0,1,0,0,0,0,0,0,1,0,0,0,0,0,0,0,0,1,1,0,1,0,0,0,0,1,0,1,0,0,0,0,0,1,1,0,0,1,0,0,1,1,0,0,0,0,0,0,0,1,1,0,0,0,0,1,0,0,0,1,0,0,0,1,0,0,0,0,0,1,0,0,0,0,0,0,1,0,0,1,0,0,0,0,0,0,0,0,0,0,0,0,0,0,1,0,1,0,0,0,0,0,0,0,0,0,0,0,0,0,0,0,0,0,0,0,0,0,0,0,0,0,0,0,0,0,0,0,0,1,1,0,0,0,0,0,0,0,0,0,0,0,0,0,0,0,0,0,1,0,1,0,1,0,1,1,1,1,1,0,0,1,0,0,1,0,1,0,0,0,1,0,0,0,0,0,0,0,1,1,1,1,0,0,1,1,0,0,0,0,0,1,1,1,1,0,0,1,0,1,1,0,0,1,1,0,0,0,0,1,0,0,0,0,1,0,0,0,0,0,1,1,1,0,0,0,0,1,1,1,1,1,1,1,1,0,1,1,0,1,0,1,0,1,0,1,0,1,1,1,1,1,1,1,1,1,1,0,1,1,1,1,1,0
12.037638200286073,0.015296458966677084,-3.5884225517921498,0.2873980302389362,11.576923076923077,477.4350000000001,1.3461538461538463,3.0057361491394103,1.699874341969085,594330.220241634,9.899918431175097,11.46733495432437,0.0,5.959554568743835,5.131558479839333,10.023291153407584,0.0,9.714499597087757,13.401775505276145,16.754289682026783,11.336785877934737,15.929943897949348,24.26546827384644,27.90324590570448,16.927946832888118,8.417796984328938,66.48155428978784,0.0,9.706073385399296,21.452144419595708,10.648337082264565,12.297610012659364,39.812178554993224,0.0,16.189429818776457,5.131558479839333,0.0,39.028614725275204,37.99747544920123,15.776144760154374,0.0,5.693927994848461,0.0,0.0,135.82,10.023291153407584,8.417796984328938,0.0,10.85503804426161,17.429168492498697,15.919501117427664,29.80805537737984,23.894619086314336,5.380062770465915,35.62082674861998,11.46733495432437,27.219704322618806,6.2650500331379195,12.39320062756103,2.4219142248769874,11.486111029063679,1.417544262675885,1.20597638965672,0.48454336209792537,-3.5884225517921498,0.21428571428571427,5,0,0,0,1,7,12,9,0,0,0,2,2.0505,0,0,0,0,0,1,0,0,0,0,0,2,3,1,2,0,0,0,0,0,0,0,0,0,0,0,0,0,0,0,0,0,1,0,0,0,0,0,0,0,0,0,0,0,0,0,0,0,0,0,0,0,0,0,1,1,0,0,0,1,0,2,0,18,6.966153846153846,2,2,0.0,2264.0,4,0.08307692307692308,0.24858974358974356,0.24858974358974356,0.2087297215226974,0.24858974358974356,0.14855801100733132,0.13407868331853673,0.13407868331853673,0.013363550187923151,0,0,0,0,1,2,0,0.46153846153846156,0.5384615384615384,0.07692307692307693,0.23076923076923078,0.11538461538461539,0.4444444444444444,0.14814814814814814,1,0,0,0,0,1,0,0,0,0,1,1,1,1,0,0,1,0,1,1,1,0,0,0,0,1,0,0,0,0,1,1,0,0,0,1,0,0,0,1,1,0,0,0,1,0,0,1,0,0,0,0,0,0,1,0,0,1,0,0,0,0,0,1,1,0,0,0,1,0,0,0,0,1,0,1,0,1,0,1,1,1,1,0,1,1,1,1,1,0,0,0,0,0,1,1,0,0,0,0,1,0,0,0,0,0,0,0,0,0,0,0,0,1,0,1,1,0,1,1,0,0,1,0,0,0,0,1,0,0,0,0,0,0,0,0,0,0,0,0,0,0,0,0,0,0,0,0,0,0,0,0,0,1,0,0,0,0,0,0,1,1,0,0,1,0,0,0,0,0,0,1,0,0,1,1,0,0,0,1,0,0,0,1,0,0,1,1,1,1,0,0,1,1,0,1,0,1,0,0,0,1,0,0,0,1,1,0,1,1,0,1,1,0,1,1,1,0,1,1,0,0,1,0,1,1,0,0,1,0,1,0,0,0,1,1,0,0,0,1,1,0,0,0,0,1,1,1,1,1,0,0,1,1,0,0,0,1,1,1,0,1,1,1,1,1,1,0,0,0,1,0,0,0,0,1,1,0,0,1,0,1,0,1,1,0,1,1,0,1,1,1,1,1,0
11.14168136867285,0.32438086197646077,-0.324380861976461,0.5453331404055363,13.777777777777779,364.44100000000003,0.6666666666666666,2.6470808334425535,1.966391649231986,1286184.8119997354,8.67086833723935,9.473725907600098,11.49902366656781,0.0,0.0,0.0,11.938610575903699,9.589074368143644,0.0,0.0,0.0,36.259394426841716,66.64876227901374,13.847474399381248,0.0,19.06280027574374,17.511715105972968,0.0,0.0,0.0,45.95158251401129,0.0,65.23094406115614,11.49902366656781,9.473725907600098,0.0,11.49902366656781,0.0,11.938610575903699,9.589074368143644,0.0,57.07848549740528,0.0,5.573104530069267,52.6,0.0,9.589074368143644,0.0,11.938610575903699,11.49902366656781,23.96854622924601,44.25614832829781,0.0,48.53093654769288,0.0,9.473725907600098,10.298784434768866,0.0,22.283362737345698,0.0,4.866897413286303,0.4428128750224716,5.85992698318997,2.7936803395859613,0.0,0.30434782608695654,0,1,0,1,0,4,4,4,1,0,1,3,5.303200000000005,0,0,0,0,0,0,0,0,0,0,0,0,0,0,0,0,0,0,0,0,0,0,1,0,0,0,0,0,0,2,2,0,0,0,0,0,0,0,0,0,0,0,0,0,0,0,0,0,0,0,0,0,0,0,0,0,0,0,0,0,0,0,0,14,5.566951566951567,3,3,0.0,1954.0,3,0.08262108262108264,0.18267806267806264,0.18267806267806264,0.159049661014648,0.18267806267806264,0.18933266491787773,0.161790746181113,0.161790746181113,0.012194473145252271,0,0,0,0,0,2,1,0.14814814814814814,0.8518518518518519,0.14814814814814814,0.0,0.0,0.4827586206896552,0.10344827586206896,0,0,1,0,1,0,0,1,0,0,1,1,0,0,0,0,0,0,0,0,0,0,0,1,0,0,0,0,0,0,1,0,0,1,0,0,0,0,1,1,0,0,0,0,0,0,0,0,0,0,0,0,0,0,1,1,0,0,0,0,1,0,0,0,0,1,1,0,0,1,0,0,0,0,1,0,1,0,1,0,0,1,0,0,0,0,1,0,0,0,0,0,0,0,0,0,0,0,0,0,1,0,0,0,0,1,0,0,0,0,0,1,0,0,0,0,0,0,1,0,0,1,0,0,0,1,0,0,0,0,0,0,0,0,0,0,0,0,0,0,0,0,0,0,0,0,0,0,0,0,0,0,0,0,0,0,0,0,0,0,0,0,0,0,0,0,0,0,0,0,0,0,0,0,0,0,0,0,1,0,0,0,0,0,0,0,0,0,0,0,0,0,0,0,0,0,0,0,0,0,0,0,0,0,1,0,0,0,0,0,0,0,0,0,0,0,0,0,0,0,0,0,0,0,0,0,0,1,0,0,0,0,0,0,0,0,0,0,0,0,0,1,0,0,0,0,1,0,0,0,0,1,0,1,1,1,1,1,0,0,0,0,0,0,1,0,0,0,1,0,0,1,0,1,1,1,0,1,0,0,1,0,1,0,0,1,0,1,1,0,1,1,1,1,0
15.483795019660388,0.0028853439807066117,-2.390958146825491,0.12978619445124503,31.85483870967742,853.9180000000001,0.8225806451612904,3.2369337087525145,1.3874476640402014,19536342594936.66,16.512845507693868,44.32068555752869,23.912949974228596,23.592228532845233,0.0,5.907179729351506,23.877221151807397,19.178148736287287,9.589074368143644,0.0,0.0,80.57751215245895,54.82260322506321,37.66755960632704,35.649037188664344,67.77112005795328,35.56764582752384,0.0,5.316788604006331,16.747886984954953,108.25180722160088,6.606881964512918,118.83206956215372,0.0,5.316788604006331,0.0,0.0,0.0,105.32000992501608,42.86246350528753,16.747886984954953,86.70533611637835,0.0,0.0,221.29,112.60409521300997,39.292268104881224,4.794537184071822,35.30081563097145,5.563451491696996,13.847474399381248,25.980208536304467,92.71024628938218,0.0,5.316788604006331,23.684314769000245,30.27238288139994,0.0,83.45331184567333,40.233952430571534,-7.01908503282536,-6.841158827712649,-10.511556872841574,7.974441938765803,0.0,0.44680851063829785,4,3,1,4,0,14,15,10,2,1,3,7,3.735700000000003,0,3,2,0,0,0,0,0,0,0,0,0,0,1,0,0,0,0,0,0,0,0,0,0,0,0,0,0,5,4,5,0,0,0,0,0,0,0,1,1,0,0,0,0,0,0,0,0,0,0,0,0,0,0,0,0,0,0,0,0,0,0,0,19,7.809095716552089,7,7,0.0,14767.0,4,0.035959809624537264,0.1134849286092015,0.1134849286092015,0.1420991963918176,0.11348492860920148,0.1337163162710259,0.08420050191852446,0.08420050191852446,0.011279212599981055,0,0,0,1,0,3,4,0.24193548387096775,0.7580645161290323,0.22580645161290322,0.016129032258064516,0.0,0.6323529411764706,0.10294117647058823,1,1,1,1,0,1,0,0,0,1,1,1,1,0,0,0,1,1,0,1,1,0,0,0,0,0,1,0,1,1,1,0,1,1,1,0,1,0,1,1,1,1,1,0,0,1,0,1,0,0,1,1,0,0,1,1,0,1,1,0,1,1,0,1,1,1,1,0,1,0,0,1,1,0,1,0,0,0,1,0,0,1,0,0,0,1,1,0,1,0,0,1,0,1,1,0,1,0,0,1,1,0,1,0,0,1,0,0,0,0,0,0,0,0,1,0,1,1,0,1,1,1,1,1,0,1,0,0,0,0,0,0,0,0,0,0,1,0,0,1,0,0,0,0,0,0,0,0,0,0,0,0,0,0,1,0,0,0,0,0,0,0,0,0,0,0,0,0,0,0,0,0,0,0,0,0,0,0,1,0,0,0,1,0,0,1,0,0,0,0,0,0,0,0,1,0,0,0,0,0,1,0,1,0,1,0,0,0,0,0,0,0,0,0,0,0,0,1,0,0,1,0,0,1,0,1,0,1,0,1,0,0,1,1,0,0,1,1,1,0,1,0,0,0,1,1,0,0,0,0,0,1,0,1,1,1,0,1,0,1,1,0,0,0,1,1,0,1,1,1,0,1,0,1,1,0,0,1,1,1,1,1,1,0,1,1,1,1,1,1,1,1,1,1,0
15.320222505668934,0.05985029814394904,-1.3014407118321263,0.8185182971562767,24.0,401.4380000000002,1.3103448275862069,3.4522971165770104,1.7290816820456323,7887117.992531838,6.725318925390063,24.627188331288917,11.250837766380558,11.5667326743298,5.428790391900541,0.0,5.969305287951849,4.794537184071822,9.184952231746642,0.0,0.0,0.0,44.21231601223961,31.370038041734148,18.012722473358593,19.028342580387395,22.559616494716465,0.0,9.883888251797686,5.917906046161393,37.76696814999996,31.64397648986574,33.86721054878994,5.749511833283905,20.3823516805574,10.077801322358383,5.749511833283905,0.0,48.42883991874712,0.0,11.735126887207288,42.08311599662082,0.0,10.902924932081056,83.80000000000001,17.215316520898284,14.69560176298435,4.39041504767482,16.991516535309753,35.45810210680566,38.7727993035292,19.37300818135222,4.567099647791355,4.899909730850478,5.316788604006331,4.736862953800049,22.78517778407659,0.0,26.358017113094917,13.017738074656851,-0.15536167566199954,-1.0670584673263241,5.404268065958043,2.3960100991272943,1.4780831128747796,0.5238095238095238,2,1,2,3,1,6,8,4,1,2,3,5,2.3705000000000007,0,0,0,0,1,1,0,0,1,0,0,0,2,1,0,0,0,0,0,0,0,0,0,0,1,0,0,0,2,0,1,0,0,0,0,0,0,0,0,0,0,1,0,0,0,0,0,0,0,1,0,0,1,0,0,0,0,0,0,0,0,0,0,12,4.940886699507389,5,5,0.08045977011494251,2006.0,3,0.08128078817733991,0.1459587666484218,0.1459587666484218,0.14281323598674792,0.14595876664842183,0.21077855557858496,0.16085629961631664,0.16085629961631664,0.013991076587139084,0,0,1,0,1,2,3,0.27586206896551724,0.7241379310344828,0.13793103448275862,0.10344827586206896,0.0,0.6060606060606061,0.06060606060606061,1,0,0,0,1,1,0,1,1,0,1,0,0,1,0,0,0,0,1,0,1,0,0,1,0,0,0,0,0,0,1,0,1,1,0,0,0,0,0,1,0,0,0,0,0,1,0,1,1,1,0,0,1,0,0,1,0,1,1,1,0,0,0,1,0,1,0,0,0,1,1,1,1,1,0,0,1,1,1,0,1,1,1,1,0,0,1,0,0,1,1,0,0,0,0,0,1,0,0,1,1,0,1,0,0,0,0,1,0,0,0,0,1,0,0,0,1,0,1,0,1,0,1,1,0,1,0,0,0,0,0,0,0,0,0,0,0,0,0,0,0,0,0,0,0,0,0,0,0,0,1,0,0,0,0,0,0,0,0,0,0,0,0,0,0,0,0,0,0,0,1,0,0,0,0,0,0,0,0,0,0,0,0,0,0,0,0,0,0,0,1,0,0,1,0,0,0,0,0,0,0,0,0,1,0,0,0,1,1,0,1,1,0,1,1,1,0,1,1,1,0,1,0,1,1,1,1,0,1,1,0,0,1,1,0,1,0,0,0,1,0,1,0,0,0,0,1,0,1,1,1,1,0,1,1,1,1,1,0,1,0,1,1,1,1,1,1,1,1,0,1,1,1,1,1,1,1,0,1,1,1,1,1,0,1,1,1,1,1,1,1,1,1,1,0
4.470307067271353,0.9667200491307634,0.9667200491307634,0.7256113121247147,17.5,206.31400000000002,1.5,2.6922500075438376,2.0607289190373606,2966.859508313309,4.419468990214426,4.899909730850478,5.835619785757269,0.0,0.0,0.0,0.0,4.992404732635669,0.0,0.0,11.336785877934737,6.06636706846161,30.019291675521295,25.014331988203637,0.0,0.0,23.248425770525888,0.0,4.899909730850478,4.992404732635669,6.4208216229260096,20.13718479450234,28.465964207924316,0.0,0.0,0.0,0.0,11.336785877934737,30.87271431111009,0.0,0.0,11.297968816627309,0.0,6.076020106833881,15.6,0.0,0.0,0.0,0.0,0.0,18.92513259758242,11.297968816627309,11.336785877934737,0.0,46.60482356722023,0.0,0.0,1.752403155706727,7.956254724111867,2.0893526392038297,0.0,1.1015277777777779,5.405908053036029,2.085384542705971,2.0940032123960695,0.36363636363636365,0,0,1,1,1,3,3,2,0,0,0,2,2.4953000000000003,0,0,0,0,0,0,0,0,0,0,0,1,2,0,0,0,1,0,0,0,0,0,0,1,0,0,0,0,0,0,0,0,0,0,0,0,0,0,0,0,0,0,0,0,0,0,0,0,0,0,0,0,0,0,0,0,0,0,0,0,1,0,0,8,3.6263736263736264,2,2,0.0,330.0,3,0.16483516483516483,0.21886446886446884,0.21886446886446884,0.21066053172132732,0.21886446886446884,0.28463711862205476,0.2549810091840402,0.2549810091840402,0.013316898566030893,0,0,0,0,1,1,1,0.21428571428571427,0.7857142857142857,0.0,0.14285714285714285,0.07142857142857142,0.5333333333333333,0.13333333333333333,0,0,0,0,1,0,0,1,0,0,0,0,0,0,1,0,0,0,0,0,0,0,0,0,0,0,0,0,0,1,1,1,1,1,0,1,0,0,0,1,0,0,0,0,0,0,0,0,0,0,0,0,0,0,1,0,0,1,0,0,0,0,1,0,1,0,0,1,0,0,0,0,1,0,0,1,0,1,0,0,0,1,1,1,0,0,1,0,1,0,0,0,0,0,0,0,0,0,0,0,1,0,0,0,0,0,0,1,0,0,0,0,0,1,0,0,0,0,0,0,0,1,1,0,0,0,0,1,0,0,0,0,0,0,0,0,0,0,0,0,0,0,0,0,0,0,0,0,0,0,0,0,0,0,0,0,0,0,0,0,0,0,0,0,1,0,1,0,0,0,0,0,0,0,0,0,0,0,0,0,0,0,0,0,0,0,0,0,0,0,0,0,0,0,0,0,0,0,0,0,0,0,0,1,0,1,1,0,1,1,0,1,0,1,1,0,1,0,0,0,0,1,0,0,1,0,1,1,1,0,0,0,0,0,0,0,1,0,0,1,0,0,0,1,1,0,1,1,1,1,1,0,0,0,0,0,1,0,0,0,0,0,0,0,0,1,1,0,0,0,1,0,0,0,0,1,1,0,1,0,0,1,0,0,1,0,1,0,1,1,1,1,0,1,0
6.1997685185185185,0.9539814814814815,0.9539814814814815,0.7064882384087371,15.2,198.26899999999992,1.0666666666666667,2.295877005534272,2.3591195653816035,4959.094331954027,3.227788294250364,5.733667477162185,0.0,0.0,0.0,0.0,0.0,4.9839785209472085,0.0,0.0,0.0,18.19910120538483,37.31310505186265,16.76753848399682,5.516700717616262,0.0,16.59031120676462,0.0,4.9839785209472085,0.0,25.683286491704038,5.733667477162185,35.5228477603919,0.0,5.733667477162185,5.687386274683562,0.0,0.0,4.9839785209472085,12.841643245852019,0.0,24.099022732397476,0.0,10.902924932081056,38.91,0.0,0.0,0.0,0.0,0.0,29.43195445261664,24.099022732397476,0.0,18.19910120538483,6.06636706846161,10.717645998109393,0.0,0.0,4.696574074074074,1.1093981481481483,10.702870370370372,0.0,4.6789375472411185,0.0,0.0,0.3076923076923077,2,1,0,1,1,2,2,0,0,0,0,3,2.695800000000001,0,0,0,1,0,1,0,0,0,0,0,0,1,0,1,0,0,0,0,0,0,0,0,0,1,1,0,0,2,0,0,0,0,0,0,0,0,0,0,0,0,0,0,0,0,0,0,1,0,0,0,0,1,0,0,0,0,0,0,0,0,0,0,7,3.104761904761905,3,3,0.0,326.0,3,0.16190476190476186,0.16190476190476188,0.16190476190476188,0.12008806165897877,0.1619047619047619,0.3314132977573915,0.24066691569468127,0.24066691569468127,0.015346740334176585,0,0,0,0,0,2,0,0.13333333333333333,0.8666666666666667,0.0,0.13333333333333333,0.0,0.35294117647058826,0.0,0,0,0,0,1,1,0,0,0,0,0,0,0,0,1,0,0,0,0,1,1,0,0,0,1,0,0,0,1,0,1,0,0,1,0,0,0,1,0,0,0,0,0,0,0,0,0,1,0,1,0,0,0,0,1,0,0,0,0,0,0,0,0,1,1,0,0,0,0,0,0,0,1,1,1,0,0,1,0,0,0,1,0,0,0,0,1,0,0,0,0,0,0,0,0,0,0,0,0,0,1,0,0,0,0,1,0,0,0,0,0,1,0,0,0,0,0,0,0,0,0,0,1,0,0,0,0,0,0,0,0,0,0,0,0,0,0,0,0,0,0,0,0,0,0,0,0,0,0,0,0,0,0,0,0,0,0,0,0,0,0,0,0,0,0,0,0,0,0,0,0,0,0,0,0,0,0,0,0,0,0,0,0,0,0,0,0,0,0,0,0,0,0,1,0,0,0,0,0,0,0,0,0,0,0,0,0,0,1,0,0,0,1,0,0,0,0,0,1,1,0,0,0,0,0,0,1,0,0,1,0,0,0,1,0,0,0,0,0,1,0,0,0,0,0,0,1,0,0,1,0,0,0,1,0,0,1,1,0,0,0,1,0,1,0,1,0,0,0,0,1,0,1,1,0,1,0,0,0,1,0,0,0,0,1,0,1,0,0,1,1,1,0,1,0
11.55334279947623,0.12859999419153767,-1.0810780009922878,0.45541449702144693,22.13888888888889,531.4399999999999,1.1388888888888888,3.5366295112877486,1.2175372014340653,217868883.41727722,10.682485378298802,28.57750797089246,18.460360185545127,0.0,11.694290881922102,0.0,0.0,4.794537184071822,4.9839785209472085,0.0,0.0,29.268246848926644,36.39820241076966,61.76992104668895,24.50159175893136,19.005126045471968,34.7964457845001,0.0,14.450987899589041,0.0,25.3595711459221,44.29269928352661,76.79429481640162,5.749511833283905,9.636772684650527,5.687386274683562,5.749511833283905,23.20187978046503,65.85492356936498,26.60013065015509,0.0,12.487188691387619,10.045266627482652,0.0,69.06,5.7871111525705965,4.794537184071822,0.0,12.011146117099809,35.36723845411806,37.61592373161777,0.0,31.580634982991462,45.99568829256296,9.883888251797686,37.41246864186518,20.604900125414357,12.655940089837516,19.830342598124407,1.0208319602453872,1.8210378081523433,-0.2012216586760156,4.97870032850494,5.803118038230981,0.0,0.38461538461538464,0,0,2,2,1,7,10,7,0,2,2,5,4.205800000000003,0,0,0,0,0,2,0,0,0,0,0,0,4,0,0,0,0,0,0,0,0,0,0,0,1,0,0,0,0,0,3,0,0,0,0,1,0,0,0,0,0,0,0,0,0,0,0,0,0,0,1,0,0,0,0,0,0,0,0,0,0,0,0,19,7.447619047619048,5,5,0.0,4692.0,4,0.06349206349206346,0.18963585434173671,0.18963585434173671,0.1761835734532012,0.18963585434173671,0.139927081158652,0.11626184364551026,0.11626184364551026,0.010829362674608885,0,0,0,0,2,3,2,0.2777777777777778,0.7222222222222222,0.1111111111111111,0.1111111111111111,0.0,0.55,0.025,0,0,0,1,0,0,0,0,0,0,1,0,0,0,0,1,1,0,0,1,1,0,0,1,0,0,0,0,0,0,1,0,0,1,0,0,1,1,0,1,0,0,0,0,1,0,1,1,1,1,0,0,0,1,0,1,0,1,0,0,1,1,0,0,0,0,1,1,0,0,0,0,1,0,1,1,1,1,1,0,1,1,0,0,1,0,1,0,1,1,0,0,0,1,0,0,0,0,0,0,1,0,1,0,0,1,0,1,0,1,1,1,1,0,0,0,0,0,1,0,0,1,1,1,0,1,1,0,0,0,0,0,0,0,0,0,0,0,0,0,0,0,0,0,0,0,0,0,0,0,0,0,0,0,0,0,0,0,0,0,0,0,0,0,0,0,0,0,0,0,0,0,0,0,0,0,0,0,0,0,0,0,0,0,0,1,0,0,0,0,1,0,0,1,0,0,0,0,0,0,1,0,0,1,0,1,0,1,0,0,0,1,0,1,1,1,0,1,0,0,1,0,0,1,1,0,1,0,1,0,0,1,0,0,0,1,1,1,1,1,1,1,0,0,1,1,1,0,1,1,1,1,0,1,1,1,1,1,0,0,1,1,1,1,0,1,1,0,1,0,1,1,1,1,1,1,1,0,1,0,1,1,1,1,1,1,1,1,1,1,1,1,1,1,0
12.108549382716049,0.03151747669785121,-3.9260807586923634,0.8305743326907693,16.045454545454547,324.4020000000001,1.0454545454545454,2.4735082166295568,1.9983584904180303,72463.8967143795,6.9131515352596775,5.316788604006331,0.0,5.783244946364939,0.0,10.023291153407584,6.031114512338072,4.794537184071822,17.934429032852847,0.0,0.0,31.395199005701247,31.898114582465862,11.605292320844956,4.895483475517775,18.00687135247258,21.837650612110593,0.0,10.038883468458419,0.0,49.96516961898641,0.0,29.828919765543436,0.0,10.038883468458419,4.794537184071822,0.0,0.0,26.27399727217991,10.023291153407584,0.0,49.385833990089495,0.0,0.0,92.34,16.054405665745655,18.00687135247258,0.0,16.720569251030675,5.563451491696996,32.10410811463005,31.18920547353706,0.0,4.722094864452088,5.316788604006331,0.0,26.222893361048122,0.0,22.951086723859333,2.6910087291089275,0.42185847320001435,-0.14634380982255246,4.996585067197077,1.4021579104381372,-3.9260807586923634,0.4666666666666667,2,1,0,1,0,4,7,4,1,0,1,2,2.2098000000000004,0,0,0,0,0,0,0,0,0,0,0,0,0,2,0,0,0,0,0,0,0,0,0,0,0,0,0,0,0,0,0,0,0,0,0,0,0,0,1,1,0,0,0,0,0,0,0,0,0,0,0,0,0,0,0,1,0,0,0,0,0,0,1,13,5.090909090909091,2,2,0.0,1176.0,4,0.09956709956709958,0.20454545454545456,0.20454545454545456,0.1979901968880137,0.20454545454545456,0.20476891539384826,0.178620063831106,0.178620063831106,0.015884118637246643,0,0,0,0,0,1,1,0.3181818181818182,0.6818181818181818,0.18181818181818182,0.09090909090909091,0.045454545454545456,0.5652173913043478,0.17391304347826086,1,0,1,1,1,0,0,0,0,0,1,0,0,0,0,0,0,0,0,0,0,0,0,0,0,0,0,0,1,0,1,0,0,1,0,0,0,0,0,1,0,0,0,0,1,1,0,1,0,0,0,1,0,0,0,0,0,0,0,0,0,0,0,1,0,0,0,0,1,1,1,0,0,0,0,1,0,0,0,0,0,1,0,0,0,0,1,0,0,0,0,0,0,0,1,0,0,0,1,0,1,0,0,0,0,1,0,0,0,0,0,0,0,0,0,1,0,0,1,1,0,1,1,1,0,1,0,0,0,0,0,0,0,0,0,0,0,0,0,0,0,0,0,0,0,0,0,0,0,0,0,0,0,0,0,0,0,0,0,0,1,1,0,0,0,1,0,0,0,0,0,1,0,0,0,0,0,0,0,1,0,0,0,1,0,0,1,1,1,1,0,0,1,0,0,1,0,1,0,0,0,1,0,0,0,1,0,0,0,1,0,0,0,0,0,0,1,1,1,1,0,0,1,0,0,1,0,0,0,0,1,0,1,0,1,0,0,0,1,1,1,0,0,0,0,1,1,0,0,0,0,0,1,0,0,0,1,1,1,1,0,1,0,0,1,0,0,0,1,0,1,0,0,1,1,1,1,0,0,1,1,0,1,0,1,0,1,1,1,1,1,1,1,1,0
12.881184177374653,0.03448790627362053,-0.7692961073318221,0.5548444471719985,12.038461538461538,353.33000000000004,1.1923076923076923,2.6036302351546747,2.199673637436048,656833.4212038807,6.794154869003045,9.523678331894054,11.366265088007182,0.0,5.428790391900541,11.633694035144913,0.0,19.703392636909214,0.0,0.0,0.0,24.26546827384644,24.619922828310838,24.471461806010623,15.872986754979461,19.241526564783545,22.43987557715554,0.0,0.0,0.0,19.262464868778025,0.0,79.99548537582481,5.946307760461352,5.428790391900541,5.687386274683562,5.946307760461352,0.0,15.813083390023316,4.794537184071822,10.114318268765572,30.389367852172015,0.0,10.969244356107037,110.65,22.216315247340958,24.809920031749918,0.0,34.42414869177854,5.563451491696996,0.0,31.18920547353706,24.26546827384644,0.0,0.0,4.417150937053347,5.355628070672713,0.0,34.91568958668668,21.409316812268273,0.16620770488330172,-1.5205792810951542,-0.04715159674981084,1.3731188586545728,0.0,0.15789473684210525,1,0,0,0,1,6,7,5,0,0,0,3,3.517800000000002,0,0,0,0,0,0,0,1,0,0,0,0,1,0,0,0,0,0,0,0,0,0,0,0,0,0,0,0,1,0,0,0,0,0,0,0,0,0,1,1,0,0,0,1,1,0,0,1,0,0,0,0,0,0,0,0,0,0,0,0,0,0,0,12,4.898461538461539,3,3,0.0,1592.0,3,0.08615384615384616,0.16243589743589745,0.16243589743589745,0.16666325330714643,0.16243589743589745,0.213155809802095,0.16494350704094246,0.16494350704094246,0.015002072854437162,0,0,0,0,0,3,0,0.2692307692307692,0.7307692307692307,0.23076923076923078,0.038461538461538464,0.0,0.2857142857142857,0.10714285714285714,1,1,0,0,0,1,0,0,0,0,1,0,0,1,1,0,1,1,0,0,0,0,1,0,0,0,1,0,0,0,0,0,0,1,0,0,0,1,0,1,0,0,0,1,0,1,0,1,0,0,0,0,0,0,0,0,0,0,1,1,0,1,0,0,1,0,1,0,1,0,1,0,0,0,0,1,0,1,0,0,1,1,0,0,0,1,1,0,0,0,1,1,0,0,0,0,0,0,0,0,1,0,0,0,1,0,0,0,0,0,0,1,1,1,0,0,0,0,0,0,0,1,1,0,0,1,0,0,0,0,0,0,0,0,0,0,0,0,0,0,0,0,0,0,0,0,0,0,0,0,0,0,1,0,0,0,0,0,0,0,0,0,0,0,0,0,0,0,0,0,0,0,0,0,0,0,0,1,0,0,0,0,0,0,1,1,0,0,0,0,0,1,0,0,0,0,0,0,1,1,0,0,0,0,0,0,0,0,0,0,0,0,0,0,0,0,0,1,0,1,0,0,1,0,0,0,1,0,0,1,1,0,0,1,0,0,0,0,0,0,0,1,0,1,0,0,0,1,0,0,1,1,1,1,0,1,0,0,1,0,1,1,0,1,1,1,0,1,1,0,0,1,1,1,1,0,1,0,1,0,1,0,1,1,1,1,1,1,1,1,1,1,1,1,0
14.406786170913795,0.03769355959244791,-1.776025234629812,0.048392992929134175,23.435897435897434,1107.2820000000002,0.5641025641025641,3.371206069503828,2.74263206633333,9080604113567008.0,34.629777472346376,102.4725942144027,60.418408291479594,0.0,59.071797293515054,0.0,6.093240070938415,47.94537184071822,4.794537184071822,0.0,0.0,44.179309741689295,102.99836532728459,12.965578028838586,12.207932775496605,68.05949120931216,65.16503736445347,0.0,58.48467464406965,34.58624343197232,151.68786284914677,39.26853843547545,35.89528683400505,0.0,87.15301202988059,4.794537184071822,0.0,0.0,192.37949905142725,54.36619346364422,5.917906046161393,78.20415165094157,0.0,0.0,510.8899999999999,150.75695646026827,68.05949120931216,0.0,83.58743943620634,5.563451491696996,6.923737199690624,6.923737199690624,44.179309741689295,5.316788604006331,53.167886040063316,28.668337385810926,0.0,0.0,150.59165828942457,57.33645039447056,29.48158019328914,-9.940566890663613,-6.413344340421808,4.505607133960521,0.0,0.6458333333333334,24,0,1,1,0,18,30,23,0,1,1,2,-7.699900000000001,0,2,2,0,0,0,0,0,0,0,0,0,0,11,5,0,0,0,0,0,0,0,0,0,0,0,0,0,0,0,0,0,0,0,0,0,0,0,0,0,0,0,0,0,0,0,0,0,0,0,0,0,0,0,0,0,0,0,0,0,0,0,0,26,10.607725607725607,2,2,0.0,31855.0,3,0.026307026307026308,0.1264174422069159,0.1264174422069159,0.13821796277570092,0.1264174422069159,0.09726469359863726,0.0959999878509638,0.0959999878509638,0.008771538743945966,0,0,0,0,0,1,1,0.38461538461538464,0.6153846153846154,0.1794871794871795,0.20512820512820512,0.0,0.7848101265822784,0.13924050632911392,1,1,0,1,0,1,0,0,0,0,1,0,0,1,0,0,0,0,0,1,0,1,1,0,0,1,1,1,0,1,1,0,1,1,0,0,0,0,0,1,0,0,1,0,0,1,0,1,1,1,0,1,1,1,1,1,0,0,1,0,0,1,0,0,1,1,0,0,0,0,1,1,0,0,1,1,0,0,0,1,1,1,1,0,1,1,1,0,0,0,1,0,0,0,1,0,1,0,1,1,1,1,1,0,0,0,0,0,1,0,0,0,0,0,0,1,0,1,0,0,0,0,1,1,0,1,0,0,0,0,0,0,0,0,0,0,0,0,0,0,0,0,0,0,0,0,0,0,0,0,0,1,0,0,0,0,0,0,0,0,0,0,0,0,0,0,0,0,0,0,0,1,0,0,0,0,0,0,0,0,0,1,1,0,0,0,0,0,0,0,0,0,0,0,0,0,0,0,0,0,0,0,1,0,0,0,0,1,1,0,1,0,1,0,0,0,0,1,1,1,1,0,0,1,0,1,0,0,1,0,0,0,1,0,1,0,0,0,1,1,0,0,0,1,0,1,1,0,1,1,0,1,0,0,0,1,0,0,0,1,0,1,0,0,1,1,1,1,1,1,1,1,0,0,1,1,0,1,1,1,1,1,1,1,1,1,1,1,1,1,1,1,1,1,0
11.112311058299966,0.06404076908541168,-0.7289005941882929,0.49347811519219625,32.0,244.31600000000003,1.4375,2.7215493646348374,1.703040654393498,5794.178597307568,4.9476486864612665,15.740104602853368,0.0,0.0,0.0,0.0,12.000419800289922,4.794537184071822,4.794537184071822,11.761884949391115,0.0,6.4208216229260096,12.841643245852019,17.423613259654974,12.083681658295921,14.69560176298435,23.762304749681036,0.0,10.633577208012662,0.0,43.01690617998213,5.752853606746789,0.0,0.0,10.633577208012662,4.794537184071822,0.0,11.761884949391115,40.19342049015551,4.794537184071822,0.0,25.683286491704038,0.0,0.0,78.43,5.969305287951849,9.589074368143644,0.0,24.535617793560004,5.249938029982174,25.01531847552482,0.0,0.0,11.761884949391115,10.633577208012662,5.106527394840706,0.0,1.8706235827664397,21.461060454663446,14.778325358303713,0.0,0.23638104161417628,2.8803338372385983,0.0,0.0,0.8,3,0,2,2,0,3,6,5,0,2,2,2,0.7968000000000001,1,0,0,0,0,0,0,0,1,0,0,0,0,2,0,0,0,0,0,0,0,0,0,0,0,0,0,0,1,0,0,0,0,0,0,0,0,0,0,0,0,0,0,0,0,0,0,0,0,0,0,0,0,0,1,0,0,0,0,0,0,1,1,10,4.166666666666667,2,2,0.0,500.0,3,0.1416666666666667,0.22619047619047622,0.22619047619047622,0.19502020361643077,0.22619047619047622,0.2504983169107229,0.2009993579908414,0.2009993579908414,0.01693483826311796,0,0,0,0,2,0,2,0.375,0.625,0.1875,0.125,0.0625,0.8823529411764706,0.11764705882352941,0,0,0,1,1,1,0,1,0,0,1,0,0,0,1,1,0,0,0,0,0,0,0,0,0,0,0,0,1,0,1,0,0,0,0,1,1,0,0,1,0,0,0,1,0,1,0,1,0,0,0,0,0,0,1,0,0,0,1,0,0,0,0,0,1,0,0,0,0,0,0,0,0,1,0,0,0,0,1,1,1,0,0,0,0,0,1,1,0,0,1,0,0,0,0,0,0,0,0,0,1,0,1,0,0,0,0,0,0,0,0,0,0,0,0,1,0,0,0,1,0,0,0,1,0,1,0,0,0,0,0,0,0,0,0,0,0,0,0,0,0,0,0,0,0,0,0,0,0,0,0,0,0,0,0,0,0,0,0,0,0,0,0,0,1,1,0,0,0,0,0,1,0,0,0,0,0,0,0,0,0,0,1,0,0,0,0,0,0,0,0,0,0,0,0,0,0,0,0,0,0,0,0,0,0,1,0,1,0,1,0,1,0,0,0,0,1,0,1,1,0,0,0,0,1,0,0,0,0,1,0,0,1,1,1,0,0,0,1,1,0,0,0,0,0,1,1,0,1,1,0,1,0,0,0,1,1,1,0,1,1,0,0,0,1,1,0,1,0,0,1,1,0,0,1,1,0,0,0,1,0,1,1,1,1,1,1,1,0,1,0,0,1,1,0
11.038060771883373,0.48777289619551545,-0.8650281347106745,0.7814855895675997,12.476190476190476,301.729,1.2380952380952381,2.8945460516397215,2.0377604789298283,84277.60283954213,5.2201165206274105,9.523678331894054,5.516700717616262,5.583020141642242,5.890723922025908,0.0,5.969305287951849,4.794537184071822,4.9839785209472085,0.0,0.0,17.667306958694127,48.88539110215728,10.586084805438322,5.917906046161393,14.318215515965875,28.66996603744287,0.0,4.9839785209472085,0.0,12.841643245852017,0.0,53.05065428466959,11.454175413722904,0.0,0.0,0.0,11.600939890232516,16.059811203739763,4.794537184071822,0.0,18.405094737549014,5.022633313741326,22.553896272981405,63.33,11.887211334113243,4.794537184071822,0.0,0.0,27.576529586722735,5.563451491696996,0.0,37.255572541998674,12.13273413692322,4.9839785209472085,21.12461822212657,5.687546296296296,5.856465732118042,15.450398262435149,9.706138189238734,2.7928036554127833,-0.9558831134994563,0.0,1.6425486921888437,0.0,0.125,1,0,0,0,1,3,5,3,0,0,0,3,4.336300000000002,1,0,0,0,0,1,0,0,1,0,0,0,1,0,0,0,0,0,0,0,0,0,0,0,0,0,0,0,1,0,0,0,0,0,0,0,0,0,0,0,0,0,0,0,0,1,0,0,0,0,0,0,0,0,0,0,0,0,0,0,0,0,0,12,4.642857142857143,3,3,0.0,975.0,3,0.10952380952380954,0.19172932330827064,0.19172932330827064,0.15746450515187138,0.19172932330827064,0.22470040537609795,0.1902187404391205,0.1902187404391205,0.015340500632691313,0,0,0,0,1,3,0,0.23809523809523808,0.7619047619047619,0.14285714285714285,0.047619047619047616,0.0,0.2608695652173913,0.043478260869565216,1,1,0,0,1,1,0,0,1,0,1,0,0,0,0,0,1,0,1,1,0,0,0,1,0,1,0,1,0,0,0,0,0,1,0,1,0,0,0,1,0,1,0,0,0,0,1,0,1,1,0,0,1,0,0,0,0,0,0,0,0,1,0,1,0,0,0,0,1,0,0,0,0,1,0,0,0,0,0,0,1,1,0,0,0,1,1,0,1,0,0,0,0,0,0,0,0,0,0,0,1,1,0,0,0,1,0,1,0,0,0,0,0,0,0,1,1,0,0,0,0,0,1,0,0,1,0,0,0,0,0,0,0,0,0,0,0,0,0,0,0,0,0,0,0,0,0,0,0,0,0,0,0,0,0,0,0,0,0,0,0,0,0,0,0,0,0,0,0,0,0,0,0,0,0,0,0,0,0,0,0,0,0,0,0,1,0,0,0,0,1,0,0,1,0,0,0,0,0,0,0,0,0,0,0,0,0,0,0,0,0,1,0,0,0,1,0,0,0,0,1,0,0,1,1,0,0,0,0,1,0,1,0,1,0,1,0,0,1,0,0,0,0,0,0,1,0,0,1,1,0,1,0,1,0,0,0,0,0,0,0,0,1,0,0,1,0,1,0,0,0,0,0,1,1,0,0,0,0,0,1,0,1,0,1,1,0,1,1,1,1,1,1,1,0
11.887494016124968,0.2651388888888886,-4.67667717781557,0.8248286060077297,11.933333333333334,234.20199999999994,1.3333333333333333,2.4045838156616686,2.380107930050765,2390.1563127676986,3.265432098765432,10.470530430962235,5.749511833283905,5.131558479839333,0.0,0.0,6.362358859030383,0.0,4.9839785209472085,0.0,13.171245143024459,11.336785877934737,12.13273413692322,6.06636706846161,10.216620634085363,17.908108096824506,26.68496499185943,0.0,4.9839785209472085,0.0,6.362358859030383,5.733667477162185,18.19910120538483,5.749511833283905,10.470530430962235,18.30280362286379,5.749511833283905,11.336785877934737,11.34633737997759,0.0,0.0,0.0,0.0,10.216620634085363,48.14,6.362358859030383,13.171245143024459,0.0,5.749511833283905,15.348179113924695,11.336785877934737,18.19910120538483,0.0,0.0,9.720841474747257,5.733667477162185,39.98371315192744,1.1116156462585032,3.9102281746031746,0.314035808767952,5.974306618480726,-0.2651388888888886,-4.67667717781557,0.0,0.0,0.125,2,0,0,0,1,4,7,1,0,0,0,2,2.7771,0,0,0,1,0,1,0,0,0,0,0,0,1,0,1,0,0,0,0,0,0,3,0,0,1,0,0,0,1,0,1,0,0,0,0,0,0,0,0,0,0,0,0,0,0,0,0,0,0,0,0,0,0,0,0,0,0,0,0,1,0,0,0,8,3.5142857142857142,2,2,0.0,369.0,4,0.15238095238095234,0.19340659340659344,0.19340659340659344,0.17011329752103171,0.19340659340659344,0.2948475050605582,0.23389441334455427,0.23389441334455427,0.020430019608367284,0,0,0,0,1,2,0,0.4666666666666667,0.5333333333333333,0.06666666666666667,0.13333333333333333,0.06666666666666667,0.375,0.0,0,1,0,0,0,1,0,0,1,0,0,0,0,0,0,0,0,1,0,1,0,1,0,0,0,0,0,0,0,0,0,0,0,0,1,1,1,0,0,0,0,0,0,0,0,1,0,0,1,1,0,0,0,0,0,1,0,0,0,0,0,0,0,1,0,1,1,0,0,0,0,0,0,1,0,0,0,0,1,0,0,1,0,0,0,0,1,0,0,0,0,0,0,0,0,0,0,0,0,0,1,0,0,0,1,0,0,1,0,1,0,0,1,0,1,0,0,1,0,0,0,1,1,0,0,1,0,0,0,0,0,0,0,0,0,0,0,0,0,0,0,0,0,0,0,0,0,0,0,0,0,0,0,0,0,0,0,0,0,0,0,0,0,0,1,0,0,0,0,0,1,0,0,0,0,1,0,0,0,0,0,0,0,0,0,0,0,0,0,0,0,0,0,1,0,0,0,0,0,0,0,0,0,0,0,1,0,0,0,1,0,1,1,0,0,0,1,0,0,0,0,0,0,0,1,0,0,0,0,1,0,0,0,1,1,1,0,0,0,0,1,1,0,0,0,0,0,0,1,1,0,0,0,1,1,1,0,0,0,0,0,1,1,1,0,1,0,0,0,0,1,1,0,0,0,0,0,0,0,1,1,0,0,0,1,1,1,0,0,1,1,1,1,1,0
10.035981801730324,0.18194430421770824,-0.18194430421770824,0.4732790343822408,38.172413793103445,396.6590000000001,1.0344827586206897,3.035689982379772,1.7486149113663456,2806428.6035304866,9.376060198871272,5.106527394840706,0.0,0.0,0.0,0.0,0.0,0.0,0.0,0.0,0.0,76.64791116952566,91.94419821368108,0.0,6.103966387748303,5.106527394840706,0.0,0.0,0.0,35.00452070020374,92.0892253696095,0.0,47.60232970114182,0.0,0.0,0.0,0.0,0.0,11.210493782589008,0.0,35.00452070020374,85.9852589818612,0.0,0.0,20.23,0.0,5.106527394840706,0.0,6.103966387748303,17.250802561719567,37.01618300726221,43.25031717476858,5.573104530069267,0.0,65.50170210938713,0.0,0.0,0.0,0.0,10.035981801730324,4.606198118085901,3.5758050883661725,18.777481877268603,16.254533114549,0.0,0.7142857142857143,1,3,0,3,0,1,1,5,3,0,3,3,7.641000000000008,0,1,1,0,0,0,0,0,0,0,0,0,0,0,0,0,0,0,0,0,0,0,6,0,0,0,0,0,1,0,0,0,0,0,0,0,0,0,0,0,0,0,0,0,0,0,0,0,0,0,0,0,0,0,0,0,0,0,0,0,0,0,0,15,5.980295566502463,3,3,0.0,2428.0,4,0.07635467980295566,0.18445539135194303,0.18445539135194303,0.1896907987328884,0.18445539135194303,0.17510139831706883,0.13185327522255144,0.13185327522255144,0.014929007982333667,0,0,0,0,1,0,3,0.034482758620689655,0.9655172413793104,0.034482758620689655,0.0,0.0,0.8709677419354839,0.12903225806451613,0,1,0,0,1,1,0,0,1,1,1,1,0,0,0,0,0,0,0,0,0,0,0,0,0,1,0,1,0,0,1,0,0,1,0,1,1,0,1,1,0,0,0,1,0,1,0,1,0,0,0,0,0,0,1,0,0,0,0,0,1,0,0,0,1,0,1,0,0,1,0,1,0,0,1,0,0,1,1,0,1,0,1,0,0,0,1,0,1,0,0,0,0,0,1,0,0,1,1,0,1,0,0,1,0,1,0,0,0,1,0,0,0,1,0,1,0,0,0,0,1,0,1,1,0,0,0,0,0,0,0,0,0,0,0,0,0,0,0,0,0,0,0,0,0,0,0,0,0,0,0,0,0,0,0,0,0,0,0,0,0,0,1,0,0,0,0,0,0,0,0,0,0,0,0,0,0,0,1,0,0,0,0,0,0,0,0,0,0,0,0,0,0,0,1,0,0,0,0,0,0,0,1,0,1,0,0,0,0,0,0,0,0,0,0,0,0,0,1,0,0,0,0,0,1,0,0,1,0,1,0,0,1,1,0,0,1,0,0,0,1,0,0,1,1,0,1,0,0,0,0,0,0,0,0,1,1,1,0,0,1,0,0,0,0,0,0,1,0,1,0,1,0,1,0,1,0,1,1,0,1,0,0,0,0,1,0,0,1,0,0,1,1,1,0
10.02378448592037,0.17192468334019528,-0.17192468334019528,0.49910402699484807,37.642857142857146,384.6480000000002,1.1071428571428572,2.9935679211271844,1.6958985314070005,1818820.0232467703,9.329705668834215,5.106527394840706,0.0,0.0,0.0,0.0,0.0,0.0,0.0,0.0,0.0,76.83459862494531,86.02629216751968,0.0,6.103966387748303,5.106527394840706,0.0,0.0,0.0,29.08661465404235,104.42795303869691,0.0,35.45028948747406,0.0,0.0,0.0,0.0,0.0,11.210493782589008,0.0,29.08661465404235,98.32398665094861,0.0,0.0,20.23,0.0,5.106527394840706,0.0,6.103966387748303,5.41499046939678,42.9340890534236,62.51278204354662,5.573104530069267,0.0,46.425924696028744,0.0,0.0,0.0,0.0,10.02378448592037,4.715786095535567,3.369499342119915,18.22076445721091,14.086832285879904,0.0,0.7777777777777778,1,3,0,3,0,1,1,6,3,0,3,3,7.619000000000008,0,1,1,0,0,0,0,0,0,0,0,0,0,0,0,0,0,0,0,0,0,0,4,0,0,0,0,0,1,0,0,0,0,0,0,0,0,0,0,0,0,0,0,0,0,0,0,0,0,0,0,0,0,0,0,0,0,0,0,0,0,0,0,15,5.857142857142857,3,3,0.0,2214.0,4,0.07936507936507937,0.18681318681318684,0.18681318681318684,0.1866072454789559,0.18681318681318684,0.17913561019856492,0.13524639029716415,0.13524639029716415,0.01470106923489398,0,0,0,0,1,0,3,0.03571428571428571,0.9642857142857143,0.03571428571428571,0.0,0.0,0.9,0.1,0,1,0,0,1,1,0,0,1,1,1,1,0,0,0,0,1,0,1,0,0,0,1,0,0,1,0,1,0,1,1,0,0,1,0,1,1,0,1,1,0,0,0,1,0,1,0,0,0,0,0,0,0,0,1,1,0,0,0,0,1,0,0,0,0,0,0,0,1,1,0,1,0,0,1,0,0,1,1,0,1,0,1,0,0,0,1,0,1,0,0,0,0,0,1,0,0,0,1,1,1,0,0,1,0,1,1,0,0,0,0,0,0,1,0,1,0,0,0,1,1,0,1,1,0,0,0,0,0,0,0,0,0,0,0,0,0,0,0,0,0,0,0,0,0,0,0,0,0,0,0,0,0,0,0,0,0,0,0,0,0,0,1,0,0,0,0,0,0,0,0,0,0,0,0,0,0,0,1,0,0,0,0,0,0,0,0,0,0,0,0,0,0,0,1,0,0,0,0,0,0,0,1,0,1,0,0,0,0,0,0,0,0,0,0,0,0,0,1,0,0,0,0,0,1,0,0,1,0,1,0,0,1,1,0,0,1,0,0,0,1,0,0,1,1,0,1,0,0,0,0,0,0,0,0,1,1,1,0,0,1,0,0,0,0,0,0,1,0,1,0,1,0,1,0,1,0,1,1,0,1,0,0,1,0,1,0,0,1,0,0,1,1,1,0
12.370387140153797,0.013755321471853765,-1.29984144003521,0.29472034504927447,11.666666666666666,454.44700000000023,1.0909090909090908,2.7616596075412105,1.674622124193935,15580631.75408013,9.71963980458573,31.897088078862588,6.041840829147961,16.981740716219015,5.948339280986494,5.907179729351506,11.938610575903699,9.589074368143644,14.76249422596624,9.967957041894417,0.0,0.0,30.68628989677245,24.719331371983756,18.43552797237411,24.596666341896878,46.46325657714427,0.0,25.252702687795164,0.0,25.428240480912553,23.41491666785204,41.71969133200497,0.0,21.68403328918118,17.453588333505085,0.0,0.0,61.08427199055059,16.133830774056218,0.0,28.893559916469297,0.0,11.16387793838399,210.53999999999996,23.887631134403165,19.490138947056174,0.0,30.171296796370537,23.402562339145028,5.687386274683562,12.13273413692322,18.329577708536295,11.947581713527669,25.252702687795164,16.573862349165076,0.0,0.0,52.69354289457169,20.249152627912856,13.655717453172574,-2.9079754048014954,0.963954897116627,0.3696192219035348,1.8156287853383466,0.25,7,0,0,0,2,10,13,9,0,0,0,3,0.2684000000000012,2,0,0,2,0,4,0,0,2,0,0,0,5,1,2,0,0,0,0,0,0,0,0,0,3,0,0,0,1,0,0,0,0,0,0,0,0,0,0,0,0,0,0,0,0,0,0,0,0,0,0,0,0,0,0,0,0,0,0,0,0,0,0,19,7.257575757575758,3,3,0.0,3832.0,3,0.06628787878787878,0.2018572825024438,0.2018572825024438,0.1792677049716757,0.20185728250244378,0.14334139893703363,0.12843793973552278,0.12843793973552278,0.012803334614334798,0,0,0,0,0,3,0,0.3939393939393939,0.6060606060606061,0.15151515151515152,0.24242424242424243,0.0,0.42857142857142855,0.08571428571428572,1,1,0,0,0,1,0,1,0,0,1,1,0,0,0,0,0,0,0,1,0,1,0,1,0,1,0,1,1,0,0,0,0,1,0,0,0,1,0,1,0,0,1,0,1,0,0,0,0,1,0,1,1,0,0,0,0,0,0,1,1,0,0,1,1,1,0,0,0,0,0,0,1,1,0,0,0,1,1,0,1,1,0,0,1,0,1,1,1,0,0,0,0,0,0,0,1,1,0,1,1,1,1,0,0,1,0,0,0,0,0,0,0,1,0,1,0,1,0,0,0,1,1,1,0,1,0,1,0,0,0,0,0,0,0,0,0,0,0,0,0,0,0,0,0,0,0,0,0,0,0,0,0,1,0,0,0,0,0,0,0,0,0,0,0,0,1,0,0,0,0,0,0,0,0,0,0,0,0,0,0,1,1,0,0,0,0,0,0,0,0,0,0,1,0,0,0,0,0,0,0,0,0,0,0,1,0,1,1,0,0,0,1,1,1,0,0,0,1,1,1,1,0,1,0,0,1,0,1,1,0,0,1,1,1,0,0,0,1,1,0,0,0,1,0,1,1,0,1,1,1,1,0,1,0,0,0,0,0,1,1,1,0,1,1,1,0,1,1,0,1,0,0,1,1,1,1,0,0,1,0,1,1,1,1,1,1,1,1,1,1,1,1,1,0
11.07665062264678,0.15352010341683853,-0.9063846718924278,0.7270145310201616,17.423076923076923,348.48600000000016,0.9230769230769231,2.5807019811161327,2.0860908096690323,449754.41846099513,6.120036273813249,5.106527394840706,0.0,0.0,0.0,0.0,5.969305287951849,0.0,4.794537184071822,0.0,0.0,58.53935275620742,76.11845750981367,0.0,5.563451491696996,9.901064578912528,11.542409818021117,0.0,0.0,0.0,58.2903101830987,0.0,76.35784704455014,0.0,0.0,0.0,0.0,0.0,11.075832682792555,10.82998093879356,6.923737199690624,78.7118381788683,0.0,5.573104530069267,37.3,5.969305287951849,4.794537184071822,0.0,10.82998093879356,5.563451491696996,16.70000751346326,29.531997720943007,12.13273413692322,12.13273413692322,53.33035581897482,5.106527394840706,0.0,0.0,11.07665062264678,9.092131807558118,7.791085560346474,-0.9063846718924278,2.3736798424531527,15.773061811593037,0.0,0.375,1,1,0,1,0,1,2,3,0,0,0,3,6.103720000000005,0,0,0,0,1,0,0,0,1,0,0,0,0,0,0,0,0,0,0,0,0,0,0,0,0,1,0,0,1,0,0,0,0,0,0,0,0,0,0,0,0,0,0,0,0,0,0,0,0,0,0,0,0,0,0,0,0,0,0,0,0,0,0,12,5.018461538461539,3,3,0.0,1631.0,4,0.08615384615384616,0.16743589743589743,0.16743589743589743,0.16371684994064906,0.16743589743589743,0.2073388265294074,0.15900451728163606,0.15900451728163606,0.01770830293812323,0,0,0,0,0,2,0,0.07692307692307693,0.9230769230769231,0.07692307692307693,0.0,0.0,0.5,0.07142857142857142,0,0,0,0,0,1,0,0,0,0,1,0,0,0,0,0,0,1,0,0,0,0,1,0,0,0,0,0,0,0,1,0,0,1,0,0,1,0,0,1,0,0,1,0,0,0,0,0,0,0,0,0,0,0,0,0,0,1,1,0,1,0,0,0,0,0,0,0,0,0,0,1,1,0,0,0,0,0,1,0,0,1,0,0,0,1,1,0,0,0,0,0,0,0,0,0,1,1,0,0,1,0,0,0,0,1,1,1,0,0,0,1,0,0,1,0,0,0,0,0,0,0,1,0,0,1,1,0,0,0,0,0,0,0,0,0,0,0,0,0,0,0,0,0,0,0,0,0,0,0,0,0,0,0,0,0,0,0,0,0,0,0,1,0,0,0,0,0,0,0,0,0,0,0,0,0,0,0,1,0,0,0,0,0,0,0,0,0,0,0,0,0,0,0,1,0,0,0,0,0,0,0,1,0,1,0,0,0,0,0,0,0,0,0,0,0,0,0,0,0,0,0,0,0,0,0,0,1,0,1,0,0,0,1,0,0,0,0,0,0,1,0,0,1,1,0,1,0,0,0,0,1,0,1,0,0,0,0,0,0,0,0,0,0,0,0,0,1,0,1,0,0,1,1,0,1,0,1,1,0,0,0,1,0,0,1,0,1,1,0,1,1,1,1,0
10.440693027210886,0.1597222222222221,-0.5943924792139081,0.7033474919154648,42.57142857142857,285.343,1.3333333333333333,2.827160578068894,1.8445254467475665,132503.36197293294,3.6226846881803887,19.84982747433194,12.207932775496605,11.49902366656781,0.0,0.0,0.0,0.0,0.0,0.0,0.0,18.218407282129373,38.06389019460039,22.938188836403132,0.0,14.94991774348146,0.0,0.0,4.899909730850478,5.917906046161393,36.50640731989336,13.592428388589765,35.411677333984976,11.49902366656781,4.736862953800049,0.0,11.49902366656781,0.0,46.955166513766216,11.83581209232279,5.917906046161393,17.54772460632,0.0,0.0,52.93000000000001,6.103966387748303,10.213054789681411,0.0,17.26846869042899,17.70925870859326,19.386399651764595,11.126902983393991,6.06636706846161,12.142387175295491,18.02360182036155,4.736862953800049,6.087093726379441,0.0,2.4333413643235073,20.648517731166542,2.2901388888888894,1.1891723356009072,5.177912887377173,1.0100425170068026,2.188028943058705,0.5294117647058824,2,2,2,4,0,4,4,0,0,1,1,5,1.1981,0,1,1,0,0,0,0,1,0,0,0,0,1,0,0,0,1,1,0,0,0,0,0,0,0,0,0,0,0,0,1,0,0,0,0,0,0,0,0,0,0,0,0,0,0,0,0,0,0,1,0,0,0,0,0,0,0,0,0,0,0,0,0,8,3.3904761904761904,5,5,0.0,712.0,4,0.11904761904761907,0.12581453634085213,0.12581453634085213,0.09673606494637395,0.12581453634085213,0.30405870222009723,0.19595038588266175,0.19595038588266175,0.01763573702838768,0,0,0,0,1,0,2,0.19047619047619047,0.8095238095238095,0.14285714285714285,0.047619047619047616,0.0,0.72,0.04,0,0,0,0,0,0,0,1,0,0,1,0,0,0,1,1,1,0,0,1,0,1,1,0,1,1,0,0,0,1,1,0,0,1,0,0,1,0,0,1,1,0,1,0,1,0,0,0,0,0,0,0,0,0,0,1,0,1,0,1,1,0,0,0,0,1,1,1,1,0,0,1,1,0,0,0,0,1,0,0,0,1,0,1,1,0,1,0,0,0,0,0,0,0,0,0,0,0,0,0,1,0,1,1,0,1,0,0,0,0,1,0,0,1,0,0,0,0,0,0,0,1,0,1,0,0,0,0,0,0,0,0,0,0,0,0,0,0,0,0,0,0,0,0,0,0,0,0,0,0,0,0,0,0,0,0,0,0,0,0,0,0,0,0,0,0,0,0,0,0,0,0,0,0,0,0,0,0,0,0,0,0,0,0,0,1,0,0,0,0,0,0,0,0,1,0,0,0,0,0,1,0,0,1,0,0,0,0,0,0,0,1,0,1,1,0,0,0,0,1,0,1,0,0,1,0,1,1,1,1,0,0,0,1,0,0,0,0,0,1,1,1,0,1,1,0,1,0,1,1,1,0,0,0,0,1,1,1,0,1,0,0,0,0,0,1,0,1,0,0,0,1,1,1,1,1,1,0,0,0,1,1,0,0,1,1,1,1,1,1,1,1,1,1,0
10.55421343537415,0.08055555555555549,-0.5385534769463345,0.7981444096668123,41.04545454545455,299.3700000000001,1.3636363636363635,2.8761242741534874,1.8223654238415257,226722.00040724524,4.059867674858224,19.480163033291284,12.207932775496605,11.49902366656781,0.0,0.0,0.0,0.0,0.0,0.0,0.0,18.218407282129373,38.06389019460039,22.938188836403132,7.109797541277533,14.580253302440804,0.0,0.0,4.899909730850478,5.917906046161393,36.50640731989336,20.7022259298673,35.411677333984976,11.49902366656781,9.473725907600098,0.0,11.49902366656781,0.0,48.95843666020304,11.83581209232279,5.917906046161393,17.547724606320003,0.0,0.0,41.93,6.103966387748303,5.106527394840706,0.0,11.518956857145081,11.959746875309353,30.885423318332407,11.126902983393991,7.109797541277533,12.142387175295491,24.08996888882316,9.473725907600098,11.834056358654573,0.0,2.4724038643235073,10.55421343537415,2.6029629629629634,2.0899187452758885,5.535754913076341,1.053250425170068,3.9070561696900983,0.5555555555555556,1,2,2,4,0,4,4,1,0,1,1,5,1.5010999999999999,0,1,1,0,0,0,0,0,0,0,0,0,1,0,0,0,1,1,0,0,0,0,0,0,0,0,0,0,0,0,2,0,0,0,0,0,0,0,0,0,0,1,0,0,0,0,0,0,0,1,0,0,0,0,0,0,0,0,0,0,0,0,0,9,3.567099567099567,5,5,0.0,824.0,4,0.11255411255411256,0.12835497835497833,0.12835497835497833,0.09752578923234674,0.12835497835497836,0.29025533261112285,0.18869662278592025,0.18869662278592025,0.01726919190798975,0,0,0,0,0,1,2,0.18181818181818182,0.8181818181818182,0.13636363636363635,0.045454545454545456,0.0,0.7307692307692307,0.038461538461538464,1,0,0,0,0,0,0,1,0,0,1,0,0,0,1,1,1,0,0,1,0,1,0,0,1,1,0,0,0,1,1,0,0,1,0,0,1,0,0,1,1,0,1,0,1,0,0,0,0,0,1,0,0,0,0,1,0,1,0,1,1,0,0,0,0,1,0,1,1,0,0,0,1,1,0,0,0,1,0,0,0,1,0,1,1,0,1,0,0,0,0,0,0,0,1,0,0,0,0,0,1,0,1,1,0,1,0,0,0,0,1,0,0,1,0,0,0,0,0,0,0,1,0,1,0,0,0,0,0,0,0,0,0,0,0,0,0,0,0,0,0,0,0,0,0,0,0,0,0,0,0,0,0,0,0,0,0,0,0,0,0,0,0,0,0,0,0,0,0,0,0,0,0,0,0,0,0,0,0,0,0,0,0,0,0,1,0,0,0,0,0,0,0,0,1,0,0,0,0,0,1,0,0,1,0,0,0,0,0,0,0,1,0,1,1,0,0,0,0,1,0,1,0,0,1,0,1,1,1,1,0,0,0,1,0,0,0,0,0,1,1,1,0,1,1,0,1,0,1,1,1,0,0,0,1,1,1,1,0,0,0,0,0,0,0,1,0,1,0,0,0,1,1,1,1,1,1,1,0,0,1,1,0,0,1,1,1,1,1,1,1,1,1,1,0
14.835016061980348,0.027180702527924483,-1.559006800378553,0.6764188399093582,22.4,416.3590000000001,1.1333333333333333,3.095001983053413,1.7617670554909077,7858767.135329565,6.2971904266389185,15.74010460285337,17.197893173788785,17.28226083964865,5.428790391900541,0.0,5.969305287951849,9.361636831863176,22.94976084804349,0.0,0.0,0.0,30.034913297707618,31.394564281047796,11.073610489148358,23.07230972193699,22.8205695010194,0.0,9.551078168738563,17.56947956948497,6.041840829147961,17.98942254267563,63.70075343626656,5.687386274683562,16.062367599913205,18.98910792085949,0.0,0.0,39.758264492504225,0.0,29.287474615460468,10.357988675768818,0.0,16.720787709916085,101.44999999999999,34.41320969468707,27.86684690600881,0.0,40.41630340922186,19.15587988028676,28.96304442478926,0.0,4.899909730850478,0.0,4.9839785209472085,5.733667477162185,43.696059075558324,0.0,30.07456436871466,9.045335046493262,3.9398366469106842,-3.7029356761903385,0.9120739900898631,1.00716463317293,0.0,0.25,3,1,1,2,2,6,10,3,1,1,2,5,1.8944999999999996,0,0,0,0,1,2,0,0,1,0,0,0,3,0,1,0,0,0,0,0,0,0,0,0,1,0,0,0,2,0,0,0,0,0,0,0,0,0,0,0,0,0,0,0,0,0,0,0,0,1,0,0,2,0,0,0,0,0,0,0,0,0,0,13,5.2091954022988505,5,5,0.03333333333333333,2266.0,3,0.0781609195402299,0.15032840722495894,0.15032840722495894,0.14163023242754996,0.15032840722495894,0.2004648006223321,0.14568555673577016,0.14568555673577016,0.014662720103443069,0,0,1,0,1,3,2,0.3333333333333333,0.6666666666666666,0.1,0.13333333333333333,0.0,0.4411764705882353,0.058823529411764705,0,0,1,0,0,1,1,0,1,0,1,1,0,1,0,1,0,0,0,1,0,1,0,1,0,0,0,0,0,0,1,0,1,0,0,0,1,0,0,1,1,1,0,0,0,0,0,0,1,0,0,0,1,0,0,0,0,0,1,1,0,0,1,1,0,1,1,0,0,1,0,1,1,1,0,0,0,1,0,1,1,1,0,0,0,0,1,0,0,0,0,0,0,0,0,0,0,0,0,1,1,0,0,1,0,0,0,1,0,0,1,0,0,0,1,0,0,0,0,0,0,0,1,1,0,1,0,0,0,0,0,0,0,0,0,0,0,0,0,0,0,0,0,0,0,0,0,0,0,0,1,0,0,0,0,0,0,0,0,0,0,0,0,0,0,0,1,0,0,0,1,0,0,0,0,0,0,0,0,0,0,0,0,0,0,0,0,0,0,0,1,0,0,1,0,0,0,0,0,0,0,0,0,1,0,1,0,0,1,0,0,1,1,1,1,1,0,1,1,1,0,0,0,0,1,1,1,0,1,1,0,0,0,1,0,1,0,0,0,0,0,1,0,0,0,0,0,0,1,1,1,1,0,1,0,1,1,1,0,1,0,1,1,1,1,1,1,1,0,0,1,1,1,1,1,0,1,0,1,1,1,1,1,0,1,1,1,1,0,1,1,1,1,1,0
6.208379629629629,0.5153472222222222,-0.5153472222222222,0.8067475103694609,14.2,270.37600000000003,1.05,2.4829703838733295,2.287167069228301,37542.51220416474,6.638286463373893,9.636772684650527,5.601050810983688,0.0,0.0,0.0,0.0,4.9839785209472085,0.0,0.0,0.0,36.39820241076966,38.715266793665215,12.741599977525652,12.300809959361379,4.736862953800049,0.0,0.0,9.883888251797686,0.0,12.524788010674312,27.246982335779872,65.98515960585141,0.0,0.0,0.0,0.0,0.0,37.13087058757756,10.337913764783737,0.0,18.18111668623608,0.0,0.0,25.36,5.601050810983688,0.0,0.0,0.0,6.606881964512918,17.802135892458033,0.0,0.0,56.69038994773712,28.94035958841153,4.736862953800049,6.208379629629629,0.0,6.601287792894936,0.0,1.542441893424037,0.0,1.8113383408919124,3.629516250944823,4.091238662131519,0.35294117647058826,0,0,0,0,1,3,3,6,0,0,0,2,2.923300000000001,0,0,0,0,0,1,0,0,0,0,0,0,2,0,0,0,1,0,0,0,0,0,0,0,0,0,0,0,0,0,1,0,0,0,0,0,0,0,0,0,0,0,0,0,0,0,0,0,0,0,0,0,1,0,0,0,0,0,0,0,0,0,0,9,4.2368421052631575,2,2,0.0,805.0,4,0.11052631578947365,0.17982456140350875,0.17982456140350875,0.19311421162419282,0.17982456140350875,0.24755615859218358,0.18513803944522847,0.18513803944522847,0.01569753510814236,0,0,0,0,0,2,0,0.15,0.85,0.05,0.1,0.0,0.42857142857142855,0.0,0,0,0,1,0,1,0,0,1,1,0,1,1,1,0,0,0,0,1,0,0,0,0,0,0,0,0,0,0,0,1,1,0,1,0,1,0,0,0,0,0,0,0,0,1,0,0,1,0,0,0,0,0,1,0,1,0,0,0,1,0,0,1,1,1,0,0,0,0,0,0,0,0,0,1,0,0,0,0,0,1,1,0,0,0,0,1,0,0,0,0,0,0,0,0,0,0,1,0,1,1,0,0,0,0,0,0,0,0,0,0,0,0,1,1,0,0,0,0,0,0,0,1,0,0,0,0,0,0,0,0,0,0,0,0,0,0,0,0,0,0,0,0,0,0,0,0,0,0,0,0,0,0,0,0,0,0,0,0,0,0,0,0,0,0,0,0,0,0,0,0,0,0,0,0,0,0,0,0,0,0,0,0,0,0,0,0,0,0,0,0,0,0,1,1,0,0,0,0,0,0,0,1,0,0,0,0,0,0,0,0,0,0,1,1,0,0,0,0,0,0,1,0,1,0,0,1,0,1,0,0,0,0,0,0,0,1,1,0,1,1,0,0,1,1,0,1,0,0,1,1,0,0,1,1,0,0,0,0,0,1,0,0,0,0,1,1,0,0,1,1,0,0,1,0,1,1,1,0,0,1,1,0,1,1,1,1,0,1,1,1,1,1,1,0
5.966028255437977,0.3202469135802468,0.3202469135802468,0.8240069237957237,12.631578947368421,274.795,1.105263157894737,2.4173968963370345,2.25847511572667,22742.87000073882,6.68985926125854,4.899909730850478,0.0,0.0,0.0,0.0,0.0,4.9839785209472085,0.0,0.0,0.0,29.800041095617345,56.8898417597364,22.831310926364257,0.0,0.0,11.600939890232516,0.0,9.883888251797686,0.0,12.338727669087403,20.640100371266954,64.94142585113113,0.0,0.0,0.0,0.0,11.600939890232516,30.523988623064643,0.0,0.0,23.59610715563286,5.022633313741326,0.0,16.130000000000003,0.0,0.0,0.0,0.0,5.917906046161393,23.682139337428374,5.563451491696996,0.0,30.462311845459517,42.1783334225369,11.600939890232516,0.0,5.966028255437977,6.704579851487921,0.7741948538674731,2.385761526832956,0.3202469135802468,2.90233873281823,1.0316144652305366,4.189173385403544,0.3125,0,0,0,0,1,2,3,5,0,0,0,2,3.8186000000000027,0,0,0,0,0,1,0,0,0,0,0,0,2,0,0,0,0,0,0,0,0,0,0,0,0,0,0,0,0,0,0,0,0,0,0,0,0,0,0,0,0,0,0,0,0,0,0,0,0,0,0,0,1,0,0,0,0,0,0,0,0,0,0,9,4.1988304093567255,2,2,0.0,718.0,3,0.11695906432748539,0.18816649466804264,0.18816649466804264,0.18507819207786966,0.18816649466804264,0.24916909679800373,0.20223280406746363,0.20223280406746363,0.014310991161080455,0,0,0,0,0,2,0,0.15789473684210525,0.8421052631578947,0.0,0.10526315789473684,0.0,0.4,0.0,0,1,0,1,0,1,0,0,0,0,0,1,1,0,0,0,0,1,0,1,0,0,0,0,0,0,0,0,0,0,0,1,0,1,0,0,0,0,0,0,0,0,0,0,1,0,1,1,1,1,0,0,0,1,0,1,0,0,1,0,0,1,0,0,1,0,0,0,0,0,0,0,0,0,1,1,0,1,0,0,1,1,0,0,0,1,1,0,1,0,1,0,0,0,0,0,0,0,1,1,1,0,0,0,0,0,0,0,0,0,0,0,0,1,0,0,0,1,0,0,0,0,1,0,0,0,0,0,0,0,0,0,0,0,0,0,0,0,0,0,0,0,0,0,0,0,0,0,0,0,0,0,0,0,0,0,0,0,0,0,0,0,0,0,0,0,0,0,0,0,0,0,0,0,0,0,0,0,0,0,0,0,0,0,0,0,0,0,0,0,0,0,0,1,0,0,0,0,0,0,0,0,1,0,0,0,0,0,0,0,0,0,0,1,1,1,0,0,0,0,0,1,0,0,0,0,1,0,1,0,0,1,0,0,0,1,0,0,0,1,0,0,0,1,1,0,1,0,0,1,1,0,0,1,0,0,0,0,0,0,0,0,1,0,0,1,0,0,0,0,1,0,0,1,0,1,1,1,0,0,0,1,0,1,1,0,1,0,1,1,1,1,0,1,0
6.017667233560091,0.158873456790124,-0.158873456790124,0.8151739333124051,12.6,290.794,1.15,2.455044958266698,2.17553294778081,37277.40264632154,7.385618027668948,9.636772684650527,6.103966387748303,0.0,0.0,0.0,0.0,4.9839785209472085,0.0,0.0,0.0,29.800041095617345,43.92426373089781,17.764233291266976,12.300809959361379,4.736862953800049,11.600939890232516,0.0,9.883888251797686,0.0,6.103966387748303,27.246982335779872,64.94142585113113,0.0,0.0,0.0,0.0,11.600939890232516,37.13087058757756,4.736862953800049,0.0,17.36134587429376,5.022633313741326,0.0,25.36,0.0,0.0,0.0,6.103966387748303,6.606881964512918,22.82476920619936,0.0,6.196843571613076,56.559913444585646,9.883888251797686,16.337802844032566,6.017667233560091,5.9451680558331885,6.498640925506005,0.7239003579826996,1.9726247165532884,0.0,1.626401783964614,1.5216177546121332,4.0583813006377945,0.3125,0,0,0,0,1,3,4,6,0,0,0,2,3.4026000000000023,0,0,0,0,0,1,0,0,0,0,0,0,2,0,0,0,1,0,0,0,0,0,0,0,0,0,0,0,0,0,1,0,0,0,0,0,0,0,0,0,0,0,0,0,0,0,0,0,0,0,0,0,1,0,0,0,0,0,0,0,0,0,0,10,4.478947368421053,2,2,0.0,851.0,3,0.11052631578947367,0.19327485380116957,0.19327485380116957,0.18474326567122357,0.19327485380116957,0.23406776001392515,0.1924292739184131,0.1924292739184131,0.01363108958095391,0,0,0,0,0,2,0,0.2,0.8,0.05,0.1,0.0,0.42857142857142855,0.0,0,1,0,1,0,0,0,0,0,0,0,1,1,1,0,0,0,0,1,1,0,0,0,0,0,0,0,0,0,0,0,1,0,1,0,0,0,0,0,0,0,0,1,0,1,0,1,1,1,1,0,1,0,1,0,1,0,0,0,0,1,1,0,1,1,0,0,0,0,0,0,0,0,0,1,0,0,1,0,0,1,1,0,0,0,1,1,0,1,0,0,0,0,0,0,0,0,0,0,0,1,0,0,0,0,0,0,0,0,0,0,0,1,1,0,0,0,1,0,0,0,0,1,0,0,0,0,0,0,0,0,0,0,0,0,0,0,0,0,0,0,0,0,0,0,0,0,0,0,0,0,0,0,0,0,0,0,0,0,0,0,0,0,0,0,0,0,0,0,0,0,0,0,0,0,0,0,0,0,0,0,0,0,0,0,0,0,0,0,0,0,0,0,1,0,0,0,0,0,0,0,0,1,0,0,0,0,0,0,0,0,0,0,1,1,1,0,0,0,0,0,1,0,1,0,0,1,0,1,0,0,1,0,0,0,1,0,1,0,1,0,0,0,1,1,0,1,0,0,1,1,0,0,1,1,0,0,0,0,0,1,0,1,0,0,1,1,0,0,0,1,0,0,1,0,1,1,1,0,0,1,1,0,1,1,1,1,0,1,1,1,1,1,1,0
4.525590868291761,0.35805555555555535,0.35805555555555535,0.8300542359520316,12.631578947368421,319.246,1.105263157894737,2.4173968963370345,2.25847511572667,22742.87000073882,6.826182966360543,4.899909730850478,0.0,0.0,0.0,0.0,0.0,4.9839785209472085,0.0,0.0,0.0,34.12904510333418,56.8898417597364,22.281397128455346,0.0,0.0,15.929943897949348,0.0,9.883888251797686,0.0,12.338727669087403,20.640100371266954,64.39151205322221,0.0,0.0,0.0,0.0,15.929943897949348,30.523988623064643,0.0,0.0,23.59610715563286,0.0,0.0,16.130000000000003,0.0,0.0,0.0,0.0,5.917906046161393,23.13222553951946,5.563451491696996,0.0,12.263210640074686,76.30737852587107,0.0,1.114472631645251,3.4891757605820106,6.742651053476947,0.0,2.467983749055178,0.35805555555555535,2.946920351473923,1.0528818263416477,4.216395607625766,0.3125,0,0,0,0,1,2,3,5,0,0,0,2,3.9277000000000024,0,0,0,0,0,1,0,0,0,0,0,0,2,0,0,0,0,0,0,0,0,0,0,0,0,0,0,0,0,0,0,0,0,0,0,0,0,0,0,0,0,0,0,0,0,0,0,0,0,0,0,0,1,0,0,0,0,0,0,0,0,0,0,9,4.1988304093567255,2,2,0.0,718.0,3,0.11695906432748539,0.18816649466804264,0.18816649466804264,0.18507819207786966,0.18816649466804264,0.24916909679800373,0.20223280406746363,0.20223280406746363,0.014310991161080455,0,0,0,0,0,2,0,0.15789473684210525,0.8421052631578947,0.0,0.10526315789473684,0.0,0.4,0.0,0,1,0,1,0,1,0,0,0,0,0,1,1,1,0,0,0,1,0,0,0,0,0,0,0,0,0,0,0,0,0,1,0,1,0,0,0,0,0,0,0,0,0,0,1,0,0,1,0,0,0,0,0,1,0,1,0,0,1,0,0,1,0,0,1,0,0,0,0,0,0,0,0,0,1,1,0,1,0,0,1,1,0,0,0,1,1,0,1,0,1,0,0,0,0,1,0,0,1,1,1,0,0,0,0,0,0,0,0,0,0,0,0,1,0,0,0,1,0,0,0,0,1,0,0,0,0,0,0,0,0,0,0,0,0,0,0,0,0,0,0,0,0,0,0,0,0,0,0,0,0,0,0,0,0,0,0,0,0,0,0,0,0,0,0,0,0,0,0,0,0,0,0,0,1,0,0,0,0,0,0,0,0,0,0,0,0,0,0,0,0,0,0,1,0,0,0,0,0,0,0,0,1,0,0,0,0,0,0,0,0,0,0,1,1,1,0,0,0,0,0,1,0,0,0,0,1,0,1,0,0,0,0,0,0,1,0,0,0,1,0,0,0,1,1,0,1,0,0,1,1,0,0,1,0,0,0,0,0,0,0,0,1,0,0,1,0,0,0,0,1,0,0,1,0,1,1,1,0,0,0,1,0,1,1,0,1,0,1,1,1,1,0,1,0
12.372642822178356,0.1488777796344538,-1.027132608336162,0.6830961163730126,23.214285714285715,373.36800000000005,0.8214285714285714,3.1339030289687475,1.806545934941304,3538214.1265420634,6.8813121595524045,10.423315998847038,11.641948192084799,11.566489892729878,0.0,0.0,5.969305287951849,15.01486576525403,9.803449708026353,0.0,0.0,24.304080427335524,48.569548701181965,0.0,22.39704682651909,19.490138947056174,23.223181455365292,0.0,10.742580001116716,0.0,0.0,5.008912523954532,101.22523787243784,0.0,15.751492525071246,5.687386274683562,0.0,0.0,22.642322575522435,9.589074368143644,0.0,10.357988675768818,0.0,0.0,98.74000000000001,5.969305287951849,14.383611552215466,0.0,17.129941384426875,28.475543526906897,0.0,24.284774350590983,53.597767301881035,0.0,10.742580001116716,5.106527394840706,0.0,0.0,35.70773641768824,13.839944865899467,4.6957281092724825,-0.49561342288930565,13.063324274423175,0.0,0.0,0.0,3,2,1,3,0,6,7,2,0,1,1,4,2.1124,0,0,0,0,1,0,0,0,1,0,0,0,1,2,0,0,0,0,0,0,0,0,10,0,1,0,0,0,0,0,0,0,0,1,0,0,0,0,2,0,0,0,0,0,0,0,0,0,0,0,0,0,0,0,0,0,0,0,0,0,0,0,0,12,5.227513227513228,4,4,0.0,1976.0,3,0.082010582010582,0.16259666259666258,0.16259666259666258,0.1496945615759007,0.16259666259666258,0.20023494213102214,0.1596263004229687,0.1596263004229687,0.012736484778906508,0,0,0,0,1,1,3,0.25,0.75,0.14285714285714285,0.10714285714285714,0.0,0.5161290322580645,0.2903225806451613,1,1,0,0,0,1,0,0,0,0,1,0,0,0,0,0,0,0,0,0,0,1,0,1,0,0,0,0,0,0,0,0,0,1,0,1,1,0,0,1,0,0,0,0,0,0,0,0,0,1,0,0,0,0,0,0,1,0,1,0,1,0,0,0,0,1,0,0,0,0,0,0,1,0,1,1,0,1,0,0,0,1,0,1,0,0,1,0,0,0,1,0,1,0,1,0,0,0,0,0,1,0,0,0,1,1,1,1,0,0,0,1,0,0,1,0,0,0,0,0,0,0,0,0,0,1,0,0,0,0,0,0,0,0,0,0,0,0,0,0,0,0,0,0,0,0,0,0,0,1,0,0,0,0,0,0,0,0,0,0,0,0,0,0,0,0,1,0,0,0,0,1,0,1,0,0,0,0,1,0,1,0,1,0,0,0,0,0,0,0,1,0,0,0,0,0,0,1,0,0,0,0,0,1,1,1,0,1,1,0,0,1,0,0,0,0,0,0,0,0,0,0,1,0,1,1,0,1,0,0,0,0,0,0,0,0,0,0,0,0,0,0,0,0,0,0,0,0,1,1,1,1,1,0,0,1,0,0,0,1,0,1,0,1,1,1,0,1,1,0,1,1,0,1,1,0,1,0,1,1,1,0,1,0,1,1,1,1,0,1,1,1,1,1,0
12.05582860793869,0.13213695223019206,-1.00776675170213,0.3413059210334571,16.43243243243243,501.66700000000014,0.8648648648648649,2.9357090983277616,1.3110460793887624,195844207.08690724,11.594940331257959,20.219491915372593,5.601050810983688,0.0,0.0,0.0,5.969305287951849,4.794537184071822,0.0,0.0,0.0,84.92913895846256,87.33674212177239,0.0,11.518956857145081,20.11411936859394,5.969305287951849,0.0,4.899909730850478,5.917906046161393,56.65076855921406,19.634269217737724,107.18294492525057,0.0,0.0,0.0,0.0,0.0,45.823066421062165,15.81057846445229,5.917906046161393,67.88853324562157,0.0,0.0,81.0,23.08931295608062,20.11411936859394,0.0,5.917906046161393,6.4208216229260096,61.150540053303736,0.0,25.980208536304467,72.79640482153933,4.899909730850478,0.0,0.0,0.0,13.912285407597548,32.16374040119014,1.4721093322471974,-0.7330986835525353,2.7673345118272756,6.112484790176369,0.0,0.40625,3,0,1,1,0,4,5,10,0,1,1,4,5.510500000000006,1,2,1,0,0,0,0,0,1,0,0,0,1,0,0,0,0,1,0,0,0,0,0,0,0,0,0,0,0,0,0,0,0,0,0,0,0,0,0,0,0,0,0,0,0,0,0,0,0,1,0,0,0,0,0,0,0,0,0,0,0,0,0,19,7.828828828828829,4,4,0.0,5214.0,4,0.06006006006006004,0.19510939510939512,0.19510939510939512,0.18388213515696802,0.19510939510939512,0.13240287122960961,0.1106779727697224,0.1106779727697224,0.012258598158015594,0,0,0,0,0,3,1,0.13513513513513514,0.8648648648648649,0.10810810810810811,0.02702702702702703,0.0,0.525,0.025,0,1,0,0,0,1,0,1,1,1,1,0,0,1,0,0,1,0,0,0,0,0,0,0,0,0,0,0,0,1,1,0,0,1,0,0,1,0,0,1,1,0,0,0,0,1,0,1,0,0,0,0,0,0,0,0,0,1,0,0,0,1,0,0,1,0,0,1,0,0,0,0,1,0,1,0,0,1,0,0,1,1,1,0,0,1,1,0,0,0,0,0,0,0,0,0,0,1,0,1,1,0,0,0,1,0,0,0,0,1,0,0,0,0,1,0,1,1,0,1,0,1,0,1,0,1,0,1,0,0,0,0,0,0,0,0,0,0,0,0,0,0,0,0,0,0,0,0,0,0,0,0,0,0,0,0,0,0,0,0,0,0,0,0,0,0,0,0,0,0,0,0,0,0,0,0,0,0,0,0,0,0,0,0,0,0,0,0,0,0,0,0,0,0,1,0,0,0,0,0,0,0,1,1,0,0,0,0,0,0,0,0,0,1,1,0,0,0,1,1,0,0,0,0,0,0,1,0,1,0,0,0,1,0,0,0,0,0,0,1,1,0,0,0,0,0,1,0,0,1,1,1,0,1,0,0,1,1,0,1,1,0,0,0,0,1,1,1,1,0,0,0,0,1,1,1,1,1,0,0,1,1,1,1,0,1,1,1,1,1,1,1,1,1,0
12.057986732217813,0.12776033154962962,-0.9682326081836119,0.39694894051294805,16.82857142857143,471.6850000000001,0.7714285714285715,2.8894284854414654,1.317281345957648,75685458.59337491,11.07416336780592,15.11296452053189,5.601050810983688,0.0,0.0,0.0,0.0,0.0,0.0,0.0,0.0,105.70035055753445,78.90425819178792,0.0,6.103966387748303,10.213054789681411,0.0,0.0,4.899909730850478,5.917906046161393,63.57450575890468,19.634269217737724,107.18294492525057,0.0,0.0,0.0,0.0,0.0,34.747233738269614,11.016041280380467,5.917906046161393,74.81227044531221,0.0,0.0,43.7,11.70501719873199,10.213054789681411,0.0,11.332896515558172,0.0,62.007910184532754,5.563451491696996,0.0,36.39820241076966,74.20205787761525,0.0,0.0,0.0,2.488420781893004,22.75094411367704,3.4144192715415436,0.1763621978840091,3.2342193976758367,9.566898119236093,0.0,0.4375,2,0,1,1,0,3,3,8,0,1,1,4,6.445800000000008,0,2,1,0,0,0,0,0,0,0,0,0,1,0,0,0,0,1,0,0,0,0,0,0,0,0,0,0,0,0,0,0,0,0,0,0,0,0,0,0,0,0,0,0,0,0,0,0,0,1,0,0,0,0,0,0,0,0,0,0,0,0,0,18,7.435294117647059,4,4,0.0,4424.0,4,0.06386554621848738,0.19500891265597148,0.19500891265597148,0.1824637400826559,0.19500891265597148,0.13976089391846663,0.11658511054738047,0.11658511054738047,0.012115150934557164,0,0,0,0,0,3,1,0.08571428571428572,0.9142857142857143,0.05714285714285714,0.02857142857142857,0.0,0.5263157894736842,0.0,0,1,0,0,0,1,0,1,1,1,0,0,0,1,0,0,1,0,0,0,1,0,0,0,0,0,0,0,0,1,1,0,0,1,0,0,1,0,0,1,1,0,0,0,0,1,0,1,0,0,0,0,0,0,0,0,0,0,0,1,0,1,0,0,1,0,0,0,0,0,0,0,1,0,1,0,0,0,0,0,1,1,1,0,0,1,1,0,0,0,0,0,0,0,0,0,0,1,0,1,1,0,0,0,1,0,0,0,0,1,0,0,0,0,1,0,1,0,0,1,0,1,0,1,0,0,0,1,0,0,0,0,0,0,0,0,0,0,0,0,0,0,0,0,0,0,0,0,0,0,0,0,0,0,0,0,0,0,0,0,0,0,0,0,0,0,0,0,0,0,0,0,0,0,0,0,0,0,0,0,0,0,0,0,0,0,0,0,0,0,0,0,0,0,1,0,0,0,0,0,0,0,1,1,0,0,0,0,0,0,0,0,0,1,1,0,0,0,1,1,0,0,0,0,0,0,1,0,1,0,0,0,1,0,0,0,0,0,0,1,1,0,0,0,0,0,1,0,0,1,1,0,0,1,0,0,1,1,0,1,1,0,0,0,0,1,1,1,0,1,0,0,0,1,0,1,1,1,0,0,1,1,0,1,0,1,1,1,1,1,1,1,1,1,0
12.578430739026395,0.010081053986384259,-1.7558306551468605,0.11306379404457513,47.05,585.6080000000002,0.85,2.9237616016376937,1.847903728536342,351840389.6434164,14.335134540622352,88.05112948658092,67.14363026523132,12.580053458670426,5.907179729351506,0.0,0.0,4.794537184071822,0.0,0.0,0.0,0.0,19.386399651764595,12.586597235060536,18.69056362280884,64.59420815799766,5.907179729351506,0.0,5.316788604006331,22.93466990864874,110.69084945719763,19.696394776338067,0.0,0.0,28.251458512655073,0.0,0.0,0.0,164.3049998757608,23.741988999272017,0.0,12.841643245852019,0.0,0.0,331.93999999999994,110.36326790521005,45.64675634279746,0.0,25.93115605767717,0.0,0.0,0.0,0.0,0.0,5.316788604006331,41.88212172384894,22.508987749652608,0.0,12.578430739026395,84.8515698880727,23.07815814323158,-0.8451654705857445,-19.819150484244457,-0.8984471332932249,0.0,0.9545454545454546,17,1,2,3,0,17,18,10,1,2,3,3,-8.424200000000015,0,8,8,0,0,0,0,0,0,0,0,0,0,1,4,0,0,0,0,0,0,0,0,0,0,0,0,0,0,0,4,0,0,0,0,0,0,0,0,0,0,0,0,0,0,0,0,0,0,0,0,0,0,0,0,0,0,0,0,0,0,0,0,15,6.675641025641026,3,3,0.0,5207.0,3,0.05384615384615384,0.14935897435897436,0.14935897435897436,0.15832004022974902,0.14935897435897436,0.15637638685081368,0.133153233857833,0.133153233857833,0.013661312146962288,0,0,0,0,0,0,3,0.45,0.55,0.325,0.125,0.0,0.9761904761904762,0.023809523809523808,1,1,0,1,0,0,0,0,0,0,1,0,1,1,0,0,1,0,0,1,0,1,0,0,0,0,0,0,0,0,1,0,0,1,1,1,0,0,0,1,1,0,0,1,0,0,0,1,1,0,0,0,1,1,0,1,0,1,0,0,0,1,0,0,0,0,0,0,0,0,0,0,0,0,0,0,0,0,0,1,1,1,1,0,1,1,0,1,0,0,0,0,0,0,1,0,1,0,1,1,1,1,0,1,1,1,0,0,1,0,0,0,0,0,0,1,1,1,0,0,0,0,0,1,0,1,0,1,0,0,0,0,0,0,0,0,0,0,0,0,0,0,0,0,0,0,0,0,0,0,0,0,0,0,0,0,0,0,0,0,0,0,0,0,0,0,0,0,0,0,0,0,0,0,0,0,0,0,0,0,0,1,1,0,0,1,0,0,0,0,0,0,0,0,0,0,0,0,0,0,1,0,0,0,0,0,0,0,1,0,1,0,1,0,0,0,0,1,1,1,1,0,0,1,0,1,1,0,1,0,0,0,1,0,0,0,0,1,1,1,0,0,0,0,0,1,1,0,1,0,0,1,0,0,1,1,0,0,0,1,1,1,0,0,0,1,1,1,1,0,1,1,0,1,1,1,0,0,1,1,1,1,1,1,1,1,1,1,0,1,0,1,1,1,0
10.934370590828925,0.0849474048878811,-1.6616048584519005,0.16685365193348575,53.72727272727273,484.5030000000001,0.6666666666666666,2.785013664526957,1.7220644460470758,13654838.446765736,10.983748429196504,77.62781348773389,61.039663877483015,12.580053458670426,0.0,0.0,0.0,0.0,0.0,0.0,0.0,0.0,6.4208216229260096,18.628438064208495,12.648722793660879,54.693143579085124,0.0,0.0,0.0,22.93466990864874,98.16606144652333,13.151638370425493,0.0,0.0,22.93466990864874,0.0,0.0,0.0,140.64256995790777,18.947451815200196,0.0,6.4208216229260096,0.0,0.0,282.61,98.35212178811024,35.745691763884935,0.0,12.965578028838586,0.0,0.0,0.0,0.0,0.0,0.0,41.88212172384894,22.188645928553036,0.0,0.0,70.89126281071222,23.505097560217962,0.0,-16.45971269420574,-0.7634389811732607,0.0,1.0,15,1,2,3,0,15,15,6,1,2,3,3,-7.2913999999999985,0,7,7,0,0,0,0,0,0,0,0,0,0,0,4,0,0,0,0,0,0,0,0,0,0,0,0,0,0,0,4,0,0,0,0,0,0,0,0,0,0,0,0,0,0,0,0,0,0,0,0,0,0,0,0,0,0,0,0,0,0,0,0,14,5.984848484848484,3,3,0.0,3160.0,3,0.06628787878787878,0.16080156402737047,0.16080156402737047,0.1778361361843209,0.16080156402737047,0.1731057055154417,0.15585341574553233,0.15585341574553233,0.015291129757864909,0,0,0,0,0,0,3,0.45454545454545453,0.5454545454545454,0.3333333333333333,0.12121212121212122,0.0,1.0,0.0,0,1,0,0,0,0,0,0,0,0,0,0,1,1,0,0,1,0,0,1,0,1,0,0,0,0,0,0,0,0,1,0,0,1,1,1,0,0,0,1,1,0,0,1,0,0,0,0,0,0,0,0,1,1,0,1,0,1,0,0,0,0,0,1,0,0,0,0,0,0,0,0,0,0,0,0,0,0,0,1,1,1,1,0,1,1,0,0,0,0,0,0,0,0,1,0,0,0,1,0,1,1,0,1,1,1,0,0,1,0,0,0,0,0,0,0,1,0,0,0,0,0,0,1,0,0,0,1,0,0,0,0,0,0,0,0,0,0,0,0,0,0,0,0,0,0,0,0,0,0,0,0,0,0,0,0,0,0,0,0,0,0,0,0,0,0,0,0,0,0,0,0,0,0,0,0,0,0,0,0,0,1,1,0,0,1,0,0,0,0,0,0,0,0,0,0,0,0,0,0,1,0,0,0,0,0,0,0,1,0,1,0,1,0,0,0,0,1,1,1,0,0,0,1,0,1,1,0,1,0,0,0,1,0,0,0,0,1,0,1,0,0,0,0,0,0,0,0,1,0,0,1,0,0,1,1,0,0,0,1,1,1,0,0,0,1,1,1,1,0,1,1,0,1,1,0,0,0,1,1,1,1,0,1,1,1,1,1,0,1,0,1,1,1,0
11.129477946271102,0.06197055846985777,-1.286897326349922,0.1815983099627802,50.18181818181818,477.6030000000002,0.9696969696969697,2.7564680143922433,1.6847405069420804,12965995.530690867,11.06123345935728,62.101613639221526,30.016916361976897,12.580053458670426,0.0,0.0,0.0,0.0,0.0,0.0,0.0,0.0,47.205283233513654,18.12552248744388,24.794530010557143,34.26703399972231,0.0,0.0,10.633577208012662,17.201002431486554,112.02007962229469,20.702225929867296,0.0,0.0,27.834579639499218,0.0,0.0,0.0,114.93194846852485,18.947451815200196,0.0,33.10993926815928,0.0,0.0,199.72999999999996,60.7224923080912,15.319582184522117,0.0,24.794530010557143,12.841643245852019,6.4208216229260096,0.0,13.971409182367815,13.971409182367815,10.633577208012662,36.148454246686754,23.72099155092204,0.0,0.0,38.34001374191152,17.507355870220174,0.0,-4.221864506384816,3.5225569882466115,3.492765240673166,1.0,11,1,2,3,0,12,12,7,1,2,3,3,-3.327499999999993,0,3,2,0,0,0,0,0,0,0,0,0,0,2,3,0,2,0,0,0,0,0,0,0,0,0,0,0,0,0,4,0,0,0,0,0,0,0,0,0,0,0,0,0,0,0,0,0,0,0,0,0,0,0,0,0,0,0,0,0,0,0,0,15,6.125,3,3,0.0,3234.0,4,0.06628787878787878,0.16532258064516128,0.16532258064516128,0.18051614787601294,0.16532258064516128,0.16953674987890047,0.14927145970620148,0.14927145970620148,0.015031073017011695,0,0,0,0,0,0,3,0.36363636363636365,0.6363636363636364,0.21212121212121213,0.15151515151515152,0.0,1.0,0.0,1,1,1,0,0,0,0,0,0,1,1,0,1,0,0,0,1,0,0,1,0,0,1,1,0,0,0,1,0,1,1,0,1,1,1,0,1,0,0,1,1,1,0,1,1,1,0,0,0,0,1,0,0,1,0,1,0,0,0,0,0,0,0,1,0,1,0,0,0,0,1,0,1,0,0,0,0,0,0,1,1,0,0,0,1,0,0,0,1,0,0,0,0,0,0,0,0,0,1,0,0,1,0,1,0,1,0,0,0,0,0,0,1,0,0,1,0,0,0,1,0,0,1,1,0,0,0,0,0,0,0,0,0,0,0,0,0,0,0,0,0,0,0,0,0,0,0,0,0,0,0,0,0,0,0,0,0,0,0,0,0,0,0,0,0,0,0,0,0,0,0,0,0,0,0,0,0,0,0,0,0,1,1,0,0,1,0,0,0,0,0,0,0,0,1,0,0,0,0,0,1,0,0,0,0,0,0,0,1,0,0,0,1,0,0,0,0,1,1,1,0,1,0,1,0,1,1,0,0,0,0,0,1,0,0,0,1,1,0,1,1,0,0,1,1,0,1,0,1,0,0,1,0,0,1,1,0,0,0,1,1,1,0,0,0,1,0,1,1,1,1,1,0,1,1,1,0,1,1,1,1,1,0,0,1,1,1,1,1,1,0,1,1,1,0
10.5816382170152,0.03609436675904898,-0.5884027777777776,0.6097401377249373,10.277777777777779,248.198,1.1111111111111112,2.714906132879775,2.421110898616767,13313.899675642415,4.2424600382665165,10.114318268765572,6.196843571613076,0.0,5.824404497999927,5.687386274683562,5.817862777835028,14.681417916556928,0.0,0.0,0.0,0.0,22.0400237066881,24.743857611297404,4.923311048817671,9.846622097635342,11.50524905251859,0.0,9.551078168738563,0.0,6.923737199690624,0.0,56.51535288099059,5.687386274683562,0.0,11.50524905251859,0.0,0.0,19.397700266373903,0.0,27.15237373722177,5.824404497999927,0.0,5.687386274683562,104.1,9.846622097635342,20.228636537531145,0.0,11.50524905251859,11.51179077268349,0.0,35.02941149325087,6.923737199690624,0.0,4.9839785209472085,0.0,1.5018442932728646,0.0,23.766553235491727,21.087832839926094,0.5460352628705809,0.18185725833543365,1.2743055555555556,1.6194570420760896,0.0,0.1,0,0,0,0,1,6,8,3,0,0,0,2,1.9971199999999998,0,0,0,0,0,2,0,0,0,0,0,0,4,0,0,0,0,0,0,0,0,0,0,0,0,1,0,0,0,0,0,0,0,0,0,1,0,0,0,0,0,0,0,2,1,0,0,0,0,0,0,0,0,0,0,0,0,0,0,0,0,0,0,10,4.143790849673203,2,2,0.0,634.0,3,0.12418300653594769,0.19648692810457513,0.19648692810457513,0.16629329493584857,0.19648692810457513,0.2518869525998462,0.2085213744754637,0.2085213744754637,0.018479675690410067,0,0,0,0,1,2,0,0.4444444444444444,0.5555555555555556,0.2222222222222222,0.2222222222222222,0.0,0.3157894736842105,0.10526315789473684,0,1,0,0,0,0,0,0,0,0,1,0,0,0,0,0,0,1,0,0,0,1,1,0,0,0,0,0,0,0,0,0,0,1,0,0,0,0,0,1,0,0,0,1,0,1,0,0,0,0,0,0,1,0,0,0,0,0,1,0,0,0,0,1,0,1,0,0,0,0,1,0,0,0,0,1,0,0,0,0,1,1,0,0,0,0,1,0,1,0,0,0,0,1,0,0,0,0,0,0,1,0,0,0,0,1,0,0,1,0,1,0,0,1,0,0,0,0,0,0,0,0,1,0,0,1,0,0,0,0,0,0,0,0,0,0,0,0,0,0,0,0,0,0,0,0,0,0,0,0,0,0,1,0,0,0,0,0,0,0,0,0,0,0,0,0,1,0,0,0,0,0,0,0,0,0,0,1,0,0,0,0,0,0,1,0,0,0,0,0,1,1,0,1,0,0,0,0,1,1,0,0,0,1,0,1,0,1,1,0,0,1,0,1,0,0,0,0,0,0,0,0,1,1,1,1,0,0,0,0,1,0,0,0,0,0,0,0,0,0,0,0,0,0,0,0,0,1,1,1,1,0,1,1,0,0,0,0,1,0,0,1,0,1,1,1,0,0,1,0,1,0,1,0,1,0,1,0,1,0,0,0,0,0,1,0,1,1,1,1,1,1,1,1,0
12.865690282533233,0.07338886726266725,-0.6324977677537624,0.0948674729834446,19.057142857142857,495.7450000000004,0.9428571428571428,2.813294436444706,2.5779952741401506,26290810.420640815,19.58110530205703,14.790514511606428,18.249773604644567,0.0,6.410095306116121,0.0,11.938610575903699,9.589074368143644,4.794537184071822,0.0,0.0,104.74480827387463,31.60119253786543,6.4208216229260096,5.917906046161393,23.85733745981556,18.34870588201982,0.0,5.316788604006331,11.835812092322787,155.0986899931493,0.0,0.0,0.0,5.316788604006331,0.0,0.0,0.0,36.59847948666439,23.85733745981556,11.835812092322787,136.8489163885047,0.0,0.0,81.69999999999999,6.041840829147961,14.383611552215466,0.0,35.98235544372309,19.25173855196814,38.524929737556064,57.787394606334104,0.0,13.847474399381248,19.16426300338758,9.473725907600098,11.402396285570127,0.0,35.961655674734466,2.6204883015733538,0.0,-0.30238132020598285,18.49868064372259,8.45165818235921,0.0,0.896551724137931,1,0,1,1,0,5,6,23,0,1,1,1,6.881900000000007,0,0,0,0,0,0,0,0,0,0,0,0,0,1,0,0,0,0,0,0,0,0,0,0,0,0,0,0,0,2,2,0,0,0,0,0,0,0,0,0,1,0,0,0,0,0,0,0,0,0,0,0,0,0,0,0,0,0,0,0,0,9,0,20,7.73109243697479,1,1,0.0,4600.0,3,0.0588235294117647,0.20397249809014512,0.20397249809014512,0.17484572987165814,0.20397249809014512,0.1367632467413719,0.10372180276892762,0.10372180276892762,0.010874447875784897,0,0,0,1,0,0,1,0.17142857142857143,0.8285714285714286,0.14285714285714285,0.02857142857142857,0.0,0.9142857142857143,0.08571428571428572,1,1,0,1,1,0,1,0,0,0,1,1,0,0,1,0,1,0,0,1,0,0,1,0,0,0,1,1,1,0,0,0,0,1,0,0,1,0,1,1,1,0,0,0,0,1,1,0,0,0,0,0,0,0,1,1,0,0,1,0,0,0,0,0,1,0,0,0,0,1,0,0,1,0,1,0,0,0,1,1,1,0,0,0,0,0,0,0,0,0,0,0,0,0,0,0,1,0,1,1,1,0,0,0,1,0,0,0,1,0,1,0,0,0,0,0,0,0,0,1,0,0,0,1,1,1,0,1,0,0,0,0,0,0,0,0,1,0,0,1,0,0,0,0,0,0,0,0,0,0,0,0,0,0,0,0,0,0,0,0,0,0,0,0,0,0,0,0,0,0,0,0,0,0,0,0,0,0,0,0,0,0,0,0,0,1,0,0,0,0,0,0,0,0,0,0,0,0,0,0,0,0,1,0,0,0,0,0,0,0,0,0,0,0,0,0,0,1,0,0,0,0,0,1,0,0,0,0,0,0,0,0,1,0,0,0,1,0,1,1,0,0,1,1,1,1,1,0,0,0,0,1,0,0,1,1,1,1,0,0,1,0,0,0,1,1,0,0,1,1,0,1,0,0,1,1,0,1,1,1,1,0,1,1,1,1,1,1,1,1,0,0,1,1,0
13.82941552563531,0.056571266054367575,-1.2990377762802912,0.19750207121883465,21.510204081632654,670.855,0.9387755102040817,3.0611652911659837,1.3531975435934802,48770043313.12044,15.907355493348835,26.790560684021884,11.735768823996422,0.0,17.721539188054518,5.907179729351506,0.0,24.07805846713776,4.9839785209472085,0.0,0.0,73.85976848493253,69.5656741887929,24.014662278673292,30.125170386586497,24.28467613112799,34.53164384948708,0.0,25.834254063816676,17.569479569484972,95.48537708712948,13.08951281182515,77.98741723962318,0.0,21.684033289181176,0.0,0.0,0.0,81.4770615034451,20.804433175141472,11.835812092322787,75.34805800724523,0.0,10.902924932081056,166.75,53.91077493855606,24.28467613112799,0.0,24.566685753038552,23.897269215851622,36.63296219786583,6.4208216229260096,18.19910120538483,69.30214814676475,25.834254063816676,5.733667477162185,0.0,0.0,59.2779168631101,21.405125119519738,6.702839882614272,-1.1954100735081432,4.030706496148877,6.7256193297126705,0.0,0.5,6,1,1,2,1,7,11,12,1,1,2,5,3.092400000000003,0,1,1,0,0,1,0,0,0,0,1,0,2,3,1,0,0,1,0,0,0,0,0,0,0,0,0,0,2,0,0,0,0,0,0,0,0,0,0,0,0,0,0,0,0,0,0,1,0,1,0,1,1,0,0,0,0,0,0,0,0,0,0,19,8.08843537414966,5,5,0.0,9512.0,4,0.04506802721088435,0.15081777391807785,0.15081777391807785,0.17778327590734908,0.15081777391807785,0.12843265752771027,0.09897777421855239,0.09897777421855239,0.00996221804098251,0,0,0,0,0,3,2,0.22448979591836735,0.7755102040816326,0.10204081632653061,0.12244897959183673,0.0,0.6037735849056604,0.07547169811320754,1,1,1,0,1,1,0,1,1,0,1,0,1,0,0,0,0,0,1,1,1,0,0,0,0,0,1,1,0,0,1,1,0,1,0,1,0,0,0,1,0,0,1,0,0,1,0,1,0,1,1,1,0,0,0,0,0,1,0,0,0,1,0,1,1,0,0,0,0,1,0,0,0,1,0,1,0,0,0,1,1,1,0,0,0,0,1,1,0,1,1,1,1,0,0,0,1,0,1,1,1,0,1,0,1,0,1,1,1,0,0,0,0,0,1,0,0,1,0,1,1,0,1,1,1,1,0,0,0,0,0,0,0,0,0,0,0,0,0,0,0,0,0,0,0,0,0,0,0,0,0,0,0,0,0,0,0,0,0,0,0,0,0,0,0,0,0,0,0,0,0,0,0,0,0,0,0,0,0,0,0,1,1,0,0,0,0,0,0,0,0,0,0,1,1,0,0,0,0,0,0,0,1,1,0,0,0,1,1,0,0,0,1,1,1,0,0,0,1,1,1,0,0,1,0,1,1,0,1,1,0,0,1,1,0,0,0,0,1,1,1,0,0,0,0,1,1,0,1,1,1,0,0,1,0,0,1,1,0,1,1,0,0,0,1,1,1,1,1,1,1,0,0,1,1,1,1,1,1,1,1,1,1,1,1,1,1,1,1,1,1,1,1,1,0
13.23743121536953,0.13176067649281986,-4.929202963592844,0.7594432549357207,20.346153846153847,378.31600000000014,1.0769230769230769,2.583928661408163,2.2311311319774414,489592.46704897314,6.69608628988195,10.423315998847038,5.693927994848461,0.0,0.0,0.0,12.35259703488695,0.0,4.9839785209472085,26.34249028604892,0.0,18.553555759849232,37.08258528038481,11.428065043612756,17.18411859706156,31.449017680889625,10.902924932081056,0.0,10.30076712495354,0.0,43.76086912056124,6.544756405912575,41.08629925208889,0.0,5.316788604006331,26.34249028604892,0.0,0.0,22.677103150848453,12.35259703488695,0.0,42.18726223476878,0.0,10.902924932081056,45.150000000000006,41.27248445594493,31.449017680889625,0.0,10.949675706161791,25.098312165761808,18.90801031431363,6.06636706846161,0.0,0.0,10.30076712495354,0.0,79.2783187783837,0.0,3.224566326530612,13.467752621882088,-3.7173868312757214,0.0,-8.99629531004576,0.5879681201184176,0.0,0.47058823529411764,2,0,1,1,1,3,9,2,0,1,1,3,4.447900000000003,0,1,1,0,0,1,0,0,0,0,0,0,1,1,0,0,0,0,0,0,0,6,0,0,0,0,0,0,1,0,0,0,0,0,0,0,0,0,0,0,0,0,0,0,0,0,0,1,0,1,0,0,1,0,0,0,0,0,0,0,0,0,0,10,4.587692307692308,3,3,0.0,1491.0,4,0.08615384615384616,0.1494871794871795,0.1494871794871795,0.15794613948759326,0.1494871794871795,0.22647959246102778,0.16837314590946978,0.16837314590946978,0.01685388961741478,0,0,0,0,0,2,1,0.34615384615384615,0.6538461538461539,0.038461538461538464,0.07692307692307693,0.0,0.6071428571428571,0.0,0,1,0,0,1,0,1,0,1,0,0,0,1,0,0,1,1,0,0,1,0,0,1,0,0,0,1,0,0,0,1,0,0,1,0,1,0,1,0,1,0,1,0,0,0,1,0,0,0,1,0,0,1,0,0,0,0,0,0,0,1,0,0,1,1,0,0,1,0,1,0,0,1,0,0,0,0,1,0,0,0,1,0,0,0,1,1,0,0,0,1,0,0,0,0,0,0,0,0,1,1,0,0,0,0,0,0,1,0,1,0,0,0,0,1,0,0,0,0,0,1,0,1,1,0,0,1,0,0,0,0,0,0,0,0,0,0,0,0,0,0,0,0,0,0,0,0,0,0,0,0,0,0,0,0,0,0,0,0,0,0,0,0,0,0,0,0,0,0,0,1,0,0,0,0,0,0,0,0,0,0,0,1,0,0,0,0,0,0,0,0,0,0,1,0,0,0,0,0,0,0,0,0,0,0,0,0,0,0,0,1,0,0,0,0,0,0,0,1,1,0,0,0,1,0,0,1,0,1,1,0,0,1,1,1,1,0,0,0,1,1,0,0,0,0,0,1,0,1,1,0,0,0,1,0,0,1,1,0,1,0,0,1,0,0,1,0,1,0,0,1,0,0,1,0,1,0,0,0,1,1,1,0,0,1,1,1,0,0,1,1,1,1,1,0
13.867316916540332,0.06706243300136205,-1.0488532991638573,0.10624046585910327,13.68,720.9620000000001,0.9,3.7921793348755144,1.463767068594598,99661659139.94312,19.165556143146798,30.693665891510225,12.648722793660879,0.0,5.907179729351506,0.0,12.124354583276487,9.77851570501903,14.573052889090853,0.0,22.673571755869474,88.35861948337859,36.30727389833341,30.584325200065535,39.77980178182875,24.22700190085622,40.70510606849747,0.0,30.818232584763884,5.917906046161393,90.25644695931959,7.04767198267719,104.45671816910901,0.0,15.950365812018994,9.589074368143644,0.0,22.673571755869474,69.28308933808296,35.524681754149384,5.917906046161393,66.73927833664641,0.0,0.0,145.77999999999997,30.3227289461306,19.49013894705617,0.0,30.883903875289903,25.304305697925987,26.705601868796514,16.236695608785215,30.091840705842383,79.89120785446326,39.76579725329466,4.736862953800049,5.424978507101565,2.9499528922081164,50.97752074868347,23.4906276799991,4.35270225484641,-0.2767656664093323,0.8361452993284635,8.282283762480287,1.6763800347301996,0.43243243243243246,4,0,0,0,2,9,13,17,0,0,0,4,5.905200000000005,0,1,1,0,0,2,0,0,0,0,0,0,3,3,0,0,0,0,0,0,1,0,0,0,0,0,0,0,0,0,1,0,0,0,0,0,0,0,0,0,0,0,0,0,0,0,0,0,0,0,0,0,0,0,0,0,0,0,0,2,0,0,1,22,8.791020408163265,4,4,0.0,10769.0,3,0.043265306122448985,0.16231292517006804,0.16231292517006804,0.182302822341663,0.16231292517006804,0.11885575786772344,0.11936531790467965,0.11936531790467965,0.009202001529336255,0,0,0,0,2,4,0,0.26,0.74,0.1,0.12,0.04,0.5283018867924528,0.05660377358490566,1,1,0,0,0,1,1,0,0,1,1,1,0,0,0,1,1,0,1,1,0,0,0,0,0,0,1,1,0,0,0,1,0,1,0,1,0,1,0,1,1,0,1,1,0,0,0,1,1,0,0,1,1,0,0,1,0,0,0,1,0,1,0,1,1,1,0,1,1,1,1,1,0,0,1,1,0,0,1,1,1,1,0,1,1,0,1,0,0,1,1,0,0,0,1,0,0,0,0,1,1,0,0,0,1,1,0,1,0,1,1,0,0,1,0,0,0,1,0,1,1,0,1,1,0,1,0,1,0,0,0,0,0,0,0,0,0,0,0,0,0,0,0,0,0,0,0,0,0,0,0,1,0,0,0,0,0,0,0,0,0,0,0,0,1,1,0,0,0,0,0,0,0,0,0,1,0,0,0,0,0,1,1,0,0,0,0,0,0,0,0,0,0,1,0,0,0,0,0,0,0,0,1,0,0,1,0,1,0,1,0,1,0,1,1,0,1,0,1,1,1,1,0,1,1,1,0,0,1,0,0,0,1,0,1,0,0,1,1,1,0,0,0,1,0,1,0,0,1,1,1,1,0,1,1,0,0,1,0,1,1,0,0,0,1,1,1,1,1,1,1,0,0,1,1,0,1,1,0,1,1,1,1,1,1,1,1,1,1,1,1,1,1,1,0
9.741298159695976,0.26938108885529544,0.26938108885529544,0.9056709671480019,13.666666666666666,281.35900000000004,1.1428571428571428,2.9889584187218805,1.9500928807175926,107291.65139844062,5.871997445683246,15.323225729697514,11.585131619041174,0.0,0.0,0.0,0.0,4.992404732635669,0.0,0.0,0.0,23.762552697081826,31.18920547353706,23.985896023741308,13.08951281182515,5.106527394840706,17.210392335124393,0.0,5.316788604006331,4.992404732635669,6.923737199690624,24.534178948588206,54.09438803938988,5.749511833283905,10.216698334856808,11.374772549367124,5.749511833283905,0.0,30.576416398335702,0.0,6.923737199690624,5.563451491696996,0.0,0.0,47.86,0.0,5.106527394840706,0.0,5.749511833283905,6.544756405912575,30.299905146949545,5.563451491696996,12.13273413692322,12.13273413692322,46.39830854102954,0.0,0.0,0.0,6.616984756865708,13.039708102376752,3.2674017647182336,1.2544902158394227,0.0,4.477986426051902,0.0,0.23529411764705882,2,0,1,1,0,4,4,4,0,0,0,3,2.840420000000001,0,0,0,0,0,0,0,1,0,0,0,1,2,1,0,0,0,0,0,0,0,0,0,1,2,1,0,0,0,0,0,0,0,0,0,0,0,0,0,0,0,0,0,0,0,0,0,0,0,0,0,0,0,0,0,0,0,0,0,0,0,0,0,9,4.338095238095238,3,3,0.0,911.0,3,0.10952380952380954,0.17568922305764412,0.17568922305764412,0.18307545886682558,0.17568922305764412,0.24032136678067748,0.19785674913894594,0.19785674913894594,0.012384784212232262,0,0,0,0,1,2,1,0.19047619047619047,0.8095238095238095,0.047619047619047616,0.14285714285714285,0.0,0.43478260869565216,0.043478260869565216,1,0,0,0,0,0,0,0,0,0,0,0,0,0,0,1,0,0,0,0,0,0,1,0,0,0,0,0,1,0,1,1,1,1,0,0,0,0,0,1,0,0,0,0,0,0,0,0,0,1,0,0,0,0,0,0,1,1,1,0,0,0,0,0,1,1,1,0,1,0,0,0,1,0,1,0,0,0,0,0,1,1,0,0,0,0,1,0,0,1,1,0,1,0,0,0,1,0,0,0,1,0,0,0,1,1,0,1,0,1,0,0,0,1,0,0,0,0,0,0,0,0,1,1,0,1,0,1,0,0,0,0,0,0,0,0,0,0,0,0,0,0,0,0,0,0,0,0,0,0,0,0,0,0,0,0,0,0,0,0,0,0,0,0,0,0,1,0,0,0,0,0,0,0,0,0,0,0,0,0,0,0,0,0,0,0,0,0,0,0,0,0,0,0,0,0,0,0,0,0,0,0,0,0,0,1,1,1,0,0,1,1,0,1,0,0,0,0,1,1,0,0,0,0,1,1,0,0,1,0,0,0,1,0,0,0,0,0,0,1,0,1,0,0,0,0,1,1,1,1,1,0,0,1,0,1,1,1,0,1,0,1,0,1,0,1,1,1,0,0,1,1,0,1,0,1,1,0,0,1,1,1,0,1,1,1,1,0,1,1,1,1,1,1,0
9.252261432350718,0.14867913832199586,-0.22632086167800436,0.574966146791026,16.666666666666668,209.25300000000001,1.3333333333333333,2.2628669897825016,2.316398284375318,3149.910849777242,3.7990994713070263,15.840830232789955,11.635725555670057,0.0,0.0,5.618183454609236,0.0,5.409283605791522,0.0,4.9839785209472085,4.7304076419062255,0.0,19.26246486877803,19.15587988028676,0.0,5.20725302477729,11.635725555670057,5.409283605791522,9.714386162853433,0.0,19.26246486877803,23.723090019837816,11.684550523070847,0.0,16.251760662621898,11.635725555670057,0.0,0.0,28.011151999455876,0.0,5.409283605791522,19.26246486877803,0.0,0.0,91.16000000000001,0.0,5.20725302477729,0.0,11.436046232444264,10.548270419741254,25.93115605767717,6.4208216229260096,6.06636706846161,0.0,9.883888251797686,11.142951082953708,0.5768317743764173,0.0,6.077916666666667,16.66730607520786,5.32811578798186,0.8315495086923662,3.5262129157218443,1.89151171579743,0.0,0.5555555555555556,4,0,1,1,1,6,6,1,0,1,1,2,0.1723700000000003,0,0,0,1,0,2,0,0,0,0,0,0,3,1,1,0,0,0,0,0,0,0,0,0,2,0,0,0,0,0,0,0,0,0,0,0,0,0,0,0,0,0,0,0,0,0,0,0,0,1,0,0,0,0,0,0,0,0,0,0,0,0,0,8,3.4095238095238094,2,2,0.0,358.0,3,0.15238095238095237,0.18534798534798538,0.18534798534798538,0.16782953816607968,0.18534798534798538,0.3034394408660475,0.2377682041761231,0.2377682041761231,0.018103831925844582,0,0,0,0,0,1,1,0.4,0.6,0.06666666666666667,0.3333333333333333,0.0,0.5625,0.0625,0,0,1,0,1,1,0,0,0,0,0,0,0,0,1,1,0,0,0,1,0,1,0,1,0,0,0,1,0,0,1,0,0,0,0,0,0,0,0,1,1,0,0,0,0,0,0,0,0,1,0,0,0,0,0,0,0,1,0,0,0,0,0,1,0,0,0,0,0,0,0,0,1,0,0,0,0,0,1,0,0,1,0,0,0,0,0,0,0,0,0,0,1,0,0,0,0,0,0,1,1,0,0,0,0,0,0,1,1,0,0,1,1,1,0,0,0,0,0,0,0,0,1,0,0,0,0,0,0,0,0,0,0,0,0,0,0,0,0,0,0,1,0,0,0,0,0,0,0,0,0,0,1,1,0,0,0,0,0,0,0,0,0,0,0,0,1,0,0,0,0,0,0,0,0,0,0,0,0,0,0,1,1,0,0,0,0,0,0,0,1,0,0,1,0,0,0,1,0,1,0,0,0,1,0,1,1,0,1,0,0,0,1,1,1,0,0,0,0,0,0,0,1,1,0,0,1,0,1,0,1,0,0,0,1,0,0,0,0,1,0,1,0,0,0,0,1,1,1,1,1,0,1,0,0,1,1,1,0,1,0,1,0,1,0,1,1,1,0,0,1,1,1,1,0,1,1,0,1,1,0,1,0,0,1,0,1,0,0,1,1,1,1,1,0
10.928526269705923,0.5376635592508616,-0.840869341563786,0.8893527006971172,11.833333333333334,242.274,1.0555555555555556,2.3901418412681146,2.2004230467040578,14082.715728751731,5.361092663978125,9.843390348640755,11.49902366656781,0.0,0.0,0.0,5.969305287951849,4.794537184071822,0.0,0.0,0.0,30.33183534230805,36.75265696523406,0.0,5.917906046161393,14.637927532712578,5.969305287951849,0.0,0.0,0.0,12.841643245852017,0.0,60.160755107851486,11.49902366656781,4.736862953800049,0.0,11.49902366656781,0.0,11.075832682792555,4.794537184071822,0.0,18.405094737549014,0.0,0.0,46.53,11.887211334113243,4.794537184071822,0.0,0.0,5.749511833283905,11.3129633249809,0.0,25.122838405075452,36.39820241076966,0.0,9.843390348640755,5.655976946334089,0.0,10.928526269705923,8.975240233451814,0.7323436318972034,0.0005671558746950245,0.0,1.6567101284958428,0.0,0.13333333333333333,1,0,0,0,0,2,3,4,0,0,0,2,3.6670000000000016,1,0,0,0,0,0,0,0,1,0,0,0,0,0,0,0,0,0,0,0,0,0,0,0,0,0,0,0,0,0,1,0,0,0,0,0,0,0,0,0,0,0,0,0,0,0,0,1,0,0,0,0,0,0,0,0,0,0,0,0,0,0,0,10,4.248366013071895,2,2,0.0,650.0,3,0.12418300653594769,0.20302287581699344,0.20302287581699344,0.19431867946326303,0.20302287581699344,0.24421817595472708,0.213327793706871,0.213327793706871,0.014914320377255147,0,0,0,0,0,2,0,0.16666666666666666,0.8333333333333334,0.16666666666666666,0.0,0.0,0.3157894736842105,0.05263157894736842,0,1,0,0,1,1,0,0,0,0,1,0,0,0,0,1,0,0,0,0,0,0,0,0,0,1,0,1,0,0,0,0,0,1,0,0,0,0,0,1,0,0,0,0,0,1,0,1,0,0,1,0,1,0,0,1,0,0,0,0,0,0,0,0,1,1,1,0,0,0,0,0,0,0,0,0,0,0,0,0,0,1,0,0,0,1,1,0,0,0,1,0,0,0,0,0,0,0,0,0,1,1,0,0,0,1,0,1,0,0,0,0,0,0,0,0,0,0,0,0,0,0,0,0,0,1,0,0,0,0,0,0,0,0,0,0,0,0,0,0,0,0,0,0,0,0,0,0,0,0,0,0,0,0,0,0,0,0,0,0,0,0,0,0,0,0,0,0,0,0,0,0,0,0,0,0,0,0,0,0,0,0,0,0,0,0,0,0,0,0,0,0,0,0,0,0,0,0,0,0,0,0,0,0,0,0,0,0,0,0,0,0,0,0,0,0,0,0,0,0,0,0,0,0,0,0,0,0,0,0,0,0,0,0,0,0,0,0,0,0,0,1,0,0,0,0,0,0,0,0,0,1,0,1,1,1,0,0,0,0,0,0,0,0,0,0,0,1,0,0,0,1,0,1,1,0,0,0,0,0,1,0,1,0,0,1,0,1,1,0,1,1,1,1,0
11.323574420508944,0.05631944444444459,-3.5249093495422854,0.6760870934103842,10.904761904761905,308.315,1.1428571428571428,2.3988977441424266,2.4291766926242557,40099.974691084804,5.7959776764561335,4.736862953800049,5.749511833283905,5.749511833283905,10.023291153407584,5.687386274683562,0.0,14.836413133217661,8.417796984328938,0.0,0.0,18.19910120538483,18.19910120538483,6.06636706846161,22.932833575474245,18.077970986946656,21.398063702774706,0.0,0.0,0.0,0.0,10.977864047963493,58.645254816458454,11.49902366656781,9.458957818252138,11.374772549367124,11.49902366656781,0.0,19.59687721665801,10.023291153407584,10.114318268765572,0.0,0.0,0.0,98.54,14.946602202225254,18.53211525309451,0.0,17.12428438265103,5.749511833283905,6.255769183511404,18.19910120538483,30.33183534230805,0.0,4.722094864452088,4.736862953800049,30.422714553413954,0.0,10.232193050831443,10.813463836923658,-0.06302295918367329,0.49571664777021973,0.9868153187200805,0.0,-3.5249093495422854,0.07692307692307693,1,0,0,0,0,5,8,5,0,0,0,2,2.7586000000000013,0,0,0,0,0,0,0,0,0,0,0,0,1,1,0,0,0,0,0,0,0,0,0,0,1,0,0,0,0,0,1,0,0,0,0,0,0,0,0,0,0,0,0,1,1,0,0,1,0,0,0,0,0,0,0,1,0,0,0,0,0,0,0,9,4.457142857142857,2,2,0.0,936.0,4,0.10476190476190476,0.18195488721804506,0.18195488721804506,0.1762555272662148,0.18195488721804506,0.23416262777952865,0.19166996073146184,0.19166996073146184,0.016255366040944803,0,0,0,0,0,2,0,0.38095238095238093,0.6190476190476191,0.23809523809523808,0.09523809523809523,0.047619047619047616,0.3181818181818182,0.13636363636363635,1,0,0,0,0,1,0,0,0,0,1,0,0,0,0,0,0,1,0,0,1,0,1,0,0,1,0,1,0,0,0,0,0,1,0,1,0,0,1,0,0,0,0,1,0,0,0,1,0,0,1,0,1,0,0,1,0,0,0,0,0,0,0,0,1,1,1,0,1,0,1,0,1,0,0,1,0,0,0,0,0,1,0,0,0,0,1,0,0,0,0,0,0,0,1,0,0,0,0,0,1,0,0,0,0,0,0,1,0,0,0,0,1,1,0,0,0,0,1,0,0,0,1,0,0,0,0,0,0,0,0,0,0,0,0,0,0,0,0,0,0,0,0,0,0,0,0,0,0,0,0,0,1,0,0,0,0,0,0,0,1,1,0,0,0,0,0,0,0,0,0,0,0,0,0,0,0,1,0,1,0,0,0,1,1,0,1,0,1,1,0,1,0,0,0,1,0,1,1,1,0,1,0,0,0,0,0,0,0,0,0,0,0,0,0,0,1,0,0,0,0,1,1,1,0,1,0,0,0,0,1,0,0,0,1,0,0,0,0,0,1,1,0,0,0,1,0,1,0,0,1,0,1,1,1,1,0,0,1,0,0,1,0,1,1,0,0,0,1,0,1,1,1,1,1,0,1,0,1,1,1,0,0,0,1,1,1,1,1,1,1,1,1,1,0
10.866438656449063,0.2086574617431265,-1.0194339701604307,0.4267101714465896,12.0,650.9760000000001,1.1304347826086956,2.46120036216218,2.259938325868832,98209.27805135747,8.160013239239413,20.683585220643646,17.54086449571577,5.749511833283905,0.0,0.0,5.969305287951849,4.794537184071822,0.0,0.0,0.0,0.0,110.08872033813523,0.0,10.710546813196189,19.744454927553285,73.74191716915603,0.0,0.0,5.733667477162185,12.462662452073971,0.0,46.60583364720124,17.248535499851716,10.470530430962235,0.0,17.248535499851716,67.77261188120417,22.22420090678122,11.21535880699783,10.710546813196189,5.563451491696996,0.0,0.0,92.78000000000002,12.011146117099809,9.901064578912528,0.0,12.170333456209914,15.069205937633207,12.703816033827788,0.0,18.19910120538483,34.723604763991275,45.181741254136114,15.57705782580294,8.339428893067277,6.3285680992880575,10.866438656449063,18.463419693990165,6.429336991475583,0.5071453274775479,0.2626234745066274,0.0,0.0,0.13333333333333333,4,0,0,0,0,4,8,5,0,0,0,2,3.952700000000001,1,0,0,0,0,0,0,1,1,0,0,0,0,0,1,0,0,0,0,0,0,0,0,0,0,0,0,0,0,0,1,0,0,0,0,0,0,0,0,0,0,0,0,0,0,0,0,0,0,0,0,0,0,0,0,0,0,0,0,0,0,0,0,13,5.1146245059288535,2,2,0.0,1294.0,3,0.09486166007905136,0.19593450028232637,0.19593450028232637,0.17221990806968876,0.19593450028232637,0.20419596733214235,0.1820322300118617,0.1820322300118617,0.01649855012312357,0,0,0,0,0,2,0,0.34782608695652173,0.6521739130434783,0.17391304347826086,0.043478260869565216,0.0,0.4583333333333333,0.041666666666666664,1,1,0,1,0,1,0,0,0,0,1,0,0,0,0,0,0,0,1,1,0,1,0,0,0,0,0,0,0,0,0,0,0,0,1,0,0,0,0,1,1,0,0,0,0,0,0,0,0,0,0,1,1,0,0,1,0,1,0,0,0,0,0,0,0,0,1,1,0,1,1,1,0,0,0,0,0,1,1,1,1,1,0,0,0,0,1,0,0,1,1,1,0,0,0,0,0,0,0,1,1,0,0,0,0,0,0,1,0,0,0,0,0,0,0,0,0,0,0,0,0,1,0,0,0,1,0,0,0,0,0,0,0,0,0,0,0,0,0,0,0,0,0,0,0,0,0,0,0,0,0,0,0,0,0,1,0,0,0,0,0,0,0,0,0,0,0,0,0,0,0,0,0,0,0,0,0,0,0,0,0,0,1,0,0,0,0,0,0,0,0,0,0,0,0,0,0,0,0,0,0,0,0,0,0,0,0,0,0,0,0,0,1,0,0,1,0,0,1,0,0,0,0,1,0,0,0,0,0,0,0,0,1,0,0,1,0,0,0,1,0,1,0,0,0,0,0,0,0,0,0,1,0,1,1,1,0,0,0,1,0,0,1,0,0,0,0,1,1,0,0,1,1,1,1,0,0,0,1,1,1,0,1,1,1,1,1,1,0,1,1,1,1,1,0
11.977996267951625,0.018700869236583317,-4.191024712354077,0.6195581690411603,11.12,364.42300000000006,1.24,2.5556381318347183,2.5918035858395356,286067.90992505103,7.9968334466831505,15.160178952647087,10.644995308801679,5.749511833283905,10.023291153407584,0.0,5.969305287951849,0.0,18.3513079060087,0.0,0.0,31.54366002800146,30.686289896772447,6.544756405912575,11.250837766380558,23.055724517041515,21.679982716042996,0.0,0.0,5.138973737607942,24.660863921060418,11.861545009918906,48.02802097092827,11.49902366656781,15.192625295414322,5.687386274683562,11.49902366656781,0.0,26.03838607303407,10.023291153407584,0.0,30.12336912131146,0.0,0.0,118.71999999999998,15.992596441359433,18.318861563241466,0.0,21.89583307518224,12.29426823919648,18.90801031431363,6.06636706846161,30.33183534230805,6.923737199690624,5.316788604006331,9.87583669140799,29.67397793839758,0.0,10.948285733676697,17.55680037139588,0.07376223020072237,-0.8624794238683127,1.7453631153448521,2.542940838372386,-4.191024712354077,0.23529411764705882,4,0,0,0,0,5,8,8,0,0,0,2,3.036500000000001,0,0,0,0,1,0,0,0,1,0,0,0,0,1,1,0,0,0,0,0,0,0,0,0,1,0,0,0,0,0,1,0,0,0,0,0,0,0,0,0,0,0,0,0,0,0,0,1,0,0,0,0,0,0,0,1,0,0,0,0,0,1,0,11,4.82,2,2,0.0,1446.0,4,0.08666666666666666,0.16608695652173913,0.16608695652173913,0.15897064388265883,0.16608695652173913,0.21778368524918076,0.16205899286254877,0.16205899286254877,0.0155005453486357,0,0,0,0,0,2,0,0.32,0.68,0.2,0.08,0.04,0.4230769230769231,0.11538461538461539,1,0,0,1,0,1,0,0,1,0,1,0,0,0,0,1,0,0,0,1,0,0,0,0,0,0,1,1,0,0,0,0,0,1,1,0,0,0,1,1,0,0,0,0,0,0,0,1,0,0,1,1,1,0,0,1,0,0,0,0,0,0,0,0,1,1,1,0,1,0,0,1,1,0,0,0,0,1,0,1,1,1,0,0,0,0,1,0,0,0,0,0,0,0,1,0,0,0,0,0,1,0,1,0,0,1,0,1,0,0,0,0,0,0,1,1,0,0,0,1,0,0,0,0,0,1,1,1,0,0,0,0,0,0,0,0,0,0,0,0,0,0,0,0,0,0,0,0,0,0,0,0,0,0,0,0,0,0,0,0,1,1,0,0,0,0,0,0,0,0,0,0,0,0,0,0,0,0,0,1,0,0,0,1,0,0,1,1,1,1,0,0,1,0,0,1,0,1,0,0,0,1,0,0,0,0,0,0,0,1,1,0,1,0,0,0,1,1,1,0,0,0,1,1,0,1,0,0,1,0,1,0,1,0,1,0,0,0,0,1,1,1,1,1,1,1,1,0,0,0,0,1,1,1,1,1,0,0,1,1,0,1,0,1,1,0,0,1,1,0,1,1,1,1,1,1,1,0,1,1,1,1,1,1,1,1,1,1,1,1,1,1,1,1,0
10.373000755857898,0.08189814814814778,-0.5181944444444442,0.5158680082581498,10.166666666666666,171.15599999999998,1.8333333333333333,2.3383205921062333,3.032858934158134,563.5352626976022,3.310964147709046,15.220845663606278,12.741599977525652,5.824404497999927,0.0,0.0,5.817862777835028,0.0,9.551078168738563,0.0,0.0,0.0,4.923311048817671,6.923737199690624,6.606881964512918,10.029838443658377,5.817862777835028,0.0,9.551078168738563,0.0,13.4684936056032,6.606881964512918,22.135566338378577,0.0,0.0,5.817862777835028,0.0,0.0,26.187798576909856,6.544756405912575,17.038055468456196,5.824404497999927,0.0,0.0,81.19,4.923311048817671,10.114318268765572,0.0,18.969501148260523,5.824404497999927,0.0,10.763943219404432,6.923737199690624,0.0,4.9839785209472085,5.106527394840706,1.3611111111111112,0.0,13.621426681783824,18.97051776266062,0.0,0.45583333333333376,1.1855092592592593,1.7389351851851849,0.0,0.5,1,0,0,0,1,5,6,3,0,0,0,1,0.09201999999999994,0,1,1,0,0,2,0,0,0,0,0,0,3,0,0,0,0,0,0,0,0,0,0,0,0,1,0,0,0,0,0,0,0,0,0,1,0,0,0,0,0,0,0,1,0,0,0,0,0,0,0,0,0,0,0,0,0,0,0,0,0,0,0,6,2.9242424242424243,1,1,0.0,193.0,3,0.1818181818181818,0.1924242424242424,0.1924242424242424,0.2008876079743328,0.1924242424242424,0.35817255590836544,0.2567883697135737,0.2567883697135737,0.023953113630526216,0,0,0,0,1,1,0,0.5,0.5,0.25,0.25,0.0,0.5,0.08333333333333333,0,0,0,0,0,0,0,0,0,0,1,0,0,0,0,0,0,0,0,0,0,1,0,0,0,0,0,0,1,0,0,0,0,1,1,0,0,0,0,1,1,0,0,1,1,0,0,0,0,0,0,0,0,1,0,0,0,0,1,0,0,0,0,0,0,0,0,0,0,0,1,0,0,0,0,1,0,1,0,0,1,1,0,0,0,0,0,0,0,1,0,0,0,0,1,1,0,0,0,0,1,0,0,0,0,0,0,0,0,0,0,0,0,1,0,0,0,0,0,0,0,1,1,1,0,0,0,1,0,0,0,0,0,0,0,0,0,0,0,0,0,0,0,0,0,0,0,0,0,0,0,0,1,0,0,0,0,0,0,0,0,0,0,0,0,0,1,0,0,0,0,0,0,0,0,0,0,1,0,0,0,0,0,0,1,0,0,0,0,0,0,1,0,1,0,0,0,0,1,1,0,0,0,1,0,1,0,1,1,0,1,1,0,1,0,0,0,0,0,0,0,0,1,1,1,1,0,0,1,0,1,0,1,0,0,0,1,1,0,1,0,0,0,0,1,0,1,1,1,1,1,0,1,0,0,0,0,0,1,0,1,1,0,1,0,1,1,1,0,0,1,0,1,0,1,1,1,0,1,0,0,1,0,1,1,1,1,1,1,1,1,0,1,1,0
12.365341080876796,0.001678476946334051,-1.4134259259259265,0.6774712956679046,12.392857142857142,378.4280000000001,0.9285714285714286,2.6877306043822746,2.193463228867759,1995156.18224505,8.186212278876171,14.580253302440804,0.0,5.601050810983688,6.103966387748303,0.0,11.979770127538686,0.0,14.76249422596624,0.0,0.0,60.6636706846161,31.04074445123685,18.497653530974457,0.0,19.374790486512623,5.969305287951849,0.0,9.967957041894417,0.0,25.55249159811324,7.109797541277533,89.24479672616864,6.010464839586836,4.736862953800049,0.0,6.010464839586836,0.0,34.257553653712804,15.13245094885556,13.847474399381248,22.514758973090913,0.0,0.0,81.54,17.67432248668384,9.901064578912528,0.0,6.010464839586836,22.514758973090913,0.0,7.109797541277533,19.913841467842857,60.6636706846161,9.967957041894417,9.473725907600098,11.760857662509448,0.0,20.843620244394053,10.101989323507182,1.290869289073654,-1.183041383219954,-1.4134259259259265,3.6017408352229783,1.4738595993953134,0.22727272727272727,1,0,0,0,1,5,6,7,0,0,0,3,3.515640000000001,1,0,0,0,0,2,0,0,1,0,0,0,2,0,0,0,0,0,0,0,0,0,0,0,0,2,0,0,0,0,2,0,0,0,0,0,0,0,0,0,0,1,0,0,0,0,0,0,0,0,0,0,0,0,0,0,0,0,0,0,0,0,0,10,4.785714285714286,3,3,0.0,1809.0,4,0.07936507936507937,0.1456043956043956,0.1456043956043956,0.1821911932535876,0.1456043956043956,0.21752718515731395,0.1512822515602442,0.1512822515602442,0.014466285565998577,0,0,0,0,0,3,0,0.21428571428571427,0.7857142857142857,0.14285714285714285,0.07142857142857142,0.0,0.36666666666666664,0.03333333333333333,0,1,0,0,0,1,1,1,0,1,1,1,0,0,0,0,0,0,0,0,0,0,0,0,1,0,0,0,0,1,0,0,0,1,0,0,0,0,0,1,0,0,0,0,0,0,0,1,0,0,0,0,1,0,0,1,0,0,1,0,0,0,0,1,1,0,0,1,0,0,0,0,1,1,0,0,0,0,0,0,0,1,0,0,0,0,1,0,0,0,0,0,0,1,0,0,0,1,0,1,1,1,0,1,0,0,0,1,0,0,0,0,1,0,1,1,0,0,0,0,0,0,1,0,0,1,1,0,0,0,0,0,0,0,0,0,0,0,0,0,0,0,0,0,0,0,0,0,0,0,0,0,0,0,0,0,0,0,0,0,0,0,0,0,0,1,0,0,0,0,0,0,0,0,0,0,0,0,0,0,0,0,0,0,0,0,0,0,0,0,0,0,0,1,1,0,0,0,0,0,1,0,0,0,0,1,0,0,1,0,0,0,0,0,0,0,0,1,0,0,0,1,0,0,0,0,1,0,0,0,0,0,0,0,1,0,0,0,1,0,1,1,0,0,0,1,0,0,1,1,0,1,0,1,1,1,0,0,0,0,0,0,0,0,0,1,0,1,1,1,1,1,0,1,1,0,0,1,0,0,1,0,1,0,1,1,0,1,1,1,1,1,1,1,0
11.698130291491202,0.07452485932644648,-0.2573206301574802,0.5263360770159846,10.0,298.346,1.0,2.5815729275992574,1.6014002405391197,118834.96500324902,8.533215993036974,5.316788604006331,0.0,0.0,5.907179729351506,5.907179729351506,0.0,19.998844286201237,5.425791397110385,0.0,0.0,30.33183534230805,17.696185628620217,37.467473069674305,0.0,9.589074368143644,11.814359458703011,0.0,21.15234991917431,0.0,12.965578028838586,6.544756405912575,65.98515960585142,0.0,16.1683713982271,0.0,0.0,0.0,23.343094385562793,11.339293589984397,0.0,22.34226179039182,0.0,0.0,83.12,0.0,9.589074368143644,0.0,18.23518108162902,18.652964303522147,5.563451491696996,0.0,24.52642128014937,30.33183534230805,21.15234991917431,0.0,0.0,0.0,27.196623905666996,2.8188545095877346,6.824289715693764,-0.33184548948392667,3.376329807775064,0.8616015823735883,0.0,0.1875,3,0,0,0,1,4,6,7,0,0,0,2,1.0224999999999989,0,0,0,0,0,1,0,0,0,0,0,0,1,3,0,0,0,0,0,0,0,0,0,0,0,0,0,0,0,0,0,0,0,1,0,0,0,0,0,0,0,0,0,0,0,0,0,0,0,0,0,0,1,0,0,0,0,0,0,0,0,1,0,15,5.987012987012987,2,2,0.0,1383.0,3,0.09956709956709958,0.24935064935064935,0.24935064935064935,0.21510926619247842,0.24935064935064935,0.1727506099469321,0.16924918677112946,0.16924918677112946,0.010498390782755317,0,0,0,0,0,2,0,0.2727272727272727,0.7272727272727273,0.09090909090909091,0.18181818181818182,0.0,0.391304347826087,0.08695652173913043,1,1,0,0,0,1,0,0,0,0,1,0,0,0,0,0,0,0,0,0,0,0,1,0,0,0,0,1,1,0,0,0,0,0,0,0,0,1,0,1,0,1,1,0,0,0,0,1,1,0,0,0,0,1,0,0,1,0,0,0,0,0,0,0,1,0,0,1,1,1,0,0,0,0,1,0,0,1,0,0,1,1,0,0,0,0,1,0,0,0,1,0,0,0,0,0,0,0,0,0,1,0,1,0,0,1,0,0,0,0,0,0,0,1,0,0,0,0,0,0,0,0,1,0,0,1,1,1,0,0,0,0,0,0,0,0,0,0,0,0,0,0,0,0,0,0,0,0,0,0,0,0,0,0,0,0,0,0,0,0,0,0,0,0,0,0,0,0,0,0,0,0,0,0,0,0,0,0,0,0,1,1,0,0,0,0,0,0,0,0,0,0,0,1,0,0,1,1,0,0,0,0,0,0,0,0,0,0,1,0,1,0,0,0,0,0,0,0,1,0,1,0,1,1,0,1,1,0,1,0,0,0,1,0,0,0,0,0,1,1,0,0,0,0,0,1,1,0,0,1,0,0,1,1,0,0,1,1,0,1,1,0,0,0,1,1,1,0,0,0,1,0,0,1,0,1,0,0,0,1,0,1,1,1,1,0,1,1,0,1,1,1,1,1,0
13.281909284949059,0.24756339376379066,-1.0881265098915154,0.6009534602811888,16.870967741935484,424.49700000000024,1.1612903225806452,2.889648087445268,1.7945324142110761,9162357.45256326,10.723575986782238,9.843390348640755,12.586597235060536,0.0,5.907179729351506,0.0,11.938610575903699,24.600309887072275,0.0,0.0,0.0,48.53093654769288,49.80029374325026,5.687386274683562,12.648722793660879,24.227001900856216,23.533176579938768,0.0,5.316788604006331,0.0,44.69070534969059,18.051548101275973,65.72420659954848,0.0,10.216698334856808,5.687386274683562,0.0,0.0,48.18763772881732,31.96211775186753,0.0,30.892283428936633,0.0,0.0,95.94,30.567048640112198,19.49013894705617,0.0,12.514061693864424,31.3706727663876,11.126902983393991,4.899909730850478,19.056471336613843,42.46456947923127,5.316788604006331,4.736862953800049,5.233256382800033,0.0,38.60826462693495,12.529088117037633,2.6113340859377123,-1.8389261445601972,2.18744071413128,1.5633441168019089,0.0,0.375,2,0,1,1,0,5,7,9,0,0,0,3,2.5731,1,0,0,0,0,0,0,0,1,0,0,0,1,1,0,0,0,0,0,0,0,0,0,0,1,2,0,0,1,1,1,0,0,0,0,0,0,0,0,0,0,0,0,0,0,0,0,1,0,0,0,0,0,0,0,0,0,0,0,0,0,0,0,13,5.808602150537634,3,3,0.0,2701.0,3,0.07096774193548386,0.1658138672599184,0.1658138672599184,0.17258944648697225,0.1658138672599184,0.1793541517648402,0.13798427142585332,0.13798427142585332,0.01190080752396154,0,0,0,0,0,2,0,0.22580645161290322,0.7741935483870968,0.16129032258064516,0.06451612903225806,0.0,0.5454545454545454,0.09090909090909091,1,1,0,0,0,1,0,0,0,0,1,0,0,0,0,1,0,0,1,1,0,1,1,0,0,0,1,0,0,0,1,0,1,1,0,0,0,0,1,1,0,0,1,0,1,1,0,1,0,1,0,1,0,0,0,1,0,0,1,1,0,1,0,0,1,0,0,0,0,0,0,0,0,1,1,0,1,0,0,0,1,1,0,0,1,0,1,0,0,1,1,1,0,0,0,0,1,1,0,1,1,0,0,0,0,0,0,0,0,0,0,1,0,0,1,0,0,0,0,0,0,1,0,1,0,1,0,0,0,0,0,0,0,0,0,0,0,0,0,0,0,0,0,0,0,0,0,1,0,0,0,0,0,0,0,0,0,0,0,0,0,0,0,0,0,0,0,0,0,0,0,0,0,0,0,0,0,0,0,0,0,0,0,0,0,0,0,0,0,0,0,0,0,0,0,0,0,0,0,0,0,0,0,1,0,0,0,1,0,0,0,0,0,1,0,0,0,0,1,1,1,0,0,1,0,0,0,0,1,1,0,0,1,1,0,0,0,1,1,1,0,0,1,0,0,1,1,0,0,1,1,1,0,1,1,1,1,0,0,1,1,1,0,1,1,1,1,1,1,0,1,1,1,1,1,1,1,0,1,1,0,1,1,1,1,1,1,1,1,1,1,1,1,1,0
12.71352103804485,0.07825520936361485,-1.4184330971781025,0.3718879665023989,21.35483870967742,462.5130000000001,1.3548387096774193,3.1910059687153867,1.461085055467631,11036106.90682604,8.686572621058625,15.529843393687743,17.11275295517253,6.103966387748303,5.156436481820707,11.814359458703011,5.969305287951849,14.48898409899412,9.476340119217006,0.0,16.860566757692155,42.093720291699164,21.563326213076,18.553379196170766,0.0,24.596666341896878,41.30743464543709,0.0,30.423953269612767,7.04767198267719,22.676116511685713,11.505707213493578,47.165430677130146,0.0,5.316788604006331,0.0,0.0,23.52376989878223,76.02530505755298,21.431283534892653,0.0,11.6674178794453,0.0,0.0,150.54,35.303344776519864,24.596666341896878,0.0,5.697039313055833,27.798699717080545,0.0,33.105482564777894,37.37950732498524,0.0,20.842240603617103,0.0,1.4750332262354962,2.6352371206591636,38.23488843465943,33.617311289883204,0.9012066214725021,-1.7521410152780164,-1.4184330971781025,0.0,1.6771564639164749,0.3333333333333333,3,0,2,2,1,10,13,7,0,1,1,4,-0.2255999999999989,1,1,1,0,0,4,0,0,1,0,0,0,5,1,0,0,0,0,0,0,0,0,0,0,0,1,0,0,1,0,0,0,0,0,0,0,0,0,0,0,0,0,0,0,0,0,0,0,0,0,0,0,0,0,2,0,0,0,1,0,0,0,0,16,6.266666666666667,4,4,0.0,2914.0,3,0.07311827956989249,0.18160919540229883,0.18160919540229883,0.17192977832633002,0.1816091954022988,0.16704198683319607,0.12671940631343281,0.12671940631343281,0.013377481734035274,0,0,0,1,1,2,2,0.41935483870967744,0.5806451612903226,0.16129032258064516,0.1935483870967742,0.06451612903225806,0.5588235294117647,0.11764705882352941,1,1,1,1,0,1,0,1,0,0,1,0,1,0,0,1,0,0,0,0,0,0,0,0,0,0,0,0,0,0,1,0,0,1,0,1,0,0,0,1,1,0,0,0,0,1,0,1,0,0,0,0,0,0,0,0,0,0,1,0,0,1,0,0,1,0,0,1,1,0,0,0,1,1,0,0,0,0,0,0,1,1,0,0,0,1,1,1,0,1,0,1,0,0,0,1,0,0,0,1,1,0,1,0,1,1,0,1,0,0,0,1,0,1,1,0,1,0,0,1,0,1,1,1,0,1,0,1,0,0,0,0,0,0,0,0,1,0,0,1,0,0,0,0,0,0,0,0,0,0,0,0,0,0,0,0,0,0,0,0,0,0,0,0,1,0,0,0,0,0,0,0,0,1,0,1,0,0,1,0,1,0,1,0,0,0,0,1,0,0,0,0,1,1,0,0,0,0,1,0,1,0,0,1,1,1,0,1,1,1,0,1,0,1,0,0,1,0,0,1,1,1,1,1,1,1,1,1,0,1,0,0,0,1,1,0,1,0,1,0,0,0,0,0,0,1,0,0,1,1,1,1,1,1,0,1,0,0,1,1,0,1,0,0,1,1,1,1,1,0,1,1,1,1,1,0,1,0,1,1,1,1,1,1,1,1,1,1,1,1,1,1,1,1,0
11.01442815341625,0.0,-1.256384078450276,0.3027330797465724,20.06896551724138,558.6900000000003,0.6896551724137931,2.5511232416549157,7.839989073015656e-06,676639.5196306166,15.353338055438362,34.809721131578286,0.0,0.0,0.0,0.0,39.94037928675891,19.599638923401912,0.0,0.0,0.0,0.0,6.923737199690624,78.5370768709509,24.01188225160385,74.7501004183372,17.90791586385555,0.0,19.599638923401912,0.0,13.027703587438927,78.5370768709509,0.0,0.0,15.319582184522117,0.0,0.0,0.0,127.2551254407974,14.383611552215466,39.94037928675891,6.923737199690624,0.0,0.0,153.58,24.01188225160385,34.809721131578286,0.0,72.66416131632178,45.81329484138802,0.0,0.0,21.623466392242058,4.899909730850478,0.0,0.0,0.0,0.0,39.869391370285754,42.70616877613492,0.0,-3.6994303957426258,-0.587365921549724,4.044569504205008,0.0,0.8235294117647058,1,0,1,1,0,11,12,8,0,1,1,1,-6.161500000000005,3,1,1,0,0,0,0,0,3,0,1,0,4,0,0,0,0,0,0,0,0,0,0,0,0,0,0,0,0,0,0,0,0,0,0,0,0,0,0,0,0,0,0,0,0,0,0,0,0,0,0,0,0,0,0,0,0,0,0,0,0,0,0,0,0.0,1,1,0.0,inf,3,0.06896551724137931,0.15489874110563767,0.15489874110563767,0.11939293146412959,0.15489874110563767,0.0,0.16493544853156578,0.16493544853156578,0.014632526643260858,0,0,0,0,0,0,1,0.41379310344827586,0.5862068965517241,0.2413793103448276,0.13793103448275862,0.0,0.8928571428571429,0.10714285714285714,0,1,1,0,0,0,0,0,0,0,1,0,0,0,1,0,0,1,0,0,0,1,0,0,1,1,0,1,0,0,1,0,1,1,0,0,0,0,0,1,0,0,0,0,0,0,0,0,0,0,0,0,0,0,0,0,0,0,0,0,0,0,0,0,0,0,0,0,0,0,0,0,1,0,1,1,0,0,0,0,1,1,0,0,0,0,0,0,0,0,0,0,0,0,0,0,0,0,0,1,0,0,0,1,0,0,0,0,0,0,0,0,0,0,0,0,0,0,0,0,0,0,0,0,0,1,0,1,0,0,0,0,0,0,1,0,0,0,0,0,0,0,0,0,0,0,0,0,0,0,0,0,0,0,0,0,0,0,0,0,0,0,0,0,0,0,0,0,0,0,0,0,1,0,0,0,0,1,0,0,0,0,0,0,0,0,0,0,0,0,0,0,0,0,0,0,0,0,0,0,0,0,0,1,0,0,0,1,0,0,0,0,0,1,1,0,0,0,0,1,0,0,0,1,0,0,0,0,1,1,0,0,1,0,0,0,1,0,0,1,0,0,0,1,0,0,1,0,1,1,1,1,0,0,0,0,1,1,0,0,1,0,0,0,1,1,1,1,1,0,1,0,0,0,1,1,1,0,0,0,1,1,1,1,0,1,1,1,1,1,0,0,1,1,1
8.91760169334033,0.150013227513228,-0.150013227513228,0.7407442417149674,10.136363636363637,285.31,0.8181818181818182,3.10385470544475,2.0705579702617833,206195.27579210562,5.903761033825297,0.0,18.696480978677045,0.0,0.0,0.0,0.0,0.0,9.665781456092393,15.62246491777801,0.0,24.26546827384644,35.392371257240434,0.0,23.26534560897854,0.0,0.0,10.523783109476973,14.76446326439343,0.0,6.041840829147961,0.0,83.43938266400995,12.138442625584547,0.0,0.0,0.0,0.0,14.76446326439343,0.0,22.66222573506152,28.29564679593594,0.0,0.0,78.29,0.0,0.0,0.0,6.041840829147961,11.126902983393991,11.126902983393991,6.3273200747645415,35.274591283756166,24.26546827384644,22.221102954832794,10.523783109476973,1.752739984882842,0.0,4.0087005542957925,22.065250155388142,3.213197029041186,0.0,3.140248960695389,0.0,0.0,0.058823529411764705,0,0,0,0,1,5,5,3,0,0,0,3,2.65916,0,0,0,0,0,3,0,0,0,0,0,0,5,0,0,0,0,0,0,0,0,0,0,0,0,0,0,0,0,0,0,0,0,0,0,0,0,0,0,0,0,0,0,0,0,0,0,0,0,0,0,0,0,0,0,0,0,0,0,0,0,0,0,12,4.58008658008658,3,3,0.0,1058.0,3,0.10389610389610392,0.17900432900432903,0.17900432900432903,0.1684790700770521,0.17900432900432903,0.22905928988110016,0.18785581523518413,0.18785581523518413,0.01278989076797984,0,0,0,0,1,3,0,0.22727272727272727,0.7727272727272727,0.0,0.22727272727272727,0.0,0.20833333333333334,0.0,0,1,0,0,0,0,0,0,0,0,0,1,0,0,0,0,0,0,0,0,0,0,1,0,0,0,0,0,0,0,0,0,1,0,1,0,1,0,0,1,0,1,0,1,0,0,0,0,0,1,0,0,0,0,0,0,1,0,0,0,0,1,0,0,0,0,0,1,0,0,0,1,0,0,0,0,0,1,0,0,0,1,0,0,0,1,1,0,0,0,0,0,0,0,0,0,0,0,0,0,1,0,1,0,1,1,0,0,0,0,0,0,1,0,0,0,0,0,0,0,0,0,1,0,0,0,0,0,0,0,0,0,0,0,0,0,0,0,0,0,0,0,0,0,0,0,0,0,0,0,0,0,0,0,0,0,0,0,0,0,0,0,0,0,0,0,0,0,0,1,0,0,0,0,0,0,0,0,0,0,1,0,0,0,0,0,0,0,0,0,0,0,0,1,0,0,0,0,0,0,0,0,0,1,0,1,0,1,1,0,0,1,0,0,0,0,0,0,0,0,0,0,1,0,1,0,0,0,0,0,0,0,0,0,0,0,0,0,0,0,0,0,0,0,0,0,0,0,1,1,1,0,1,1,0,0,0,0,0,0,0,0,0,0,0,1,0,0,0,0,1,0,0,1,0,0,1,0,0,0,0,0,0,0,1,0,1,0,0,1,1,1,0,1,0
12.642141291331857,0.16671081086755657,-0.3320351473922909,0.8325220081385356,14.724137931034482,399.4430000000002,0.9655172413793104,2.947694769244235,2.4141279799484034,3026041.5485159773,8.426176651903862,24.264240419206526,0.0,17.248535499851716,17.08548195453595,0.0,0.0,9.589074368143644,0.0,0.0,0.0,6.06636706846161,47.731098926327846,12.487188691387619,34.48103099425809,23.741988999272017,5.907179729351506,0.0,5.316788604006331,0.0,25.807221274690605,28.439190165110134,45.6156988332128,34.12495031652961,29.693030811107068,0.0,22.99804733313562,0.0,34.34636989446164,11.21535880699783,0.0,30.513302635158585,0.0,11.126902983393991,83.09,0.0,9.589074368143644,0.0,23.127322783683912,35.65363023740073,16.690354475090988,20.099901809429767,27.39575969229421,12.13273413692322,5.316788604006331,18.947451815200196,21.99559367922508,0.0,24.480584714257603,2.9640846245905768,3.0102698780129336,1.6049147560258685,1.2685517447719827,1.4642636159402032,6.141798636835613,0.36363636363636365,1,1,0,1,0,6,7,5,0,0,0,3,2.871600000000001,0,0,0,0,0,0,0,0,0,0,0,0,0,1,0,0,0,0,0,0,0,0,0,0,0,1,0,0,3,0,4,0,0,0,0,0,0,0,0,0,0,4,0,0,0,0,0,0,0,0,0,0,0,0,0,0,0,0,0,0,0,0,0,11,4.788177339901478,3,3,0.0,1944.0,3,0.07635467980295567,0.14030286444079546,0.14030286444079546,0.12295329053486201,0.14030286444079546,0.2179199749424158,0.15620097283164644,0.15620097283164644,0.01502945758902095,0,0,0,0,0,2,0,0.2413793103448276,0.7586206896551724,0.20689655172413793,0.034482758620689655,0.0,0.5161290322580645,0.06451612903225806,1,0,0,1,0,0,1,0,1,1,1,0,0,0,0,0,0,0,1,0,0,0,0,0,1,0,0,0,0,0,1,0,0,1,0,0,1,0,1,1,1,0,0,0,1,1,0,0,0,0,1,0,0,1,0,1,1,0,1,0,0,0,0,1,0,0,0,1,0,0,0,0,0,1,1,0,0,1,0,0,1,1,0,1,1,0,1,0,0,0,0,0,0,0,1,0,1,0,0,0,1,1,0,0,0,0,0,1,0,0,0,0,0,0,0,0,0,1,0,0,0,1,0,1,0,1,0,0,0,0,0,0,0,0,0,0,0,0,0,0,0,0,0,0,0,0,0,1,0,0,0,0,0,0,0,0,0,0,0,0,0,0,0,0,0,0,0,0,0,0,0,0,0,0,0,0,0,0,0,0,0,0,0,0,0,0,0,0,0,0,0,0,0,0,0,0,0,0,0,0,1,0,0,0,0,0,0,0,0,0,0,0,0,0,0,0,0,1,1,0,1,1,0,0,0,0,0,0,0,1,0,0,1,1,0,0,1,0,1,1,0,1,0,0,0,1,1,0,0,0,0,0,0,1,1,1,0,0,0,0,0,1,0,0,1,0,0,0,1,1,0,1,1,0,1,1,0,1,1,1,1,0,1,0,1,1,1,1,1,1,1,1,1,1,0
11.353370260141094,0.09810929232804222,-0.4291253831779629,0.8482399591613494,28.2,275.352,1.45,2.846131654812382,2.003732753667977,43602.73695172569,4.379619614205877,14.953561288656857,5.749511833283905,0.0,0.0,0.0,6.093240070938415,4.899909730850478,4.794537184071822,0.0,0.0,6.923737199690624,37.23104630268502,31.7424771153473,6.165775612134527,9.53140013787187,11.780626345621977,0.0,10.216698334856808,0.0,24.925324904147942,32.58768208479462,23.762552697081826,5.749511833283905,14.953561288656857,10.481923458755384,5.749511833283905,0.0,44.84669776786756,5.41499046939678,0.0,18.90801031431363,0.0,0.0,44.81,6.093240070938415,4.794537184071822,0.0,5.41499046939678,11.915287445418432,12.965578028838586,11.250837766380558,7.04767198267719,18.19910120538483,36.13568923075229,4.736862953800049,5.262191279289493,0.0,16.06694885361552,2.4730301240866717,2.60186826814059,0.6045630196523053,1.0730265022675733,3.387549288233812,5.863928768266566,0.5333333333333333,1,0,2,2,0,4,5,1,0,1,1,3,1.7739,0,0,0,0,0,0,0,0,0,0,0,0,2,1,0,0,2,1,0,0,0,0,0,0,1,0,0,0,3,0,1,0,0,0,0,0,0,0,0,0,0,0,0,0,0,0,0,0,0,0,0,0,0,0,0,0,0,0,0,0,0,0,0,10,4.0,3,3,0.0,760.0,4,0.11578947368421053,0.16666666666666663,0.16666666666666663,0.15125437036089848,0.16666666666666666,0.26102470929651755,0.18397271944690524,0.18397271944690524,0.019667728984694634,0,0,0,0,2,1,1,0.25,0.75,0.1,0.15,0.0,0.6818181818181818,0.045454545454545456,1,1,0,0,1,0,0,0,0,0,1,0,0,0,0,1,0,0,0,0,0,0,1,0,0,0,0,0,0,0,1,0,0,1,1,0,1,0,0,1,0,0,0,1,1,0,0,0,0,0,0,0,0,0,0,1,0,0,0,0,1,0,1,1,0,1,1,0,0,0,0,0,1,0,0,0,1,0,1,0,0,1,0,0,0,0,1,0,0,1,0,0,1,0,1,0,0,1,0,0,1,0,1,0,1,0,0,1,0,1,1,0,0,0,0,0,0,0,0,0,0,1,1,1,0,1,0,0,0,0,0,0,0,0,0,0,0,0,0,0,0,0,0,0,0,0,0,0,0,0,0,1,0,0,0,0,0,0,0,0,0,0,0,0,0,0,1,0,0,0,0,0,0,0,0,0,0,0,0,0,0,0,0,0,0,0,0,0,0,0,0,0,0,0,1,0,0,0,0,0,0,0,0,1,0,1,0,0,0,0,0,1,0,1,1,0,0,0,0,0,0,1,0,0,1,0,0,0,1,1,0,0,0,1,1,0,1,0,1,1,1,1,0,1,1,1,1,0,1,1,1,1,0,0,1,1,0,0,0,0,0,0,0,1,0,1,0,0,0,1,1,1,1,0,0,1,1,1,0,1,1,1,1,0,1,1,1,1,1,1,1,1,1,1,0
13.125483518272116,0.1376510348234279,-4.60591713382884,0.7541053298167572,12.346153846153847,381.3790000000001,1.0,3.002355186183017,2.160670373157657,574866.9522088347,6.257288917142293,0.0,0.0,5.693927994848461,10.023291153407584,0.0,6.176298517443475,0.0,18.238573657082064,18.269926951325495,0.0,29.828919765543436,37.255572541998674,5.563451491696996,16.276797745049798,21.589042127353398,10.023291153407584,0.0,9.780484743446223,5.138973737607942,17.995519192651873,0.0,65.85468310269995,16.944765761229018,5.138973737607942,13.171245143024459,0.0,0.0,18.19828172777516,16.199589670851058,6.923737199690624,11.257379486545457,0.0,16.944765761229018,77.98,21.89351766569952,21.589042127353398,0.0,16.276797745049798,5.563451491696996,16.31162149530379,24.26546827384644,24.26546827384644,6.923737199690624,5.098681808301038,5.138973737607942,63.188196062459355,0.0,-0.1376510348234279,8.696206250372224,0.9955943825277807,0.0,-4.60591713382884,1.8692489037768758,-3.8965234053714837,0.11764705882352941,2,0,0,0,1,4,9,3,0,0,0,3,3.5139200000000006,0,0,0,0,0,2,0,0,0,0,0,0,2,0,1,0,0,0,0,0,0,3,0,0,0,1,0,0,0,0,0,0,0,0,0,0,0,0,0,0,0,0,0,0,0,0,0,0,0,0,0,0,0,0,0,1,0,0,0,0,0,0,0,12,5.0892307692307694,3,3,0.0,1654.0,4,0.08615384615384616,0.1703846153846154,0.1703846153846154,0.15486091615723188,0.1703846153846154,0.20560182063373633,0.16735191083153517,0.16735191083153517,0.01646104275108756,0,0,0,0,1,3,0,0.34615384615384615,0.6538461538461539,0.07692307692307693,0.11538461538461539,0.038461538461538464,0.32142857142857145,0.07142857142857142,1,0,0,0,0,0,0,0,1,0,1,0,0,0,0,0,0,0,0,1,0,0,0,0,0,0,1,0,1,0,0,1,1,1,0,0,1,0,1,1,0,1,0,0,0,1,0,0,1,0,0,0,0,0,0,0,0,0,1,0,1,0,0,1,0,1,0,0,1,0,0,1,0,0,0,1,0,0,0,0,0,1,0,0,0,0,1,0,0,0,0,0,0,0,1,0,0,0,0,0,1,0,0,0,0,1,0,1,0,0,0,0,1,1,1,0,0,0,0,1,0,0,1,0,0,0,0,0,0,0,0,0,0,0,0,0,0,0,0,0,0,0,0,0,0,0,0,0,0,0,0,0,0,0,0,0,0,0,0,0,1,1,0,0,0,0,0,0,0,0,1,0,0,0,0,0,0,0,0,1,1,0,0,1,0,0,1,1,1,1,1,0,1,1,0,1,0,1,0,0,0,1,0,1,0,0,0,0,1,1,0,1,1,0,0,0,1,0,0,0,0,0,1,0,1,0,0,0,0,0,1,0,0,0,1,1,0,0,0,0,1,0,0,0,0,1,0,0,1,1,1,0,1,1,0,0,0,0,1,0,0,1,1,1,1,1,0,0,0,0,1,0,1,1,0,0,1,0,1,1,0,0,0,0,1,0,1,1,1,1,1,1,1,1,0
6.482111678004536,0.4553327349458298,-0.4553327349458298,0.7227145221154115,20.875,343.898,1.0833333333333333,3.0106700482585884,1.7824946153031798,408006.0049400039,7.689383736353432,9.636772684650527,5.601050810983688,0.0,0.0,0.0,0.0,0.0,0.0,0.0,0.0,54.06550936946379,63.03826757737562,17.671356107402204,0.0,4.736862953800049,11.600939890232516,0.0,4.899909730850478,0.0,37.8290937086003,20.199310353102682,70.74683991328982,0.0,0.0,0.0,0.0,11.600939890232516,31.141060913101125,10.337913764783737,0.0,37.31310505186264,5.022633313741326,0.0,12.47,5.601050810983688,0.0,0.0,0.0,6.041840829147961,23.61378839287725,24.94985114346159,0.0,18.19910120538483,55.26952132398795,16.337802844032566,6.482111678004536,6.067916594872312,2.44990824291149,0.7516130479969769,1.8548297745023945,0.0,3.656422263575192,4.115838619653555,2.215530079188088,0.42857142857142855,0,0,1,1,0,2,3,6,0,1,1,3,5.104400000000005,0,0,0,0,0,0,0,0,0,0,0,0,1,0,0,0,0,1,0,0,0,0,0,0,0,0,0,0,0,0,1,0,0,0,0,0,0,0,0,0,0,0,0,0,0,0,0,0,0,0,0,0,0,0,0,0,0,0,0,0,0,0,0,11,4.934782608695652,3,3,0.0,1362.0,4,0.09420289855072463,0.17885375494071143,0.17885375494071143,0.1922311403581835,0.17885375494071143,0.21149322998506268,0.16628793849275786,0.16628793849275786,0.013860628267079888,0,0,0,0,1,2,1,0.125,0.875,0.041666666666666664,0.041666666666666664,0.0,0.5384615384615384,0.0,0,1,0,0,1,1,0,0,1,1,0,0,0,1,0,0,1,0,0,1,0,0,0,0,0,0,0,0,0,0,1,0,0,1,0,0,1,0,0,1,0,0,0,0,0,1,1,1,1,1,1,0,0,0,0,1,0,0,0,0,0,0,1,0,1,0,0,0,0,0,0,0,1,1,0,0,0,0,0,0,1,1,0,0,0,0,1,1,1,0,0,0,0,0,0,0,0,1,0,1,1,0,1,0,0,0,0,0,0,0,0,0,0,1,1,0,0,0,0,0,0,1,1,1,0,0,0,0,0,0,0,0,0,0,0,0,0,0,0,0,0,0,0,0,0,0,0,0,0,0,0,0,0,0,0,0,0,0,0,0,0,0,0,0,0,0,0,0,0,0,0,0,0,0,0,0,0,0,0,0,0,0,0,0,0,0,0,0,0,0,0,0,0,0,1,0,0,0,0,0,0,0,0,1,0,0,0,0,0,0,0,1,0,1,1,1,0,0,0,0,0,1,0,0,1,1,0,0,1,0,0,1,0,0,0,1,1,1,0,1,1,0,0,1,1,0,1,0,0,1,1,0,0,1,1,0,1,1,0,0,1,0,1,0,0,1,1,0,0,0,0,0,0,1,0,1,1,1,1,0,1,1,0,1,1,1,1,0,1,1,1,1,1,1,0
12.987203404509952,0.17023930251112773,-0.9547112899593058,0.7678065120522066,10.84,357.793,1.16,2.856211887899643,2.232371733378278,468921.44290781184,6.607181634243952,9.843390348640755,5.749511833283905,0.0,0.0,5.907179729351506,5.969305287951849,14.156174015934997,0.0,0.0,0.0,11.600939890232516,54.95175817061889,21.66623701475158,19.047319881819803,19.4324647167844,34.380349839616926,0.0,4.567099647791355,0.0,13.344558822616634,7.109797541277533,64.30803377121505,5.749511833283905,4.736862953800049,0.0,5.749511833283905,11.600939890232516,28.65990960121295,11.21535880699783,6.923737199690624,21.615368162314272,5.022633313741326,10.902924932081056,68.53,5.969305287951849,14.69560176298435,0.0,12.328001352277514,38.49590105734874,0.0,4.567099647791355,56.49810422019942,0.0,0.0,16.337802844032566,6.771390964635012,5.886218622440131,24.25277154793659,10.472007186275015,2.3249163394781793,-0.5832270646754765,-0.17023930251112773,1.7485792845944963,1.5424111115335168,0.15789473684210525,1,0,0,0,1,4,6,4,0,0,0,3,3.9273200000000026,1,0,0,0,0,1,0,0,1,0,0,0,1,0,0,0,0,0,0,0,0,0,0,0,0,0,0,0,1,0,1,0,0,0,0,0,0,0,0,0,0,1,0,0,0,0,0,0,0,0,0,0,0,0,0,0,0,0,0,0,0,0,0,12,4.746666666666667,3,3,0.0,1424.0,3,0.09,0.1628985507246377,0.1628985507246377,0.14824280564867576,0.1628985507246377,0.22093685195929802,0.16187934974878815,0.16187934974878815,0.015800815024539505,0,0,0,0,1,3,0,0.24,0.76,0.16,0.04,0.0,0.3333333333333333,0.07407407407407407,1,0,1,0,0,1,0,0,0,0,1,0,0,1,0,0,0,1,1,1,0,0,0,0,0,0,0,0,0,0,0,0,0,1,0,0,0,0,0,1,0,0,0,0,0,1,1,0,1,1,0,0,1,0,0,1,0,0,1,0,1,0,0,0,0,0,1,0,0,1,0,0,0,1,0,0,1,1,1,0,1,1,0,0,0,0,1,0,1,0,1,0,0,0,0,0,1,1,0,0,1,1,1,1,0,1,0,1,0,0,0,1,0,0,1,0,1,0,0,0,0,0,0,0,0,1,0,0,0,0,0,0,0,0,0,0,0,0,0,0,0,0,0,0,0,0,0,0,0,0,0,0,0,0,0,0,0,0,0,0,0,0,0,0,0,0,0,0,0,0,0,0,0,0,0,0,0,0,0,0,0,0,0,0,0,0,0,0,0,0,0,0,0,1,0,0,0,0,0,0,0,0,0,1,0,0,0,0,0,0,0,1,0,1,0,1,0,0,0,0,1,1,0,0,1,0,0,0,0,1,0,1,1,1,0,1,0,0,1,0,0,1,0,0,1,1,0,0,0,1,1,1,0,1,1,1,0,0,0,0,1,0,1,0,1,1,0,1,1,0,0,1,1,1,1,0,1,1,1,0,1,0,1,1,1,1,1,1,1,1,1,1,1,1,0
5.903753306878307,0.20561437949665495,0.20561437949665495,0.8561371493463951,10.470588235294118,248.71700000000004,1.1176470588235294,2.295831446398301,2.6135116574993575,7328.293976903377,4.590610960583782,11.46733495432437,5.817862777835028,0.0,5.948339280986494,0.0,0.0,0.0,4.9839785209472085,4.9839785209472085,0.0,30.657411226846357,24.117007251546223,10.586084805438322,5.693927994848461,0.0,23.367141949054037,0.0,9.967957041894417,0.0,13.344558822616634,11.46733495432437,34.982029582436226,11.126902983393991,11.46733495432437,11.766202058821523,0.0,11.600939890232516,9.967957041894417,6.4208216229260096,0.0,12.617665194539086,5.022633313741326,11.126902983393991,77.82,0.0,0.0,0.0,5.948339280986494,10.840496091576355,23.24165260116846,0.0,0.0,31.18920547353706,9.967957041894417,23.068274844556885,0.0,5.855308650723663,8.197384731670446,0.682160441337029,14.110988021751911,0.6053110915147957,0.7449203987150417,2.0006267146776406,0.0,0.16666666666666666,4,0,0,0,1,4,5,2,0,0,0,2,2.5238000000000005,0,0,0,2,0,2,0,0,0,0,0,0,2,0,2,0,0,0,0,0,0,0,0,0,2,1,0,0,0,0,0,0,0,0,0,0,0,0,0,0,0,0,0,0,0,0,0,0,0,0,0,0,0,0,0,0,0,0,0,0,0,0,0,9,3.661764705882353,2,2,0.0,498.0,3,0.1323529411764706,0.17745098039215687,0.17745098039215687,0.16875565122181913,0.17745098039215687,0.28428189763458706,0.21811414119990497,0.21811414119990497,0.018240986732106505,0,0,0,0,0,2,0,0.29411764705882354,0.7058823529411765,0.0,0.23529411764705882,0.0,0.3333333333333333,0.0,1,0,0,0,0,0,0,1,1,0,1,0,0,0,0,0,0,1,0,1,0,0,0,0,0,1,0,0,0,0,0,0,0,1,0,0,0,0,1,0,0,0,1,0,0,0,1,0,1,1,0,1,0,0,0,0,0,0,0,0,0,1,0,1,0,0,0,0,0,0,0,0,0,0,0,0,0,0,0,0,1,1,1,1,0,0,1,0,1,0,0,0,0,0,0,0,0,0,0,0,1,0,0,0,1,1,0,0,0,0,0,0,1,0,0,0,0,0,0,0,0,0,1,0,0,0,0,0,0,0,0,0,0,0,0,0,0,0,0,0,0,0,0,0,0,0,0,0,0,0,0,0,0,1,0,0,0,0,0,0,0,0,0,0,0,0,1,0,0,0,0,0,0,0,0,0,0,0,0,0,0,1,0,0,0,0,0,0,0,0,1,0,0,1,0,0,0,0,0,0,0,0,0,0,0,1,0,0,1,0,0,0,1,0,0,1,0,0,0,1,0,0,0,0,0,0,1,0,0,0,0,1,0,0,1,1,0,0,0,1,0,0,1,0,0,0,0,0,1,1,0,0,0,1,0,0,0,0,0,1,0,1,1,1,0,1,0,0,0,0,1,0,1,1,0,0,0,0,1,1,0,0,0,1,1,0,1,0,1,1,1,1,0,1,0
14.112474962207104,0.05564814814814789,-1.6952546296296296,0.7515159753061997,11.772727272727273,306.276,1.0,3.1162095051325753,2.0062012637427222,150450.59490780073,5.6024467573223475,5.106527394840706,42.54477279213365,0.0,0.0,0.0,0.0,0.0,28.11239300753443,10.197363616602075,0.0,6.06636706846161,6.06636706846161,11.629818560158606,13.08951281182515,13.887357490190345,0.0,0.0,29.52892652878686,0.0,18.69056362280884,0.0,60.70627467823178,0.0,0.0,8.78083009534964,0.0,0.0,34.635453923627566,18.69056362280884,11.63444168209179,5.563451491696996,0.0,0.0,81.64999999999999,17.235492493075476,13.887357490190345,0.0,18.652964303522147,0.0,12.13273413692322,40.739253237810146,0.0,0.0,20.16532065849649,0.0,29.947713687326782,0.0,7.57163055345595,18.772242378432857,-1.7509027777777775,-1.5621830645838575,5.398096917779457,-0.14799130763416501,0.0,0.23076923076923078,1,0,0,0,2,7,9,5,0,0,0,3,0.7357999999999993,0,1,0,0,0,6,0,0,0,0,0,0,6,0,0,0,0,0,0,0,0,0,0,0,0,0,0,0,0,0,0,0,0,0,0,0,0,0,0,0,0,0,0,0,0,0,0,0,0,0,0,0,0,0,0,0,0,0,0,0,0,0,0,9,4.329004329004329,3,3,0.0,1000.0,4,0.10389610389610388,0.1664502164502165,0.1664502164502165,0.18958654399465402,0.1664502164502165,0.24100281625062522,0.18600450616029773,0.18600450616029773,0.014682147550860634,0,0,0,0,2,3,0,0.4090909090909091,0.5909090909090909,0.045454545454545456,0.2727272727272727,0.0,0.3333333333333333,0.0,1,0,1,1,0,0,1,0,1,0,0,1,0,0,0,0,0,0,0,1,0,0,0,0,0,0,1,0,0,0,0,0,0,0,0,1,1,1,0,1,1,0,0,1,0,0,0,0,1,0,0,0,1,1,0,0,0,0,0,1,0,0,0,0,0,0,0,1,0,0,0,0,0,0,0,0,0,0,0,1,1,1,0,0,0,0,1,0,0,0,0,0,0,0,0,0,0,0,0,0,1,0,0,0,0,1,0,1,0,0,0,1,0,0,1,0,1,0,0,0,0,0,1,0,0,0,0,0,0,0,0,0,0,0,0,0,0,0,0,0,0,0,0,0,0,0,0,0,0,0,0,0,0,0,0,0,0,0,0,0,0,0,0,0,0,0,0,0,0,0,1,0,0,0,0,0,0,0,0,0,1,0,0,0,0,0,0,0,0,0,0,0,0,1,1,0,0,0,0,0,0,0,0,1,0,1,0,1,1,0,0,1,0,0,0,1,0,0,0,0,0,0,1,1,1,1,0,0,1,0,0,0,1,0,0,1,0,0,0,1,1,0,0,0,0,0,0,0,1,1,1,0,1,1,0,0,0,0,1,0,1,0,1,0,0,1,1,1,0,0,1,0,1,0,0,0,1,0,1,0,1,1,0,1,1,1,1,0,0,1,1,1,1,1,0
6.135091818196514,0.2773948097757617,0.2773948097757617,0.5626410757187412,16.785714285714285,390.9580000000002,0.7857142857142857,2.7179472790408608,1.4846645895591981,3439660.1277282545,8.914318602802975,0.0,0.0,0.0,0.0,0.0,0.0,9.799819461700956,0.0,0.0,0.0,83.89442913500723,35.74682581170483,37.7464153433042,6.041840829147961,0.0,11.600939890232516,0.0,9.799819461700956,0.0,19.51033443475116,26.1790256236503,106.13921117053027,0.0,0.0,0.0,0.0,11.600939890232516,35.97884508535126,6.544756405912575,6.923737199690624,28.29564679593594,5.022633313741326,0.0,6.48,0.0,0.0,0.0,6.041840829147961,0.0,37.7464153433042,22.253805966787983,0.0,12.13273413692322,83.45359441446931,11.600939890232516,0.0,6.135091818196514,5.1671655853699505,0.7903106716972715,5.39672907045153,0.0,0.0,7.502199261621459,0.0,0.28,0,0,1,1,0,2,3,5,0,1,1,4,5.555620000000006,0,0,0,0,0,0,0,0,0,0,0,0,2,0,0,0,0,0,0,0,0,0,0,0,0,1,0,0,0,0,0,0,0,0,0,0,0,0,0,0,0,0,0,0,0,0,0,0,0,0,1,0,0,0,0,0,0,0,0,0,0,0,0,14,5.7592592592592595,4,4,0.0,2177.0,3,0.08201058201058199,0.18304843304843302,0.18304843304843302,0.1681163881523725,0.18304843304843302,0.1814835733135347,0.15912101198246217,0.15912101198246217,0.010315245701429629,0,0,0,0,0,3,1,0.10714285714285714,0.8928571428571429,0.0,0.07142857142857142,0.0,0.41935483870967744,0.0,0,1,0,0,0,1,0,0,0,0,0,0,0,0,0,1,1,0,0,1,0,0,0,0,0,0,0,0,0,0,1,1,0,1,0,0,0,0,0,1,0,1,1,0,0,1,1,1,1,1,0,0,0,0,0,0,0,0,1,0,0,1,0,0,1,0,0,1,0,0,0,0,1,0,1,0,0,1,0,0,1,1,0,0,1,1,1,0,1,0,1,1,0,0,0,0,0,0,0,0,1,1,0,0,1,0,0,1,0,0,0,0,0,1,0,0,0,1,0,0,0,0,0,0,0,0,0,1,0,0,0,0,0,0,0,0,0,0,0,0,0,0,0,0,0,0,0,0,0,0,0,0,0,0,0,0,0,0,0,0,0,0,0,0,0,0,0,0,0,0,0,0,0,0,0,0,0,0,0,0,0,0,0,0,0,0,0,0,0,0,0,0,0,0,0,0,0,0,0,0,0,0,0,1,0,0,0,1,0,0,0,0,0,1,1,1,0,0,0,0,0,0,0,0,0,0,1,0,1,0,0,1,0,0,0,1,1,0,0,1,0,0,0,0,0,0,1,0,1,1,1,0,0,1,0,0,1,1,0,0,0,0,1,0,0,1,1,0,0,0,1,0,0,1,0,1,1,0,0,0,0,1,0,1,1,0,1,0,1,1,1,1,0,1,0
14.07322487429698,0.09355494927284203,-1.9944057547695055,0.2378725059837351,49.745098039215684,733.9370000000002,0.8823529411764706,3.051689271018922,2.183066335168143,26903252120.26668,17.014478793825404,58.85372442785429,29.696194920593534,12.580053458670426,0.0,0.0,5.969305287951849,9.589074368143644,0.0,0.0,0.0,27.694948798762496,74.90023203227615,37.32617813183568,47.639839606870275,63.542889065147456,11.75255023431679,0.0,4.899909730850478,23.671624184645573,179.17743631136617,21.205141506631914,0.0,0.0,0.0,0.0,0.0,0.0,147.64701626875856,38.010252090943936,23.671624184645573,94.92065848861026,0.0,0.0,193.91,107.53514502482197,35.12171134234717,0.0,31.40827208567429,6.4208216229260096,0.0,27.881009140349406,41.54242319814374,25.918990895895483,0.0,28.421177722800294,37.053620667495466,0.0,29.75921155686774,57.610189695505454,-4.839054123328079,-4.976776577237158,-9.707663812251559,16.331179639911554,5.176381083672508,0.9459459459459459,5,0,3,3,0,14,14,7,0,3,3,3,1.785600000000004,0,5,3,0,0,0,0,0,0,0,0,0,1,0,0,0,1,0,0,0,0,0,0,0,0,0,0,0,0,1,6,0,0,0,0,0,0,0,1,1,1,1,0,0,0,0,0,0,0,0,0,0,0,0,0,0,0,0,0,0,0,0,0,14,6.934901960784313,3,3,0.0,8842.0,4,0.041568627450980396,0.1211204481792717,0.1211204481792717,0.14118201192508661,0.1211204481792717,0.14906697347349668,0.12343208336220428,0.12343208336220428,0.013481520721051868,0,0,0,0,0,0,3,0.27450980392156865,0.7254901960784313,0.2549019607843137,0.0196078431372549,0.0,0.9622641509433962,0.03773584905660377,0,1,1,0,1,0,0,0,0,1,1,1,1,1,0,1,1,0,0,1,0,1,1,1,1,0,0,0,0,1,1,0,0,1,0,0,1,0,1,1,0,0,1,1,0,1,1,1,1,0,0,0,0,0,1,1,0,0,1,0,0,1,0,0,1,1,0,0,0,0,0,1,0,1,0,0,0,0,1,1,1,0,1,1,0,0,1,0,0,0,0,0,0,1,0,0,0,0,0,1,1,1,0,1,0,1,0,0,0,0,1,0,0,1,1,1,0,0,1,1,1,0,1,1,1,0,0,0,0,0,0,0,0,0,0,0,0,0,0,0,0,0,0,0,0,0,0,0,0,0,0,0,0,0,0,0,0,0,0,0,0,0,0,0,0,0,0,0,0,0,0,0,0,0,0,0,0,0,0,0,0,0,1,0,0,1,0,0,0,0,0,0,0,0,1,0,0,0,0,0,1,0,1,0,0,0,0,0,0,0,0,0,0,1,1,0,0,1,1,1,0,1,0,1,0,1,1,0,0,1,0,0,1,0,0,0,1,0,0,1,1,0,1,1,1,0,0,0,1,0,1,1,0,0,1,1,0,0,0,1,1,1,0,0,1,1,0,1,1,1,0,1,0,1,1,0,1,1,1,0,1,0,1,1,1,1,1,1,1,1,0,1,1,1,0
14.174015769358707,0.1107890752592231,-1.964602514028765,0.2658294280815995,49.01923076923077,747.9640000000002,0.8461538461538461,3.0876165198947456,2.2219520946543754,47935039872.76935,17.659166368284723,58.484059986813634,29.696194920593534,12.580053458670426,0.0,0.0,5.969305287951849,9.589074368143644,0.0,0.0,0.0,27.694948798762496,74.90023203227615,44.43597567311321,47.639839606870275,63.1732246241068,11.75255023431679,0.0,4.899909730850478,23.671624184645573,179.17743631136617,28.314939047909448,0.0,0.0,0.0,0.0,0.0,0.0,149.65028641519538,42.747115044743985,23.671624184645573,94.92065848861026,0.0,0.0,182.91,101.75190007845703,30.015183947506465,0.0,37.19151703203923,6.4208216229260096,0.0,21.14333228224569,48.46616039783436,32.842728095586104,0.0,33.15804067660034,43.86754276257445,0.0,30.070550212700443,45.554949847812736,-4.244220018389807,-4.469379090464671,-8.729879224204524,17.05158608857152,6.765333810539196,0.9473684210526315,4,0,3,3,0,14,14,8,0,3,3,3,2.439700000000004,0,4,3,0,0,0,0,0,0,0,0,0,1,0,0,0,1,0,0,0,0,0,0,0,0,0,0,0,0,1,7,0,0,0,0,0,0,0,1,1,1,2,0,0,0,0,0,0,0,0,0,0,0,0,0,0,0,0,0,0,0,0,0,14,6.9389140271493215,3,3,0.0,9201.0,4,0.04072398190045248,0.11877828054298643,0.11877828054298643,0.13997138707075227,0.11877828054298643,0.14898349532625904,0.12061110461056274,0.12061110461056274,0.013330638327489647,0,0,0,0,0,0,3,0.2692307692307692,0.7307692307692307,0.25,0.019230769230769232,0.0,0.9629629629629629,0.037037037037037035,0,1,1,0,1,0,0,0,0,1,1,1,1,1,0,1,1,0,0,1,0,1,1,0,1,1,0,0,0,1,1,0,0,1,0,0,1,0,1,1,0,0,1,1,0,1,1,1,1,0,0,0,0,0,1,1,0,0,1,0,0,1,0,0,1,1,0,0,0,0,0,1,0,1,0,0,0,0,1,1,1,0,1,1,0,0,1,0,0,0,1,0,0,1,0,0,0,0,0,1,1,1,0,1,0,1,0,0,0,0,1,0,0,1,1,1,0,0,1,1,0,0,1,1,1,0,0,0,0,0,0,0,0,0,0,0,0,0,0,0,0,0,0,0,0,0,0,0,0,0,0,0,0,0,0,0,0,0,0,0,0,0,0,0,0,0,0,0,0,0,0,0,0,0,0,0,0,0,0,0,0,0,1,0,0,1,0,0,0,0,0,0,0,0,1,0,0,0,0,0,1,0,1,0,0,0,0,0,0,0,0,0,0,1,1,0,0,1,1,1,0,1,0,1,0,1,1,0,0,1,0,0,0,0,0,0,1,0,0,1,1,0,1,1,1,0,0,0,1,0,1,1,0,0,1,1,0,0,0,1,1,1,0,0,1,1,0,1,1,1,0,1,0,1,1,0,1,1,1,0,1,0,1,1,1,1,1,1,1,1,0,1,1,1,0
12.324445861678004,0.011961083816242501,-1.1511841037282962,0.5597037383059922,23.6,363.3950000000001,1.36,2.584810714478698,1.7068590078804566,328694.86969596916,6.413498790959588,21.263510870849927,28.9041056176044,0.0,5.907179729351506,5.907179729351506,5.969305287951849,14.48898409899412,4.794537184071822,0.0,11.761884949391115,12.13273413692322,30.193027358380107,5.752853606746789,0.0,24.596666341896878,29.545549696045974,0.0,10.216698334856808,5.733667477162185,24.381291670955285,5.752853606746789,41.09906360866854,5.749511833283905,11.050456081168516,0.0,5.749511833283905,11.761884949391115,50.06519651605024,14.383611552215466,0.0,18.52902952053558,0.0,0.0,132.96,35.24121921791952,24.596666341896878,0.0,11.446551146339738,16.889409628513054,0.0,40.92726295408803,6.923737199690624,0.0,5.316788604006331,5.733667477162185,0.0,1.4008415187572834,37.21878264040927,20.71792061674096,7.001584855707332,-1.6070106627286935,0.0,1.673209421525203,0.0,0.3125,5,0,2,2,0,6,9,4,0,1,1,3,0.15050000000000108,1,0,0,0,0,0,0,1,1,0,0,0,1,1,1,0,0,0,0,0,0,0,0,0,0,0,0,0,1,0,0,0,0,0,0,0,0,0,0,0,0,0,0,0,0,0,0,0,0,0,0,0,0,0,1,0,0,0,0,0,0,0,0,13,5.233333333333333,3,3,0.0,1570.0,3,0.09,0.18405797101449278,0.18405797101449278,0.18537463179540378,0.18405797101449273,0.19842673537880612,0.1495107275161305,0.1495107275161305,0.016642320777508976,0,0,0,1,0,1,2,0.36,0.64,0.2,0.12,0.04,0.6296296296296297,0.14814814814814814,1,1,1,1,0,1,0,0,0,0,1,0,0,0,0,0,0,0,1,1,0,0,0,0,0,0,0,0,0,0,1,0,0,1,0,1,0,0,0,1,1,0,0,0,0,0,0,0,0,0,1,0,0,0,0,0,0,0,1,0,0,1,0,0,0,0,1,0,0,1,0,0,1,1,0,0,0,0,0,0,0,1,0,0,0,1,1,0,0,0,1,1,0,0,0,1,0,0,0,0,1,0,1,0,0,1,0,0,0,0,0,0,0,1,1,0,0,0,0,0,0,0,0,1,0,1,0,1,0,0,0,0,0,0,0,0,1,0,0,1,0,0,0,0,0,0,0,0,0,0,0,0,0,0,0,0,0,0,0,0,0,0,0,0,1,0,0,0,0,0,0,0,0,1,0,1,0,0,1,0,0,0,1,0,0,0,0,0,0,0,0,0,0,0,0,0,0,0,0,0,0,0,0,0,1,0,0,1,0,1,0,0,1,1,0,0,1,0,0,1,1,0,0,1,0,1,1,1,0,1,0,0,0,1,0,0,0,0,1,0,0,1,0,1,0,1,0,0,1,1,1,1,0,0,0,1,0,0,0,1,0,1,0,0,1,1,0,1,1,0,1,1,0,1,1,0,1,0,1,1,1,1,1,0,1,1,1,1,1,1,1,1,1,1,0
11.494616318540068,0.439207818930041,-3.36574489581186,0.48770792549107883,11.5,393.46800000000013,0.8928571428571429,2.672182023408645,1.8513672623370376,2381876.16838553,7.011523240777923,10.05365155780638,5.749511833283905,0.0,10.023291153407584,0.0,0.0,4.722094864452088,13.401775505276145,0.0,0.0,36.39820241076966,24.26546827384644,16.838815497391202,41.461126984072145,13.154659938128987,48.89129984162038,0.0,4.9839785209472085,0.0,0.0,23.404450193247357,66.73003775307771,5.749511833283905,14.775746422258468,17.062158824050687,5.749511833283905,0.0,26.767342230065083,10.023291153407584,0.0,0.0,0.0,21.805849864162113,80.32,10.023291153407584,8.417796984328938,0.0,0.0,11.436898107967467,39.43639159704064,0.0,25.30889874666236,48.53093654769288,10.038883468458419,9.720841474747257,30.933746811194325,0.0,4.729025207279626,5.432445908919123,3.858133225442254,0.526504157218443,1.1119843258826845,0.0,-1.8166355483691794,0.09523809523809523,2,0,0,0,1,5,7,5,0,0,0,4,4.511700000000003,0,0,0,0,0,1,0,0,0,0,0,0,1,2,0,0,0,0,0,0,0,0,0,0,3,0,0,0,2,0,1,0,0,0,0,0,0,0,0,0,0,1,0,0,0,0,0,2,0,0,0,0,1,0,0,1,0,0,0,0,0,0,0,12,5.298941798941799,4,4,0.0,2003.0,4,0.08201058201058199,0.16534391534391535,0.16534391534391535,0.165717502316206,0.16534391534391535,0.1962400627408809,0.15591139981765934,0.15591139981765934,0.013115835106630256,0,0,0,0,0,4,0,0.25,0.75,0.10714285714285714,0.10714285714285714,0.03571428571428571,0.22580645161290322,0.06451612903225806,1,0,0,0,0,1,0,0,0,0,1,0,0,0,0,0,0,0,0,0,1,0,0,0,1,1,0,0,0,0,0,0,0,1,0,0,0,1,1,0,0,0,0,0,0,0,0,1,0,0,1,0,1,0,0,1,0,0,0,0,1,1,0,1,1,1,0,0,1,0,0,0,1,1,0,1,0,1,0,0,0,1,0,0,0,0,1,0,0,0,0,0,0,0,1,0,0,0,0,0,1,0,0,0,1,0,0,1,0,0,0,0,0,0,0,0,0,0,1,0,0,1,1,1,0,1,0,0,0,0,0,0,0,0,0,0,0,0,0,0,0,0,0,0,0,0,0,0,0,0,0,0,0,0,0,0,0,0,0,0,1,1,0,0,0,0,0,0,0,0,0,0,0,0,0,0,0,0,0,1,0,0,0,1,0,0,1,0,1,1,0,0,0,1,0,1,0,1,0,0,0,1,0,0,0,0,0,0,1,0,0,0,0,0,0,0,1,0,0,0,0,1,1,1,0,1,1,0,0,1,1,0,0,1,1,0,0,0,0,0,1,1,0,0,0,1,0,0,0,1,0,0,1,1,1,1,0,0,1,1,0,1,0,1,1,1,0,0,0,0,1,1,1,1,1,0,1,1,1,1,1,0,0,0,1,1,1,1,1,1,1,1,1,1,0
12.42388109410431,0.062164588057445735,-0.593246645880575,0.6618093940597772,37.45454545454545,303.358,1.3181818181818181,3.2706250854574517,1.4200028178766766,257123.46171832303,5.333924974919479,14.580253302440804,24.2298052094063,0.0,0.0,0.0,5.969305287951849,9.694446914922299,0.0,0.0,0.0,30.33183534230805,12.611123474374185,24.925324904147942,6.606881964512918,19.374790486512623,5.969305287951849,0.0,4.899909730850478,0.0,49.155130113554236,13.654553947190108,35.89528683400505,0.0,0.0,0.0,0.0,0.0,60.02587718237396,14.268263091671919,0.0,24.32300078371041,0.0,0.0,62.3,5.917906046161393,9.901064578912528,0.0,18.68015364021307,24.291614433792525,18.405094737549014,0.0,0.0,30.33183534230805,11.947581713527669,9.473725907600098,11.375006813305877,0.0,14.788852355757118,9.557785546317293,0.8028518413538258,-0.9152421107331821,2.2596835066288516,-0.2255082357016882,2.128363935080205,0.5882352941176471,1,0,3,3,0,5,5,4,0,3,3,4,0.9180999999999995,0,1,1,0,0,0,0,0,0,0,0,0,1,0,0,0,1,0,0,0,0,0,0,0,0,0,0,0,5,1,2,0,0,0,0,0,0,0,0,0,0,0,1,0,0,0,0,0,0,1,0,0,0,0,0,0,0,0,0,0,0,0,0,11,4.67965367965368,4,4,0.07575757575757575,1081.0,3,0.10822510822510822,0.18398268398268403,0.18398268398268403,0.1926247622188888,0.18398268398268403,0.22085816148104354,0.14971777372224157,0.14971777372224157,0.01500962209319326,0,0,1,0,1,1,3,0.22727272727272727,0.7727272727272727,0.18181818181818182,0.045454545454545456,0.0,0.72,0.04,0,1,0,0,0,1,0,0,0,0,1,0,1,0,0,0,1,0,1,1,0,0,1,0,0,1,0,0,0,0,1,0,0,1,0,1,0,0,0,1,0,1,0,0,0,1,0,1,0,0,0,0,1,0,0,1,0,0,0,0,0,0,0,0,1,0,0,0,0,0,0,0,0,0,0,0,0,0,0,0,1,1,0,0,0,1,1,0,0,1,0,0,0,1,1,0,0,0,1,0,1,0,1,0,0,0,0,0,0,0,0,1,0,0,0,0,0,0,0,1,0,1,0,1,1,1,0,0,0,0,0,0,0,0,0,0,0,0,0,0,0,0,0,0,1,0,0,1,0,0,1,0,0,0,0,0,0,0,0,0,0,0,0,0,0,0,0,0,0,0,0,0,0,0,0,0,0,0,0,0,0,0,0,0,0,1,0,0,0,0,0,0,0,0,0,0,0,0,0,0,0,0,0,1,0,0,0,0,0,0,1,1,0,1,0,0,0,1,0,0,0,1,0,1,1,1,1,0,0,1,0,0,0,1,0,0,0,1,0,1,0,0,0,0,1,0,0,0,1,1,1,1,0,0,1,1,1,0,0,0,1,0,0,0,0,1,0,1,1,0,0,1,0,1,1,0,1,0,0,0,1,1,1,1,1,1,1,1,1,1,1,1,1,1,0
12.933560090702946,0.07344135802469154,-0.12203703703703672,0.568938382393165,11.045454545454545,424.088,1.1818181818181819,2.894291071568224,2.207612444438483,129479.00537767608,5.8935932727369975,9.523678331894054,17.09277939380059,5.783244946364939,0.0,0.0,0.0,4.794537184071822,0.0,0.0,0.0,25.122838405075452,50.05898900128353,17.3704973290878,14.508890523361824,14.318215515965875,48.61237709837067,0.0,0.0,0.0,13.344558822616634,0.0,62.23079184470292,5.749511833283905,0.0,0.0,5.749511833283905,31.859887795898697,10.889772341205646,6.4208216229260096,0.0,28.605424786030877,0.0,10.969244356107037,50.44,0.0,9.901064578912528,0.0,11.532756779648844,37.836431198501515,5.386224214464796,0.0,12.13273413692322,31.18920547353706,31.859887795898697,4.417150937053347,6.718685962039135,6.5163057445200305,12.933560090702946,10.601931675460715,1.7777801660787778,0.6241079302091214,0.6350954270597128,1.9555041152263375,0.0,0.11764705882352941,1,0,0,0,1,3,5,3,0,0,0,3,5.456800000000003,0,0,0,0,0,0,0,1,0,0,0,0,0,0,0,0,0,0,0,0,0,0,0,0,0,1,0,0,1,0,0,1,0,0,0,0,0,0,1,0,0,0,0,0,0,0,0,1,0,0,0,0,0,0,0,0,0,0,0,0,0,0,0,10,4.2770562770562774,3,3,0.0,988.0,3,0.10389610389610389,0.1638528138528139,0.1638528138528139,0.17697356740457967,0.1638528138528139,0.24227429021525992,0.18543810138733044,0.18543810138733044,0.01672066490679973,0,0,0,0,1,3,0,0.22727272727272727,0.7727272727272727,0.13636363636363635,0.0,0.0,0.2916666666666667,0.041666666666666664,0,0,0,1,0,0,0,1,0,1,1,0,0,0,0,0,1,0,0,0,0,0,0,0,0,0,0,0,0,0,0,0,0,1,0,0,0,1,1,1,0,0,0,1,0,0,0,1,0,0,0,0,0,1,0,0,0,0,0,0,0,0,0,0,1,1,1,0,1,0,0,0,0,0,1,0,1,1,0,0,1,1,0,0,0,0,1,0,1,0,0,0,0,0,0,1,0,0,0,0,1,0,0,1,1,1,0,1,0,0,1,0,1,0,0,0,1,0,0,0,0,0,0,0,0,1,1,0,0,0,0,0,0,0,0,0,0,0,0,0,0,0,0,0,0,0,0,0,0,0,0,0,0,0,0,0,0,0,0,0,0,0,0,0,0,0,0,0,0,0,0,0,0,0,1,0,0,0,0,0,0,0,0,0,0,1,0,0,0,0,0,0,0,0,0,0,0,0,0,0,0,0,0,0,0,0,0,0,0,0,0,1,0,0,0,1,0,1,0,0,0,0,0,0,1,0,0,0,0,1,0,0,0,1,0,1,0,0,0,0,0,1,1,0,0,0,0,0,0,0,0,0,0,1,0,1,0,0,0,0,1,0,1,0,0,1,0,1,0,0,0,1,1,1,1,0,0,0,1,0,1,0,1,1,0,1,0,1,1,0,1,1,1,1,0
12.67078231292517,0.07703703703703679,-0.07703703703703679,0.7305653175589971,10.85,266.29599999999994,1.1,2.854285225785767,2.1739246977138285,60179.74970046711,4.851302195137771,9.523678331894054,17.09277939380059,5.783244946364939,0.0,0.0,0.0,4.794537184071822,0.0,0.0,0.0,25.122838405075452,30.33183534230805,17.3704973290878,5.563451491696996,14.318215515965875,16.752489302471975,0.0,0.0,0.0,13.344558822616634,0.0,65.4180869499613,5.749511833283905,0.0,0.0,5.749511833283905,0.0,10.889772341205646,6.4208216229260096,0.0,28.605424786030877,0.0,10.969244356107037,50.44,0.0,9.901064578912528,0.0,11.532756779648844,23.30797202519444,10.969244356107037,12.13273413692322,12.13273413692322,31.18920547353706,0.0,4.417150937053347,5.744469088561351,0.0,12.67078231292517,10.147306769942952,1.8928900016796848,0.7688811728395067,0.660552484882842,1.9636059670781894,0.0,0.11764705882352941,1,0,0,0,1,3,3,3,0,0,0,3,3.9318000000000026,0,0,0,0,0,0,0,1,0,0,0,0,0,0,0,0,0,0,0,0,0,0,0,0,0,1,0,0,1,0,0,1,0,0,0,0,0,0,1,0,0,0,0,0,0,0,0,1,0,0,0,0,0,0,0,0,0,0,0,0,0,0,0,10,4.073684210526316,3,3,0.0,774.0,3,0.11578947368421051,0.17076023391812864,0.17076023391812864,0.17551265493404122,0.17076023391812864,0.2554722692038031,0.19150219704895116,0.19150219704895116,0.015564946223212977,0,0,0,0,1,3,0,0.15,0.85,0.15,0.0,0.0,0.22727272727272727,0.045454545454545456,0,0,0,1,0,0,0,1,0,1,1,0,0,0,0,0,1,0,0,0,0,0,0,0,0,0,0,0,0,0,0,0,0,1,0,0,0,1,1,1,0,0,0,0,0,0,0,1,0,0,0,0,0,0,0,0,0,0,0,0,0,0,0,0,1,0,1,0,1,0,0,0,0,0,1,0,1,1,0,0,1,1,0,0,0,0,1,0,0,0,0,0,0,0,0,0,0,0,0,0,1,0,0,0,1,1,0,0,0,0,1,1,1,0,1,0,1,0,0,0,0,0,0,0,0,1,1,0,0,0,0,0,0,0,0,0,0,0,0,0,0,0,0,0,0,0,0,0,0,0,0,0,0,0,0,0,0,0,0,0,0,0,0,0,0,0,0,0,0,0,0,0,0,0,0,0,0,0,0,0,0,0,0,0,0,1,0,0,0,0,0,0,0,0,0,0,0,0,0,0,0,0,0,0,0,0,0,0,0,0,0,1,0,0,0,0,0,1,0,0,0,0,0,0,1,0,0,0,0,1,0,0,0,1,0,0,0,0,0,0,0,1,1,0,0,0,0,0,0,0,0,0,0,1,0,1,0,0,0,0,1,0,0,0,0,1,0,1,0,0,0,1,1,1,1,0,0,0,1,0,1,0,1,1,0,1,0,1,1,0,1,1,1,1,0
10.646949684998475,0.35086215041572233,-1.016953244133077,0.7807555823629457,10.666666666666666,282.29900000000004,1.0952380952380953,2.8458671835735982,1.9648531095370432,99776.10345609035,5.6636735958285,9.843390348640755,0.0,6.606881964512918,5.879988336435371,0.0,5.969305287951849,4.681802935145185,4.794537184071822,0.0,5.098681808301038,42.46456947923127,17.696185628620217,0.0,17.447681337993632,14.637927532712578,16.872230220032908,0.0,9.780484743446223,0.0,6.544756405912575,6.606881964512918,60.160755107851486,5.879988336435371,4.736862953800049,0.0,5.879988336435371,0.0,27.463199390751697,11.339293589984397,0.0,5.563451491696996,0.0,10.902924932081056,64.35,12.576187252464766,4.794537184071822,0.0,0.0,12.424744742347947,16.466376423778055,0.0,0.0,59.27910655129967,5.098681808301038,9.843390348640755,7.088870464852608,0.0,10.646949684998475,13.931492817831652,2.0391476652389353,-0.6660910937173548,0.0,0.21242992567397345,0.0,0.125,1,0,0,0,1,4,5,5,0,0,0,3,2.548,1,0,0,0,0,2,0,0,1,0,0,0,2,0,0,0,0,0,0,0,0,0,0,0,0,0,0,0,1,0,1,0,0,0,0,0,0,0,0,0,0,0,0,0,0,0,0,1,0,0,0,0,0,0,0,0,0,0,0,0,0,0,0,11,4.557142857142857,3,3,0.0,957.0,3,0.10952380952380954,0.18721804511278192,0.18721804511278192,0.1568644029546406,0.18721804511278192,0.23002916562376857,0.17715951613360947,0.17715951613360947,0.012863959336039945,0,0,0,0,1,3,0,0.23809523809523808,0.7619047619047619,0.14285714285714285,0.09523809523809523,0.0,0.2608695652173913,0.043478260869565216,0,0,0,0,0,1,0,0,0,0,1,0,0,0,0,0,0,1,0,1,0,0,0,0,0,0,0,0,0,0,1,0,1,0,0,0,1,1,0,1,0,0,1,0,1,1,0,1,1,0,0,0,0,0,0,1,0,0,0,0,0,0,0,0,1,1,0,0,0,0,0,0,0,1,0,0,0,1,1,0,1,1,1,0,1,0,1,0,0,0,1,0,0,0,0,0,1,0,1,0,1,1,0,0,0,0,0,0,0,0,0,0,0,0,0,0,0,0,0,0,0,0,1,0,0,1,0,0,0,0,0,0,0,0,0,0,0,0,0,0,0,0,0,0,0,0,0,0,0,0,0,0,0,0,0,0,0,0,0,0,0,0,0,0,0,0,0,0,0,0,0,0,0,0,0,0,0,0,0,0,1,0,0,0,0,0,0,0,0,0,0,0,0,1,0,0,0,0,0,0,1,0,0,1,0,0,0,0,1,0,0,1,0,0,0,0,0,0,0,0,1,0,1,1,1,1,0,0,1,1,0,0,1,1,0,0,0,1,1,1,0,1,0,0,0,1,0,0,1,1,1,1,1,1,1,1,0,0,0,0,1,0,0,0,0,1,1,1,0,0,1,1,0,1,1,0,1,0,0,0,0,1,1,1,1,1,1,1,0,1,1,1,1,1,0
12.309287131519275,0.08563707273032661,-0.9069121443598356,0.8540302270880286,10.421052631578947,257.289,1.105263157894737,2.7045329520726984,2.315895522566438,20987.175708084138,5.098974739644812,9.67362704263206,0.0,0.0,5.783244946364939,0.0,5.969305287951849,9.589074368143644,0.0,0.0,0.0,29.828919765543436,19.056471336613843,18.305051469222647,12.114749617774471,14.69560176298435,11.75255023431679,0.0,4.567099647791355,7.04767198267719,13.344558822616634,0.0,58.91296138386057,0.0,0.0,0.0,0.0,0.0,21.426177276948852,18.26303078967502,6.923737199690624,27.309296157162738,0.0,0.0,59.300000000000004,5.969305287951849,9.589074368143644,0.0,12.204066569290948,16.95130748139392,5.563451491696996,0.0,35.88023990431499,19.056471336613843,0.0,5.106527394840706,1.6352286470143613,0.0,23.018534964414293,8.788522737683994,2.811793603856195,-1.0049317966652014,-0.08563707273032661,1.9600578779619184,1.7080324074074074,0.2,1,0,0,0,1,3,4,4,0,0,0,2,2.1916200000000003,1,0,0,0,0,1,0,0,1,0,0,0,1,0,0,0,0,0,0,0,0,0,0,0,0,1,0,0,0,0,0,0,0,0,0,0,0,0,1,0,0,0,0,0,0,0,0,0,0,0,0,0,0,0,0,0,0,0,0,0,0,0,0,11,4.304093567251462,2,2,0.0,736.0,3,0.11695906432748539,0.19435844513243894,0.19435844513243894,0.19243656184920935,0.19435844513243894,0.24259857220011588,0.19910152422409488,0.19910152422409488,0.017596325149923056,0,0,0,0,1,2,0,0.21052631578947367,0.7894736842105263,0.15789473684210525,0.05263157894736842,0.0,0.35,0.1,1,0,0,0,0,1,1,0,1,1,1,0,0,0,0,0,0,0,1,1,0,0,0,0,0,0,0,0,0,0,0,1,1,1,0,0,0,0,0,1,0,0,0,1,0,0,0,0,0,0,0,0,1,0,0,0,0,0,1,0,0,0,0,0,0,0,1,0,0,1,1,0,0,1,0,0,0,0,0,0,1,1,0,0,0,0,1,0,0,0,0,0,0,1,0,0,0,0,0,0,1,0,0,0,1,1,0,1,0,0,0,1,0,0,0,0,0,0,0,0,0,1,0,0,0,1,0,0,0,0,0,0,0,0,0,0,0,0,0,0,0,0,0,0,0,0,0,0,0,0,0,0,0,0,0,0,0,0,0,0,0,0,0,0,0,0,0,0,0,0,0,0,0,0,0,0,0,0,0,0,0,0,0,0,0,0,0,0,0,0,0,0,0,1,0,0,0,0,0,0,0,0,0,1,0,0,0,0,0,0,0,1,0,1,0,0,0,0,0,0,0,1,0,1,1,1,0,0,0,0,0,0,1,0,0,0,0,0,0,1,0,0,0,0,1,0,0,0,0,1,1,1,0,1,0,0,0,0,0,0,1,0,0,0,1,1,0,1,0,0,0,0,1,0,1,0,1,1,1,0,1,0,1,1,1,1,1,1,1,1,1,1,1,1,0
10.832023494583018,0.42138888888888926,-0.8426332199546482,0.621567647628534,12.625,236.29599999999996,1.5,2.6984184616642493,2.3629609267042926,5774.615507961494,4.112336342245376,5.733667477162185,0.0,0.0,0.0,0.0,6.031114512338072,5.20725302477729,4.794537184071822,5.063217724965349,11.336785877934737,18.19910120538483,24.44269555107864,9.5770671101704,6.041840829147961,10.001790208849112,27.454044521206704,0.0,5.063217724965349,5.733667477162185,12.965578028838586,0.0,35.20898253600935,0.0,5.733667477162185,4.794537184071822,0.0,11.336785877934737,16.30158526208071,0.0,0.0,17.842725222539883,0.0,10.086144130933896,66.56,12.072955341486033,10.001790208849112,0.0,0.0,5.063217724965349,14.963291324635195,0.0,18.26052307762536,30.33183534230805,0.0,5.733667477162185,1.1270559334845052,1.5416666666666665,11.737116087175611,11.08925642479214,5.010083774250441,0.0,0.0,1.7316203703703703,0.0,0.18181818181818182,3,0,0,0,1,3,5,2,0,0,0,2,2.7321999999999997,0,0,0,0,0,0,0,0,0,0,0,0,1,0,1,2,0,0,0,0,0,0,0,0,0,0,0,0,1,0,0,0,0,0,0,0,0,0,0,0,0,0,0,0,0,0,0,0,0,0,0,1,0,0,0,0,0,0,0,0,1,0,1,8,3.6333333333333333,2,2,0.0,436.0,3,0.14166666666666666,0.18809523809523815,0.18809523809523815,0.18565322561540884,0.18809523809523815,0.28550831469126925,0.2231624425940411,0.2231624425940411,0.019119924151073785,0,0,0,0,1,2,0,0.3125,0.6875,0.125,0.125,0.0625,0.35294117647058826,0.058823529411764705,0,1,0,0,0,0,0,0,0,0,1,1,1,0,0,0,0,0,0,1,0,0,0,0,0,0,1,1,0,0,0,1,1,1,1,1,0,0,0,1,0,0,0,0,1,0,0,1,0,0,0,0,0,0,0,0,0,0,0,0,0,0,0,1,1,0,0,0,0,0,0,0,0,0,0,0,0,1,0,0,0,1,0,0,0,0,1,0,0,0,1,0,0,0,0,0,0,0,0,0,1,0,0,0,1,0,0,1,0,0,1,0,1,1,0,1,0,1,0,0,0,0,0,0,1,1,1,0,0,0,0,0,0,0,0,0,0,0,0,0,0,1,0,0,0,0,0,0,0,0,0,0,1,0,0,0,0,0,0,0,0,0,0,0,1,1,0,0,0,0,0,0,0,0,0,0,0,0,0,0,0,0,1,0,0,0,0,0,0,0,0,0,0,0,0,0,0,1,0,1,1,0,0,0,0,1,0,0,0,1,0,1,1,0,0,0,1,0,0,0,0,0,1,1,1,0,0,0,0,1,1,0,0,1,1,0,0,0,1,0,0,0,0,0,0,1,0,0,0,0,1,0,1,1,0,0,0,0,0,1,0,0,0,0,0,1,0,1,0,0,1,0,0,0,0,0,1,0,0,1,0,0,1,0,1,0,1,1,1,1,1,1,1,1,0
12.141064814814815,0.282407407407407,-0.7133333333333332,0.4952172017431901,9.444444444444445,129.094,1.7777777777777777,1.7965675742516067,3.3360928870055955,104.20091930659319,1.8479763724759515,5.733667477162185,5.817862777835028,5.817220841045895,0.0,0.0,5.689743398203474,4.9839785209472085,9.184952231746642,4.9839785209472085,0.0,0.0,0.0,0.0,6.196843571613076,4.39041504767482,5.817862777835028,0.0,9.967957041894417,0.0,0.0,5.733667477162185,22.498344994934268,0.0,11.423410875365658,10.208277825509848,0.0,0.0,9.967957041894417,0.0,5.817220841045895,0.0,0.0,0.0,71.77000000000001,11.506964239249369,9.184952231746642,0.0,5.817862777835028,0.0,6.196843571613076,0.0,0.0,4.9839785209472085,4.9839785209472085,5.733667477162185,12.141064814814815,0.0,15.277129629629629,0.0,4.305555555555555,-0.9957407407407401,0.7719907407407409,0.0,0.0,0.0,3,0,0,0,1,3,5,0,0,0,0,1,-0.5088000000000001,0,0,0,1,0,2,1,0,0,0,0,0,1,1,1,0,0,0,0,0,0,0,0,0,1,0,0,0,0,0,0,0,0,0,0,0,0,0,0,0,0,0,0,0,0,0,0,0,0,0,0,0,0,0,0,0,0,0,0,0,0,0,0,5,2.3333333333333335,1,1,0.0,84.0,3,0.25,0.19047619047619047,0.19047619047619047,0.15567496226930977,0.19047619047619047,0.44041667025469244,0.31808757630403367,0.31808757630403367,0.025626952972635477,0,0,0,0,0,1,0,0.5555555555555556,0.4444444444444444,0.1111111111111111,0.3333333333333333,0.0,0.2222222222222222,0.1111111111111111,0,0,0,0,0,0,0,0,1,0,1,0,1,0,0,0,0,0,0,1,0,0,0,1,0,0,0,0,0,0,0,0,1,0,0,0,0,0,0,0,0,0,0,1,1,0,0,0,1,1,0,0,0,0,0,0,0,0,1,1,0,0,0,0,1,0,0,0,0,0,0,0,0,0,0,0,0,0,0,0,0,1,0,0,0,0,0,0,0,0,1,1,0,0,0,0,0,0,0,0,1,0,0,0,0,0,0,0,0,0,0,0,0,0,0,0,0,0,0,0,0,1,1,0,0,0,0,1,0,0,0,0,0,0,0,0,0,0,0,0,0,0,0,0,0,0,0,0,0,0,0,0,0,0,0,0,0,0,0,0,0,0,0,0,0,1,1,0,0,0,1,1,0,0,0,0,0,0,0,0,0,0,0,0,0,0,0,0,0,0,0,0,0,1,0,0,0,0,0,0,0,0,0,0,0,1,0,0,1,0,0,0,1,0,0,1,0,0,0,0,0,0,0,0,0,1,1,0,0,0,0,0,0,0,1,1,0,0,1,0,0,1,0,0,0,1,0,0,1,1,0,0,0,0,0,1,0,0,0,1,0,1,1,1,0,1,0,0,0,0,1,1,1,0,0,0,0,0,1,1,0,0,1,0,1,0,1,0,0,1,1,1,1,1,0
15.192672430083144,0.0693650793650793,-1.4213680112642948,0.8820346880702984,17.92,351.353,1.44,2.552333511935427,2.308728008612519,366305.8009659486,6.436819345247566,19.890325377488868,17.06805860742645,5.817220841045895,5.428790391900541,0.0,5.969305287951849,4.794537184071822,13.575367279421462,0.0,0.0,0.0,19.913841467842857,38.41771002441134,10.902924932081056,18.681894674262168,22.559616494716465,0.0,9.883888251797686,0.0,26.434071634441786,24.534178948588206,39.68443138983584,0.0,15.64548872675735,14.468216370033202,0.0,0.0,41.31904237746959,6.544756405912575,11.63444168209179,24.205463075150064,0.0,10.902924932081056,74.57000000000001,28.595988853641177,13.979489415818463,4.39041504767482,29.176908441825155,19.634269217737724,12.263210640074686,4.567099647791355,11.823646930541102,6.923737199690624,5.316788604006331,5.106527394840706,31.172879109977323,0.0,25.18081677768546,12.097158333272601,-1.6319126616696051,-3.114534111037538,1.1092747700932226,5.332168724583497,0.0,0.4117647058823529,2,0,1,1,1,5,8,3,0,1,1,3,1.7959,0,0,0,0,1,1,0,0,1,0,0,0,2,1,0,0,0,0,0,0,0,0,0,0,1,1,0,0,1,0,0,0,0,0,0,0,0,0,0,0,0,0,0,0,0,0,0,0,0,0,1,0,1,0,0,0,0,0,0,0,0,0,0,11,4.54,3,3,0.0,1362.0,3,0.09,0.15391304347826085,0.15391304347826085,0.14391659486450023,0.15391304347826085,0.22956307262869038,0.17090452533976172,0.17090452533976172,0.016867506587853156,0,0,0,0,0,2,1,0.32,0.68,0.12,0.12,0.0,0.5185185185185185,0.07407407407407407,0,1,0,0,0,1,0,0,1,0,1,0,0,1,0,0,0,0,1,0,0,0,0,1,0,0,0,0,0,1,1,0,1,1,1,0,1,1,1,1,1,0,0,0,0,1,0,1,1,1,0,0,1,0,0,0,0,1,1,1,1,1,0,0,0,1,1,0,0,1,0,1,1,0,0,0,1,1,0,0,1,1,1,1,0,0,0,0,0,0,1,0,0,0,0,0,0,0,0,1,1,0,0,0,0,0,0,1,0,0,1,0,0,0,0,0,0,0,0,0,0,0,0,1,0,1,0,0,0,0,0,0,0,0,0,0,0,0,0,0,0,0,0,0,0,0,0,0,0,0,0,0,0,0,0,0,0,0,0,0,0,0,0,0,0,0,0,0,0,0,1,0,0,0,0,0,0,0,0,0,0,0,0,0,0,0,0,0,0,0,1,0,0,1,0,0,0,0,0,0,0,0,0,1,0,0,0,1,1,0,1,0,0,1,1,1,0,1,0,1,0,0,0,0,0,1,1,0,1,1,0,0,1,1,0,1,1,0,0,1,0,1,1,1,1,0,1,0,1,1,1,1,0,1,0,1,1,1,0,1,0,1,1,1,1,1,1,1,0,0,1,1,1,1,1,1,1,1,1,1,1,1,1,1,1,1,1,1,1,1,1,1,1,1,0
14.494908824640966,0.10012448034769461,-1.3002874155733097,0.8910262977655083,15.130434782608695,319.336,1.3478260869565217,2.554556529077141,2.243584852361737,179503.57818519254,6.000303361348931,19.890325377488868,11.38067233274289,0.0,5.428790391900541,0.0,5.969305287951849,4.794537184071822,9.184952231746642,0.0,0.0,0.0,19.056471336613843,44.306849815640746,11.204086992299825,14.291479626587348,22.559616494716465,0.0,9.883888251797686,0.0,13.4684936056032,31.078935354500782,39.93357761725155,0.0,15.64548872675735,10.077801322358383,0.0,0.0,41.82195795423421,6.544756405912575,5.817220841045895,17.28172587545944,0.0,10.902924932081056,74.57000000000001,17.215316520898284,13.979489415818463,0.0,10.949675706161791,30.838356210037553,19.15587988028676,6.196843571613076,10.633466716252965,11.823646930541102,5.316788604006331,5.106527394840706,16.166856339758123,0.0,25.435370699626652,12.458817109501183,0.011797209624591076,-1.7987209000782234,1.3258372700932224,5.261003155828191,0.0,0.375,2,0,1,1,1,5,7,3,0,1,1,3,1.2683,0,0,0,0,1,1,0,0,1,0,0,0,2,1,0,0,0,0,0,0,0,0,0,0,1,1,0,0,1,0,0,0,0,0,0,0,0,0,0,0,0,0,0,0,0,0,0,0,0,0,1,0,1,0,0,0,0,0,0,0,0,0,0,11,4.41106719367589,3,3,0.0,1116.0,3,0.09881422924901183,0.1624317711274233,0.1624317711274233,0.13911008096660374,0.1624317711274233,0.2363160802165154,0.1803942138010655,0.1803942138010655,0.016107355391388044,0,0,0,0,0,2,1,0.30434782608695654,0.6956521739130435,0.13043478260869565,0.13043478260869565,0.0,0.48,0.08,0,0,0,0,0,1,0,0,1,0,1,0,0,1,0,1,0,0,0,0,0,0,0,1,0,0,0,0,1,0,1,0,0,1,1,0,1,0,1,1,0,0,0,0,0,1,0,1,1,1,0,0,1,0,0,0,0,0,1,1,0,1,0,0,0,1,0,0,0,1,0,1,1,1,0,0,0,1,1,0,1,1,0,0,0,1,0,0,0,0,1,0,0,0,0,0,0,0,0,0,1,0,0,1,0,0,0,1,1,0,0,0,1,0,0,0,0,0,0,0,0,0,0,0,0,1,0,0,0,0,0,0,0,0,0,0,0,0,0,0,0,0,0,0,0,0,0,0,0,0,0,0,0,0,0,0,0,0,0,0,0,0,0,0,0,0,0,0,0,0,1,0,0,0,0,0,0,0,0,0,0,0,0,0,0,0,0,0,0,0,1,0,0,1,0,0,0,0,0,0,0,0,0,1,0,0,0,1,1,0,1,0,0,1,1,1,0,1,0,1,0,0,0,0,0,1,1,0,1,1,0,0,1,1,0,1,0,0,0,1,0,1,1,0,0,0,1,0,1,1,1,1,0,1,0,1,1,1,0,1,0,1,1,1,1,1,1,1,0,0,1,1,1,1,1,1,1,0,1,1,1,1,1,1,1,1,1,1,1,1,1,1,1,1,0
13.986527095406064,0.34144557823129285,-1.3276086545729404,0.4505350553443188,13.909090909090908,443.45500000000015,0.696969696969697,3.029639259553097,1.9580539722649224,24667177.428596858,8.349456624542073,9.473725907600098,16.91401413596459,0.0,5.907179729351506,5.907179729351506,11.938610575903699,19.178148736287287,4.899909730850478,0.0,0.0,42.46456947923127,41.45873832570204,26.334663090768867,5.687386274683562,28.651874643887382,29.44035630929027,0.0,0.0,0.0,26.186202068468653,4.899909730850478,89.48675929663032,11.49902366656781,14.373635638450576,5.687386274683562,11.49902366656781,0.0,23.752970034606708,24.593139205684064,0.0,37.46156607416286,0.0,0.0,89.97999999999999,29.16796050400349,19.178148736287287,0.0,0.0,33.87676441634236,0.0,25.67112132992235,60.6636706846161,12.13273413692322,0.0,9.473725907600098,10.284005313243714,0.0,50.32178529804685,0.0,1.01357116612077,-1.0474819499016799,0.0,3.959782066025441,0.0,0.15384615384615385,0,0,1,1,0,6,7,4,0,0,0,4,3.764700000000003,0,0,0,0,0,0,0,0,0,0,0,0,1,0,0,0,0,0,0,0,0,0,0,0,1,0,0,0,1,2,2,0,0,0,0,0,1,0,0,0,0,0,0,0,0,0,0,1,0,0,0,0,0,0,0,0,0,0,0,0,0,0,0,14,5.556818181818182,4,4,0.0,2934.0,4,0.06818181818181818,0.14699413489736068,0.14699413489736068,0.14493613712408482,0.14699413489736068,0.19040388286794943,0.1301489567948045,0.1301489567948045,0.014316747108519707,0,0,0,0,1,3,0,0.21212121212121213,0.7878787878787878,0.18181818181818182,0.030303030303030304,0.0,0.3888888888888889,0.1111111111111111,0,0,0,0,0,0,0,0,0,0,1,1,0,0,0,1,0,0,1,0,1,0,0,0,0,0,0,0,0,0,0,0,0,1,0,0,1,0,1,1,0,0,0,0,1,0,0,1,0,0,0,0,1,0,0,1,0,0,1,0,1,0,0,0,1,1,1,0,0,1,0,0,0,0,0,0,0,1,1,0,0,1,0,0,0,0,1,0,0,0,0,1,0,0,0,0,0,0,0,0,1,0,0,0,0,0,0,0,0,1,0,1,0,0,0,0,1,0,0,0,0,1,0,1,0,1,0,1,0,0,0,0,0,0,0,0,0,0,0,0,0,0,0,0,0,0,0,0,0,0,0,0,0,0,0,0,0,0,0,0,0,0,0,0,0,0,0,0,0,0,0,0,0,0,0,0,0,0,0,0,0,0,0,0,0,0,0,0,0,0,1,0,0,0,1,0,0,0,0,0,0,0,0,1,0,0,0,0,0,0,0,1,0,1,0,0,0,1,0,0,1,0,0,0,1,0,0,0,0,1,0,0,0,1,0,0,0,0,1,0,1,1,0,0,0,1,0,0,0,1,1,1,0,1,1,1,0,0,0,0,0,0,0,1,1,1,0,0,1,1,0,1,1,1,1,0,1,1,1,0,1,0,1,0,1,1,1,1,1,1,1,1,1,1,0
13.465561627609393,0.026770850415920977,-0.251125461343904,0.37471274722994996,15.382352941176471,461.5560000000001,0.8529411764705882,3.193385996537536,1.205663438040192,86144371.88918902,9.935197343501427,9.883888251797686,11.63444168209179,0.0,0.0,0.0,5.689743398203474,4.567099647791355,13.575367279421462,0.0,0.0,36.39820241076966,79.75314829178028,25.049259687134505,11.033401435232523,8.78083009534964,11.033401435232523,0.0,14.450987899589041,0.0,37.64303336701339,19.634269217737724,106.04203006930042,0.0,5.689743398203474,8.78083009534964,0.0,0.0,34.08525711732677,0.0,11.63444168209179,48.76993635040738,0.0,11.033401435232523,41.03,0.0,13.575367279421462,0.0,29.283931955604615,0.0,67.47786012806827,24.26546827384644,0.0,53.098036195484234,9.883888251797686,0.0,28.853516498831887,0.0,17.953105727444918,0.0,3.9369330720822293,-0.4017541986747395,3.7762240336523343,2.872168798763766,0.0,0.32142857142857145,1,0,1,1,1,3,6,7,0,1,1,5,5.8570000000000055,0,0,0,0,0,2,1,0,0,0,0,0,2,1,0,0,0,1,0,0,0,0,0,0,0,0,0,0,1,0,0,0,0,0,0,1,0,0,0,0,0,0,0,0,0,0,0,2,0,1,0,0,0,0,0,0,0,0,0,0,0,0,0,17,7.0606060606060606,5,5,0.0,3961.0,3,0.0677361853832442,0.18939393939393936,0.18939393939393936,0.1817012236158021,0.18939393939393936,0.14654478777406627,0.11384520168186943,0.11384520168186943,0.010147140306822764,0,0,0,0,1,4,1,0.17647058823529413,0.8235294117647058,0.029411764705882353,0.08823529411764706,0.0,0.39473684210526316,0.02631578947368421,0,1,1,0,0,1,1,0,1,0,1,0,0,1,0,0,0,0,0,0,0,0,0,0,0,0,0,0,0,0,1,0,0,0,0,0,1,0,0,1,0,0,0,0,0,1,0,1,0,0,0,1,0,0,0,0,0,0,1,1,0,1,0,0,1,0,0,0,0,0,0,0,1,0,1,1,0,0,0,1,1,1,0,0,0,1,1,0,1,0,1,1,0,0,1,0,0,0,0,1,1,0,0,0,0,0,0,0,0,1,0,0,0,0,0,0,1,0,1,1,0,1,1,1,0,0,1,1,0,0,0,0,0,0,0,0,0,0,0,0,0,0,0,0,0,0,0,0,0,0,0,0,0,0,0,0,0,0,0,0,0,0,0,0,0,1,0,0,0,0,1,0,0,0,0,0,0,0,0,0,0,0,0,0,0,0,0,0,0,0,1,0,0,1,0,0,0,0,0,0,0,0,0,1,0,1,0,1,1,0,0,1,0,1,1,1,0,0,0,1,0,0,0,0,1,0,1,0,1,1,0,0,0,1,1,1,0,0,1,1,0,1,0,0,0,1,1,0,1,1,1,0,0,1,0,1,1,1,0,0,0,1,1,0,0,1,1,0,0,0,1,1,1,1,0,1,1,0,1,1,0,1,1,1,1,0,1,0,0,1,1,1,1,1,0
2.393611111111111,1.1868719293272862,1.1868719293272862,0.2894274347351113,13.571428571428571,268.359,0.6666666666666666,2.972864131089925,2.0795209519930205,191428.66712914244,3.854588449709963,0.0,0.0,0.0,0.0,0.0,0.0,0.0,0.0,0.0,0.0,48.53093654769288,74.83944727588401,0.0,0.0,0.0,32.31734528678877,0.0,0.0,0.0,19.765380445542643,0.0,71.28765809124548,0.0,0.0,0.0,0.0,0.0,0.0,12.841643245852019,6.923737199690624,16.690354475090988,0.0,32.31734528678877,0.0,0.0,0.0,0.0,0.0,0.0,0.0,50.7224400243378,11.126902983393991,0.0,61.52104081584511,0.0,0.0,0.0,0.0,8.506152158394222,4.574908194759385,0.0,2.385727906903502,2.2445059103888467,0.0,0.14285714285714285,0,1,0,1,0,0,0,0,0,0,0,5,5.553220000000004,0,0,0,0,0,0,0,0,0,0,0,0,0,0,0,0,0,0,0,0,0,0,0,0,0,3,0,0,4,0,0,0,0,0,0,0,0,0,0,0,0,0,0,0,0,0,0,0,0,0,0,0,0,0,0,0,0,0,0,0,0,0,0,10,3.8285714285714287,5,5,0.0,804.0,3,0.11904761904761904,0.14887218045112777,0.14887218045112777,0.11248409780177933,0.14887218045112782,0.2696904129419861,0.1992576109601003,0.1992576109601003,0.013071223950908694,0,0,0,0,1,4,0,0.0,1.0,0.0,0.0,0.0,0.16,0.0,1,1,0,0,0,0,0,0,0,0,0,0,0,0,0,0,0,0,0,0,0,0,1,0,0,0,0,1,0,0,1,0,0,1,0,0,0,1,0,1,0,0,0,0,0,0,0,1,0,0,0,0,0,0,0,0,0,0,1,0,0,0,0,1,1,1,0,0,0,1,0,1,0,0,1,1,0,1,0,0,1,1,0,0,0,0,1,0,0,1,0,0,0,0,0,0,0,0,0,0,1,0,0,0,0,1,0,1,0,0,0,1,0,1,0,0,0,0,0,0,0,0,1,0,0,0,0,0,0,0,0,0,0,0,0,0,0,0,0,0,0,0,0,0,0,0,0,0,0,0,0,0,0,0,0,0,0,0,0,0,0,0,0,0,0,0,0,0,0,0,0,0,0,0,0,0,0,0,0,0,0,0,0,0,0,0,0,0,0,0,0,0,0,0,0,0,0,0,0,0,0,0,0,0,0,0,0,0,0,0,0,0,0,0,0,0,0,0,0,0,0,0,0,0,1,0,0,0,0,1,0,0,0,1,0,0,1,0,0,0,0,0,0,0,1,0,1,0,0,0,0,0,0,1,0,0,0,0,0,0,0,0,0,0,0,0,0,0,0,0,0,0,1,1,0,1,0,0,0,0,0,0,0,0,0,0,0,0,1,0,1,1,0,1,0
13.613939436885865,0.12408378474846704,-2.9358901407785316,0.325996624960889,32.09375,442.42400000000015,1.1875,2.6996376544886194,2.079588471182678,8427682.935942445,6.762172178653703,31.266304451365713,22.840946106665527,11.384295757348628,5.783244946364939,5.907179729351506,0.0,19.283521283065944,0.0,0.0,0.0,18.711669820521717,31.298267055582254,5.917906046161393,29.200269284823918,39.91624852641899,28.805939023806825,0.0,4.899909730850478,17.56947956948497,17.746858027879952,14.09534396535438,52.810313804172026,5.749511833283905,5.733667477162185,0.0,5.749511833283905,0.0,79.74841832036971,14.383611552215466,11.835812092322787,11.126902983393991,0.0,11.332269401725444,181.62,69.720878545735,39.91624852641899,0.0,22.449519346747163,0.0,0.0,37.19435490158969,0.0,0.0,6.578935683598497,5.733667477162185,0.0,0.0,39.84292915281101,54.69752096828937,1.1648092832875978,-8.777481662290462,-1.6890967498110359,3.9143487549340725,2.875045274257035,0.3181818181818182,7,3,0,3,0,9,10,2,1,0,1,4,-0.5944999999999991,0,4,3,0,0,0,0,1,0,0,0,0,1,0,1,0,1,0,0,0,0,0,0,0,0,0,0,0,3,0,0,0,0,0,0,0,0,0,2,2,0,0,0,0,0,0,0,0,0,0,0,1,0,0,0,0,0,0,0,0,0,0,0,11,4.709677419354839,4,4,0.0,2336.0,4,0.07056451612903225,0.12365591397849462,0.12365591397849462,0.12308995985720686,0.12365591397849462,0.21993011599683512,0.14957957908381553,0.14957957908381553,0.017807368633401988,0,0,0,0,0,1,2,0.3125,0.6875,0.25,0.0625,0.0,0.6571428571428571,0.17142857142857143,0,0,1,0,0,0,0,0,0,0,1,1,1,1,0,1,1,0,0,1,1,0,0,0,0,1,0,0,0,0,0,0,0,1,0,1,1,1,0,1,0,1,0,0,0,1,1,0,0,0,0,0,0,1,0,0,1,0,1,1,0,1,0,1,1,1,1,0,1,0,0,1,0,0,0,1,0,0,0,1,0,1,0,1,0,0,1,0,1,0,1,0,0,0,1,0,1,0,0,0,1,0,0,0,0,1,0,0,0,1,0,0,0,1,0,0,0,0,0,0,0,0,0,1,0,1,0,0,0,0,0,0,0,0,0,0,0,0,0,0,0,0,0,0,0,0,0,0,0,0,0,0,0,0,1,0,0,0,0,0,0,0,1,0,0,0,0,0,0,0,0,0,0,0,0,0,0,0,1,0,0,1,1,0,0,0,0,0,0,0,0,0,0,0,1,0,0,0,0,0,1,0,1,0,1,0,0,0,0,0,0,0,1,1,1,0,0,1,0,0,1,1,0,1,0,1,0,1,0,1,0,0,0,1,0,0,0,0,1,0,1,1,0,0,0,1,0,0,0,0,1,0,0,0,0,1,0,0,0,1,0,1,0,0,1,0,0,1,1,0,1,1,1,1,1,0,1,1,1,1,1,0,1,0,1,1,1,1,1,1,1,1,1,1,0
3.3093399628369866,0.262685185185185,0.262685185185185,0.8254375445230729,25.476190476190474,277.41100000000006,1.0,2.55978378145988,1.8805976481796658,130037.0160981619,4.993710782028756,5.316788604006331,0.0,0.0,0.0,0.0,0.0,0.0,0.0,0.0,0.0,48.53093654769288,61.529520847081784,11.332896515558172,0.0,0.0,0.0,0.0,5.316788604006331,0.0,37.016183007262214,13.592428388589765,70.78474251448087,0.0,5.316788604006331,0.0,0.0,0.0,13.592428388589765,5.41499046939678,0.0,53.85499850465341,0.0,0.0,12.03,0.0,0.0,0.0,5.41499046939678,5.917906046161393,6.544756405912575,25.683286491704038,22.253805966787983,0.0,60.895397134376395,0.0,0.0,0.0,0.0,3.3093399628369866,6.6570568783068795,0.6283103164105146,5.126398573318216,1.1066591080876793,2.0529080320399764,0.4,1,3,0,3,0,1,1,4,0,0,0,5,4.211400000000004,0,0,0,0,0,0,0,0,0,0,0,0,0,1,0,0,0,0,0,0,0,0,0,0,0,0,0,0,1,0,0,0,0,0,0,0,0,0,0,0,0,0,0,0,0,0,0,0,0,0,0,0,0,0,0,0,0,0,0,0,0,1,0,9,3.857142857142857,4,4,0.0,810.0,4,0.1142857142857143,0.15037593984962408,0.15037593984962408,0.13571920327481068,0.15037593984962405,0.2717627474925309,0.1850551729989165,0.1850551729989165,0.015384617108325185,0,0,0,0,0,2,0,0.047619047619047616,0.9523809523809523,0.0,0.047619047619047616,0.0,0.5,0.0,1,0,0,1,0,0,0,1,0,0,1,0,0,0,1,0,0,0,0,0,0,0,1,0,0,0,0,1,0,0,1,1,0,1,0,0,1,0,0,0,0,0,0,0,0,1,0,1,0,0,0,0,1,0,0,0,0,0,0,0,1,0,0,0,1,0,0,0,0,1,0,0,0,0,0,1,0,0,1,0,1,1,0,0,0,0,1,0,0,0,0,1,0,0,0,0,0,0,0,0,1,0,0,0,1,0,0,0,0,0,0,0,0,0,0,1,0,0,0,1,0,0,0,1,1,0,0,1,0,0,0,0,0,0,0,0,0,0,0,0,0,0,0,0,0,0,0,0,0,0,0,0,0,0,0,0,0,0,0,0,0,0,0,0,0,0,0,0,0,0,0,0,0,0,0,0,0,0,0,0,0,0,0,0,0,0,0,0,0,0,0,0,0,0,1,0,0,0,0,0,0,0,0,0,0,0,0,0,0,0,1,0,0,0,1,0,0,0,1,0,0,1,0,0,0,0,0,0,1,1,0,0,1,1,0,0,1,0,0,1,1,0,0,1,1,0,1,0,0,0,0,0,0,1,0,0,1,1,0,0,0,0,0,0,0,0,0,0,0,0,0,0,1,1,0,1,0,0,0,1,0,1,0,1,0,0,1,0,1,1,1,1,0,1,0
13.499650022045856,0.016947249196076486,-4.139544726841353,0.29391506545829377,11.615384615384615,551.6250000000002,0.8974358974358975,2.92893419824875,1.8511796077083778,397766181.6461093,11.621268193001807,19.31711625624085,6.606881964512918,23.14129094240277,11.573916331283833,15.903279489842955,0.0,4.722094864452088,23.36973254717056,4.9839785209472085,0.0,45.036679872918306,41.310277303401826,12.393687143226153,18.612162981308227,27.73491324056979,15.841153931242612,0.0,19.935914083788834,0.0,31.081685543986428,25.04565633475546,72.55444225107765,34.777332832286945,18.932683725852236,5.817862777835028,23.128523836287087,0.0,53.78379993326184,15.438281622804364,0.0,26.334663090768867,0.0,11.648808995999854,145.65,10.023291153407584,13.524324379169643,0.0,58.36992165077845,5.749511833283905,5.563451491696996,31.636218821426905,42.46456947923127,20.771211599071872,24.65800894824092,14.210588861400147,46.60035749158642,0.0,17.10271684940353,9.395256492261813,0.8274611654028595,0.27088967388357243,2.999626385186832,5.652701663790072,-2.664768296587345,0.25925925925925924,2,0,0,0,2,10,12,10,0,0,0,4,4.203900000000004,0,1,1,0,0,4,0,0,0,0,0,0,4,1,0,0,0,0,0,0,0,0,0,0,1,0,0,0,0,0,3,0,0,0,0,0,0,0,0,0,0,1,0,0,0,0,0,2,0,0,0,0,0,0,0,1,0,0,0,0,0,0,0,14,6.550607287449393,4,4,0.0,4854.0,4,0.056680161943319846,0.15001641317430792,0.15001641317430792,0.15545927281415492,0.15001641317430792,0.15974449117424788,0.13301155454834585,0.13301155454834585,0.011910314006183764,0,0,0,0,0,4,0,0.3076923076923077,0.6923076923076923,0.15384615384615385,0.1282051282051282,0.02564102564102564,0.38095238095238093,0.047619047619047616,1,1,1,0,1,0,0,0,1,1,1,0,1,1,0,0,0,1,0,0,1,0,0,0,0,0,0,0,0,0,0,0,0,1,0,0,0,0,0,1,0,0,0,0,1,0,1,1,0,0,1,0,0,0,0,1,0,0,0,1,0,0,0,1,1,0,1,0,1,0,0,0,0,1,1,1,0,1,0,0,1,1,0,0,0,0,1,1,0,1,1,0,0,0,1,0,0,0,0,0,1,0,0,0,0,1,0,0,0,0,0,0,0,0,1,1,0,1,1,1,0,1,1,0,1,0,0,0,0,0,0,0,0,0,0,0,0,0,0,0,0,0,0,0,0,0,0,0,0,0,0,0,0,0,0,0,0,0,0,0,1,1,0,0,0,0,1,0,0,0,0,0,0,0,0,0,0,0,0,1,0,0,0,1,0,0,1,1,1,1,1,0,1,1,1,1,0,1,0,0,1,1,1,0,0,1,0,1,1,1,1,0,0,0,0,0,1,0,0,0,1,1,1,1,0,1,1,0,0,0,1,0,1,0,1,0,0,1,1,0,1,1,0,0,0,1,1,0,1,1,0,0,1,1,1,1,0,0,1,1,1,1,0,1,1,1,1,1,1,1,1,1,1,1,1,1,1,1,1,1,1,1,0,1,1,1,1,1,1,1,1,1,1,1,0
11.470870653817082,0.19630241139665672,-1.3499310279667431,0.4262474653048269,32.88235294117647,244.207,1.4705882352941178,2.5654067136030916,2.3196952658217853,7816.79425634862,4.372750406697864,25.790112615484354,24.639219238009446,6.22790117073487,5.948339280986494,0.0,5.689743398203474,4.567099647791355,9.77851570501903,4.9839785209472085,0.0,0.0,0.0,0.0,6.606881964512918,20.056445138322168,5.948339280986494,0.0,14.53505668968577,0.0,24.539800333979777,12.340549441675103,16.811600657039836,0.0,11.423410875365658,5.948339280986494,0.0,0.0,54.77342000196571,4.736862953800049,0.0,6.22790117073487,0.0,0.0,143.72000000000003,36.83642569669617,15.007591973753232,0.0,5.948339280986494,0.0,10.894419722555895,0.0,0.0,0.0,9.967957041894417,15.57705782580294,6.036694066515495,0.0,18.42747023809524,28.089890925506005,4.456252204585538,-0.19630241139665672,-3.6744283824640984,-0.4729099741748548,0.0,0.625,5,0,1,1,1,9,9,2,0,1,1,2,-3.1679999999999997,0,3,3,1,0,3,0,0,0,0,0,0,3,0,1,0,0,0,0,0,0,0,0,0,1,0,0,0,0,0,1,0,0,0,0,0,0,0,0,0,0,0,0,0,0,0,0,0,0,0,0,0,0,0,0,0,0,0,0,0,0,0,0,9,3.6470588235294117,2,2,0.0,496.0,3,0.1323529411764706,0.17647058823529416,0.17647058823529416,0.16822155321186835,0.17647058823529416,0.2852208960814755,0.21651546315473538,0.21651546315473538,0.02017141402392536,0,0,0,0,1,1,1,0.5294117647058824,0.47058823529411764,0.29411764705882354,0.23529411764705882,0.0,0.6111111111111112,0.05555555555555555,0,1,0,0,0,0,0,0,0,0,1,0,0,0,0,0,1,0,0,1,0,0,0,0,1,1,0,0,0,0,0,0,0,0,0,0,1,0,0,1,0,0,0,0,1,0,0,0,0,1,0,0,1,0,0,0,0,0,1,0,0,0,0,1,0,1,1,0,0,0,1,0,0,0,0,1,0,0,0,1,1,1,1,0,0,0,0,0,0,0,0,0,0,0,1,1,0,0,1,0,1,0,1,0,0,1,0,0,1,0,0,0,1,0,0,0,0,0,0,0,1,0,1,1,0,0,0,0,0,0,0,0,0,0,0,0,0,0,0,0,0,0,0,0,0,0,0,0,0,0,0,0,0,1,0,0,0,0,0,0,0,0,0,0,0,1,0,0,0,0,0,0,0,0,0,0,0,0,0,0,0,1,1,0,0,1,0,0,0,0,1,0,0,1,0,0,0,0,0,0,1,0,0,1,0,1,0,0,1,0,1,1,1,1,0,0,0,1,1,1,1,0,0,1,1,1,1,0,0,0,0,0,0,0,1,0,0,1,1,0,0,1,0,0,0,1,0,0,1,1,1,0,0,0,0,1,0,0,0,1,1,1,0,1,0,1,0,1,1,0,1,1,1,0,1,0,1,0,1,1,1,1,1,1,1,1,1,1,0,1,1,1,1,1,0
5.848108465608465,0.15383521013751933,0.15383521013751933,0.8533555071280714,10.238095238095237,290.32300000000004,1.0,2.4853784144068674,2.3975621374281344,52230.22737876032,6.167313394785921,25.67792381572452,5.817862777835028,11.49902366656781,11.6978511142704,0.0,0.0,0.0,4.9839785209472085,4.9839785209472085,0.0,0.0,17.696185628620217,18.18111668623608,21.3293926238326,14.210588861400147,11.766202058821523,0.0,9.967957041894417,0.0,6.4208216229260096,32.796727578156975,29.456480691930288,17.248535499851716,25.67792381572452,11.766202058821523,17.248535499851716,0.0,31.297349665727015,6.4208216229260096,0.0,11.126902983393991,0.0,0.0,105.51,0.0,0.0,0.0,5.948339280986494,29.48721990061275,11.126902983393991,0.0,27.526236195445676,12.13273413692322,9.967957041894417,25.67792381572452,15.924874707790472,0.0,7.900371315192744,0.0,13.050571864369664,2.228001325657803,2.1425385015117158,0.0,4.703740547004436,0.2857142857142857,4,0,0,0,1,7,7,5,0,0,0,2,1.2575999999999998,0,0,0,2,0,2,0,0,0,0,0,0,2,0,2,0,0,0,0,0,0,0,0,0,2,0,0,0,0,0,3,0,0,0,0,0,0,0,0,0,0,3,0,0,0,0,0,0,0,0,0,0,0,0,0,0,0,0,0,0,0,0,0,11,4.504761904761905,2,2,0.0,946.0,3,0.10476190476190476,0.1844611528822055,0.1844611528822055,0.16653451711596168,0.1844611528822055,0.23058694565198926,0.19336038476537484,0.19336038476537484,0.0165311423018509,0,0,0,0,0,2,0,0.3333333333333333,0.6666666666666666,0.14285714285714285,0.19047619047619047,0.0,0.45454545454545453,0.0,1,0,1,1,0,0,0,0,0,0,0,0,0,0,0,0,0,0,0,1,0,0,1,0,0,1,1,0,1,0,0,0,0,1,0,0,0,0,0,0,0,0,1,0,1,0,0,0,0,1,1,1,0,0,0,1,0,0,0,0,0,0,0,1,0,0,0,0,0,1,0,0,0,1,0,0,0,1,0,1,1,1,0,0,1,0,0,0,0,0,1,0,0,0,0,0,0,0,0,0,1,0,0,0,0,0,0,1,0,0,0,0,1,0,0,0,0,0,0,0,0,1,1,0,0,0,0,1,0,0,0,0,0,0,0,0,0,0,0,0,0,0,0,0,0,0,0,0,0,0,0,0,0,1,0,0,0,0,0,0,0,0,0,0,0,0,1,0,0,0,0,0,0,0,0,0,0,0,0,0,0,1,0,0,0,0,0,0,0,0,0,0,0,1,0,0,0,0,0,0,1,0,0,0,0,1,0,0,1,0,0,0,1,0,0,0,0,1,1,0,0,1,0,0,0,0,1,0,0,0,0,0,0,0,1,0,0,0,0,0,0,1,0,0,0,0,0,0,1,1,0,0,0,1,1,1,0,0,0,1,0,1,0,1,0,1,0,0,0,1,1,1,1,1,1,0,0,1,1,1,1,0,0,1,1,1,1,1,1,1,1,1,1,1,0
6.171802913552252,0.407932098765432,0.407932098765432,0.8058613927728192,21.55,306.236,0.95,2.4882229364431137,2.0462380294045226,50560.69006852407,5.767688568006868,5.316788604006331,0.0,0.0,0.0,0.0,0.0,0.0,0.0,0.0,0.0,53.53371512277308,48.712403840543416,11.959746875309353,10.045266627482652,0.0,23.20187978046503,0.0,5.316788604006331,0.0,24.801390121161376,7.04767198267719,69.20019058180492,0.0,5.316788604006331,0.0,0.0,23.20187978046503,7.04767198267719,0.0,0.0,41.49174459625236,10.045266627482652,0.0,12.03,0.0,0.0,0.0,0.0,22.005013502792007,12.841643245852019,16.690354475090988,0.0,19.18040611960041,35.64862394631438,23.20187978046503,0.0,12.195268080189766,0.0,4.6600656214131755,4.051124653565131,0.407932098765432,2.2628043115394307,0.0,2.0287022296419845,0.29411764705882354,1,1,0,1,0,1,3,2,0,0,0,3,5.179600000000004,0,0,0,0,0,0,0,0,0,0,0,0,0,1,0,0,0,0,0,0,0,0,0,0,0,0,0,0,1,0,0,0,0,0,0,0,0,0,0,0,0,0,0,0,0,0,0,0,0,0,0,0,0,0,0,0,0,0,0,0,0,0,0,10,4.052631578947368,3,3,0.0,770.0,3,0.11578947368421051,0.1695906432748538,0.1695906432748538,0.1570423167537769,0.1695906432748538,0.25640680811704114,0.2005573098583075,0.2005573098583075,0.01546810128861448,0,0,0,0,0,2,0,0.15,0.85,0.0,0.05,0.0,0.45454545454545453,0.0,1,0,0,1,0,0,0,0,0,0,0,1,0,0,1,0,0,0,1,1,0,0,1,0,0,1,1,0,0,0,1,0,0,1,0,0,1,0,0,1,0,0,0,0,0,1,0,1,0,1,0,0,0,0,0,0,0,0,1,0,0,0,0,0,1,1,0,0,0,0,0,0,0,0,0,0,0,0,0,0,1,1,0,0,0,0,1,0,0,0,0,0,0,0,0,1,0,0,0,0,1,0,0,0,0,0,0,1,0,0,1,0,0,0,1,1,1,0,0,0,0,0,1,1,0,0,1,1,0,0,0,0,0,0,0,0,0,0,0,0,0,0,0,0,0,0,0,0,0,0,0,0,0,0,0,0,0,0,0,0,0,0,0,0,0,0,0,0,0,0,0,0,0,0,0,0,0,0,0,0,0,0,0,0,0,0,0,0,0,0,1,0,0,0,0,0,0,0,0,0,0,0,0,0,0,0,0,0,0,0,0,0,0,0,0,1,0,0,1,0,0,1,0,0,0,0,0,0,0,1,0,1,1,1,0,1,1,0,0,1,0,0,0,0,1,0,1,0,0,0,0,0,0,1,0,0,0,0,0,0,0,1,1,0,0,0,0,0,0,0,0,0,1,1,0,1,0,0,1,1,0,0,0,0,1,0,1,0,1,1,1,1,0,1,0
12.403475056689343,0.11703703703703683,-0.11703703703703683,0.8617161250864191,17.05,266.30400000000003,1.2,3.2711651994369526,2.0018389097081015,110375.65615940165,4.030422454929436,10.216698334856808,5.817862777835028,5.817862777835028,0.0,5.907179729351506,0.0,4.794537184071822,9.967957041894417,0.0,0.0,0.0,43.52793314262446,18.435527972374114,11.250837766380558,4.794537184071822,23.230291559705122,0.0,9.967957041894417,0.0,25.807221274690605,10.216698334856808,41.71969133200497,0.0,10.216698334856808,17.323111830353618,0.0,0.0,21.916977600393885,0.0,6.923737199690624,28.763083413317833,0.0,0.0,58.120000000000005,0.0,4.794537184071822,0.0,5.907179729351506,17.423155098679985,29.910343790067603,0.0,18.460054211687762,19.056471336613843,20.184655376751227,0.0,0.0,0.0,23.42349584278156,2.9763888888888888,2.417598261526833,1.399305555555556,5.726640211640211,1.9814351851851852,0.0,0.26666666666666666,1,1,1,2,2,4,5,1,1,0,1,4,2.6512200000000004,0,0,0,0,0,2,0,0,0,0,0,0,3,1,0,0,0,0,0,0,0,0,0,0,3,1,0,0,2,0,0,0,0,0,0,0,0,0,0,0,0,0,0,0,0,0,0,0,0,0,0,0,2,0,0,0,0,0,0,0,0,0,0,7,3.557894736842105,4,4,0.11666666666666665,676.0,3,0.12105263157894734,0.14210526315789473,0.14210526315789473,0.13500541782931533,0.14210526315789473,0.2898931343374799,0.20478650308141622,0.20478650308141622,0.014786879726209503,0,0,1,0,0,2,1,0.25,0.75,0.05,0.2,0.0,0.43478260869565216,0.043478260869565216,0,0,1,0,0,0,0,0,0,0,1,0,0,0,0,1,0,0,1,1,0,0,0,1,0,0,0,0,0,0,1,0,0,1,0,0,1,0,0,1,0,1,1,0,1,1,0,0,0,1,0,0,0,0,0,0,0,0,1,0,0,0,0,0,1,0,0,1,0,0,0,0,1,0,1,0,0,1,0,0,0,1,1,0,0,0,1,0,1,0,1,0,0,0,0,0,1,0,0,0,1,0,0,0,0,0,0,0,0,0,0,1,0,0,0,0,0,0,1,0,0,1,1,1,1,1,0,0,0,0,0,0,0,0,0,0,0,0,0,0,0,0,0,0,0,0,0,1,0,0,1,0,0,0,0,0,0,0,0,0,0,0,0,0,0,0,1,0,0,0,0,0,0,0,0,0,0,0,0,0,0,0,0,0,0,0,0,0,0,0,1,0,0,1,0,0,0,0,0,0,0,0,0,1,0,1,0,1,1,0,0,0,0,1,0,0,0,0,0,0,1,0,0,0,0,1,1,0,0,1,0,0,0,1,0,0,0,0,1,1,0,0,0,0,0,1,0,0,1,1,1,0,0,1,0,1,0,0,0,0,0,1,0,1,0,1,0,0,0,0,1,1,1,1,0,1,1,0,0,1,0,0,1,0,1,0,1,0,1,1,1,1,1,1,0
14.983653155706726,0.04335879104728346,-1.3153294094140058,0.8747398264671755,20.26923076923077,361.37300000000005,1.3076923076923077,2.6008121369340973,2.004088915400979,825393.7397774052,5.979774542196717,24.210309458133064,17.857719730893475,11.5667326743298,5.428790391900541,0.0,5.969305287951849,4.794537184071822,9.184952231746642,0.0,0.0,0.0,20.037776250829424,32.37586919526338,16.944765761229018,19.028342580387395,22.559616494716465,0.0,9.467009378641833,0.0,12.965578028838586,44.73348930169089,33.86721054878994,5.749511833283905,15.065563076551069,10.077801322358383,5.749511833283905,0.0,60.376421632274784,0.0,5.817220841045895,23.3235667046074,0.0,10.902924932081056,75.00999999999999,17.215316520898284,19.086016810659167,0.0,23.598398499822668,30.043111637408877,19.15587988028676,6.196843571613076,4.567099647791355,18.871318913218293,4.899909730850478,4.736862953800049,22.556683437263793,0.0,28.085371659380563,9.363410540086191,-0.22381680128433334,-1.5426565069196736,1.342611961451247,5.075710339627637,2.0152775955562405,0.4444444444444444,1,0,2,2,1,6,8,2,0,1,1,4,1.5439999999999998,0,0,0,0,1,1,0,0,1,0,0,0,3,0,0,0,1,0,0,0,0,0,0,0,1,0,0,0,0,0,1,0,0,0,0,0,0,0,0,0,0,0,0,0,0,0,0,0,0,0,1,0,1,0,0,0,0,0,0,0,0,0,0,12,4.5661538461538465,4,4,0.0,1484.0,3,0.08923076923076924,0.1485897435897436,0.1485897435897436,0.12909983389718183,0.1485897435897436,0.22853527486489267,0.16764365990744917,0.16764365990744917,0.015716543479469307,0,0,0,0,0,2,1,0.3076923076923077,0.6923076923076923,0.15384615384615385,0.11538461538461539,0.0,0.5517241379310345,0.06896551724137931,0,0,0,1,1,1,0,0,1,0,1,0,0,1,1,0,1,0,1,0,0,0,0,1,0,0,0,0,0,1,1,0,1,1,0,0,0,0,0,1,0,0,0,0,0,0,1,0,1,0,0,1,1,0,0,0,0,1,1,1,0,0,0,0,0,1,0,0,0,1,0,1,1,0,0,0,1,1,0,1,1,1,0,0,1,0,0,0,0,0,0,0,0,0,1,0,1,0,0,0,1,0,0,0,0,0,0,1,0,0,0,0,1,0,0,0,0,0,0,0,0,1,0,1,1,1,0,0,0,0,0,0,0,0,0,0,0,0,0,0,0,0,0,0,0,0,0,0,0,0,0,0,0,0,0,0,0,0,0,0,0,0,0,0,0,0,0,0,0,0,1,0,0,0,0,0,0,0,0,0,0,0,0,0,0,1,0,0,0,0,1,0,0,1,0,0,0,0,0,0,0,0,0,1,0,0,0,1,1,0,0,0,0,1,1,1,0,1,0,0,0,1,0,1,0,1,1,0,1,1,0,0,0,1,0,1,0,1,0,1,0,1,0,1,1,0,1,0,1,1,1,1,0,1,0,1,1,1,0,0,0,1,1,1,1,1,1,1,1,0,1,1,1,1,1,1,1,1,1,0,1,1,1,0,1,1,1,1,1,1,1,1,1,1,0
6.200874590576971,0.16731481481481514,-0.5777078609221469,0.6150214671313037,12.722222222222221,320.04600000000005,0.7777777777777778,2.338497085193061,2.467618736944898,12244.370738070867,6.164208984375,0.0,4.836269690250055,0.0,0.0,0.0,0.0,0.0,0.0,0.0,23.20187978046503,53.53371512277308,29.32600418877882,15.963172673644046,0.0,0.0,46.40375956093006,0.0,0.0,0.0,10.754175736411447,0.0,69.70310615856953,0.0,0.0,0.0,0.0,46.40375956093006,4.836269690250055,0.0,0.0,17.044809029555385,10.045266627482652,0.0,0.0,4.836269690250055,0.0,0.0,5.917906046161393,10.045266627482652,11.126902983393991,0.0,0.0,48.53093654769288,0.0,46.40375956093006,0.0,24.278858847036755,-0.5777078609221469,1.3343551062400278,1.9018417737465363,-0.16731481481481514,0.0,0.0,0.0,0.14285714285714285,0,0,0,0,0,0,4,3,0,0,0,2,5.929000000000002,0,0,0,0,0,0,0,0,0,0,0,0,0,0,0,0,0,0,0,0,0,2,0,0,0,0,0,0,0,0,0,0,0,0,0,0,0,0,0,0,0,0,0,0,0,0,0,0,0,0,0,0,0,0,0,0,0,0,0,0,0,0,0,9,3.7973856209150325,2,2,0.0,581.0,3,0.12418300653594769,0.17483660130718953,0.17483660130718953,0.1911066293297075,0.17483660130718953,0.2738441094168808,0.2124557132008888,0.2124557132008888,0.017252575793806745,0,0,0,0,0,2,0,0.2222222222222222,0.7777777777777778,0.0,0.0,0.0,0.3684210526315789,0.0,0,1,0,0,0,1,0,0,0,0,0,0,0,1,0,0,0,0,1,1,0,0,0,0,0,0,0,0,0,0,0,0,0,0,0,0,0,0,0,1,0,0,0,0,0,0,1,1,1,1,0,0,0,0,0,0,0,0,0,0,0,1,0,0,1,0,0,0,0,1,0,0,0,0,0,0,0,0,1,1,0,1,0,0,0,1,1,0,1,0,0,0,0,0,0,0,0,0,0,0,1,0,0,0,0,0,0,0,0,1,1,0,1,0,0,1,0,0,0,0,0,0,0,0,0,0,0,0,0,0,0,0,0,0,0,0,0,0,0,0,0,0,0,0,0,0,0,0,0,0,0,0,0,0,0,0,0,0,0,0,0,0,0,0,0,0,0,0,0,0,0,0,0,0,0,0,0,0,0,0,0,0,0,0,0,0,0,0,0,0,0,0,0,0,0,0,0,0,0,0,0,0,0,0,0,0,0,0,0,0,0,0,0,0,0,1,0,0,0,0,0,0,0,0,0,0,0,0,0,0,0,1,0,0,0,1,0,0,0,0,0,0,0,0,0,0,0,0,0,0,0,0,0,1,0,0,0,0,0,0,0,0,1,0,0,0,0,0,0,0,0,0,1,1,0,0,0,0,1,0,0,0,0,0,0,0,0,0,0,0,1,1,0,1,0
10.436688082640464,0.21398148148148133,0.21398148148148133,0.742339965191979,13.0,325.496,0.9166666666666666,2.540810691939019,2.3226463709782914,195439.15842394935,8.343088615408353,5.106527394840706,5.749511833283905,0.0,0.0,0.0,0.0,4.899909730850478,0.0,0.0,0.0,48.02802097092827,59.21408258745031,23.565039196154313,0.0,5.106527394840706,0.0,0.0,4.899909730850478,0.0,59.04109532583644,6.544756405912575,65.22129102278387,5.749511833283905,0.0,0.0,5.749511833283905,0.0,28.63487518989968,0.0,6.923737199690624,56.724030942940885,0.0,0.0,23.47,0.0,5.106527394840706,0.0,5.917906046161393,17.833193491579827,18.52902952053558,11.126902983393991,0.0,18.19910120538483,69.85043107161165,0.0,0.0,0.0,2.5166515495086923,10.436688082640464,3.493361940455195,0.6122193877551021,0.9974074074074073,12.105608255647939,0.0,0.45454545454545453,1,0,0,0,0,2,2,7,0,0,0,2,5.341420000000006,0,0,0,0,0,0,0,1,0,0,0,0,1,0,0,0,0,0,0,0,0,0,0,0,0,1,0,0,0,0,0,0,0,0,0,0,0,0,0,0,0,0,0,0,0,0,0,0,0,0,0,0,0,0,0,0,0,0,0,0,0,0,0,9,4.75,2,2,0.0,1311.0,3,0.09057971014492754,0.17045454545454544,0.17045454545454544,0.19439653946314175,0.17045454545454544,0.21880297788711714,0.17324715223078604,0.17324715223078604,0.015238504364691761,0,0,0,0,0,2,0,0.08333333333333333,0.9166666666666666,0.041666666666666664,0.041666666666666664,0.0,0.52,0.0,0,1,0,0,0,1,0,0,0,0,0,0,0,0,0,0,0,0,0,0,0,0,0,0,0,0,0,1,0,0,0,1,0,1,0,0,0,0,0,1,0,0,0,0,0,1,0,1,1,0,1,0,0,0,0,0,0,0,1,0,0,0,0,0,1,0,1,1,1,0,0,1,0,0,0,1,0,0,0,0,1,1,1,0,0,1,1,1,0,1,0,0,0,0,0,0,1,0,0,1,1,0,0,0,0,1,0,1,0,1,0,0,1,1,0,0,0,1,0,0,0,0,0,0,0,0,0,0,0,0,0,0,0,0,0,0,0,0,0,0,0,0,0,0,0,0,0,0,0,0,0,0,0,0,0,0,0,0,0,0,0,0,0,0,0,0,0,0,0,0,0,0,0,0,0,0,0,0,0,0,0,0,0,0,0,0,0,0,0,0,0,0,0,0,0,0,0,0,0,0,0,0,1,0,0,0,0,0,0,0,0,0,0,1,0,0,0,0,0,1,0,0,0,0,0,0,0,0,1,0,0,0,0,0,0,0,1,0,0,1,0,1,0,0,1,0,1,0,0,0,1,0,0,1,0,1,0,0,0,0,0,0,0,0,0,0,0,1,0,1,0,1,1,1,0,1,1,1,1,0,1,1,0,1,1,1,1,0,1,1,1,1,1,1,0
6.08337962962963,0.016064814814814365,0.016064814814814365,0.7845504400951161,11.157894736842104,255.36100000000002,0.8421052631578947,2.4511708334110986,2.1446055624492186,26276.551334166976,7.073267029461437,9.636772684650527,6.103966387748303,0.0,0.0,0.0,0.0,0.0,0.0,0.0,0.0,60.6636706846161,25.22224694874837,6.544756405912575,6.606881964512918,4.736862953800049,0.0,0.0,4.899909730850478,0.0,6.103966387748303,27.246982335779872,71.7905736680101,0.0,0.0,0.0,0.0,0.0,32.14689206663035,4.736862953800049,0.0,17.230869371142294,0.0,0.0,12.47,0.0,0.0,0.0,6.103966387748303,0.0,13.151638370425493,11.126902983393991,0.0,12.13273413692322,67.52619024389774,4.736862953800049,6.08337962962963,0.0,2.131990740740741,0.0,2.4026965230536663,0.0,0.016064814814814365,1.6504190287226004,4.117859032501889,0.29411764705882354,0,0,0,0,0,2,2,6,0,0,0,2,3.3542000000000023,0,0,0,0,0,0,0,0,0,0,0,0,1,0,0,0,1,0,0,0,0,0,0,0,0,0,0,0,0,0,1,0,0,0,0,0,0,0,0,0,0,0,0,0,0,0,0,0,0,0,0,0,0,0,0,0,0,0,0,0,0,0,0,9,4.304093567251462,2,2,0.0,736.0,3,0.11695906432748539,0.19435844513243894,0.19435844513243894,0.19238397855358955,0.19435844513243894,0.24322904388244634,0.19724510200324066,0.19724510200324066,0.012710514731062213,0,0,0,0,0,2,0,0.10526315789473684,0.8947368421052632,0.05263157894736842,0.05263157894736842,0.0,0.4,0.0,0,1,0,0,0,1,0,0,0,0,0,1,1,1,0,0,0,0,1,0,0,0,0,0,0,0,0,0,0,0,0,1,0,1,0,0,0,0,0,0,0,0,0,0,0,1,1,1,0,0,0,1,0,1,0,1,0,0,0,0,1,0,0,1,1,0,0,0,0,0,0,0,0,0,1,0,0,0,0,0,1,1,0,0,0,1,1,0,0,0,0,0,0,0,0,0,0,0,0,0,1,0,0,0,0,0,0,0,0,0,0,0,0,1,0,0,0,0,0,0,0,0,0,0,0,0,0,0,0,0,0,0,0,0,0,0,0,0,0,0,0,0,0,0,0,0,0,0,0,0,0,0,0,0,0,0,0,0,0,0,0,0,0,0,0,0,0,0,0,0,0,0,0,0,0,0,0,0,0,0,0,0,0,0,0,0,0,0,0,0,0,0,0,0,0,0,0,0,0,0,0,0,1,0,0,0,0,0,0,0,0,0,0,1,1,0,0,0,0,0,0,1,0,1,0,0,0,0,1,0,0,0,0,0,0,0,0,1,0,1,0,0,0,1,1,0,1,0,0,0,1,0,0,1,1,0,0,0,0,0,1,0,0,0,0,0,1,0,0,0,0,0,0,1,0,1,1,1,0,0,1,1,0,1,0,1,1,0,1,1,1,1,1,1,0
6.164212962962964,0.011435185185184826,0.011435185185184826,0.7932087270574181,12.6,269.388,0.95,2.453474157244686,2.228710246066692,37793.31591819714,7.224666779448497,9.636772684650527,6.103966387748303,0.0,0.0,0.0,0.0,0.0,0.0,0.0,0.0,54.59730361615449,37.709435640135986,6.544756405912575,6.606881964512918,4.736862953800049,0.0,0.0,4.899909730850478,0.0,13.027703587438927,27.246982335779872,71.28765809124549,0.0,0.0,0.0,0.0,0.0,32.14689206663035,4.736862953800049,6.923737199690624,22.79432086283929,0.0,0.0,12.47,0.0,0.0,0.0,6.103966387748303,0.0,13.151638370425493,16.690354475090988,0.0,6.06636706846161,74.44992744358836,4.736862953800049,6.164212962962964,0.0,2.138793461829176,0.0,3.726128117913833,0.0,0.011435185185184826,3.7883819916855628,4.128275699168556,0.3333333333333333,0,0,0,0,0,2,2,6,0,0,0,2,3.662620000000003,0,0,0,0,0,0,0,0,0,0,0,0,1,0,0,0,1,0,0,0,0,0,0,0,0,1,0,0,0,0,1,0,0,0,0,0,0,0,0,0,0,0,0,0,0,0,0,0,0,0,0,0,0,0,0,0,0,0,0,0,0,0,0,9,4.342105263157895,2,2,0.0,825.0,3,0.11052631578947365,0.18567251461988304,0.18567251461988304,0.19191958769753653,0.18567251461988304,0.2409804395355203,0.19063405381710347,0.19063405381710347,0.013992764454535846,0,0,0,0,0,2,0,0.1,0.9,0.05,0.05,0.0,0.42857142857142855,0.0,0,1,0,0,0,1,0,0,0,0,0,1,1,1,1,0,0,0,1,0,0,0,0,0,0,0,0,0,0,0,0,1,0,1,0,0,0,0,0,0,0,0,0,0,0,1,1,1,0,0,0,1,0,1,0,1,0,0,1,0,1,0,0,1,1,0,0,0,0,1,0,0,0,0,0,0,0,0,0,1,1,1,0,0,0,1,1,0,0,0,0,0,0,0,0,0,0,0,0,0,1,0,0,0,0,0,0,0,0,1,0,1,0,1,0,0,0,0,0,0,0,0,0,0,0,1,0,0,0,0,0,0,0,0,0,0,0,0,0,0,0,0,0,0,0,0,0,0,0,0,0,0,0,0,0,0,0,0,0,0,0,0,0,0,0,0,0,0,0,0,0,0,0,0,0,0,0,0,0,0,0,0,0,0,0,0,0,0,0,0,0,0,0,0,0,0,0,0,0,0,0,0,1,0,0,0,0,0,0,0,0,0,0,1,1,0,0,0,0,0,0,1,0,1,0,0,0,0,1,0,0,0,0,0,0,0,0,1,0,1,0,0,0,1,1,0,1,0,0,0,1,0,0,1,1,0,0,0,0,0,1,0,0,0,0,0,1,0,0,1,0,0,1,1,0,1,1,1,1,0,1,1,0,1,0,1,1,0,1,1,1,1,1,1,0
11.020471151423532,0.02735082304526726,-0.02735082304526726,0.6739434898699772,11.823529411764707,223.27499999999998,1.0588235294117647,2.651229126208702,2.0368668949211246,12916.788302888795,3.7362175787874485,5.316788604006331,0.0,0.0,5.907179729351506,0.0,0.0,4.794537184071822,0.0,0.0,0.0,30.33183534230805,40.80736172663721,12.611123474374185,0.0,4.794537184071822,11.594566004035068,0.0,0.0,0.0,13.344558822616634,5.316788604006331,53.59147246262526,11.126902983393991,5.316788604006331,5.687386274683562,0.0,0.0,5.907179729351506,11.21535880699783,0.0,18.050640183084614,0.0,11.126902983393991,29.1,0.0,4.794537184071822,0.0,5.907179729351506,0.0,12.10820789760957,29.177543166478603,0.0,6.06636706846161,41.71499101477599,0.0,0.0,0.0,11.020471151423532,2.8223294595616024,6.134776077097506,-0.02735082304526726,0.9572732426303855,1.52973828420257,0.0,0.13333333333333333,1,1,0,1,0,1,2,1,0,0,0,3,3.2162000000000015,0,0,0,0,0,0,0,0,0,0,0,0,0,1,0,0,0,0,0,0,0,0,0,0,1,0,0,0,3,0,0,0,0,0,0,0,0,0,0,0,0,0,0,0,0,0,0,0,0,0,0,0,0,0,0,0,0,0,0,0,0,0,0,9,3.7720588235294117,3,3,0.0,513.0,3,0.13970588235294118,0.18480392156862746,0.18480392156862746,0.12738686169947397,0.18480392156862746,0.2764089535617859,0.2121324756064107,0.2121324756064107,0.01541059181607012,0,0,0,0,1,2,0,0.11764705882352941,0.8823529411764706,0.058823529411764705,0.058823529411764705,0.0,0.3157894736842105,0.05263157894736842,1,0,0,0,0,0,0,0,0,0,1,0,0,0,0,0,0,0,1,0,0,0,0,0,1,0,0,0,1,0,1,0,0,1,0,0,0,0,0,1,1,0,0,0,1,0,0,1,0,0,0,0,0,0,0,0,1,0,0,0,1,0,0,1,1,1,0,0,0,0,0,1,0,0,0,1,0,0,1,0,0,1,0,0,1,0,1,0,1,0,0,0,0,0,0,0,1,0,0,0,1,0,0,0,0,0,0,1,0,0,0,0,0,0,0,0,0,1,0,0,0,1,0,0,0,1,0,1,0,0,0,0,0,0,0,0,0,0,0,0,0,0,0,0,0,0,0,0,0,0,0,0,0,0,0,0,0,0,0,0,0,0,0,0,0,0,0,0,0,0,0,0,0,0,0,0,0,0,0,0,0,0,0,0,0,0,0,0,0,0,0,0,0,0,0,0,0,0,0,0,0,0,0,0,0,0,0,0,0,0,0,0,0,0,0,0,0,0,0,1,1,0,0,0,1,0,0,0,0,1,0,0,0,1,0,0,0,0,1,0,0,0,0,0,0,1,0,0,0,0,0,0,0,1,0,0,0,0,0,0,0,1,0,1,0,0,0,0,0,0,0,0,1,1,0,0,0,0,0,1,0,0,1,0,1,0,1,0,1,1,1,1,1,1,0
12.350300347233068,0.236016589506173,-4.395233082430503,0.9108229912132475,11.368421052631579,270.21,1.263157894736842,2.7479462875584,2.124666471103937,19345.541864411134,4.753017218495077,9.83988354097968,11.323698910571437,0.0,0.0,5.907179729351506,6.176298517443475,4.794537184071822,0.0,13.171245143024459,0.0,5.156663257125445,31.18920547353706,5.687386274683562,11.760295063310071,22.48887726406963,11.594566004035068,0.0,5.156663257125445,0.0,13.100035717134098,5.316788604006331,47.34946224772795,0.0,5.316788604006331,18.858631417708022,0.0,0.0,11.063842986476951,6.176298517443475,6.923737199690624,21.681687586340253,0.0,0.0,55.13,17.646929738491977,17.96578232709628,0.0,11.250837766380558,5.760247418874442,12.13273413692322,18.329577708536295,6.923737199690624,0.0,10.473451861131776,4.523094936973348,41.77844365804683,0.0,11.7445206207483,5.903751521780022,-0.27300441704459555,-0.1500737486352559,-3.150441415763836,1.5641511920552325,0.0,0.16666666666666666,1,0,0,0,1,3,7,2,0,0,0,2,3.2541200000000012,0,0,0,0,0,1,0,0,0,0,0,0,1,1,0,0,0,0,0,0,0,3,0,0,1,1,0,0,0,0,0,0,0,0,0,0,0,0,0,0,0,0,0,0,0,0,0,0,0,0,0,0,0,0,0,0,0,0,0,0,0,0,0,10,4.502923976608187,2,2,0.0,770.0,4,0.11695906432748539,0.2060543515651875,0.2060543515651875,0.1954682447053733,0.2060543515651875,0.23008705315938222,0.21822582775935584,0.21822582775935584,0.018202745764177276,0,0,0,0,1,2,0,0.3684210526315789,0.631578947368421,0.10526315789473684,0.10526315789473684,0.0,0.4,0.05,1,1,0,0,0,0,0,0,1,1,1,0,0,0,0,0,1,0,0,1,0,0,0,0,1,0,0,0,0,0,0,0,0,1,0,0,0,0,0,1,0,1,0,0,0,1,0,0,0,0,0,0,0,1,0,0,0,0,1,0,0,0,0,1,1,0,0,1,0,0,0,1,0,0,0,1,0,0,0,1,0,1,0,0,0,0,1,0,0,0,0,0,0,0,0,0,0,0,0,0,1,1,1,0,0,0,0,0,1,0,0,0,0,0,1,1,0,0,0,0,1,0,1,0,0,1,0,1,0,0,0,0,0,0,0,0,0,0,0,0,0,0,0,0,0,0,0,0,0,0,0,0,0,0,0,0,0,0,0,0,0,0,0,0,0,0,0,0,0,0,1,0,0,0,0,0,0,0,0,0,0,0,0,0,0,1,0,0,0,0,0,0,0,1,0,0,0,0,0,1,0,0,0,0,0,0,0,0,1,0,0,1,0,0,0,0,0,1,0,0,1,0,1,0,1,1,0,0,0,0,1,0,0,0,1,1,0,0,1,0,1,0,0,0,0,1,0,0,1,1,0,0,1,1,0,0,0,0,0,0,0,1,1,1,0,1,0,0,0,0,1,0,1,0,0,0,0,0,1,1,1,0,1,0,1,0,1,1,1,1,1,1,1,1,0
12.509903293340273,0.006755312335006369,0.006755312335006369,0.551662995519089,23.0,385.5120000000001,0.8571428571428571,3.1501177776136364,1.1554697996172785,3863909.2650786657,8.553559552791647,4.899909730850478,0.0,0.0,17.762698739689505,0.0,0.0,19.388893829844598,9.967957041894417,0.0,0.0,12.841643245852019,43.709400435475004,57.95911241864104,0.0,9.589074368143644,17.762698739689505,0.0,19.76777650359537,5.41499046939678,51.36657298340809,44.16844816632592,18.460054211687762,0.0,4.899909730850478,5.948339280986494,0.0,0.0,70.85067439777384,9.589074368143644,5.41499046939678,51.36657298340809,0.0,0.0,69.64000000000001,0.0,9.589074368143644,0.0,17.22934992809979,19.386399651764595,64.3554078022534,17.741552976702497,12.393687143226153,6.06636706846161,19.76777650359537,0.0,0.0,0.0,39.87376836243116,0.0,0.006755312335006369,0.9384800741558224,11.1021699083927,5.4903743219880035,0.0,0.7142857142857143,0,1,2,3,1,6,7,6,1,2,3,4,2.0881999999999996,0,0,0,0,0,2,0,0,0,0,0,0,5,0,0,0,0,1,0,0,0,0,0,0,1,0,0,0,0,0,0,0,0,0,0,0,1,0,0,0,0,0,0,0,0,0,0,0,0,1,1,0,0,0,0,0,0,0,0,0,0,1,0,17,6.650793650793651,4,4,0.0,2514.0,4,0.08201058201058199,0.21733821733821732,0.21733821733821732,0.1837904288913319,0.21733821733821732,0.15553618780394368,0.12918921236647207,0.12918921236647207,0.011408860417670029,0,0,0,0,1,1,3,0.25,0.75,0.07142857142857142,0.17857142857142858,0.0,0.7419354838709677,0.06451612903225806,0,0,0,0,1,0,0,0,0,0,1,0,0,1,0,0,1,0,0,0,0,0,0,1,0,0,0,0,0,0,1,0,0,0,0,0,1,0,0,1,0,0,0,0,1,0,0,0,0,0,0,0,0,0,0,0,0,1,1,0,0,0,1,0,1,0,0,0,0,0,0,0,1,0,1,0,1,0,0,0,1,1,0,0,0,0,0,0,0,0,0,0,0,0,0,0,0,1,0,0,1,0,1,0,1,0,0,0,0,0,0,0,0,0,0,0,0,1,0,1,0,1,1,0,0,1,0,1,0,0,0,0,0,0,0,0,0,0,0,0,0,0,0,0,0,0,0,0,0,0,0,0,0,1,0,0,0,0,0,0,0,0,0,0,0,0,0,0,0,0,0,0,0,0,0,0,0,0,0,0,0,0,0,0,0,0,0,0,0,0,1,0,0,1,1,0,0,0,0,0,0,0,0,1,0,1,0,1,1,0,0,0,0,1,1,0,0,1,0,0,1,0,0,0,1,0,1,0,1,0,0,0,0,1,1,0,0,0,1,1,1,0,0,0,0,1,1,0,1,1,1,0,0,0,0,1,1,1,0,0,1,1,0,1,1,1,1,0,0,0,1,1,0,1,0,1,1,0,1,0,0,1,1,1,1,0,1,1,0,1,1,1,1,1,0
13.213615677752582,0.22801508566389606,-1.2622283810643602,0.4637535306291197,15.758620689655173,404.4910000000001,0.6896551724137931,3.031808214680532,1.602853267904459,6455568.595354963,8.50890981753951,4.552749873690364,11.670759652908181,4.895483475517775,0.0,11.814359458703011,0.0,9.589074368143644,10.017825047909064,0.0,0.0,54.59730361615449,47.57405688415495,6.4208216229260096,11.374772549367124,14.141824241834009,34.364986481455425,0.0,0.0,5.917906046161393,11.316305098443785,15.770678654655853,90.99550602692418,0.0,10.017825047909064,11.374772549367124,0.0,0.0,22.119962939140162,20.76492884152893,5.917906046161393,6.4208216229260096,0.0,0.0,63.68,17.09376051954668,14.141824241834009,0.0,23.98803468837581,16.270256024884898,0.0,10.017825047909064,36.39820241076966,54.59730361615449,0.0,0.0,12.579056507665815,-1.2622283810643602,27.126514587571585,2.8487522045855376,1.2525646001692181,-1.2032046275300248,0.22801508566389606,0.0,0.0,0.13043478260869565,0,0,1,1,0,3,6,6,0,1,1,4,3.795500000000003,0,0,0,0,0,0,0,0,0,0,0,0,2,0,0,0,0,0,0,0,0,0,0,0,2,0,0,0,0,0,0,0,0,1,0,0,0,0,0,0,0,0,0,0,0,0,0,2,0,0,0,0,0,0,0,0,0,0,0,0,0,0,0,13,5.495073891625616,4,4,0.0,2231.0,3,0.0788177339901478,0.16648421820835616,0.16648421820835616,0.16417621758545203,0.16648421820835616,0.1903629928488288,0.14044375884570245,0.14044375884570245,0.011872386819082618,0,0,0,0,1,3,1,0.20689655172413793,0.7931034482758621,0.10344827586206896,0.06896551724137931,0.034482758620689655,0.375,0.0625,0,1,0,0,0,1,0,1,0,0,1,0,0,0,0,0,0,0,0,0,0,0,0,0,0,1,0,0,0,0,0,0,0,1,0,0,0,0,1,1,0,0,0,0,0,1,0,1,1,0,1,0,0,1,0,0,0,0,1,0,0,0,0,0,1,0,0,0,0,0,0,1,0,0,0,1,0,0,0,1,1,1,0,0,0,1,1,0,0,0,0,0,0,0,0,0,0,0,0,0,1,0,0,0,0,0,1,0,0,0,0,0,0,0,0,0,0,0,0,0,0,0,0,1,0,0,1,0,0,0,0,0,0,0,0,0,0,0,0,0,0,0,0,0,0,0,0,0,0,0,0,0,0,0,0,0,0,0,0,0,0,0,0,0,0,0,0,0,1,0,0,0,0,0,0,0,0,1,0,1,1,0,0,0,0,0,0,1,0,1,1,0,1,0,0,1,0,0,0,0,0,0,0,1,0,0,0,0,1,1,0,1,0,0,0,0,1,1,0,0,1,0,1,1,1,1,0,0,0,0,1,0,0,0,0,0,0,0,1,0,0,0,0,0,0,1,1,0,1,1,1,0,1,1,0,1,0,0,1,0,1,1,0,1,1,1,0,0,0,0,1,1,0,1,1,1,1,0,1,0,0,1,1,1,1,0,1,1,0,1,1,1,1,1,0
12.174763794406651,0.21895502645502685,-3.48361111111111,0.7916266736810947,11.294117647058824,248.30700000000002,0.6470588235294118,2.299425461378441,2.4961289671937283,6953.462595208406,4.101809822106994,11.46733495432437,0.0,0.0,9.837253136417502,0.0,0.0,0.0,8.417796984328938,0.0,0.0,0.0,48.53093654769288,11.374772549367124,9.79096695103555,8.417796984328938,21.212025685784624,0.0,0.0,0.0,9.79096695103555,11.46733495432437,48.53093654769288,0.0,11.46733495432437,11.374772549367124,0.0,0.0,8.417796984328938,9.837253136417502,0.0,0.0,0.0,0.0,86.18,9.837253136417502,8.417796984328938,0.0,9.79096695103555,11.374772549367124,0.0,24.26546827384644,24.26546827384644,0.0,0.0,11.46733495432437,24.349527588813302,0.0,0.4379100529100539,0.0,12.092172461577224,0.0,0.0,0.0,-3.48361111111111,0.0,4,0,0,0,0,4,5,2,0,0,0,2,1.6838000000000002,0,0,0,2,0,0,0,0,0,0,0,0,0,0,2,0,0,0,0,0,0,0,0,0,2,0,0,0,0,0,0,0,0,0,0,0,0,0,0,0,0,0,0,0,0,0,0,0,0,0,0,0,0,0,0,0,1,0,0,0,0,0,0,10,3.7941176470588234,2,2,0.0,516.0,4,0.1323529411764706,0.18627450980392157,0.18627450980392157,0.1875395639406799,0.18627450980392157,0.27451680813482887,0.21665914279525625,0.21665914279525625,0.019198653606750684,0,0,0,0,0,2,0,0.29411764705882354,0.7058823529411765,0.11764705882352941,0.11764705882352941,0.058823529411764705,0.2222222222222222,0.1111111111111111,0,0,0,0,0,0,0,0,0,0,1,0,1,0,0,0,1,0,0,1,0,0,0,0,0,0,0,0,0,0,0,0,0,0,0,1,0,0,0,0,0,0,0,0,0,0,0,0,0,1,0,0,0,0,0,0,0,0,0,0,1,0,0,1,0,0,0,0,1,0,0,0,0,0,0,1,0,0,1,0,0,1,0,0,0,0,1,0,0,0,0,0,0,0,1,0,0,0,0,0,1,0,0,0,0,0,0,0,0,0,0,0,0,0,0,0,0,0,0,0,1,0,0,0,0,0,0,0,0,0,0,0,0,0,0,0,0,0,0,0,0,0,0,0,0,0,0,0,0,0,0,0,0,0,0,0,0,0,0,0,0,0,0,0,0,0,0,0,0,0,0,0,0,0,0,0,0,0,0,1,0,0,0,1,0,0,1,1,1,1,0,0,1,0,0,1,0,0,0,0,0,1,0,0,0,0,0,0,0,1,0,0,1,0,0,0,1,0,0,0,0,0,0,0,0,0,0,0,0,0,1,0,0,0,0,0,0,0,0,0,1,0,0,0,0,0,0,0,0,0,0,0,1,1,0,0,0,0,1,1,0,1,0,1,1,0,0,0,0,0,1,0,0,1,0,0,1,0,0,1,0,0,0,0,1,0,1,1,0,1,1,1,1,1,0
11.825576341647771,0.16379629629629688,-3.557638888888888,0.8143349412643328,11.25,255.32400000000004,1.25,2.7005148523324487,2.2889130817194454,5649.477071079483,4.106313775510205,5.733667477162185,0.0,5.131558479839333,0.0,10.023291153407584,0.0,4.722094864452088,13.401775505276145,0.0,11.336785877934737,0.0,24.26546827384644,17.264292616762553,4.895483475517775,8.417796984328938,32.17902178586522,0.0,4.9839785209472085,0.0,4.895483475517775,10.455762341614273,35.842374615925436,0.0,10.455762341614273,10.818944754522896,0.0,11.336785877934737,13.401775505276145,10.023291153407584,0.0,0.0,0.0,0.0,85.08,10.023291153407584,8.417796984328938,0.0,4.895483475517775,10.818944754522896,0.0,41.799097723394254,5.380062770465915,0.0,9.706073385399296,5.733667477162185,26.02396636432351,1.2215293262366673,4.011827128999748,2.039555041152264,6.001955703577727,0.0,1.533235596707819,0.0,-3.557638888888888,0.0,3,0,0,0,1,5,7,3,0,0,0,2,1.5261,0,0,0,1,0,1,0,0,0,0,0,0,1,1,1,0,0,0,0,0,0,0,0,0,2,0,0,0,0,0,0,0,0,0,0,0,0,0,0,0,0,0,0,0,0,0,0,0,0,0,0,0,0,0,0,1,0,0,0,1,0,0,0,9,3.7333333333333334,2,2,0.0,448.0,4,0.14166666666666666,0.19523809523809527,0.19523809523809527,0.20477574704042403,0.19523809523809527,0.27832531152963547,0.2278409871226859,0.2278409871226859,0.018137500420926007,0,0,0,0,1,2,0,0.4375,0.5625,0.125,0.1875,0.125,0.23529411764705882,0.11764705882352941,1,1,0,0,1,0,0,0,0,1,1,0,1,0,1,0,1,0,0,1,0,0,0,0,0,0,0,0,0,0,0,1,0,0,0,1,0,0,0,0,0,0,1,0,1,0,0,0,0,1,0,1,0,0,0,0,0,0,0,0,0,1,0,1,0,0,0,0,1,0,0,0,0,0,1,1,0,0,0,0,0,1,0,0,0,0,1,0,0,0,0,0,0,0,1,1,0,0,0,0,1,0,0,0,0,0,0,0,0,0,0,0,0,0,0,1,0,1,1,0,1,0,1,0,0,0,0,0,0,0,0,0,0,0,0,0,0,0,0,0,0,0,0,0,0,0,0,0,0,0,0,0,0,0,0,0,0,0,0,0,1,1,0,0,1,0,0,0,0,0,0,0,0,0,0,1,0,0,0,1,0,0,0,1,0,0,1,1,1,1,0,0,1,1,0,1,0,1,0,0,0,1,0,0,0,1,0,0,0,1,0,1,1,0,0,0,1,0,0,0,0,0,1,0,1,1,0,0,0,0,1,0,0,0,1,0,0,0,0,0,1,0,0,0,0,1,0,0,1,1,0,0,1,1,0,0,0,0,1,1,0,1,0,1,1,1,0,0,0,0,1,0,0,0,0,0,1,0,0,1,0,0,0,0,1,0,1,1,0,1,1,1,1,1,0
10.843707482993198,0.12759259259259226,-0.12759259259259226,0.6587322532597096,9.909090909090908,170.237,1.5454545454545454,1.8467910438952897,3.088124235677758,271.47828345260757,3.4791154361633936,4.9839785209472085,0.0,4.771065770590158,0.0,5.559266895052007,0.0,9.77851570501903,0.0,0.0,0.0,13.344558822616634,18.638695065972705,11.760295063310071,0.0,0.0,12.217873443046695,0.0,9.967957041894417,0.0,19.765380445542643,0.0,26.88516491302406,0.0,5.559266895052007,0.0,0.0,12.217873443046695,9.967957041894417,6.4208216229260096,4.771065770590158,19.038486817465095,0.0,0.0,48.65,0.0,4.794537184071822,0.0,5.559266895052007,4.771065770590158,18.53557124070048,0.0,6.06636706846161,0.0,16.89169424158504,12.217873443046695,0.40365740740740774,4.790124716553287,16.224652305366593,0.0,0.7763425925925931,0.0,1.8772685185185183,2.053648904006047,0.0,0.42857142857142855,2,0,0,0,1,2,4,2,0,0,0,1,1.38499,0,0,0,0,0,2,2,0,0,0,0,0,0,2,0,0,0,0,0,0,0,0,0,0,0,1,0,0,0,0,0,0,0,0,0,0,0,0,0,0,0,0,0,0,0,0,0,0,0,0,0,0,0,0,0,0,0,0,0,0,0,0,0,6,2.8727272727272726,1,1,0.0,158.0,3,0.2,0.20808080808080806,0.20808080808080806,0.1591990974128933,0.20808080808080806,0.36187662604774906,0.27733097983970595,0.27733097983970595,0.021402029221546603,0,0,0,0,0,1,0,0.36363636363636365,0.6363636363636364,0.09090909090909091,0.18181818181818182,0.09090909090909091,0.2727272727272727,0.18181818181818182,0,0,0,0,1,0,0,0,0,0,1,0,0,0,0,0,0,0,0,0,0,0,0,0,0,0,1,0,0,0,0,0,0,1,0,0,0,0,1,1,0,0,0,0,0,1,0,0,0,0,0,0,0,1,0,0,0,0,1,0,1,0,1,0,0,0,0,0,0,0,0,0,0,0,0,0,0,1,0,1,1,1,0,0,0,0,0,0,0,0,1,1,0,0,0,0,0,1,0,0,1,0,0,1,0,0,0,1,0,0,0,0,0,0,0,0,0,0,0,0,0,0,0,0,1,0,0,0,0,0,0,0,0,0,0,0,0,0,0,0,0,0,0,0,0,0,0,0,0,0,0,0,0,0,0,0,0,0,0,0,0,0,0,0,0,0,0,0,0,0,0,1,0,0,0,1,0,0,0,0,0,1,0,0,0,0,0,1,0,0,0,0,1,1,0,0,0,0,0,0,0,1,0,0,0,1,0,0,1,1,0,0,0,0,0,0,1,0,1,1,1,0,0,0,0,1,1,0,0,0,0,0,1,0,1,0,0,0,1,1,0,1,1,1,0,1,1,0,1,1,0,0,0,0,0,1,0,0,0,1,0,0,0,0,0,1,0,0,0,0,1,1,0,0,0,1,0,0,0,1,0,0,1,1,1,0,0,0,1,1,1,1,1,1,0
10.576064342403628,0.07928240740740722,-0.7061574074074068,0.6737273296978754,22.083333333333332,171.23999999999992,1.3333333333333333,2.0484490301472014,2.532630281022175,491.62776723532835,3.895613316930221,10.84019487200289,0.0,0.0,0.0,0.0,5.969305287951849,4.794537184071822,0.0,0.0,0.0,19.26246486877803,24.801390121161372,0.0,6.4208216229260096,9.901064578912528,5.969305287951849,0.0,0.0,11.148657946558965,38.524929737556064,6.544756405912575,0.0,0.0,5.733667477162185,0.0,0.0,0.0,17.62058908870513,4.794537184071822,5.41499046939678,38.524929737556064,0.0,0.0,63.32000000000001,5.969305287951849,4.794537184071822,0.0,11.83581209232279,6.544756405912575,25.683286491704038,6.4208216229260096,0.0,0.0,0.0,10.84019487200289,0.0,0.0,10.576064342403628,8.706489512471656,5.543912037037037,-0.7061574074074068,5.76927484882842,0.5270833333333333,0.0,0.8888888888888888,3,1,0,1,0,2,3,3,1,0,1,1,1.3702999999999994,1,0,0,0,0,0,0,0,1,0,0,0,0,0,1,0,0,0,0,0,0,0,0,0,0,0,0,0,0,0,0,0,0,0,0,0,0,0,0,0,0,0,0,0,0,0,0,0,0,0,0,0,0,0,0,0,0,0,0,0,0,0,0,6,2.9242424242424243,1,1,0.0,193.0,4,0.1818181818181818,0.19242424242424241,0.19242424242424241,0.20921713361740174,0.19242424242424241,0.35667733247935285,0.2594895410260543,0.2594895410260543,0.023031629708771418,0,0,0,0,0,0,1,0.25,0.75,0.16666666666666666,0.08333333333333333,0.0,0.9166666666666666,0.08333333333333333,0,0,1,0,1,1,0,0,0,0,1,0,0,0,0,0,0,0,0,1,1,0,0,0,0,0,0,0,0,0,1,0,0,0,0,0,1,0,0,1,0,0,0,0,0,0,0,0,0,0,0,0,0,0,0,0,0,0,0,1,0,0,0,0,0,0,0,1,0,0,1,0,0,1,0,0,0,1,0,0,1,0,0,0,0,1,0,0,0,1,1,0,0,0,0,0,0,0,0,0,0,0,1,0,0,0,0,0,0,0,0,0,0,0,0,0,0,0,0,0,0,0,0,0,0,1,0,0,0,0,0,0,0,0,0,0,0,0,0,0,0,0,0,0,0,0,0,0,0,0,0,0,0,0,0,0,0,0,0,0,0,0,0,0,0,0,0,0,0,0,0,0,0,0,0,0,0,0,0,0,0,0,0,0,0,0,0,0,0,0,0,0,0,0,1,0,0,0,0,0,0,0,0,0,0,0,0,0,0,0,1,0,1,0,0,0,0,0,1,1,0,0,0,0,0,0,0,0,1,0,0,0,1,0,0,0,0,0,0,0,1,0,0,0,0,0,1,0,0,0,0,1,0,0,0,0,1,1,0,1,1,0,0,0,0,0,0,1,0,0,0,0,0,0,0,1,0,0,0,1,0,1,1,1,0,1,1,1,0,1,0,1,1,1,0
5.881172839506172,0.43672839506172845,-0.43672839506172867,0.5976039421761683,55.5,290.832,0.3333333333333333,2.0815718239857546,2.7602520756252087,416.3143647971509,4.506208943212113,0.0,0.0,0.0,0.0,0.0,0.0,0.0,0.0,0.0,69.60563934139509,0.0,0.0,0.0,32.26252720923436,0.0,69.60563934139509,0.0,0.0,0.0,32.26252720923436,0.0,0.0,0.0,0.0,0.0,0.0,69.60563934139509,32.26252720923436,0.0,0.0,0.0,0.0,0.0,0.0,32.26252720923436,0.0,0.0,0.0,0.0,0.0,0.0,0.0,0.0,0.0,69.60563934139509,0.0,35.28703703703703,0.0,-2.620370370370371,0.0,0.0,0.0,0.0,0.0,1.0,0,1,0,1,0,0,6,0,1,0,1,1,3.644400000000001,0,0,0,0,0,0,0,0,0,0,0,0,0,0,0,0,0,0,0,0,0,6,0,0,0,0,0,0,0,0,0,0,0,0,0,0,0,0,0,0,0,0,0,0,0,0,0,0,0,0,0,0,0,0,0,0,0,0,0,0,0,0,0,5,2.6363636363636362,1,1,0.0,174.0,3,0.1818181818181818,0.1636363636363636,0.1636363636363636,0.16363636363636364,0.1636363636363636,0.3909313725490196,0.266701082757806,0.266701082757806,0.028724236582487794,0,0,0,0,0,0,1,0.5,0.5,0.0,0.0,0.0,1.0,0.0,0,0,0,0,0,0,0,0,0,0,0,0,0,0,0,0,0,0,0,1,0,0,0,0,0,0,0,0,0,0,0,0,0,0,0,0,0,0,0,0,1,0,0,0,0,0,1,0,0,0,0,0,0,1,0,0,0,0,0,0,0,0,0,0,0,0,0,0,0,0,0,0,0,0,0,0,0,0,0,0,0,0,0,0,0,0,0,0,0,0,0,0,0,0,0,0,0,0,0,0,0,0,0,0,0,0,0,0,0,0,0,0,0,0,0,0,0,0,0,0,0,0,0,1,0,0,0,0,0,0,0,0,0,0,0,0,0,0,0,0,0,0,0,0,0,0,0,0,0,0,0,0,0,0,0,0,0,0,0,0,0,0,0,0,0,0,0,0,0,0,0,0,0,0,0,0,0,0,0,0,0,0,0,0,0,0,0,0,0,0,0,0,0,0,0,0,0,0,0,0,0,0,0,0,0,0,0,0,0,0,0,0,0,0,0,1,0,0,0,0,0,0,0,0,0,0,0,0,0,0,0,1,0,0,0,1,0,0,0,0,0,0,0,0,0,0,0,0,0,0,0,0,0,0,0,0,0,0,0,0,0,0,1,0,0,0,0,0,0,0,0,0,0,0,0,0,0,0,1,0,0,0,0,0,0,0,0,0,0,0,0,1,0,1,0
8.973703703703704,1.6403703703703705,-1.640370370370371,0.22695749910429205,55.5,180.156,0.3333333333333333,2.0815718239857546,2.7602520756252087,416.3143647971509,3.249570651732814,30.63916436904423,36.62379832648981,0.0,0.0,0.0,0.0,0.0,0.0,0.0,0.0,0.0,0.0,0.0,0.0,30.63916436904423,0.0,0.0,0.0,0.0,36.62379832648981,0.0,0.0,0.0,0.0,0.0,0.0,0.0,67.26296269553404,0.0,0.0,0.0,0.0,0.0,121.38000000000001,36.62379832648981,0.0,0.0,0.0,0.0,0.0,0.0,0.0,0.0,0.0,30.63916436904423,0.0,0.0,0.0,53.842222222222226,0.0,0.0,-9.842222222222222,0.0,0.0,1.0,6,1,0,1,0,6,6,0,1,0,1,1,-3.8346000000000005,0,6,6,0,0,0,0,0,0,0,0,0,0,0,0,0,0,0,0,0,0,0,0,0,0,0,0,0,0,0,0,0,0,0,0,0,0,0,0,0,0,0,0,0,0,0,0,0,0,0,0,0,0,0,0,0,0,0,0,0,0,0,0,5,2.6363636363636362,1,1,0.0,174.0,3,0.1818181818181818,0.1636363636363636,0.1636363636363636,0.16363636363636364,0.1636363636363636,0.3909313725490196,0.266701082757806,0.266701082757806,0.028724236582487794,0,0,0,0,0,0,1,0.5,0.5,0.5,0.0,0.0,1.0,0.0,0,0,0,0,0,0,0,0,0,0,0,0,0,1,0,0,0,0,0,0,0,0,0,0,0,0,0,0,0,0,0,0,0,0,0,0,0,0,0,1,0,0,0,0,0,0,0,0,0,0,0,0,0,0,0,0,0,0,0,0,0,0,0,0,0,0,0,0,0,0,0,0,0,0,0,0,0,0,0,1,0,0,0,0,0,0,0,0,0,0,0,0,0,0,0,0,0,0,0,0,0,0,0,0,0,1,0,0,0,0,0,0,0,0,0,0,0,0,0,0,0,0,0,1,0,0,0,0,0,0,0,0,0,0,0,0,0,0,0,0,0,0,0,0,0,0,0,0,0,0,0,0,0,0,0,0,0,0,0,0,0,0,0,0,0,0,0,0,0,0,0,0,0,0,0,0,0,0,0,0,0,1,1,0,0,0,0,0,0,0,0,0,0,0,0,0,0,0,0,0,1,0,0,0,0,0,0,0,0,0,0,0,0,0,0,0,0,1,0,0,0,0,0,0,0,0,0,0,0,0,0,0,0,0,0,0,0,0,0,0,0,0,0,0,0,0,0,0,0,0,0,0,0,0,0,1,0,0,0,1,0,0,0,0,0,0,0,1,1,0,0,1,0,0,1,0,0,0,1,0,1,0,0,0,0,1,0,1,0,0,0,1,1,1,0
8.925925925925926,0.0,-2.185185185185185,0.4117709812379537,24.133333333333333,397.288,0.9333333333333333,2.108535955543348,0.0,864.4997417727726,8.824483560509332,31.26946411214942,0.0,0.0,0.0,0.0,21.06526706137112,0.0,0.0,0.0,0.0,12.841643245852019,12.841643245852019,12.083681658295921,11.938610575903699,40.86739621919618,11.938610575903699,0.0,0.0,11.46733495432437,37.76696814999996,0.0,0.0,0.0,21.68038974400578,0.0,0.0,0.0,24.022292234199618,30.654341429514766,0.0,25.683286491704038,0.0,0.0,132.3,11.938610575903699,0.0,0.0,33.14894871966704,0.0,12.841643245852019,12.841643245852019,0.0,0.0,0.0,31.26946411214942,0.0,0.0,17.85185185185185,17.85185185185185,11.306481481481482,-4.370370370370369,4.797685185185186,0.0,0.0,0.75,4,1,0,1,0,6,7,0,1,0,1,1,-3.3012999999999986,2,0,0,0,0,0,0,0,2,0,0,0,0,0,2,0,0,0,0,0,0,0,0,0,0,0,0,0,0,0,0,0,0,0,0,0,0,0,0,0,0,0,0,0,0,0,0,0,0,0,0,0,0,0,0,0,0,0,0,0,0,0,0,0,0.0,1,1,0.0,inf,3,0.12380952380952379,0.0336996336996337,0.0336996336996337,0.03827093886185781,0.0336996336996337,0.0,0.18147599157923963,0.18147599157923963,0.02346473230965135,0,0,0,0,0,0,1,0.4666666666666667,0.5333333333333333,0.26666666666666666,0.13333333333333333,0.0,0.8461538461538461,0.15384615384615385,0,0,0,0,1,0,0,0,0,0,1,0,1,0,0,0,0,0,0,1,0,0,0,0,1,0,0,0,0,0,1,0,0,0,0,0,0,0,0,1,1,0,0,0,0,1,1,0,0,0,0,0,0,0,0,0,0,0,0,0,0,0,0,0,0,0,0,0,0,0,0,0,0,0,1,1,0,0,0,0,0,0,0,1,0,0,0,0,0,0,0,0,0,0,0,0,0,0,1,0,0,0,0,0,1,0,0,0,0,0,0,0,0,0,0,0,0,0,0,0,0,0,1,1,0,1,0,0,0,0,0,0,0,0,0,0,0,1,0,0,0,0,0,0,0,0,0,0,0,0,0,0,0,0,0,0,0,0,0,0,0,0,0,0,0,0,0,0,0,0,0,0,1,0,0,0,0,1,0,0,0,0,1,0,0,0,0,0,0,0,0,0,0,0,0,0,0,0,0,0,1,0,0,0,0,0,0,1,0,0,0,0,1,0,0,0,0,0,1,1,0,0,0,0,0,0,0,0,0,0,0,0,1,0,0,0,0,0,0,1,0,0,0,0,0,0,1,0,0,0,0,1,0,0,0,0,1,1,0,1,0,1,0,0,1,0,0,0,1,0,1,0,0,0,1,1,0,0,1,1,0,0,1,0,1,1,1,1,0,1,0,1,1,1,1
10.518101379440665,0.0992592592592596,-0.638452380952381,0.6238523859342106,31.727272727272727,157.21299999999997,1.3636363636363635,2.0456060352867365,2.297820229194632,335.4793897870248,3.715479048307071,10.84019487200289,0.0,0.0,0.0,0.0,5.969305287951849,4.794537184071822,0.0,0.0,0.0,0.0,38.14594894377801,0.0,5.917906046161393,9.901064578912528,5.969305287951849,0.0,0.0,17.56947956948497,25.683286491704038,6.544756405912575,0.0,0.0,5.733667477162185,0.0,0.0,0.0,17.62058908870513,4.794537184071822,11.835812092322787,25.683286491704038,0.0,0.0,63.32000000000001,5.969305287951849,4.794537184071822,0.0,5.917906046161393,12.462662452073968,25.683286491704038,0.0,0.0,0.0,0.0,10.84019487200289,0.0,0.0,10.518101379440665,8.665957105064248,5.477364417989419,-0.16308201058201122,3.6203703703703702,0.7146220710506426,0.0,0.875,3,1,0,1,0,2,3,2,1,0,1,1,0.8361000000000001,1,0,0,0,0,0,0,0,1,0,0,0,0,0,1,0,0,0,0,0,0,0,0,0,0,0,0,0,0,0,0,0,0,0,0,0,0,0,0,0,0,0,0,0,0,0,0,0,0,0,0,0,0,0,0,0,0,0,0,0,0,0,0,7,2.9454545454545453,1,1,0.0,162.0,3,0.20000000000000007,0.21616161616161617,0.21616161616161617,0.16180544471240052,0.21616161616161617,0.3537763877684826,0.28136380880875667,0.28136380880875667,0.021717735833778735,0,0,0,0,0,0,1,0.2727272727272727,0.7272727272727273,0.18181818181818182,0.09090909090909091,0.0,0.9090909090909091,0.09090909090909091,0,0,1,0,0,1,0,1,0,0,1,0,0,0,0,0,0,0,0,1,0,0,0,1,0,0,0,0,0,1,1,0,0,0,0,0,0,0,0,1,0,0,0,0,0,1,0,0,0,0,0,0,0,0,0,0,0,0,0,0,0,0,0,0,0,0,0,0,0,0,1,0,0,0,0,0,0,0,1,0,1,0,0,0,0,1,0,0,0,0,0,0,0,0,0,0,0,0,1,0,0,0,0,0,0,0,1,0,0,0,0,0,0,0,0,0,0,0,0,0,0,0,0,1,0,1,0,1,0,0,0,0,0,0,0,0,0,0,0,0,0,0,0,0,0,0,0,0,0,0,0,0,0,0,0,0,0,0,0,0,0,0,0,0,0,0,0,0,0,0,0,0,0,0,0,0,0,0,0,0,0,0,0,0,0,0,0,0,0,0,0,0,0,0,0,0,0,0,0,0,0,0,0,0,0,0,0,0,0,0,1,0,1,0,0,0,0,0,1,1,0,0,0,0,0,0,0,0,1,0,0,0,0,0,0,0,0,0,0,0,0,0,0,0,0,0,1,0,0,0,0,1,0,0,0,0,1,1,0,1,0,0,0,0,0,0,0,1,0,0,0,0,0,0,0,1,0,0,0,1,0,1,1,1,0,1,1,1,0,1,0,1,1,1,0
13.489947153523577,0.00018282674598513182,-3.927918185193166,0.36442311667248134,22.81578947368421,547.6740000000003,1.131578947368421,3.488942825841145,1.505042399502003,306514959.33644295,12.437477968274312,30.36757233740937,6.103966387748303,6.290026729335213,10.023291153407584,0.0,6.093240070938415,0.0,13.212334168400758,4.305215991296234,0.0,44.179309741689295,48.58846905755685,18.776899086508713,36.172960667601274,32.52945042464161,21.80391749902956,0.0,9.622004595302565,11.835812092322787,56.124401454730815,32.03694421801317,60.160755107851486,0.0,11.050456081168516,10.481923458755384,0.0,0.0,74.76585751623504,30.65470163773374,11.835812092322787,25.831747514004253,0.0,0.0,140.42000000000002,34.366304828990565,18.318861563241466,0.0,49.13853869643985,12.29426823919648,11.984273114623004,28.570684265142674,0.0,44.179309741689295,5.316788604006331,19.944256338562333,44.936107611628245,0.0,13.006349874895061,14.110682560635212,7.0674562608706974,-0.02312062273139448,-1.686242296442019,4.580091433119096,-3.927918185193166,0.5185185185185185,4,0,2,2,0,8,11,11,0,2,2,4,2.3753,0,1,1,1,0,0,0,0,0,0,0,0,1,1,1,0,0,0,0,0,1,0,0,0,1,0,0,0,1,0,3,0,0,0,0,0,0,0,0,0,0,0,0,0,0,0,0,0,0,0,0,0,0,0,0,1,0,0,0,0,0,0,0,16,6.786628733997155,4,4,0.0,4771.0,4,0.05832147937411095,0.16073968705547656,0.16073968705547656,0.18736203687001077,0.16073968705547656,0.15322673406214027,0.1393809344905078,0.1393809344905078,0.011604592153660765,0,0,0,0,2,2,2,0.2894736842105263,0.7105263157894737,0.18421052631578946,0.07894736842105263,0.02631578947368421,0.6341463414634146,0.07317073170731707,1,1,0,1,0,1,0,0,0,0,1,0,1,0,0,0,1,0,0,1,0,0,0,0,0,1,1,1,1,1,1,0,0,1,1,1,0,0,1,1,0,0,1,0,0,1,0,1,1,1,1,0,0,0,1,1,0,0,0,0,0,0,0,1,1,0,0,0,1,1,0,0,0,1,0,1,0,0,0,1,1,1,0,0,0,0,1,0,0,1,1,0,0,0,1,0,0,0,1,1,1,1,1,1,0,0,0,1,0,1,1,0,0,1,0,0,0,1,0,1,1,1,0,1,1,1,0,0,0,0,0,0,0,0,0,0,0,0,0,0,0,0,0,0,0,0,0,0,0,0,0,1,0,0,0,0,0,0,0,0,1,1,0,0,0,0,0,0,0,0,0,0,0,0,0,0,0,0,0,1,0,0,1,1,0,1,1,1,1,1,0,0,1,0,0,1,0,0,0,0,1,1,1,0,0,0,0,0,1,1,0,1,1,0,1,0,1,1,1,1,0,0,1,1,1,0,0,0,1,1,1,0,1,1,1,0,1,1,1,1,1,0,0,1,0,1,1,0,1,0,1,1,1,1,1,1,1,1,1,1,1,1,0,1,1,1,1,1,1,0,1,1,0,1,1,1,1,1,0,1,1,1,1,1,1,1,1,1,1,1,1,1,1,1,0
12.220999622071052,0.002197026958931536,-2.2274835837112623,0.3608202823251693,53.56521739130435,332.353,1.0869565217391304,2.4856877454194435,1.923376266641421,129772.7858128583,6.0116815884709744,40.163748253934926,18.31189916324491,5.783244946364939,6.290026729335213,5.7871111525705965,0.0,4.794537184071822,0.0,0.0,0.0,0.0,21.019081165045,6.4208216229260096,24.291614433792525,34.32470822999409,5.783244946364939,0.0,10.633577208012662,0.0,68.02521030155987,14.09534396535438,0.0,0.0,10.633577208012662,0.0,0.0,0.0,89.87882257518467,19.005126045471968,0.0,13.344558822616634,0.0,0.0,129.51,60.46389642530817,20.11411936859394,0.0,6.4208216229260096,0.0,0.0,0.0,21.019081165045,0.0,10.633577208012662,14.210588861400147,16.822069869614516,0.0,12.220999622071052,37.23964548164945,0.0,-2.7605644657554382,-5.579795235995634,1.6952252876459226,3.2391014608003696,0.9285714285714286,5,1,2,3,0,9,9,2,1,2,3,3,-2.9255999999999953,0,3,2,0,0,0,0,0,0,0,0,0,0,2,0,0,2,0,0,0,0,0,0,0,0,0,0,0,2,0,3,0,0,0,0,0,0,0,1,1,0,0,0,0,0,0,0,0,0,0,0,0,0,0,0,0,0,0,0,0,0,0,0,9,4.063241106719367,3,3,0.0,1028.0,4,0.09881422924901183,0.1458686241294937,0.1458686241294937,0.1238702394692426,0.1458686241294937,0.2550341015706679,0.1851065969896007,0.1851065969896007,0.019287913352491724,0,0,0,0,0,0,3,0.391304347826087,0.6086956521739131,0.30434782608695654,0.08695652173913043,0.0,0.96,0.04,1,1,1,0,1,0,0,0,0,0,1,0,0,0,0,0,1,0,0,0,0,0,1,0,0,1,0,0,1,1,1,0,0,1,0,1,1,0,1,1,0,0,0,0,0,0,1,0,0,0,0,1,0,0,0,1,0,0,1,0,0,0,0,1,0,1,0,0,0,0,0,0,0,0,1,0,0,0,1,1,0,0,0,0,0,1,0,1,0,0,0,0,0,1,0,0,0,0,0,0,1,0,0,1,0,1,0,0,0,1,0,1,0,0,0,0,1,0,0,0,0,0,0,1,0,0,0,0,0,0,0,0,0,0,0,0,0,0,0,0,0,0,0,0,0,0,0,0,0,0,0,0,0,0,0,0,0,0,0,0,0,0,0,0,0,0,0,0,0,0,0,0,0,0,0,0,0,0,0,0,0,1,1,0,0,1,0,0,0,0,0,0,0,0,0,0,0,0,0,0,1,0,0,0,0,0,0,0,1,0,0,0,0,0,0,0,0,1,1,0,0,1,0,1,0,1,1,0,0,1,0,0,0,1,0,0,0,0,0,0,1,0,0,1,0,0,0,0,1,0,0,1,0,0,0,1,0,0,0,1,1,1,0,0,0,1,0,1,1,1,1,1,0,1,1,0,0,1,1,1,1,0,1,0,1,1,1,1,1,1,0,1,1,1,0
5.979089191232049,0.3199621787994358,0.3199621787994358,0.39671114207443814,12.074074074074074,364.4050000000001,0.6666666666666666,3.187031229270331,1.8037414710024453,1885192.7127379861,8.09258117560532,25.559663058850983,25.74008992030395,11.671239571514539,0.0,0.0,0.0,0.0,0.0,0.0,0.0,58.842362001193955,12.13273413692322,22.253805966787983,0.0,14.092328104526615,11.671239571514539,0.0,0.0,21.77876040782545,0.0,14.219595082555067,71.7905736680101,22.647397821142874,11.46733495432437,0.0,0.0,0.0,25.890834654069607,9.675177167473267,0.0,11.126902983393991,0.0,22.647397821142874,108.36,0.0,0.0,0.0,0.0,11.671239571514539,33.774300804536864,14.219595082555067,0.0,60.6636706846161,19.986602620974345,15.884485891377718,5.979089191232049,0.0,9.368301737182232,7.435709081367978,15.025903035417375,2.1461051604219907,0.0,0.0,2.9104441266512127,0.1,4,0,0,0,1,5,7,6,0,0,0,3,3.147000000000002,0,0,0,0,0,0,0,0,0,0,0,0,2,0,2,0,0,0,0,0,0,0,0,2,0,0,0,0,0,0,0,1,0,0,0,0,0,0,0,0,0,0,0,0,0,0,2,0,0,0,0,0,0,0,0,0,0,0,0,0,0,0,0,18,6.327635327635328,3,3,0.0,2221.0,3,0.08262108262108264,0.21310541310541312,0.21310541310541312,0.16369734712075,0.21310541310541312,0.1658108828811825,0.16345045965988428,0.16345045965988428,0.012605029854391468,0,0,0,0,1,3,0,0.25925925925925924,0.7407407407407407,0.1111111111111111,0.14814814814814814,0.0,0.3448275862068966,0.06896551724137931,1,0,0,0,0,0,0,0,1,0,0,0,1,1,1,0,1,1,0,1,0,0,0,0,0,0,0,0,0,0,0,0,0,1,0,1,0,0,0,1,0,0,0,0,0,0,0,1,0,0,0,0,0,0,0,1,0,0,0,0,0,0,0,0,0,1,0,0,1,0,0,0,0,1,0,0,0,0,0,0,0,1,0,0,0,1,1,0,0,0,0,0,0,0,0,0,0,1,1,0,1,0,0,0,0,1,0,0,0,0,0,0,0,0,0,0,0,0,0,0,1,1,0,0,0,0,0,0,0,0,0,0,0,0,0,0,0,0,0,0,0,0,0,0,0,0,0,0,0,0,0,0,1,0,0,0,0,0,0,0,0,0,0,0,0,0,1,0,0,0,0,0,0,0,0,0,0,0,0,0,0,0,0,0,0,1,0,0,0,0,1,0,0,0,0,0,0,0,0,1,0,0,0,0,0,1,1,0,0,0,0,1,1,0,0,0,0,0,0,0,0,1,1,1,1,0,0,0,0,0,1,0,0,0,0,0,0,0,0,0,0,0,0,0,0,0,0,1,0,0,0,0,1,1,1,0,0,0,1,1,0,0,0,0,0,1,0,0,0,0,1,0,0,1,1,0,0,1,0,1,1,0,0,0,1,1,1,1,1,1,1,1,1,1,0
12.375394463340891,0.05751039304610672,-0.8235554715713442,0.855918702387755,17.157894736842106,255.27299999999997,1.105263157894737,2.9917453860635552,1.9881168620497733,39227.76550206533,4.387759596716938,9.67362704263206,0.0,0.0,5.783244946364939,0.0,5.969305287951849,9.589074368143644,0.0,0.0,0.0,30.33183534230805,18.553555759849232,17.802135892458033,11.611834041009853,14.69560176298435,11.75255023431679,0.0,4.567099647791355,0.0,18.883484074999977,0.0,59.415876960625184,0.0,0.0,0.0,0.0,0.0,21.42617727694885,11.339293589984397,0.0,34.084572334553144,0.0,0.0,59.3,11.887211334113243,9.589074368143644,0.0,5.783244946364939,24.222957515384042,5.693927994848461,0.0,24.26546827384644,22.766200853176187,0.0,5.106527394840706,1.8275,0.0,23.49054488270668,9.126647546376983,1.9295427059712782,-1.369655349794238,0.5561273305618544,0.5904830404383976,0.0,0.2,1,0,1,1,1,3,4,3,0,0,0,3,2.291,1,0,0,0,0,1,0,0,1,0,0,0,1,0,0,0,0,0,0,0,0,0,0,0,0,0,0,0,1,0,0,0,0,0,0,0,0,0,1,0,0,0,0,0,0,0,0,0,0,0,0,0,0,0,0,0,0,0,0,0,0,0,0,10,4.052631578947368,3,3,0.0,693.0,3,0.12280701754385961,0.17956656346749225,0.17956656346749225,0.18712043265463565,0.17956656346749225,0.256759759766771,0.19595503381351487,0.19595503381351487,0.016225282989916594,0,0,0,0,2,2,0,0.21052631578947367,0.7894736842105263,0.15789473684210525,0.05263157894736842,0.0,0.38095238095238093,0.09523809523809523,0,0,0,0,0,1,0,0,0,1,1,0,0,0,1,0,0,0,1,1,0,1,0,1,0,0,0,0,0,0,1,0,1,0,0,0,0,0,0,1,0,0,0,0,0,1,0,1,0,0,0,0,0,0,0,0,1,0,0,0,0,0,0,0,1,1,0,0,0,0,0,0,1,0,0,0,0,0,0,0,0,1,0,0,0,0,1,0,1,0,0,0,0,0,0,0,0,0,0,0,1,0,0,0,1,1,0,0,1,0,0,1,0,1,0,0,0,0,0,0,0,0,0,1,1,1,1,0,0,0,0,0,0,0,0,0,0,0,0,0,0,0,0,0,0,0,0,0,0,0,0,0,0,0,0,0,0,0,0,0,0,0,0,0,0,0,0,0,0,0,0,0,0,0,0,0,0,0,0,0,0,0,0,0,0,0,0,0,0,0,0,0,0,1,0,0,0,0,0,0,0,0,0,0,0,0,0,0,0,0,0,1,0,1,0,0,0,0,1,1,0,0,0,1,1,1,0,0,1,1,0,0,0,1,0,0,0,0,0,1,0,0,0,0,0,0,1,0,0,1,1,1,0,1,0,0,0,0,0,0,0,0,0,0,1,1,0,1,0,0,0,0,1,0,1,1,1,0,0,0,1,1,1,0,1,1,1,1,0,1,1,1,1,1,0
11.50527730536659,0.13483528596623828,-0.5692592592592598,0.6498890462135971,23.875,224.21599999999998,1.5,2.7144989063186875,2.3618874941980867,5760.166679208255,4.070238064132969,9.843390348640755,6.103966387748303,6.22790117073487,0.0,5.559266895052008,5.689743398203474,14.345615352810384,4.794537184071822,0.0,0.0,6.076020106833881,12.999757306524504,11.760295063310071,6.606881964512918,9.843390348640755,0.0,0.0,9.551078168738563,0.0,19.255604758173796,6.606881964512918,44.75041993837695,0.0,11.24901029325548,0.0,0.0,0.0,27.368453915840487,4.736862953800049,6.923737199690624,11.791352662431866,0.0,0.0,84.32,23.580877851738652,9.589074368143644,0.0,6.606881964512918,5.563451491696996,0.0,10.763943219404432,19.075777413358384,0.0,4.9839785209472085,9.843390348640755,6.632784391534392,0.0,24.85722970206601,8.87726581527673,-0.4909046411774578,0.0,3.817026643990929,1.4732647549760645,0.0,0.4,2,0,1,1,1,5,6,2,0,0,0,2,-0.7090799999999999,0,1,1,0,0,2,1,0,0,0,0,0,1,1,0,0,0,0,0,0,0,0,0,0,0,1,0,0,0,0,1,0,0,0,0,0,0,0,0,0,0,0,0,0,0,0,0,0,0,0,0,0,0,0,0,0,0,0,0,0,0,0,0,9,3.6083333333333334,2,2,0.0,433.0,3,0.14166666666666666,0.1863095238095238,0.1863095238095238,0.17236742744889905,0.1863095238095238,0.28827328773618294,0.22958168835848292,0.22958168835848292,0.019162101514517398,0,0,0,0,1,1,1,0.375,0.625,0.25,0.125,0.0,0.47058823529411764,0.17647058823529413,1,1,0,0,0,0,0,0,0,0,1,0,0,0,0,0,1,0,0,0,0,0,0,0,1,0,0,0,0,0,0,0,0,1,0,1,0,0,0,1,0,0,0,0,0,0,0,0,0,0,0,0,0,0,0,0,0,0,1,1,0,1,0,0,0,1,0,1,0,0,0,0,0,0,1,0,0,0,0,0,1,1,0,0,0,0,0,0,0,0,1,0,0,0,1,0,0,0,0,0,1,0,0,1,1,0,0,0,1,0,1,1,0,0,0,0,0,0,1,1,1,1,0,1,0,0,0,0,0,0,0,0,0,0,0,0,0,0,0,0,0,0,0,0,0,0,0,0,0,0,0,0,0,0,0,0,0,0,0,0,0,0,0,0,0,1,0,0,0,0,0,0,0,0,0,0,0,0,0,0,0,0,0,0,0,1,0,0,0,0,1,0,0,1,0,0,0,0,0,0,1,0,0,1,0,1,0,0,1,0,1,1,0,1,0,0,0,1,0,0,1,0,0,0,1,1,1,1,0,0,0,0,0,0,1,0,0,1,1,0,0,1,0,0,0,1,0,0,1,1,1,0,0,0,0,1,0,0,0,1,1,1,0,0,1,1,0,1,1,0,1,1,1,0,1,0,1,0,1,1,1,1,1,1,1,1,1,1,1,1,1,1,1,1,0
12.9775,0.02028549382715994,-4.02466793430335,0.8553020577996142,17.416666666666668,365.8420000000001,1.25,2.4693561527938965,2.1674137972904455,186246.24911217406,5.767518337625222,5.316788604006331,11.061259087652303,0.0,10.023291153407584,5.907179729351506,0.0,9.694446914922299,13.556770721936878,0.0,0.0,29.800041095617345,37.61002709646307,5.687386274683562,16.273471080121883,13.212334168400758,38.90618332235873,0.0,0.0,5.138973737607942,24.90873348703355,10.216698334856808,52.547738707904976,0.0,15.355672072464749,11.374772549367124,0.0,11.600939890232516,20.49075232581497,10.023291153407584,6.923737199690624,22.845177367156438,5.022633313741326,0.0,92.5,10.023291153407584,13.212334168400758,0.0,27.554523622442133,5.687386274683562,11.250837766380558,12.13273413692322,4.899909730850478,38.112942673227685,5.316788604006331,16.73991362784046,23.328306108740815,5.995814633687709,14.29299345972957,8.326087588591196,2.3781030022605756,-0.3128549382716046,-0.31712931468883876,3.747276300180566,-4.02466793430335,0.1875,3,0,1,1,0,4,8,2,0,0,0,3,2.714120000000001,0,0,0,0,0,0,0,0,0,0,0,0,1,1,1,0,0,0,0,0,0,0,0,0,2,1,0,0,1,0,0,0,0,0,0,0,0,0,0,0,0,0,0,0,0,0,0,1,0,0,0,0,0,0,0,1,0,0,0,0,0,0,0,10,4.449275362318841,3,3,0.0,1228.0,4,0.09420289855072465,0.15678524374176547,0.15678524374176547,0.1568226060153551,0.15678524374176547,0.23302216756001903,0.1809218843658503,0.1809218843658503,0.017710501811361936,0,0,0,0,0,2,0,0.3333333333333333,0.6666666666666666,0.125,0.125,0.041666666666666664,0.4230769230769231,0.11538461538461539,0,1,1,0,0,0,0,0,1,0,1,0,0,0,0,1,0,0,0,1,0,0,1,0,0,0,0,0,0,1,0,1,1,1,1,0,1,0,0,1,0,0,0,0,0,1,1,1,1,1,0,1,0,0,0,0,1,0,1,0,0,1,1,0,1,1,0,0,1,0,0,1,0,0,0,0,0,0,0,1,0,1,0,0,0,0,1,1,0,0,1,0,0,0,1,0,1,0,0,0,1,0,0,0,0,0,0,1,0,0,1,1,0,0,0,0,0,0,0,0,0,0,0,1,0,0,0,0,0,0,0,0,0,0,0,0,0,0,0,0,0,0,0,0,0,0,0,0,0,0,0,0,0,0,0,0,0,0,0,0,1,1,0,0,0,0,1,0,0,0,0,0,0,0,0,0,0,0,0,1,0,0,0,1,0,0,1,1,1,1,1,0,1,0,0,1,0,1,0,0,0,1,0,1,0,1,0,0,1,1,0,0,1,1,0,1,1,0,0,0,1,0,1,0,0,1,1,0,0,1,1,1,0,1,1,1,0,0,1,0,1,0,0,0,0,1,0,0,1,1,1,0,1,1,0,1,0,0,1,1,0,1,1,1,1,1,0,0,0,0,1,1,1,1,1,0,1,1,1,1,0,0,1,0,1,0,1,1,1,1,1,1,1,1,0
12.801515820728525,0.06447939702238248,-1.1585013349296522,0.17439428838158272,20.122448979591837,705.6470000000002,0.9183673469387755,3.884754611566343,0.9252982702044733,199522788933.96674,14.242160394904474,24.010408323101103,43.98707681575133,0.0,5.7871111525705965,0.0,5.689743398203474,0.0,23.70922122310075,10.197363616602075,0.0,36.191984048617265,74.00822950723274,48.13988297845574,23.35874238208577,14.210588861400147,34.57665232983216,0.0,29.11204765563101,0.0,44.74597079768669,49.19260901437709,111.80499667882631,11.436898107967467,20.22642581370448,11.374772549367124,5.749511833283905,23.20187978046503,74.60880359605545,21.80559346608327,0.0,31.873588343152214,10.045266627482652,5.687386274683562,104.70000000000002,5.7871111525705965,4.794537184071822,0.0,24.380307021012314,28.822482048205487,55.4115179039109,11.009123009909725,34.03627686938884,44.179309741689295,49.24662987309668,37.41246864186518,23.656891928744855,12.73959322120534,21.589064250528764,9.50482828370203,3.6420225064515117,-0.4101879101813043,5.18787381189661,8.480846894761878,0.0,0.37142857142857144,0,0,2,2,2,12,14,11,0,2,2,7,5.5773000000000055,0,0,0,0,0,6,0,0,0,0,0,0,8,0,0,0,0,0,0,0,0,0,0,0,2,0,0,0,0,0,3,0,0,0,0,0,0,0,0,0,0,0,0,0,0,0,0,0,0,0,1,0,0,0,0,0,0,0,0,0,0,0,0,27,10.285714285714286,7,7,0.0,12096.0,4,0.046768707482993194,0.19756838905775073,0.19756838905775073,0.1696656297482931,0.19756838905775073,0.10090529796884244,0.08620746080419586,0.08620746080419586,0.009233496589106414,0,0,0,0,3,5,2,0.2857142857142857,0.7142857142857143,0.08163265306122448,0.16326530612244897,0.0,0.4727272727272727,0.01818181818181818,1,1,0,1,0,0,1,0,1,0,1,1,0,0,0,1,1,0,0,1,0,0,1,1,0,0,0,1,0,0,1,0,0,1,0,0,1,1,1,1,0,0,0,1,1,0,1,1,1,1,0,0,1,0,0,1,0,1,1,0,1,0,0,0,0,0,1,1,0,0,1,0,1,0,0,0,1,0,1,0,1,1,0,0,1,0,1,0,1,0,0,0,0,0,0,0,0,0,0,1,1,0,1,1,0,1,0,1,1,1,1,1,1,0,0,0,0,1,0,0,0,1,1,1,0,1,1,0,0,0,0,0,0,0,0,0,0,0,0,0,0,0,0,0,0,0,0,0,0,0,0,0,0,0,0,0,0,0,0,0,0,0,0,0,0,1,0,0,0,0,0,0,0,0,0,0,0,0,0,0,1,0,0,0,0,1,0,0,0,0,1,0,0,1,0,0,0,0,0,0,1,0,0,1,0,1,0,1,1,0,0,1,0,1,1,1,0,1,0,0,0,0,1,1,1,1,1,0,1,0,0,1,0,0,1,1,0,1,1,1,1,1,1,1,0,1,1,0,1,1,1,1,1,1,1,1,1,1,1,0,1,1,1,1,0,1,1,0,1,0,1,1,1,1,1,1,1,1,1,0,1,1,1,1,1,1,1,1,1,1,1,1,1,1,0
10.293956916099773,0.25620370370370393,-1.11429012345679,0.6102420701854528,25.636363636363637,178.575,2.0,2.33610257706991,2.4662744119535054,343.40707882927677,3.061389046569733,15.677783455739522,11.212707653962994,6.103966387748303,0.0,0.0,5.969305287951849,4.794537184071822,0.0,0.0,0.0,16.756652616983054,0.0,6.4208216229260096,0.0,14.738653162649161,22.741112002999397,0.0,0.0,10.889380203912726,18.566628839822272,0.0,0.0,0.0,5.733667477162185,0.0,0.0,11.600939890232516,28.39250672450385,9.632125767808455,0.0,6.4208216229260096,0.0,0.0,84.91000000000001,18.115112504848113,4.794537184071822,0.0,11.591688447741042,0.0,0.0,0.0,0.0,0.0,9.993301310487173,22.441134762235407,0.0,5.432201121189216,14.932429138321996,12.045647518266568,5.227469135802469,-1.11429012345679,-0.35216049382716075,0.0,0.0,0.6,3,0,1,1,0,4,6,2,0,0,0,1,-0.26049999999999995,1,0,0,0,0,0,0,0,1,0,0,0,1,0,1,0,0,0,0,0,0,0,0,0,0,0,0,0,0,0,0,0,0,0,0,0,0,0,0,0,0,0,0,0,0,0,1,0,0,0,0,0,0,0,0,0,0,0,0,0,0,0,0,6,2.8181818181818183,1,1,0.0,155.0,3,0.20000000000000007,0.20202020202020202,0.20202020202020202,0.2190592159854322,0.20202020202020202,0.3685886496231324,0.2787829939494653,0.2787829939494653,0.024685405309736973,0,0,0,0,1,0,1,0.5454545454545454,0.45454545454545453,0.2727272727272727,0.18181818181818182,0.0,0.8181818181818182,0.18181818181818182,0,1,0,0,0,1,1,0,0,0,1,0,0,0,0,0,1,0,1,1,0,1,0,0,0,0,0,0,0,0,1,0,0,0,0,1,0,0,0,1,0,0,1,0,1,0,0,0,0,1,0,0,1,0,0,0,0,0,1,0,0,0,0,0,1,0,0,0,0,0,0,0,0,0,0,0,1,0,0,0,0,0,1,0,0,1,0,1,0,0,0,0,0,0,0,0,0,0,0,0,1,0,0,1,0,0,0,0,0,0,0,0,0,0,0,0,0,0,0,0,0,0,1,1,0,1,0,0,0,0,0,0,0,0,0,0,0,0,0,0,0,0,0,0,0,0,0,0,0,0,0,0,1,0,0,0,0,0,0,0,0,0,0,0,0,0,0,0,0,0,0,0,0,0,0,0,0,0,0,0,0,0,1,0,0,1,0,0,0,0,0,0,0,0,0,0,0,0,0,1,0,0,0,0,0,0,1,0,1,0,0,1,1,0,0,1,0,1,1,1,0,0,1,1,1,1,0,0,0,0,1,1,0,0,0,1,0,0,0,1,0,0,0,0,0,0,0,1,1,1,0,1,1,0,0,0,0,0,0,1,1,0,1,0,0,1,0,1,0,0,1,0,0,0,1,0,0,0,0,1,1,0,1,0,1,1,1,1,0,1,0,0,1,1,0
11.75297052154195,0.4735185185185171,-0.4735185185185171,0.748363450121821,12.555555555555555,236.274,0.8333333333333334,2.548225653496903,2.305250789577583,20630.434890710927,4.035866968245452,5.733667477162185,0.0,0.0,0.0,0.0,6.031114512338072,4.899909730850478,4.794537184071822,0.0,0.0,48.55024262443742,23.259637120317212,0.0,11.374772549367124,4.794537184071822,29.557927275372958,0.0,0.0,5.733667477162185,0.0,4.899909730850478,59.65783953108687,0.0,10.633577208012664,16.169309733438947,0.0,0.0,6.031114512338072,0.0,0.0,11.126902983393991,0.0,12.152040213667762,46.330000000000005,6.031114512338072,4.794537184071822,0.0,0.0,0.0,22.501675532761116,0.0,4.899909730850478,60.68297676136064,0.0,5.733667477162185,0.0,0.0,13.299266817838246,0.0,9.106447467876041,0.0,3.994259259259259,0.0,0.0,0.0,2,0,1,1,0,1,3,0,0,0,0,3,3.3872000000000018,0,0,0,0,0,0,0,0,0,0,0,0,1,0,1,0,0,0,0,0,0,0,0,0,2,0,0,0,2,0,0,0,0,0,0,0,0,0,0,0,0,0,0,0,0,0,0,2,0,0,0,1,0,0,0,0,0,0,0,0,0,0,1,7,3.4052287581699345,3,3,0.0,521.0,3,0.130718954248366,0.1503267973856209,0.1503267973856209,0.14131389311337988,0.1503267973856209,0.30303612615939063,0.21620313212573083,0.21620313212573083,0.015366357206000039,0,0,0,0,0,2,0,0.16666666666666666,0.8333333333333334,0.05555555555555555,0.1111111111111111,0.0,0.3,0.1,1,0,0,0,0,0,0,0,0,0,1,0,1,0,0,1,0,0,0,1,0,0,0,0,0,0,0,0,0,0,0,0,1,0,0,1,0,0,0,1,1,0,0,0,0,0,0,1,0,0,0,1,0,0,0,0,0,0,0,0,0,0,0,0,1,0,0,0,0,0,0,0,0,0,0,1,0,1,0,0,0,1,0,0,0,0,1,0,0,0,1,0,0,0,0,0,0,0,0,0,1,0,0,0,0,0,0,0,0,0,0,1,0,0,0,0,0,0,0,0,0,0,0,1,0,1,0,0,0,0,0,0,0,0,0,0,0,0,0,0,0,0,0,0,0,0,0,1,0,0,0,0,0,0,0,0,0,0,0,0,0,0,0,0,0,1,0,0,0,0,0,0,0,0,0,0,0,0,0,0,0,0,0,0,0,0,0,0,0,0,0,0,0,0,0,0,0,0,0,0,0,0,0,1,0,1,0,0,0,0,0,0,1,1,0,0,0,0,0,0,0,0,0,0,0,0,0,1,0,1,0,0,0,1,1,0,0,0,1,0,0,0,0,0,0,1,0,0,0,1,1,0,0,1,0,0,0,0,0,0,0,0,0,1,0,1,0,0,0,0,1,0,1,1,0,0,1,0,0,1,0,0,1,0,1,0,1,0,0,1,1,1,1,1,0
11.309989921894683,0.07368827160493785,-0.8315740740740745,0.34409154985497703,9.666666666666666,229.63099999999997,1.2,2.094828612663276,3.2110725546147147,1562.7421450468037,3.964406732215082,22.93466990864874,0.0,28.442317936155142,0.0,0.0,5.907179729351506,4.794537184071822,9.967957041894417,4.992404732635669,0.0,11.600939890232516,0.0,0.0,0.0,4.794537184071822,35.10339974399791,0.0,9.967957041894417,16.459739686960038,0.0,11.46733495432437,10.847037811741252,0.0,22.93466990864874,11.635725555670057,0.0,11.600939890232516,21.834691339989757,0.0,0.0,10.488465178920283,5.153109816892792,0.0,159.29,11.866734298095341,4.794537184071822,0.0,22.48276336741131,0.0,0.0,0.0,0.0,0.0,14.960361774530085,34.535609798881254,0.0,5.549068720080624,21.74185185185185,-0.14042328042328012,20.46212852733686,-1.501514707734945,0.0,0.0,0.0,0.0,8,0,0,0,1,5,9,1,0,0,0,1,-1.2919999999999998,0,0,0,2,0,2,0,0,0,0,0,1,3,0,4,0,0,0,0,0,0,0,0,0,2,0,0,0,0,0,0,0,1,0,0,0,0,0,0,0,0,0,0,0,0,0,0,0,0,0,0,0,0,0,0,0,0,0,0,0,0,0,0,8,3.5047619047619047,1,1,0.0,368.0,3,0.14285714285714285,0.1926739926739927,0.1926739926739927,0.19089978258808352,0.1926739926739927,0.29715974440261544,0.2288860503786672,0.2288860503786672,0.022270523666469404,0,0,0,0,0,1,0,0.6,0.4,0.06666666666666667,0.4666666666666667,0.0,0.4666666666666667,0.13333333333333333,0,0,0,0,0,0,0,0,0,1,1,0,1,0,0,0,0,0,0,1,0,0,0,0,0,0,0,0,0,0,0,0,0,0,0,0,0,0,0,1,0,0,0,0,0,0,0,0,0,1,0,1,0,0,0,0,0,0,0,0,1,0,0,1,0,0,0,0,0,1,1,0,0,0,0,1,0,0,0,0,0,0,1,1,0,1,0,0,0,0,0,1,0,0,0,1,0,0,0,0,1,0,0,0,0,0,1,0,0,1,0,0,0,1,0,0,1,0,0,0,0,0,1,0,0,1,0,0,0,0,0,0,0,0,0,0,0,0,0,0,0,0,0,0,0,0,0,0,0,0,0,0,0,1,0,0,0,0,0,0,0,0,0,0,0,0,1,0,0,0,0,1,0,0,0,0,0,0,0,0,0,1,0,0,0,0,0,0,0,0,0,0,0,1,0,0,0,0,0,0,0,0,0,0,0,1,1,1,1,0,0,0,1,0,0,1,0,0,0,0,1,0,0,1,0,1,1,0,0,0,0,1,0,0,1,1,0,0,1,0,0,0,0,0,0,1,0,1,1,1,0,0,0,0,0,0,0,0,0,1,0,1,1,1,0,1,0,0,0,0,1,0,1,0,0,0,0,0,1,1,0,0,1,0,1,0,1,0,0,1,1,1,1,1,0
10.320648148148148,0.19212962962962998,-0.5526851851851851,0.5507568071868295,8.88888888888889,123.11499999999998,1.5555555555555556,1.9003726279897948,2.981454614041131,129.22533870330605,2.212180313039664,5.733667477162185,5.693927994848461,0.0,0.0,5.907179729351506,0.0,9.77851570501903,4.9839785209472085,0.0,0.0,0.0,0.0,12.393687143226153,6.196843571613076,4.794537184071822,5.907179729351506,0.0,9.967957041894417,5.733667477162185,0.0,0.0,24.28445870968769,0.0,5.733667477162185,0.0,0.0,0.0,15.875136771245923,0.0,0.0,10.488465178920283,0.0,0.0,68.87,5.907179729351506,4.794537184071822,0.0,5.693927994848461,0.0,0.0,18.59053071483923,0.0,0.0,9.967957041894417,5.733667477162185,0.0,0.0,17.604444444444443,0.0,5.064444444444445,-0.5526851851851851,4.21712962962963,0.0,0.0,0.0,2,0,0,0,1,3,4,1,0,0,0,1,-0.4245000000000001,0,0,0,0,0,2,0,0,0,0,0,0,2,0,1,0,0,0,0,0,0,0,0,0,0,0,0,0,0,0,0,0,0,0,0,0,0,0,0,0,0,0,0,0,0,0,0,0,0,0,0,1,0,0,0,0,0,0,0,0,0,0,0,5,2.4444444444444446,1,1,0.0,88.0,3,0.25,0.20634920634920637,0.20634920634920637,0.19581634589643376,0.20634920634920637,0.42196511454823477,0.31737654198312654,0.31737654198312654,0.02137123305840784,0,0,0,0,0,1,0,0.4444444444444444,0.5555555555555556,0.1111111111111111,0.3333333333333333,0.0,0.2222222222222222,0.1111111111111111,1,0,0,0,0,0,0,0,0,0,1,0,1,0,0,0,0,0,0,1,0,0,0,0,0,0,0,0,0,0,0,0,0,0,0,0,0,0,0,1,1,0,0,0,1,0,0,1,0,0,1,0,0,1,0,0,0,0,0,0,0,0,0,0,0,0,0,1,0,0,0,0,1,0,1,0,0,0,0,0,0,1,0,0,0,0,0,1,0,0,0,0,0,0,0,0,0,0,0,0,1,1,0,0,0,0,0,0,0,0,0,0,0,0,0,0,0,0,0,0,0,0,1,0,0,1,0,1,0,0,0,0,0,0,0,0,0,0,0,0,0,0,0,0,0,0,0,0,0,0,0,0,0,0,0,0,0,0,0,0,0,0,0,0,0,0,0,0,0,0,0,0,0,0,0,0,0,0,0,0,0,0,0,0,0,0,0,0,0,0,0,0,0,1,0,0,0,0,0,0,0,0,0,0,0,0,0,1,1,0,0,0,1,0,0,0,0,0,0,0,1,0,0,1,0,1,1,0,0,0,0,0,0,0,0,0,0,0,1,0,0,0,0,0,0,1,0,0,1,1,0,0,0,0,0,0,0,0,0,0,0,0,0,0,0,1,0,0,0,0,1,0,0,0,0,0,0,0,0,1,0,0,1,0,1,0,1,0,0,1,1,1,1,1,0
10.838410336356766,0.30157407407407444,-3.5610440287226006,0.7899579227288236,12.071428571428571,212.23000000000002,1.3571428571428572,2.4669383005242724,2.539001213297287,1818.1335274863889,3.07139221415779,4.523094936973348,11.44678160159525,5.583020141642242,10.023291153407584,0.0,0.0,0.0,13.556770721936878,0.0,0.0,17.289397394048667,12.13273413692322,5.386224214464796,0.0,12.940891921302285,20.99253550951462,0.0,5.156663257125445,5.138973737607942,5.752853606746789,0.0,29.9593962686949,0.0,5.138973737607942,0.0,0.0,0.0,13.574460241454382,15.776144760154374,0.0,5.693927994848461,0.0,10.969244356107037,86.19000000000001,10.023291153407584,8.417796984328938,0.0,5.752853606746789,16.6631723509555,0.0,0.0,24.26546827384644,0.0,5.156663257125445,9.66206867458129,26.60172808012094,0.0,0.0,9.236725245653815,0.9113425925925935,-0.30157407407407444,0.0,0.0,-3.5610440287226006,0.125,2,0,0,0,1,4,6,2,0,0,0,2,0.6163,0,0,0,0,0,1,0,0,0,0,0,0,1,0,1,0,0,0,0,0,0,0,0,0,0,0,0,0,1,0,0,0,0,0,0,0,0,0,0,0,0,0,0,0,0,0,0,1,0,0,0,0,0,0,0,1,0,0,0,0,0,0,0,7,3.21978021978022,2,2,0.0,293.0,4,0.16483516483516483,0.184981684981685,0.184981684981685,0.19359849370821833,0.184981684981685,0.3216347999393338,0.2433498576141211,0.2433498576141211,0.020356085943104056,0,0,0,0,1,2,0,0.42857142857142855,0.5714285714285714,0.21428571428571427,0.14285714285714285,0.07142857142857142,0.2,0.13333333333333333,0,0,0,0,0,1,1,0,0,1,1,0,0,0,0,0,1,1,0,1,0,0,0,0,0,0,0,0,0,0,0,0,0,0,0,0,0,1,0,0,0,1,0,0,0,0,0,1,0,0,0,0,0,0,0,0,0,0,0,0,0,0,0,0,1,0,0,0,1,0,1,1,0,0,0,0,0,1,0,0,1,1,0,0,0,0,1,0,0,0,0,1,0,0,1,1,0,0,0,0,1,0,0,0,1,1,0,0,0,0,0,0,0,0,0,0,0,0,0,0,1,0,1,0,1,0,0,0,0,0,0,0,0,0,0,0,0,0,0,0,0,0,0,0,0,0,0,0,0,0,0,0,0,0,0,0,0,0,0,0,1,1,0,0,0,0,0,0,0,0,0,0,0,0,0,0,0,0,0,1,0,0,0,1,0,1,1,0,1,1,0,0,0,1,0,1,0,1,0,1,0,1,0,0,0,0,0,0,1,0,0,1,1,0,0,0,1,0,0,0,0,0,1,0,1,1,0,0,0,1,1,0,1,1,1,0,0,0,0,1,1,0,0,0,0,1,0,0,1,1,0,0,1,1,0,0,0,0,1,0,1,0,0,0,1,1,0,0,0,0,1,0,0,0,1,0,1,0,0,1,1,1,0,1,1,0,0,1,0,1,1,1,1,1,0
10.96008204207609,0.20037037037037053,-0.6513310185185186,0.4333097720182961,15.75,225.16,1.5625,2.834794765151926,2.0507091679266773,6605.071802803987,4.007691552183006,9.154013890853395,11.530193013330589,5.760247418874442,0.0,0.0,11.977422272799423,10.114318268765572,4.794537184071822,10.110320049694256,0.0,0.0,6.06636706846161,0.0,18.8257240539095,18.871862123742886,18.19202285233474,0.0,5.008912523954532,5.101407525739723,0.0,13.151638370425493,28.007299824563233,0.0,0.0,10.67871938593283,0.0,0.0,35.39170259367143,4.736862953800049,10.114318268765572,5.760247418874442,0.0,0.0,98.17999999999999,11.016551119756086,14.908855452837393,0.0,18.25131158524837,6.544756405912575,5.008912523954532,18.347334716458537,0.0,0.0,9.838270479539773,4.417150937053347,9.444675925925926,0.0,20.618318347400688,15.179635351054001,0.0,-0.16958475056689304,0.6776442953724702,0.6454474521289997,0.0,0.25,0,0,1,1,1,6,8,3,0,1,1,2,0.9739,0,0,0,0,0,0,0,0,0,0,0,0,3,0,0,0,0,0,0,0,0,0,0,0,0,0,0,0,0,0,1,1,0,0,1,0,0,0,0,0,1,0,0,1,0,0,0,0,0,0,0,0,0,0,0,0,0,0,0,0,0,0,0,9,4.091666666666667,2,2,0.0,491.0,3,0.1416666666666667,0.22083333333333333,0.22083333333333333,0.2081725570099563,0.22083333333333333,0.25295048108966933,0.23628507550997346,0.23628507550997346,0.016584193652978804,0,0,0,0,2,1,1,0.5,0.5,0.3125,0.1875,0.0,0.5294117647058824,0.17647058823529413,0,0,1,0,0,0,0,0,0,0,1,1,0,0,1,0,1,1,0,1,0,0,0,0,0,0,0,0,1,0,1,0,1,0,0,0,0,0,0,1,0,0,0,1,0,0,0,0,0,1,0,0,0,0,1,0,0,1,1,0,0,0,0,0,1,0,0,0,1,0,1,1,1,0,0,1,0,0,0,0,0,1,1,0,0,1,1,0,0,0,0,0,0,0,0,0,1,0,0,0,1,0,0,0,0,0,0,0,1,0,0,0,0,1,0,0,0,0,0,1,0,0,0,0,0,0,0,1,0,0,0,0,0,0,0,0,0,0,0,0,0,0,0,0,0,0,0,0,0,0,0,1,1,0,0,0,0,0,0,0,0,0,0,0,0,0,0,0,0,0,0,0,0,0,0,0,0,1,0,0,1,0,0,0,1,1,0,0,0,0,0,1,0,0,0,0,0,0,1,1,1,0,0,1,0,0,1,0,0,0,0,1,0,0,0,0,0,0,0,0,1,0,1,1,1,1,0,0,1,0,1,0,0,0,1,0,0,1,1,1,0,0,0,0,0,1,1,1,1,1,1,1,1,0,0,1,0,0,1,0,1,1,0,1,1,1,1,0,1,0,1,1,0,0,1,1,1,0,1,0,1,1,1,0,1,1,1,1,0,1,1,0,1,1,0
13.498317422929825,0.0728288281183298,-1.1299299595105887,0.5047877346321323,13.933333333333334,411.473,1.1,3.003749926865156,2.076455594727194,4553841.0841237735,9.238133081538038,19.88668183231347,5.817220841045895,0.0,0.0,0.0,5.969305287951849,4.794537184071822,4.39041504767482,0.0,0.0,36.407855449141934,43.68604720329695,34.62296687070048,18.628754398422615,24.50453441626876,22.94825032686679,0.0,4.567099647791355,0.0,44.93889124987784,0.0,66.11810549042112,11.126902983393991,0.0,4.39041504767482,0.0,0.0,38.06391989576192,4.794537184071822,5.817220841045895,38.42488646922969,0.0,28.105848022308933,82.69,24.598059686374462,19.39800702142805,0.0,18.279883293119866,0.0,27.72375591032351,12.13273413692322,24.284774350590983,24.26546827384644,18.414574047172604,5.106527394840706,15.642088497717765,0.0,10.725386893344423,29.871908880417735,3.6503198282297316,-1.4273244322216179,0.7269275140577443,4.1215554027702295,0.0,0.2916666666666667,3,0,0,0,1,4,6,8,0,0,0,3,4.628100000000003,1,2,2,0,0,1,0,0,1,0,0,0,1,0,0,0,0,0,0,0,0,0,0,0,0,0,0,0,1,0,0,0,0,0,0,0,0,0,0,0,0,0,0,0,0,0,0,1,0,0,0,0,0,0,0,0,0,0,0,0,0,0,0,14,5.691954022988506,3,3,0.0,2476.0,3,0.0735632183908046,0.1675697865353038,0.1675697865353038,0.1714658238280292,0.1675697865353038,0.1842603025142264,0.13440255631770331,0.13440255631770331,0.013916535788716126,0,0,0,0,1,3,0,0.2,0.8,0.13333333333333333,0.03333333333333333,0.0,0.4375,0.0625,1,1,1,0,0,1,1,0,1,0,1,0,0,0,0,0,0,0,0,0,0,0,0,0,0,1,0,1,1,1,0,0,0,1,0,0,0,1,0,1,1,1,0,0,0,1,0,1,0,0,0,0,0,0,1,0,0,0,0,1,0,0,0,0,1,0,0,1,0,1,0,0,0,1,0,0,0,1,0,0,1,1,0,1,0,0,1,0,1,0,1,0,0,0,1,0,0,0,0,1,1,0,1,0,0,0,0,0,0,0,0,1,1,0,0,0,0,1,1,0,0,0,0,0,0,1,0,0,0,0,0,0,0,0,0,0,0,0,0,0,0,0,0,0,0,0,0,0,0,0,0,0,0,0,0,0,0,0,0,0,0,0,0,0,0,0,0,0,0,0,1,0,0,0,0,0,0,0,0,0,0,1,0,0,0,0,0,0,0,0,1,0,0,1,0,0,0,0,0,0,0,0,1,1,0,0,0,0,0,0,0,1,0,1,0,1,0,1,0,1,0,0,0,0,1,0,0,1,0,1,0,0,1,1,0,1,0,0,0,0,0,0,0,0,0,0,0,0,0,1,1,1,0,1,0,0,0,0,0,1,1,0,1,0,0,1,0,1,1,0,0,0,1,1,1,0,1,1,1,0,1,0,1,1,1,1,1,1,1,1,1,1,1,1,0
14.49045132175083,0.04675224687312918,-1.7520835863725266,0.06710971949761857,24.28985507246377,1007.2069999999995,0.782608695652174,3.7837445009513253,2.0507309443665833,219060598592266.5,27.746678741016556,70.15862726238424,48.042397637319624,0.0,64.97897702286656,0.0,0.0,52.73990902479004,0.0,0.0,0.0,67.83630051138518,55.21528421264705,30.892106865258175,19.007418857986544,57.84643641963074,86.56677297564002,0.0,42.117429958894796,34.770482000971526,127.39624841535425,24.595220025318728,29.828919765543436,5.749511833283905,60.152190136693065,0.0,5.749511833283905,21.587795952773448,147.91536080706015,59.16073064771604,11.835812092322787,78.20415165094157,0.0,0.0,399.5299999999999,145.03883097690226,57.84643641963074,0.0,48.98034636762948,18.405094737549014,21.587795952773448,29.16537800469692,13.847474399381248,13.847474399381248,37.217520228044314,22.93466990864874,0.0,0.0,148.02187635122587,27.69527321597431,22.932288616647316,-10.389026257274212,-0.693582911064784,6.601931611419003,2.046045508111879,0.6046511627906976,16,0,2,2,0,15,26,17,0,2,2,3,-3.6086000000000125,0,0,0,0,0,0,0,1,0,0,0,0,1,7,4,0,0,1,0,0,0,0,0,0,0,0,0,0,0,0,0,0,0,0,0,0,0,0,0,0,0,0,0,0,0,0,0,0,0,0,0,3,0,0,0,0,0,0,0,0,0,0,0,25,9.822676896845694,3,3,0.0,23044.0,3,0.03026427962489343,0.13168174472904023,0.13168174472904023,0.1351362063797169,0.13168174472904023,0.10538428594193275,0.07390363661707486,0.07390363661707486,0.009287177288900661,0,0,0,0,1,1,2,0.37681159420289856,0.6231884057971014,0.17391304347826086,0.17391304347826086,0.028985507246376812,0.7605633802816901,0.15492957746478872,1,1,1,1,1,0,0,1,1,0,1,0,1,0,0,1,0,0,1,1,0,0,0,0,0,1,0,1,1,1,1,0,1,1,0,1,1,0,1,1,1,0,1,0,0,1,0,1,1,1,0,1,0,0,1,1,0,0,1,0,1,1,1,0,1,1,1,0,0,1,0,0,1,0,1,1,0,0,1,0,1,1,0,0,0,1,1,0,1,0,1,0,0,0,1,0,1,0,1,1,1,0,1,0,1,1,1,0,1,1,0,0,1,0,1,1,0,1,0,1,0,0,0,1,0,1,0,1,0,0,0,0,0,0,0,0,0,0,0,0,0,0,1,0,0,0,0,0,0,0,0,0,0,0,0,0,0,0,0,0,0,0,0,0,1,0,0,0,0,0,0,0,0,0,0,0,0,0,0,0,0,1,1,0,0,0,0,0,0,0,0,0,0,0,0,1,0,0,0,0,0,0,1,1,0,0,0,1,1,0,1,1,1,1,0,0,1,0,1,1,1,0,0,1,1,1,0,0,1,0,0,0,1,0,0,0,0,0,1,1,0,1,1,1,0,1,1,0,1,1,1,0,1,0,0,1,1,1,0,1,1,1,0,0,1,1,1,1,1,1,1,1,0,0,1,1,1,1,1,1,1,1,1,1,1,1,1,1,1,1,1,1,1,1,0
12.691175679358606,0.09400805189946637,0.09400805189946637,0.5522261019745442,13.35483870967742,411.46900000000016,0.967741935483871,3.3098610189544537,1.4494665069778794,21702930.81405734,7.714160623054112,0.0,11.642267275834955,0.0,11.731584227351433,0.0,0.0,9.694446914922299,9.967957041894417,5.213385095654868,10.197363616602075,48.53093654769288,42.17203559305311,23.24165260116846,6.544756405912575,4.794537184071822,11.725042507186533,0.0,30.59209084980623,0.0,33.23387405114585,4.899909730850478,71.17617202393527,22.514758973090913,4.899909730850478,5.817862777835028,0.0,0.0,36.49927057915774,17.760115212910407,13.847474399381248,29.066057099168386,0.0,22.514758973090913,100.55000000000001,0.0,4.794537184071822,0.0,5.907179729351506,31.03520864776445,39.329048231168464,0.0,4.899909730850478,50.245676810150904,42.72482498672945,0.0,0.0,0.0,23.512646659381797,14.38551719530567,6.031802452578656,2.0780540706834207,1.179568215652999,4.32585928718286,0.0,0.21739130434782608,1,0,1,1,2,6,8,4,0,0,0,5,3.4199400000000013,0,0,0,0,0,6,1,0,0,0,0,0,6,1,0,0,0,0,0,0,0,0,0,0,1,2,0,0,1,0,0,0,0,0,0,0,0,0,0,0,0,0,0,0,0,0,0,0,0,0,0,0,0,0,0,0,0,0,1,0,0,0,0,14,6.113978494623656,5,5,0.0,2843.0,3,0.07526881720430109,0.1763440860215054,0.1763440860215054,0.17702323711670323,0.1763440860215054,0.1690991491742971,0.14966982352456973,0.14966982352456973,0.011123919895152217,0,0,0,0,1,4,0,0.25806451612903225,0.7419354838709677,0.03225806451612903,0.22580645161290322,0.0,0.3142857142857143,0.02857142857142857,1,1,1,0,0,0,0,0,1,0,1,0,1,0,0,0,0,0,0,1,0,0,1,0,0,0,1,0,0,1,1,0,0,1,0,0,0,0,1,1,0,0,0,0,0,0,0,1,1,1,1,0,1,0,1,0,0,0,1,0,0,0,0,1,1,0,1,1,0,0,0,0,0,0,1,0,1,0,0,1,1,1,0,0,1,0,1,0,1,0,1,1,1,0,1,0,1,0,0,0,1,1,1,1,0,1,0,0,0,0,0,0,0,0,0,0,0,0,0,0,0,0,1,0,0,0,0,0,0,0,0,0,0,0,0,0,0,0,0,0,0,0,0,0,0,0,0,0,0,0,0,0,0,0,0,0,0,0,0,0,0,0,0,0,0,0,1,0,0,0,0,0,0,0,0,0,0,0,0,0,1,0,0,0,0,0,0,0,0,0,1,0,0,1,0,0,0,1,1,0,0,0,0,1,0,1,0,1,1,0,0,1,0,1,0,0,0,0,0,0,1,0,1,0,1,1,1,0,1,1,0,0,0,1,0,0,1,0,1,1,0,0,0,0,1,1,1,0,1,1,1,0,1,1,0,1,1,1,1,0,1,0,0,1,0,1,0,0,0,0,1,1,1,1,0,1,1,1,1,1,0,1,1,1,1,0,1,0,1,1,1,1,1,1,0
12.899710411942554,0.02487397119341539,-3.9309115698748633,0.6434779087810476,14.68,357.3470000000001,1.04,2.605681172148907,2.150211137356128,560085.9565910632,5.147870003282747,4.417150937053347,5.817862777835028,11.447633693558004,0.0,15.582558048459592,5.756062822229453,9.099753175368056,18.19631268934797,4.567099647791355,0.0,18.19910120538483,24.26546827384644,18.80796704598726,4.895483475517775,12.834947921382284,15.710677428091145,0.0,9.551078168738563,0.0,4.895483475517775,11.352887973973424,69.56581713626944,17.141561688406465,15.620545708577694,5.687386274683562,0.0,0.0,25.01654713574469,10.023291153407584,0.0,0.0,0.0,17.141561688406465,102.47999999999999,21.338620870689045,18.00687135247258,0.0,27.7244314386078,4.567099647791355,4.305215991296234,31.443616759675095,24.26546827384644,0.0,4.9839785209472085,4.417150937053347,32.24164997480473,0.0,29.213689741328626,0.0,-0.8681000146972355,-0.9641076677584601,1.4131150924876121,0.0,-2.6866012902074408,0.0625,0,0,1,1,2,7,9,1,0,0,0,4,0.9911999999999999,0,0,0,0,0,2,0,0,0,0,0,0,3,0,0,0,0,0,0,0,0,0,0,0,1,0,0,0,3,0,0,0,0,0,0,0,0,0,0,0,0,0,0,0,0,0,0,0,0,0,0,0,1,0,0,1,0,0,0,0,0,0,0,11,4.326666666666667,4,4,0.0,1298.0,4,0.09333333333333332,0.14463768115942027,0.14463768115942027,0.13787933868164115,0.1446376811594203,0.23986192645224758,0.1716923762099896,0.1716923762099896,0.016456114913392567,0,0,0,0,0,3,0,0.36,0.64,0.2,0.12,0.04,0.21428571428571427,0.14285714285714285,0,0,0,1,0,0,0,1,0,1,1,1,0,0,0,1,1,1,1,1,1,0,0,0,0,0,0,0,1,0,0,0,0,1,0,0,0,0,1,1,0,0,0,0,1,0,0,1,0,0,0,0,1,0,0,1,0,0,1,0,0,0,0,0,1,0,0,0,1,0,0,0,1,1,1,0,0,0,0,1,0,1,0,0,0,1,1,0,1,0,0,0,0,0,1,0,1,0,0,0,1,0,0,0,0,0,0,0,1,0,0,1,0,0,0,0,0,0,0,0,1,1,1,0,1,0,0,1,0,0,0,0,0,0,0,0,0,0,0,0,0,0,0,0,0,0,0,0,0,0,0,1,0,0,0,0,0,0,0,0,1,1,0,0,1,0,1,0,0,0,0,0,0,0,0,0,0,0,0,1,0,0,0,1,0,1,1,1,1,1,1,0,0,1,0,1,0,0,0,0,0,1,0,1,0,1,0,1,0,1,0,0,0,1,0,0,1,1,0,0,1,1,1,1,0,1,1,0,0,1,1,0,0,1,1,0,0,0,1,0,1,1,0,0,0,1,0,0,1,1,1,1,1,1,0,1,0,0,1,0,0,1,0,1,1,1,0,0,1,0,1,1,1,1,1,0,1,0,1,0,1,0,1,0,1,0,1,1,1,1,1,1,1,1,0
12.491328526498878,0.017413016259967495,-0.20905788183290208,0.32490282166161777,48.526315789473685,529.7860000000004,1.105263157894737,3.4783800599425523,1.2991897622475732,516463067.5888729,10.151627411619552,19.063284160135428,6.041840829147961,6.103966387748303,0.0,0.0,5.969305287951849,9.694446914922299,0.0,0.0,0.0,20.426410082979746,73.6875644984323,50.73254617883855,38.95199953451186,23.85782134420725,5.969305287951849,0.0,4.899909730850478,34.501605123439134,102.85022063919848,45.93754595858871,12.654955790432378,0.0,0.0,0.0,0.0,0.0,90.6879336637189,14.268263091671919,34.501605123439134,78.55860620540597,0.0,0.0,59.00000000000001,0.0,9.901064578912528,0.0,35.049059831389975,29.71346501379353,56.59352887323621,51.6144425493812,6.923737199690624,0.0,31.402339920664105,9.473725907600098,13.091312662318142,0.0,15.02420290193831,11.27437237247604,0.34323775661167455,2.5378253788853424,12.672107949629751,17.727030176009972,0.0,0.90625,1,4,2,6,0,5,6,5,4,2,6,6,4.407500000000003,0,1,1,0,0,0,0,0,0,0,0,0,2,0,0,0,0,1,0,0,0,0,0,0,0,0,0,0,5,1,2,0,0,0,0,0,0,0,0,0,0,0,1,0,0,0,0,0,0,0,0,0,0,1,0,0,0,0,0,0,0,0,0,15,5.982930298719772,6,6,0.0,4206.0,4,0.061166429587482224,0.13841473051999367,0.13841473051999367,0.13952364725084637,0.13841473051999367,0.17436430663290958,0.1309252355859203,0.1309252355859203,0.01343490551172853,0,0,0,0,2,0,6,0.15789473684210525,0.8421052631578947,0.10526315789473684,0.05263157894736842,0.0,0.9534883720930233,0.046511627906976744,0,0,0,0,1,1,0,1,0,1,1,1,1,0,1,0,1,1,0,0,0,0,0,0,0,1,0,0,0,0,1,1,0,1,0,0,1,0,0,1,0,0,1,0,1,1,0,0,0,0,0,1,1,0,1,1,0,0,0,1,1,0,1,1,0,0,0,0,1,1,0,1,1,1,0,0,0,0,0,0,1,1,0,0,0,0,1,0,0,0,1,0,0,0,1,0,0,0,0,0,0,0,1,1,0,1,0,0,1,1,1,0,0,0,1,0,0,0,0,0,0,1,1,1,0,1,0,1,0,0,0,0,0,0,0,0,0,0,0,0,0,0,0,0,0,0,0,0,0,0,0,0,0,0,0,0,0,0,1,0,0,0,1,0,0,0,0,0,0,0,0,0,0,0,0,0,0,1,0,0,0,0,0,0,0,1,0,0,0,0,1,0,0,0,1,0,0,0,0,0,0,0,0,1,0,0,0,0,0,0,0,1,0,1,1,0,0,0,1,1,0,0,0,1,1,0,1,1,1,1,0,0,1,1,0,0,1,1,0,1,1,0,0,1,1,0,1,0,1,1,1,1,0,0,1,1,1,1,0,0,1,1,0,0,0,1,1,1,1,1,1,1,0,1,1,1,1,1,1,0,1,1,1,1,1,1,1,1,1,1,0,1,1,1,0
14.197646170593277,0.13307170776687305,-1.7988146896397503,0.23847544119122638,49.61538461538461,748.9960000000001,0.9423076923076923,3.05424261494136,2.174897674367484,41580665866.42338,17.847452831186484,63.75363415870477,30.016916361976897,12.580053458670426,0.0,0.0,5.969305287951849,4.794537184071822,0.0,0.0,0.0,20.771211599071872,94.78954726080535,38.07696327457343,41.535873219121974,58.748351881075635,5.969305287951849,0.0,9.799819461700956,17.75371813848418,185.21927714051412,34.79756989522168,0.0,0.0,0.0,0.0,0.0,0.0,166.39795027098182,33.215714906872115,17.75371813848418,94.92065848861026,0.0,0.0,180.08,95.9579288152822,30.327174158275348,0.0,37.32617813183568,12.965578028838586,0.0,14.033534740968157,41.54242319814374,51.7140470088044,0.0,28.421177722800294,37.527841638639316,0.0,18.044394001566985,58.13685659486302,-4.374301807109053,-2.584215013114724,-8.189621261650455,18.044648104051845,7.118818455114937,0.9736842105263158,5,0,3,3,0,14,14,7,0,3,3,3,1.9007000000000054,0,5,3,0,0,0,0,0,0,0,0,0,2,0,0,0,2,0,0,0,0,0,0,0,0,0,0,0,0,1,6,0,0,0,0,0,0,0,0,0,1,1,0,0,0,0,0,0,0,0,0,0,0,0,0,0,0,0,0,0,0,0,0,14,7.055806938159879,3,3,0.0,9356.0,4,0.04072398190045248,0.12111613876319759,0.12111613876319759,0.14077715826934972,0.12111613876319759,0.14641660690664338,0.12054498122006638,0.12054498122006638,0.013192383629330326,0,0,0,0,0,0,3,0.2692307692307692,0.7307692307692307,0.23076923076923078,0.038461538461538464,0.0,0.9814814814814815,0.018518518518518517,0,1,1,0,1,0,0,0,0,1,1,1,1,1,0,1,1,0,0,1,0,1,1,1,0,0,0,0,0,1,1,0,0,1,0,0,1,0,1,1,0,0,1,1,0,1,1,1,1,0,0,1,0,0,1,1,0,0,1,0,0,1,0,0,1,1,0,0,0,0,0,1,0,1,0,0,0,0,1,1,1,0,1,1,0,0,0,0,1,0,0,0,0,1,0,0,0,1,0,1,1,1,1,1,0,1,0,0,0,0,1,1,0,1,1,1,0,0,1,1,1,1,1,1,1,0,0,0,0,0,0,0,0,0,0,0,0,0,0,0,0,0,0,0,0,0,0,0,0,0,0,0,0,0,0,0,0,0,0,0,0,0,0,0,0,0,0,0,0,0,0,0,0,0,0,0,0,0,0,0,0,0,1,0,0,1,0,0,0,0,0,0,0,0,1,0,0,0,0,0,1,0,1,1,0,0,0,0,0,0,0,0,0,1,1,0,0,1,1,1,0,1,0,1,0,1,1,0,1,0,0,0,1,0,0,0,1,0,0,1,1,0,1,1,1,0,0,0,1,1,1,1,0,0,1,1,0,0,0,1,1,1,0,0,0,1,0,1,1,1,1,1,0,1,1,0,1,1,1,0,1,1,1,1,1,1,1,1,1,1,0,1,1,1,0
12.26831884605694,0.2021415186444946,-1.0070258455769816,0.7977632704521287,28.0,334.39700000000005,1.3043478260869565,2.741987834077,1.66490359617118,129114.72313101777,5.559882097428595,15.323225729697514,17.45755447126466,0.0,11.814359458703011,0.0,5.969305287951849,9.589074368143644,4.794537184071822,0.0,11.761884949391115,30.33183534230805,19.410925891078243,4.747022453217559,6.4208216229260096,19.490138947056174,29.545549696045974,0.0,10.216698334856808,0.0,42.47287294678948,0.0,35.89528683400505,0.0,5.316788604006331,0.0,0.0,11.761884949391115,49.994678796828254,20.804433175141472,0.0,19.410925891078243,0.0,0.0,86.71000000000001,22.80000939946533,19.490138947056174,0.0,23.60905389459776,0.0,5.563451491696996,16.66179468024159,0.0,44.179309741689295,5.316788604006331,0.0,-0.5783058915140893,1.4237074305030653,37.19097428557031,11.789438746504457,0.8717091967960027,-1.5549260303422452,0.2021415186444946,3.6208405244813973,0.0,0.4375,2,0,2,2,0,4,7,4,0,2,2,3,0.8607999999999998,1,0,0,0,0,0,0,0,1,0,0,0,1,1,0,0,0,0,0,0,0,0,0,0,0,0,0,0,1,0,0,0,0,0,0,0,0,0,0,0,0,0,0,0,0,0,0,0,0,0,0,0,0,0,1,0,0,0,0,0,0,0,0,12,4.928853754940712,3,3,0.0,1247.0,4,0.09881422924901183,0.18708827404479578,0.18708827404479578,0.1797503998202084,0.18708827404479578,0.2110630537794959,0.15539219263270293,0.15539219263270293,0.01783789778986847,0,0,0,1,1,1,2,0.30434782608695654,0.6956521739130435,0.17391304347826086,0.08695652173913043,0.043478260869565216,0.64,0.12,1,0,1,1,0,1,0,0,0,0,1,0,0,0,0,0,0,1,1,0,0,0,0,1,0,0,0,0,0,0,1,0,0,1,0,1,1,0,0,1,0,1,1,0,0,0,0,1,0,0,0,0,0,1,0,0,0,1,1,0,0,1,0,0,1,0,0,0,0,1,0,0,0,0,0,0,0,0,0,0,1,1,0,0,0,0,1,0,0,0,1,0,0,0,0,0,0,0,0,1,1,0,0,0,0,1,1,0,0,0,0,0,0,1,0,0,0,0,0,0,0,0,1,1,0,1,1,1,0,0,0,0,0,0,0,0,1,0,0,1,0,0,0,0,0,0,0,1,0,0,0,0,0,0,0,0,0,0,0,0,0,0,0,0,1,0,0,0,0,0,0,0,0,0,0,1,0,0,0,0,0,0,0,0,0,0,0,0,0,0,0,0,0,0,1,0,0,0,0,0,0,0,1,0,0,0,0,1,0,1,0,1,0,1,0,0,1,0,0,0,1,0,0,1,1,1,0,0,0,0,0,0,1,1,0,0,0,0,1,1,1,0,0,0,0,1,0,0,1,1,1,1,0,0,0,1,0,0,0,1,1,1,0,0,1,1,0,1,1,0,1,1,0,0,1,0,1,1,1,1,0,0,1,1,1,1,1,1,1,1,1,1,1,1,0
12.869390117157975,0.14027494331065715,-0.5876275510204085,0.7885515763199019,15.521739130434783,308.3810000000001,0.782608695652174,2.8493229530765425,2.0215060313567244,262958.316693528,6.648733236085874,0.0,5.917906046161393,0.0,0.0,11.814359458703011,0.0,9.589074368143644,10.017825047909064,0.0,0.0,56.1635828563123,30.686289896772447,0.0,11.374772549367124,9.589074368143644,23.189132008070136,0.0,0.0,5.917906046161393,26.186202068468653,10.017825047909064,60.6636706846161,0.0,10.017825047909064,11.374772549367124,0.0,0.0,11.814359458703011,9.589074368143644,5.917906046161393,26.186202068468653,0.0,0.0,40.620000000000005,5.917906046161393,9.589074368143644,0.0,11.814359458703011,17.795594172293132,12.841643245852019,10.017825047909064,0.0,60.6636706846161,6.923737199690624,0.0,0.0,0.0,25.73878023431595,3.0237962962962963,1.4327806122448985,-0.8681774376417233,2.432513699924414,2.0633257747543463,0.0,0.2631578947368421,0,0,1,1,0,2,4,5,0,1,1,3,3.7878000000000025,0,0,0,0,0,0,0,0,0,0,0,0,2,0,0,0,0,0,0,0,0,0,0,0,2,0,0,0,0,0,0,0,0,1,0,0,0,0,0,0,0,0,0,0,0,0,0,2,0,0,0,0,0,0,0,0,0,0,0,0,0,0,0,10,4.383399209486166,3,3,0.0,1109.0,3,0.09881422924901183,0.1611142480707698,0.1611142480707698,0.151829184509371,0.1611142480707698,0.2396310216491185,0.17064357195812274,0.17064357195812274,0.01438487687482079,0,0,0,0,1,2,1,0.17391304347826086,0.8260869565217391,0.08695652173913043,0.08695652173913043,0.0,0.44,0.08,0,0,0,0,0,1,0,1,0,0,1,0,0,0,0,0,0,0,0,0,0,0,0,0,0,1,1,0,0,0,0,0,0,1,0,0,0,0,1,1,0,0,0,0,0,1,0,1,0,0,0,0,0,1,0,0,0,0,1,0,0,0,0,0,1,0,0,0,0,0,0,0,0,0,0,0,0,0,0,1,1,1,0,0,0,1,1,0,1,0,0,0,0,0,0,0,0,0,0,0,1,0,0,0,0,0,0,0,0,0,0,0,0,0,0,0,0,0,0,1,0,0,0,1,0,0,0,0,0,0,0,0,0,0,0,0,0,0,0,0,0,0,0,0,0,0,0,0,0,0,0,0,0,0,0,0,0,0,0,0,0,0,0,0,0,0,0,0,0,0,0,0,0,0,0,0,0,0,0,0,1,0,0,0,0,0,0,0,0,0,1,0,0,0,0,0,0,0,0,0,0,0,0,1,0,0,0,0,1,0,0,1,0,0,0,0,0,1,0,0,1,0,1,1,1,1,0,0,0,0,0,0,0,0,0,0,0,0,1,0,0,0,1,1,1,1,1,0,1,1,1,0,1,1,0,1,0,0,0,0,0,1,0,1,1,1,0,0,0,0,1,1,0,1,0,1,1,0,1,0,0,0,1,1,1,0,1,1,1,1,1,1,1,1,0
13.367320213056146,0.2497774355507938,-0.5624711829176114,0.8388667572429986,19.291666666666668,324.39900000000006,1.2083333333333333,2.939911705364029,2.018403095211889,348132.58450238686,6.721078415843811,9.636772684650527,11.418271652029583,0.0,0.0,0.0,0.0,0.0,4.39041504767482,5.261891554738487,0.0,18.19910120538483,74.4375663660564,0.0,18.239554769002186,9.127278001474869,0.0,5.261891554738487,4.899909730850478,0.0,25.049576021348624,20.640100371266954,70.53559628706515,6.069221312792274,0.0,4.39041504767482,0.0,0.0,25.540010102117435,16.944795729296654,17.148333708576654,35.09544921264,0.0,0.0,36.26,5.601050810983688,4.39041504767482,0.0,5.817220841045895,12.170333456209914,36.07675412685558,12.13273413692322,12.13273413692322,32.29444517073921,10.96913104364275,9.998754508538536,19.635224597031957,0.0,2.1458368115637234,9.111023379928954,3.17526378915764,-0.2497774355507938,1.7773119803476947,1.4326499905517762,4.09764560025112,0.35,0,0,1,1,0,3,4,5,0,0,0,3,3.812980000000003,0,0,0,0,0,0,0,0,0,0,0,0,2,0,0,0,0,0,0,0,0,0,0,0,0,0,0,0,1,0,1,0,0,0,0,0,0,0,0,0,0,0,0,0,0,0,0,0,0,0,0,0,0,0,0,0,0,0,0,0,0,0,0,11,4.702898550724638,3,3,0.0,1298.0,4,0.09420289855072463,0.16831357048748352,0.16831357048748352,0.1622035564761763,0.16831357048748352,0.2243406592588875,0.16367365474567913,0.16367365474567913,0.015432068164356758,0,0,0,0,1,2,0,0.16666666666666666,0.8333333333333334,0.041666666666666664,0.08333333333333333,0.0,0.5,0.0,0,0,1,0,0,0,1,0,1,0,0,1,1,0,0,0,1,0,0,0,0,0,1,0,1,0,0,1,0,0,1,1,0,1,1,0,1,0,0,0,0,0,0,0,1,0,0,0,1,1,1,0,0,1,0,1,1,0,0,1,1,0,1,0,0,0,0,1,0,0,0,0,0,0,0,0,0,0,0,0,1,1,0,0,1,0,1,0,0,1,1,0,1,0,0,1,0,1,0,0,1,0,1,0,1,0,0,1,0,0,0,0,1,1,0,0,0,0,0,1,0,1,1,0,0,0,0,0,0,0,0,0,0,0,0,0,0,0,0,0,0,0,0,0,0,0,0,0,0,0,0,0,0,0,0,0,0,0,0,0,0,0,0,0,0,0,0,0,0,1,1,0,0,0,0,0,0,0,0,0,0,0,0,0,0,1,0,0,0,0,1,0,0,0,1,0,0,0,0,0,0,0,1,0,0,0,0,0,0,0,0,1,0,1,1,1,0,0,0,0,0,1,0,0,1,0,0,0,1,1,0,0,0,1,0,1,1,1,0,1,1,0,0,1,1,0,1,0,0,0,1,0,0,1,0,0,1,1,0,0,1,0,1,0,0,1,1,0,0,0,1,0,1,1,0,1,1,1,0,0,1,1,0,1,0,1,1,0,1,1,1,1,1,1,0
14.681940215083323,0.03597430389398837,-2.062531295457779,0.18957193731144573,32.101694915254235,822.9530000000003,0.9661016949152542,3.4615674983505844,1.6618177607819837,3443399886748.2905,18.092665067541976,55.01605112653021,17.602990054316113,11.542409818021115,0.0,11.690424675716445,11.756416440522447,19.178148736287287,5.008912523954532,0.0,0.0,45.92300911926414,26.97116648889232,88.14443266054134,52.53447792988178,58.551710130850296,29.20213978168941,0.0,20.651402255921724,23.671624184645573,85.59287430108878,40.33649514760502,75.8631701055591,11.49902366656781,15.479442954916763,0.0,11.49902366656781,0.0,124.31737859536992,23.79966322954379,30.595361384336194,80.30904073276598,0.0,5.759164871656176,216.65999999999994,88.82625250318269,39.60425831565011,0.0,44.846566173266254,13.08951281182515,13.08951281182515,59.41882189194902,39.84698901243026,12.056584506631722,15.642489731967192,18.947451815200196,23.553219095499358,0.0,57.28341399660762,50.81449295722982,1.8951499594874839,-8.723949723829941,4.868116563822055,15.139417334854459,3.420139816329165,0.5348837209302325,6,1,4,5,0,15,16,4,0,1,1,6,3.4262200000000025,0,3,3,0,0,0,0,1,0,0,0,0,2,2,0,0,1,0,0,0,0,0,3,0,0,0,0,0,14,1,4,0,0,1,0,0,0,0,2,2,0,1,0,0,0,0,0,0,0,0,1,0,0,0,0,0,0,0,0,0,0,0,0,21,8.118059614260666,5,5,0.0,13890.0,4,0.03682057276446523,0.12487823884667838,0.12487823884667838,0.11047448912384812,0.12487823884667838,0.12610572569192374,0.07910705623816587,0.07910705623816587,0.011346996162007395,0,0,0,0,1,1,1,0.2711864406779661,0.7288135593220338,0.2033898305084746,0.06779661016949153,0.0,0.7619047619047619,0.14285714285714285,1,1,1,0,1,0,0,0,1,1,1,1,0,1,1,1,1,1,0,0,1,0,0,0,1,0,1,0,1,1,1,0,0,1,0,0,1,1,0,1,0,1,0,0,0,0,0,0,0,1,1,1,1,0,1,1,0,0,1,1,0,0,1,0,1,0,1,0,1,0,0,0,1,1,1,0,0,1,0,1,0,1,1,1,1,1,1,1,0,0,1,0,0,1,1,0,1,1,1,1,1,0,1,0,1,1,0,0,0,1,0,0,0,1,0,0,1,0,1,0,0,1,1,1,1,1,0,0,0,0,0,0,0,0,0,0,0,0,0,0,0,0,0,0,0,0,0,0,0,0,0,0,0,0,1,0,0,0,0,0,0,0,0,0,0,0,0,0,0,0,0,0,0,1,0,0,0,0,1,0,1,1,1,0,0,1,0,0,0,0,0,0,0,0,0,0,0,1,0,0,1,0,0,1,1,0,0,1,1,0,0,1,0,1,1,0,0,1,1,0,1,1,1,1,1,1,1,1,1,1,0,0,1,1,0,0,0,0,1,1,1,1,0,1,1,1,1,0,1,1,1,1,1,0,1,1,1,1,0,1,0,1,0,0,1,1,1,1,1,1,1,1,1,1,1,1,1,1,1,1,1,1,1,0,1,1,1,1,1,1,1,1,1,1,0
11.510870653817083,0.05369758860334284,-1.309931027966743,0.4489304892314893,32.88235294117647,243.21900000000002,1.4705882352941178,2.5654067136030916,2.3196952658217853,7816.79425634862,4.414475063137193,25.790112615484354,24.129761941079934,6.22790117073487,0.0,0.0,5.689743398203474,4.567099647791355,4.794537184071822,4.9839785209472085,0.0,0.0,6.06636706846161,6.196843571613076,6.606881964512918,20.056445138322168,5.817862777835028,0.0,9.551078168738563,0.0,24.539800333979777,12.340549441675103,22.74749122234998,0.0,11.423410875365658,5.817862777835028,0.0,0.0,49.7894414810185,4.736862953800049,0.0,6.22790117073487,0.0,0.0,130.82999999999998,36.83642569669617,15.007591973753232,0.0,5.817862777835028,0.0,4.567099647791355,12.263210640074686,0.0,0.0,4.9839785209472085,15.57705782580294,6.187805177626607,0.0,14.98930933484505,28.15370186654909,4.629863315696649,0.05369758860334284,-3.2663728269085426,-0.45250181090954866,0.0,0.5555555555555556,5,0,1,1,1,8,8,2,0,1,1,2,-2.563,0,3,3,1,0,2,0,0,0,0,0,0,2,0,1,0,0,0,0,0,0,0,0,0,1,0,0,0,0,0,1,0,0,0,0,0,0,0,0,0,0,0,0,0,0,0,0,0,0,0,0,0,0,0,0,0,0,0,0,0,0,0,0,9,3.6470588235294117,2,2,0.0,496.0,3,0.1323529411764706,0.17647058823529416,0.17647058823529416,0.16822155321186835,0.17647058823529416,0.2852208960814755,0.21651546315473538,0.21651546315473538,0.02017141402392536,0,0,0,0,1,1,1,0.47058823529411764,0.5294117647058824,0.29411764705882354,0.17647058823529413,0.0,0.6111111111111112,0.05555555555555555,0,1,0,0,0,0,0,0,0,0,1,0,0,0,0,0,1,0,0,1,0,0,0,0,1,0,0,0,0,0,0,0,0,0,0,0,0,0,0,1,1,0,0,0,0,0,0,0,0,1,0,0,1,0,0,0,0,0,1,0,0,0,1,1,0,1,0,0,0,0,1,0,0,0,0,1,0,1,0,1,1,1,1,0,0,0,1,0,0,0,0,0,0,0,1,1,0,0,1,0,1,1,0,0,0,1,0,0,1,0,0,0,0,0,1,0,0,0,0,1,0,0,1,1,0,0,0,0,0,0,0,0,0,0,0,0,0,0,0,0,0,0,0,0,0,0,0,0,0,0,0,0,0,0,0,0,0,0,0,0,0,0,0,0,0,1,1,0,0,0,0,0,0,0,0,0,0,0,0,0,0,1,1,0,0,1,0,0,0,0,1,0,0,1,0,0,0,0,0,0,1,0,0,1,0,1,0,0,1,0,1,1,1,1,0,0,0,1,1,1,1,0,0,1,1,1,1,0,0,0,0,0,0,0,1,0,0,1,1,0,0,1,0,0,0,1,0,0,1,1,1,0,0,0,0,1,0,0,0,1,1,1,0,1,0,1,0,1,1,0,1,1,1,0,1,0,1,0,1,1,1,1,1,1,1,1,1,1,0,1,1,1,1,1,0
11.451388416477702,0.020186996094733844,-0.4179724111866967,0.6875458801290978,25.666666666666668,211.22099999999998,1.6666666666666667,2.656999263425458,2.2042997522549417,3818.107941542383,3.9953247242906955,15.577057825802939,12.045763948569899,0.0,0.0,0.0,5.689743398203474,4.567099647791355,4.794537184071822,4.9839785209472085,0.0,0.0,18.90801031431363,6.196843571613076,12.71084835226122,9.843390348640755,5.817862777835028,0.0,9.551078168738563,0.0,25.173510804335194,12.340549441675103,22.74749122234998,0.0,11.423410875365658,5.817862777835028,0.0,0.0,27.368453915840487,4.736862953800049,0.0,19.06954441658689,0.0,0.0,90.36999999999999,5.689743398203474,4.794537184071822,0.0,24.75661230083112,6.4208216229260096,6.4208216229260096,4.567099647791355,12.263210640074686,0.0,4.9839785209472085,15.577057825802939,6.844332955404384,0.0,15.063088624338624,8.896112265894011,4.956419516880826,0.20181030591248872,2.505811838624338,-0.020186996094733844,0.0,0.5555555555555556,3,0,1,1,1,6,6,2,0,1,1,2,-0.5046000000000002,0,1,1,1,0,2,0,0,0,0,0,0,2,0,1,0,0,0,0,0,0,0,0,0,1,0,0,0,0,0,1,0,0,0,0,0,0,0,0,0,0,0,0,0,0,0,0,0,0,0,0,0,0,0,0,0,0,0,0,0,0,0,0,9,3.5142857142857142,2,2,0.0,369.0,3,0.15238095238095237,0.1934065934065934,0.1934065934065934,0.17496585367925166,0.1934065934065934,0.29620591154117376,0.23789947512252466,0.23789947512252466,0.018223521115987996,0,0,0,0,1,1,1,0.4,0.6,0.2,0.2,0.0,0.5625,0.0625,0,1,0,0,1,0,0,0,0,0,1,0,1,0,0,0,1,0,0,1,0,0,0,0,0,0,0,0,0,0,1,0,0,0,0,0,0,0,0,1,1,0,0,0,0,1,0,0,1,1,0,0,0,0,0,0,1,0,1,0,0,0,1,1,0,1,0,0,0,0,0,0,0,0,0,0,0,1,0,0,1,1,0,0,0,0,1,0,0,0,0,0,0,0,1,1,0,0,0,0,1,1,0,0,0,0,0,0,1,0,0,1,0,0,1,0,0,1,0,0,0,0,1,1,0,0,0,1,0,0,0,0,0,0,0,0,0,0,0,0,0,0,0,0,0,0,0,0,0,0,0,0,0,0,0,0,0,0,0,0,0,0,0,0,0,1,1,0,0,0,0,0,0,0,0,0,0,0,0,0,0,0,0,0,0,1,0,0,0,0,1,0,0,1,0,0,0,0,0,0,1,0,0,1,0,1,0,0,1,0,1,1,1,1,0,0,0,1,1,1,1,0,0,0,1,1,1,0,0,0,0,0,0,0,1,0,0,1,1,1,0,1,0,0,0,1,1,0,1,1,1,0,0,0,0,1,1,1,0,1,1,1,0,1,0,1,0,1,0,0,1,1,1,0,1,1,1,0,1,1,1,1,1,1,1,1,1,1,0,1,1,1,1,1,0
14.116002199510046,0.17682681102233766,-1.40625915889784,0.640839151584694,25.8,359.35400000000004,1.44,2.81919622200402,2.073729479994452,322177.7442506194,8.365261646418361,19.68678069728151,12.207932775496605,17.862984789615794,0.0,0.0,11.78298346914189,9.883888251797686,13.979489415818463,4.9839785209472085,0.0,19.765380445542643,13.344558822616634,0.0,18.907691923874296,28.87173292902815,11.911102848773442,0.0,9.551078168738563,0.0,57.64973960213905,11.923670568519249,22.498344994934268,0.0,11.006532002209806,15.002815009581669,0.0,0.0,50.77615415711621,9.473725907600098,5.817220841045895,39.33784043889415,0.0,0.0,122.91000000000001,47.957867422002586,24.19254420549988,0.0,6.606881964512918,6.4208216229260096,23.60558646525645,6.923737199690624,0.0,6.923737199690624,10.30076712495354,9.473725907600098,24.94646985451299,0.0,27.044788057427848,21.612918506448484,-0.9508953842607342,-1.5853923637356169,-2.2509544653553095,3.683065794962336,0.0,0.6666666666666666,3,0,1,1,1,8,10,6,0,1,1,2,0.7601999999999995,0,2,2,0,0,2,0,0,0,0,0,0,2,1,0,0,0,0,0,0,0,0,0,0,1,0,0,0,0,0,2,0,0,0,0,0,0,0,0,0,0,0,0,0,0,0,0,0,0,0,0,0,0,0,0,0,0,0,0,0,0,2,0,15,5.62,2,2,0.0,1686.0,3,0.08666666666666666,0.20086956521739133,0.20086956521739133,0.17101934407267777,0.20086956521739133,0.18719356219530842,0.15901807420465194,0.15901807420465194,0.015904320912283717,0,0,0,0,1,1,1,0.4,0.6,0.24,0.12,0.0,0.6923076923076923,0.07692307692307693,1,1,0,1,1,0,0,0,1,0,1,0,0,1,0,0,1,0,0,1,0,0,0,0,1,0,1,0,0,1,0,0,0,1,0,0,1,0,1,1,0,0,0,0,0,0,1,0,1,0,0,0,0,0,0,1,0,0,1,1,0,0,0,1,0,1,1,0,1,0,1,0,0,0,1,1,0,0,0,1,1,1,1,0,1,0,0,1,0,0,1,0,0,1,1,1,0,1,0,0,1,0,0,0,0,1,0,0,0,0,0,0,0,0,0,0,0,0,0,1,0,1,1,1,0,1,0,0,0,0,0,0,0,0,0,0,0,0,0,0,0,0,0,0,0,0,0,0,0,0,0,1,0,0,0,0,0,0,0,0,0,0,0,0,0,1,1,0,0,0,1,0,0,0,0,0,0,0,0,0,0,0,1,0,0,1,0,0,0,0,1,0,0,1,0,0,0,0,0,0,1,0,0,1,0,1,0,0,1,0,0,1,0,1,0,1,0,1,1,1,1,0,0,1,1,1,1,0,0,0,0,0,0,0,1,1,1,1,1,0,0,1,1,1,1,1,1,0,1,1,1,1,0,0,1,1,0,1,0,1,1,1,1,1,1,1,0,1,1,0,1,1,1,0,1,1,1,1,1,1,1,1,1,1,1,1,1,1,1,1,1,1,1,1,0
11.953777600048795,0.07107106890754156,-5.1773014260354175,0.20278188342870285,25.129032258064516,488.32700000000017,1.2903225806451613,2.8589184776541634,1.955477787904636,2478359.2623381848,9.728883022349716,39.477186445555034,37.28140031150543,6.22790117073487,0.0,7.822697123132171,13.512440521335645,13.655895094434502,13.670216838626736,4.9839785209472085,0.0,0.0,6.06636706846161,6.196843571613076,27.749897912544487,51.70799406959091,21.46325702409937,0.0,9.551078168738563,0.0,24.539800333979777,46.635203760132164,22.74749122234998,0.0,16.316822478118134,5.817862777835028,0.0,15.645394246264342,88.35401086508196,27.225085216709928,0.0,6.22790117073487,0.0,0.0,215.71999999999997,52.481819942960506,33.92451174912084,0.0,18.96950114826052,4.483030857694624,4.567099647791355,12.263210640074686,21.143015948031568,0.0,18.34210421399443,10.470530430962235,43.39951725715793,0.0,36.74459341216294,20.211502419304765,4.515255053322338,-0.07107106890754156,-4.892190297916674,-0.8765516461228642,-5.010992253186882,0.7142857142857143,5,0,1,1,1,13,17,10,0,1,1,2,-2.2304999999999957,0,2,2,1,0,2,0,0,0,0,0,0,3,0,1,0,1,0,0,0,0,0,0,0,1,0,0,0,0,0,1,0,0,0,0,0,0,0,0,0,0,0,0,0,0,0,0,0,2,0,0,0,0,1,0,0,0,0,0,0,0,0,0,17,6.589247311827957,2,2,0.0,3064.0,4,0.06881720430107528,0.19273266592510196,0.19273266592510196,0.19742640434077352,0.19273266592510196,0.15806608493337296,0.1340636556993849,0.1340636556993849,0.016221341139752276,0,0,0,0,1,1,1,0.5483870967741935,0.45161290322580644,0.3548387096774194,0.12903225806451613,0.0,0.71875,0.09375,0,1,0,0,0,0,0,0,0,0,1,0,0,1,0,0,1,1,0,1,0,0,0,0,1,1,0,0,0,0,1,0,0,1,0,0,0,0,0,1,1,0,0,1,0,0,1,0,0,1,0,1,1,0,0,1,0,0,1,0,0,0,1,1,1,1,0,1,1,0,1,0,0,0,0,1,0,1,0,1,1,1,0,0,1,0,1,0,0,0,0,0,0,0,1,1,0,1,1,0,1,1,1,0,0,1,0,0,0,0,0,0,1,0,1,0,1,0,0,1,0,0,1,1,1,0,0,0,0,0,0,0,0,0,0,0,0,0,0,0,0,0,0,0,0,0,0,0,0,0,0,0,0,0,0,0,0,1,1,0,0,0,0,0,0,1,1,0,0,0,0,0,0,0,0,0,1,1,0,0,0,0,1,0,0,1,0,0,0,0,1,0,0,1,0,0,0,1,0,0,1,0,1,1,0,1,0,0,1,0,0,1,1,1,1,0,0,1,1,1,1,1,0,1,1,1,1,0,1,0,1,0,0,0,1,0,0,1,1,1,1,1,0,1,1,1,1,0,1,1,1,0,1,0,1,1,0,0,1,1,1,1,0,1,1,1,1,1,1,1,1,1,1,0,1,1,1,1,1,1,1,1,1,1,1,1,1,1,1,1,1,1,1,1,0
14.607685185185183,0.1372078136810284,-1.2751022303881248,0.8932298763507216,18.125,331.34700000000004,1.25,3.403898859383536,1.948598124702446,672746.5705685621,5.592172599010578,19.890325377488868,11.38067233274289,0.0,5.428790391900541,0.0,5.969305287951849,4.794537184071822,9.184952231746642,0.0,0.0,0.0,24.974377382775238,43.80393423887614,11.204086992299825,14.291479626587348,22.55961649471647,0.0,9.883888251797686,0.0,18.88348407499998,31.078935354500782,39.933577617251544,0.0,15.64548872675735,10.077801322358383,0.0,0.0,41.82195795423421,0.0,5.817220841045895,29.241472750768796,0.0,10.902924932081056,74.57,17.215316520898284,19.08601681065917,0.0,16.991516535309753,24.293599804124977,25.93115605767717,12.263210640074686,6.06636706846161,9.467009378641833,5.316788604006331,0.0,16.43241047808012,0.0,25.714565710964518,12.6196285019594,0.15943609851348062,-1.755300643086537,3.290533509700176,2.9606282188163506,0.0,0.4117647058823529,2,1,1,2,1,5,7,3,1,1,2,4,1.5833,0,0,0,0,1,1,0,0,1,0,0,0,2,1,0,0,0,0,0,0,0,0,0,0,1,0,0,0,1,0,0,0,0,0,0,0,0,0,0,0,0,0,0,0,0,0,0,0,0,0,1,0,1,0,0,0,0,0,0,0,0,0,0,11,4.471014492753623,4,4,0.09722222222222221,1234.0,3,0.09782608695652174,0.1577733860342556,0.1577733860342556,0.13997029017026638,0.15777338603425559,0.23304010877886192,0.17725599946347084,0.17725599946347084,0.014799680910654586,0,0,1,0,0,2,2,0.2916666666666667,0.7083333333333334,0.125,0.125,0.0,0.5185185185185185,0.07407407407407407,0,0,0,0,0,1,0,0,1,0,1,0,0,1,0,1,0,0,0,0,0,0,0,1,0,0,0,0,1,0,1,0,0,0,0,0,1,0,0,1,0,0,0,0,0,1,0,0,1,1,0,0,1,0,0,0,0,0,1,1,0,0,0,0,0,1,0,0,0,1,1,1,1,1,0,0,0,1,1,0,1,1,1,0,0,0,0,0,0,0,1,0,0,0,0,0,0,0,0,0,1,0,0,1,0,0,0,1,1,0,0,0,1,0,0,0,1,0,1,0,0,0,0,1,0,1,0,0,0,0,0,0,0,0,0,0,0,0,0,0,0,0,0,0,0,0,0,0,0,0,1,0,0,0,0,0,0,0,0,0,0,0,0,0,0,0,0,0,0,0,1,0,0,0,0,0,0,0,0,0,0,0,0,0,0,0,0,0,0,0,1,0,0,1,0,0,0,0,0,0,0,0,0,1,0,0,0,1,1,0,1,0,0,1,1,1,0,1,0,1,0,0,0,0,0,1,1,0,1,1,0,0,1,1,0,1,0,0,0,1,0,1,0,0,0,0,1,0,1,1,1,1,0,1,0,1,1,1,0,1,0,1,1,1,1,1,1,1,0,0,1,1,1,1,1,1,1,0,1,1,1,1,1,0,1,1,1,1,0,1,1,1,1,1,0
15.146800831443688,0.1767197604350379,-1.2721163105840232,0.8795000805170116,20.576923076923077,359.4010000000001,1.3846153846153846,3.4218079687859464,1.9897108365588674,1414527.5089845473,6.08756588911286,19.890325377488868,11.38067233274289,0.0,5.428790391900541,0.0,5.969305287951849,4.794537184071822,9.184952231746642,0.0,0.0,0.0,32.75548471369488,43.47824593934372,16.59031120676462,14.291479626587348,22.559616494716472,0.0,9.883888251797686,0.0,38.7727993035292,24.534178948588206,39.430662040486936,0.0,15.64548872675735,10.077801322358383,0.0,0.0,41.31904237746959,0.0,12.740958040736519,41.72866144215642,0.0,10.902924932081056,74.57,17.215316520898284,14.69560176298435,4.39041504767482,28.59680885615471,24.293599804124973,19.386399651764595,6.196843571613076,12.990104268152233,9.467009378641833,12.240525803696954,0.0,16.995760818216176,0.0,26.17420821759476,12.896002369343819,0.4356204071134635,-1.7086110195787314,3.298696591290837,5.759105531713756,0.0,0.47368421052631576,2,1,1,2,1,5,7,3,1,1,2,4,2.28022,0,0,0,0,1,1,0,0,1,0,0,0,2,1,0,0,0,0,0,0,0,0,0,0,1,1,0,0,1,0,0,0,0,0,0,0,0,0,0,0,0,0,0,0,0,0,0,0,0,0,1,0,1,0,0,0,0,0,0,0,0,0,0,11,4.612307692307692,4,4,0.08974358974358973,1499.0,3,0.08923076923076924,0.15051282051282053,0.15051282051282053,0.14025574618196204,0.15051282051282053,0.22578140497085336,0.16845349605097867,0.16845349605097867,0.015654845840184936,0,0,1,0,0,2,2,0.2692307692307692,0.7307692307692307,0.11538461538461539,0.11538461538461539,0.0,0.5517241379310345,0.06896551724137931,0,1,0,0,0,1,0,0,1,0,1,0,0,1,0,1,0,0,0,0,0,0,0,1,0,0,0,1,0,1,1,0,0,1,0,0,1,1,0,1,1,0,0,0,0,1,0,0,0,1,0,0,0,0,0,0,0,0,1,1,1,0,0,0,1,1,1,0,0,1,1,1,1,0,0,1,0,0,1,0,1,1,1,1,0,0,0,0,0,0,1,0,0,1,0,1,0,0,0,1,1,0,0,0,0,0,0,1,0,0,0,0,1,0,0,1,0,0,1,0,0,0,0,1,1,1,0,0,0,0,0,0,0,0,0,0,0,0,0,0,0,0,0,0,0,0,0,0,0,0,1,0,0,0,0,0,0,0,0,0,0,0,0,0,0,0,0,0,0,0,1,0,0,0,0,0,0,0,0,0,0,0,0,0,0,0,0,0,0,0,1,0,0,1,0,0,0,0,0,0,0,0,0,1,0,0,0,1,1,0,1,0,0,1,1,1,0,1,0,1,0,0,0,0,0,1,1,0,1,1,0,0,1,1,0,1,1,0,0,1,0,1,0,1,1,0,1,0,1,1,1,1,0,1,0,1,1,1,0,1,0,1,1,1,1,1,1,1,0,0,1,1,1,1,1,1,1,1,1,1,1,1,1,0,1,1,1,1,1,1,1,1,1,1,0
10.242105340554598,0.16451030641364595,-0.5796218690994228,0.41990487617646394,12.848484848484848,454.6110000000002,0.8484848484848485,2.840656625635782,2.023333418849267,15777873.299051952,12.362155765232773,23.847361546050674,0.0,22.99804733313562,0.0,0.0,0.0,0.0,0.0,5.261891554738487,0.0,25.98020853630447,74.16517056076962,6.544756405912575,39.92340194729918,18.947451815200196,0.0,5.261891554738487,4.899909730850478,5.917906046161393,38.52492973755606,48.576374959612465,47.52510539416365,29.067268645927893,18.947451815200196,0.0,22.99804733313562,0.0,53.47628469046295,11.83581209232279,17.249018913692154,37.81602062862726,0.0,0.0,63.95,5.41499046939678,5.261891554738487,0.0,5.917906046161393,11.49902366656781,49.41445283886799,5.563451491696996,28.439190165110134,30.33183534230805,37.9306444941628,18.947451815200196,21.583324082126502,0.0,2.3132679568741077,10.242105340554598,1.604647476298846,2.987343778726826,2.611084525448425,6.060729342286188,8.669128563148337,0.5185185185185185,0,0,0,0,0,6,6,13,0,0,0,2,5.093080000000005,0,0,0,0,0,0,0,0,0,0,0,0,2,0,0,0,1,0,0,0,0,0,0,0,0,0,0,0,0,0,4,0,0,0,0,0,0,0,0,0,0,4,0,0,0,0,0,0,0,0,0,0,0,0,0,0,0,0,0,0,0,0,0,18,7.003787878787879,2,2,0.0,3698.0,4,0.06439393939393939,0.19367057673509286,0.19367057673509286,0.1968755118719001,0.19367057673509286,0.14814428943613872,0.1191686364563267,0.1191686364563267,0.013883675252570052,0,0,0,0,0,2,0,0.18181818181818182,0.8181818181818182,0.12121212121212122,0.06060606060606061,0.0,0.6176470588235294,0.0,1,1,0,1,1,0,0,0,0,1,1,1,1,0,0,0,0,0,0,0,0,0,1,0,0,0,0,1,1,0,0,1,0,1,1,0,0,1,0,0,0,0,0,0,1,0,0,0,0,0,1,1,0,0,1,1,0,1,0,0,0,0,0,0,0,0,0,0,0,0,0,0,0,1,0,0,1,0,0,0,1,1,0,0,1,0,1,0,0,0,1,1,0,1,1,0,0,0,0,0,1,0,0,1,1,0,0,1,0,0,0,0,0,1,1,0,0,0,0,1,0,1,1,0,0,0,0,0,0,0,0,0,0,0,0,0,0,0,0,0,0,0,0,0,0,0,0,0,0,0,0,0,0,0,0,0,0,0,0,0,0,0,0,0,0,0,0,0,0,1,0,0,0,0,0,0,0,0,0,0,0,0,0,0,0,0,0,0,0,0,0,0,0,0,1,0,0,0,0,0,1,0,1,0,0,0,0,0,0,0,0,0,0,1,1,0,0,0,0,0,0,1,0,0,0,0,0,0,1,0,0,0,0,0,0,0,1,0,0,1,1,1,0,1,1,0,1,0,0,0,1,0,0,1,1,1,1,1,0,0,0,0,0,0,0,0,1,0,1,1,1,1,1,1,1,1,1,1,1,0,1,1,0,1,0,1,1,1,1,1,1,1,1,1,0
13.561436602418745,0.002514329805995974,-2.765435799319728,0.3306344318904273,32.0625,464.8580000000002,1.21875,2.6933088489213888,2.0310070786648944,8230700.669435634,7.040784592626308,31.266304451365713,22.840946106665523,11.384295757348628,5.783244946364939,5.907179729351506,0.0,19.28352128306594,0.0,0.0,0.0,11.600939890232516,32.648899725203606,27.995001427830374,17.70925870859326,39.91624852641899,34.83377438397007,0.0,4.899909730850478,17.56947956948497,24.16767965080596,14.09534396535438,45.187644365853245,5.749511833283905,5.733667477162185,0.0,5.749511833283905,11.600939890232516,73.64445193262142,14.383611552215466,11.835812092322787,23.651690994068304,5.022633313741326,5.759164871656176,181.61999999999998,75.47039037901891,39.91624852641899,0.0,22.570357920061326,0.0,0.0,31.127987833128078,0.0,0.0,0.0,17.3346073673947,0.0,6.1857789698604835,39.80358246133198,54.366468952679874,0.8446061147012647,-8.185958419341956,-1.704249863525657,0.0,2.969797835775469,0.38095238095238093,7,3,0,3,0,9,11,2,1,0,1,4,0.10830000000000034,0,4,3,0,0,0,0,1,0,0,0,0,1,0,1,0,1,0,0,0,0,0,0,0,0,0,0,0,3,0,0,0,0,0,0,0,0,0,2,2,0,0,0,0,0,0,0,0,0,0,0,1,0,0,0,0,0,0,0,0,0,0,0,11,4.814516129032258,4,4,0.0,2388.0,4,0.07056451612903225,0.12715053763440862,0.12715053763440862,0.122845867626337,0.1271505376344086,0.21500978240309568,0.1510637840308009,0.1510637840308009,0.01767002588485253,0,0,0,0,0,1,2,0.34375,0.65625,0.25,0.0625,0.0,0.6857142857142857,0.14285714285714285,0,0,1,0,0,0,0,1,0,0,1,1,1,1,0,0,1,0,0,1,1,0,0,0,0,0,1,0,0,0,1,0,0,1,0,0,1,1,0,1,0,0,0,0,0,1,1,0,0,1,0,0,0,1,0,0,1,0,1,1,0,1,0,1,0,0,1,1,0,0,0,1,0,0,0,0,0,0,0,0,0,1,0,1,1,0,1,0,0,0,0,0,0,0,1,0,0,0,0,0,1,0,0,0,0,1,1,0,1,1,1,0,1,1,0,1,0,0,0,0,0,0,0,1,1,1,0,0,0,0,0,0,0,0,0,0,0,0,0,0,0,0,0,0,0,0,0,0,0,0,0,0,0,0,1,0,0,0,0,0,0,0,0,0,0,0,0,0,0,0,0,0,0,0,0,0,0,0,1,0,0,1,1,0,0,0,0,0,0,0,0,0,0,0,1,0,0,0,0,0,1,0,1,0,1,0,0,0,0,0,0,0,1,1,1,1,0,1,1,1,1,1,0,1,0,1,0,1,0,1,0,1,0,1,0,1,1,0,1,0,1,1,0,0,0,1,0,0,0,0,1,0,0,0,0,1,0,0,0,1,0,1,1,0,1,0,0,1,1,0,1,1,1,1,1,0,1,1,1,1,1,0,1,0,1,1,1,1,1,1,1,1,1,1,0
9.865260895910247,0.20680909863945596,0.20680909863945596,0.8335259245753123,31.61904761904762,285.43100000000004,1.4285714285714286,2.425472638010159,1.9568456537174728,53884.30012603369,5.1696143665860355,5.106527394840706,5.749511833283905,0.0,0.0,0.0,0.0,4.899909730850478,0.0,0.0,0.0,31.562966104746007,67.82640768702122,12.586597235060536,0.0,5.106527394840706,0.0,0.0,4.899909730850478,5.917906046161393,51.99342334315925,13.08951281182515,40.97512882568197,5.749511833283905,0.0,0.0,5.749511833283905,0.0,29.1377907666643,11.83581209232279,5.917906046161393,45.2426734050825,0.0,0.0,23.47,0.0,5.106527394840706,0.0,5.41499046939678,17.70925870859326,19.510334434751158,23.12082913638927,0.0,12.13273413692322,44.73724570490846,0.0,0.0,0.0,2.648029572940287,9.865260895910247,4.420266813630361,1.0404703226433927,4.641282176450828,11.365854134608643,0.0,0.5789473684210527,1,1,1,2,0,2,2,2,0,1,1,3,3.8826000000000027,0,0,0,0,0,0,0,1,0,0,0,0,1,0,0,0,0,1,0,0,0,0,1,0,0,0,0,0,4,0,0,0,0,0,0,0,0,0,0,0,0,0,0,0,0,0,0,0,0,1,0,0,0,0,0,0,0,0,0,0,0,0,0,11,4.142857142857143,3,3,0.0,870.0,4,0.10952380952380951,0.16541353383458646,0.16541353383458646,0.13088555013413833,0.16541353383458648,0.2530444160596345,0.18428903509804578,0.18428903509804578,0.01830684302295434,0,0,0,0,0,1,1,0.09523809523809523,0.9047619047619048,0.047619047619047616,0.047619047619047616,0.0,0.6956521739130435,0.043478260869565216,0,0,0,0,0,0,0,0,0,0,1,0,0,0,0,0,0,0,0,0,0,0,0,0,0,1,0,0,1,1,1,0,0,1,0,0,1,0,0,1,0,0,0,0,1,0,1,0,0,0,0,1,0,0,1,0,0,0,0,0,1,0,0,0,0,0,1,0,1,0,0,0,1,0,1,0,0,0,0,0,1,1,1,0,1,0,1,0,0,0,0,0,1,0,1,1,0,0,0,0,1,0,1,1,0,1,0,1,1,0,0,0,0,0,0,0,0,0,1,1,0,1,1,1,0,1,1,0,0,0,0,0,0,0,0,0,0,0,0,0,0,0,0,0,0,0,0,0,0,0,0,0,0,0,0,0,0,0,0,0,0,0,0,0,0,0,0,0,0,0,0,0,0,0,0,0,0,0,1,0,0,0,0,0,0,0,0,0,0,0,0,0,0,0,1,0,0,0,0,0,0,0,1,1,1,0,0,0,0,0,0,0,0,1,1,0,0,0,0,0,0,0,0,0,0,0,1,1,1,1,0,0,0,1,0,0,1,0,0,1,1,1,0,1,1,0,1,0,0,1,1,0,0,0,0,1,1,1,0,0,0,0,0,0,0,1,1,1,0,1,0,1,1,1,0,1,1,1,1,0,1,1,0,1,1,1,1,0,1,1,1,1,1,1,0
11.909098639455783,0.13847505668934312,-3.614398148148148,0.8173307365183631,11.352941176470589,270.339,1.2352941176470589,2.6349060156658664,2.2767262836744524,7651.767069493676,4.3015232176290885,5.733667477162185,5.007623696852765,0.0,5.131558479839333,10.023291153407584,0.0,4.722094864452088,8.417796984328938,0.0,10.197363616602075,11.336785877934737,31.18920547353706,5.687386274683562,4.895483475517775,8.417796984328938,32.17902178586522,0.0,10.197363616602075,0.0,11.819220675208399,10.455762341614273,29.273091970699205,0.0,10.455762341614273,10.818944754522896,0.0,11.336785877934737,18.615160600931013,10.023291153407584,6.923737199690624,5.007623696852765,0.0,0.0,97.97,10.023291153407584,8.417796984328938,0.0,10.027041955357108,10.695009971536328,0.0,35.60225415178118,6.923737199690624,0.0,14.919458481054164,5.733667477162185,26.169344293272864,1.175233029940371,0.13847505668934312,8.371540585369951,6.000254176522665,0.0,0.0,1.7486921628155394,-3.614398148148148,0.1111111111111111,3,0,0,0,1,6,8,3,0,0,0,2,1.2295199999999997,0,0,0,1,0,2,0,0,0,0,0,0,2,1,1,0,0,0,0,0,0,0,0,0,2,1,0,0,0,0,0,0,0,0,0,0,0,0,0,0,0,0,0,0,0,0,0,0,0,0,0,0,0,0,0,1,0,0,0,0,0,0,0,10,3.9338235294117645,2,2,0.0,535.0,4,0.1323529411764706,0.19558823529411765,0.19558823529411765,0.2015588280596542,0.19558823529411765,0.2642130292855322,0.22192959973971818,0.22192959973971818,0.018643817973161832,0,0,0,0,1,2,0,0.47058823529411764,0.5294117647058824,0.11764705882352941,0.23529411764705882,0.11764705882352941,0.2777777777777778,0.1111111111111111,1,1,0,0,1,0,0,0,0,1,1,0,1,0,0,0,1,0,0,1,0,0,0,0,0,1,0,0,0,0,0,0,1,1,1,1,0,0,0,0,0,0,0,0,0,0,0,0,0,1,0,0,0,0,0,0,0,0,1,0,0,1,0,1,0,0,0,0,1,0,0,0,0,0,0,1,0,0,0,0,0,1,0,0,0,0,1,0,0,0,0,0,0,0,1,0,0,0,0,0,1,0,1,0,0,0,0,0,0,0,0,0,0,0,0,1,0,0,1,0,1,0,1,1,0,0,0,0,0,0,0,0,0,0,0,0,0,0,0,0,0,0,0,0,0,0,0,0,0,0,0,0,0,0,0,0,0,0,0,0,1,1,0,0,1,0,0,0,0,0,0,0,0,0,0,1,0,0,0,1,1,0,0,1,0,0,1,1,1,1,0,0,1,1,0,1,0,1,0,0,0,1,0,0,0,1,0,1,1,1,0,1,1,0,0,0,1,0,0,0,0,0,1,0,1,1,0,0,0,0,1,0,0,0,1,0,0,0,0,0,1,0,0,0,0,1,0,0,1,1,0,0,1,1,0,0,0,0,1,1,0,1,0,1,1,1,0,0,0,0,1,0,0,0,0,0,1,0,0,1,0,0,0,0,1,0,1,1,1,1,1,1,1,1,0
13.655534832793407,0.14545533107131225,-1.0364096252383892,0.8279102305740682,16.24,356.41800000000006,1.2,2.799410528882768,2.0864588896211838,426585.37403327174,6.86090076898431,9.65927726853107,12.0729900245573,4.895483475517775,0.0,0.0,5.969305287951849,4.794537184071822,4.39041504767482,0.0,0.0,6.06636706846161,93.98348225597826,0.0,6.4208216229260096,18.844229500277713,34.36738892830955,0.0,0.0,0.0,18.24004229813441,6.255769183511404,70.54524932543742,0.0,0.0,4.39041504767482,0.0,0.0,21.884351739994322,15.97039165745711,5.817220841045895,30.034913297707618,0.0,17.222229166972415,60.36,17.145159761337137,13.737702105437005,0.0,12.238042463971905,11.136556021766264,27.168595519050303,12.13273413692322,24.454870388896232,25.132491443447723,0.0,5.106527394840706,25.147176880286825,-1.0364096252383892,11.930884476689922,9.168852794701323,4.743911022227822,-1.327725827296533,3.427540703598396,1.8586115485288766,0.0,0.15,1,1,0,1,0,2,5,4,0,0,0,3,4.365500000000003,1,0,0,0,0,0,0,0,1,0,0,0,0,0,0,0,0,0,0,0,0,0,2,0,0,0,0,0,1,0,0,0,0,0,0,0,0,0,0,0,0,0,0,0,0,0,0,0,0,0,0,0,0,0,0,0,0,0,0,0,0,0,0,12,5.056666666666667,3,3,0.0,1517.0,3,0.09,0.1763768115942029,0.1763768115942029,0.15249696558180173,0.1763768115942029,0.20701768515979369,0.1571157962808135,0.1571157962808135,0.01539576762118261,0,0,0,0,1,2,0,0.2,0.8,0.12,0.0,0.04,0.4444444444444444,0.1111111111111111,1,1,1,0,0,1,1,0,1,0,1,0,0,0,0,0,0,0,1,0,0,0,0,0,0,1,0,0,0,0,0,0,0,1,1,0,1,0,0,1,1,0,0,1,0,1,0,0,0,0,0,0,0,0,1,0,0,0,1,1,0,0,0,0,0,0,0,0,1,1,1,0,0,1,1,1,0,0,0,1,1,1,0,0,0,0,1,0,0,0,0,0,0,0,1,0,1,0,0,0,1,0,0,0,0,0,1,1,0,1,0,0,0,1,0,0,0,0,0,0,0,0,0,0,0,1,0,0,0,0,0,0,0,0,0,0,0,0,0,0,0,0,0,0,0,0,0,0,0,0,0,0,0,0,0,0,0,0,0,0,0,0,0,0,0,0,0,0,1,0,1,0,0,0,0,0,0,1,1,1,0,0,0,0,0,0,0,1,0,1,0,0,1,0,0,1,0,0,0,0,0,0,0,0,1,0,0,0,0,1,0,0,0,0,0,1,1,0,0,0,0,1,0,0,1,0,0,1,0,1,1,0,1,1,0,1,0,0,0,0,0,0,0,0,1,0,0,0,0,0,0,1,1,1,0,0,0,0,0,0,1,0,1,0,0,0,0,1,0,0,0,0,1,1,1,0,1,1,1,0,0,0,1,1,0,1,0,1,1,0,1,1,1,1,0
13.965976060550975,0.007773532097715696,-0.6511855500349819,0.3671828919918632,19.694444444444443,495.6390000000002,1.25,3.253472605834003,1.4418032166245467,118770259.11859569,11.522964457234897,19.357614159397784,23.849558114542425,0.0,0.0,0.0,5.969305287951849,0.0,14.16893075269385,0.0,0.0,32.046575604766076,74.16517056076961,32.41410323920352,11.033401435232523,18.65867813934674,17.002706723184374,0.0,14.867866772744893,5.917906046161393,57.47053937115636,33.85386430029279,65.23309780167108,0.0,0.0,4.39041504767482,0.0,0.0,60.29208717197322,27.109906337523938,11.735126887207288,55.97915279571458,0.0,11.033401435232523,67.45,5.601050810983688,9.184952231746642,0.0,30.229220185833448,19.26246486877803,53.9158649743036,13.176164609739143,6.06636706846161,30.33183534230805,35.76301315480333,9.473725907600098,25.275104198388547,0.0,23.04016763263936,0.0,3.526989511368796,0.6583146727541431,3.9238357450535197,5.9323105311359425,3.613530320380103,0.5172413793103449,1,1,0,1,1,5,7,11,0,0,0,4,5.270900000000005,0,0,0,0,0,2,1,0,0,0,0,0,2,1,0,0,0,0,0,0,0,0,0,0,0,2,0,0,2,1,2,0,0,0,0,1,0,0,0,0,0,1,0,0,0,0,0,2,0,0,0,0,0,0,0,0,0,0,0,0,0,0,0,17,6.942857142857143,4,4,0.0,4374.0,4,0.06190476190476191,0.17478991596638652,0.17478991596638652,0.18114465709102642,0.17478991596638652,0.15034810846112806,0.11465418677332839,0.11465418677332839,0.012078540707698125,0,0,0,0,1,3,0,0.19444444444444445,0.8055555555555556,0.08333333333333333,0.08333333333333333,0.0,0.5641025641025641,0.02564102564102564,0,1,1,1,1,0,1,0,1,0,1,1,0,1,0,1,0,0,0,0,0,0,1,1,0,1,0,1,0,1,1,1,0,1,0,0,1,1,1,1,0,0,0,1,1,0,0,1,0,0,0,0,0,0,1,1,0,1,0,1,0,0,0,1,1,0,0,0,0,0,0,0,1,1,1,0,0,0,1,1,1,1,0,1,1,0,1,1,0,0,1,1,0,1,0,1,0,0,0,0,1,0,0,0,0,0,1,1,0,1,0,0,0,1,0,0,0,0,0,1,0,0,1,1,1,1,0,0,0,0,0,0,0,0,0,0,0,0,0,0,0,0,0,0,0,0,0,0,0,0,0,0,0,0,0,0,0,0,0,0,0,0,0,0,0,0,1,0,0,0,1,0,0,0,0,0,0,0,0,0,0,0,0,0,0,0,0,0,0,0,0,0,0,1,1,0,0,0,0,0,1,0,1,0,0,1,0,1,0,0,0,1,0,1,1,1,0,0,1,1,0,1,0,0,1,1,0,0,1,1,0,0,1,1,0,1,1,1,0,1,1,0,0,1,1,0,1,0,1,1,1,1,0,1,1,1,1,1,0,0,1,0,1,0,0,1,1,0,0,1,1,1,1,1,1,1,1,1,1,1,1,1,1,1,1,1,1,1,1,1,1,1,1,1,0
11.442129157218442,0.057224033131771046,-0.4313057445200299,0.7038615838122526,25.666666666666668,229.261,1.8,2.656999263425458,2.2042997522549417,3818.107941542383,4.213446893102682,15.577057825802939,17.481762320138984,0.0,0.0,0.0,5.689743398203474,4.567099647791355,4.794537184071822,4.9839785209472085,11.761884949391115,0.0,6.06636706846161,11.949697178359866,6.606881964512918,9.843390348640755,17.57974772722614,0.0,9.551078168738563,0.0,11.663899542303952,18.09340304842189,22.74749122234998,0.0,11.423410875365658,5.817862777835028,0.0,11.761884949391115,32.453339506408064,4.736862953800049,0.0,6.22790117073487,0.0,0.0,90.36999999999999,5.689743398203474,4.794537184071822,0.0,24.088644284651902,5.752853606746789,0.0,16.32898459718247,12.263210640074686,0.0,4.9839785209472085,15.577057825802939,6.786462585034014,1.467232379062736,15.044570105820105,8.87527893256068,4.6734825365331325,0.816764954438566,1.1834136432350713,-0.057224033131771046,0.0,0.5,3,0,1,1,1,7,7,2,0,1,1,2,-0.5941000000000001,0,1,1,1,0,2,0,0,0,0,0,0,2,0,1,0,0,0,0,0,0,0,0,0,1,0,0,0,0,0,1,0,0,0,0,0,0,0,0,0,0,0,0,0,0,0,0,0,0,0,0,0,0,0,1,0,0,0,0,0,0,0,0,9,3.5142857142857142,2,2,0.0,369.0,3,0.15238095238095237,0.1934065934065934,0.1934065934065934,0.17496585367925166,0.1934065934065934,0.29620591154117376,0.23789947512252466,0.23789947512252466,0.018223521115987996,0,0,0,0,1,1,1,0.4666666666666667,0.5333333333333333,0.2,0.2,0.06666666666666667,0.5625,0.0625,0,1,0,1,1,0,0,0,0,0,1,0,0,0,0,0,1,0,0,1,0,0,0,0,0,0,0,0,0,1,1,0,0,0,0,1,1,0,0,1,1,0,0,0,0,0,0,0,0,1,0,0,0,1,1,0,0,0,1,0,0,0,1,1,0,1,0,0,0,0,0,0,0,0,0,0,0,1,0,0,1,1,0,0,0,0,1,0,0,0,0,0,0,0,1,1,0,1,0,0,1,1,1,0,0,0,0,0,1,0,0,0,0,0,1,0,0,0,0,0,0,0,1,1,0,0,0,1,0,0,0,0,0,0,0,0,0,0,0,0,0,0,0,0,0,0,0,0,0,0,0,0,0,0,0,0,0,0,0,0,0,0,0,0,1,1,1,0,0,0,0,0,0,0,0,0,0,0,0,0,0,0,0,0,0,1,0,0,0,0,1,0,0,1,0,0,0,0,0,0,1,0,0,1,0,1,0,0,1,1,1,1,1,1,0,0,1,1,0,1,1,0,0,0,1,1,1,0,0,0,0,0,0,0,1,0,0,1,1,1,0,1,0,0,0,1,0,0,1,1,1,0,0,0,0,1,1,1,0,1,1,1,0,1,0,1,1,1,0,0,1,1,1,0,1,0,1,0,1,1,0,1,1,1,1,1,1,1,0,1,1,1,1,1,0
13.13269565696649,0.1519838120433359,-0.7632884542705967,0.7349748054075844,24.875,247.25099999999998,1.8125,2.7144989063186875,2.2806743088881563,5760.166679208255,4.39854613917551,15.577057825802939,11.663899542303952,11.635083618880923,0.0,0.0,5.689743398203474,4.567099647791355,9.184952231746642,4.9839785209472085,11.761884949391115,0.0,0.0,5.752853606746789,12.803725536125995,14.233805396315574,17.57974772722614,0.0,9.551078168738563,0.0,11.663899542303952,18.09340304842189,22.498344994934268,0.0,11.423410875365658,10.208277825509848,0.0,11.761884949391115,32.453339506408064,4.736862953800049,5.817220841045895,6.22790117073487,0.0,0.0,90.37,28.988726559388347,9.184952231746642,0.0,6.606881964512918,5.752853606746789,10.763943219404432,11.761884949391115,0.0,0.0,4.9839785209472085,15.577057825802939,19.469528612370873,1.3506412981859408,14.754662698412698,8.855795907869322,4.10122441106072,-0.7341160924246233,0.35424697656840487,-0.1519838120433359,0.0,0.5,3,0,1,1,1,7,8,2,0,1,1,2,-0.4550000000000003,0,1,1,1,0,2,0,0,0,0,0,0,2,0,1,0,0,0,0,0,0,0,0,0,1,0,0,0,0,0,1,0,0,0,0,0,0,0,0,0,0,0,0,0,0,0,0,0,0,0,0,0,0,0,1,0,0,0,0,0,0,0,0,9,3.6083333333333334,2,2,0.0,433.0,3,0.14166666666666666,0.1863095238095238,0.1863095238095238,0.17236742744889905,0.1863095238095238,0.28827328773618294,0.22958168835848286,0.22958168835848286,0.019162101514517395,0,0,0,0,1,1,1,0.5,0.5,0.1875,0.1875,0.0625,0.5882352941176471,0.058823529411764705,0,1,0,1,1,0,0,0,1,0,1,0,0,0,0,0,1,0,0,1,0,0,0,0,0,0,0,0,0,1,1,0,0,0,0,1,1,0,0,1,0,0,0,0,0,0,0,0,1,1,0,1,0,1,1,0,0,1,1,1,0,0,0,1,0,1,0,0,0,0,1,0,0,0,0,0,0,0,0,0,1,1,0,0,0,0,0,0,0,0,0,0,0,1,1,1,0,1,0,0,1,0,1,0,1,0,0,0,1,0,0,0,0,0,0,0,0,0,0,0,0,0,1,1,0,0,0,1,0,0,0,0,0,0,0,0,0,0,0,0,0,0,0,0,0,0,0,0,0,0,0,0,0,0,0,0,0,0,0,0,0,0,0,0,1,1,1,0,0,0,1,0,0,0,0,0,0,0,0,0,0,0,0,0,0,1,0,0,0,0,1,0,0,1,0,0,0,0,0,0,1,0,0,1,0,1,0,0,1,1,1,1,1,1,0,1,1,1,0,1,1,0,0,0,1,1,1,0,0,0,0,0,0,0,1,1,0,1,1,1,0,1,0,0,0,1,0,0,1,1,1,0,0,0,0,1,1,1,0,1,1,1,1,1,0,1,1,1,0,0,1,1,1,0,1,0,1,0,1,1,0,1,1,1,1,1,1,1,0,1,1,1,1,1,0
13.370045223935916,0.009392785336923781,-0.5593769620898044,0.13931677804751477,12.4375,444.4880000000002,0.5625,2.784506956293907,1.9686005898708743,13585988.132704029,10.913934593851804,41.69326399538814,11.49902366656781,0.0,11.566489892729878,0.0,0.0,9.589074368143644,0.0,0.0,0.0,0.0,24.26546827384644,50.64331098484257,35.467569895813824,30.015183947506465,22.941262442097003,0.0,10.633577208012662,0.0,0.0,63.11587957251394,46.519274240634424,11.49902366656781,21.267154416025324,11.374772549367124,11.49902366656781,0.0,84.474901836594,0.0,0.0,31.842880334931625,0.0,0.0,163.17999999999998,11.566489892729878,19.802129157825057,0.0,46.966593562381625,50.64331098484257,0.0,12.13273413692322,12.13273413692322,0.0,21.267154416025324,10.213054789681411,0.0,0.0,26.74009044787183,50.56011099839934,0.6779451228251743,-1.8614794913947135,0.0,2.808806643564221,0.0,0.36363636363636365,8,1,0,1,0,10,10,12,0,0,0,3,-0.13919999999999944,0,2,2,0,0,0,0,2,0,0,0,0,0,4,0,0,0,0,0,0,0,0,0,0,2,0,0,0,2,0,0,0,0,0,0,0,0,0,2,0,0,0,0,0,0,0,0,0,0,0,0,0,0,0,0,0,0,0,0,0,0,6,0,17,6.040322580645161,3,3,0.0,2996.0,3,0.06854838709677419,0.16801075268817203,0.16801075268817203,0.13247534385785845,0.16801075268817206,0.17644187733442956,0.1328957904050292,0.1328957904050292,0.01324262681865369,0,0,0,0,0,2,0,0.3125,0.6875,0.1875,0.125,0.0,0.5882352941176471,0.058823529411764705,1,1,0,1,0,0,0,0,1,0,1,0,0,0,0,0,0,0,0,0,0,0,0,0,0,0,1,1,0,0,0,0,0,0,0,0,0,0,0,1,0,0,1,0,0,0,0,0,0,0,0,0,0,1,0,0,0,0,1,0,0,0,0,1,1,0,1,1,1,0,0,1,1,0,0,1,0,0,0,0,1,1,0,1,0,0,1,0,0,1,0,0,0,0,1,0,0,0,0,0,1,0,0,0,0,0,0,0,1,1,0,0,0,0,0,0,0,0,0,0,0,0,0,0,0,0,1,0,0,0,0,0,0,0,0,0,0,0,0,0,0,0,0,0,0,0,0,0,0,0,0,0,0,0,0,0,0,0,0,0,0,0,0,0,0,0,0,0,0,0,0,0,0,0,0,0,0,0,0,0,0,0,1,0,0,0,0,0,0,0,0,0,0,0,0,0,0,0,0,0,0,0,0,0,0,0,0,1,0,0,1,0,0,0,1,0,0,1,0,1,0,0,0,1,0,1,0,0,1,1,0,0,1,1,0,0,0,1,0,1,0,1,0,0,0,0,1,0,0,0,0,0,0,1,0,1,1,1,0,1,1,1,0,1,1,0,1,1,1,0,1,1,1,1,1,1,0,0,0,1,1,1,1,1,1,1,1,1,0,1,1,1,1,1,0
14.391162316654864,0.16181102094518507,-1.188711570767778,0.1866995587423804,43.45614035087719,813.9790000000002,0.7017543859649122,3.907729784959882,1.8153852994771855,1091762429768.9506,19.55546291132394,52.268539268850965,18.31189916324491,36.17228199151566,0.0,0.0,23.877221151807397,23.97268592035911,0.0,0.0,0.0,27.694948798762496,60.54984205613029,46.1376428555982,48.900400436976874,71.3413154583596,29.660466098172336,0.0,4.899909730850478,29.589530230806965,174.58221665391173,27.812023471144833,0.0,0.0,0.0,0.0,0.0,0.0,141.5310418887044,71.3413154583596,29.589530230806965,95.42357406537488,0.0,0.0,184.18999999999997,120.47958675425488,23.97268592035911,0.0,37.37757737362614,6.4208216229260096,0.0,27.881009140349406,34.61868599845312,39.76646529527673,0.0,47.36862953800049,61.500003136974584,0.0,67.4174271388834,0.0,-1.188711570767778,-5.691503507833667,-7.351379628346451,18.49738224423375,5.313808586763095,0.8780487804878049,0,0,4,4,0,16,16,9,0,4,4,4,3.620900000000008,0,0,0,0,0,0,0,0,0,0,0,0,1,0,0,0,1,0,0,0,0,0,0,0,0,0,0,0,0,4,10,0,0,0,0,0,0,0,1,1,1,1,0,0,0,0,0,0,0,0,0,0,0,0,0,0,0,0,0,0,0,0,0,17,7.68859649122807,4,4,0.03801169590643275,12271.0,4,0.03759398496240601,0.12161084529505582,0.12161084529505582,0.13677623430658717,0.12161084529505582,0.1350257788646988,0.08402529356233286,0.08402529356233286,0.011635460913388178,0,0,1,0,0,0,4,0.2807017543859649,0.7192982456140351,0.2631578947368421,0.017543859649122806,0.0,0.9166666666666666,0.08333333333333333,0,1,0,0,0,0,0,0,1,1,1,1,1,0,0,1,1,0,0,0,0,0,0,0,1,0,0,1,0,1,1,0,0,1,0,0,1,0,0,1,1,1,0,1,1,1,1,1,1,0,0,0,1,1,1,1,0,0,1,0,1,1,0,0,0,0,0,1,1,0,0,0,1,1,0,0,0,0,1,0,0,0,1,1,0,0,0,0,0,0,0,1,0,1,0,0,0,0,0,1,1,1,1,0,0,0,0,0,0,0,1,0,1,1,0,1,0,0,1,0,0,1,0,1,0,1,0,0,0,0,0,0,0,0,0,0,0,0,0,0,0,0,0,0,1,0,0,0,0,0,1,0,0,0,0,0,0,0,0,0,0,0,0,0,0,0,0,0,0,0,0,0,0,0,0,0,0,0,0,0,0,0,0,0,0,1,0,0,0,0,0,0,0,0,1,0,0,0,0,0,1,0,1,0,0,0,0,0,0,0,0,0,0,1,1,0,0,1,0,0,0,1,0,1,0,1,1,0,0,1,0,0,0,1,0,0,1,1,0,1,1,0,0,1,1,0,0,0,1,0,1,1,0,0,1,1,0,1,0,0,1,1,0,0,1,1,0,0,1,1,0,1,0,1,1,0,1,1,1,0,1,1,1,0,1,1,1,1,1,1,0,1,1,1,0
